
 /----------------------------------------------------------------------------\
 |  yosys -- Yosys Open SYnthesis Suite                                       |
 |  Copyright (C) 2012 - 2025  Claire Xenia Wolf <claire@yosyshq.com>         |
 |  Distributed under an ISC-like license, type "license" to see terms        |
 \----------------------------------------------------------------------------/
 Yosys 0.60+64 (git sha1 e3af261e1-dirty, clang++ 17.0.0 -fPIC -O3)

-- Running command `
        read_verilog -icells techlibs/yoyo/cells_sim.v
        read_verilog test_output_epfl/arbiter_lut6d_mapped.v
        hierarchy -check -auto-top
        flatten
        techmap
        opt
        aigmap
        write_aiger test_output_epfl/arbiter_lut6d_gate_cec.aig
    ' --

1. Executing Verilog-2005 frontend: techlibs/yoyo/cells_sim.v
Parsing Verilog input from `techlibs/yoyo/cells_sim.v' to AST representation.
verilog frontend filename techlibs/yoyo/cells_sim.v
Generating RTLIL representation for module `\GTP_LUT1'.
Generating RTLIL representation for module `\GTP_LUT2'.
Generating RTLIL representation for module `\GTP_LUT3'.
Generating RTLIL representation for module `\GTP_LUT4'.
Generating RTLIL representation for module `\GTP_LUT5'.
Generating RTLIL representation for module `\GTP_LUT6'.
Generating RTLIL representation for module `\GTP_LUT6D'.
Generating RTLIL representation for module `\GTP_LUT5D'.
Generating RTLIL representation for module `\GTP_LUT4D'.
Successfully finished Verilog frontend.

2. Executing Verilog-2005 frontend: test_output_epfl/arbiter_lut6d_mapped.v
Parsing Verilog input from `test_output_epfl/arbiter_lut6d_mapped.v' to AST representation.
verilog frontend filename test_output_epfl/arbiter_lut6d_mapped.v
Generating RTLIL representation for module `\/Users/yoyowang/Desktop/benchmark/arbiter.aig'.
Successfully finished Verilog frontend.

3. Executing HIERARCHY pass (managing design hierarchy).
Attribute `top' found on module `/Users/yoyowang/Desktop/benchmark/arbiter.aig'. Setting top module to /Users/yoyowang/Desktop/benchmark/arbiter.aig.

3.1. Analyzing design hierarchy..
Top module:  \/Users/yoyowang/Desktop/benchmark/arbiter.aig
Used module:     \GTP_LUT5
Used module:     \GTP_LUT6
Used module:     \GTP_LUT4
Used module:     \GTP_LUT6D
Used module:     \GTP_LUT5D
Used module:     \GTP_LUT4D
Parameter \INIT = 32'10001010000010101000101010001010

3.2. Executing AST frontend in derive mode using pre-parsed AST for module `\GTP_LUT5'.
Parameter \INIT = 32'10001010000010101000101010001010
Generating RTLIL representation for module `$paramod\GTP_LUT5\INIT=32'10001010000010101000101010001010'.
Parameter \INIT = 64'0000101010001010000010101000101010001010100010100000101010001010

3.3. Executing AST frontend in derive mode using pre-parsed AST for module `\GTP_LUT6'.
Parameter \INIT = 64'0000101010001010000010101000101010001010100010100000101010001010
Generating RTLIL representation for module `$paramod$bf6a843f8e065b2db715682f73d9ceea17637ca1\GTP_LUT6'.
Parameter \INIT = 64'0000101010001010000010101000101010001010100010100000101010001010
Found cached RTLIL representation for module `$paramod$bf6a843f8e065b2db715682f73d9ceea17637ca1\GTP_LUT6'.
Parameter \INIT = 64'0000101010001010000010101000101010001010100010100000101010001010
Found cached RTLIL representation for module `$paramod$bf6a843f8e065b2db715682f73d9ceea17637ca1\GTP_LUT6'.
Parameter \INIT = 64'0000101010001010000010101000101010001010100010100000101010001010
Found cached RTLIL representation for module `$paramod$bf6a843f8e065b2db715682f73d9ceea17637ca1\GTP_LUT6'.
Parameter \INIT = 64'0000101010001010000010101000101010001010100010100000101010001010
Found cached RTLIL representation for module `$paramod$bf6a843f8e065b2db715682f73d9ceea17637ca1\GTP_LUT6'.
Parameter \INIT = 64'0000101010001010000010101000101010001010100010100000101010001010
Found cached RTLIL representation for module `$paramod$bf6a843f8e065b2db715682f73d9ceea17637ca1\GTP_LUT6'.
Parameter \INIT = 64'0000101010001010000010101000101010001010100010100000101010001010
Found cached RTLIL representation for module `$paramod$bf6a843f8e065b2db715682f73d9ceea17637ca1\GTP_LUT6'.
Parameter \INIT = 64'0000101010001010000010101000101010001010100010100000101010001010
Found cached RTLIL representation for module `$paramod$bf6a843f8e065b2db715682f73d9ceea17637ca1\GTP_LUT6'.
Parameter \INIT = 64'0000101010001010000010101000101010001010100010100000101010001010
Found cached RTLIL representation for module `$paramod$bf6a843f8e065b2db715682f73d9ceea17637ca1\GTP_LUT6'.
Parameter \INIT = 64'0000101010001010000010101000101010001010100010100000101010001010
Found cached RTLIL representation for module `$paramod$bf6a843f8e065b2db715682f73d9ceea17637ca1\GTP_LUT6'.
Parameter \INIT = 64'0000101010001010000010101000101010001010100010100000101010001010
Found cached RTLIL representation for module `$paramod$bf6a843f8e065b2db715682f73d9ceea17637ca1\GTP_LUT6'.
Parameter \INIT = 64'0000101010001010000010101000101010001010100010100000101010001010
Found cached RTLIL representation for module `$paramod$bf6a843f8e065b2db715682f73d9ceea17637ca1\GTP_LUT6'.
Parameter \INIT = 64'0000101010001010000010101000101010001010100010100000101010001010
Found cached RTLIL representation for module `$paramod$bf6a843f8e065b2db715682f73d9ceea17637ca1\GTP_LUT6'.
Parameter \INIT = 64'0000101010001010000010101000101010001010100010100000101010001010
Found cached RTLIL representation for module `$paramod$bf6a843f8e065b2db715682f73d9ceea17637ca1\GTP_LUT6'.
Parameter \INIT = 64'0000101010001010000010101000101010001010100010100000101010001010
Found cached RTLIL representation for module `$paramod$bf6a843f8e065b2db715682f73d9ceea17637ca1\GTP_LUT6'.
Parameter \INIT = 64'0000101010001010000010101000101010001010100010100000101010001010
Found cached RTLIL representation for module `$paramod$bf6a843f8e065b2db715682f73d9ceea17637ca1\GTP_LUT6'.
Parameter \INIT = 32'10000000100010001010101010101010

3.4. Executing AST frontend in derive mode using pre-parsed AST for module `\GTP_LUT5'.
Parameter \INIT = 32'10000000100010001010101010101010
Generating RTLIL representation for module `$paramod\GTP_LUT5\INIT=32'10000000100010001010101010101010'.
Parameter \INIT = 32'10001010000010101010101000001010

3.5. Executing AST frontend in derive mode using pre-parsed AST for module `\GTP_LUT5'.
Parameter \INIT = 32'10001010000010101010101000001010
Generating RTLIL representation for module `$paramod\GTP_LUT5\INIT=32'10001010000010101010101000001010'.
Parameter \INIT = 32'10001010101010100000101000001010

3.6. Executing AST frontend in derive mode using pre-parsed AST for module `\GTP_LUT5'.
Parameter \INIT = 32'10001010101010100000101000001010
Generating RTLIL representation for module `$paramod\GTP_LUT5\INIT=32'10001010101010100000101000001010'.
Parameter \INIT = 64'0100000011001100000000000000000011111111111111110000000000000000

3.7. Executing AST frontend in derive mode using pre-parsed AST for module `\GTP_LUT6'.
Parameter \INIT = 64'0100000011001100000000000000000011111111111111110000000000000000
Generating RTLIL representation for module `$paramod$16dfd52a39c617677590f5f0bab992973886c5e2\GTP_LUT6'.
Parameter \INIT = 32'10001010101010100000000010101010

3.8. Executing AST frontend in derive mode using pre-parsed AST for module `\GTP_LUT5'.
Parameter \INIT = 32'10001010101010100000000010101010
Generating RTLIL representation for module `$paramod\GTP_LUT5\INIT=32'10001010101010100000000010101010'.
Parameter \INIT = 64'0100111100000000000011110000000011111111000000000000111100000000

3.9. Executing AST frontend in derive mode using pre-parsed AST for module `\GTP_LUT6'.
Parameter \INIT = 64'0100111100000000000011110000000011111111000000000000111100000000
Generating RTLIL representation for module `$paramod$c6d737a35aee20f2946726bf21079a9f90b8ea62\GTP_LUT6'.
Parameter \INIT = 32'10000000101010101010000010101010

3.10. Executing AST frontend in derive mode using pre-parsed AST for module `\GTP_LUT5'.
Parameter \INIT = 32'10000000101010101010000010101010
Generating RTLIL representation for module `$paramod\GTP_LUT5\INIT=32'10000000101010101010000010101010'.
Parameter \INIT = 64'0111111100110011001111110011001100000000000000000000000000000000

3.11. Executing AST frontend in derive mode using pre-parsed AST for module `\GTP_LUT6'.
Parameter \INIT = 64'0111111100110011001111110011001100000000000000000000000000000000
Generating RTLIL representation for module `$paramod$cdd18be929c34e025592f526ff52cfe29cb5e1c3\GTP_LUT6'.
Parameter \INIT = 64'0111111100110011001111110011001100000000000000000000000000000000
Found cached RTLIL representation for module `$paramod$cdd18be929c34e025592f526ff52cfe29cb5e1c3\GTP_LUT6'.
Parameter \INIT = 32'10000000101000001010101010101010

3.12. Executing AST frontend in derive mode using pre-parsed AST for module `\GTP_LUT5'.
Parameter \INIT = 32'10000000101000001010101010101010
Generating RTLIL representation for module `$paramod\GTP_LUT5\INIT=32'10000000101000001010101010101010'.
Parameter \INIT = 64'0111001100000000111111110000000000000000000000001111111100000000

3.13. Executing AST frontend in derive mode using pre-parsed AST for module `\GTP_LUT6'.
Parameter \INIT = 64'0111001100000000111111110000000000000000000000001111111100000000
Generating RTLIL representation for module `$paramod$5434a6b34cacc170b3c523e4bba8307c52788d4e\GTP_LUT6'.
Parameter \INIT = 64'0111001100000000111111110000000000000000000000001111111100000000
Found cached RTLIL representation for module `$paramod$5434a6b34cacc170b3c523e4bba8307c52788d4e\GTP_LUT6'.
Parameter \INIT = 32'10001010000010101010101000001010
Found cached RTLIL representation for module `$paramod\GTP_LUT5\INIT=32'10001010000010101010101000001010'.
Parameter \INIT = 64'0100000011001100110000001100110000000000110011001100000011001100

3.14. Executing AST frontend in derive mode using pre-parsed AST for module `\GTP_LUT6'.
Parameter \INIT = 64'0100000011001100110000001100110000000000110011001100000011001100
Generating RTLIL representation for module `$paramod$b84cf86692de66f26a9ca79913971e232e24da5f\GTP_LUT6'.
Parameter \INIT = 64'0100000011001100110000001100110000000000110011001100000011001100
Found cached RTLIL representation for module `$paramod$b84cf86692de66f26a9ca79913971e232e24da5f\GTP_LUT6'.
Parameter \INIT = 32'10001010101010100000101000001010
Found cached RTLIL representation for module `$paramod\GTP_LUT5\INIT=32'10001010101010100000101000001010'.
Parameter \INIT = 64'0100000011001100000000000000000011111111111111110000000000000000
Found cached RTLIL representation for module `$paramod$16dfd52a39c617677590f5f0bab992973886c5e2\GTP_LUT6'.
Parameter \INIT = 64'0100000011001100000000000000000011111111111111110000000000000000
Found cached RTLIL representation for module `$paramod$16dfd52a39c617677590f5f0bab992973886c5e2\GTP_LUT6'.
Parameter \INIT = 64'0100000011001100000000000000000011111111111111110000000000000000
Found cached RTLIL representation for module `$paramod$16dfd52a39c617677590f5f0bab992973886c5e2\GTP_LUT6'.
Parameter \INIT = 32'10001010101010100000000010101010
Found cached RTLIL representation for module `$paramod\GTP_LUT5\INIT=32'10001010101010100000000010101010'.
Parameter \INIT = 64'0100111100000000000011110000000011111111000000000000111100000000
Found cached RTLIL representation for module `$paramod$c6d737a35aee20f2946726bf21079a9f90b8ea62\GTP_LUT6'.
Parameter \INIT = 64'0100111100000000000011110000000011111111000000000000111100000000
Found cached RTLIL representation for module `$paramod$c6d737a35aee20f2946726bf21079a9f90b8ea62\GTP_LUT6'.
Parameter \INIT = 64'0100111100000000000011110000000011111111000000000000111100000000
Found cached RTLIL representation for module `$paramod$c6d737a35aee20f2946726bf21079a9f90b8ea62\GTP_LUT6'.
Parameter \INIT = 32'10000000101010101010000010101010
Found cached RTLIL representation for module `$paramod\GTP_LUT5\INIT=32'10000000101010101010000010101010'.
Parameter \INIT = 64'0111111100110011001111110011001100000000000000000000000000000000
Found cached RTLIL representation for module `$paramod$cdd18be929c34e025592f526ff52cfe29cb5e1c3\GTP_LUT6'.
Parameter \INIT = 64'0111111100110011001111110011001100000000000000000000000000000000
Found cached RTLIL representation for module `$paramod$cdd18be929c34e025592f526ff52cfe29cb5e1c3\GTP_LUT6'.
Parameter \INIT = 64'0111111100110011001111110011001100000000000000000000000000000000
Found cached RTLIL representation for module `$paramod$cdd18be929c34e025592f526ff52cfe29cb5e1c3\GTP_LUT6'.
Parameter \INIT = 64'0111111100110011001111110011001100000000000000000000000000000000
Found cached RTLIL representation for module `$paramod$cdd18be929c34e025592f526ff52cfe29cb5e1c3\GTP_LUT6'.
Parameter \INIT = 32'10000000101000001010101010101010
Found cached RTLIL representation for module `$paramod\GTP_LUT5\INIT=32'10000000101000001010101010101010'.
Parameter \INIT = 64'0111001100000000111111110000000000000000000000001111111100000000
Found cached RTLIL representation for module `$paramod$5434a6b34cacc170b3c523e4bba8307c52788d4e\GTP_LUT6'.
Parameter \INIT = 64'0111001100000000111111110000000000000000000000001111111100000000
Found cached RTLIL representation for module `$paramod$5434a6b34cacc170b3c523e4bba8307c52788d4e\GTP_LUT6'.
Parameter \INIT = 64'0111001100000000111111110000000000000000000000001111111100000000
Found cached RTLIL representation for module `$paramod$5434a6b34cacc170b3c523e4bba8307c52788d4e\GTP_LUT6'.
Parameter \INIT = 64'0111001100000000111111110000000000000000000000001111111100000000
Found cached RTLIL representation for module `$paramod$5434a6b34cacc170b3c523e4bba8307c52788d4e\GTP_LUT6'.
Parameter \INIT = 32'10001010000010101010101000001010
Found cached RTLIL representation for module `$paramod\GTP_LUT5\INIT=32'10001010000010101010101000001010'.
Parameter \INIT = 64'0100000011001100110000001100110000000000110011001100000011001100
Found cached RTLIL representation for module `$paramod$b84cf86692de66f26a9ca79913971e232e24da5f\GTP_LUT6'.
Parameter \INIT = 64'0100000011001100110000001100110000000000110011001100000011001100
Found cached RTLIL representation for module `$paramod$b84cf86692de66f26a9ca79913971e232e24da5f\GTP_LUT6'.
Parameter \INIT = 64'0100000011001100110000001100110000000000110011001100000011001100
Found cached RTLIL representation for module `$paramod$b84cf86692de66f26a9ca79913971e232e24da5f\GTP_LUT6'.
Parameter \INIT = 64'0100000011001100110000001100110000000000110011001100000011001100
Found cached RTLIL representation for module `$paramod$b84cf86692de66f26a9ca79913971e232e24da5f\GTP_LUT6'.
Parameter \INIT = 32'10001010101010100000101000001010
Found cached RTLIL representation for module `$paramod\GTP_LUT5\INIT=32'10001010101010100000101000001010'.
Parameter \INIT = 64'0100000011001100000000000000000011111111111111110000000000000000
Found cached RTLIL representation for module `$paramod$16dfd52a39c617677590f5f0bab992973886c5e2\GTP_LUT6'.
Parameter \INIT = 64'0100000011001100000000000000000011111111111111110000000000000000
Found cached RTLIL representation for module `$paramod$16dfd52a39c617677590f5f0bab992973886c5e2\GTP_LUT6'.
Parameter \INIT = 64'0100000011001100000000000000000011111111111111110000000000000000
Found cached RTLIL representation for module `$paramod$16dfd52a39c617677590f5f0bab992973886c5e2\GTP_LUT6'.
Parameter \INIT = 64'0100000011001100000000000000000011111111111111110000000000000000
Found cached RTLIL representation for module `$paramod$16dfd52a39c617677590f5f0bab992973886c5e2\GTP_LUT6'.
Parameter \INIT = 64'0100000011001100000000000000000011111111111111110000000000000000
Found cached RTLIL representation for module `$paramod$16dfd52a39c617677590f5f0bab992973886c5e2\GTP_LUT6'.
Parameter \INIT = 32'10001010101010100000000010101010
Found cached RTLIL representation for module `$paramod\GTP_LUT5\INIT=32'10001010101010100000000010101010'.
Parameter \INIT = 64'0100111100000000000011110000000011111111000000000000111100000000
Found cached RTLIL representation for module `$paramod$c6d737a35aee20f2946726bf21079a9f90b8ea62\GTP_LUT6'.
Parameter \INIT = 64'0100111100000000000011110000000011111111000000000000111100000000
Found cached RTLIL representation for module `$paramod$c6d737a35aee20f2946726bf21079a9f90b8ea62\GTP_LUT6'.
Parameter \INIT = 64'0100111100000000000011110000000011111111000000000000111100000000
Found cached RTLIL representation for module `$paramod$c6d737a35aee20f2946726bf21079a9f90b8ea62\GTP_LUT6'.
Parameter \INIT = 64'0100111100000000000011110000000011111111000000000000111100000000
Found cached RTLIL representation for module `$paramod$c6d737a35aee20f2946726bf21079a9f90b8ea62\GTP_LUT6'.
Parameter \INIT = 64'0100111100000000000011110000000011111111000000000000111100000000
Found cached RTLIL representation for module `$paramod$c6d737a35aee20f2946726bf21079a9f90b8ea62\GTP_LUT6'.
Parameter \INIT = 32'10000000101010101010000010101010
Found cached RTLIL representation for module `$paramod\GTP_LUT5\INIT=32'10000000101010101010000010101010'.
Parameter \INIT = 64'0111111100110011001111110011001100000000000000000000000000000000
Found cached RTLIL representation for module `$paramod$cdd18be929c34e025592f526ff52cfe29cb5e1c3\GTP_LUT6'.
Parameter \INIT = 64'0111111100110011001111110011001100000000000000000000000000000000
Found cached RTLIL representation for module `$paramod$cdd18be929c34e025592f526ff52cfe29cb5e1c3\GTP_LUT6'.
Parameter \INIT = 64'0111111100110011001111110011001100000000000000000000000000000000
Found cached RTLIL representation for module `$paramod$cdd18be929c34e025592f526ff52cfe29cb5e1c3\GTP_LUT6'.
Parameter \INIT = 64'0111111100110011001111110011001100000000000000000000000000000000
Found cached RTLIL representation for module `$paramod$cdd18be929c34e025592f526ff52cfe29cb5e1c3\GTP_LUT6'.
Parameter \INIT = 64'0111111100110011001111110011001100000000000000000000000000000000
Found cached RTLIL representation for module `$paramod$cdd18be929c34e025592f526ff52cfe29cb5e1c3\GTP_LUT6'.
Parameter \INIT = 64'0111111100110011001111110011001100000000000000000000000000000000
Found cached RTLIL representation for module `$paramod$cdd18be929c34e025592f526ff52cfe29cb5e1c3\GTP_LUT6'.
Parameter \INIT = 32'10000000101000001010101010101010
Found cached RTLIL representation for module `$paramod\GTP_LUT5\INIT=32'10000000101000001010101010101010'.
Parameter \INIT = 64'0111001100000000111111110000000000000000000000001111111100000000
Found cached RTLIL representation for module `$paramod$5434a6b34cacc170b3c523e4bba8307c52788d4e\GTP_LUT6'.
Parameter \INIT = 64'0111001100000000111111110000000000000000000000001111111100000000
Found cached RTLIL representation for module `$paramod$5434a6b34cacc170b3c523e4bba8307c52788d4e\GTP_LUT6'.
Parameter \INIT = 64'0111001100000000111111110000000000000000000000001111111100000000
Found cached RTLIL representation for module `$paramod$5434a6b34cacc170b3c523e4bba8307c52788d4e\GTP_LUT6'.
Parameter \INIT = 64'0111001100000000111111110000000000000000000000001111111100000000
Found cached RTLIL representation for module `$paramod$5434a6b34cacc170b3c523e4bba8307c52788d4e\GTP_LUT6'.
Parameter \INIT = 64'0111001100000000111111110000000000000000000000001111111100000000
Found cached RTLIL representation for module `$paramod$5434a6b34cacc170b3c523e4bba8307c52788d4e\GTP_LUT6'.
Parameter \INIT = 64'0111001100000000111111110000000000000000000000001111111100000000
Found cached RTLIL representation for module `$paramod$5434a6b34cacc170b3c523e4bba8307c52788d4e\GTP_LUT6'.
Parameter \INIT = 32'10001010000010101010101000001010
Found cached RTLIL representation for module `$paramod\GTP_LUT5\INIT=32'10001010000010101010101000001010'.
Parameter \INIT = 64'0100000011001100110000001100110000000000110011001100000011001100
Found cached RTLIL representation for module `$paramod$b84cf86692de66f26a9ca79913971e232e24da5f\GTP_LUT6'.
Parameter \INIT = 64'0100000011001100110000001100110000000000110011001100000011001100
Found cached RTLIL representation for module `$paramod$b84cf86692de66f26a9ca79913971e232e24da5f\GTP_LUT6'.
Parameter \INIT = 64'0100000011001100110000001100110000000000110011001100000011001100
Found cached RTLIL representation for module `$paramod$b84cf86692de66f26a9ca79913971e232e24da5f\GTP_LUT6'.
Parameter \INIT = 64'0100000011001100110000001100110000000000110011001100000011001100
Found cached RTLIL representation for module `$paramod$b84cf86692de66f26a9ca79913971e232e24da5f\GTP_LUT6'.
Parameter \INIT = 64'0100000011001100110000001100110000000000110011001100000011001100
Found cached RTLIL representation for module `$paramod$b84cf86692de66f26a9ca79913971e232e24da5f\GTP_LUT6'.
Parameter \INIT = 64'0100000011001100110000001100110000000000110011001100000011001100
Found cached RTLIL representation for module `$paramod$b84cf86692de66f26a9ca79913971e232e24da5f\GTP_LUT6'.
Parameter \INIT = 32'10001010101010100000101000001010
Found cached RTLIL representation for module `$paramod\GTP_LUT5\INIT=32'10001010101010100000101000001010'.
Parameter \INIT = 64'0100000011001100000000000000000011111111111111110000000000000000
Found cached RTLIL representation for module `$paramod$16dfd52a39c617677590f5f0bab992973886c5e2\GTP_LUT6'.
Parameter \INIT = 64'0100000011001100000000000000000011111111111111110000000000000000
Found cached RTLIL representation for module `$paramod$16dfd52a39c617677590f5f0bab992973886c5e2\GTP_LUT6'.
Parameter \INIT = 64'0100000011001100000000000000000011111111111111110000000000000000
Found cached RTLIL representation for module `$paramod$16dfd52a39c617677590f5f0bab992973886c5e2\GTP_LUT6'.
Parameter \INIT = 64'0100000011001100000000000000000011111111111111110000000000000000
Found cached RTLIL representation for module `$paramod$16dfd52a39c617677590f5f0bab992973886c5e2\GTP_LUT6'.
Parameter \INIT = 64'0100000011001100000000000000000011111111111111110000000000000000
Found cached RTLIL representation for module `$paramod$16dfd52a39c617677590f5f0bab992973886c5e2\GTP_LUT6'.
Parameter \INIT = 64'0100000011001100000000000000000011111111111111110000000000000000
Found cached RTLIL representation for module `$paramod$16dfd52a39c617677590f5f0bab992973886c5e2\GTP_LUT6'.
Parameter \INIT = 64'0100000011001100000000000000000011111111111111110000000000000000
Found cached RTLIL representation for module `$paramod$16dfd52a39c617677590f5f0bab992973886c5e2\GTP_LUT6'.
Parameter \INIT = 32'10001010101010100000000010101010
Found cached RTLIL representation for module `$paramod\GTP_LUT5\INIT=32'10001010101010100000000010101010'.
Parameter \INIT = 64'0100111100000000000011110000000011111111000000000000111100000000
Found cached RTLIL representation for module `$paramod$c6d737a35aee20f2946726bf21079a9f90b8ea62\GTP_LUT6'.
Parameter \INIT = 64'0100111100000000000011110000000011111111000000000000111100000000
Found cached RTLIL representation for module `$paramod$c6d737a35aee20f2946726bf21079a9f90b8ea62\GTP_LUT6'.
Parameter \INIT = 64'0100111100000000000011110000000011111111000000000000111100000000
Found cached RTLIL representation for module `$paramod$c6d737a35aee20f2946726bf21079a9f90b8ea62\GTP_LUT6'.
Parameter \INIT = 64'0100111100000000000011110000000011111111000000000000111100000000
Found cached RTLIL representation for module `$paramod$c6d737a35aee20f2946726bf21079a9f90b8ea62\GTP_LUT6'.
Parameter \INIT = 64'0100111100000000000011110000000011111111000000000000111100000000
Found cached RTLIL representation for module `$paramod$c6d737a35aee20f2946726bf21079a9f90b8ea62\GTP_LUT6'.
Parameter \INIT = 64'0100111100000000000011110000000011111111000000000000111100000000
Found cached RTLIL representation for module `$paramod$c6d737a35aee20f2946726bf21079a9f90b8ea62\GTP_LUT6'.
Parameter \INIT = 64'0100111100000000000011110000000011111111000000000000111100000000
Found cached RTLIL representation for module `$paramod$c6d737a35aee20f2946726bf21079a9f90b8ea62\GTP_LUT6'.
Parameter \INIT = 32'10000000101010101010000010101010
Found cached RTLIL representation for module `$paramod\GTP_LUT5\INIT=32'10000000101010101010000010101010'.
Parameter \INIT = 64'0111111100110011001111110011001100000000000000000000000000000000
Found cached RTLIL representation for module `$paramod$cdd18be929c34e025592f526ff52cfe29cb5e1c3\GTP_LUT6'.
Parameter \INIT = 64'0111111100110011001111110011001100000000000000000000000000000000
Found cached RTLIL representation for module `$paramod$cdd18be929c34e025592f526ff52cfe29cb5e1c3\GTP_LUT6'.
Parameter \INIT = 64'0111111100110011001111110011001100000000000000000000000000000000
Found cached RTLIL representation for module `$paramod$cdd18be929c34e025592f526ff52cfe29cb5e1c3\GTP_LUT6'.
Parameter \INIT = 64'0111111100110011001111110011001100000000000000000000000000000000
Found cached RTLIL representation for module `$paramod$cdd18be929c34e025592f526ff52cfe29cb5e1c3\GTP_LUT6'.
Parameter \INIT = 64'0111111100110011001111110011001100000000000000000000000000000000
Found cached RTLIL representation for module `$paramod$cdd18be929c34e025592f526ff52cfe29cb5e1c3\GTP_LUT6'.
Parameter \INIT = 64'0111111100110011001111110011001100000000000000000000000000000000
Found cached RTLIL representation for module `$paramod$cdd18be929c34e025592f526ff52cfe29cb5e1c3\GTP_LUT6'.
Parameter \INIT = 64'0111111100110011001111110011001100000000000000000000000000000000
Found cached RTLIL representation for module `$paramod$cdd18be929c34e025592f526ff52cfe29cb5e1c3\GTP_LUT6'.
Parameter \INIT = 64'0111111100110011001111110011001100000000000000000000000000000000
Found cached RTLIL representation for module `$paramod$cdd18be929c34e025592f526ff52cfe29cb5e1c3\GTP_LUT6'.
Parameter \INIT = 32'10000000101000001010101010101010
Found cached RTLIL representation for module `$paramod\GTP_LUT5\INIT=32'10000000101000001010101010101010'.
Parameter \INIT = 64'0111001100000000111111110000000000000000000000001111111100000000
Found cached RTLIL representation for module `$paramod$5434a6b34cacc170b3c523e4bba8307c52788d4e\GTP_LUT6'.
Parameter \INIT = 64'0111001100000000111111110000000000000000000000001111111100000000
Found cached RTLIL representation for module `$paramod$5434a6b34cacc170b3c523e4bba8307c52788d4e\GTP_LUT6'.
Parameter \INIT = 64'0111001100000000111111110000000000000000000000001111111100000000
Found cached RTLIL representation for module `$paramod$5434a6b34cacc170b3c523e4bba8307c52788d4e\GTP_LUT6'.
Parameter \INIT = 64'0111001100000000111111110000000000000000000000001111111100000000
Found cached RTLIL representation for module `$paramod$5434a6b34cacc170b3c523e4bba8307c52788d4e\GTP_LUT6'.
Parameter \INIT = 64'0111001100000000111111110000000000000000000000001111111100000000
Found cached RTLIL representation for module `$paramod$5434a6b34cacc170b3c523e4bba8307c52788d4e\GTP_LUT6'.
Parameter \INIT = 64'0111001100000000111111110000000000000000000000001111111100000000
Found cached RTLIL representation for module `$paramod$5434a6b34cacc170b3c523e4bba8307c52788d4e\GTP_LUT6'.
Parameter \INIT = 64'0111001100000000111111110000000000000000000000001111111100000000
Found cached RTLIL representation for module `$paramod$5434a6b34cacc170b3c523e4bba8307c52788d4e\GTP_LUT6'.
Parameter \INIT = 64'0111001100000000111111110000000000000000000000001111111100000000
Found cached RTLIL representation for module `$paramod$5434a6b34cacc170b3c523e4bba8307c52788d4e\GTP_LUT6'.
Parameter \INIT = 32'10001010000010101010101000001010
Found cached RTLIL representation for module `$paramod\GTP_LUT5\INIT=32'10001010000010101010101000001010'.
Parameter \INIT = 64'0100000011001100110000001100110000000000110011001100000011001100
Found cached RTLIL representation for module `$paramod$b84cf86692de66f26a9ca79913971e232e24da5f\GTP_LUT6'.
Parameter \INIT = 64'0100000011001100110000001100110000000000110011001100000011001100
Found cached RTLIL representation for module `$paramod$b84cf86692de66f26a9ca79913971e232e24da5f\GTP_LUT6'.
Parameter \INIT = 64'0100000011001100110000001100110000000000110011001100000011001100
Found cached RTLIL representation for module `$paramod$b84cf86692de66f26a9ca79913971e232e24da5f\GTP_LUT6'.
Parameter \INIT = 64'0100000011001100110000001100110000000000110011001100000011001100
Found cached RTLIL representation for module `$paramod$b84cf86692de66f26a9ca79913971e232e24da5f\GTP_LUT6'.
Parameter \INIT = 64'0100000011001100110000001100110000000000110011001100000011001100
Found cached RTLIL representation for module `$paramod$b84cf86692de66f26a9ca79913971e232e24da5f\GTP_LUT6'.
Parameter \INIT = 64'0100000011001100110000001100110000000000110011001100000011001100
Found cached RTLIL representation for module `$paramod$b84cf86692de66f26a9ca79913971e232e24da5f\GTP_LUT6'.
Parameter \INIT = 64'0100000011001100110000001100110000000000110011001100000011001100
Found cached RTLIL representation for module `$paramod$b84cf86692de66f26a9ca79913971e232e24da5f\GTP_LUT6'.
Parameter \INIT = 64'0100000011001100110000001100110000000000110011001100000011001100
Found cached RTLIL representation for module `$paramod$b84cf86692de66f26a9ca79913971e232e24da5f\GTP_LUT6'.
Parameter \INIT = 32'10001010101010100000101000001010
Found cached RTLIL representation for module `$paramod\GTP_LUT5\INIT=32'10001010101010100000101000001010'.
Parameter \INIT = 64'0100000011001100000000000000000011111111111111110000000000000000
Found cached RTLIL representation for module `$paramod$16dfd52a39c617677590f5f0bab992973886c5e2\GTP_LUT6'.
Parameter \INIT = 64'0100000011001100000000000000000011111111111111110000000000000000
Found cached RTLIL representation for module `$paramod$16dfd52a39c617677590f5f0bab992973886c5e2\GTP_LUT6'.
Parameter \INIT = 64'0100000011001100000000000000000011111111111111110000000000000000
Found cached RTLIL representation for module `$paramod$16dfd52a39c617677590f5f0bab992973886c5e2\GTP_LUT6'.
Parameter \INIT = 64'0100000011001100000000000000000011111111111111110000000000000000
Found cached RTLIL representation for module `$paramod$16dfd52a39c617677590f5f0bab992973886c5e2\GTP_LUT6'.
Parameter \INIT = 64'0100000011001100000000000000000011111111111111110000000000000000
Found cached RTLIL representation for module `$paramod$16dfd52a39c617677590f5f0bab992973886c5e2\GTP_LUT6'.
Parameter \INIT = 64'0100000011001100000000000000000011111111111111110000000000000000
Found cached RTLIL representation for module `$paramod$16dfd52a39c617677590f5f0bab992973886c5e2\GTP_LUT6'.
Parameter \INIT = 64'0100000011001100000000000000000011111111111111110000000000000000
Found cached RTLIL representation for module `$paramod$16dfd52a39c617677590f5f0bab992973886c5e2\GTP_LUT6'.
Parameter \INIT = 64'0100000011001100000000000000000011111111111111110000000000000000
Found cached RTLIL representation for module `$paramod$16dfd52a39c617677590f5f0bab992973886c5e2\GTP_LUT6'.
Parameter \INIT = 64'0100000011001100000000000000000011111111111111110000000000000000
Found cached RTLIL representation for module `$paramod$16dfd52a39c617677590f5f0bab992973886c5e2\GTP_LUT6'.
Parameter \INIT = 32'10001010101010100000000010101010
Found cached RTLIL representation for module `$paramod\GTP_LUT5\INIT=32'10001010101010100000000010101010'.
Parameter \INIT = 64'0100111100000000000011110000000011111111000000000000111100000000
Found cached RTLIL representation for module `$paramod$c6d737a35aee20f2946726bf21079a9f90b8ea62\GTP_LUT6'.
Parameter \INIT = 64'0100111100000000000011110000000011111111000000000000111100000000
Found cached RTLIL representation for module `$paramod$c6d737a35aee20f2946726bf21079a9f90b8ea62\GTP_LUT6'.
Parameter \INIT = 64'0100111100000000000011110000000011111111000000000000111100000000
Found cached RTLIL representation for module `$paramod$c6d737a35aee20f2946726bf21079a9f90b8ea62\GTP_LUT6'.
Parameter \INIT = 64'0100111100000000000011110000000011111111000000000000111100000000
Found cached RTLIL representation for module `$paramod$c6d737a35aee20f2946726bf21079a9f90b8ea62\GTP_LUT6'.
Parameter \INIT = 64'0100111100000000000011110000000011111111000000000000111100000000
Found cached RTLIL representation for module `$paramod$c6d737a35aee20f2946726bf21079a9f90b8ea62\GTP_LUT6'.
Parameter \INIT = 64'0100111100000000000011110000000011111111000000000000111100000000
Found cached RTLIL representation for module `$paramod$c6d737a35aee20f2946726bf21079a9f90b8ea62\GTP_LUT6'.
Parameter \INIT = 64'0100111100000000000011110000000011111111000000000000111100000000
Found cached RTLIL representation for module `$paramod$c6d737a35aee20f2946726bf21079a9f90b8ea62\GTP_LUT6'.
Parameter \INIT = 64'0100111100000000000011110000000011111111000000000000111100000000
Found cached RTLIL representation for module `$paramod$c6d737a35aee20f2946726bf21079a9f90b8ea62\GTP_LUT6'.
Parameter \INIT = 64'0100111100000000000011110000000011111111000000000000111100000000
Found cached RTLIL representation for module `$paramod$c6d737a35aee20f2946726bf21079a9f90b8ea62\GTP_LUT6'.
Parameter \INIT = 32'10000000101010101010000010101010
Found cached RTLIL representation for module `$paramod\GTP_LUT5\INIT=32'10000000101010101010000010101010'.
Parameter \INIT = 64'0111111100110011001111110011001100000000000000000000000000000000
Found cached RTLIL representation for module `$paramod$cdd18be929c34e025592f526ff52cfe29cb5e1c3\GTP_LUT6'.
Parameter \INIT = 64'0111111100110011001111110011001100000000000000000000000000000000
Found cached RTLIL representation for module `$paramod$cdd18be929c34e025592f526ff52cfe29cb5e1c3\GTP_LUT6'.
Parameter \INIT = 64'0111111100110011001111110011001100000000000000000000000000000000
Found cached RTLIL representation for module `$paramod$cdd18be929c34e025592f526ff52cfe29cb5e1c3\GTP_LUT6'.
Parameter \INIT = 64'0111111100110011001111110011001100000000000000000000000000000000
Found cached RTLIL representation for module `$paramod$cdd18be929c34e025592f526ff52cfe29cb5e1c3\GTP_LUT6'.
Parameter \INIT = 64'0111111100110011001111110011001100000000000000000000000000000000
Found cached RTLIL representation for module `$paramod$cdd18be929c34e025592f526ff52cfe29cb5e1c3\GTP_LUT6'.
Parameter \INIT = 64'0111111100110011001111110011001100000000000000000000000000000000
Found cached RTLIL representation for module `$paramod$cdd18be929c34e025592f526ff52cfe29cb5e1c3\GTP_LUT6'.
Parameter \INIT = 64'0111111100110011001111110011001100000000000000000000000000000000
Found cached RTLIL representation for module `$paramod$cdd18be929c34e025592f526ff52cfe29cb5e1c3\GTP_LUT6'.
Parameter \INIT = 64'0111111100110011001111110011001100000000000000000000000000000000
Found cached RTLIL representation for module `$paramod$cdd18be929c34e025592f526ff52cfe29cb5e1c3\GTP_LUT6'.
Parameter \INIT = 64'0111111100110011001111110011001100000000000000000000000000000000
Found cached RTLIL representation for module `$paramod$cdd18be929c34e025592f526ff52cfe29cb5e1c3\GTP_LUT6'.
Parameter \INIT = 64'0111111100110011001111110011001100000000000000000000000000000000
Found cached RTLIL representation for module `$paramod$cdd18be929c34e025592f526ff52cfe29cb5e1c3\GTP_LUT6'.
Parameter \INIT = 32'10000000101000001010101010101010
Found cached RTLIL representation for module `$paramod\GTP_LUT5\INIT=32'10000000101000001010101010101010'.
Parameter \INIT = 64'0111001100000000111111110000000000000000000000001111111100000000
Found cached RTLIL representation for module `$paramod$5434a6b34cacc170b3c523e4bba8307c52788d4e\GTP_LUT6'.
Parameter \INIT = 64'0111001100000000111111110000000000000000000000001111111100000000
Found cached RTLIL representation for module `$paramod$5434a6b34cacc170b3c523e4bba8307c52788d4e\GTP_LUT6'.
Parameter \INIT = 64'0111001100000000111111110000000000000000000000001111111100000000
Found cached RTLIL representation for module `$paramod$5434a6b34cacc170b3c523e4bba8307c52788d4e\GTP_LUT6'.
Parameter \INIT = 64'0111001100000000111111110000000000000000000000001111111100000000
Found cached RTLIL representation for module `$paramod$5434a6b34cacc170b3c523e4bba8307c52788d4e\GTP_LUT6'.
Parameter \INIT = 64'0111001100000000111111110000000000000000000000001111111100000000
Found cached RTLIL representation for module `$paramod$5434a6b34cacc170b3c523e4bba8307c52788d4e\GTP_LUT6'.
Parameter \INIT = 64'0111001100000000111111110000000000000000000000001111111100000000
Found cached RTLIL representation for module `$paramod$5434a6b34cacc170b3c523e4bba8307c52788d4e\GTP_LUT6'.
Parameter \INIT = 64'0111001100000000111111110000000000000000000000001111111100000000
Found cached RTLIL representation for module `$paramod$5434a6b34cacc170b3c523e4bba8307c52788d4e\GTP_LUT6'.
Parameter \INIT = 64'0111001100000000111111110000000000000000000000001111111100000000
Found cached RTLIL representation for module `$paramod$5434a6b34cacc170b3c523e4bba8307c52788d4e\GTP_LUT6'.
Parameter \INIT = 64'0111001100000000111111110000000000000000000000001111111100000000
Found cached RTLIL representation for module `$paramod$5434a6b34cacc170b3c523e4bba8307c52788d4e\GTP_LUT6'.
Parameter \INIT = 64'0111001100000000111111110000000000000000000000001111111100000000
Found cached RTLIL representation for module `$paramod$5434a6b34cacc170b3c523e4bba8307c52788d4e\GTP_LUT6'.
Parameter \INIT = 32'10001010000010101010101000001010
Found cached RTLIL representation for module `$paramod\GTP_LUT5\INIT=32'10001010000010101010101000001010'.
Parameter \INIT = 64'0100000011001100110000001100110000000000110011001100000011001100
Found cached RTLIL representation for module `$paramod$b84cf86692de66f26a9ca79913971e232e24da5f\GTP_LUT6'.
Parameter \INIT = 64'0100000011001100110000001100110000000000110011001100000011001100
Found cached RTLIL representation for module `$paramod$b84cf86692de66f26a9ca79913971e232e24da5f\GTP_LUT6'.
Parameter \INIT = 64'0100000011001100110000001100110000000000110011001100000011001100
Found cached RTLIL representation for module `$paramod$b84cf86692de66f26a9ca79913971e232e24da5f\GTP_LUT6'.
Parameter \INIT = 64'0100000011001100110000001100110000000000110011001100000011001100
Found cached RTLIL representation for module `$paramod$b84cf86692de66f26a9ca79913971e232e24da5f\GTP_LUT6'.
Parameter \INIT = 64'0100000011001100110000001100110000000000110011001100000011001100
Found cached RTLIL representation for module `$paramod$b84cf86692de66f26a9ca79913971e232e24da5f\GTP_LUT6'.
Parameter \INIT = 64'0100000011001100110000001100110000000000110011001100000011001100
Found cached RTLIL representation for module `$paramod$b84cf86692de66f26a9ca79913971e232e24da5f\GTP_LUT6'.
Parameter \INIT = 64'0100000011001100110000001100110000000000110011001100000011001100
Found cached RTLIL representation for module `$paramod$b84cf86692de66f26a9ca79913971e232e24da5f\GTP_LUT6'.
Parameter \INIT = 64'0100000011001100110000001100110000000000110011001100000011001100
Found cached RTLIL representation for module `$paramod$b84cf86692de66f26a9ca79913971e232e24da5f\GTP_LUT6'.
Parameter \INIT = 64'0100000011001100110000001100110000000000110011001100000011001100
Found cached RTLIL representation for module `$paramod$b84cf86692de66f26a9ca79913971e232e24da5f\GTP_LUT6'.
Parameter \INIT = 64'0100000011001100110000001100110000000000110011001100000011001100
Found cached RTLIL representation for module `$paramod$b84cf86692de66f26a9ca79913971e232e24da5f\GTP_LUT6'.
Parameter \INIT = 32'10001010101010100000101000001010
Found cached RTLIL representation for module `$paramod\GTP_LUT5\INIT=32'10001010101010100000101000001010'.
Parameter \INIT = 64'0100000011001100000000000000000011111111111111110000000000000000
Found cached RTLIL representation for module `$paramod$16dfd52a39c617677590f5f0bab992973886c5e2\GTP_LUT6'.
Parameter \INIT = 64'0100000011001100000000000000000011111111111111110000000000000000
Found cached RTLIL representation for module `$paramod$16dfd52a39c617677590f5f0bab992973886c5e2\GTP_LUT6'.
Parameter \INIT = 64'0100000011001100000000000000000011111111111111110000000000000000
Found cached RTLIL representation for module `$paramod$16dfd52a39c617677590f5f0bab992973886c5e2\GTP_LUT6'.
Parameter \INIT = 64'0100000011001100000000000000000011111111111111110000000000000000
Found cached RTLIL representation for module `$paramod$16dfd52a39c617677590f5f0bab992973886c5e2\GTP_LUT6'.
Parameter \INIT = 64'0100000011001100000000000000000011111111111111110000000000000000
Found cached RTLIL representation for module `$paramod$16dfd52a39c617677590f5f0bab992973886c5e2\GTP_LUT6'.
Parameter \INIT = 64'0100000011001100000000000000000011111111111111110000000000000000
Found cached RTLIL representation for module `$paramod$16dfd52a39c617677590f5f0bab992973886c5e2\GTP_LUT6'.
Parameter \INIT = 64'0100000011001100000000000000000011111111111111110000000000000000
Found cached RTLIL representation for module `$paramod$16dfd52a39c617677590f5f0bab992973886c5e2\GTP_LUT6'.
Parameter \INIT = 64'0100000011001100000000000000000011111111111111110000000000000000
Found cached RTLIL representation for module `$paramod$16dfd52a39c617677590f5f0bab992973886c5e2\GTP_LUT6'.
Parameter \INIT = 64'0100000011001100000000000000000011111111111111110000000000000000
Found cached RTLIL representation for module `$paramod$16dfd52a39c617677590f5f0bab992973886c5e2\GTP_LUT6'.
Parameter \INIT = 64'0100000011001100000000000000000011111111111111110000000000000000
Found cached RTLIL representation for module `$paramod$16dfd52a39c617677590f5f0bab992973886c5e2\GTP_LUT6'.
Parameter \INIT = 64'0100000011001100000000000000000011111111111111110000000000000000
Found cached RTLIL representation for module `$paramod$16dfd52a39c617677590f5f0bab992973886c5e2\GTP_LUT6'.
Parameter \INIT = 32'10001010101010100000000010101010
Found cached RTLIL representation for module `$paramod\GTP_LUT5\INIT=32'10001010101010100000000010101010'.
Parameter \INIT = 64'0100111100000000000011110000000011111111000000000000111100000000
Found cached RTLIL representation for module `$paramod$c6d737a35aee20f2946726bf21079a9f90b8ea62\GTP_LUT6'.
Parameter \INIT = 64'0100111100000000000011110000000011111111000000000000111100000000
Found cached RTLIL representation for module `$paramod$c6d737a35aee20f2946726bf21079a9f90b8ea62\GTP_LUT6'.
Parameter \INIT = 64'0100111100000000000011110000000011111111000000000000111100000000
Found cached RTLIL representation for module `$paramod$c6d737a35aee20f2946726bf21079a9f90b8ea62\GTP_LUT6'.
Parameter \INIT = 64'0100111100000000000011110000000011111111000000000000111100000000
Found cached RTLIL representation for module `$paramod$c6d737a35aee20f2946726bf21079a9f90b8ea62\GTP_LUT6'.
Parameter \INIT = 64'0100111100000000000011110000000011111111000000000000111100000000
Found cached RTLIL representation for module `$paramod$c6d737a35aee20f2946726bf21079a9f90b8ea62\GTP_LUT6'.
Parameter \INIT = 64'0100111100000000000011110000000011111111000000000000111100000000
Found cached RTLIL representation for module `$paramod$c6d737a35aee20f2946726bf21079a9f90b8ea62\GTP_LUT6'.
Parameter \INIT = 64'0100111100000000000011110000000011111111000000000000111100000000
Found cached RTLIL representation for module `$paramod$c6d737a35aee20f2946726bf21079a9f90b8ea62\GTP_LUT6'.
Parameter \INIT = 64'0100111100000000000011110000000011111111000000000000111100000000
Found cached RTLIL representation for module `$paramod$c6d737a35aee20f2946726bf21079a9f90b8ea62\GTP_LUT6'.
Parameter \INIT = 64'0100111100000000000011110000000011111111000000000000111100000000
Found cached RTLIL representation for module `$paramod$c6d737a35aee20f2946726bf21079a9f90b8ea62\GTP_LUT6'.
Parameter \INIT = 64'0100111100000000000011110000000011111111000000000000111100000000
Found cached RTLIL representation for module `$paramod$c6d737a35aee20f2946726bf21079a9f90b8ea62\GTP_LUT6'.
Parameter \INIT = 64'0100111100000000000011110000000011111111000000000000111100000000
Found cached RTLIL representation for module `$paramod$c6d737a35aee20f2946726bf21079a9f90b8ea62\GTP_LUT6'.
Parameter \INIT = 32'10000000101010101010000010101010
Found cached RTLIL representation for module `$paramod\GTP_LUT5\INIT=32'10000000101010101010000010101010'.
Parameter \INIT = 64'0111111100110011001111110011001100000000000000000000000000000000
Found cached RTLIL representation for module `$paramod$cdd18be929c34e025592f526ff52cfe29cb5e1c3\GTP_LUT6'.
Parameter \INIT = 64'0111111100110011001111110011001100000000000000000000000000000000
Found cached RTLIL representation for module `$paramod$cdd18be929c34e025592f526ff52cfe29cb5e1c3\GTP_LUT6'.
Parameter \INIT = 64'0111111100110011001111110011001100000000000000000000000000000000
Found cached RTLIL representation for module `$paramod$cdd18be929c34e025592f526ff52cfe29cb5e1c3\GTP_LUT6'.
Parameter \INIT = 64'0111111100110011001111110011001100000000000000000000000000000000
Found cached RTLIL representation for module `$paramod$cdd18be929c34e025592f526ff52cfe29cb5e1c3\GTP_LUT6'.
Parameter \INIT = 64'0111111100110011001111110011001100000000000000000000000000000000
Found cached RTLIL representation for module `$paramod$cdd18be929c34e025592f526ff52cfe29cb5e1c3\GTP_LUT6'.
Parameter \INIT = 64'0111111100110011001111110011001100000000000000000000000000000000
Found cached RTLIL representation for module `$paramod$cdd18be929c34e025592f526ff52cfe29cb5e1c3\GTP_LUT6'.
Parameter \INIT = 64'0111111100110011001111110011001100000000000000000000000000000000
Found cached RTLIL representation for module `$paramod$cdd18be929c34e025592f526ff52cfe29cb5e1c3\GTP_LUT6'.
Parameter \INIT = 64'0111111100110011001111110011001100000000000000000000000000000000
Found cached RTLIL representation for module `$paramod$cdd18be929c34e025592f526ff52cfe29cb5e1c3\GTP_LUT6'.
Parameter \INIT = 64'0111111100110011001111110011001100000000000000000000000000000000
Found cached RTLIL representation for module `$paramod$cdd18be929c34e025592f526ff52cfe29cb5e1c3\GTP_LUT6'.
Parameter \INIT = 64'0111111100110011001111110011001100000000000000000000000000000000
Found cached RTLIL representation for module `$paramod$cdd18be929c34e025592f526ff52cfe29cb5e1c3\GTP_LUT6'.
Parameter \INIT = 64'0111111100110011001111110011001100000000000000000000000000000000
Found cached RTLIL representation for module `$paramod$cdd18be929c34e025592f526ff52cfe29cb5e1c3\GTP_LUT6'.
Parameter \INIT = 64'0111111100110011001111110011001100000000000000000000000000000000
Found cached RTLIL representation for module `$paramod$cdd18be929c34e025592f526ff52cfe29cb5e1c3\GTP_LUT6'.
Parameter \INIT = 32'10000000101000001010101010101010
Found cached RTLIL representation for module `$paramod\GTP_LUT5\INIT=32'10000000101000001010101010101010'.
Parameter \INIT = 64'0111001100000000111111110000000000000000000000001111111100000000
Found cached RTLIL representation for module `$paramod$5434a6b34cacc170b3c523e4bba8307c52788d4e\GTP_LUT6'.
Parameter \INIT = 64'0111001100000000111111110000000000000000000000001111111100000000
Found cached RTLIL representation for module `$paramod$5434a6b34cacc170b3c523e4bba8307c52788d4e\GTP_LUT6'.
Parameter \INIT = 64'0111001100000000111111110000000000000000000000001111111100000000
Found cached RTLIL representation for module `$paramod$5434a6b34cacc170b3c523e4bba8307c52788d4e\GTP_LUT6'.
Parameter \INIT = 64'0111001100000000111111110000000000000000000000001111111100000000
Found cached RTLIL representation for module `$paramod$5434a6b34cacc170b3c523e4bba8307c52788d4e\GTP_LUT6'.
Parameter \INIT = 64'0111001100000000111111110000000000000000000000001111111100000000
Found cached RTLIL representation for module `$paramod$5434a6b34cacc170b3c523e4bba8307c52788d4e\GTP_LUT6'.
Parameter \INIT = 64'0111001100000000111111110000000000000000000000001111111100000000
Found cached RTLIL representation for module `$paramod$5434a6b34cacc170b3c523e4bba8307c52788d4e\GTP_LUT6'.
Parameter \INIT = 64'0111001100000000111111110000000000000000000000001111111100000000
Found cached RTLIL representation for module `$paramod$5434a6b34cacc170b3c523e4bba8307c52788d4e\GTP_LUT6'.
Parameter \INIT = 64'0111001100000000111111110000000000000000000000001111111100000000
Found cached RTLIL representation for module `$paramod$5434a6b34cacc170b3c523e4bba8307c52788d4e\GTP_LUT6'.
Parameter \INIT = 64'0111001100000000111111110000000000000000000000001111111100000000
Found cached RTLIL representation for module `$paramod$5434a6b34cacc170b3c523e4bba8307c52788d4e\GTP_LUT6'.
Parameter \INIT = 64'0111001100000000111111110000000000000000000000001111111100000000
Found cached RTLIL representation for module `$paramod$5434a6b34cacc170b3c523e4bba8307c52788d4e\GTP_LUT6'.
Parameter \INIT = 64'0111001100000000111111110000000000000000000000001111111100000000
Found cached RTLIL representation for module `$paramod$5434a6b34cacc170b3c523e4bba8307c52788d4e\GTP_LUT6'.
Parameter \INIT = 64'0111001100000000111111110000000000000000000000001111111100000000
Found cached RTLIL representation for module `$paramod$5434a6b34cacc170b3c523e4bba8307c52788d4e\GTP_LUT6'.
Parameter \INIT = 32'10001010000010101010101000001010
Found cached RTLIL representation for module `$paramod\GTP_LUT5\INIT=32'10001010000010101010101000001010'.
Parameter \INIT = 64'0100000011001100110000001100110000000000110011001100000011001100
Found cached RTLIL representation for module `$paramod$b84cf86692de66f26a9ca79913971e232e24da5f\GTP_LUT6'.
Parameter \INIT = 64'0100000011001100110000001100110000000000110011001100000011001100
Found cached RTLIL representation for module `$paramod$b84cf86692de66f26a9ca79913971e232e24da5f\GTP_LUT6'.
Parameter \INIT = 64'0100000011001100110000001100110000000000110011001100000011001100
Found cached RTLIL representation for module `$paramod$b84cf86692de66f26a9ca79913971e232e24da5f\GTP_LUT6'.
Parameter \INIT = 64'0100000011001100110000001100110000000000110011001100000011001100
Found cached RTLIL representation for module `$paramod$b84cf86692de66f26a9ca79913971e232e24da5f\GTP_LUT6'.
Parameter \INIT = 64'0100000011001100110000001100110000000000110011001100000011001100
Found cached RTLIL representation for module `$paramod$b84cf86692de66f26a9ca79913971e232e24da5f\GTP_LUT6'.
Parameter \INIT = 64'0100000011001100110000001100110000000000110011001100000011001100
Found cached RTLIL representation for module `$paramod$b84cf86692de66f26a9ca79913971e232e24da5f\GTP_LUT6'.
Parameter \INIT = 64'0100000011001100110000001100110000000000110011001100000011001100
Found cached RTLIL representation for module `$paramod$b84cf86692de66f26a9ca79913971e232e24da5f\GTP_LUT6'.
Parameter \INIT = 64'0100000011001100110000001100110000000000110011001100000011001100
Found cached RTLIL representation for module `$paramod$b84cf86692de66f26a9ca79913971e232e24da5f\GTP_LUT6'.
Parameter \INIT = 64'0100000011001100110000001100110000000000110011001100000011001100
Found cached RTLIL representation for module `$paramod$b84cf86692de66f26a9ca79913971e232e24da5f\GTP_LUT6'.
Parameter \INIT = 64'0100000011001100110000001100110000000000110011001100000011001100
Found cached RTLIL representation for module `$paramod$b84cf86692de66f26a9ca79913971e232e24da5f\GTP_LUT6'.
Parameter \INIT = 64'0100000011001100110000001100110000000000110011001100000011001100
Found cached RTLIL representation for module `$paramod$b84cf86692de66f26a9ca79913971e232e24da5f\GTP_LUT6'.
Parameter \INIT = 64'0100000011001100110000001100110000000000110011001100000011001100
Found cached RTLIL representation for module `$paramod$b84cf86692de66f26a9ca79913971e232e24da5f\GTP_LUT6'.
Parameter \INIT = 32'10001010101010100000101000001010
Found cached RTLIL representation for module `$paramod\GTP_LUT5\INIT=32'10001010101010100000101000001010'.
Parameter \INIT = 64'0100000011001100000000000000000011111111111111110000000000000000
Found cached RTLIL representation for module `$paramod$16dfd52a39c617677590f5f0bab992973886c5e2\GTP_LUT6'.
Parameter \INIT = 64'0100000011001100000000000000000011111111111111110000000000000000
Found cached RTLIL representation for module `$paramod$16dfd52a39c617677590f5f0bab992973886c5e2\GTP_LUT6'.
Parameter \INIT = 64'0100000011001100000000000000000011111111111111110000000000000000
Found cached RTLIL representation for module `$paramod$16dfd52a39c617677590f5f0bab992973886c5e2\GTP_LUT6'.
Parameter \INIT = 64'0100000011001100000000000000000011111111111111110000000000000000
Found cached RTLIL representation for module `$paramod$16dfd52a39c617677590f5f0bab992973886c5e2\GTP_LUT6'.
Parameter \INIT = 64'0100000011001100000000000000000011111111111111110000000000000000
Found cached RTLIL representation for module `$paramod$16dfd52a39c617677590f5f0bab992973886c5e2\GTP_LUT6'.
Parameter \INIT = 64'0100000011001100000000000000000011111111111111110000000000000000
Found cached RTLIL representation for module `$paramod$16dfd52a39c617677590f5f0bab992973886c5e2\GTP_LUT6'.
Parameter \INIT = 64'0100000011001100000000000000000011111111111111110000000000000000
Found cached RTLIL representation for module `$paramod$16dfd52a39c617677590f5f0bab992973886c5e2\GTP_LUT6'.
Parameter \INIT = 64'0100000011001100000000000000000011111111111111110000000000000000
Found cached RTLIL representation for module `$paramod$16dfd52a39c617677590f5f0bab992973886c5e2\GTP_LUT6'.
Parameter \INIT = 64'0100000011001100000000000000000011111111111111110000000000000000
Found cached RTLIL representation for module `$paramod$16dfd52a39c617677590f5f0bab992973886c5e2\GTP_LUT6'.
Parameter \INIT = 64'0100000011001100000000000000000011111111111111110000000000000000
Found cached RTLIL representation for module `$paramod$16dfd52a39c617677590f5f0bab992973886c5e2\GTP_LUT6'.
Parameter \INIT = 64'0100000011001100000000000000000011111111111111110000000000000000
Found cached RTLIL representation for module `$paramod$16dfd52a39c617677590f5f0bab992973886c5e2\GTP_LUT6'.
Parameter \INIT = 64'0100000011001100000000000000000011111111111111110000000000000000
Found cached RTLIL representation for module `$paramod$16dfd52a39c617677590f5f0bab992973886c5e2\GTP_LUT6'.
Parameter \INIT = 64'0100000011001100000000000000000011111111111111110000000000000000
Found cached RTLIL representation for module `$paramod$16dfd52a39c617677590f5f0bab992973886c5e2\GTP_LUT6'.
Parameter \INIT = 32'10001010101010100000000010101010
Found cached RTLIL representation for module `$paramod\GTP_LUT5\INIT=32'10001010101010100000000010101010'.
Parameter \INIT = 64'0100111100000000000011110000000011111111000000000000111100000000
Found cached RTLIL representation for module `$paramod$c6d737a35aee20f2946726bf21079a9f90b8ea62\GTP_LUT6'.
Parameter \INIT = 64'0100111100000000000011110000000011111111000000000000111100000000
Found cached RTLIL representation for module `$paramod$c6d737a35aee20f2946726bf21079a9f90b8ea62\GTP_LUT6'.
Parameter \INIT = 64'0100111100000000000011110000000011111111000000000000111100000000
Found cached RTLIL representation for module `$paramod$c6d737a35aee20f2946726bf21079a9f90b8ea62\GTP_LUT6'.
Parameter \INIT = 64'0100111100000000000011110000000011111111000000000000111100000000
Found cached RTLIL representation for module `$paramod$c6d737a35aee20f2946726bf21079a9f90b8ea62\GTP_LUT6'.
Parameter \INIT = 64'0100111100000000000011110000000011111111000000000000111100000000
Found cached RTLIL representation for module `$paramod$c6d737a35aee20f2946726bf21079a9f90b8ea62\GTP_LUT6'.
Parameter \INIT = 64'0100111100000000000011110000000011111111000000000000111100000000
Found cached RTLIL representation for module `$paramod$c6d737a35aee20f2946726bf21079a9f90b8ea62\GTP_LUT6'.
Parameter \INIT = 64'0100111100000000000011110000000011111111000000000000111100000000
Found cached RTLIL representation for module `$paramod$c6d737a35aee20f2946726bf21079a9f90b8ea62\GTP_LUT6'.
Parameter \INIT = 64'0100111100000000000011110000000011111111000000000000111100000000
Found cached RTLIL representation for module `$paramod$c6d737a35aee20f2946726bf21079a9f90b8ea62\GTP_LUT6'.
Parameter \INIT = 64'0100111100000000000011110000000011111111000000000000111100000000
Found cached RTLIL representation for module `$paramod$c6d737a35aee20f2946726bf21079a9f90b8ea62\GTP_LUT6'.
Parameter \INIT = 64'0100111100000000000011110000000011111111000000000000111100000000
Found cached RTLIL representation for module `$paramod$c6d737a35aee20f2946726bf21079a9f90b8ea62\GTP_LUT6'.
Parameter \INIT = 64'0100111100000000000011110000000011111111000000000000111100000000
Found cached RTLIL representation for module `$paramod$c6d737a35aee20f2946726bf21079a9f90b8ea62\GTP_LUT6'.
Parameter \INIT = 64'0100111100000000000011110000000011111111000000000000111100000000
Found cached RTLIL representation for module `$paramod$c6d737a35aee20f2946726bf21079a9f90b8ea62\GTP_LUT6'.
Parameter \INIT = 64'0100111100000000000011110000000011111111000000000000111100000000
Found cached RTLIL representation for module `$paramod$c6d737a35aee20f2946726bf21079a9f90b8ea62\GTP_LUT6'.
Parameter \INIT = 32'10000000101010101010000010101010
Found cached RTLIL representation for module `$paramod\GTP_LUT5\INIT=32'10000000101010101010000010101010'.
Parameter \INIT = 64'0111111100110011001111110011001100000000000000000000000000000000
Found cached RTLIL representation for module `$paramod$cdd18be929c34e025592f526ff52cfe29cb5e1c3\GTP_LUT6'.
Parameter \INIT = 64'0111111100110011001111110011001100000000000000000000000000000000
Found cached RTLIL representation for module `$paramod$cdd18be929c34e025592f526ff52cfe29cb5e1c3\GTP_LUT6'.
Parameter \INIT = 64'0111111100110011001111110011001100000000000000000000000000000000
Found cached RTLIL representation for module `$paramod$cdd18be929c34e025592f526ff52cfe29cb5e1c3\GTP_LUT6'.
Parameter \INIT = 64'0111111100110011001111110011001100000000000000000000000000000000
Found cached RTLIL representation for module `$paramod$cdd18be929c34e025592f526ff52cfe29cb5e1c3\GTP_LUT6'.
Parameter \INIT = 64'0111111100110011001111110011001100000000000000000000000000000000
Found cached RTLIL representation for module `$paramod$cdd18be929c34e025592f526ff52cfe29cb5e1c3\GTP_LUT6'.
Parameter \INIT = 64'0111111100110011001111110011001100000000000000000000000000000000
Found cached RTLIL representation for module `$paramod$cdd18be929c34e025592f526ff52cfe29cb5e1c3\GTP_LUT6'.
Parameter \INIT = 64'0111111100110011001111110011001100000000000000000000000000000000
Found cached RTLIL representation for module `$paramod$cdd18be929c34e025592f526ff52cfe29cb5e1c3\GTP_LUT6'.
Parameter \INIT = 64'0111111100110011001111110011001100000000000000000000000000000000
Found cached RTLIL representation for module `$paramod$cdd18be929c34e025592f526ff52cfe29cb5e1c3\GTP_LUT6'.
Parameter \INIT = 64'0111111100110011001111110011001100000000000000000000000000000000
Found cached RTLIL representation for module `$paramod$cdd18be929c34e025592f526ff52cfe29cb5e1c3\GTP_LUT6'.
Parameter \INIT = 64'0111111100110011001111110011001100000000000000000000000000000000
Found cached RTLIL representation for module `$paramod$cdd18be929c34e025592f526ff52cfe29cb5e1c3\GTP_LUT6'.
Parameter \INIT = 64'0111111100110011001111110011001100000000000000000000000000000000
Found cached RTLIL representation for module `$paramod$cdd18be929c34e025592f526ff52cfe29cb5e1c3\GTP_LUT6'.
Parameter \INIT = 64'0111111100110011001111110011001100000000000000000000000000000000
Found cached RTLIL representation for module `$paramod$cdd18be929c34e025592f526ff52cfe29cb5e1c3\GTP_LUT6'.
Parameter \INIT = 64'0111111100110011001111110011001100000000000000000000000000000000
Found cached RTLIL representation for module `$paramod$cdd18be929c34e025592f526ff52cfe29cb5e1c3\GTP_LUT6'.
Parameter \INIT = 64'0111111100110011001111110011001100000000000000000000000000000000
Found cached RTLIL representation for module `$paramod$cdd18be929c34e025592f526ff52cfe29cb5e1c3\GTP_LUT6'.
Parameter \INIT = 32'10000000101000001010101010101010
Found cached RTLIL representation for module `$paramod\GTP_LUT5\INIT=32'10000000101000001010101010101010'.
Parameter \INIT = 64'0111001100000000111111110000000000000000000000001111111100000000
Found cached RTLIL representation for module `$paramod$5434a6b34cacc170b3c523e4bba8307c52788d4e\GTP_LUT6'.
Parameter \INIT = 64'0111001100000000111111110000000000000000000000001111111100000000
Found cached RTLIL representation for module `$paramod$5434a6b34cacc170b3c523e4bba8307c52788d4e\GTP_LUT6'.
Parameter \INIT = 64'0111001100000000111111110000000000000000000000001111111100000000
Found cached RTLIL representation for module `$paramod$5434a6b34cacc170b3c523e4bba8307c52788d4e\GTP_LUT6'.
Parameter \INIT = 64'0111001100000000111111110000000000000000000000001111111100000000
Found cached RTLIL representation for module `$paramod$5434a6b34cacc170b3c523e4bba8307c52788d4e\GTP_LUT6'.
Parameter \INIT = 64'0111001100000000111111110000000000000000000000001111111100000000
Found cached RTLIL representation for module `$paramod$5434a6b34cacc170b3c523e4bba8307c52788d4e\GTP_LUT6'.
Parameter \INIT = 64'0111001100000000111111110000000000000000000000001111111100000000
Found cached RTLIL representation for module `$paramod$5434a6b34cacc170b3c523e4bba8307c52788d4e\GTP_LUT6'.
Parameter \INIT = 64'0111001100000000111111110000000000000000000000001111111100000000
Found cached RTLIL representation for module `$paramod$5434a6b34cacc170b3c523e4bba8307c52788d4e\GTP_LUT6'.
Parameter \INIT = 64'0111001100000000111111110000000000000000000000001111111100000000
Found cached RTLIL representation for module `$paramod$5434a6b34cacc170b3c523e4bba8307c52788d4e\GTP_LUT6'.
Parameter \INIT = 64'0111001100000000111111110000000000000000000000001111111100000000
Found cached RTLIL representation for module `$paramod$5434a6b34cacc170b3c523e4bba8307c52788d4e\GTP_LUT6'.
Parameter \INIT = 64'0111001100000000111111110000000000000000000000001111111100000000
Found cached RTLIL representation for module `$paramod$5434a6b34cacc170b3c523e4bba8307c52788d4e\GTP_LUT6'.
Parameter \INIT = 64'0111001100000000111111110000000000000000000000001111111100000000
Found cached RTLIL representation for module `$paramod$5434a6b34cacc170b3c523e4bba8307c52788d4e\GTP_LUT6'.
Parameter \INIT = 64'0111001100000000111111110000000000000000000000001111111100000000
Found cached RTLIL representation for module `$paramod$5434a6b34cacc170b3c523e4bba8307c52788d4e\GTP_LUT6'.
Parameter \INIT = 64'0111001100000000111111110000000000000000000000001111111100000000
Found cached RTLIL representation for module `$paramod$5434a6b34cacc170b3c523e4bba8307c52788d4e\GTP_LUT6'.
Parameter \INIT = 64'0111001100000000111111110000000000000000000000001111111100000000
Found cached RTLIL representation for module `$paramod$5434a6b34cacc170b3c523e4bba8307c52788d4e\GTP_LUT6'.
Parameter \INIT = 32'10001010000010101010101000001010
Found cached RTLIL representation for module `$paramod\GTP_LUT5\INIT=32'10001010000010101010101000001010'.
Parameter \INIT = 64'0100000011001100110000001100110000000000110011001100000011001100
Found cached RTLIL representation for module `$paramod$b84cf86692de66f26a9ca79913971e232e24da5f\GTP_LUT6'.
Parameter \INIT = 64'0100000011001100110000001100110000000000110011001100000011001100
Found cached RTLIL representation for module `$paramod$b84cf86692de66f26a9ca79913971e232e24da5f\GTP_LUT6'.
Parameter \INIT = 64'0100000011001100110000001100110000000000110011001100000011001100
Found cached RTLIL representation for module `$paramod$b84cf86692de66f26a9ca79913971e232e24da5f\GTP_LUT6'.
Parameter \INIT = 64'0100000011001100110000001100110000000000110011001100000011001100
Found cached RTLIL representation for module `$paramod$b84cf86692de66f26a9ca79913971e232e24da5f\GTP_LUT6'.
Parameter \INIT = 64'0100000011001100110000001100110000000000110011001100000011001100
Found cached RTLIL representation for module `$paramod$b84cf86692de66f26a9ca79913971e232e24da5f\GTP_LUT6'.
Parameter \INIT = 64'0100000011001100110000001100110000000000110011001100000011001100
Found cached RTLIL representation for module `$paramod$b84cf86692de66f26a9ca79913971e232e24da5f\GTP_LUT6'.
Parameter \INIT = 64'0100000011001100110000001100110000000000110011001100000011001100
Found cached RTLIL representation for module `$paramod$b84cf86692de66f26a9ca79913971e232e24da5f\GTP_LUT6'.
Parameter \INIT = 64'0100000011001100110000001100110000000000110011001100000011001100
Found cached RTLIL representation for module `$paramod$b84cf86692de66f26a9ca79913971e232e24da5f\GTP_LUT6'.
Parameter \INIT = 64'0100000011001100110000001100110000000000110011001100000011001100
Found cached RTLIL representation for module `$paramod$b84cf86692de66f26a9ca79913971e232e24da5f\GTP_LUT6'.
Parameter \INIT = 64'0100000011001100110000001100110000000000110011001100000011001100
Found cached RTLIL representation for module `$paramod$b84cf86692de66f26a9ca79913971e232e24da5f\GTP_LUT6'.
Parameter \INIT = 64'0100000011001100110000001100110000000000110011001100000011001100
Found cached RTLIL representation for module `$paramod$b84cf86692de66f26a9ca79913971e232e24da5f\GTP_LUT6'.
Parameter \INIT = 64'0100000011001100110000001100110000000000110011001100000011001100
Found cached RTLIL representation for module `$paramod$b84cf86692de66f26a9ca79913971e232e24da5f\GTP_LUT6'.
Parameter \INIT = 64'0100000011001100110000001100110000000000110011001100000011001100
Found cached RTLIL representation for module `$paramod$b84cf86692de66f26a9ca79913971e232e24da5f\GTP_LUT6'.
Parameter \INIT = 64'0100000011001100110000001100110000000000110011001100000011001100
Found cached RTLIL representation for module `$paramod$b84cf86692de66f26a9ca79913971e232e24da5f\GTP_LUT6'.
Parameter \INIT = 32'10001010101010100000101000001010
Found cached RTLIL representation for module `$paramod\GTP_LUT5\INIT=32'10001010101010100000101000001010'.
Parameter \INIT = 64'0100000011001100000000000000000011111111111111110000000000000000
Found cached RTLIL representation for module `$paramod$16dfd52a39c617677590f5f0bab992973886c5e2\GTP_LUT6'.
Parameter \INIT = 64'0100000011001100000000000000000011111111111111110000000000000000
Found cached RTLIL representation for module `$paramod$16dfd52a39c617677590f5f0bab992973886c5e2\GTP_LUT6'.
Parameter \INIT = 64'0100000011001100000000000000000011111111111111110000000000000000
Found cached RTLIL representation for module `$paramod$16dfd52a39c617677590f5f0bab992973886c5e2\GTP_LUT6'.
Parameter \INIT = 64'0100000011001100000000000000000011111111111111110000000000000000
Found cached RTLIL representation for module `$paramod$16dfd52a39c617677590f5f0bab992973886c5e2\GTP_LUT6'.
Parameter \INIT = 64'0100000011001100000000000000000011111111111111110000000000000000
Found cached RTLIL representation for module `$paramod$16dfd52a39c617677590f5f0bab992973886c5e2\GTP_LUT6'.
Parameter \INIT = 64'0100000011001100000000000000000011111111111111110000000000000000
Found cached RTLIL representation for module `$paramod$16dfd52a39c617677590f5f0bab992973886c5e2\GTP_LUT6'.
Parameter \INIT = 64'0100000011001100000000000000000011111111111111110000000000000000
Found cached RTLIL representation for module `$paramod$16dfd52a39c617677590f5f0bab992973886c5e2\GTP_LUT6'.
Parameter \INIT = 64'0100000011001100000000000000000011111111111111110000000000000000
Found cached RTLIL representation for module `$paramod$16dfd52a39c617677590f5f0bab992973886c5e2\GTP_LUT6'.
Parameter \INIT = 64'0100000011001100000000000000000011111111111111110000000000000000
Found cached RTLIL representation for module `$paramod$16dfd52a39c617677590f5f0bab992973886c5e2\GTP_LUT6'.
Parameter \INIT = 64'0100000011001100000000000000000011111111111111110000000000000000
Found cached RTLIL representation for module `$paramod$16dfd52a39c617677590f5f0bab992973886c5e2\GTP_LUT6'.
Parameter \INIT = 64'0100000011001100000000000000000011111111111111110000000000000000
Found cached RTLIL representation for module `$paramod$16dfd52a39c617677590f5f0bab992973886c5e2\GTP_LUT6'.
Parameter \INIT = 64'0100000011001100000000000000000011111111111111110000000000000000
Found cached RTLIL representation for module `$paramod$16dfd52a39c617677590f5f0bab992973886c5e2\GTP_LUT6'.
Parameter \INIT = 64'0100000011001100000000000000000011111111111111110000000000000000
Found cached RTLIL representation for module `$paramod$16dfd52a39c617677590f5f0bab992973886c5e2\GTP_LUT6'.
Parameter \INIT = 64'0100000011001100000000000000000011111111111111110000000000000000
Found cached RTLIL representation for module `$paramod$16dfd52a39c617677590f5f0bab992973886c5e2\GTP_LUT6'.
Parameter \INIT = 64'0100000011001100000000000000000011111111111111110000000000000000
Found cached RTLIL representation for module `$paramod$16dfd52a39c617677590f5f0bab992973886c5e2\GTP_LUT6'.
Parameter \INIT = 32'10001010101010100000000010101010
Found cached RTLIL representation for module `$paramod\GTP_LUT5\INIT=32'10001010101010100000000010101010'.
Parameter \INIT = 64'0100111100000000000011110000000011111111000000000000111100000000
Found cached RTLIL representation for module `$paramod$c6d737a35aee20f2946726bf21079a9f90b8ea62\GTP_LUT6'.
Parameter \INIT = 64'0100111100000000000011110000000011111111000000000000111100000000
Found cached RTLIL representation for module `$paramod$c6d737a35aee20f2946726bf21079a9f90b8ea62\GTP_LUT6'.
Parameter \INIT = 64'0100111100000000000011110000000011111111000000000000111100000000
Found cached RTLIL representation for module `$paramod$c6d737a35aee20f2946726bf21079a9f90b8ea62\GTP_LUT6'.
Parameter \INIT = 64'0100111100000000000011110000000011111111000000000000111100000000
Found cached RTLIL representation for module `$paramod$c6d737a35aee20f2946726bf21079a9f90b8ea62\GTP_LUT6'.
Parameter \INIT = 64'0100111100000000000011110000000011111111000000000000111100000000
Found cached RTLIL representation for module `$paramod$c6d737a35aee20f2946726bf21079a9f90b8ea62\GTP_LUT6'.
Parameter \INIT = 64'0100111100000000000011110000000011111111000000000000111100000000
Found cached RTLIL representation for module `$paramod$c6d737a35aee20f2946726bf21079a9f90b8ea62\GTP_LUT6'.
Parameter \INIT = 64'0100111100000000000011110000000011111111000000000000111100000000
Found cached RTLIL representation for module `$paramod$c6d737a35aee20f2946726bf21079a9f90b8ea62\GTP_LUT6'.
Parameter \INIT = 64'0100111100000000000011110000000011111111000000000000111100000000
Found cached RTLIL representation for module `$paramod$c6d737a35aee20f2946726bf21079a9f90b8ea62\GTP_LUT6'.
Parameter \INIT = 64'0100111100000000000011110000000011111111000000000000111100000000
Found cached RTLIL representation for module `$paramod$c6d737a35aee20f2946726bf21079a9f90b8ea62\GTP_LUT6'.
Parameter \INIT = 64'0100111100000000000011110000000011111111000000000000111100000000
Found cached RTLIL representation for module `$paramod$c6d737a35aee20f2946726bf21079a9f90b8ea62\GTP_LUT6'.
Parameter \INIT = 64'0100111100000000000011110000000011111111000000000000111100000000
Found cached RTLIL representation for module `$paramod$c6d737a35aee20f2946726bf21079a9f90b8ea62\GTP_LUT6'.
Parameter \INIT = 64'0100111100000000000011110000000011111111000000000000111100000000
Found cached RTLIL representation for module `$paramod$c6d737a35aee20f2946726bf21079a9f90b8ea62\GTP_LUT6'.
Parameter \INIT = 64'0100111100000000000011110000000011111111000000000000111100000000
Found cached RTLIL representation for module `$paramod$c6d737a35aee20f2946726bf21079a9f90b8ea62\GTP_LUT6'.
Parameter \INIT = 64'0100111100000000000011110000000011111111000000000000111100000000
Found cached RTLIL representation for module `$paramod$c6d737a35aee20f2946726bf21079a9f90b8ea62\GTP_LUT6'.
Parameter \INIT = 64'0100111100000000000011110000000011111111000000000000111100000000
Found cached RTLIL representation for module `$paramod$c6d737a35aee20f2946726bf21079a9f90b8ea62\GTP_LUT6'.
Parameter \INIT = 32'10000000101010101010000010101010
Found cached RTLIL representation for module `$paramod\GTP_LUT5\INIT=32'10000000101010101010000010101010'.
Parameter \INIT = 64'0111111100110011001111110011001100000000000000000000000000000000
Found cached RTLIL representation for module `$paramod$cdd18be929c34e025592f526ff52cfe29cb5e1c3\GTP_LUT6'.
Parameter \INIT = 64'0111111100110011001111110011001100000000000000000000000000000000
Found cached RTLIL representation for module `$paramod$cdd18be929c34e025592f526ff52cfe29cb5e1c3\GTP_LUT6'.
Parameter \INIT = 64'0111111100110011001111110011001100000000000000000000000000000000
Found cached RTLIL representation for module `$paramod$cdd18be929c34e025592f526ff52cfe29cb5e1c3\GTP_LUT6'.
Parameter \INIT = 64'0111111100110011001111110011001100000000000000000000000000000000
Found cached RTLIL representation for module `$paramod$cdd18be929c34e025592f526ff52cfe29cb5e1c3\GTP_LUT6'.
Parameter \INIT = 64'0111111100110011001111110011001100000000000000000000000000000000
Found cached RTLIL representation for module `$paramod$cdd18be929c34e025592f526ff52cfe29cb5e1c3\GTP_LUT6'.
Parameter \INIT = 64'0111111100110011001111110011001100000000000000000000000000000000
Found cached RTLIL representation for module `$paramod$cdd18be929c34e025592f526ff52cfe29cb5e1c3\GTP_LUT6'.
Parameter \INIT = 64'0111111100110011001111110011001100000000000000000000000000000000
Found cached RTLIL representation for module `$paramod$cdd18be929c34e025592f526ff52cfe29cb5e1c3\GTP_LUT6'.
Parameter \INIT = 64'0111111100110011001111110011001100000000000000000000000000000000
Found cached RTLIL representation for module `$paramod$cdd18be929c34e025592f526ff52cfe29cb5e1c3\GTP_LUT6'.
Parameter \INIT = 64'0111111100110011001111110011001100000000000000000000000000000000
Found cached RTLIL representation for module `$paramod$cdd18be929c34e025592f526ff52cfe29cb5e1c3\GTP_LUT6'.
Parameter \INIT = 64'0111111100110011001111110011001100000000000000000000000000000000
Found cached RTLIL representation for module `$paramod$cdd18be929c34e025592f526ff52cfe29cb5e1c3\GTP_LUT6'.
Parameter \INIT = 64'0111111100110011001111110011001100000000000000000000000000000000
Found cached RTLIL representation for module `$paramod$cdd18be929c34e025592f526ff52cfe29cb5e1c3\GTP_LUT6'.
Parameter \INIT = 64'0111111100110011001111110011001100000000000000000000000000000000
Found cached RTLIL representation for module `$paramod$cdd18be929c34e025592f526ff52cfe29cb5e1c3\GTP_LUT6'.
Parameter \INIT = 64'0111111100110011001111110011001100000000000000000000000000000000
Found cached RTLIL representation for module `$paramod$cdd18be929c34e025592f526ff52cfe29cb5e1c3\GTP_LUT6'.
Parameter \INIT = 64'0111111100110011001111110011001100000000000000000000000000000000
Found cached RTLIL representation for module `$paramod$cdd18be929c34e025592f526ff52cfe29cb5e1c3\GTP_LUT6'.
Parameter \INIT = 64'0111111100110011001111110011001100000000000000000000000000000000
Found cached RTLIL representation for module `$paramod$cdd18be929c34e025592f526ff52cfe29cb5e1c3\GTP_LUT6'.
Parameter \INIT = 64'0111111100110011001111110011001100000000000000000000000000000000
Found cached RTLIL representation for module `$paramod$cdd18be929c34e025592f526ff52cfe29cb5e1c3\GTP_LUT6'.
Parameter \INIT = 32'10000000101000001010101010101010
Found cached RTLIL representation for module `$paramod\GTP_LUT5\INIT=32'10000000101000001010101010101010'.
Parameter \INIT = 64'0111001100000000111111110000000000000000000000001111111100000000
Found cached RTLIL representation for module `$paramod$5434a6b34cacc170b3c523e4bba8307c52788d4e\GTP_LUT6'.
Parameter \INIT = 64'0111001100000000111111110000000000000000000000001111111100000000
Found cached RTLIL representation for module `$paramod$5434a6b34cacc170b3c523e4bba8307c52788d4e\GTP_LUT6'.
Parameter \INIT = 64'0111001100000000111111110000000000000000000000001111111100000000
Found cached RTLIL representation for module `$paramod$5434a6b34cacc170b3c523e4bba8307c52788d4e\GTP_LUT6'.
Parameter \INIT = 64'0111001100000000111111110000000000000000000000001111111100000000
Found cached RTLIL representation for module `$paramod$5434a6b34cacc170b3c523e4bba8307c52788d4e\GTP_LUT6'.
Parameter \INIT = 64'0111001100000000111111110000000000000000000000001111111100000000
Found cached RTLIL representation for module `$paramod$5434a6b34cacc170b3c523e4bba8307c52788d4e\GTP_LUT6'.
Parameter \INIT = 64'0111001100000000111111110000000000000000000000001111111100000000
Found cached RTLIL representation for module `$paramod$5434a6b34cacc170b3c523e4bba8307c52788d4e\GTP_LUT6'.
Parameter \INIT = 64'0111001100000000111111110000000000000000000000001111111100000000
Found cached RTLIL representation for module `$paramod$5434a6b34cacc170b3c523e4bba8307c52788d4e\GTP_LUT6'.
Parameter \INIT = 64'0111001100000000111111110000000000000000000000001111111100000000
Found cached RTLIL representation for module `$paramod$5434a6b34cacc170b3c523e4bba8307c52788d4e\GTP_LUT6'.
Parameter \INIT = 64'0111001100000000111111110000000000000000000000001111111100000000
Found cached RTLIL representation for module `$paramod$5434a6b34cacc170b3c523e4bba8307c52788d4e\GTP_LUT6'.
Parameter \INIT = 64'0111001100000000111111110000000000000000000000001111111100000000
Found cached RTLIL representation for module `$paramod$5434a6b34cacc170b3c523e4bba8307c52788d4e\GTP_LUT6'.
Parameter \INIT = 64'0111001100000000111111110000000000000000000000001111111100000000
Found cached RTLIL representation for module `$paramod$5434a6b34cacc170b3c523e4bba8307c52788d4e\GTP_LUT6'.
Parameter \INIT = 64'0111001100000000111111110000000000000000000000001111111100000000
Found cached RTLIL representation for module `$paramod$5434a6b34cacc170b3c523e4bba8307c52788d4e\GTP_LUT6'.
Parameter \INIT = 64'0111001100000000111111110000000000000000000000001111111100000000
Found cached RTLIL representation for module `$paramod$5434a6b34cacc170b3c523e4bba8307c52788d4e\GTP_LUT6'.
Parameter \INIT = 64'0111001100000000111111110000000000000000000000001111111100000000
Found cached RTLIL representation for module `$paramod$5434a6b34cacc170b3c523e4bba8307c52788d4e\GTP_LUT6'.
Parameter \INIT = 64'0111001100000000111111110000000000000000000000001111111100000000
Found cached RTLIL representation for module `$paramod$5434a6b34cacc170b3c523e4bba8307c52788d4e\GTP_LUT6'.
Parameter \INIT = 64'0111001100000000111111110000000000000000000000001111111100000000
Found cached RTLIL representation for module `$paramod$5434a6b34cacc170b3c523e4bba8307c52788d4e\GTP_LUT6'.
Parameter \INIT = 16'0000001100000001

3.15. Executing AST frontend in derive mode using pre-parsed AST for module `\GTP_LUT4'.
Parameter \INIT = 16'0000001100000001
Generating RTLIL representation for module `$paramod\GTP_LUT4\INIT=16'0000001100000001'.
Parameter \INIT = 206

3.16. Executing AST frontend in derive mode using pre-parsed AST for module `\GTP_LUT5'.
Parameter \INIT = 206
Generating RTLIL representation for module `$paramod\GTP_LUT5\INIT=32'00000000000000000000000011001110'.
Parameter \INIT = 32'10001010000010101000101010001010
Found cached RTLIL representation for module `$paramod\GTP_LUT5\INIT=32'10001010000010101000101010001010'.
Parameter \INIT = 64'0100000011001100000000000000000011111111111111110000000000000000
Found cached RTLIL representation for module `$paramod$16dfd52a39c617677590f5f0bab992973886c5e2\GTP_LUT6'.
Parameter \INIT = 64'0100000011001100000000000000000011111111111111110000000000000000
Found cached RTLIL representation for module `$paramod$16dfd52a39c617677590f5f0bab992973886c5e2\GTP_LUT6'.
Parameter \INIT = 64'0100000011001100000000000000000011111111111111110000000000000000
Found cached RTLIL representation for module `$paramod$16dfd52a39c617677590f5f0bab992973886c5e2\GTP_LUT6'.
Parameter \INIT = 64'0100000011001100000000000000000011111111111111110000000000000000
Found cached RTLIL representation for module `$paramod$16dfd52a39c617677590f5f0bab992973886c5e2\GTP_LUT6'.
Parameter \INIT = 64'0100000011001100000000000000000011111111111111110000000000000000
Found cached RTLIL representation for module `$paramod$16dfd52a39c617677590f5f0bab992973886c5e2\GTP_LUT6'.
Parameter \INIT = 64'0100000011001100000000000000000011111111111111110000000000000000
Found cached RTLIL representation for module `$paramod$16dfd52a39c617677590f5f0bab992973886c5e2\GTP_LUT6'.
Parameter \INIT = 64'0100000011001100000000000000000011111111111111110000000000000000
Found cached RTLIL representation for module `$paramod$16dfd52a39c617677590f5f0bab992973886c5e2\GTP_LUT6'.
Parameter \INIT = 64'0100000011001100000000000000000011111111111111110000000000000000
Found cached RTLIL representation for module `$paramod$16dfd52a39c617677590f5f0bab992973886c5e2\GTP_LUT6'.
Parameter \INIT = 64'0100000011001100000000000000000011111111111111110000000000000000
Found cached RTLIL representation for module `$paramod$16dfd52a39c617677590f5f0bab992973886c5e2\GTP_LUT6'.
Parameter \INIT = 64'0100000011001100000000000000000011111111111111110000000000000000
Found cached RTLIL representation for module `$paramod$16dfd52a39c617677590f5f0bab992973886c5e2\GTP_LUT6'.
Parameter \INIT = 64'0100000011001100000000000000000011111111111111110000000000000000
Found cached RTLIL representation for module `$paramod$16dfd52a39c617677590f5f0bab992973886c5e2\GTP_LUT6'.
Parameter \INIT = 64'0100000011001100000000000000000011111111111111110000000000000000
Found cached RTLIL representation for module `$paramod$16dfd52a39c617677590f5f0bab992973886c5e2\GTP_LUT6'.
Parameter \INIT = 64'0100000011001100000000000000000011111111111111110000000000000000
Found cached RTLIL representation for module `$paramod$16dfd52a39c617677590f5f0bab992973886c5e2\GTP_LUT6'.
Parameter \INIT = 64'0100000011001100000000000000000011111111111111110000000000000000
Found cached RTLIL representation for module `$paramod$16dfd52a39c617677590f5f0bab992973886c5e2\GTP_LUT6'.
Parameter \INIT = 64'0100000011001100000000000000000011111111111111110000000000000000
Found cached RTLIL representation for module `$paramod$16dfd52a39c617677590f5f0bab992973886c5e2\GTP_LUT6'.
Parameter \INIT = 64'0100000011001100000000000000000011111111111111110000000000000000
Found cached RTLIL representation for module `$paramod$16dfd52a39c617677590f5f0bab992973886c5e2\GTP_LUT6'.
Parameter \INIT = 16'0000001100000001
Found cached RTLIL representation for module `$paramod\GTP_LUT4\INIT=16'0000001100000001'.
Parameter \INIT = 32'10000000100010001010101010101010
Found cached RTLIL representation for module `$paramod\GTP_LUT5\INIT=32'10000000100010001010101010101010'.
Parameter \INIT = 64'0100000000000000110011001100110011001100000000001100110011001100

3.17. Executing AST frontend in derive mode using pre-parsed AST for module `\GTP_LUT6'.
Parameter \INIT = 64'0100000000000000110011001100110011001100000000001100110011001100
Generating RTLIL representation for module `$paramod$5016dd73927785c730cd5dcf237328aa6f4c0786\GTP_LUT6'.
Parameter \INIT = 64'0100111100000000000011110000000011111111000000000000111100000000
Found cached RTLIL representation for module `$paramod$c6d737a35aee20f2946726bf21079a9f90b8ea62\GTP_LUT6'.
Parameter \INIT = 64'0100111100000000000011110000000011111111000000000000111100000000
Found cached RTLIL representation for module `$paramod$c6d737a35aee20f2946726bf21079a9f90b8ea62\GTP_LUT6'.
Parameter \INIT = 64'0100111100000000000011110000000011111111000000000000111100000000
Found cached RTLIL representation for module `$paramod$c6d737a35aee20f2946726bf21079a9f90b8ea62\GTP_LUT6'.
Parameter \INIT = 64'0100111100000000000011110000000011111111000000000000111100000000
Found cached RTLIL representation for module `$paramod$c6d737a35aee20f2946726bf21079a9f90b8ea62\GTP_LUT6'.
Parameter \INIT = 64'0100111100000000000011110000000011111111000000000000111100000000
Found cached RTLIL representation for module `$paramod$c6d737a35aee20f2946726bf21079a9f90b8ea62\GTP_LUT6'.
Parameter \INIT = 64'0100111100000000000011110000000011111111000000000000111100000000
Found cached RTLIL representation for module `$paramod$c6d737a35aee20f2946726bf21079a9f90b8ea62\GTP_LUT6'.
Parameter \INIT = 64'0100111100000000000011110000000011111111000000000000111100000000
Found cached RTLIL representation for module `$paramod$c6d737a35aee20f2946726bf21079a9f90b8ea62\GTP_LUT6'.
Parameter \INIT = 64'0100111100000000000011110000000011111111000000000000111100000000
Found cached RTLIL representation for module `$paramod$c6d737a35aee20f2946726bf21079a9f90b8ea62\GTP_LUT6'.
Parameter \INIT = 64'0100111100000000000011110000000011111111000000000000111100000000
Found cached RTLIL representation for module `$paramod$c6d737a35aee20f2946726bf21079a9f90b8ea62\GTP_LUT6'.
Parameter \INIT = 64'0100111100000000000011110000000011111111000000000000111100000000
Found cached RTLIL representation for module `$paramod$c6d737a35aee20f2946726bf21079a9f90b8ea62\GTP_LUT6'.
Parameter \INIT = 64'0100111100000000000011110000000011111111000000000000111100000000
Found cached RTLIL representation for module `$paramod$c6d737a35aee20f2946726bf21079a9f90b8ea62\GTP_LUT6'.
Parameter \INIT = 64'0100111100000000000011110000000011111111000000000000111100000000
Found cached RTLIL representation for module `$paramod$c6d737a35aee20f2946726bf21079a9f90b8ea62\GTP_LUT6'.
Parameter \INIT = 64'0100111100000000000011110000000011111111000000000000111100000000
Found cached RTLIL representation for module `$paramod$c6d737a35aee20f2946726bf21079a9f90b8ea62\GTP_LUT6'.
Parameter \INIT = 64'0100111100000000000011110000000011111111000000000000111100000000
Found cached RTLIL representation for module `$paramod$c6d737a35aee20f2946726bf21079a9f90b8ea62\GTP_LUT6'.
Parameter \INIT = 64'0100111100000000000011110000000011111111000000000000111100000000
Found cached RTLIL representation for module `$paramod$c6d737a35aee20f2946726bf21079a9f90b8ea62\GTP_LUT6'.
Parameter \INIT = 16'0000001100000001
Found cached RTLIL representation for module `$paramod\GTP_LUT4\INIT=16'0000001100000001'.
Parameter \INIT = 32'10001010000010101010101000001010
Found cached RTLIL representation for module `$paramod\GTP_LUT5\INIT=32'10001010000010101010101000001010'.
Parameter \INIT = 64'0100000011001100000000001100110011000000110011001100000011001100

3.18. Executing AST frontend in derive mode using pre-parsed AST for module `\GTP_LUT6'.
Parameter \INIT = 64'0100000011001100000000001100110011000000110011001100000011001100
Generating RTLIL representation for module `$paramod$2682c60770047fb7d1966b9d62e49f5705eabbb4\GTP_LUT6'.
Parameter \INIT = 64'0111111100110011001111110011001100000000000000000000000000000000
Found cached RTLIL representation for module `$paramod$cdd18be929c34e025592f526ff52cfe29cb5e1c3\GTP_LUT6'.
Parameter \INIT = 64'0111111100110011001111110011001100000000000000000000000000000000
Found cached RTLIL representation for module `$paramod$cdd18be929c34e025592f526ff52cfe29cb5e1c3\GTP_LUT6'.
Parameter \INIT = 64'0111111100110011001111110011001100000000000000000000000000000000
Found cached RTLIL representation for module `$paramod$cdd18be929c34e025592f526ff52cfe29cb5e1c3\GTP_LUT6'.
Parameter \INIT = 64'0111111100110011001111110011001100000000000000000000000000000000
Found cached RTLIL representation for module `$paramod$cdd18be929c34e025592f526ff52cfe29cb5e1c3\GTP_LUT6'.
Parameter \INIT = 64'0111111100110011001111110011001100000000000000000000000000000000
Found cached RTLIL representation for module `$paramod$cdd18be929c34e025592f526ff52cfe29cb5e1c3\GTP_LUT6'.
Parameter \INIT = 64'0111111100110011001111110011001100000000000000000000000000000000
Found cached RTLIL representation for module `$paramod$cdd18be929c34e025592f526ff52cfe29cb5e1c3\GTP_LUT6'.
Parameter \INIT = 64'0111111100110011001111110011001100000000000000000000000000000000
Found cached RTLIL representation for module `$paramod$cdd18be929c34e025592f526ff52cfe29cb5e1c3\GTP_LUT6'.
Parameter \INIT = 64'0111111100110011001111110011001100000000000000000000000000000000
Found cached RTLIL representation for module `$paramod$cdd18be929c34e025592f526ff52cfe29cb5e1c3\GTP_LUT6'.
Parameter \INIT = 64'0111111100110011001111110011001100000000000000000000000000000000
Found cached RTLIL representation for module `$paramod$cdd18be929c34e025592f526ff52cfe29cb5e1c3\GTP_LUT6'.
Parameter \INIT = 64'0111111100110011001111110011001100000000000000000000000000000000
Found cached RTLIL representation for module `$paramod$cdd18be929c34e025592f526ff52cfe29cb5e1c3\GTP_LUT6'.
Parameter \INIT = 64'0111111100110011001111110011001100000000000000000000000000000000
Found cached RTLIL representation for module `$paramod$cdd18be929c34e025592f526ff52cfe29cb5e1c3\GTP_LUT6'.
Parameter \INIT = 64'0111111100110011001111110011001100000000000000000000000000000000
Found cached RTLIL representation for module `$paramod$cdd18be929c34e025592f526ff52cfe29cb5e1c3\GTP_LUT6'.
Parameter \INIT = 64'0111111100110011001111110011001100000000000000000000000000000000
Found cached RTLIL representation for module `$paramod$cdd18be929c34e025592f526ff52cfe29cb5e1c3\GTP_LUT6'.
Parameter \INIT = 64'0111111100110011001111110011001100000000000000000000000000000000
Found cached RTLIL representation for module `$paramod$cdd18be929c34e025592f526ff52cfe29cb5e1c3\GTP_LUT6'.
Parameter \INIT = 64'0111111100110011001111110011001100000000000000000000000000000000
Found cached RTLIL representation for module `$paramod$cdd18be929c34e025592f526ff52cfe29cb5e1c3\GTP_LUT6'.
Parameter \INIT = 16'0000001100000001
Found cached RTLIL representation for module `$paramod\GTP_LUT4\INIT=16'0000001100000001'.
Parameter \INIT = 32'10001010101010100000101000001010
Found cached RTLIL representation for module `$paramod\GTP_LUT5\INIT=32'10001010101010100000101000001010'.
Parameter \INIT = 64'0100000011001100000000000000000011111111111111110000000000000000
Found cached RTLIL representation for module `$paramod$16dfd52a39c617677590f5f0bab992973886c5e2\GTP_LUT6'.
Parameter \INIT = 64'0111001111111111000000000000000000000000111111110000000000000000

3.19. Executing AST frontend in derive mode using pre-parsed AST for module `\GTP_LUT6'.
Parameter \INIT = 64'0111001111111111000000000000000000000000111111110000000000000000
Generating RTLIL representation for module `$paramod$f5e4a16bcb491aa9990d6fbe40d9369146b32ca4\GTP_LUT6'.
Parameter \INIT = 64'0111001100000000111111110000000000000000000000001111111100000000
Found cached RTLIL representation for module `$paramod$5434a6b34cacc170b3c523e4bba8307c52788d4e\GTP_LUT6'.
Parameter \INIT = 64'0111001100000000111111110000000000000000000000001111111100000000
Found cached RTLIL representation for module `$paramod$5434a6b34cacc170b3c523e4bba8307c52788d4e\GTP_LUT6'.
Parameter \INIT = 64'0111001100000000111111110000000000000000000000001111111100000000
Found cached RTLIL representation for module `$paramod$5434a6b34cacc170b3c523e4bba8307c52788d4e\GTP_LUT6'.
Parameter \INIT = 64'0111001100000000111111110000000000000000000000001111111100000000
Found cached RTLIL representation for module `$paramod$5434a6b34cacc170b3c523e4bba8307c52788d4e\GTP_LUT6'.
Parameter \INIT = 64'0111001100000000111111110000000000000000000000001111111100000000
Found cached RTLIL representation for module `$paramod$5434a6b34cacc170b3c523e4bba8307c52788d4e\GTP_LUT6'.
Parameter \INIT = 64'0111001100000000111111110000000000000000000000001111111100000000
Found cached RTLIL representation for module `$paramod$5434a6b34cacc170b3c523e4bba8307c52788d4e\GTP_LUT6'.
Parameter \INIT = 64'0111001100000000111111110000000000000000000000001111111100000000
Found cached RTLIL representation for module `$paramod$5434a6b34cacc170b3c523e4bba8307c52788d4e\GTP_LUT6'.
Parameter \INIT = 64'0111001100000000111111110000000000000000000000001111111100000000
Found cached RTLIL representation for module `$paramod$5434a6b34cacc170b3c523e4bba8307c52788d4e\GTP_LUT6'.
Parameter \INIT = 64'0111001100000000111111110000000000000000000000001111111100000000
Found cached RTLIL representation for module `$paramod$5434a6b34cacc170b3c523e4bba8307c52788d4e\GTP_LUT6'.
Parameter \INIT = 64'0111001100000000111111110000000000000000000000001111111100000000
Found cached RTLIL representation for module `$paramod$5434a6b34cacc170b3c523e4bba8307c52788d4e\GTP_LUT6'.
Parameter \INIT = 64'0111001100000000111111110000000000000000000000001111111100000000
Found cached RTLIL representation for module `$paramod$5434a6b34cacc170b3c523e4bba8307c52788d4e\GTP_LUT6'.
Parameter \INIT = 64'0111001100000000111111110000000000000000000000001111111100000000
Found cached RTLIL representation for module `$paramod$5434a6b34cacc170b3c523e4bba8307c52788d4e\GTP_LUT6'.
Parameter \INIT = 64'0111001100000000111111110000000000000000000000001111111100000000
Found cached RTLIL representation for module `$paramod$5434a6b34cacc170b3c523e4bba8307c52788d4e\GTP_LUT6'.
Parameter \INIT = 64'0111001100000000111111110000000000000000000000001111111100000000
Found cached RTLIL representation for module `$paramod$5434a6b34cacc170b3c523e4bba8307c52788d4e\GTP_LUT6'.
Parameter \INIT = 16'0000001100000001
Found cached RTLIL representation for module `$paramod\GTP_LUT4\INIT=16'0000001100000001'.
Parameter \INIT = 32'10001010101010100000000010101010
Found cached RTLIL representation for module `$paramod\GTP_LUT5\INIT=32'10001010101010100000000010101010'.
Parameter \INIT = 64'0100111100000000000011110000000011111111000000000000111100000000
Found cached RTLIL representation for module `$paramod$c6d737a35aee20f2946726bf21079a9f90b8ea62\GTP_LUT6'.
Parameter \INIT = 64'0111000011110000001100000011000000110000111100000011000000110000

3.20. Executing AST frontend in derive mode using pre-parsed AST for module `\GTP_LUT6'.
Parameter \INIT = 64'0111000011110000001100000011000000110000111100000011000000110000
Generating RTLIL representation for module `$paramod$2f91db07ba02deafce3116b1fd09dfbf1a7385f5\GTP_LUT6'.
Parameter \INIT = 64'0100000011001100110000001100110000000000110011001100000011001100
Found cached RTLIL representation for module `$paramod$b84cf86692de66f26a9ca79913971e232e24da5f\GTP_LUT6'.
Parameter \INIT = 64'0100000011001100110000001100110000000000110011001100000011001100
Found cached RTLIL representation for module `$paramod$b84cf86692de66f26a9ca79913971e232e24da5f\GTP_LUT6'.
Parameter \INIT = 64'0100000011001100110000001100110000000000110011001100000011001100
Found cached RTLIL representation for module `$paramod$b84cf86692de66f26a9ca79913971e232e24da5f\GTP_LUT6'.
Parameter \INIT = 64'0100000011001100110000001100110000000000110011001100000011001100
Found cached RTLIL representation for module `$paramod$b84cf86692de66f26a9ca79913971e232e24da5f\GTP_LUT6'.
Parameter \INIT = 64'0100000011001100110000001100110000000000110011001100000011001100
Found cached RTLIL representation for module `$paramod$b84cf86692de66f26a9ca79913971e232e24da5f\GTP_LUT6'.
Parameter \INIT = 64'0100000011001100110000001100110000000000110011001100000011001100
Found cached RTLIL representation for module `$paramod$b84cf86692de66f26a9ca79913971e232e24da5f\GTP_LUT6'.
Parameter \INIT = 64'0100000011001100110000001100110000000000110011001100000011001100
Found cached RTLIL representation for module `$paramod$b84cf86692de66f26a9ca79913971e232e24da5f\GTP_LUT6'.
Parameter \INIT = 64'0100000011001100110000001100110000000000110011001100000011001100
Found cached RTLIL representation for module `$paramod$b84cf86692de66f26a9ca79913971e232e24da5f\GTP_LUT6'.
Parameter \INIT = 64'0100000011001100110000001100110000000000110011001100000011001100
Found cached RTLIL representation for module `$paramod$b84cf86692de66f26a9ca79913971e232e24da5f\GTP_LUT6'.
Parameter \INIT = 64'0100000011001100110000001100110000000000110011001100000011001100
Found cached RTLIL representation for module `$paramod$b84cf86692de66f26a9ca79913971e232e24da5f\GTP_LUT6'.
Parameter \INIT = 64'0100000011001100110000001100110000000000110011001100000011001100
Found cached RTLIL representation for module `$paramod$b84cf86692de66f26a9ca79913971e232e24da5f\GTP_LUT6'.
Parameter \INIT = 64'0100000011001100110000001100110000000000110011001100000011001100
Found cached RTLIL representation for module `$paramod$b84cf86692de66f26a9ca79913971e232e24da5f\GTP_LUT6'.
Parameter \INIT = 64'0100000011001100110000001100110000000000110011001100000011001100
Found cached RTLIL representation for module `$paramod$b84cf86692de66f26a9ca79913971e232e24da5f\GTP_LUT6'.
Parameter \INIT = 64'0100000011001100110000001100110000000000110011001100000011001100
Found cached RTLIL representation for module `$paramod$b84cf86692de66f26a9ca79913971e232e24da5f\GTP_LUT6'.
Parameter \INIT = 16'0000001100000001
Found cached RTLIL representation for module `$paramod\GTP_LUT4\INIT=16'0000001100000001'.
Parameter \INIT = 32'10000000101010101010000010101010
Found cached RTLIL representation for module `$paramod\GTP_LUT5\INIT=32'10000000101010101010000010101010'.
Parameter \INIT = 64'0111111100110011001111110011001100000000000000000000000000000000
Found cached RTLIL representation for module `$paramod$cdd18be929c34e025592f526ff52cfe29cb5e1c3\GTP_LUT6'.
Parameter \INIT = 64'0111111100110011000000000000000000111111001100110000000000000000

3.21. Executing AST frontend in derive mode using pre-parsed AST for module `\GTP_LUT6'.
Parameter \INIT = 64'0111111100110011000000000000000000111111001100110000000000000000
Generating RTLIL representation for module `$paramod$b3fb65c7dc7e008a08cab12bbd05ce5322a27e06\GTP_LUT6'.
Parameter \INIT = 64'0100000011001100000000000000000011111111111111110000000000000000
Found cached RTLIL representation for module `$paramod$16dfd52a39c617677590f5f0bab992973886c5e2\GTP_LUT6'.
Parameter \INIT = 64'0100000011001100000000000000000011111111111111110000000000000000
Found cached RTLIL representation for module `$paramod$16dfd52a39c617677590f5f0bab992973886c5e2\GTP_LUT6'.
Parameter \INIT = 64'0100000011001100000000000000000011111111111111110000000000000000
Found cached RTLIL representation for module `$paramod$16dfd52a39c617677590f5f0bab992973886c5e2\GTP_LUT6'.
Parameter \INIT = 64'0100000011001100000000000000000011111111111111110000000000000000
Found cached RTLIL representation for module `$paramod$16dfd52a39c617677590f5f0bab992973886c5e2\GTP_LUT6'.
Parameter \INIT = 64'0100000011001100000000000000000011111111111111110000000000000000
Found cached RTLIL representation for module `$paramod$16dfd52a39c617677590f5f0bab992973886c5e2\GTP_LUT6'.
Parameter \INIT = 64'0100000011001100000000000000000011111111111111110000000000000000
Found cached RTLIL representation for module `$paramod$16dfd52a39c617677590f5f0bab992973886c5e2\GTP_LUT6'.
Parameter \INIT = 64'0100000011001100000000000000000011111111111111110000000000000000
Found cached RTLIL representation for module `$paramod$16dfd52a39c617677590f5f0bab992973886c5e2\GTP_LUT6'.
Parameter \INIT = 64'0100000011001100000000000000000011111111111111110000000000000000
Found cached RTLIL representation for module `$paramod$16dfd52a39c617677590f5f0bab992973886c5e2\GTP_LUT6'.
Parameter \INIT = 64'0100000011001100000000000000000011111111111111110000000000000000
Found cached RTLIL representation for module `$paramod$16dfd52a39c617677590f5f0bab992973886c5e2\GTP_LUT6'.
Parameter \INIT = 64'0100000011001100000000000000000011111111111111110000000000000000
Found cached RTLIL representation for module `$paramod$16dfd52a39c617677590f5f0bab992973886c5e2\GTP_LUT6'.
Parameter \INIT = 64'0100000011001100000000000000000011111111111111110000000000000000
Found cached RTLIL representation for module `$paramod$16dfd52a39c617677590f5f0bab992973886c5e2\GTP_LUT6'.
Parameter \INIT = 64'0100000011001100000000000000000011111111111111110000000000000000
Found cached RTLIL representation for module `$paramod$16dfd52a39c617677590f5f0bab992973886c5e2\GTP_LUT6'.
Parameter \INIT = 64'0100000011001100000000000000000011111111111111110000000000000000
Found cached RTLIL representation for module `$paramod$16dfd52a39c617677590f5f0bab992973886c5e2\GTP_LUT6'.
Parameter \INIT = 64'0100000011001100000000000000000011111111111111110000000000000000
Found cached RTLIL representation for module `$paramod$16dfd52a39c617677590f5f0bab992973886c5e2\GTP_LUT6'.
Parameter \INIT = 16'0000001100000001
Found cached RTLIL representation for module `$paramod\GTP_LUT4\INIT=16'0000001100000001'.
Parameter \INIT = 32'10000000101000001010101010101010
Found cached RTLIL representation for module `$paramod\GTP_LUT5\INIT=32'10000000101000001010101010101010'.
Parameter \INIT = 64'0111001100000000111111110000000000000000000000001111111100000000
Found cached RTLIL representation for module `$paramod$5434a6b34cacc170b3c523e4bba8307c52788d4e\GTP_LUT6'.
Parameter \INIT = 64'0111001100000000111111110000000000000000000000001111111100000000
Found cached RTLIL representation for module `$paramod$5434a6b34cacc170b3c523e4bba8307c52788d4e\GTP_LUT6'.
Parameter \INIT = 64'0100000000000000110011001100110011001100000000001100110011001100
Found cached RTLIL representation for module `$paramod$5016dd73927785c730cd5dcf237328aa6f4c0786\GTP_LUT6'.
Parameter \INIT = 64'0100111100000000000011110000000011111111000000000000111100000000
Found cached RTLIL representation for module `$paramod$c6d737a35aee20f2946726bf21079a9f90b8ea62\GTP_LUT6'.
Parameter \INIT = 64'0100111100000000000011110000000011111111000000000000111100000000
Found cached RTLIL representation for module `$paramod$c6d737a35aee20f2946726bf21079a9f90b8ea62\GTP_LUT6'.
Parameter \INIT = 64'0100111100000000000011110000000011111111000000000000111100000000
Found cached RTLIL representation for module `$paramod$c6d737a35aee20f2946726bf21079a9f90b8ea62\GTP_LUT6'.
Parameter \INIT = 64'0100111100000000000011110000000011111111000000000000111100000000
Found cached RTLIL representation for module `$paramod$c6d737a35aee20f2946726bf21079a9f90b8ea62\GTP_LUT6'.
Parameter \INIT = 64'0100111100000000000011110000000011111111000000000000111100000000
Found cached RTLIL representation for module `$paramod$c6d737a35aee20f2946726bf21079a9f90b8ea62\GTP_LUT6'.
Parameter \INIT = 64'0100111100000000000011110000000011111111000000000000111100000000
Found cached RTLIL representation for module `$paramod$c6d737a35aee20f2946726bf21079a9f90b8ea62\GTP_LUT6'.
Parameter \INIT = 64'0100111100000000000011110000000011111111000000000000111100000000
Found cached RTLIL representation for module `$paramod$c6d737a35aee20f2946726bf21079a9f90b8ea62\GTP_LUT6'.
Parameter \INIT = 64'0100111100000000000011110000000011111111000000000000111100000000
Found cached RTLIL representation for module `$paramod$c6d737a35aee20f2946726bf21079a9f90b8ea62\GTP_LUT6'.
Parameter \INIT = 64'0100111100000000000011110000000011111111000000000000111100000000
Found cached RTLIL representation for module `$paramod$c6d737a35aee20f2946726bf21079a9f90b8ea62\GTP_LUT6'.
Parameter \INIT = 64'0100111100000000000011110000000011111111000000000000111100000000
Found cached RTLIL representation for module `$paramod$c6d737a35aee20f2946726bf21079a9f90b8ea62\GTP_LUT6'.
Parameter \INIT = 64'0100111100000000000011110000000011111111000000000000111100000000
Found cached RTLIL representation for module `$paramod$c6d737a35aee20f2946726bf21079a9f90b8ea62\GTP_LUT6'.
Parameter \INIT = 64'0100111100000000000011110000000011111111000000000000111100000000
Found cached RTLIL representation for module `$paramod$c6d737a35aee20f2946726bf21079a9f90b8ea62\GTP_LUT6'.
Parameter \INIT = 64'0100111100000000000011110000000011111111000000000000111100000000
Found cached RTLIL representation for module `$paramod$c6d737a35aee20f2946726bf21079a9f90b8ea62\GTP_LUT6'.
Parameter \INIT = 16'0000001100000001
Found cached RTLIL representation for module `$paramod\GTP_LUT4\INIT=16'0000001100000001'.
Parameter \INIT = 32'10001010000010101010101000001010
Found cached RTLIL representation for module `$paramod\GTP_LUT5\INIT=32'10001010000010101010101000001010'.
Parameter \INIT = 64'0100000011001100110000001100110000000000110011001100000011001100
Found cached RTLIL representation for module `$paramod$b84cf86692de66f26a9ca79913971e232e24da5f\GTP_LUT6'.
Parameter \INIT = 64'0100000011001100110000001100110000000000110011001100000011001100
Found cached RTLIL representation for module `$paramod$b84cf86692de66f26a9ca79913971e232e24da5f\GTP_LUT6'.
Parameter \INIT = 64'0100000011001100000000001100110011000000110011001100000011001100
Found cached RTLIL representation for module `$paramod$2682c60770047fb7d1966b9d62e49f5705eabbb4\GTP_LUT6'.
Parameter \INIT = 64'0111111100110011001111110011001100000000000000000000000000000000
Found cached RTLIL representation for module `$paramod$cdd18be929c34e025592f526ff52cfe29cb5e1c3\GTP_LUT6'.
Parameter \INIT = 64'0111111100110011001111110011001100000000000000000000000000000000
Found cached RTLIL representation for module `$paramod$cdd18be929c34e025592f526ff52cfe29cb5e1c3\GTP_LUT6'.
Parameter \INIT = 64'0111111100110011001111110011001100000000000000000000000000000000
Found cached RTLIL representation for module `$paramod$cdd18be929c34e025592f526ff52cfe29cb5e1c3\GTP_LUT6'.
Parameter \INIT = 64'0111111100110011001111110011001100000000000000000000000000000000
Found cached RTLIL representation for module `$paramod$cdd18be929c34e025592f526ff52cfe29cb5e1c3\GTP_LUT6'.
Parameter \INIT = 64'0111111100110011001111110011001100000000000000000000000000000000
Found cached RTLIL representation for module `$paramod$cdd18be929c34e025592f526ff52cfe29cb5e1c3\GTP_LUT6'.
Parameter \INIT = 64'0111111100110011001111110011001100000000000000000000000000000000
Found cached RTLIL representation for module `$paramod$cdd18be929c34e025592f526ff52cfe29cb5e1c3\GTP_LUT6'.
Parameter \INIT = 64'0111111100110011001111110011001100000000000000000000000000000000
Found cached RTLIL representation for module `$paramod$cdd18be929c34e025592f526ff52cfe29cb5e1c3\GTP_LUT6'.
Parameter \INIT = 64'0111111100110011001111110011001100000000000000000000000000000000
Found cached RTLIL representation for module `$paramod$cdd18be929c34e025592f526ff52cfe29cb5e1c3\GTP_LUT6'.
Parameter \INIT = 64'0111111100110011001111110011001100000000000000000000000000000000
Found cached RTLIL representation for module `$paramod$cdd18be929c34e025592f526ff52cfe29cb5e1c3\GTP_LUT6'.
Parameter \INIT = 64'0111111100110011001111110011001100000000000000000000000000000000
Found cached RTLIL representation for module `$paramod$cdd18be929c34e025592f526ff52cfe29cb5e1c3\GTP_LUT6'.
Parameter \INIT = 64'0111111100110011001111110011001100000000000000000000000000000000
Found cached RTLIL representation for module `$paramod$cdd18be929c34e025592f526ff52cfe29cb5e1c3\GTP_LUT6'.
Parameter \INIT = 64'0111111100110011001111110011001100000000000000000000000000000000
Found cached RTLIL representation for module `$paramod$cdd18be929c34e025592f526ff52cfe29cb5e1c3\GTP_LUT6'.
Parameter \INIT = 64'0111111100110011001111110011001100000000000000000000000000000000
Found cached RTLIL representation for module `$paramod$cdd18be929c34e025592f526ff52cfe29cb5e1c3\GTP_LUT6'.
Parameter \INIT = 16'0000001100000001
Found cached RTLIL representation for module `$paramod\GTP_LUT4\INIT=16'0000001100000001'.
Parameter \INIT = 32'10001010101010100000101000001010
Found cached RTLIL representation for module `$paramod\GTP_LUT5\INIT=32'10001010101010100000101000001010'.
Parameter \INIT = 64'0100000011001100000000000000000011111111111111110000000000000000
Found cached RTLIL representation for module `$paramod$16dfd52a39c617677590f5f0bab992973886c5e2\GTP_LUT6'.
Parameter \INIT = 64'0100000011001100000000000000000011111111111111110000000000000000
Found cached RTLIL representation for module `$paramod$16dfd52a39c617677590f5f0bab992973886c5e2\GTP_LUT6'.
Parameter \INIT = 64'0100000011001100000000000000000011111111111111110000000000000000
Found cached RTLIL representation for module `$paramod$16dfd52a39c617677590f5f0bab992973886c5e2\GTP_LUT6'.
Parameter \INIT = 64'0111001111111111000000000000000000000000111111110000000000000000
Found cached RTLIL representation for module `$paramod$f5e4a16bcb491aa9990d6fbe40d9369146b32ca4\GTP_LUT6'.
Parameter \INIT = 64'0111001100000000111111110000000000000000000000001111111100000000
Found cached RTLIL representation for module `$paramod$5434a6b34cacc170b3c523e4bba8307c52788d4e\GTP_LUT6'.
Parameter \INIT = 64'0111001100000000111111110000000000000000000000001111111100000000
Found cached RTLIL representation for module `$paramod$5434a6b34cacc170b3c523e4bba8307c52788d4e\GTP_LUT6'.
Parameter \INIT = 64'0111001100000000111111110000000000000000000000001111111100000000
Found cached RTLIL representation for module `$paramod$5434a6b34cacc170b3c523e4bba8307c52788d4e\GTP_LUT6'.
Parameter \INIT = 64'0111001100000000111111110000000000000000000000001111111100000000
Found cached RTLIL representation for module `$paramod$5434a6b34cacc170b3c523e4bba8307c52788d4e\GTP_LUT6'.
Parameter \INIT = 64'0111001100000000111111110000000000000000000000001111111100000000
Found cached RTLIL representation for module `$paramod$5434a6b34cacc170b3c523e4bba8307c52788d4e\GTP_LUT6'.
Parameter \INIT = 64'0111001100000000111111110000000000000000000000001111111100000000
Found cached RTLIL representation for module `$paramod$5434a6b34cacc170b3c523e4bba8307c52788d4e\GTP_LUT6'.
Parameter \INIT = 64'0111001100000000111111110000000000000000000000001111111100000000
Found cached RTLIL representation for module `$paramod$5434a6b34cacc170b3c523e4bba8307c52788d4e\GTP_LUT6'.
Parameter \INIT = 64'0111001100000000111111110000000000000000000000001111111100000000
Found cached RTLIL representation for module `$paramod$5434a6b34cacc170b3c523e4bba8307c52788d4e\GTP_LUT6'.
Parameter \INIT = 64'0111001100000000111111110000000000000000000000001111111100000000
Found cached RTLIL representation for module `$paramod$5434a6b34cacc170b3c523e4bba8307c52788d4e\GTP_LUT6'.
Parameter \INIT = 64'0111001100000000111111110000000000000000000000001111111100000000
Found cached RTLIL representation for module `$paramod$5434a6b34cacc170b3c523e4bba8307c52788d4e\GTP_LUT6'.
Parameter \INIT = 64'0111001100000000111111110000000000000000000000001111111100000000
Found cached RTLIL representation for module `$paramod$5434a6b34cacc170b3c523e4bba8307c52788d4e\GTP_LUT6'.
Parameter \INIT = 64'0111001100000000111111110000000000000000000000001111111100000000
Found cached RTLIL representation for module `$paramod$5434a6b34cacc170b3c523e4bba8307c52788d4e\GTP_LUT6'.
Parameter \INIT = 16'0000001100000001
Found cached RTLIL representation for module `$paramod\GTP_LUT4\INIT=16'0000001100000001'.
Parameter \INIT = 32'10001010101010100000000010101010
Found cached RTLIL representation for module `$paramod\GTP_LUT5\INIT=32'10001010101010100000000010101010'.
Parameter \INIT = 64'0100111100000000000011110000000011111111000000000000111100000000
Found cached RTLIL representation for module `$paramod$c6d737a35aee20f2946726bf21079a9f90b8ea62\GTP_LUT6'.
Parameter \INIT = 64'0100111100000000000011110000000011111111000000000000111100000000
Found cached RTLIL representation for module `$paramod$c6d737a35aee20f2946726bf21079a9f90b8ea62\GTP_LUT6'.
Parameter \INIT = 64'0100111100000000000011110000000011111111000000000000111100000000
Found cached RTLIL representation for module `$paramod$c6d737a35aee20f2946726bf21079a9f90b8ea62\GTP_LUT6'.
Parameter \INIT = 64'0111000011110000001100000011000000110000111100000011000000110000
Found cached RTLIL representation for module `$paramod$2f91db07ba02deafce3116b1fd09dfbf1a7385f5\GTP_LUT6'.
Parameter \INIT = 64'0100000011001100110000001100110000000000110011001100000011001100
Found cached RTLIL representation for module `$paramod$b84cf86692de66f26a9ca79913971e232e24da5f\GTP_LUT6'.
Parameter \INIT = 64'0100000011001100110000001100110000000000110011001100000011001100
Found cached RTLIL representation for module `$paramod$b84cf86692de66f26a9ca79913971e232e24da5f\GTP_LUT6'.
Parameter \INIT = 64'0100000011001100110000001100110000000000110011001100000011001100
Found cached RTLIL representation for module `$paramod$b84cf86692de66f26a9ca79913971e232e24da5f\GTP_LUT6'.
Parameter \INIT = 64'0100000011001100110000001100110000000000110011001100000011001100
Found cached RTLIL representation for module `$paramod$b84cf86692de66f26a9ca79913971e232e24da5f\GTP_LUT6'.
Parameter \INIT = 64'0100000011001100110000001100110000000000110011001100000011001100
Found cached RTLIL representation for module `$paramod$b84cf86692de66f26a9ca79913971e232e24da5f\GTP_LUT6'.
Parameter \INIT = 64'0100000011001100110000001100110000000000110011001100000011001100
Found cached RTLIL representation for module `$paramod$b84cf86692de66f26a9ca79913971e232e24da5f\GTP_LUT6'.
Parameter \INIT = 64'0100000011001100110000001100110000000000110011001100000011001100
Found cached RTLIL representation for module `$paramod$b84cf86692de66f26a9ca79913971e232e24da5f\GTP_LUT6'.
Parameter \INIT = 64'0100000011001100110000001100110000000000110011001100000011001100
Found cached RTLIL representation for module `$paramod$b84cf86692de66f26a9ca79913971e232e24da5f\GTP_LUT6'.
Parameter \INIT = 64'0100000011001100110000001100110000000000110011001100000011001100
Found cached RTLIL representation for module `$paramod$b84cf86692de66f26a9ca79913971e232e24da5f\GTP_LUT6'.
Parameter \INIT = 64'0100000011001100110000001100110000000000110011001100000011001100
Found cached RTLIL representation for module `$paramod$b84cf86692de66f26a9ca79913971e232e24da5f\GTP_LUT6'.
Parameter \INIT = 64'0100000011001100110000001100110000000000110011001100000011001100
Found cached RTLIL representation for module `$paramod$b84cf86692de66f26a9ca79913971e232e24da5f\GTP_LUT6'.
Parameter \INIT = 64'0100000011001100110000001100110000000000110011001100000011001100
Found cached RTLIL representation for module `$paramod$b84cf86692de66f26a9ca79913971e232e24da5f\GTP_LUT6'.
Parameter \INIT = 16'0000001100000001
Found cached RTLIL representation for module `$paramod\GTP_LUT4\INIT=16'0000001100000001'.
Parameter \INIT = 32'10000000101010101010000010101010
Found cached RTLIL representation for module `$paramod\GTP_LUT5\INIT=32'10000000101010101010000010101010'.
Parameter \INIT = 64'0111111100110011001111110011001100000000000000000000000000000000
Found cached RTLIL representation for module `$paramod$cdd18be929c34e025592f526ff52cfe29cb5e1c3\GTP_LUT6'.
Parameter \INIT = 64'0111111100110011001111110011001100000000000000000000000000000000
Found cached RTLIL representation for module `$paramod$cdd18be929c34e025592f526ff52cfe29cb5e1c3\GTP_LUT6'.
Parameter \INIT = 64'0111111100110011001111110011001100000000000000000000000000000000
Found cached RTLIL representation for module `$paramod$cdd18be929c34e025592f526ff52cfe29cb5e1c3\GTP_LUT6'.
Parameter \INIT = 64'0111111100110011000000000000000000111111001100110000000000000000
Found cached RTLIL representation for module `$paramod$b3fb65c7dc7e008a08cab12bbd05ce5322a27e06\GTP_LUT6'.
Parameter \INIT = 64'0100000011001100000000000000000011111111111111110000000000000000
Found cached RTLIL representation for module `$paramod$16dfd52a39c617677590f5f0bab992973886c5e2\GTP_LUT6'.
Parameter \INIT = 64'0100000011001100000000000000000011111111111111110000000000000000
Found cached RTLIL representation for module `$paramod$16dfd52a39c617677590f5f0bab992973886c5e2\GTP_LUT6'.
Parameter \INIT = 64'0100000011001100000000000000000011111111111111110000000000000000
Found cached RTLIL representation for module `$paramod$16dfd52a39c617677590f5f0bab992973886c5e2\GTP_LUT6'.
Parameter \INIT = 64'0100000011001100000000000000000011111111111111110000000000000000
Found cached RTLIL representation for module `$paramod$16dfd52a39c617677590f5f0bab992973886c5e2\GTP_LUT6'.
Parameter \INIT = 64'0100000011001100000000000000000011111111111111110000000000000000
Found cached RTLIL representation for module `$paramod$16dfd52a39c617677590f5f0bab992973886c5e2\GTP_LUT6'.
Parameter \INIT = 64'0100000011001100000000000000000011111111111111110000000000000000
Found cached RTLIL representation for module `$paramod$16dfd52a39c617677590f5f0bab992973886c5e2\GTP_LUT6'.
Parameter \INIT = 64'0100000011001100000000000000000011111111111111110000000000000000
Found cached RTLIL representation for module `$paramod$16dfd52a39c617677590f5f0bab992973886c5e2\GTP_LUT6'.
Parameter \INIT = 64'0100000011001100000000000000000011111111111111110000000000000000
Found cached RTLIL representation for module `$paramod$16dfd52a39c617677590f5f0bab992973886c5e2\GTP_LUT6'.
Parameter \INIT = 64'0100000011001100000000000000000011111111111111110000000000000000
Found cached RTLIL representation for module `$paramod$16dfd52a39c617677590f5f0bab992973886c5e2\GTP_LUT6'.
Parameter \INIT = 64'0100000011001100000000000000000011111111111111110000000000000000
Found cached RTLIL representation for module `$paramod$16dfd52a39c617677590f5f0bab992973886c5e2\GTP_LUT6'.
Parameter \INIT = 64'0100000011001100000000000000000011111111111111110000000000000000
Found cached RTLIL representation for module `$paramod$16dfd52a39c617677590f5f0bab992973886c5e2\GTP_LUT6'.
Parameter \INIT = 64'0100000011001100000000000000000011111111111111110000000000000000
Found cached RTLIL representation for module `$paramod$16dfd52a39c617677590f5f0bab992973886c5e2\GTP_LUT6'.
Parameter \INIT = 16'0000001100000001
Found cached RTLIL representation for module `$paramod\GTP_LUT4\INIT=16'0000001100000001'.
Parameter \INIT = 32'10000000101000001010101010101010
Found cached RTLIL representation for module `$paramod\GTP_LUT5\INIT=32'10000000101000001010101010101010'.
Parameter \INIT = 64'0111001100000000111111110000000000000000000000001111111100000000
Found cached RTLIL representation for module `$paramod$5434a6b34cacc170b3c523e4bba8307c52788d4e\GTP_LUT6'.
Parameter \INIT = 64'0111001100000000111111110000000000000000000000001111111100000000
Found cached RTLIL representation for module `$paramod$5434a6b34cacc170b3c523e4bba8307c52788d4e\GTP_LUT6'.
Parameter \INIT = 64'0111001100000000111111110000000000000000000000001111111100000000
Found cached RTLIL representation for module `$paramod$5434a6b34cacc170b3c523e4bba8307c52788d4e\GTP_LUT6'.
Parameter \INIT = 64'0111001100000000111111110000000000000000000000001111111100000000
Found cached RTLIL representation for module `$paramod$5434a6b34cacc170b3c523e4bba8307c52788d4e\GTP_LUT6'.
Parameter \INIT = 64'0100000000000000110011001100110011001100000000001100110011001100
Found cached RTLIL representation for module `$paramod$5016dd73927785c730cd5dcf237328aa6f4c0786\GTP_LUT6'.
Parameter \INIT = 64'0100111100000000000011110000000011111111000000000000111100000000
Found cached RTLIL representation for module `$paramod$c6d737a35aee20f2946726bf21079a9f90b8ea62\GTP_LUT6'.
Parameter \INIT = 64'0100111100000000000011110000000011111111000000000000111100000000
Found cached RTLIL representation for module `$paramod$c6d737a35aee20f2946726bf21079a9f90b8ea62\GTP_LUT6'.
Parameter \INIT = 64'0100111100000000000011110000000011111111000000000000111100000000
Found cached RTLIL representation for module `$paramod$c6d737a35aee20f2946726bf21079a9f90b8ea62\GTP_LUT6'.
Parameter \INIT = 64'0100111100000000000011110000000011111111000000000000111100000000
Found cached RTLIL representation for module `$paramod$c6d737a35aee20f2946726bf21079a9f90b8ea62\GTP_LUT6'.
Parameter \INIT = 64'0100111100000000000011110000000011111111000000000000111100000000
Found cached RTLIL representation for module `$paramod$c6d737a35aee20f2946726bf21079a9f90b8ea62\GTP_LUT6'.
Parameter \INIT = 64'0100111100000000000011110000000011111111000000000000111100000000
Found cached RTLIL representation for module `$paramod$c6d737a35aee20f2946726bf21079a9f90b8ea62\GTP_LUT6'.
Parameter \INIT = 64'0100111100000000000011110000000011111111000000000000111100000000
Found cached RTLIL representation for module `$paramod$c6d737a35aee20f2946726bf21079a9f90b8ea62\GTP_LUT6'.
Parameter \INIT = 64'0100111100000000000011110000000011111111000000000000111100000000
Found cached RTLIL representation for module `$paramod$c6d737a35aee20f2946726bf21079a9f90b8ea62\GTP_LUT6'.
Parameter \INIT = 64'0100111100000000000011110000000011111111000000000000111100000000
Found cached RTLIL representation for module `$paramod$c6d737a35aee20f2946726bf21079a9f90b8ea62\GTP_LUT6'.
Parameter \INIT = 64'0100111100000000000011110000000011111111000000000000111100000000
Found cached RTLIL representation for module `$paramod$c6d737a35aee20f2946726bf21079a9f90b8ea62\GTP_LUT6'.
Parameter \INIT = 64'0100111100000000000011110000000011111111000000000000111100000000
Found cached RTLIL representation for module `$paramod$c6d737a35aee20f2946726bf21079a9f90b8ea62\GTP_LUT6'.
Parameter \INIT = 16'0000001100000001
Found cached RTLIL representation for module `$paramod\GTP_LUT4\INIT=16'0000001100000001'.
Parameter \INIT = 32'10001010000010101010101000001010
Found cached RTLIL representation for module `$paramod\GTP_LUT5\INIT=32'10001010000010101010101000001010'.
Parameter \INIT = 64'0100000011001100110000001100110000000000110011001100000011001100
Found cached RTLIL representation for module `$paramod$b84cf86692de66f26a9ca79913971e232e24da5f\GTP_LUT6'.
Parameter \INIT = 64'0100000011001100110000001100110000000000110011001100000011001100
Found cached RTLIL representation for module `$paramod$b84cf86692de66f26a9ca79913971e232e24da5f\GTP_LUT6'.
Parameter \INIT = 64'0100000011001100110000001100110000000000110011001100000011001100
Found cached RTLIL representation for module `$paramod$b84cf86692de66f26a9ca79913971e232e24da5f\GTP_LUT6'.
Parameter \INIT = 64'0100000011001100110000001100110000000000110011001100000011001100
Found cached RTLIL representation for module `$paramod$b84cf86692de66f26a9ca79913971e232e24da5f\GTP_LUT6'.
Parameter \INIT = 64'0100000011001100000000001100110011000000110011001100000011001100
Found cached RTLIL representation for module `$paramod$2682c60770047fb7d1966b9d62e49f5705eabbb4\GTP_LUT6'.
Parameter \INIT = 64'0111111100110011001111110011001100000000000000000000000000000000
Found cached RTLIL representation for module `$paramod$cdd18be929c34e025592f526ff52cfe29cb5e1c3\GTP_LUT6'.
Parameter \INIT = 64'0111111100110011001111110011001100000000000000000000000000000000
Found cached RTLIL representation for module `$paramod$cdd18be929c34e025592f526ff52cfe29cb5e1c3\GTP_LUT6'.
Parameter \INIT = 64'0111111100110011001111110011001100000000000000000000000000000000
Found cached RTLIL representation for module `$paramod$cdd18be929c34e025592f526ff52cfe29cb5e1c3\GTP_LUT6'.
Parameter \INIT = 64'0111111100110011001111110011001100000000000000000000000000000000
Found cached RTLIL representation for module `$paramod$cdd18be929c34e025592f526ff52cfe29cb5e1c3\GTP_LUT6'.
Parameter \INIT = 64'0111111100110011001111110011001100000000000000000000000000000000
Found cached RTLIL representation for module `$paramod$cdd18be929c34e025592f526ff52cfe29cb5e1c3\GTP_LUT6'.
Parameter \INIT = 64'0111111100110011001111110011001100000000000000000000000000000000
Found cached RTLIL representation for module `$paramod$cdd18be929c34e025592f526ff52cfe29cb5e1c3\GTP_LUT6'.
Parameter \INIT = 64'0111111100110011001111110011001100000000000000000000000000000000
Found cached RTLIL representation for module `$paramod$cdd18be929c34e025592f526ff52cfe29cb5e1c3\GTP_LUT6'.
Parameter \INIT = 64'0111111100110011001111110011001100000000000000000000000000000000
Found cached RTLIL representation for module `$paramod$cdd18be929c34e025592f526ff52cfe29cb5e1c3\GTP_LUT6'.
Parameter \INIT = 64'0111111100110011001111110011001100000000000000000000000000000000
Found cached RTLIL representation for module `$paramod$cdd18be929c34e025592f526ff52cfe29cb5e1c3\GTP_LUT6'.
Parameter \INIT = 64'0111111100110011001111110011001100000000000000000000000000000000
Found cached RTLIL representation for module `$paramod$cdd18be929c34e025592f526ff52cfe29cb5e1c3\GTP_LUT6'.
Parameter \INIT = 64'0111111100110011001111110011001100000000000000000000000000000000
Found cached RTLIL representation for module `$paramod$cdd18be929c34e025592f526ff52cfe29cb5e1c3\GTP_LUT6'.
Parameter \INIT = 16'0000001100000001
Found cached RTLIL representation for module `$paramod\GTP_LUT4\INIT=16'0000001100000001'.
Parameter \INIT = 32'10001010101010100000101000001010
Found cached RTLIL representation for module `$paramod\GTP_LUT5\INIT=32'10001010101010100000101000001010'.
Parameter \INIT = 64'0100000011001100000000000000000011111111111111110000000000000000
Found cached RTLIL representation for module `$paramod$16dfd52a39c617677590f5f0bab992973886c5e2\GTP_LUT6'.
Parameter \INIT = 64'0100000011001100000000000000000011111111111111110000000000000000
Found cached RTLIL representation for module `$paramod$16dfd52a39c617677590f5f0bab992973886c5e2\GTP_LUT6'.
Parameter \INIT = 64'0100000011001100000000000000000011111111111111110000000000000000
Found cached RTLIL representation for module `$paramod$16dfd52a39c617677590f5f0bab992973886c5e2\GTP_LUT6'.
Parameter \INIT = 64'0100000011001100000000000000000011111111111111110000000000000000
Found cached RTLIL representation for module `$paramod$16dfd52a39c617677590f5f0bab992973886c5e2\GTP_LUT6'.
Parameter \INIT = 64'0100000011001100000000000000000011111111111111110000000000000000
Found cached RTLIL representation for module `$paramod$16dfd52a39c617677590f5f0bab992973886c5e2\GTP_LUT6'.
Parameter \INIT = 64'0111001111111111000000000000000000000000111111110000000000000000
Found cached RTLIL representation for module `$paramod$f5e4a16bcb491aa9990d6fbe40d9369146b32ca4\GTP_LUT6'.
Parameter \INIT = 64'0111001100000000111111110000000000000000000000001111111100000000
Found cached RTLIL representation for module `$paramod$5434a6b34cacc170b3c523e4bba8307c52788d4e\GTP_LUT6'.
Parameter \INIT = 64'0111001100000000111111110000000000000000000000001111111100000000
Found cached RTLIL representation for module `$paramod$5434a6b34cacc170b3c523e4bba8307c52788d4e\GTP_LUT6'.
Parameter \INIT = 64'0111001100000000111111110000000000000000000000001111111100000000
Found cached RTLIL representation for module `$paramod$5434a6b34cacc170b3c523e4bba8307c52788d4e\GTP_LUT6'.
Parameter \INIT = 64'0111001100000000111111110000000000000000000000001111111100000000
Found cached RTLIL representation for module `$paramod$5434a6b34cacc170b3c523e4bba8307c52788d4e\GTP_LUT6'.
Parameter \INIT = 64'0111001100000000111111110000000000000000000000001111111100000000
Found cached RTLIL representation for module `$paramod$5434a6b34cacc170b3c523e4bba8307c52788d4e\GTP_LUT6'.
Parameter \INIT = 64'0111001100000000111111110000000000000000000000001111111100000000
Found cached RTLIL representation for module `$paramod$5434a6b34cacc170b3c523e4bba8307c52788d4e\GTP_LUT6'.
Parameter \INIT = 64'0111001100000000111111110000000000000000000000001111111100000000
Found cached RTLIL representation for module `$paramod$5434a6b34cacc170b3c523e4bba8307c52788d4e\GTP_LUT6'.
Parameter \INIT = 64'0111001100000000111111110000000000000000000000001111111100000000
Found cached RTLIL representation for module `$paramod$5434a6b34cacc170b3c523e4bba8307c52788d4e\GTP_LUT6'.
Parameter \INIT = 64'0111001100000000111111110000000000000000000000001111111100000000
Found cached RTLIL representation for module `$paramod$5434a6b34cacc170b3c523e4bba8307c52788d4e\GTP_LUT6'.
Parameter \INIT = 64'0111001100000000111111110000000000000000000000001111111100000000
Found cached RTLIL representation for module `$paramod$5434a6b34cacc170b3c523e4bba8307c52788d4e\GTP_LUT6'.
Parameter \INIT = 16'0000001100000001
Found cached RTLIL representation for module `$paramod\GTP_LUT4\INIT=16'0000001100000001'.
Parameter \INIT = 32'10001010101010100000000010101010
Found cached RTLIL representation for module `$paramod\GTP_LUT5\INIT=32'10001010101010100000000010101010'.
Parameter \INIT = 64'0100111100000000000011110000000011111111000000000000111100000000
Found cached RTLIL representation for module `$paramod$c6d737a35aee20f2946726bf21079a9f90b8ea62\GTP_LUT6'.
Parameter \INIT = 64'0100111100000000000011110000000011111111000000000000111100000000
Found cached RTLIL representation for module `$paramod$c6d737a35aee20f2946726bf21079a9f90b8ea62\GTP_LUT6'.
Parameter \INIT = 64'0100111100000000000011110000000011111111000000000000111100000000
Found cached RTLIL representation for module `$paramod$c6d737a35aee20f2946726bf21079a9f90b8ea62\GTP_LUT6'.
Parameter \INIT = 64'0100111100000000000011110000000011111111000000000000111100000000
Found cached RTLIL representation for module `$paramod$c6d737a35aee20f2946726bf21079a9f90b8ea62\GTP_LUT6'.
Parameter \INIT = 64'0100111100000000000011110000000011111111000000000000111100000000
Found cached RTLIL representation for module `$paramod$c6d737a35aee20f2946726bf21079a9f90b8ea62\GTP_LUT6'.
Parameter \INIT = 64'0111000011110000001100000011000000110000111100000011000000110000
Found cached RTLIL representation for module `$paramod$2f91db07ba02deafce3116b1fd09dfbf1a7385f5\GTP_LUT6'.
Parameter \INIT = 64'0100000011001100110000001100110000000000110011001100000011001100
Found cached RTLIL representation for module `$paramod$b84cf86692de66f26a9ca79913971e232e24da5f\GTP_LUT6'.
Parameter \INIT = 64'0100000011001100110000001100110000000000110011001100000011001100
Found cached RTLIL representation for module `$paramod$b84cf86692de66f26a9ca79913971e232e24da5f\GTP_LUT6'.
Parameter \INIT = 64'0100000011001100110000001100110000000000110011001100000011001100
Found cached RTLIL representation for module `$paramod$b84cf86692de66f26a9ca79913971e232e24da5f\GTP_LUT6'.
Parameter \INIT = 64'0100000011001100110000001100110000000000110011001100000011001100
Found cached RTLIL representation for module `$paramod$b84cf86692de66f26a9ca79913971e232e24da5f\GTP_LUT6'.
Parameter \INIT = 64'0100000011001100110000001100110000000000110011001100000011001100
Found cached RTLIL representation for module `$paramod$b84cf86692de66f26a9ca79913971e232e24da5f\GTP_LUT6'.
Parameter \INIT = 64'0100000011001100110000001100110000000000110011001100000011001100
Found cached RTLIL representation for module `$paramod$b84cf86692de66f26a9ca79913971e232e24da5f\GTP_LUT6'.
Parameter \INIT = 64'0100000011001100110000001100110000000000110011001100000011001100
Found cached RTLIL representation for module `$paramod$b84cf86692de66f26a9ca79913971e232e24da5f\GTP_LUT6'.
Parameter \INIT = 64'0100000011001100110000001100110000000000110011001100000011001100
Found cached RTLIL representation for module `$paramod$b84cf86692de66f26a9ca79913971e232e24da5f\GTP_LUT6'.
Parameter \INIT = 64'0100000011001100110000001100110000000000110011001100000011001100
Found cached RTLIL representation for module `$paramod$b84cf86692de66f26a9ca79913971e232e24da5f\GTP_LUT6'.
Parameter \INIT = 64'0100000011001100110000001100110000000000110011001100000011001100
Found cached RTLIL representation for module `$paramod$b84cf86692de66f26a9ca79913971e232e24da5f\GTP_LUT6'.
Parameter \INIT = 16'0000001100000001
Found cached RTLIL representation for module `$paramod\GTP_LUT4\INIT=16'0000001100000001'.
Parameter \INIT = 32'10000000101010101010000010101010
Found cached RTLIL representation for module `$paramod\GTP_LUT5\INIT=32'10000000101010101010000010101010'.
Parameter \INIT = 64'0111111100110011001111110011001100000000000000000000000000000000
Found cached RTLIL representation for module `$paramod$cdd18be929c34e025592f526ff52cfe29cb5e1c3\GTP_LUT6'.
Parameter \INIT = 64'0111111100110011001111110011001100000000000000000000000000000000
Found cached RTLIL representation for module `$paramod$cdd18be929c34e025592f526ff52cfe29cb5e1c3\GTP_LUT6'.
Parameter \INIT = 64'0111111100110011001111110011001100000000000000000000000000000000
Found cached RTLIL representation for module `$paramod$cdd18be929c34e025592f526ff52cfe29cb5e1c3\GTP_LUT6'.
Parameter \INIT = 64'0111111100110011001111110011001100000000000000000000000000000000
Found cached RTLIL representation for module `$paramod$cdd18be929c34e025592f526ff52cfe29cb5e1c3\GTP_LUT6'.
Parameter \INIT = 64'0111111100110011001111110011001100000000000000000000000000000000
Found cached RTLIL representation for module `$paramod$cdd18be929c34e025592f526ff52cfe29cb5e1c3\GTP_LUT6'.
Parameter \INIT = 64'0111111100110011000000000000000000111111001100110000000000000000
Found cached RTLIL representation for module `$paramod$b3fb65c7dc7e008a08cab12bbd05ce5322a27e06\GTP_LUT6'.
Parameter \INIT = 64'0100000011001100000000000000000011111111111111110000000000000000
Found cached RTLIL representation for module `$paramod$16dfd52a39c617677590f5f0bab992973886c5e2\GTP_LUT6'.
Parameter \INIT = 64'0100000011001100000000000000000011111111111111110000000000000000
Found cached RTLIL representation for module `$paramod$16dfd52a39c617677590f5f0bab992973886c5e2\GTP_LUT6'.
Parameter \INIT = 64'0100000011001100000000000000000011111111111111110000000000000000
Found cached RTLIL representation for module `$paramod$16dfd52a39c617677590f5f0bab992973886c5e2\GTP_LUT6'.
Parameter \INIT = 64'0100000011001100000000000000000011111111111111110000000000000000
Found cached RTLIL representation for module `$paramod$16dfd52a39c617677590f5f0bab992973886c5e2\GTP_LUT6'.
Parameter \INIT = 64'0100000011001100000000000000000011111111111111110000000000000000
Found cached RTLIL representation for module `$paramod$16dfd52a39c617677590f5f0bab992973886c5e2\GTP_LUT6'.
Parameter \INIT = 64'0100000011001100000000000000000011111111111111110000000000000000
Found cached RTLIL representation for module `$paramod$16dfd52a39c617677590f5f0bab992973886c5e2\GTP_LUT6'.
Parameter \INIT = 64'0100000011001100000000000000000011111111111111110000000000000000
Found cached RTLIL representation for module `$paramod$16dfd52a39c617677590f5f0bab992973886c5e2\GTP_LUT6'.
Parameter \INIT = 64'0100000011001100000000000000000011111111111111110000000000000000
Found cached RTLIL representation for module `$paramod$16dfd52a39c617677590f5f0bab992973886c5e2\GTP_LUT6'.
Parameter \INIT = 64'0100000011001100000000000000000011111111111111110000000000000000
Found cached RTLIL representation for module `$paramod$16dfd52a39c617677590f5f0bab992973886c5e2\GTP_LUT6'.
Parameter \INIT = 64'0100000011001100000000000000000011111111111111110000000000000000
Found cached RTLIL representation for module `$paramod$16dfd52a39c617677590f5f0bab992973886c5e2\GTP_LUT6'.
Parameter \INIT = 16'0000001100000001
Found cached RTLIL representation for module `$paramod\GTP_LUT4\INIT=16'0000001100000001'.
Parameter \INIT = 32'10000000101000001010101010101010
Found cached RTLIL representation for module `$paramod\GTP_LUT5\INIT=32'10000000101000001010101010101010'.
Parameter \INIT = 64'0111001100000000111111110000000000000000000000001111111100000000
Found cached RTLIL representation for module `$paramod$5434a6b34cacc170b3c523e4bba8307c52788d4e\GTP_LUT6'.
Parameter \INIT = 64'0111001100000000111111110000000000000000000000001111111100000000
Found cached RTLIL representation for module `$paramod$5434a6b34cacc170b3c523e4bba8307c52788d4e\GTP_LUT6'.
Parameter \INIT = 64'0111001100000000111111110000000000000000000000001111111100000000
Found cached RTLIL representation for module `$paramod$5434a6b34cacc170b3c523e4bba8307c52788d4e\GTP_LUT6'.
Parameter \INIT = 64'0111001100000000111111110000000000000000000000001111111100000000
Found cached RTLIL representation for module `$paramod$5434a6b34cacc170b3c523e4bba8307c52788d4e\GTP_LUT6'.
Parameter \INIT = 64'0111001100000000111111110000000000000000000000001111111100000000
Found cached RTLIL representation for module `$paramod$5434a6b34cacc170b3c523e4bba8307c52788d4e\GTP_LUT6'.
Parameter \INIT = 64'0111001100000000111111110000000000000000000000001111111100000000
Found cached RTLIL representation for module `$paramod$5434a6b34cacc170b3c523e4bba8307c52788d4e\GTP_LUT6'.
Parameter \INIT = 64'0100000000000000110011001100110011001100000000001100110011001100
Found cached RTLIL representation for module `$paramod$5016dd73927785c730cd5dcf237328aa6f4c0786\GTP_LUT6'.
Parameter \INIT = 64'0100111100000000000011110000000011111111000000000000111100000000
Found cached RTLIL representation for module `$paramod$c6d737a35aee20f2946726bf21079a9f90b8ea62\GTP_LUT6'.
Parameter \INIT = 64'0100111100000000000011110000000011111111000000000000111100000000
Found cached RTLIL representation for module `$paramod$c6d737a35aee20f2946726bf21079a9f90b8ea62\GTP_LUT6'.
Parameter \INIT = 64'0100111100000000000011110000000011111111000000000000111100000000
Found cached RTLIL representation for module `$paramod$c6d737a35aee20f2946726bf21079a9f90b8ea62\GTP_LUT6'.
Parameter \INIT = 64'0100111100000000000011110000000011111111000000000000111100000000
Found cached RTLIL representation for module `$paramod$c6d737a35aee20f2946726bf21079a9f90b8ea62\GTP_LUT6'.
Parameter \INIT = 64'0100111100000000000011110000000011111111000000000000111100000000
Found cached RTLIL representation for module `$paramod$c6d737a35aee20f2946726bf21079a9f90b8ea62\GTP_LUT6'.
Parameter \INIT = 64'0100111100000000000011110000000011111111000000000000111100000000
Found cached RTLIL representation for module `$paramod$c6d737a35aee20f2946726bf21079a9f90b8ea62\GTP_LUT6'.
Parameter \INIT = 64'0100111100000000000011110000000011111111000000000000111100000000
Found cached RTLIL representation for module `$paramod$c6d737a35aee20f2946726bf21079a9f90b8ea62\GTP_LUT6'.
Parameter \INIT = 64'0100111100000000000011110000000011111111000000000000111100000000
Found cached RTLIL representation for module `$paramod$c6d737a35aee20f2946726bf21079a9f90b8ea62\GTP_LUT6'.
Parameter \INIT = 64'0100111100000000000011110000000011111111000000000000111100000000
Found cached RTLIL representation for module `$paramod$c6d737a35aee20f2946726bf21079a9f90b8ea62\GTP_LUT6'.
Parameter \INIT = 16'0000001100000001
Found cached RTLIL representation for module `$paramod\GTP_LUT4\INIT=16'0000001100000001'.
Parameter \INIT = 32'10001010000010101010101000001010
Found cached RTLIL representation for module `$paramod\GTP_LUT5\INIT=32'10001010000010101010101000001010'.
Parameter \INIT = 64'0100000011001100110000001100110000000000110011001100000011001100
Found cached RTLIL representation for module `$paramod$b84cf86692de66f26a9ca79913971e232e24da5f\GTP_LUT6'.
Parameter \INIT = 64'0100000011001100110000001100110000000000110011001100000011001100
Found cached RTLIL representation for module `$paramod$b84cf86692de66f26a9ca79913971e232e24da5f\GTP_LUT6'.
Parameter \INIT = 64'0100000011001100110000001100110000000000110011001100000011001100
Found cached RTLIL representation for module `$paramod$b84cf86692de66f26a9ca79913971e232e24da5f\GTP_LUT6'.
Parameter \INIT = 64'0100000011001100110000001100110000000000110011001100000011001100
Found cached RTLIL representation for module `$paramod$b84cf86692de66f26a9ca79913971e232e24da5f\GTP_LUT6'.
Parameter \INIT = 64'0100000011001100110000001100110000000000110011001100000011001100
Found cached RTLIL representation for module `$paramod$b84cf86692de66f26a9ca79913971e232e24da5f\GTP_LUT6'.
Parameter \INIT = 64'0100000011001100110000001100110000000000110011001100000011001100
Found cached RTLIL representation for module `$paramod$b84cf86692de66f26a9ca79913971e232e24da5f\GTP_LUT6'.
Parameter \INIT = 64'0100000011001100000000001100110011000000110011001100000011001100
Found cached RTLIL representation for module `$paramod$2682c60770047fb7d1966b9d62e49f5705eabbb4\GTP_LUT6'.
Parameter \INIT = 64'0111111100110011001111110011001100000000000000000000000000000000
Found cached RTLIL representation for module `$paramod$cdd18be929c34e025592f526ff52cfe29cb5e1c3\GTP_LUT6'.
Parameter \INIT = 64'0111111100110011001111110011001100000000000000000000000000000000
Found cached RTLIL representation for module `$paramod$cdd18be929c34e025592f526ff52cfe29cb5e1c3\GTP_LUT6'.
Parameter \INIT = 64'0111111100110011001111110011001100000000000000000000000000000000
Found cached RTLIL representation for module `$paramod$cdd18be929c34e025592f526ff52cfe29cb5e1c3\GTP_LUT6'.
Parameter \INIT = 64'0111111100110011001111110011001100000000000000000000000000000000
Found cached RTLIL representation for module `$paramod$cdd18be929c34e025592f526ff52cfe29cb5e1c3\GTP_LUT6'.
Parameter \INIT = 64'0111111100110011001111110011001100000000000000000000000000000000
Found cached RTLIL representation for module `$paramod$cdd18be929c34e025592f526ff52cfe29cb5e1c3\GTP_LUT6'.
Parameter \INIT = 64'0111111100110011001111110011001100000000000000000000000000000000
Found cached RTLIL representation for module `$paramod$cdd18be929c34e025592f526ff52cfe29cb5e1c3\GTP_LUT6'.
Parameter \INIT = 64'0111111100110011001111110011001100000000000000000000000000000000
Found cached RTLIL representation for module `$paramod$cdd18be929c34e025592f526ff52cfe29cb5e1c3\GTP_LUT6'.
Parameter \INIT = 64'0111111100110011001111110011001100000000000000000000000000000000
Found cached RTLIL representation for module `$paramod$cdd18be929c34e025592f526ff52cfe29cb5e1c3\GTP_LUT6'.
Parameter \INIT = 64'0111111100110011001111110011001100000000000000000000000000000000
Found cached RTLIL representation for module `$paramod$cdd18be929c34e025592f526ff52cfe29cb5e1c3\GTP_LUT6'.
Parameter \INIT = 16'0000001100000001
Found cached RTLIL representation for module `$paramod\GTP_LUT4\INIT=16'0000001100000001'.
Parameter \INIT = 32'10001010101010100000101000001010
Found cached RTLIL representation for module `$paramod\GTP_LUT5\INIT=32'10001010101010100000101000001010'.
Parameter \INIT = 64'0100000011001100000000000000000011111111111111110000000000000000
Found cached RTLIL representation for module `$paramod$16dfd52a39c617677590f5f0bab992973886c5e2\GTP_LUT6'.
Parameter \INIT = 64'0100000011001100000000000000000011111111111111110000000000000000
Found cached RTLIL representation for module `$paramod$16dfd52a39c617677590f5f0bab992973886c5e2\GTP_LUT6'.
Parameter \INIT = 64'0100000011001100000000000000000011111111111111110000000000000000
Found cached RTLIL representation for module `$paramod$16dfd52a39c617677590f5f0bab992973886c5e2\GTP_LUT6'.
Parameter \INIT = 64'0100000011001100000000000000000011111111111111110000000000000000
Found cached RTLIL representation for module `$paramod$16dfd52a39c617677590f5f0bab992973886c5e2\GTP_LUT6'.
Parameter \INIT = 64'0100000011001100000000000000000011111111111111110000000000000000
Found cached RTLIL representation for module `$paramod$16dfd52a39c617677590f5f0bab992973886c5e2\GTP_LUT6'.
Parameter \INIT = 64'0100000011001100000000000000000011111111111111110000000000000000
Found cached RTLIL representation for module `$paramod$16dfd52a39c617677590f5f0bab992973886c5e2\GTP_LUT6'.
Parameter \INIT = 64'0100000011001100000000000000000011111111111111110000000000000000
Found cached RTLIL representation for module `$paramod$16dfd52a39c617677590f5f0bab992973886c5e2\GTP_LUT6'.
Parameter \INIT = 64'0111001111111111000000000000000000000000111111110000000000000000
Found cached RTLIL representation for module `$paramod$f5e4a16bcb491aa9990d6fbe40d9369146b32ca4\GTP_LUT6'.
Parameter \INIT = 64'0111001100000000111111110000000000000000000000001111111100000000
Found cached RTLIL representation for module `$paramod$5434a6b34cacc170b3c523e4bba8307c52788d4e\GTP_LUT6'.
Parameter \INIT = 64'0111001100000000111111110000000000000000000000001111111100000000
Found cached RTLIL representation for module `$paramod$5434a6b34cacc170b3c523e4bba8307c52788d4e\GTP_LUT6'.
Parameter \INIT = 64'0111001100000000111111110000000000000000000000001111111100000000
Found cached RTLIL representation for module `$paramod$5434a6b34cacc170b3c523e4bba8307c52788d4e\GTP_LUT6'.
Parameter \INIT = 64'0111001100000000111111110000000000000000000000001111111100000000
Found cached RTLIL representation for module `$paramod$5434a6b34cacc170b3c523e4bba8307c52788d4e\GTP_LUT6'.
Parameter \INIT = 64'0111001100000000111111110000000000000000000000001111111100000000
Found cached RTLIL representation for module `$paramod$5434a6b34cacc170b3c523e4bba8307c52788d4e\GTP_LUT6'.
Parameter \INIT = 64'0111001100000000111111110000000000000000000000001111111100000000
Found cached RTLIL representation for module `$paramod$5434a6b34cacc170b3c523e4bba8307c52788d4e\GTP_LUT6'.
Parameter \INIT = 64'0111001100000000111111110000000000000000000000001111111100000000
Found cached RTLIL representation for module `$paramod$5434a6b34cacc170b3c523e4bba8307c52788d4e\GTP_LUT6'.
Parameter \INIT = 64'0111001100000000111111110000000000000000000000001111111100000000
Found cached RTLIL representation for module `$paramod$5434a6b34cacc170b3c523e4bba8307c52788d4e\GTP_LUT6'.
Parameter \INIT = 16'0000001100000001
Found cached RTLIL representation for module `$paramod\GTP_LUT4\INIT=16'0000001100000001'.
Parameter \INIT = 32'10001010101010100000000010101010
Found cached RTLIL representation for module `$paramod\GTP_LUT5\INIT=32'10001010101010100000000010101010'.
Parameter \INIT = 64'0100111100000000000011110000000011111111000000000000111100000000
Found cached RTLIL representation for module `$paramod$c6d737a35aee20f2946726bf21079a9f90b8ea62\GTP_LUT6'.
Parameter \INIT = 64'0100111100000000000011110000000011111111000000000000111100000000
Found cached RTLIL representation for module `$paramod$c6d737a35aee20f2946726bf21079a9f90b8ea62\GTP_LUT6'.
Parameter \INIT = 64'0100111100000000000011110000000011111111000000000000111100000000
Found cached RTLIL representation for module `$paramod$c6d737a35aee20f2946726bf21079a9f90b8ea62\GTP_LUT6'.
Parameter \INIT = 64'0100111100000000000011110000000011111111000000000000111100000000
Found cached RTLIL representation for module `$paramod$c6d737a35aee20f2946726bf21079a9f90b8ea62\GTP_LUT6'.
Parameter \INIT = 64'0100111100000000000011110000000011111111000000000000111100000000
Found cached RTLIL representation for module `$paramod$c6d737a35aee20f2946726bf21079a9f90b8ea62\GTP_LUT6'.
Parameter \INIT = 64'0100111100000000000011110000000011111111000000000000111100000000
Found cached RTLIL representation for module `$paramod$c6d737a35aee20f2946726bf21079a9f90b8ea62\GTP_LUT6'.
Parameter \INIT = 64'0100111100000000000011110000000011111111000000000000111100000000
Found cached RTLIL representation for module `$paramod$c6d737a35aee20f2946726bf21079a9f90b8ea62\GTP_LUT6'.
Parameter \INIT = 64'0111000011110000001100000011000000110000111100000011000000110000
Found cached RTLIL representation for module `$paramod$2f91db07ba02deafce3116b1fd09dfbf1a7385f5\GTP_LUT6'.
Parameter \INIT = 64'0100000011001100110000001100110000000000110011001100000011001100
Found cached RTLIL representation for module `$paramod$b84cf86692de66f26a9ca79913971e232e24da5f\GTP_LUT6'.
Parameter \INIT = 64'0100000011001100110000001100110000000000110011001100000011001100
Found cached RTLIL representation for module `$paramod$b84cf86692de66f26a9ca79913971e232e24da5f\GTP_LUT6'.
Parameter \INIT = 64'0100000011001100110000001100110000000000110011001100000011001100
Found cached RTLIL representation for module `$paramod$b84cf86692de66f26a9ca79913971e232e24da5f\GTP_LUT6'.
Parameter \INIT = 64'0100000011001100110000001100110000000000110011001100000011001100
Found cached RTLIL representation for module `$paramod$b84cf86692de66f26a9ca79913971e232e24da5f\GTP_LUT6'.
Parameter \INIT = 64'0100000011001100110000001100110000000000110011001100000011001100
Found cached RTLIL representation for module `$paramod$b84cf86692de66f26a9ca79913971e232e24da5f\GTP_LUT6'.
Parameter \INIT = 64'0100000011001100110000001100110000000000110011001100000011001100
Found cached RTLIL representation for module `$paramod$b84cf86692de66f26a9ca79913971e232e24da5f\GTP_LUT6'.
Parameter \INIT = 64'0100000011001100110000001100110000000000110011001100000011001100
Found cached RTLIL representation for module `$paramod$b84cf86692de66f26a9ca79913971e232e24da5f\GTP_LUT6'.
Parameter \INIT = 64'0100000011001100110000001100110000000000110011001100000011001100
Found cached RTLIL representation for module `$paramod$b84cf86692de66f26a9ca79913971e232e24da5f\GTP_LUT6'.
Parameter \INIT = 16'0000001100000001
Found cached RTLIL representation for module `$paramod\GTP_LUT4\INIT=16'0000001100000001'.
Parameter \INIT = 32'10000000101010101010000010101010
Found cached RTLIL representation for module `$paramod\GTP_LUT5\INIT=32'10000000101010101010000010101010'.
Parameter \INIT = 64'0111111100110011001111110011001100000000000000000000000000000000
Found cached RTLIL representation for module `$paramod$cdd18be929c34e025592f526ff52cfe29cb5e1c3\GTP_LUT6'.
Parameter \INIT = 64'0111111100110011001111110011001100000000000000000000000000000000
Found cached RTLIL representation for module `$paramod$cdd18be929c34e025592f526ff52cfe29cb5e1c3\GTP_LUT6'.
Parameter \INIT = 64'0111111100110011001111110011001100000000000000000000000000000000
Found cached RTLIL representation for module `$paramod$cdd18be929c34e025592f526ff52cfe29cb5e1c3\GTP_LUT6'.
Parameter \INIT = 64'0111111100110011001111110011001100000000000000000000000000000000
Found cached RTLIL representation for module `$paramod$cdd18be929c34e025592f526ff52cfe29cb5e1c3\GTP_LUT6'.
Parameter \INIT = 64'0111111100110011001111110011001100000000000000000000000000000000
Found cached RTLIL representation for module `$paramod$cdd18be929c34e025592f526ff52cfe29cb5e1c3\GTP_LUT6'.
Parameter \INIT = 64'0111111100110011001111110011001100000000000000000000000000000000
Found cached RTLIL representation for module `$paramod$cdd18be929c34e025592f526ff52cfe29cb5e1c3\GTP_LUT6'.
Parameter \INIT = 64'0111111100110011001111110011001100000000000000000000000000000000
Found cached RTLIL representation for module `$paramod$cdd18be929c34e025592f526ff52cfe29cb5e1c3\GTP_LUT6'.
Parameter \INIT = 64'0111111100110011000000000000000000111111001100110000000000000000
Found cached RTLIL representation for module `$paramod$b3fb65c7dc7e008a08cab12bbd05ce5322a27e06\GTP_LUT6'.
Parameter \INIT = 64'0100000011001100000000000000000011111111111111110000000000000000
Found cached RTLIL representation for module `$paramod$16dfd52a39c617677590f5f0bab992973886c5e2\GTP_LUT6'.
Parameter \INIT = 64'0100000011001100000000000000000011111111111111110000000000000000
Found cached RTLIL representation for module `$paramod$16dfd52a39c617677590f5f0bab992973886c5e2\GTP_LUT6'.
Parameter \INIT = 64'0100000011001100000000000000000011111111111111110000000000000000
Found cached RTLIL representation for module `$paramod$16dfd52a39c617677590f5f0bab992973886c5e2\GTP_LUT6'.
Parameter \INIT = 64'0100000011001100000000000000000011111111111111110000000000000000
Found cached RTLIL representation for module `$paramod$16dfd52a39c617677590f5f0bab992973886c5e2\GTP_LUT6'.
Parameter \INIT = 64'0100000011001100000000000000000011111111111111110000000000000000
Found cached RTLIL representation for module `$paramod$16dfd52a39c617677590f5f0bab992973886c5e2\GTP_LUT6'.
Parameter \INIT = 64'0100000011001100000000000000000011111111111111110000000000000000
Found cached RTLIL representation for module `$paramod$16dfd52a39c617677590f5f0bab992973886c5e2\GTP_LUT6'.
Parameter \INIT = 64'0100000011001100000000000000000011111111111111110000000000000000
Found cached RTLIL representation for module `$paramod$16dfd52a39c617677590f5f0bab992973886c5e2\GTP_LUT6'.
Parameter \INIT = 64'0100000011001100000000000000000011111111111111110000000000000000
Found cached RTLIL representation for module `$paramod$16dfd52a39c617677590f5f0bab992973886c5e2\GTP_LUT6'.
Parameter \INIT = 16'0000001100000001
Found cached RTLIL representation for module `$paramod\GTP_LUT4\INIT=16'0000001100000001'.
Parameter \INIT = 32'10000000101000001010101010101010
Found cached RTLIL representation for module `$paramod\GTP_LUT5\INIT=32'10000000101000001010101010101010'.
Parameter \INIT = 64'0111001100000000111111110000000000000000000000001111111100000000
Found cached RTLIL representation for module `$paramod$5434a6b34cacc170b3c523e4bba8307c52788d4e\GTP_LUT6'.
Parameter \INIT = 64'0111001100000000111111110000000000000000000000001111111100000000
Found cached RTLIL representation for module `$paramod$5434a6b34cacc170b3c523e4bba8307c52788d4e\GTP_LUT6'.
Parameter \INIT = 64'0111001100000000111111110000000000000000000000001111111100000000
Found cached RTLIL representation for module `$paramod$5434a6b34cacc170b3c523e4bba8307c52788d4e\GTP_LUT6'.
Parameter \INIT = 64'0111001100000000111111110000000000000000000000001111111100000000
Found cached RTLIL representation for module `$paramod$5434a6b34cacc170b3c523e4bba8307c52788d4e\GTP_LUT6'.
Parameter \INIT = 64'0111001100000000111111110000000000000000000000001111111100000000
Found cached RTLIL representation for module `$paramod$5434a6b34cacc170b3c523e4bba8307c52788d4e\GTP_LUT6'.
Parameter \INIT = 64'0111001100000000111111110000000000000000000000001111111100000000
Found cached RTLIL representation for module `$paramod$5434a6b34cacc170b3c523e4bba8307c52788d4e\GTP_LUT6'.
Parameter \INIT = 64'0111001100000000111111110000000000000000000000001111111100000000
Found cached RTLIL representation for module `$paramod$5434a6b34cacc170b3c523e4bba8307c52788d4e\GTP_LUT6'.
Parameter \INIT = 64'0111001100000000111111110000000000000000000000001111111100000000
Found cached RTLIL representation for module `$paramod$5434a6b34cacc170b3c523e4bba8307c52788d4e\GTP_LUT6'.
Parameter \INIT = 64'0100000000000000110011001100110011001100000000001100110011001100
Found cached RTLIL representation for module `$paramod$5016dd73927785c730cd5dcf237328aa6f4c0786\GTP_LUT6'.
Parameter \INIT = 64'0100111100000000000011110000000011111111000000000000111100000000
Found cached RTLIL representation for module `$paramod$c6d737a35aee20f2946726bf21079a9f90b8ea62\GTP_LUT6'.
Parameter \INIT = 64'0100111100000000000011110000000011111111000000000000111100000000
Found cached RTLIL representation for module `$paramod$c6d737a35aee20f2946726bf21079a9f90b8ea62\GTP_LUT6'.
Parameter \INIT = 64'0100111100000000000011110000000011111111000000000000111100000000
Found cached RTLIL representation for module `$paramod$c6d737a35aee20f2946726bf21079a9f90b8ea62\GTP_LUT6'.
Parameter \INIT = 64'0100111100000000000011110000000011111111000000000000111100000000
Found cached RTLIL representation for module `$paramod$c6d737a35aee20f2946726bf21079a9f90b8ea62\GTP_LUT6'.
Parameter \INIT = 64'0100111100000000000011110000000011111111000000000000111100000000
Found cached RTLIL representation for module `$paramod$c6d737a35aee20f2946726bf21079a9f90b8ea62\GTP_LUT6'.
Parameter \INIT = 64'0100111100000000000011110000000011111111000000000000111100000000
Found cached RTLIL representation for module `$paramod$c6d737a35aee20f2946726bf21079a9f90b8ea62\GTP_LUT6'.
Parameter \INIT = 64'0100111100000000000011110000000011111111000000000000111100000000
Found cached RTLIL representation for module `$paramod$c6d737a35aee20f2946726bf21079a9f90b8ea62\GTP_LUT6'.
Parameter \INIT = 16'0000001100000001
Found cached RTLIL representation for module `$paramod\GTP_LUT4\INIT=16'0000001100000001'.
Parameter \INIT = 32'10001010000010101010101000001010
Found cached RTLIL representation for module `$paramod\GTP_LUT5\INIT=32'10001010000010101010101000001010'.
Parameter \INIT = 64'0100000011001100110000001100110000000000110011001100000011001100
Found cached RTLIL representation for module `$paramod$b84cf86692de66f26a9ca79913971e232e24da5f\GTP_LUT6'.
Parameter \INIT = 64'0100000011001100110000001100110000000000110011001100000011001100
Found cached RTLIL representation for module `$paramod$b84cf86692de66f26a9ca79913971e232e24da5f\GTP_LUT6'.
Parameter \INIT = 64'0100000011001100110000001100110000000000110011001100000011001100
Found cached RTLIL representation for module `$paramod$b84cf86692de66f26a9ca79913971e232e24da5f\GTP_LUT6'.
Parameter \INIT = 64'0100000011001100110000001100110000000000110011001100000011001100
Found cached RTLIL representation for module `$paramod$b84cf86692de66f26a9ca79913971e232e24da5f\GTP_LUT6'.
Parameter \INIT = 64'0100000011001100110000001100110000000000110011001100000011001100
Found cached RTLIL representation for module `$paramod$b84cf86692de66f26a9ca79913971e232e24da5f\GTP_LUT6'.
Parameter \INIT = 64'0100000011001100110000001100110000000000110011001100000011001100
Found cached RTLIL representation for module `$paramod$b84cf86692de66f26a9ca79913971e232e24da5f\GTP_LUT6'.
Parameter \INIT = 64'0100000011001100110000001100110000000000110011001100000011001100
Found cached RTLIL representation for module `$paramod$b84cf86692de66f26a9ca79913971e232e24da5f\GTP_LUT6'.
Parameter \INIT = 64'0100000011001100110000001100110000000000110011001100000011001100
Found cached RTLIL representation for module `$paramod$b84cf86692de66f26a9ca79913971e232e24da5f\GTP_LUT6'.
Parameter \INIT = 64'0100000011001100000000001100110011000000110011001100000011001100
Found cached RTLIL representation for module `$paramod$2682c60770047fb7d1966b9d62e49f5705eabbb4\GTP_LUT6'.
Parameter \INIT = 64'0111111100110011001111110011001100000000000000000000000000000000
Found cached RTLIL representation for module `$paramod$cdd18be929c34e025592f526ff52cfe29cb5e1c3\GTP_LUT6'.
Parameter \INIT = 64'0111111100110011001111110011001100000000000000000000000000000000
Found cached RTLIL representation for module `$paramod$cdd18be929c34e025592f526ff52cfe29cb5e1c3\GTP_LUT6'.
Parameter \INIT = 64'0111111100110011001111110011001100000000000000000000000000000000
Found cached RTLIL representation for module `$paramod$cdd18be929c34e025592f526ff52cfe29cb5e1c3\GTP_LUT6'.
Parameter \INIT = 64'0111111100110011001111110011001100000000000000000000000000000000
Found cached RTLIL representation for module `$paramod$cdd18be929c34e025592f526ff52cfe29cb5e1c3\GTP_LUT6'.
Parameter \INIT = 64'0111111100110011001111110011001100000000000000000000000000000000
Found cached RTLIL representation for module `$paramod$cdd18be929c34e025592f526ff52cfe29cb5e1c3\GTP_LUT6'.
Parameter \INIT = 64'0111111100110011001111110011001100000000000000000000000000000000
Found cached RTLIL representation for module `$paramod$cdd18be929c34e025592f526ff52cfe29cb5e1c3\GTP_LUT6'.
Parameter \INIT = 64'0111111100110011001111110011001100000000000000000000000000000000
Found cached RTLIL representation for module `$paramod$cdd18be929c34e025592f526ff52cfe29cb5e1c3\GTP_LUT6'.
Parameter \INIT = 16'0000001100000001
Found cached RTLIL representation for module `$paramod\GTP_LUT4\INIT=16'0000001100000001'.
Parameter \INIT = 32'10001010101010100000101000001010
Found cached RTLIL representation for module `$paramod\GTP_LUT5\INIT=32'10001010101010100000101000001010'.
Parameter \INIT = 64'0100000011001100000000000000000011111111111111110000000000000000
Found cached RTLIL representation for module `$paramod$16dfd52a39c617677590f5f0bab992973886c5e2\GTP_LUT6'.
Parameter \INIT = 64'0100000011001100000000000000000011111111111111110000000000000000
Found cached RTLIL representation for module `$paramod$16dfd52a39c617677590f5f0bab992973886c5e2\GTP_LUT6'.
Parameter \INIT = 64'0100000011001100000000000000000011111111111111110000000000000000
Found cached RTLIL representation for module `$paramod$16dfd52a39c617677590f5f0bab992973886c5e2\GTP_LUT6'.
Parameter \INIT = 64'0100000011001100000000000000000011111111111111110000000000000000
Found cached RTLIL representation for module `$paramod$16dfd52a39c617677590f5f0bab992973886c5e2\GTP_LUT6'.
Parameter \INIT = 64'0100000011001100000000000000000011111111111111110000000000000000
Found cached RTLIL representation for module `$paramod$16dfd52a39c617677590f5f0bab992973886c5e2\GTP_LUT6'.
Parameter \INIT = 64'0100000011001100000000000000000011111111111111110000000000000000
Found cached RTLIL representation for module `$paramod$16dfd52a39c617677590f5f0bab992973886c5e2\GTP_LUT6'.
Parameter \INIT = 64'0100000011001100000000000000000011111111111111110000000000000000
Found cached RTLIL representation for module `$paramod$16dfd52a39c617677590f5f0bab992973886c5e2\GTP_LUT6'.
Parameter \INIT = 64'0100000011001100000000000000000011111111111111110000000000000000
Found cached RTLIL representation for module `$paramod$16dfd52a39c617677590f5f0bab992973886c5e2\GTP_LUT6'.
Parameter \INIT = 64'0100000011001100000000000000000011111111111111110000000000000000
Found cached RTLIL representation for module `$paramod$16dfd52a39c617677590f5f0bab992973886c5e2\GTP_LUT6'.
Parameter \INIT = 64'0111001111111111000000000000000000000000111111110000000000000000
Found cached RTLIL representation for module `$paramod$f5e4a16bcb491aa9990d6fbe40d9369146b32ca4\GTP_LUT6'.
Parameter \INIT = 64'0111001100000000111111110000000000000000000000001111111100000000
Found cached RTLIL representation for module `$paramod$5434a6b34cacc170b3c523e4bba8307c52788d4e\GTP_LUT6'.
Parameter \INIT = 64'0111001100000000111111110000000000000000000000001111111100000000
Found cached RTLIL representation for module `$paramod$5434a6b34cacc170b3c523e4bba8307c52788d4e\GTP_LUT6'.
Parameter \INIT = 64'0111001100000000111111110000000000000000000000001111111100000000
Found cached RTLIL representation for module `$paramod$5434a6b34cacc170b3c523e4bba8307c52788d4e\GTP_LUT6'.
Parameter \INIT = 64'0111001100000000111111110000000000000000000000001111111100000000
Found cached RTLIL representation for module `$paramod$5434a6b34cacc170b3c523e4bba8307c52788d4e\GTP_LUT6'.
Parameter \INIT = 64'0111001100000000111111110000000000000000000000001111111100000000
Found cached RTLIL representation for module `$paramod$5434a6b34cacc170b3c523e4bba8307c52788d4e\GTP_LUT6'.
Parameter \INIT = 64'0111001100000000111111110000000000000000000000001111111100000000
Found cached RTLIL representation for module `$paramod$5434a6b34cacc170b3c523e4bba8307c52788d4e\GTP_LUT6'.
Parameter \INIT = 16'0000001100000001
Found cached RTLIL representation for module `$paramod\GTP_LUT4\INIT=16'0000001100000001'.
Parameter \INIT = 32'10001010101010100000000010101010
Found cached RTLIL representation for module `$paramod\GTP_LUT5\INIT=32'10001010101010100000000010101010'.
Parameter \INIT = 64'0100111100000000000011110000000011111111000000000000111100000000
Found cached RTLIL representation for module `$paramod$c6d737a35aee20f2946726bf21079a9f90b8ea62\GTP_LUT6'.
Parameter \INIT = 64'0100111100000000000011110000000011111111000000000000111100000000
Found cached RTLIL representation for module `$paramod$c6d737a35aee20f2946726bf21079a9f90b8ea62\GTP_LUT6'.
Parameter \INIT = 64'0100111100000000000011110000000011111111000000000000111100000000
Found cached RTLIL representation for module `$paramod$c6d737a35aee20f2946726bf21079a9f90b8ea62\GTP_LUT6'.
Parameter \INIT = 64'0100111100000000000011110000000011111111000000000000111100000000
Found cached RTLIL representation for module `$paramod$c6d737a35aee20f2946726bf21079a9f90b8ea62\GTP_LUT6'.
Parameter \INIT = 64'0100111100000000000011110000000011111111000000000000111100000000
Found cached RTLIL representation for module `$paramod$c6d737a35aee20f2946726bf21079a9f90b8ea62\GTP_LUT6'.
Parameter \INIT = 64'0100111100000000000011110000000011111111000000000000111100000000
Found cached RTLIL representation for module `$paramod$c6d737a35aee20f2946726bf21079a9f90b8ea62\GTP_LUT6'.
Parameter \INIT = 64'0100111100000000000011110000000011111111000000000000111100000000
Found cached RTLIL representation for module `$paramod$c6d737a35aee20f2946726bf21079a9f90b8ea62\GTP_LUT6'.
Parameter \INIT = 64'0100111100000000000011110000000011111111000000000000111100000000
Found cached RTLIL representation for module `$paramod$c6d737a35aee20f2946726bf21079a9f90b8ea62\GTP_LUT6'.
Parameter \INIT = 64'0100111100000000000011110000000011111111000000000000111100000000
Found cached RTLIL representation for module `$paramod$c6d737a35aee20f2946726bf21079a9f90b8ea62\GTP_LUT6'.
Parameter \INIT = 64'0111000011110000001100000011000000110000111100000011000000110000
Found cached RTLIL representation for module `$paramod$2f91db07ba02deafce3116b1fd09dfbf1a7385f5\GTP_LUT6'.
Parameter \INIT = 64'0100000011001100110000001100110000000000110011001100000011001100
Found cached RTLIL representation for module `$paramod$b84cf86692de66f26a9ca79913971e232e24da5f\GTP_LUT6'.
Parameter \INIT = 64'0100000011001100110000001100110000000000110011001100000011001100
Found cached RTLIL representation for module `$paramod$b84cf86692de66f26a9ca79913971e232e24da5f\GTP_LUT6'.
Parameter \INIT = 64'0100000011001100110000001100110000000000110011001100000011001100
Found cached RTLIL representation for module `$paramod$b84cf86692de66f26a9ca79913971e232e24da5f\GTP_LUT6'.
Parameter \INIT = 64'0100000011001100110000001100110000000000110011001100000011001100
Found cached RTLIL representation for module `$paramod$b84cf86692de66f26a9ca79913971e232e24da5f\GTP_LUT6'.
Parameter \INIT = 64'0100000011001100110000001100110000000000110011001100000011001100
Found cached RTLIL representation for module `$paramod$b84cf86692de66f26a9ca79913971e232e24da5f\GTP_LUT6'.
Parameter \INIT = 64'0100000011001100110000001100110000000000110011001100000011001100
Found cached RTLIL representation for module `$paramod$b84cf86692de66f26a9ca79913971e232e24da5f\GTP_LUT6'.
Parameter \INIT = 16'0000001100000001
Found cached RTLIL representation for module `$paramod\GTP_LUT4\INIT=16'0000001100000001'.
Parameter \INIT = 32'10000000101010101010000010101010
Found cached RTLIL representation for module `$paramod\GTP_LUT5\INIT=32'10000000101010101010000010101010'.
Parameter \INIT = 64'0111111100110011001111110011001100000000000000000000000000000000
Found cached RTLIL representation for module `$paramod$cdd18be929c34e025592f526ff52cfe29cb5e1c3\GTP_LUT6'.
Parameter \INIT = 64'0111111100110011001111110011001100000000000000000000000000000000
Found cached RTLIL representation for module `$paramod$cdd18be929c34e025592f526ff52cfe29cb5e1c3\GTP_LUT6'.
Parameter \INIT = 64'0111111100110011001111110011001100000000000000000000000000000000
Found cached RTLIL representation for module `$paramod$cdd18be929c34e025592f526ff52cfe29cb5e1c3\GTP_LUT6'.
Parameter \INIT = 64'0111111100110011001111110011001100000000000000000000000000000000
Found cached RTLIL representation for module `$paramod$cdd18be929c34e025592f526ff52cfe29cb5e1c3\GTP_LUT6'.
Parameter \INIT = 64'0111111100110011001111110011001100000000000000000000000000000000
Found cached RTLIL representation for module `$paramod$cdd18be929c34e025592f526ff52cfe29cb5e1c3\GTP_LUT6'.
Parameter \INIT = 64'0111111100110011001111110011001100000000000000000000000000000000
Found cached RTLIL representation for module `$paramod$cdd18be929c34e025592f526ff52cfe29cb5e1c3\GTP_LUT6'.
Parameter \INIT = 64'0111111100110011001111110011001100000000000000000000000000000000
Found cached RTLIL representation for module `$paramod$cdd18be929c34e025592f526ff52cfe29cb5e1c3\GTP_LUT6'.
Parameter \INIT = 64'0111111100110011001111110011001100000000000000000000000000000000
Found cached RTLIL representation for module `$paramod$cdd18be929c34e025592f526ff52cfe29cb5e1c3\GTP_LUT6'.
Parameter \INIT = 64'0111111100110011001111110011001100000000000000000000000000000000
Found cached RTLIL representation for module `$paramod$cdd18be929c34e025592f526ff52cfe29cb5e1c3\GTP_LUT6'.
Parameter \INIT = 64'0111111100110011000000000000000000111111001100110000000000000000
Found cached RTLIL representation for module `$paramod$b3fb65c7dc7e008a08cab12bbd05ce5322a27e06\GTP_LUT6'.
Parameter \INIT = 64'0100000011001100000000000000000011111111111111110000000000000000
Found cached RTLIL representation for module `$paramod$16dfd52a39c617677590f5f0bab992973886c5e2\GTP_LUT6'.
Parameter \INIT = 64'0100000011001100000000000000000011111111111111110000000000000000
Found cached RTLIL representation for module `$paramod$16dfd52a39c617677590f5f0bab992973886c5e2\GTP_LUT6'.
Parameter \INIT = 64'0100000011001100000000000000000011111111111111110000000000000000
Found cached RTLIL representation for module `$paramod$16dfd52a39c617677590f5f0bab992973886c5e2\GTP_LUT6'.
Parameter \INIT = 64'0100000011001100000000000000000011111111111111110000000000000000
Found cached RTLIL representation for module `$paramod$16dfd52a39c617677590f5f0bab992973886c5e2\GTP_LUT6'.
Parameter \INIT = 64'0100000011001100000000000000000011111111111111110000000000000000
Found cached RTLIL representation for module `$paramod$16dfd52a39c617677590f5f0bab992973886c5e2\GTP_LUT6'.
Parameter \INIT = 64'0100000011001100000000000000000011111111111111110000000000000000
Found cached RTLIL representation for module `$paramod$16dfd52a39c617677590f5f0bab992973886c5e2\GTP_LUT6'.
Parameter \INIT = 16'0000001100000001
Found cached RTLIL representation for module `$paramod\GTP_LUT4\INIT=16'0000001100000001'.
Parameter \INIT = 32'10000000101000001010101010101010
Found cached RTLIL representation for module `$paramod\GTP_LUT5\INIT=32'10000000101000001010101010101010'.
Parameter \INIT = 64'0111001100000000111111110000000000000000000000001111111100000000
Found cached RTLIL representation for module `$paramod$5434a6b34cacc170b3c523e4bba8307c52788d4e\GTP_LUT6'.
Parameter \INIT = 64'0111001100000000111111110000000000000000000000001111111100000000
Found cached RTLIL representation for module `$paramod$5434a6b34cacc170b3c523e4bba8307c52788d4e\GTP_LUT6'.
Parameter \INIT = 64'0111001100000000111111110000000000000000000000001111111100000000
Found cached RTLIL representation for module `$paramod$5434a6b34cacc170b3c523e4bba8307c52788d4e\GTP_LUT6'.
Parameter \INIT = 64'0111001100000000111111110000000000000000000000001111111100000000
Found cached RTLIL representation for module `$paramod$5434a6b34cacc170b3c523e4bba8307c52788d4e\GTP_LUT6'.
Parameter \INIT = 64'0111001100000000111111110000000000000000000000001111111100000000
Found cached RTLIL representation for module `$paramod$5434a6b34cacc170b3c523e4bba8307c52788d4e\GTP_LUT6'.
Parameter \INIT = 64'0111001100000000111111110000000000000000000000001111111100000000
Found cached RTLIL representation for module `$paramod$5434a6b34cacc170b3c523e4bba8307c52788d4e\GTP_LUT6'.
Parameter \INIT = 64'0111001100000000111111110000000000000000000000001111111100000000
Found cached RTLIL representation for module `$paramod$5434a6b34cacc170b3c523e4bba8307c52788d4e\GTP_LUT6'.
Parameter \INIT = 64'0111001100000000111111110000000000000000000000001111111100000000
Found cached RTLIL representation for module `$paramod$5434a6b34cacc170b3c523e4bba8307c52788d4e\GTP_LUT6'.
Parameter \INIT = 64'0111001100000000111111110000000000000000000000001111111100000000
Found cached RTLIL representation for module `$paramod$5434a6b34cacc170b3c523e4bba8307c52788d4e\GTP_LUT6'.
Parameter \INIT = 64'0111001100000000111111110000000000000000000000001111111100000000
Found cached RTLIL representation for module `$paramod$5434a6b34cacc170b3c523e4bba8307c52788d4e\GTP_LUT6'.
Parameter \INIT = 64'0100000000000000110011001100110011001100000000001100110011001100
Found cached RTLIL representation for module `$paramod$5016dd73927785c730cd5dcf237328aa6f4c0786\GTP_LUT6'.
Parameter \INIT = 64'0100111100000000000011110000000011111111000000000000111100000000
Found cached RTLIL representation for module `$paramod$c6d737a35aee20f2946726bf21079a9f90b8ea62\GTP_LUT6'.
Parameter \INIT = 64'0100111100000000000011110000000011111111000000000000111100000000
Found cached RTLIL representation for module `$paramod$c6d737a35aee20f2946726bf21079a9f90b8ea62\GTP_LUT6'.
Parameter \INIT = 64'0100111100000000000011110000000011111111000000000000111100000000
Found cached RTLIL representation for module `$paramod$c6d737a35aee20f2946726bf21079a9f90b8ea62\GTP_LUT6'.
Parameter \INIT = 64'0100111100000000000011110000000011111111000000000000111100000000
Found cached RTLIL representation for module `$paramod$c6d737a35aee20f2946726bf21079a9f90b8ea62\GTP_LUT6'.
Parameter \INIT = 64'0100111100000000000011110000000011111111000000000000111100000000
Found cached RTLIL representation for module `$paramod$c6d737a35aee20f2946726bf21079a9f90b8ea62\GTP_LUT6'.
Parameter \INIT = 16'0000001100000001
Found cached RTLIL representation for module `$paramod\GTP_LUT4\INIT=16'0000001100000001'.
Parameter \INIT = 32'10001010000010101010101000001010
Found cached RTLIL representation for module `$paramod\GTP_LUT5\INIT=32'10001010000010101010101000001010'.
Parameter \INIT = 64'0100000011001100110000001100110000000000110011001100000011001100
Found cached RTLIL representation for module `$paramod$b84cf86692de66f26a9ca79913971e232e24da5f\GTP_LUT6'.
Parameter \INIT = 64'0100000011001100110000001100110000000000110011001100000011001100
Found cached RTLIL representation for module `$paramod$b84cf86692de66f26a9ca79913971e232e24da5f\GTP_LUT6'.
Parameter \INIT = 64'0100000011001100110000001100110000000000110011001100000011001100
Found cached RTLIL representation for module `$paramod$b84cf86692de66f26a9ca79913971e232e24da5f\GTP_LUT6'.
Parameter \INIT = 64'0100000011001100110000001100110000000000110011001100000011001100
Found cached RTLIL representation for module `$paramod$b84cf86692de66f26a9ca79913971e232e24da5f\GTP_LUT6'.
Parameter \INIT = 64'0100000011001100110000001100110000000000110011001100000011001100
Found cached RTLIL representation for module `$paramod$b84cf86692de66f26a9ca79913971e232e24da5f\GTP_LUT6'.
Parameter \INIT = 64'0100000011001100110000001100110000000000110011001100000011001100
Found cached RTLIL representation for module `$paramod$b84cf86692de66f26a9ca79913971e232e24da5f\GTP_LUT6'.
Parameter \INIT = 64'0100000011001100110000001100110000000000110011001100000011001100
Found cached RTLIL representation for module `$paramod$b84cf86692de66f26a9ca79913971e232e24da5f\GTP_LUT6'.
Parameter \INIT = 64'0100000011001100110000001100110000000000110011001100000011001100
Found cached RTLIL representation for module `$paramod$b84cf86692de66f26a9ca79913971e232e24da5f\GTP_LUT6'.
Parameter \INIT = 64'0100000011001100110000001100110000000000110011001100000011001100
Found cached RTLIL representation for module `$paramod$b84cf86692de66f26a9ca79913971e232e24da5f\GTP_LUT6'.
Parameter \INIT = 64'0100000011001100110000001100110000000000110011001100000011001100
Found cached RTLIL representation for module `$paramod$b84cf86692de66f26a9ca79913971e232e24da5f\GTP_LUT6'.
Parameter \INIT = 64'0100000011001100000000001100110011000000110011001100000011001100
Found cached RTLIL representation for module `$paramod$2682c60770047fb7d1966b9d62e49f5705eabbb4\GTP_LUT6'.
Parameter \INIT = 64'0111111100110011001111110011001100000000000000000000000000000000
Found cached RTLIL representation for module `$paramod$cdd18be929c34e025592f526ff52cfe29cb5e1c3\GTP_LUT6'.
Parameter \INIT = 64'0111111100110011001111110011001100000000000000000000000000000000
Found cached RTLIL representation for module `$paramod$cdd18be929c34e025592f526ff52cfe29cb5e1c3\GTP_LUT6'.
Parameter \INIT = 64'0111111100110011001111110011001100000000000000000000000000000000
Found cached RTLIL representation for module `$paramod$cdd18be929c34e025592f526ff52cfe29cb5e1c3\GTP_LUT6'.
Parameter \INIT = 64'0111111100110011001111110011001100000000000000000000000000000000
Found cached RTLIL representation for module `$paramod$cdd18be929c34e025592f526ff52cfe29cb5e1c3\GTP_LUT6'.
Parameter \INIT = 64'0111111100110011001111110011001100000000000000000000000000000000
Found cached RTLIL representation for module `$paramod$cdd18be929c34e025592f526ff52cfe29cb5e1c3\GTP_LUT6'.
Parameter \INIT = 16'0000001100000001
Found cached RTLIL representation for module `$paramod\GTP_LUT4\INIT=16'0000001100000001'.
Parameter \INIT = 32'10001010101010100000101000001010
Found cached RTLIL representation for module `$paramod\GTP_LUT5\INIT=32'10001010101010100000101000001010'.
Parameter \INIT = 64'0100000011001100000000000000000011111111111111110000000000000000
Found cached RTLIL representation for module `$paramod$16dfd52a39c617677590f5f0bab992973886c5e2\GTP_LUT6'.
Parameter \INIT = 64'0100000011001100000000000000000011111111111111110000000000000000
Found cached RTLIL representation for module `$paramod$16dfd52a39c617677590f5f0bab992973886c5e2\GTP_LUT6'.
Parameter \INIT = 64'0100000011001100000000000000000011111111111111110000000000000000
Found cached RTLIL representation for module `$paramod$16dfd52a39c617677590f5f0bab992973886c5e2\GTP_LUT6'.
Parameter \INIT = 64'0100000011001100000000000000000011111111111111110000000000000000
Found cached RTLIL representation for module `$paramod$16dfd52a39c617677590f5f0bab992973886c5e2\GTP_LUT6'.
Parameter \INIT = 64'0100000011001100000000000000000011111111111111110000000000000000
Found cached RTLIL representation for module `$paramod$16dfd52a39c617677590f5f0bab992973886c5e2\GTP_LUT6'.
Parameter \INIT = 64'0100000011001100000000000000000011111111111111110000000000000000
Found cached RTLIL representation for module `$paramod$16dfd52a39c617677590f5f0bab992973886c5e2\GTP_LUT6'.
Parameter \INIT = 64'0100000011001100000000000000000011111111111111110000000000000000
Found cached RTLIL representation for module `$paramod$16dfd52a39c617677590f5f0bab992973886c5e2\GTP_LUT6'.
Parameter \INIT = 64'0100000011001100000000000000000011111111111111110000000000000000
Found cached RTLIL representation for module `$paramod$16dfd52a39c617677590f5f0bab992973886c5e2\GTP_LUT6'.
Parameter \INIT = 64'0100000011001100000000000000000011111111111111110000000000000000
Found cached RTLIL representation for module `$paramod$16dfd52a39c617677590f5f0bab992973886c5e2\GTP_LUT6'.
Parameter \INIT = 64'0100000011001100000000000000000011111111111111110000000000000000
Found cached RTLIL representation for module `$paramod$16dfd52a39c617677590f5f0bab992973886c5e2\GTP_LUT6'.
Parameter \INIT = 64'0100000011001100000000000000000011111111111111110000000000000000
Found cached RTLIL representation for module `$paramod$16dfd52a39c617677590f5f0bab992973886c5e2\GTP_LUT6'.
Parameter \INIT = 64'0111001111111111000000000000000000000000111111110000000000000000
Found cached RTLIL representation for module `$paramod$f5e4a16bcb491aa9990d6fbe40d9369146b32ca4\GTP_LUT6'.
Parameter \INIT = 64'0111001100000000111111110000000000000000000000001111111100000000
Found cached RTLIL representation for module `$paramod$5434a6b34cacc170b3c523e4bba8307c52788d4e\GTP_LUT6'.
Parameter \INIT = 64'0111001100000000111111110000000000000000000000001111111100000000
Found cached RTLIL representation for module `$paramod$5434a6b34cacc170b3c523e4bba8307c52788d4e\GTP_LUT6'.
Parameter \INIT = 64'0111001100000000111111110000000000000000000000001111111100000000
Found cached RTLIL representation for module `$paramod$5434a6b34cacc170b3c523e4bba8307c52788d4e\GTP_LUT6'.
Parameter \INIT = 64'0111001100000000111111110000000000000000000000001111111100000000
Found cached RTLIL representation for module `$paramod$5434a6b34cacc170b3c523e4bba8307c52788d4e\GTP_LUT6'.
Parameter \INIT = 16'0000001100000001
Found cached RTLIL representation for module `$paramod\GTP_LUT4\INIT=16'0000001100000001'.
Parameter \INIT = 32'10001010101010100000000010101010
Found cached RTLIL representation for module `$paramod\GTP_LUT5\INIT=32'10001010101010100000000010101010'.
Parameter \INIT = 64'0100111100000000000011110000000011111111000000000000111100000000
Found cached RTLIL representation for module `$paramod$c6d737a35aee20f2946726bf21079a9f90b8ea62\GTP_LUT6'.
Parameter \INIT = 64'0100111100000000000011110000000011111111000000000000111100000000
Found cached RTLIL representation for module `$paramod$c6d737a35aee20f2946726bf21079a9f90b8ea62\GTP_LUT6'.
Parameter \INIT = 64'0100111100000000000011110000000011111111000000000000111100000000
Found cached RTLIL representation for module `$paramod$c6d737a35aee20f2946726bf21079a9f90b8ea62\GTP_LUT6'.
Parameter \INIT = 64'0100111100000000000011110000000011111111000000000000111100000000
Found cached RTLIL representation for module `$paramod$c6d737a35aee20f2946726bf21079a9f90b8ea62\GTP_LUT6'.
Parameter \INIT = 64'0100111100000000000011110000000011111111000000000000111100000000
Found cached RTLIL representation for module `$paramod$c6d737a35aee20f2946726bf21079a9f90b8ea62\GTP_LUT6'.
Parameter \INIT = 64'0100111100000000000011110000000011111111000000000000111100000000
Found cached RTLIL representation for module `$paramod$c6d737a35aee20f2946726bf21079a9f90b8ea62\GTP_LUT6'.
Parameter \INIT = 64'0100111100000000000011110000000011111111000000000000111100000000
Found cached RTLIL representation for module `$paramod$c6d737a35aee20f2946726bf21079a9f90b8ea62\GTP_LUT6'.
Parameter \INIT = 64'0100111100000000000011110000000011111111000000000000111100000000
Found cached RTLIL representation for module `$paramod$c6d737a35aee20f2946726bf21079a9f90b8ea62\GTP_LUT6'.
Parameter \INIT = 64'0100111100000000000011110000000011111111000000000000111100000000
Found cached RTLIL representation for module `$paramod$c6d737a35aee20f2946726bf21079a9f90b8ea62\GTP_LUT6'.
Parameter \INIT = 64'0100111100000000000011110000000011111111000000000000111100000000
Found cached RTLIL representation for module `$paramod$c6d737a35aee20f2946726bf21079a9f90b8ea62\GTP_LUT6'.
Parameter \INIT = 64'0100111100000000000011110000000011111111000000000000111100000000
Found cached RTLIL representation for module `$paramod$c6d737a35aee20f2946726bf21079a9f90b8ea62\GTP_LUT6'.
Parameter \INIT = 64'0111000011110000001100000011000000110000111100000011000000110000
Found cached RTLIL representation for module `$paramod$2f91db07ba02deafce3116b1fd09dfbf1a7385f5\GTP_LUT6'.
Parameter \INIT = 64'0100000011001100110000001100110000000000110011001100000011001100
Found cached RTLIL representation for module `$paramod$b84cf86692de66f26a9ca79913971e232e24da5f\GTP_LUT6'.
Parameter \INIT = 64'0100000011001100110000001100110000000000110011001100000011001100
Found cached RTLIL representation for module `$paramod$b84cf86692de66f26a9ca79913971e232e24da5f\GTP_LUT6'.
Parameter \INIT = 64'0100000011001100110000001100110000000000110011001100000011001100
Found cached RTLIL representation for module `$paramod$b84cf86692de66f26a9ca79913971e232e24da5f\GTP_LUT6'.
Parameter \INIT = 64'0100000011001100110000001100110000000000110011001100000011001100
Found cached RTLIL representation for module `$paramod$b84cf86692de66f26a9ca79913971e232e24da5f\GTP_LUT6'.
Parameter \INIT = 16'0000001100000001
Found cached RTLIL representation for module `$paramod\GTP_LUT4\INIT=16'0000001100000001'.
Parameter \INIT = 32'10000000101010101010000010101010
Found cached RTLIL representation for module `$paramod\GTP_LUT5\INIT=32'10000000101010101010000010101010'.
Parameter \INIT = 64'0111111100110011001111110011001100000000000000000000000000000000
Found cached RTLIL representation for module `$paramod$cdd18be929c34e025592f526ff52cfe29cb5e1c3\GTP_LUT6'.
Parameter \INIT = 64'0111111100110011001111110011001100000000000000000000000000000000
Found cached RTLIL representation for module `$paramod$cdd18be929c34e025592f526ff52cfe29cb5e1c3\GTP_LUT6'.
Parameter \INIT = 64'0111111100110011001111110011001100000000000000000000000000000000
Found cached RTLIL representation for module `$paramod$cdd18be929c34e025592f526ff52cfe29cb5e1c3\GTP_LUT6'.
Parameter \INIT = 64'0111111100110011001111110011001100000000000000000000000000000000
Found cached RTLIL representation for module `$paramod$cdd18be929c34e025592f526ff52cfe29cb5e1c3\GTP_LUT6'.
Parameter \INIT = 64'0111111100110011001111110011001100000000000000000000000000000000
Found cached RTLIL representation for module `$paramod$cdd18be929c34e025592f526ff52cfe29cb5e1c3\GTP_LUT6'.
Parameter \INIT = 64'0111111100110011001111110011001100000000000000000000000000000000
Found cached RTLIL representation for module `$paramod$cdd18be929c34e025592f526ff52cfe29cb5e1c3\GTP_LUT6'.
Parameter \INIT = 64'0111111100110011001111110011001100000000000000000000000000000000
Found cached RTLIL representation for module `$paramod$cdd18be929c34e025592f526ff52cfe29cb5e1c3\GTP_LUT6'.
Parameter \INIT = 64'0111111100110011001111110011001100000000000000000000000000000000
Found cached RTLIL representation for module `$paramod$cdd18be929c34e025592f526ff52cfe29cb5e1c3\GTP_LUT6'.
Parameter \INIT = 64'0111111100110011001111110011001100000000000000000000000000000000
Found cached RTLIL representation for module `$paramod$cdd18be929c34e025592f526ff52cfe29cb5e1c3\GTP_LUT6'.
Parameter \INIT = 64'0111111100110011001111110011001100000000000000000000000000000000
Found cached RTLIL representation for module `$paramod$cdd18be929c34e025592f526ff52cfe29cb5e1c3\GTP_LUT6'.
Parameter \INIT = 64'0111111100110011001111110011001100000000000000000000000000000000
Found cached RTLIL representation for module `$paramod$cdd18be929c34e025592f526ff52cfe29cb5e1c3\GTP_LUT6'.
Parameter \INIT = 64'0111111100110011000000000000000000111111001100110000000000000000
Found cached RTLIL representation for module `$paramod$b3fb65c7dc7e008a08cab12bbd05ce5322a27e06\GTP_LUT6'.
Parameter \INIT = 64'0100000011001100000000000000000011111111111111110000000000000000
Found cached RTLIL representation for module `$paramod$16dfd52a39c617677590f5f0bab992973886c5e2\GTP_LUT6'.
Parameter \INIT = 64'0100000011001100000000000000000011111111111111110000000000000000
Found cached RTLIL representation for module `$paramod$16dfd52a39c617677590f5f0bab992973886c5e2\GTP_LUT6'.
Parameter \INIT = 64'0100000011001100000000000000000011111111111111110000000000000000
Found cached RTLIL representation for module `$paramod$16dfd52a39c617677590f5f0bab992973886c5e2\GTP_LUT6'.
Parameter \INIT = 64'0100000011001100000000000000000011111111111111110000000000000000
Found cached RTLIL representation for module `$paramod$16dfd52a39c617677590f5f0bab992973886c5e2\GTP_LUT6'.
Parameter \INIT = 16'0000001100000001
Found cached RTLIL representation for module `$paramod\GTP_LUT4\INIT=16'0000001100000001'.
Parameter \INIT = 32'10000000101000001010101010101010
Found cached RTLIL representation for module `$paramod\GTP_LUT5\INIT=32'10000000101000001010101010101010'.
Parameter \INIT = 64'0111001100000000111111110000000000000000000000001111111100000000
Found cached RTLIL representation for module `$paramod$5434a6b34cacc170b3c523e4bba8307c52788d4e\GTP_LUT6'.
Parameter \INIT = 64'0111001100000000111111110000000000000000000000001111111100000000
Found cached RTLIL representation for module `$paramod$5434a6b34cacc170b3c523e4bba8307c52788d4e\GTP_LUT6'.
Parameter \INIT = 64'0111001100000000111111110000000000000000000000001111111100000000
Found cached RTLIL representation for module `$paramod$5434a6b34cacc170b3c523e4bba8307c52788d4e\GTP_LUT6'.
Parameter \INIT = 64'0111001100000000111111110000000000000000000000001111111100000000
Found cached RTLIL representation for module `$paramod$5434a6b34cacc170b3c523e4bba8307c52788d4e\GTP_LUT6'.
Parameter \INIT = 64'0111001100000000111111110000000000000000000000001111111100000000
Found cached RTLIL representation for module `$paramod$5434a6b34cacc170b3c523e4bba8307c52788d4e\GTP_LUT6'.
Parameter \INIT = 64'0111001100000000111111110000000000000000000000001111111100000000
Found cached RTLIL representation for module `$paramod$5434a6b34cacc170b3c523e4bba8307c52788d4e\GTP_LUT6'.
Parameter \INIT = 64'0111001100000000111111110000000000000000000000001111111100000000
Found cached RTLIL representation for module `$paramod$5434a6b34cacc170b3c523e4bba8307c52788d4e\GTP_LUT6'.
Parameter \INIT = 64'0111001100000000111111110000000000000000000000001111111100000000
Found cached RTLIL representation for module `$paramod$5434a6b34cacc170b3c523e4bba8307c52788d4e\GTP_LUT6'.
Parameter \INIT = 64'0111001100000000111111110000000000000000000000001111111100000000
Found cached RTLIL representation for module `$paramod$5434a6b34cacc170b3c523e4bba8307c52788d4e\GTP_LUT6'.
Parameter \INIT = 64'0111001100000000111111110000000000000000000000001111111100000000
Found cached RTLIL representation for module `$paramod$5434a6b34cacc170b3c523e4bba8307c52788d4e\GTP_LUT6'.
Parameter \INIT = 64'0111001100000000111111110000000000000000000000001111111100000000
Found cached RTLIL representation for module `$paramod$5434a6b34cacc170b3c523e4bba8307c52788d4e\GTP_LUT6'.
Parameter \INIT = 64'0111001100000000111111110000000000000000000000001111111100000000
Found cached RTLIL representation for module `$paramod$5434a6b34cacc170b3c523e4bba8307c52788d4e\GTP_LUT6'.
Parameter \INIT = 64'0100000000000000110011001100110011001100000000001100110011001100
Found cached RTLIL representation for module `$paramod$5016dd73927785c730cd5dcf237328aa6f4c0786\GTP_LUT6'.
Parameter \INIT = 64'0100111100000000000011110000000011111111000000000000111100000000
Found cached RTLIL representation for module `$paramod$c6d737a35aee20f2946726bf21079a9f90b8ea62\GTP_LUT6'.
Parameter \INIT = 64'0100111100000000000011110000000011111111000000000000111100000000
Found cached RTLIL representation for module `$paramod$c6d737a35aee20f2946726bf21079a9f90b8ea62\GTP_LUT6'.
Parameter \INIT = 64'0100111100000000000011110000000011111111000000000000111100000000
Found cached RTLIL representation for module `$paramod$c6d737a35aee20f2946726bf21079a9f90b8ea62\GTP_LUT6'.
Parameter \INIT = 16'0000001100000001
Found cached RTLIL representation for module `$paramod\GTP_LUT4\INIT=16'0000001100000001'.
Parameter \INIT = 32'10001010000010101010101000001010
Found cached RTLIL representation for module `$paramod\GTP_LUT5\INIT=32'10001010000010101010101000001010'.
Parameter \INIT = 64'0100000011001100110000001100110000000000110011001100000011001100
Found cached RTLIL representation for module `$paramod$b84cf86692de66f26a9ca79913971e232e24da5f\GTP_LUT6'.
Parameter \INIT = 64'0100000011001100110000001100110000000000110011001100000011001100
Found cached RTLIL representation for module `$paramod$b84cf86692de66f26a9ca79913971e232e24da5f\GTP_LUT6'.
Parameter \INIT = 64'0100000011001100110000001100110000000000110011001100000011001100
Found cached RTLIL representation for module `$paramod$b84cf86692de66f26a9ca79913971e232e24da5f\GTP_LUT6'.
Parameter \INIT = 64'0100000011001100110000001100110000000000110011001100000011001100
Found cached RTLIL representation for module `$paramod$b84cf86692de66f26a9ca79913971e232e24da5f\GTP_LUT6'.
Parameter \INIT = 64'0100000011001100110000001100110000000000110011001100000011001100
Found cached RTLIL representation for module `$paramod$b84cf86692de66f26a9ca79913971e232e24da5f\GTP_LUT6'.
Parameter \INIT = 64'0100000011001100110000001100110000000000110011001100000011001100
Found cached RTLIL representation for module `$paramod$b84cf86692de66f26a9ca79913971e232e24da5f\GTP_LUT6'.
Parameter \INIT = 64'0100000011001100110000001100110000000000110011001100000011001100
Found cached RTLIL representation for module `$paramod$b84cf86692de66f26a9ca79913971e232e24da5f\GTP_LUT6'.
Parameter \INIT = 64'0100000011001100110000001100110000000000110011001100000011001100
Found cached RTLIL representation for module `$paramod$b84cf86692de66f26a9ca79913971e232e24da5f\GTP_LUT6'.
Parameter \INIT = 64'0100000011001100110000001100110000000000110011001100000011001100
Found cached RTLIL representation for module `$paramod$b84cf86692de66f26a9ca79913971e232e24da5f\GTP_LUT6'.
Parameter \INIT = 64'0100000011001100110000001100110000000000110011001100000011001100
Found cached RTLIL representation for module `$paramod$b84cf86692de66f26a9ca79913971e232e24da5f\GTP_LUT6'.
Parameter \INIT = 64'0100000011001100110000001100110000000000110011001100000011001100
Found cached RTLIL representation for module `$paramod$b84cf86692de66f26a9ca79913971e232e24da5f\GTP_LUT6'.
Parameter \INIT = 64'0100000011001100110000001100110000000000110011001100000011001100
Found cached RTLIL representation for module `$paramod$b84cf86692de66f26a9ca79913971e232e24da5f\GTP_LUT6'.
Parameter \INIT = 64'0100000011001100000000001100110011000000110011001100000011001100
Found cached RTLIL representation for module `$paramod$2682c60770047fb7d1966b9d62e49f5705eabbb4\GTP_LUT6'.
Parameter \INIT = 64'0111111100110011001111110011001100000000000000000000000000000000
Found cached RTLIL representation for module `$paramod$cdd18be929c34e025592f526ff52cfe29cb5e1c3\GTP_LUT6'.
Parameter \INIT = 64'0111111100110011001111110011001100000000000000000000000000000000
Found cached RTLIL representation for module `$paramod$cdd18be929c34e025592f526ff52cfe29cb5e1c3\GTP_LUT6'.
Parameter \INIT = 64'0111111100110011001111110011001100000000000000000000000000000000
Found cached RTLIL representation for module `$paramod$cdd18be929c34e025592f526ff52cfe29cb5e1c3\GTP_LUT6'.
Parameter \INIT = 16'0000001100000001
Found cached RTLIL representation for module `$paramod\GTP_LUT4\INIT=16'0000001100000001'.
Parameter \INIT = 32'10001010101010100000101000001010
Found cached RTLIL representation for module `$paramod\GTP_LUT5\INIT=32'10001010101010100000101000001010'.
Parameter \INIT = 64'0100000011001100000000000000000011111111111111110000000000000000
Found cached RTLIL representation for module `$paramod$16dfd52a39c617677590f5f0bab992973886c5e2\GTP_LUT6'.
Parameter \INIT = 64'0100000011001100000000000000000011111111111111110000000000000000
Found cached RTLIL representation for module `$paramod$16dfd52a39c617677590f5f0bab992973886c5e2\GTP_LUT6'.
Parameter \INIT = 64'0100000011001100000000000000000011111111111111110000000000000000
Found cached RTLIL representation for module `$paramod$16dfd52a39c617677590f5f0bab992973886c5e2\GTP_LUT6'.
Parameter \INIT = 64'0100000011001100000000000000000011111111111111110000000000000000
Found cached RTLIL representation for module `$paramod$16dfd52a39c617677590f5f0bab992973886c5e2\GTP_LUT6'.
Parameter \INIT = 64'0100000011001100000000000000000011111111111111110000000000000000
Found cached RTLIL representation for module `$paramod$16dfd52a39c617677590f5f0bab992973886c5e2\GTP_LUT6'.
Parameter \INIT = 64'0100000011001100000000000000000011111111111111110000000000000000
Found cached RTLIL representation for module `$paramod$16dfd52a39c617677590f5f0bab992973886c5e2\GTP_LUT6'.
Parameter \INIT = 64'0100000011001100000000000000000011111111111111110000000000000000
Found cached RTLIL representation for module `$paramod$16dfd52a39c617677590f5f0bab992973886c5e2\GTP_LUT6'.
Parameter \INIT = 64'0100000011001100000000000000000011111111111111110000000000000000
Found cached RTLIL representation for module `$paramod$16dfd52a39c617677590f5f0bab992973886c5e2\GTP_LUT6'.
Parameter \INIT = 64'0100000011001100000000000000000011111111111111110000000000000000
Found cached RTLIL representation for module `$paramod$16dfd52a39c617677590f5f0bab992973886c5e2\GTP_LUT6'.
Parameter \INIT = 64'0100000011001100000000000000000011111111111111110000000000000000
Found cached RTLIL representation for module `$paramod$16dfd52a39c617677590f5f0bab992973886c5e2\GTP_LUT6'.
Parameter \INIT = 64'0100000011001100000000000000000011111111111111110000000000000000
Found cached RTLIL representation for module `$paramod$16dfd52a39c617677590f5f0bab992973886c5e2\GTP_LUT6'.
Parameter \INIT = 64'0100000011001100000000000000000011111111111111110000000000000000
Found cached RTLIL representation for module `$paramod$16dfd52a39c617677590f5f0bab992973886c5e2\GTP_LUT6'.
Parameter \INIT = 64'0100000011001100000000000000000011111111111111110000000000000000
Found cached RTLIL representation for module `$paramod$16dfd52a39c617677590f5f0bab992973886c5e2\GTP_LUT6'.
Parameter \INIT = 64'0111001111111111000000000000000000000000111111110000000000000000
Found cached RTLIL representation for module `$paramod$f5e4a16bcb491aa9990d6fbe40d9369146b32ca4\GTP_LUT6'.
Parameter \INIT = 64'0111001100000000111111110000000000000000000000001111111100000000
Found cached RTLIL representation for module `$paramod$5434a6b34cacc170b3c523e4bba8307c52788d4e\GTP_LUT6'.
Parameter \INIT = 64'0111001100000000111111110000000000000000000000001111111100000000
Found cached RTLIL representation for module `$paramod$5434a6b34cacc170b3c523e4bba8307c52788d4e\GTP_LUT6'.
Parameter \INIT = 16'0000001100000001
Found cached RTLIL representation for module `$paramod\GTP_LUT4\INIT=16'0000001100000001'.
Parameter \INIT = 32'10001010101010100000000010101010
Found cached RTLIL representation for module `$paramod\GTP_LUT5\INIT=32'10001010101010100000000010101010'.
Parameter \INIT = 64'0100111100000000000011110000000011111111000000000000111100000000
Found cached RTLIL representation for module `$paramod$c6d737a35aee20f2946726bf21079a9f90b8ea62\GTP_LUT6'.
Parameter \INIT = 64'0100111100000000000011110000000011111111000000000000111100000000
Found cached RTLIL representation for module `$paramod$c6d737a35aee20f2946726bf21079a9f90b8ea62\GTP_LUT6'.
Parameter \INIT = 64'0100111100000000000011110000000011111111000000000000111100000000
Found cached RTLIL representation for module `$paramod$c6d737a35aee20f2946726bf21079a9f90b8ea62\GTP_LUT6'.
Parameter \INIT = 64'0100111100000000000011110000000011111111000000000000111100000000
Found cached RTLIL representation for module `$paramod$c6d737a35aee20f2946726bf21079a9f90b8ea62\GTP_LUT6'.
Parameter \INIT = 64'0100111100000000000011110000000011111111000000000000111100000000
Found cached RTLIL representation for module `$paramod$c6d737a35aee20f2946726bf21079a9f90b8ea62\GTP_LUT6'.
Parameter \INIT = 64'0100111100000000000011110000000011111111000000000000111100000000
Found cached RTLIL representation for module `$paramod$c6d737a35aee20f2946726bf21079a9f90b8ea62\GTP_LUT6'.
Parameter \INIT = 64'0100111100000000000011110000000011111111000000000000111100000000
Found cached RTLIL representation for module `$paramod$c6d737a35aee20f2946726bf21079a9f90b8ea62\GTP_LUT6'.
Parameter \INIT = 64'0100111100000000000011110000000011111111000000000000111100000000
Found cached RTLIL representation for module `$paramod$c6d737a35aee20f2946726bf21079a9f90b8ea62\GTP_LUT6'.
Parameter \INIT = 64'0100111100000000000011110000000011111111000000000000111100000000
Found cached RTLIL representation for module `$paramod$c6d737a35aee20f2946726bf21079a9f90b8ea62\GTP_LUT6'.
Parameter \INIT = 64'0100111100000000000011110000000011111111000000000000111100000000
Found cached RTLIL representation for module `$paramod$c6d737a35aee20f2946726bf21079a9f90b8ea62\GTP_LUT6'.
Parameter \INIT = 64'0100111100000000000011110000000011111111000000000000111100000000
Found cached RTLIL representation for module `$paramod$c6d737a35aee20f2946726bf21079a9f90b8ea62\GTP_LUT6'.
Parameter \INIT = 64'0100111100000000000011110000000011111111000000000000111100000000
Found cached RTLIL representation for module `$paramod$c6d737a35aee20f2946726bf21079a9f90b8ea62\GTP_LUT6'.
Parameter \INIT = 64'0100111100000000000011110000000011111111000000000000111100000000
Found cached RTLIL representation for module `$paramod$c6d737a35aee20f2946726bf21079a9f90b8ea62\GTP_LUT6'.
Parameter \INIT = 64'0111000011110000001100000011000000110000111100000011000000110000
Found cached RTLIL representation for module `$paramod$2f91db07ba02deafce3116b1fd09dfbf1a7385f5\GTP_LUT6'.
Parameter \INIT = 64'0100000011001100110000001100110000000000110011001100000011001100
Found cached RTLIL representation for module `$paramod$b84cf86692de66f26a9ca79913971e232e24da5f\GTP_LUT6'.
Parameter \INIT = 64'0100000011001100110000001100110000000000110011001100000011001100
Found cached RTLIL representation for module `$paramod$b84cf86692de66f26a9ca79913971e232e24da5f\GTP_LUT6'.
Parameter \INIT = 16'0000001100000001
Found cached RTLIL representation for module `$paramod\GTP_LUT4\INIT=16'0000001100000001'.
Parameter \INIT = 32'10000000101010101010000010101010
Found cached RTLIL representation for module `$paramod\GTP_LUT5\INIT=32'10000000101010101010000010101010'.
Parameter \INIT = 64'0111111100110011001111110011001100000000000000000000000000000000
Found cached RTLIL representation for module `$paramod$cdd18be929c34e025592f526ff52cfe29cb5e1c3\GTP_LUT6'.
Parameter \INIT = 64'0111111100110011001111110011001100000000000000000000000000000000
Found cached RTLIL representation for module `$paramod$cdd18be929c34e025592f526ff52cfe29cb5e1c3\GTP_LUT6'.
Parameter \INIT = 64'0111111100110011001111110011001100000000000000000000000000000000
Found cached RTLIL representation for module `$paramod$cdd18be929c34e025592f526ff52cfe29cb5e1c3\GTP_LUT6'.
Parameter \INIT = 64'0111111100110011001111110011001100000000000000000000000000000000
Found cached RTLIL representation for module `$paramod$cdd18be929c34e025592f526ff52cfe29cb5e1c3\GTP_LUT6'.
Parameter \INIT = 64'0111111100110011001111110011001100000000000000000000000000000000
Found cached RTLIL representation for module `$paramod$cdd18be929c34e025592f526ff52cfe29cb5e1c3\GTP_LUT6'.
Parameter \INIT = 64'0111111100110011001111110011001100000000000000000000000000000000
Found cached RTLIL representation for module `$paramod$cdd18be929c34e025592f526ff52cfe29cb5e1c3\GTP_LUT6'.
Parameter \INIT = 64'0111111100110011001111110011001100000000000000000000000000000000
Found cached RTLIL representation for module `$paramod$cdd18be929c34e025592f526ff52cfe29cb5e1c3\GTP_LUT6'.
Parameter \INIT = 64'0111111100110011001111110011001100000000000000000000000000000000
Found cached RTLIL representation for module `$paramod$cdd18be929c34e025592f526ff52cfe29cb5e1c3\GTP_LUT6'.
Parameter \INIT = 64'0111111100110011001111110011001100000000000000000000000000000000
Found cached RTLIL representation for module `$paramod$cdd18be929c34e025592f526ff52cfe29cb5e1c3\GTP_LUT6'.
Parameter \INIT = 64'0111111100110011001111110011001100000000000000000000000000000000
Found cached RTLIL representation for module `$paramod$cdd18be929c34e025592f526ff52cfe29cb5e1c3\GTP_LUT6'.
Parameter \INIT = 64'0111111100110011001111110011001100000000000000000000000000000000
Found cached RTLIL representation for module `$paramod$cdd18be929c34e025592f526ff52cfe29cb5e1c3\GTP_LUT6'.
Parameter \INIT = 64'0111111100110011001111110011001100000000000000000000000000000000
Found cached RTLIL representation for module `$paramod$cdd18be929c34e025592f526ff52cfe29cb5e1c3\GTP_LUT6'.
Parameter \INIT = 64'0111111100110011001111110011001100000000000000000000000000000000
Found cached RTLIL representation for module `$paramod$cdd18be929c34e025592f526ff52cfe29cb5e1c3\GTP_LUT6'.
Parameter \INIT = 64'0111111100110011000000000000000000111111001100110000000000000000
Found cached RTLIL representation for module `$paramod$b3fb65c7dc7e008a08cab12bbd05ce5322a27e06\GTP_LUT6'.
Parameter \INIT = 64'0100000011001100000000000000000011111111111111110000000000000000
Found cached RTLIL representation for module `$paramod$16dfd52a39c617677590f5f0bab992973886c5e2\GTP_LUT6'.
Parameter \INIT = 64'0100000011001100000000000000000011111111111111110000000000000000
Found cached RTLIL representation for module `$paramod$16dfd52a39c617677590f5f0bab992973886c5e2\GTP_LUT6'.
Parameter \INIT = 16'0000001100000001
Found cached RTLIL representation for module `$paramod\GTP_LUT4\INIT=16'0000001100000001'.
Parameter \INIT = 32'10000000101000001010101010101010
Found cached RTLIL representation for module `$paramod\GTP_LUT5\INIT=32'10000000101000001010101010101010'.
Parameter \INIT = 64'0111001100000000111111110000000000000000000000001111111100000000
Found cached RTLIL representation for module `$paramod$5434a6b34cacc170b3c523e4bba8307c52788d4e\GTP_LUT6'.
Parameter \INIT = 64'0111001100000000111111110000000000000000000000001111111100000000
Found cached RTLIL representation for module `$paramod$5434a6b34cacc170b3c523e4bba8307c52788d4e\GTP_LUT6'.
Parameter \INIT = 64'0111001100000000111111110000000000000000000000001111111100000000
Found cached RTLIL representation for module `$paramod$5434a6b34cacc170b3c523e4bba8307c52788d4e\GTP_LUT6'.
Parameter \INIT = 64'0111001100000000111111110000000000000000000000001111111100000000
Found cached RTLIL representation for module `$paramod$5434a6b34cacc170b3c523e4bba8307c52788d4e\GTP_LUT6'.
Parameter \INIT = 64'0111001100000000111111110000000000000000000000001111111100000000
Found cached RTLIL representation for module `$paramod$5434a6b34cacc170b3c523e4bba8307c52788d4e\GTP_LUT6'.
Parameter \INIT = 64'0111001100000000111111110000000000000000000000001111111100000000
Found cached RTLIL representation for module `$paramod$5434a6b34cacc170b3c523e4bba8307c52788d4e\GTP_LUT6'.
Parameter \INIT = 64'0111001100000000111111110000000000000000000000001111111100000000
Found cached RTLIL representation for module `$paramod$5434a6b34cacc170b3c523e4bba8307c52788d4e\GTP_LUT6'.
Parameter \INIT = 64'0111001100000000111111110000000000000000000000001111111100000000
Found cached RTLIL representation for module `$paramod$5434a6b34cacc170b3c523e4bba8307c52788d4e\GTP_LUT6'.
Parameter \INIT = 64'0111001100000000111111110000000000000000000000001111111100000000
Found cached RTLIL representation for module `$paramod$5434a6b34cacc170b3c523e4bba8307c52788d4e\GTP_LUT6'.
Parameter \INIT = 64'0111001100000000111111110000000000000000000000001111111100000000
Found cached RTLIL representation for module `$paramod$5434a6b34cacc170b3c523e4bba8307c52788d4e\GTP_LUT6'.
Parameter \INIT = 64'0111001100000000111111110000000000000000000000001111111100000000
Found cached RTLIL representation for module `$paramod$5434a6b34cacc170b3c523e4bba8307c52788d4e\GTP_LUT6'.
Parameter \INIT = 64'0111001100000000111111110000000000000000000000001111111100000000
Found cached RTLIL representation for module `$paramod$5434a6b34cacc170b3c523e4bba8307c52788d4e\GTP_LUT6'.
Parameter \INIT = 64'0111001100000000111111110000000000000000000000001111111100000000
Found cached RTLIL representation for module `$paramod$5434a6b34cacc170b3c523e4bba8307c52788d4e\GTP_LUT6'.
Parameter \INIT = 64'0111001100000000111111110000000000000000000000001111111100000000
Found cached RTLIL representation for module `$paramod$5434a6b34cacc170b3c523e4bba8307c52788d4e\GTP_LUT6'.
Parameter \INIT = 64'0100000000000000110011001100110011001100000000001100110011001100
Found cached RTLIL representation for module `$paramod$5016dd73927785c730cd5dcf237328aa6f4c0786\GTP_LUT6'.
Parameter \INIT = 64'0100111100000000000011110000000011111111000000000000111100000000
Found cached RTLIL representation for module `$paramod$c6d737a35aee20f2946726bf21079a9f90b8ea62\GTP_LUT6'.
Parameter \INIT = 16'0000001100000001
Found cached RTLIL representation for module `$paramod\GTP_LUT4\INIT=16'0000001100000001'.
Parameter \INIT = 32'10001010000010101010101000001010
Found cached RTLIL representation for module `$paramod\GTP_LUT5\INIT=32'10001010000010101010101000001010'.
Parameter \INIT = 64'0100000011001100110000001100110000000000110011001100000011001100
Found cached RTLIL representation for module `$paramod$b84cf86692de66f26a9ca79913971e232e24da5f\GTP_LUT6'.
Parameter \INIT = 64'0100000011001100110000001100110000000000110011001100000011001100
Found cached RTLIL representation for module `$paramod$b84cf86692de66f26a9ca79913971e232e24da5f\GTP_LUT6'.
Parameter \INIT = 64'0100000011001100110000001100110000000000110011001100000011001100
Found cached RTLIL representation for module `$paramod$b84cf86692de66f26a9ca79913971e232e24da5f\GTP_LUT6'.
Parameter \INIT = 64'0100000011001100110000001100110000000000110011001100000011001100
Found cached RTLIL representation for module `$paramod$b84cf86692de66f26a9ca79913971e232e24da5f\GTP_LUT6'.
Parameter \INIT = 64'0100000011001100110000001100110000000000110011001100000011001100
Found cached RTLIL representation for module `$paramod$b84cf86692de66f26a9ca79913971e232e24da5f\GTP_LUT6'.
Parameter \INIT = 64'0100000011001100110000001100110000000000110011001100000011001100
Found cached RTLIL representation for module `$paramod$b84cf86692de66f26a9ca79913971e232e24da5f\GTP_LUT6'.
Parameter \INIT = 64'0100000011001100110000001100110000000000110011001100000011001100
Found cached RTLIL representation for module `$paramod$b84cf86692de66f26a9ca79913971e232e24da5f\GTP_LUT6'.
Parameter \INIT = 64'0100000011001100110000001100110000000000110011001100000011001100
Found cached RTLIL representation for module `$paramod$b84cf86692de66f26a9ca79913971e232e24da5f\GTP_LUT6'.
Parameter \INIT = 64'0100000011001100110000001100110000000000110011001100000011001100
Found cached RTLIL representation for module `$paramod$b84cf86692de66f26a9ca79913971e232e24da5f\GTP_LUT6'.
Parameter \INIT = 64'0100000011001100110000001100110000000000110011001100000011001100
Found cached RTLIL representation for module `$paramod$b84cf86692de66f26a9ca79913971e232e24da5f\GTP_LUT6'.
Parameter \INIT = 64'0100000011001100110000001100110000000000110011001100000011001100
Found cached RTLIL representation for module `$paramod$b84cf86692de66f26a9ca79913971e232e24da5f\GTP_LUT6'.
Parameter \INIT = 64'0100000011001100110000001100110000000000110011001100000011001100
Found cached RTLIL representation for module `$paramod$b84cf86692de66f26a9ca79913971e232e24da5f\GTP_LUT6'.
Parameter \INIT = 64'0100000011001100110000001100110000000000110011001100000011001100
Found cached RTLIL representation for module `$paramod$b84cf86692de66f26a9ca79913971e232e24da5f\GTP_LUT6'.
Parameter \INIT = 64'0100000011001100110000001100110000000000110011001100000011001100
Found cached RTLIL representation for module `$paramod$b84cf86692de66f26a9ca79913971e232e24da5f\GTP_LUT6'.
Parameter \INIT = 64'0100000011001100000000001100110011000000110011001100000011001100
Found cached RTLIL representation for module `$paramod$2682c60770047fb7d1966b9d62e49f5705eabbb4\GTP_LUT6'.
Parameter \INIT = 64'0111111100110011001111110011001100000000000000000000000000000000
Found cached RTLIL representation for module `$paramod$cdd18be929c34e025592f526ff52cfe29cb5e1c3\GTP_LUT6'.
Parameter \INIT = 16'0000001100000001
Found cached RTLIL representation for module `$paramod\GTP_LUT4\INIT=16'0000001100000001'.
Parameter \INIT = 32'10001010101010100000101000001010
Found cached RTLIL representation for module `$paramod\GTP_LUT5\INIT=32'10001010101010100000101000001010'.
Parameter \INIT = 64'0100000011001100000000000000000011111111111111110000000000000000
Found cached RTLIL representation for module `$paramod$16dfd52a39c617677590f5f0bab992973886c5e2\GTP_LUT6'.
Parameter \INIT = 64'0100000011001100000000000000000011111111111111110000000000000000
Found cached RTLIL representation for module `$paramod$16dfd52a39c617677590f5f0bab992973886c5e2\GTP_LUT6'.
Parameter \INIT = 64'0100000011001100000000000000000011111111111111110000000000000000
Found cached RTLIL representation for module `$paramod$16dfd52a39c617677590f5f0bab992973886c5e2\GTP_LUT6'.
Parameter \INIT = 64'0100000011001100000000000000000011111111111111110000000000000000
Found cached RTLIL representation for module `$paramod$16dfd52a39c617677590f5f0bab992973886c5e2\GTP_LUT6'.
Parameter \INIT = 64'0100000011001100000000000000000011111111111111110000000000000000
Found cached RTLIL representation for module `$paramod$16dfd52a39c617677590f5f0bab992973886c5e2\GTP_LUT6'.
Parameter \INIT = 64'0100000011001100000000000000000011111111111111110000000000000000
Found cached RTLIL representation for module `$paramod$16dfd52a39c617677590f5f0bab992973886c5e2\GTP_LUT6'.
Parameter \INIT = 64'0100000011001100000000000000000011111111111111110000000000000000
Found cached RTLIL representation for module `$paramod$16dfd52a39c617677590f5f0bab992973886c5e2\GTP_LUT6'.
Parameter \INIT = 64'0100000011001100000000000000000011111111111111110000000000000000
Found cached RTLIL representation for module `$paramod$16dfd52a39c617677590f5f0bab992973886c5e2\GTP_LUT6'.
Parameter \INIT = 64'0100000011001100000000000000000011111111111111110000000000000000
Found cached RTLIL representation for module `$paramod$16dfd52a39c617677590f5f0bab992973886c5e2\GTP_LUT6'.
Parameter \INIT = 64'0100000011001100000000000000000011111111111111110000000000000000
Found cached RTLIL representation for module `$paramod$16dfd52a39c617677590f5f0bab992973886c5e2\GTP_LUT6'.
Parameter \INIT = 64'0100000011001100000000000000000011111111111111110000000000000000
Found cached RTLIL representation for module `$paramod$16dfd52a39c617677590f5f0bab992973886c5e2\GTP_LUT6'.
Parameter \INIT = 64'0100000011001100000000000000000011111111111111110000000000000000
Found cached RTLIL representation for module `$paramod$16dfd52a39c617677590f5f0bab992973886c5e2\GTP_LUT6'.
Parameter \INIT = 64'0100000011001100000000000000000011111111111111110000000000000000
Found cached RTLIL representation for module `$paramod$16dfd52a39c617677590f5f0bab992973886c5e2\GTP_LUT6'.
Parameter \INIT = 64'0100000011001100000000000000000011111111111111110000000000000000
Found cached RTLIL representation for module `$paramod$16dfd52a39c617677590f5f0bab992973886c5e2\GTP_LUT6'.
Parameter \INIT = 64'0100000011001100000000000000000011111111111111110000000000000000
Found cached RTLIL representation for module `$paramod$16dfd52a39c617677590f5f0bab992973886c5e2\GTP_LUT6'.
Parameter \INIT = 64'0111001111111111000000000000000000000000111111110000000000000000
Found cached RTLIL representation for module `$paramod$f5e4a16bcb491aa9990d6fbe40d9369146b32ca4\GTP_LUT6'.
Parameter \INIT = 16'0000001100000001
Found cached RTLIL representation for module `$paramod\GTP_LUT4\INIT=16'0000001100000001'.
Parameter \INIT = 32'10001010101010100000000010101010
Found cached RTLIL representation for module `$paramod\GTP_LUT5\INIT=32'10001010101010100000000010101010'.
Parameter \INIT = 64'0100111100000000000011110000000011111111000000000000111100000000
Found cached RTLIL representation for module `$paramod$c6d737a35aee20f2946726bf21079a9f90b8ea62\GTP_LUT6'.
Parameter \INIT = 64'0100111100000000000011110000000011111111000000000000111100000000
Found cached RTLIL representation for module `$paramod$c6d737a35aee20f2946726bf21079a9f90b8ea62\GTP_LUT6'.
Parameter \INIT = 64'0100111100000000000011110000000011111111000000000000111100000000
Found cached RTLIL representation for module `$paramod$c6d737a35aee20f2946726bf21079a9f90b8ea62\GTP_LUT6'.
Parameter \INIT = 64'0100111100000000000011110000000011111111000000000000111100000000
Found cached RTLIL representation for module `$paramod$c6d737a35aee20f2946726bf21079a9f90b8ea62\GTP_LUT6'.
Parameter \INIT = 64'0100111100000000000011110000000011111111000000000000111100000000
Found cached RTLIL representation for module `$paramod$c6d737a35aee20f2946726bf21079a9f90b8ea62\GTP_LUT6'.
Parameter \INIT = 64'0100111100000000000011110000000011111111000000000000111100000000
Found cached RTLIL representation for module `$paramod$c6d737a35aee20f2946726bf21079a9f90b8ea62\GTP_LUT6'.
Parameter \INIT = 64'0100111100000000000011110000000011111111000000000000111100000000
Found cached RTLIL representation for module `$paramod$c6d737a35aee20f2946726bf21079a9f90b8ea62\GTP_LUT6'.
Parameter \INIT = 64'0100111100000000000011110000000011111111000000000000111100000000
Found cached RTLIL representation for module `$paramod$c6d737a35aee20f2946726bf21079a9f90b8ea62\GTP_LUT6'.
Parameter \INIT = 64'0100111100000000000011110000000011111111000000000000111100000000
Found cached RTLIL representation for module `$paramod$c6d737a35aee20f2946726bf21079a9f90b8ea62\GTP_LUT6'.
Parameter \INIT = 64'0100111100000000000011110000000011111111000000000000111100000000
Found cached RTLIL representation for module `$paramod$c6d737a35aee20f2946726bf21079a9f90b8ea62\GTP_LUT6'.
Parameter \INIT = 64'0100111100000000000011110000000011111111000000000000111100000000
Found cached RTLIL representation for module `$paramod$c6d737a35aee20f2946726bf21079a9f90b8ea62\GTP_LUT6'.
Parameter \INIT = 64'0100111100000000000011110000000011111111000000000000111100000000
Found cached RTLIL representation for module `$paramod$c6d737a35aee20f2946726bf21079a9f90b8ea62\GTP_LUT6'.
Parameter \INIT = 64'0100111100000000000011110000000011111111000000000000111100000000
Found cached RTLIL representation for module `$paramod$c6d737a35aee20f2946726bf21079a9f90b8ea62\GTP_LUT6'.
Parameter \INIT = 64'0100111100000000000011110000000011111111000000000000111100000000
Found cached RTLIL representation for module `$paramod$c6d737a35aee20f2946726bf21079a9f90b8ea62\GTP_LUT6'.
Parameter \INIT = 64'0100111100000000000011110000000011111111000000000000111100000000
Found cached RTLIL representation for module `$paramod$c6d737a35aee20f2946726bf21079a9f90b8ea62\GTP_LUT6'.
Parameter \INIT = 64'0111000011110000001100000011000000110000111100000011000000110000
Found cached RTLIL representation for module `$paramod$2f91db07ba02deafce3116b1fd09dfbf1a7385f5\GTP_LUT6'.
Parameter \INIT = 16'0000001100000001
Found cached RTLIL representation for module `$paramod\GTP_LUT4\INIT=16'0000001100000001'.
Parameter \INIT = 32'10000000101010101010000010101010
Found cached RTLIL representation for module `$paramod\GTP_LUT5\INIT=32'10000000101010101010000010101010'.
Parameter \INIT = 64'0111111100110011001111110011001100000000000000000000000000000000
Found cached RTLIL representation for module `$paramod$cdd18be929c34e025592f526ff52cfe29cb5e1c3\GTP_LUT6'.
Parameter \INIT = 64'0111111100110011001111110011001100000000000000000000000000000000
Found cached RTLIL representation for module `$paramod$cdd18be929c34e025592f526ff52cfe29cb5e1c3\GTP_LUT6'.
Parameter \INIT = 64'0111111100110011001111110011001100000000000000000000000000000000
Found cached RTLIL representation for module `$paramod$cdd18be929c34e025592f526ff52cfe29cb5e1c3\GTP_LUT6'.
Parameter \INIT = 64'0111111100110011001111110011001100000000000000000000000000000000
Found cached RTLIL representation for module `$paramod$cdd18be929c34e025592f526ff52cfe29cb5e1c3\GTP_LUT6'.
Parameter \INIT = 64'0111111100110011001111110011001100000000000000000000000000000000
Found cached RTLIL representation for module `$paramod$cdd18be929c34e025592f526ff52cfe29cb5e1c3\GTP_LUT6'.
Parameter \INIT = 64'0111111100110011001111110011001100000000000000000000000000000000
Found cached RTLIL representation for module `$paramod$cdd18be929c34e025592f526ff52cfe29cb5e1c3\GTP_LUT6'.
Parameter \INIT = 64'0111111100110011001111110011001100000000000000000000000000000000
Found cached RTLIL representation for module `$paramod$cdd18be929c34e025592f526ff52cfe29cb5e1c3\GTP_LUT6'.
Parameter \INIT = 64'0111111100110011001111110011001100000000000000000000000000000000
Found cached RTLIL representation for module `$paramod$cdd18be929c34e025592f526ff52cfe29cb5e1c3\GTP_LUT6'.
Parameter \INIT = 64'0111111100110011001111110011001100000000000000000000000000000000
Found cached RTLIL representation for module `$paramod$cdd18be929c34e025592f526ff52cfe29cb5e1c3\GTP_LUT6'.
Parameter \INIT = 64'0111111100110011001111110011001100000000000000000000000000000000
Found cached RTLIL representation for module `$paramod$cdd18be929c34e025592f526ff52cfe29cb5e1c3\GTP_LUT6'.
Parameter \INIT = 64'0111111100110011001111110011001100000000000000000000000000000000
Found cached RTLIL representation for module `$paramod$cdd18be929c34e025592f526ff52cfe29cb5e1c3\GTP_LUT6'.
Parameter \INIT = 64'0111111100110011001111110011001100000000000000000000000000000000
Found cached RTLIL representation for module `$paramod$cdd18be929c34e025592f526ff52cfe29cb5e1c3\GTP_LUT6'.
Parameter \INIT = 64'0111111100110011001111110011001100000000000000000000000000000000
Found cached RTLIL representation for module `$paramod$cdd18be929c34e025592f526ff52cfe29cb5e1c3\GTP_LUT6'.
Parameter \INIT = 64'0111111100110011001111110011001100000000000000000000000000000000
Found cached RTLIL representation for module `$paramod$cdd18be929c34e025592f526ff52cfe29cb5e1c3\GTP_LUT6'.
Parameter \INIT = 64'0111111100110011001111110011001100000000000000000000000000000000
Found cached RTLIL representation for module `$paramod$cdd18be929c34e025592f526ff52cfe29cb5e1c3\GTP_LUT6'.
Parameter \INIT = 64'0111111100110011000000000000000000111111001100110000000000000000
Found cached RTLIL representation for module `$paramod$b3fb65c7dc7e008a08cab12bbd05ce5322a27e06\GTP_LUT6'.
Parameter \INIT = 16'0000001100000001
Found cached RTLIL representation for module `$paramod\GTP_LUT4\INIT=16'0000001100000001'.
Parameter \INIT = 32'10001010000010101000101010001010
Found cached RTLIL representation for module `$paramod\GTP_LUT5\INIT=32'10001010000010101000101010001010'.
Parameter \INIT = 64'0000101010001010000010101000101010001010100010100000101010001010
Found cached RTLIL representation for module `$paramod$bf6a843f8e065b2db715682f73d9ceea17637ca1\GTP_LUT6'.
Parameter \INIT = 64'0000101010001010000010101000101010001010100010100000101010001010
Found cached RTLIL representation for module `$paramod$bf6a843f8e065b2db715682f73d9ceea17637ca1\GTP_LUT6'.
Parameter \INIT = 64'0000101010001010000010101000101010001010100010100000101010001010
Found cached RTLIL representation for module `$paramod$bf6a843f8e065b2db715682f73d9ceea17637ca1\GTP_LUT6'.
Parameter \INIT = 64'0000101010001010000010101000101010001010100010100000101010001010
Found cached RTLIL representation for module `$paramod$bf6a843f8e065b2db715682f73d9ceea17637ca1\GTP_LUT6'.
Parameter \INIT = 64'0000101010001010000010101000101010001010100010100000101010001010
Found cached RTLIL representation for module `$paramod$bf6a843f8e065b2db715682f73d9ceea17637ca1\GTP_LUT6'.
Parameter \INIT = 64'0000101010001010000010101000101010001010100010100000101010001010
Found cached RTLIL representation for module `$paramod$bf6a843f8e065b2db715682f73d9ceea17637ca1\GTP_LUT6'.
Parameter \INIT = 64'0000101010001010000010101000101010001010100010100000101010001010
Found cached RTLIL representation for module `$paramod$bf6a843f8e065b2db715682f73d9ceea17637ca1\GTP_LUT6'.
Parameter \INIT = 64'0000101010001010000010101000101010001010100010100000101010001010
Found cached RTLIL representation for module `$paramod$bf6a843f8e065b2db715682f73d9ceea17637ca1\GTP_LUT6'.
Parameter \INIT = 64'0000101010001010000010101000101010001010100010100000101010001010
Found cached RTLIL representation for module `$paramod$bf6a843f8e065b2db715682f73d9ceea17637ca1\GTP_LUT6'.
Parameter \INIT = 64'0000101010001010000010101000101010001010100010100000101010001010
Found cached RTLIL representation for module `$paramod$bf6a843f8e065b2db715682f73d9ceea17637ca1\GTP_LUT6'.
Parameter \INIT = 64'0000101010001010000010101000101010001010100010100000101010001010
Found cached RTLIL representation for module `$paramod$bf6a843f8e065b2db715682f73d9ceea17637ca1\GTP_LUT6'.
Parameter \INIT = 64'0000101010001010000010101000101010001010100010100000101010001010
Found cached RTLIL representation for module `$paramod$bf6a843f8e065b2db715682f73d9ceea17637ca1\GTP_LUT6'.
Parameter \INIT = 64'0000101010001010000010101000101010001010100010100000101010001010
Found cached RTLIL representation for module `$paramod$bf6a843f8e065b2db715682f73d9ceea17637ca1\GTP_LUT6'.
Parameter \INIT = 64'0000101010001010000010101000101010001010100010100000101010001010
Found cached RTLIL representation for module `$paramod$bf6a843f8e065b2db715682f73d9ceea17637ca1\GTP_LUT6'.
Parameter \INIT = 64'0000101010001010000010101000101010001010100010100000101010001010
Found cached RTLIL representation for module `$paramod$bf6a843f8e065b2db715682f73d9ceea17637ca1\GTP_LUT6'.
Parameter \INIT = 64'0000101010001010000010101000101010001010100010100000101010001010
Found cached RTLIL representation for module `$paramod$bf6a843f8e065b2db715682f73d9ceea17637ca1\GTP_LUT6'.
Parameter \INIT = 206
Found cached RTLIL representation for module `$paramod\GTP_LUT5\INIT=32'00000000000000000000000011001110'.
Parameter \INIT = 32'10000000101000001010101010101010
Found cached RTLIL representation for module `$paramod\GTP_LUT5\INIT=32'10000000101000001010101010101010'.
Parameter \INIT = 64'0111001100000000111111110000000000000000000000001111111100000000
Found cached RTLIL representation for module `$paramod$5434a6b34cacc170b3c523e4bba8307c52788d4e\GTP_LUT6'.
Parameter \INIT = 64'0111001100000000111111110000000000000000000000001111111100000000
Found cached RTLIL representation for module `$paramod$5434a6b34cacc170b3c523e4bba8307c52788d4e\GTP_LUT6'.
Parameter \INIT = 64'0111001100000000111111110000000000000000000000001111111100000000
Found cached RTLIL representation for module `$paramod$5434a6b34cacc170b3c523e4bba8307c52788d4e\GTP_LUT6'.
Parameter \INIT = 64'0111001100000000111111110000000000000000000000001111111100000000
Found cached RTLIL representation for module `$paramod$5434a6b34cacc170b3c523e4bba8307c52788d4e\GTP_LUT6'.
Parameter \INIT = 64'0111001100000000111111110000000000000000000000001111111100000000
Found cached RTLIL representation for module `$paramod$5434a6b34cacc170b3c523e4bba8307c52788d4e\GTP_LUT6'.
Parameter \INIT = 64'0111001100000000111111110000000000000000000000001111111100000000
Found cached RTLIL representation for module `$paramod$5434a6b34cacc170b3c523e4bba8307c52788d4e\GTP_LUT6'.
Parameter \INIT = 64'0111001100000000111111110000000000000000000000001111111100000000
Found cached RTLIL representation for module `$paramod$5434a6b34cacc170b3c523e4bba8307c52788d4e\GTP_LUT6'.
Parameter \INIT = 64'0111001100000000111111110000000000000000000000001111111100000000
Found cached RTLIL representation for module `$paramod$5434a6b34cacc170b3c523e4bba8307c52788d4e\GTP_LUT6'.
Parameter \INIT = 64'0111001100000000111111110000000000000000000000001111111100000000
Found cached RTLIL representation for module `$paramod$5434a6b34cacc170b3c523e4bba8307c52788d4e\GTP_LUT6'.
Parameter \INIT = 64'0111001100000000111111110000000000000000000000001111111100000000
Found cached RTLIL representation for module `$paramod$5434a6b34cacc170b3c523e4bba8307c52788d4e\GTP_LUT6'.
Parameter \INIT = 64'0111001100000000111111110000000000000000000000001111111100000000
Found cached RTLIL representation for module `$paramod$5434a6b34cacc170b3c523e4bba8307c52788d4e\GTP_LUT6'.
Parameter \INIT = 64'0111001100000000111111110000000000000000000000001111111100000000
Found cached RTLIL representation for module `$paramod$5434a6b34cacc170b3c523e4bba8307c52788d4e\GTP_LUT6'.
Parameter \INIT = 64'0111001100000000111111110000000000000000000000001111111100000000
Found cached RTLIL representation for module `$paramod$5434a6b34cacc170b3c523e4bba8307c52788d4e\GTP_LUT6'.
Parameter \INIT = 64'0111001100000000111111110000000000000000000000001111111100000000
Found cached RTLIL representation for module `$paramod$5434a6b34cacc170b3c523e4bba8307c52788d4e\GTP_LUT6'.
Parameter \INIT = 64'0111001100000000111111110000000000000000000000001111111100000000
Found cached RTLIL representation for module `$paramod$5434a6b34cacc170b3c523e4bba8307c52788d4e\GTP_LUT6'.
Parameter \INIT = 64'0111001100000000111111110000000000000000000000001111111100000000
Found cached RTLIL representation for module `$paramod$5434a6b34cacc170b3c523e4bba8307c52788d4e\GTP_LUT6'.
Parameter \INIT = 16'0000001100000001
Found cached RTLIL representation for module `$paramod\GTP_LUT4\INIT=16'0000001100000001'.
Parameter \INIT = 32'10001010000010101000101010001010
Found cached RTLIL representation for module `$paramod\GTP_LUT5\INIT=32'10001010000010101000101010001010'.
Parameter \INIT = 64'0100000011001100000000000000000011111111111111110000000000000000
Found cached RTLIL representation for module `$paramod$16dfd52a39c617677590f5f0bab992973886c5e2\GTP_LUT6'.
Parameter \INIT = 64'0100000011001100000000000000000011111111111111110000000000000000
Found cached RTLIL representation for module `$paramod$16dfd52a39c617677590f5f0bab992973886c5e2\GTP_LUT6'.
Parameter \INIT = 64'0100000011001100000000000000000011111111111111110000000000000000
Found cached RTLIL representation for module `$paramod$16dfd52a39c617677590f5f0bab992973886c5e2\GTP_LUT6'.
Parameter \INIT = 64'0100000011001100000000000000000011111111111111110000000000000000
Found cached RTLIL representation for module `$paramod$16dfd52a39c617677590f5f0bab992973886c5e2\GTP_LUT6'.
Parameter \INIT = 64'0100000011001100000000000000000011111111111111110000000000000000
Found cached RTLIL representation for module `$paramod$16dfd52a39c617677590f5f0bab992973886c5e2\GTP_LUT6'.
Parameter \INIT = 64'0100000011001100000000000000000011111111111111110000000000000000
Found cached RTLIL representation for module `$paramod$16dfd52a39c617677590f5f0bab992973886c5e2\GTP_LUT6'.
Parameter \INIT = 64'0100000011001100000000000000000011111111111111110000000000000000
Found cached RTLIL representation for module `$paramod$16dfd52a39c617677590f5f0bab992973886c5e2\GTP_LUT6'.
Parameter \INIT = 64'0100000011001100000000000000000011111111111111110000000000000000
Found cached RTLIL representation for module `$paramod$16dfd52a39c617677590f5f0bab992973886c5e2\GTP_LUT6'.
Parameter \INIT = 64'0100000011001100000000000000000011111111111111110000000000000000
Found cached RTLIL representation for module `$paramod$16dfd52a39c617677590f5f0bab992973886c5e2\GTP_LUT6'.
Parameter \INIT = 64'0100000011001100000000000000000011111111111111110000000000000000
Found cached RTLIL representation for module `$paramod$16dfd52a39c617677590f5f0bab992973886c5e2\GTP_LUT6'.
Parameter \INIT = 64'0100000011001100000000000000000011111111111111110000000000000000
Found cached RTLIL representation for module `$paramod$16dfd52a39c617677590f5f0bab992973886c5e2\GTP_LUT6'.
Parameter \INIT = 64'0100000011001100000000000000000011111111111111110000000000000000
Found cached RTLIL representation for module `$paramod$16dfd52a39c617677590f5f0bab992973886c5e2\GTP_LUT6'.
Parameter \INIT = 64'0100000011001100000000000000000011111111111111110000000000000000
Found cached RTLIL representation for module `$paramod$16dfd52a39c617677590f5f0bab992973886c5e2\GTP_LUT6'.
Parameter \INIT = 64'0100000011001100000000000000000011111111111111110000000000000000
Found cached RTLIL representation for module `$paramod$16dfd52a39c617677590f5f0bab992973886c5e2\GTP_LUT6'.
Parameter \INIT = 64'0100000011001100000000000000000011111111111111110000000000000000
Found cached RTLIL representation for module `$paramod$16dfd52a39c617677590f5f0bab992973886c5e2\GTP_LUT6'.
Parameter \INIT = 64'0100000011001100000000000000000011111111111111110000000000000000
Found cached RTLIL representation for module `$paramod$16dfd52a39c617677590f5f0bab992973886c5e2\GTP_LUT6'.
Parameter \INIT = 16'0000001100000001
Found cached RTLIL representation for module `$paramod\GTP_LUT4\INIT=16'0000001100000001'.
Parameter \INIT = 32'10000000100010001010101010101010
Found cached RTLIL representation for module `$paramod\GTP_LUT5\INIT=32'10000000100010001010101010101010'.
Parameter \INIT = 64'0100000000000000110011001100110011001100000000001100110011001100
Found cached RTLIL representation for module `$paramod$5016dd73927785c730cd5dcf237328aa6f4c0786\GTP_LUT6'.
Parameter \INIT = 64'0100111100000000000011110000000011111111000000000000111100000000
Found cached RTLIL representation for module `$paramod$c6d737a35aee20f2946726bf21079a9f90b8ea62\GTP_LUT6'.
Parameter \INIT = 64'0100111100000000000011110000000011111111000000000000111100000000
Found cached RTLIL representation for module `$paramod$c6d737a35aee20f2946726bf21079a9f90b8ea62\GTP_LUT6'.
Parameter \INIT = 64'0100111100000000000011110000000011111111000000000000111100000000
Found cached RTLIL representation for module `$paramod$c6d737a35aee20f2946726bf21079a9f90b8ea62\GTP_LUT6'.
Parameter \INIT = 64'0100111100000000000011110000000011111111000000000000111100000000
Found cached RTLIL representation for module `$paramod$c6d737a35aee20f2946726bf21079a9f90b8ea62\GTP_LUT6'.
Parameter \INIT = 64'0100111100000000000011110000000011111111000000000000111100000000
Found cached RTLIL representation for module `$paramod$c6d737a35aee20f2946726bf21079a9f90b8ea62\GTP_LUT6'.
Parameter \INIT = 64'0100111100000000000011110000000011111111000000000000111100000000
Found cached RTLIL representation for module `$paramod$c6d737a35aee20f2946726bf21079a9f90b8ea62\GTP_LUT6'.
Parameter \INIT = 64'0100111100000000000011110000000011111111000000000000111100000000
Found cached RTLIL representation for module `$paramod$c6d737a35aee20f2946726bf21079a9f90b8ea62\GTP_LUT6'.
Parameter \INIT = 64'0100111100000000000011110000000011111111000000000000111100000000
Found cached RTLIL representation for module `$paramod$c6d737a35aee20f2946726bf21079a9f90b8ea62\GTP_LUT6'.
Parameter \INIT = 64'0100111100000000000011110000000011111111000000000000111100000000
Found cached RTLIL representation for module `$paramod$c6d737a35aee20f2946726bf21079a9f90b8ea62\GTP_LUT6'.
Parameter \INIT = 64'0100111100000000000011110000000011111111000000000000111100000000
Found cached RTLIL representation for module `$paramod$c6d737a35aee20f2946726bf21079a9f90b8ea62\GTP_LUT6'.
Parameter \INIT = 64'0100111100000000000011110000000011111111000000000000111100000000
Found cached RTLIL representation for module `$paramod$c6d737a35aee20f2946726bf21079a9f90b8ea62\GTP_LUT6'.
Parameter \INIT = 64'0100111100000000000011110000000011111111000000000000111100000000
Found cached RTLIL representation for module `$paramod$c6d737a35aee20f2946726bf21079a9f90b8ea62\GTP_LUT6'.
Parameter \INIT = 64'0100111100000000000011110000000011111111000000000000111100000000
Found cached RTLIL representation for module `$paramod$c6d737a35aee20f2946726bf21079a9f90b8ea62\GTP_LUT6'.
Parameter \INIT = 64'0100111100000000000011110000000011111111000000000000111100000000
Found cached RTLIL representation for module `$paramod$c6d737a35aee20f2946726bf21079a9f90b8ea62\GTP_LUT6'.
Parameter \INIT = 64'0100111100000000000011110000000011111111000000000000111100000000
Found cached RTLIL representation for module `$paramod$c6d737a35aee20f2946726bf21079a9f90b8ea62\GTP_LUT6'.
Parameter \INIT = 16'0000001100000001
Found cached RTLIL representation for module `$paramod\GTP_LUT4\INIT=16'0000001100000001'.
Parameter \INIT = 32'10001010000010101010101000001010
Found cached RTLIL representation for module `$paramod\GTP_LUT5\INIT=32'10001010000010101010101000001010'.
Parameter \INIT = 64'0100000011001100000000001100110011000000110011001100000011001100
Found cached RTLIL representation for module `$paramod$2682c60770047fb7d1966b9d62e49f5705eabbb4\GTP_LUT6'.
Parameter \INIT = 64'0111111100110011001111110011001100000000000000000000000000000000
Found cached RTLIL representation for module `$paramod$cdd18be929c34e025592f526ff52cfe29cb5e1c3\GTP_LUT6'.
Parameter \INIT = 64'0111111100110011001111110011001100000000000000000000000000000000
Found cached RTLIL representation for module `$paramod$cdd18be929c34e025592f526ff52cfe29cb5e1c3\GTP_LUT6'.
Parameter \INIT = 64'0111111100110011001111110011001100000000000000000000000000000000
Found cached RTLIL representation for module `$paramod$cdd18be929c34e025592f526ff52cfe29cb5e1c3\GTP_LUT6'.
Parameter \INIT = 64'0111111100110011001111110011001100000000000000000000000000000000
Found cached RTLIL representation for module `$paramod$cdd18be929c34e025592f526ff52cfe29cb5e1c3\GTP_LUT6'.
Parameter \INIT = 64'0111111100110011001111110011001100000000000000000000000000000000
Found cached RTLIL representation for module `$paramod$cdd18be929c34e025592f526ff52cfe29cb5e1c3\GTP_LUT6'.
Parameter \INIT = 64'0111111100110011001111110011001100000000000000000000000000000000
Found cached RTLIL representation for module `$paramod$cdd18be929c34e025592f526ff52cfe29cb5e1c3\GTP_LUT6'.
Parameter \INIT = 64'0111111100110011001111110011001100000000000000000000000000000000
Found cached RTLIL representation for module `$paramod$cdd18be929c34e025592f526ff52cfe29cb5e1c3\GTP_LUT6'.
Parameter \INIT = 64'0111111100110011001111110011001100000000000000000000000000000000
Found cached RTLIL representation for module `$paramod$cdd18be929c34e025592f526ff52cfe29cb5e1c3\GTP_LUT6'.
Parameter \INIT = 64'0111111100110011001111110011001100000000000000000000000000000000
Found cached RTLIL representation for module `$paramod$cdd18be929c34e025592f526ff52cfe29cb5e1c3\GTP_LUT6'.
Parameter \INIT = 64'0111111100110011001111110011001100000000000000000000000000000000
Found cached RTLIL representation for module `$paramod$cdd18be929c34e025592f526ff52cfe29cb5e1c3\GTP_LUT6'.
Parameter \INIT = 64'0111111100110011001111110011001100000000000000000000000000000000
Found cached RTLIL representation for module `$paramod$cdd18be929c34e025592f526ff52cfe29cb5e1c3\GTP_LUT6'.
Parameter \INIT = 64'0111111100110011001111110011001100000000000000000000000000000000
Found cached RTLIL representation for module `$paramod$cdd18be929c34e025592f526ff52cfe29cb5e1c3\GTP_LUT6'.
Parameter \INIT = 64'0111111100110011001111110011001100000000000000000000000000000000
Found cached RTLIL representation for module `$paramod$cdd18be929c34e025592f526ff52cfe29cb5e1c3\GTP_LUT6'.
Parameter \INIT = 64'0111111100110011001111110011001100000000000000000000000000000000
Found cached RTLIL representation for module `$paramod$cdd18be929c34e025592f526ff52cfe29cb5e1c3\GTP_LUT6'.
Parameter \INIT = 64'0111111100110011001111110011001100000000000000000000000000000000
Found cached RTLIL representation for module `$paramod$cdd18be929c34e025592f526ff52cfe29cb5e1c3\GTP_LUT6'.
Parameter \INIT = 16'0000001100000001
Found cached RTLIL representation for module `$paramod\GTP_LUT4\INIT=16'0000001100000001'.
Parameter \INIT = 32'10001010101010100000101000001010
Found cached RTLIL representation for module `$paramod\GTP_LUT5\INIT=32'10001010101010100000101000001010'.
Parameter \INIT = 64'0100000011001100000000000000000011111111111111110000000000000000
Found cached RTLIL representation for module `$paramod$16dfd52a39c617677590f5f0bab992973886c5e2\GTP_LUT6'.
Parameter \INIT = 64'0111001111111111000000000000000000000000111111110000000000000000
Found cached RTLIL representation for module `$paramod$f5e4a16bcb491aa9990d6fbe40d9369146b32ca4\GTP_LUT6'.
Parameter \INIT = 64'0111001100000000111111110000000000000000000000001111111100000000
Found cached RTLIL representation for module `$paramod$5434a6b34cacc170b3c523e4bba8307c52788d4e\GTP_LUT6'.
Parameter \INIT = 64'0111001100000000111111110000000000000000000000001111111100000000
Found cached RTLIL representation for module `$paramod$5434a6b34cacc170b3c523e4bba8307c52788d4e\GTP_LUT6'.
Parameter \INIT = 64'0111001100000000111111110000000000000000000000001111111100000000
Found cached RTLIL representation for module `$paramod$5434a6b34cacc170b3c523e4bba8307c52788d4e\GTP_LUT6'.
Parameter \INIT = 64'0111001100000000111111110000000000000000000000001111111100000000
Found cached RTLIL representation for module `$paramod$5434a6b34cacc170b3c523e4bba8307c52788d4e\GTP_LUT6'.
Parameter \INIT = 64'0111001100000000111111110000000000000000000000001111111100000000
Found cached RTLIL representation for module `$paramod$5434a6b34cacc170b3c523e4bba8307c52788d4e\GTP_LUT6'.
Parameter \INIT = 64'0111001100000000111111110000000000000000000000001111111100000000
Found cached RTLIL representation for module `$paramod$5434a6b34cacc170b3c523e4bba8307c52788d4e\GTP_LUT6'.
Parameter \INIT = 64'0111001100000000111111110000000000000000000000001111111100000000
Found cached RTLIL representation for module `$paramod$5434a6b34cacc170b3c523e4bba8307c52788d4e\GTP_LUT6'.
Parameter \INIT = 64'0111001100000000111111110000000000000000000000001111111100000000
Found cached RTLIL representation for module `$paramod$5434a6b34cacc170b3c523e4bba8307c52788d4e\GTP_LUT6'.
Parameter \INIT = 64'0111001100000000111111110000000000000000000000001111111100000000
Found cached RTLIL representation for module `$paramod$5434a6b34cacc170b3c523e4bba8307c52788d4e\GTP_LUT6'.
Parameter \INIT = 64'0111001100000000111111110000000000000000000000001111111100000000
Found cached RTLIL representation for module `$paramod$5434a6b34cacc170b3c523e4bba8307c52788d4e\GTP_LUT6'.
Parameter \INIT = 64'0111001100000000111111110000000000000000000000001111111100000000
Found cached RTLIL representation for module `$paramod$5434a6b34cacc170b3c523e4bba8307c52788d4e\GTP_LUT6'.
Parameter \INIT = 64'0111001100000000111111110000000000000000000000001111111100000000
Found cached RTLIL representation for module `$paramod$5434a6b34cacc170b3c523e4bba8307c52788d4e\GTP_LUT6'.
Parameter \INIT = 64'0111001100000000111111110000000000000000000000001111111100000000
Found cached RTLIL representation for module `$paramod$5434a6b34cacc170b3c523e4bba8307c52788d4e\GTP_LUT6'.
Parameter \INIT = 64'0111001100000000111111110000000000000000000000001111111100000000
Found cached RTLIL representation for module `$paramod$5434a6b34cacc170b3c523e4bba8307c52788d4e\GTP_LUT6'.
Parameter \INIT = 16'0000001100000001
Found cached RTLIL representation for module `$paramod\GTP_LUT4\INIT=16'0000001100000001'.
Parameter \INIT = 32'10001010101010100000000010101010
Found cached RTLIL representation for module `$paramod\GTP_LUT5\INIT=32'10001010101010100000000010101010'.
Parameter \INIT = 64'0100111100000000000011110000000011111111000000000000111100000000
Found cached RTLIL representation for module `$paramod$c6d737a35aee20f2946726bf21079a9f90b8ea62\GTP_LUT6'.
Parameter \INIT = 64'0111000011110000001100000011000000110000111100000011000000110000
Found cached RTLIL representation for module `$paramod$2f91db07ba02deafce3116b1fd09dfbf1a7385f5\GTP_LUT6'.
Parameter \INIT = 64'0100000011001100110000001100110000000000110011001100000011001100
Found cached RTLIL representation for module `$paramod$b84cf86692de66f26a9ca79913971e232e24da5f\GTP_LUT6'.
Parameter \INIT = 64'0100000011001100110000001100110000000000110011001100000011001100
Found cached RTLIL representation for module `$paramod$b84cf86692de66f26a9ca79913971e232e24da5f\GTP_LUT6'.
Parameter \INIT = 64'0100000011001100110000001100110000000000110011001100000011001100
Found cached RTLIL representation for module `$paramod$b84cf86692de66f26a9ca79913971e232e24da5f\GTP_LUT6'.
Parameter \INIT = 64'0100000011001100110000001100110000000000110011001100000011001100
Found cached RTLIL representation for module `$paramod$b84cf86692de66f26a9ca79913971e232e24da5f\GTP_LUT6'.
Parameter \INIT = 64'0100000011001100110000001100110000000000110011001100000011001100
Found cached RTLIL representation for module `$paramod$b84cf86692de66f26a9ca79913971e232e24da5f\GTP_LUT6'.
Parameter \INIT = 64'0100000011001100110000001100110000000000110011001100000011001100
Found cached RTLIL representation for module `$paramod$b84cf86692de66f26a9ca79913971e232e24da5f\GTP_LUT6'.
Parameter \INIT = 64'0100000011001100110000001100110000000000110011001100000011001100
Found cached RTLIL representation for module `$paramod$b84cf86692de66f26a9ca79913971e232e24da5f\GTP_LUT6'.
Parameter \INIT = 64'0100000011001100110000001100110000000000110011001100000011001100
Found cached RTLIL representation for module `$paramod$b84cf86692de66f26a9ca79913971e232e24da5f\GTP_LUT6'.
Parameter \INIT = 64'0100000011001100110000001100110000000000110011001100000011001100
Found cached RTLIL representation for module `$paramod$b84cf86692de66f26a9ca79913971e232e24da5f\GTP_LUT6'.
Parameter \INIT = 64'0100000011001100110000001100110000000000110011001100000011001100
Found cached RTLIL representation for module `$paramod$b84cf86692de66f26a9ca79913971e232e24da5f\GTP_LUT6'.
Parameter \INIT = 64'0100000011001100110000001100110000000000110011001100000011001100
Found cached RTLIL representation for module `$paramod$b84cf86692de66f26a9ca79913971e232e24da5f\GTP_LUT6'.
Parameter \INIT = 64'0100000011001100110000001100110000000000110011001100000011001100
Found cached RTLIL representation for module `$paramod$b84cf86692de66f26a9ca79913971e232e24da5f\GTP_LUT6'.
Parameter \INIT = 64'0100000011001100110000001100110000000000110011001100000011001100
Found cached RTLIL representation for module `$paramod$b84cf86692de66f26a9ca79913971e232e24da5f\GTP_LUT6'.
Parameter \INIT = 64'0100000011001100110000001100110000000000110011001100000011001100
Found cached RTLIL representation for module `$paramod$b84cf86692de66f26a9ca79913971e232e24da5f\GTP_LUT6'.
Parameter \INIT = 16'0000001100000001
Found cached RTLIL representation for module `$paramod\GTP_LUT4\INIT=16'0000001100000001'.
Parameter \INIT = 32'10000000101010101010000010101010
Found cached RTLIL representation for module `$paramod\GTP_LUT5\INIT=32'10000000101010101010000010101010'.
Parameter \INIT = 64'0111111100110011001111110011001100000000000000000000000000000000
Found cached RTLIL representation for module `$paramod$cdd18be929c34e025592f526ff52cfe29cb5e1c3\GTP_LUT6'.
Parameter \INIT = 64'0111111100110011000000000000000000111111001100110000000000000000
Found cached RTLIL representation for module `$paramod$b3fb65c7dc7e008a08cab12bbd05ce5322a27e06\GTP_LUT6'.
Parameter \INIT = 64'0100000011001100000000000000000011111111111111110000000000000000
Found cached RTLIL representation for module `$paramod$16dfd52a39c617677590f5f0bab992973886c5e2\GTP_LUT6'.
Parameter \INIT = 64'0100000011001100000000000000000011111111111111110000000000000000
Found cached RTLIL representation for module `$paramod$16dfd52a39c617677590f5f0bab992973886c5e2\GTP_LUT6'.
Parameter \INIT = 64'0100000011001100000000000000000011111111111111110000000000000000
Found cached RTLIL representation for module `$paramod$16dfd52a39c617677590f5f0bab992973886c5e2\GTP_LUT6'.
Parameter \INIT = 64'0100000011001100000000000000000011111111111111110000000000000000
Found cached RTLIL representation for module `$paramod$16dfd52a39c617677590f5f0bab992973886c5e2\GTP_LUT6'.
Parameter \INIT = 64'0100000011001100000000000000000011111111111111110000000000000000
Found cached RTLIL representation for module `$paramod$16dfd52a39c617677590f5f0bab992973886c5e2\GTP_LUT6'.
Parameter \INIT = 64'0100000011001100000000000000000011111111111111110000000000000000
Found cached RTLIL representation for module `$paramod$16dfd52a39c617677590f5f0bab992973886c5e2\GTP_LUT6'.
Parameter \INIT = 64'0100000011001100000000000000000011111111111111110000000000000000
Found cached RTLIL representation for module `$paramod$16dfd52a39c617677590f5f0bab992973886c5e2\GTP_LUT6'.
Parameter \INIT = 64'0100000011001100000000000000000011111111111111110000000000000000
Found cached RTLIL representation for module `$paramod$16dfd52a39c617677590f5f0bab992973886c5e2\GTP_LUT6'.
Parameter \INIT = 64'0100000011001100000000000000000011111111111111110000000000000000
Found cached RTLIL representation for module `$paramod$16dfd52a39c617677590f5f0bab992973886c5e2\GTP_LUT6'.
Parameter \INIT = 64'0100000011001100000000000000000011111111111111110000000000000000
Found cached RTLIL representation for module `$paramod$16dfd52a39c617677590f5f0bab992973886c5e2\GTP_LUT6'.
Parameter \INIT = 64'0100000011001100000000000000000011111111111111110000000000000000
Found cached RTLIL representation for module `$paramod$16dfd52a39c617677590f5f0bab992973886c5e2\GTP_LUT6'.
Parameter \INIT = 64'0100000011001100000000000000000011111111111111110000000000000000
Found cached RTLIL representation for module `$paramod$16dfd52a39c617677590f5f0bab992973886c5e2\GTP_LUT6'.
Parameter \INIT = 64'0100000011001100000000000000000011111111111111110000000000000000
Found cached RTLIL representation for module `$paramod$16dfd52a39c617677590f5f0bab992973886c5e2\GTP_LUT6'.
Parameter \INIT = 64'0100000011001100000000000000000011111111111111110000000000000000
Found cached RTLIL representation for module `$paramod$16dfd52a39c617677590f5f0bab992973886c5e2\GTP_LUT6'.
Parameter \INIT = 16'0000010100000001

3.22. Executing AST frontend in derive mode using pre-parsed AST for module `\GTP_LUT4'.
Parameter \INIT = 16'0000010100000001
Generating RTLIL representation for module `$paramod\GTP_LUT4\INIT=16'0000010100000001'.
Parameter \INIT = 32'10000000101000001010101010101010
Found cached RTLIL representation for module `$paramod\GTP_LUT5\INIT=32'10000000101000001010101010101010'.
Parameter \INIT = 64'0111001100000000111111110000000000000000000000001111111100000000
Found cached RTLIL representation for module `$paramod$5434a6b34cacc170b3c523e4bba8307c52788d4e\GTP_LUT6'.
Parameter \INIT = 64'0111001100000000111111110000000000000000000000001111111100000000
Found cached RTLIL representation for module `$paramod$5434a6b34cacc170b3c523e4bba8307c52788d4e\GTP_LUT6'.
Parameter \INIT = 64'0100000000000000110011001100110011001100000000001100110011001100
Found cached RTLIL representation for module `$paramod$5016dd73927785c730cd5dcf237328aa6f4c0786\GTP_LUT6'.
Parameter \INIT = 64'0100111100000000000011110000000011111111000000000000111100000000
Found cached RTLIL representation for module `$paramod$c6d737a35aee20f2946726bf21079a9f90b8ea62\GTP_LUT6'.
Parameter \INIT = 64'0100111100000000000011110000000011111111000000000000111100000000
Found cached RTLIL representation for module `$paramod$c6d737a35aee20f2946726bf21079a9f90b8ea62\GTP_LUT6'.
Parameter \INIT = 64'0100111100000000000011110000000011111111000000000000111100000000
Found cached RTLIL representation for module `$paramod$c6d737a35aee20f2946726bf21079a9f90b8ea62\GTP_LUT6'.
Parameter \INIT = 64'0100111100000000000011110000000011111111000000000000111100000000
Found cached RTLIL representation for module `$paramod$c6d737a35aee20f2946726bf21079a9f90b8ea62\GTP_LUT6'.
Parameter \INIT = 64'0100111100000000000011110000000011111111000000000000111100000000
Found cached RTLIL representation for module `$paramod$c6d737a35aee20f2946726bf21079a9f90b8ea62\GTP_LUT6'.
Parameter \INIT = 64'0100111100000000000011110000000011111111000000000000111100000000
Found cached RTLIL representation for module `$paramod$c6d737a35aee20f2946726bf21079a9f90b8ea62\GTP_LUT6'.
Parameter \INIT = 64'0100111100000000000011110000000011111111000000000000111100000000
Found cached RTLIL representation for module `$paramod$c6d737a35aee20f2946726bf21079a9f90b8ea62\GTP_LUT6'.
Parameter \INIT = 64'0100111100000000000011110000000011111111000000000000111100000000
Found cached RTLIL representation for module `$paramod$c6d737a35aee20f2946726bf21079a9f90b8ea62\GTP_LUT6'.
Parameter \INIT = 64'0100111100000000000011110000000011111111000000000000111100000000
Found cached RTLIL representation for module `$paramod$c6d737a35aee20f2946726bf21079a9f90b8ea62\GTP_LUT6'.
Parameter \INIT = 64'0100111100000000000011110000000011111111000000000000111100000000
Found cached RTLIL representation for module `$paramod$c6d737a35aee20f2946726bf21079a9f90b8ea62\GTP_LUT6'.
Parameter \INIT = 64'0100111100000000000011110000000011111111000000000000111100000000
Found cached RTLIL representation for module `$paramod$c6d737a35aee20f2946726bf21079a9f90b8ea62\GTP_LUT6'.
Parameter \INIT = 64'0100111100000000000011110000000011111111000000000000111100000000
Found cached RTLIL representation for module `$paramod$c6d737a35aee20f2946726bf21079a9f90b8ea62\GTP_LUT6'.
Parameter \INIT = 64'0100111100000000000011110000000011111111000000000000111100000000
Found cached RTLIL representation for module `$paramod$c6d737a35aee20f2946726bf21079a9f90b8ea62\GTP_LUT6'.
Parameter \INIT = 16'0000001100000001
Found cached RTLIL representation for module `$paramod\GTP_LUT4\INIT=16'0000001100000001'.
Parameter \INIT = 32'10001010000010101010101000001010
Found cached RTLIL representation for module `$paramod\GTP_LUT5\INIT=32'10001010000010101010101000001010'.
Parameter \INIT = 64'0100000011001100110000001100110000000000110011001100000011001100
Found cached RTLIL representation for module `$paramod$b84cf86692de66f26a9ca79913971e232e24da5f\GTP_LUT6'.
Parameter \INIT = 64'0100000011001100110000001100110000000000110011001100000011001100
Found cached RTLIL representation for module `$paramod$b84cf86692de66f26a9ca79913971e232e24da5f\GTP_LUT6'.
Parameter \INIT = 64'0100000011001100000000001100110011000000110011001100000011001100
Found cached RTLIL representation for module `$paramod$2682c60770047fb7d1966b9d62e49f5705eabbb4\GTP_LUT6'.
Parameter \INIT = 64'0111111100110011001111110011001100000000000000000000000000000000
Found cached RTLIL representation for module `$paramod$cdd18be929c34e025592f526ff52cfe29cb5e1c3\GTP_LUT6'.
Parameter \INIT = 64'0111111100110011001111110011001100000000000000000000000000000000
Found cached RTLIL representation for module `$paramod$cdd18be929c34e025592f526ff52cfe29cb5e1c3\GTP_LUT6'.
Parameter \INIT = 64'0111111100110011001111110011001100000000000000000000000000000000
Found cached RTLIL representation for module `$paramod$cdd18be929c34e025592f526ff52cfe29cb5e1c3\GTP_LUT6'.
Parameter \INIT = 64'0111111100110011001111110011001100000000000000000000000000000000
Found cached RTLIL representation for module `$paramod$cdd18be929c34e025592f526ff52cfe29cb5e1c3\GTP_LUT6'.
Parameter \INIT = 64'0111111100110011001111110011001100000000000000000000000000000000
Found cached RTLIL representation for module `$paramod$cdd18be929c34e025592f526ff52cfe29cb5e1c3\GTP_LUT6'.
Parameter \INIT = 64'0111111100110011001111110011001100000000000000000000000000000000
Found cached RTLIL representation for module `$paramod$cdd18be929c34e025592f526ff52cfe29cb5e1c3\GTP_LUT6'.
Parameter \INIT = 64'0111111100110011001111110011001100000000000000000000000000000000
Found cached RTLIL representation for module `$paramod$cdd18be929c34e025592f526ff52cfe29cb5e1c3\GTP_LUT6'.
Parameter \INIT = 64'0111111100110011001111110011001100000000000000000000000000000000
Found cached RTLIL representation for module `$paramod$cdd18be929c34e025592f526ff52cfe29cb5e1c3\GTP_LUT6'.
Parameter \INIT = 64'0111111100110011001111110011001100000000000000000000000000000000
Found cached RTLIL representation for module `$paramod$cdd18be929c34e025592f526ff52cfe29cb5e1c3\GTP_LUT6'.
Parameter \INIT = 64'0111111100110011001111110011001100000000000000000000000000000000
Found cached RTLIL representation for module `$paramod$cdd18be929c34e025592f526ff52cfe29cb5e1c3\GTP_LUT6'.
Parameter \INIT = 64'0111111100110011001111110011001100000000000000000000000000000000
Found cached RTLIL representation for module `$paramod$cdd18be929c34e025592f526ff52cfe29cb5e1c3\GTP_LUT6'.
Parameter \INIT = 64'0111111100110011001111110011001100000000000000000000000000000000
Found cached RTLIL representation for module `$paramod$cdd18be929c34e025592f526ff52cfe29cb5e1c3\GTP_LUT6'.
Parameter \INIT = 64'0111111100110011001111110011001100000000000000000000000000000000
Found cached RTLIL representation for module `$paramod$cdd18be929c34e025592f526ff52cfe29cb5e1c3\GTP_LUT6'.
Parameter \INIT = 16'0000001100000001
Found cached RTLIL representation for module `$paramod\GTP_LUT4\INIT=16'0000001100000001'.
Parameter \INIT = 32'10001010101010100000101000001010
Found cached RTLIL representation for module `$paramod\GTP_LUT5\INIT=32'10001010101010100000101000001010'.
Parameter \INIT = 64'0100000011001100000000000000000011111111111111110000000000000000
Found cached RTLIL representation for module `$paramod$16dfd52a39c617677590f5f0bab992973886c5e2\GTP_LUT6'.
Parameter \INIT = 64'0100000011001100000000000000000011111111111111110000000000000000
Found cached RTLIL representation for module `$paramod$16dfd52a39c617677590f5f0bab992973886c5e2\GTP_LUT6'.
Parameter \INIT = 64'0100000011001100000000000000000011111111111111110000000000000000
Found cached RTLIL representation for module `$paramod$16dfd52a39c617677590f5f0bab992973886c5e2\GTP_LUT6'.
Parameter \INIT = 64'0111001111111111000000000000000000000000111111110000000000000000
Found cached RTLIL representation for module `$paramod$f5e4a16bcb491aa9990d6fbe40d9369146b32ca4\GTP_LUT6'.
Parameter \INIT = 64'0111001100000000111111110000000000000000000000001111111100000000
Found cached RTLIL representation for module `$paramod$5434a6b34cacc170b3c523e4bba8307c52788d4e\GTP_LUT6'.
Parameter \INIT = 64'0111001100000000111111110000000000000000000000001111111100000000
Found cached RTLIL representation for module `$paramod$5434a6b34cacc170b3c523e4bba8307c52788d4e\GTP_LUT6'.
Parameter \INIT = 64'0111001100000000111111110000000000000000000000001111111100000000
Found cached RTLIL representation for module `$paramod$5434a6b34cacc170b3c523e4bba8307c52788d4e\GTP_LUT6'.
Parameter \INIT = 64'0111001100000000111111110000000000000000000000001111111100000000
Found cached RTLIL representation for module `$paramod$5434a6b34cacc170b3c523e4bba8307c52788d4e\GTP_LUT6'.
Parameter \INIT = 64'0111001100000000111111110000000000000000000000001111111100000000
Found cached RTLIL representation for module `$paramod$5434a6b34cacc170b3c523e4bba8307c52788d4e\GTP_LUT6'.
Parameter \INIT = 64'0111001100000000111111110000000000000000000000001111111100000000
Found cached RTLIL representation for module `$paramod$5434a6b34cacc170b3c523e4bba8307c52788d4e\GTP_LUT6'.
Parameter \INIT = 64'0111001100000000111111110000000000000000000000001111111100000000
Found cached RTLIL representation for module `$paramod$5434a6b34cacc170b3c523e4bba8307c52788d4e\GTP_LUT6'.
Parameter \INIT = 64'0111001100000000111111110000000000000000000000001111111100000000
Found cached RTLIL representation for module `$paramod$5434a6b34cacc170b3c523e4bba8307c52788d4e\GTP_LUT6'.
Parameter \INIT = 64'0111001100000000111111110000000000000000000000001111111100000000
Found cached RTLIL representation for module `$paramod$5434a6b34cacc170b3c523e4bba8307c52788d4e\GTP_LUT6'.
Parameter \INIT = 64'0111001100000000111111110000000000000000000000001111111100000000
Found cached RTLIL representation for module `$paramod$5434a6b34cacc170b3c523e4bba8307c52788d4e\GTP_LUT6'.
Parameter \INIT = 64'0111001100000000111111110000000000000000000000001111111100000000
Found cached RTLIL representation for module `$paramod$5434a6b34cacc170b3c523e4bba8307c52788d4e\GTP_LUT6'.
Parameter \INIT = 64'0111001100000000111111110000000000000000000000001111111100000000
Found cached RTLIL representation for module `$paramod$5434a6b34cacc170b3c523e4bba8307c52788d4e\GTP_LUT6'.
Parameter \INIT = 16'0000001100000001
Found cached RTLIL representation for module `$paramod\GTP_LUT4\INIT=16'0000001100000001'.
Parameter \INIT = 32'10001010101010100000000010101010
Found cached RTLIL representation for module `$paramod\GTP_LUT5\INIT=32'10001010101010100000000010101010'.
Parameter \INIT = 64'0100111100000000000011110000000011111111000000000000111100000000
Found cached RTLIL representation for module `$paramod$c6d737a35aee20f2946726bf21079a9f90b8ea62\GTP_LUT6'.
Parameter \INIT = 64'0100111100000000000011110000000011111111000000000000111100000000
Found cached RTLIL representation for module `$paramod$c6d737a35aee20f2946726bf21079a9f90b8ea62\GTP_LUT6'.
Parameter \INIT = 64'0100111100000000000011110000000011111111000000000000111100000000
Found cached RTLIL representation for module `$paramod$c6d737a35aee20f2946726bf21079a9f90b8ea62\GTP_LUT6'.
Parameter \INIT = 64'0111000011110000001100000011000000110000111100000011000000110000
Found cached RTLIL representation for module `$paramod$2f91db07ba02deafce3116b1fd09dfbf1a7385f5\GTP_LUT6'.
Parameter \INIT = 64'0100000011001100110000001100110000000000110011001100000011001100
Found cached RTLIL representation for module `$paramod$b84cf86692de66f26a9ca79913971e232e24da5f\GTP_LUT6'.
Parameter \INIT = 64'0100000011001100110000001100110000000000110011001100000011001100
Found cached RTLIL representation for module `$paramod$b84cf86692de66f26a9ca79913971e232e24da5f\GTP_LUT6'.
Parameter \INIT = 64'0100000011001100110000001100110000000000110011001100000011001100
Found cached RTLIL representation for module `$paramod$b84cf86692de66f26a9ca79913971e232e24da5f\GTP_LUT6'.
Parameter \INIT = 64'0100000011001100110000001100110000000000110011001100000011001100
Found cached RTLIL representation for module `$paramod$b84cf86692de66f26a9ca79913971e232e24da5f\GTP_LUT6'.
Parameter \INIT = 64'0100000011001100110000001100110000000000110011001100000011001100
Found cached RTLIL representation for module `$paramod$b84cf86692de66f26a9ca79913971e232e24da5f\GTP_LUT6'.
Parameter \INIT = 64'0100000011001100110000001100110000000000110011001100000011001100
Found cached RTLIL representation for module `$paramod$b84cf86692de66f26a9ca79913971e232e24da5f\GTP_LUT6'.
Parameter \INIT = 64'0100000011001100110000001100110000000000110011001100000011001100
Found cached RTLIL representation for module `$paramod$b84cf86692de66f26a9ca79913971e232e24da5f\GTP_LUT6'.
Parameter \INIT = 64'0100000011001100110000001100110000000000110011001100000011001100
Found cached RTLIL representation for module `$paramod$b84cf86692de66f26a9ca79913971e232e24da5f\GTP_LUT6'.
Parameter \INIT = 64'0100000011001100110000001100110000000000110011001100000011001100
Found cached RTLIL representation for module `$paramod$b84cf86692de66f26a9ca79913971e232e24da5f\GTP_LUT6'.
Parameter \INIT = 64'0100000011001100110000001100110000000000110011001100000011001100
Found cached RTLIL representation for module `$paramod$b84cf86692de66f26a9ca79913971e232e24da5f\GTP_LUT6'.
Parameter \INIT = 64'0100000011001100110000001100110000000000110011001100000011001100
Found cached RTLIL representation for module `$paramod$b84cf86692de66f26a9ca79913971e232e24da5f\GTP_LUT6'.
Parameter \INIT = 64'0100000011001100110000001100110000000000110011001100000011001100
Found cached RTLIL representation for module `$paramod$b84cf86692de66f26a9ca79913971e232e24da5f\GTP_LUT6'.
Parameter \INIT = 16'0000001100000001
Found cached RTLIL representation for module `$paramod\GTP_LUT4\INIT=16'0000001100000001'.
Parameter \INIT = 32'10000000101010101010000010101010
Found cached RTLIL representation for module `$paramod\GTP_LUT5\INIT=32'10000000101010101010000010101010'.
Parameter \INIT = 64'0111111100110011001111110011001100000000000000000000000000000000
Found cached RTLIL representation for module `$paramod$cdd18be929c34e025592f526ff52cfe29cb5e1c3\GTP_LUT6'.
Parameter \INIT = 64'0111111100110011001111110011001100000000000000000000000000000000
Found cached RTLIL representation for module `$paramod$cdd18be929c34e025592f526ff52cfe29cb5e1c3\GTP_LUT6'.
Parameter \INIT = 64'0111111100110011001111110011001100000000000000000000000000000000
Found cached RTLIL representation for module `$paramod$cdd18be929c34e025592f526ff52cfe29cb5e1c3\GTP_LUT6'.
Parameter \INIT = 64'0111111100110011000000000000000000111111001100110000000000000000
Found cached RTLIL representation for module `$paramod$b3fb65c7dc7e008a08cab12bbd05ce5322a27e06\GTP_LUT6'.
Parameter \INIT = 64'0100000011001100000000000000000011111111111111110000000000000000
Found cached RTLIL representation for module `$paramod$16dfd52a39c617677590f5f0bab992973886c5e2\GTP_LUT6'.
Parameter \INIT = 64'0100000011001100000000000000000011111111111111110000000000000000
Found cached RTLIL representation for module `$paramod$16dfd52a39c617677590f5f0bab992973886c5e2\GTP_LUT6'.
Parameter \INIT = 64'0100000011001100000000000000000011111111111111110000000000000000
Found cached RTLIL representation for module `$paramod$16dfd52a39c617677590f5f0bab992973886c5e2\GTP_LUT6'.
Parameter \INIT = 64'0100000011001100000000000000000011111111111111110000000000000000
Found cached RTLIL representation for module `$paramod$16dfd52a39c617677590f5f0bab992973886c5e2\GTP_LUT6'.
Parameter \INIT = 64'0100000011001100000000000000000011111111111111110000000000000000
Found cached RTLIL representation for module `$paramod$16dfd52a39c617677590f5f0bab992973886c5e2\GTP_LUT6'.
Parameter \INIT = 64'0100000011001100000000000000000011111111111111110000000000000000
Found cached RTLIL representation for module `$paramod$16dfd52a39c617677590f5f0bab992973886c5e2\GTP_LUT6'.
Parameter \INIT = 64'0100000011001100000000000000000011111111111111110000000000000000
Found cached RTLIL representation for module `$paramod$16dfd52a39c617677590f5f0bab992973886c5e2\GTP_LUT6'.
Parameter \INIT = 64'0100000011001100000000000000000011111111111111110000000000000000
Found cached RTLIL representation for module `$paramod$16dfd52a39c617677590f5f0bab992973886c5e2\GTP_LUT6'.
Parameter \INIT = 64'0100000011001100000000000000000011111111111111110000000000000000
Found cached RTLIL representation for module `$paramod$16dfd52a39c617677590f5f0bab992973886c5e2\GTP_LUT6'.
Parameter \INIT = 64'0100000011001100000000000000000011111111111111110000000000000000
Found cached RTLIL representation for module `$paramod$16dfd52a39c617677590f5f0bab992973886c5e2\GTP_LUT6'.
Parameter \INIT = 64'0100000011001100000000000000000011111111111111110000000000000000
Found cached RTLIL representation for module `$paramod$16dfd52a39c617677590f5f0bab992973886c5e2\GTP_LUT6'.
Parameter \INIT = 64'0100000011001100000000000000000011111111111111110000000000000000
Found cached RTLIL representation for module `$paramod$16dfd52a39c617677590f5f0bab992973886c5e2\GTP_LUT6'.
Parameter \INIT = 16'0000001100000001
Found cached RTLIL representation for module `$paramod\GTP_LUT4\INIT=16'0000001100000001'.
Parameter \INIT = 32'10000000101000001010101010101010
Found cached RTLIL representation for module `$paramod\GTP_LUT5\INIT=32'10000000101000001010101010101010'.
Parameter \INIT = 64'0111001100000000111111110000000000000000000000001111111100000000
Found cached RTLIL representation for module `$paramod$5434a6b34cacc170b3c523e4bba8307c52788d4e\GTP_LUT6'.
Parameter \INIT = 64'0111001100000000111111110000000000000000000000001111111100000000
Found cached RTLIL representation for module `$paramod$5434a6b34cacc170b3c523e4bba8307c52788d4e\GTP_LUT6'.
Parameter \INIT = 64'0111001100000000111111110000000000000000000000001111111100000000
Found cached RTLIL representation for module `$paramod$5434a6b34cacc170b3c523e4bba8307c52788d4e\GTP_LUT6'.
Parameter \INIT = 64'0111001100000000111111110000000000000000000000001111111100000000
Found cached RTLIL representation for module `$paramod$5434a6b34cacc170b3c523e4bba8307c52788d4e\GTP_LUT6'.
Parameter \INIT = 64'0100000000000000110011001100110011001100000000001100110011001100
Found cached RTLIL representation for module `$paramod$5016dd73927785c730cd5dcf237328aa6f4c0786\GTP_LUT6'.
Parameter \INIT = 64'0100111100000000000011110000000011111111000000000000111100000000
Found cached RTLIL representation for module `$paramod$c6d737a35aee20f2946726bf21079a9f90b8ea62\GTP_LUT6'.
Parameter \INIT = 64'0100111100000000000011110000000011111111000000000000111100000000
Found cached RTLIL representation for module `$paramod$c6d737a35aee20f2946726bf21079a9f90b8ea62\GTP_LUT6'.
Parameter \INIT = 64'0100111100000000000011110000000011111111000000000000111100000000
Found cached RTLIL representation for module `$paramod$c6d737a35aee20f2946726bf21079a9f90b8ea62\GTP_LUT6'.
Parameter \INIT = 64'0100111100000000000011110000000011111111000000000000111100000000
Found cached RTLIL representation for module `$paramod$c6d737a35aee20f2946726bf21079a9f90b8ea62\GTP_LUT6'.
Parameter \INIT = 64'0100111100000000000011110000000011111111000000000000111100000000
Found cached RTLIL representation for module `$paramod$c6d737a35aee20f2946726bf21079a9f90b8ea62\GTP_LUT6'.
Parameter \INIT = 64'0100111100000000000011110000000011111111000000000000111100000000
Found cached RTLIL representation for module `$paramod$c6d737a35aee20f2946726bf21079a9f90b8ea62\GTP_LUT6'.
Parameter \INIT = 64'0100111100000000000011110000000011111111000000000000111100000000
Found cached RTLIL representation for module `$paramod$c6d737a35aee20f2946726bf21079a9f90b8ea62\GTP_LUT6'.
Parameter \INIT = 64'0100111100000000000011110000000011111111000000000000111100000000
Found cached RTLIL representation for module `$paramod$c6d737a35aee20f2946726bf21079a9f90b8ea62\GTP_LUT6'.
Parameter \INIT = 64'0100111100000000000011110000000011111111000000000000111100000000
Found cached RTLIL representation for module `$paramod$c6d737a35aee20f2946726bf21079a9f90b8ea62\GTP_LUT6'.
Parameter \INIT = 64'0100111100000000000011110000000011111111000000000000111100000000
Found cached RTLIL representation for module `$paramod$c6d737a35aee20f2946726bf21079a9f90b8ea62\GTP_LUT6'.
Parameter \INIT = 64'0100111100000000000011110000000011111111000000000000111100000000
Found cached RTLIL representation for module `$paramod$c6d737a35aee20f2946726bf21079a9f90b8ea62\GTP_LUT6'.
Parameter \INIT = 16'0000001100000001
Found cached RTLIL representation for module `$paramod\GTP_LUT4\INIT=16'0000001100000001'.
Parameter \INIT = 32'10001010000010101010101000001010
Found cached RTLIL representation for module `$paramod\GTP_LUT5\INIT=32'10001010000010101010101000001010'.
Parameter \INIT = 64'0100000011001100110000001100110000000000110011001100000011001100
Found cached RTLIL representation for module `$paramod$b84cf86692de66f26a9ca79913971e232e24da5f\GTP_LUT6'.
Parameter \INIT = 64'0100000011001100110000001100110000000000110011001100000011001100
Found cached RTLIL representation for module `$paramod$b84cf86692de66f26a9ca79913971e232e24da5f\GTP_LUT6'.
Parameter \INIT = 64'0100000011001100110000001100110000000000110011001100000011001100
Found cached RTLIL representation for module `$paramod$b84cf86692de66f26a9ca79913971e232e24da5f\GTP_LUT6'.
Parameter \INIT = 64'0100000011001100110000001100110000000000110011001100000011001100
Found cached RTLIL representation for module `$paramod$b84cf86692de66f26a9ca79913971e232e24da5f\GTP_LUT6'.
Parameter \INIT = 64'0100000011001100000000001100110011000000110011001100000011001100
Found cached RTLIL representation for module `$paramod$2682c60770047fb7d1966b9d62e49f5705eabbb4\GTP_LUT6'.
Parameter \INIT = 64'0111111100110011001111110011001100000000000000000000000000000000
Found cached RTLIL representation for module `$paramod$cdd18be929c34e025592f526ff52cfe29cb5e1c3\GTP_LUT6'.
Parameter \INIT = 64'0111111100110011001111110011001100000000000000000000000000000000
Found cached RTLIL representation for module `$paramod$cdd18be929c34e025592f526ff52cfe29cb5e1c3\GTP_LUT6'.
Parameter \INIT = 64'0111111100110011001111110011001100000000000000000000000000000000
Found cached RTLIL representation for module `$paramod$cdd18be929c34e025592f526ff52cfe29cb5e1c3\GTP_LUT6'.
Parameter \INIT = 64'0111111100110011001111110011001100000000000000000000000000000000
Found cached RTLIL representation for module `$paramod$cdd18be929c34e025592f526ff52cfe29cb5e1c3\GTP_LUT6'.
Parameter \INIT = 64'0111111100110011001111110011001100000000000000000000000000000000
Found cached RTLIL representation for module `$paramod$cdd18be929c34e025592f526ff52cfe29cb5e1c3\GTP_LUT6'.
Parameter \INIT = 64'0111111100110011001111110011001100000000000000000000000000000000
Found cached RTLIL representation for module `$paramod$cdd18be929c34e025592f526ff52cfe29cb5e1c3\GTP_LUT6'.
Parameter \INIT = 64'0111111100110011001111110011001100000000000000000000000000000000
Found cached RTLIL representation for module `$paramod$cdd18be929c34e025592f526ff52cfe29cb5e1c3\GTP_LUT6'.
Parameter \INIT = 64'0111111100110011001111110011001100000000000000000000000000000000
Found cached RTLIL representation for module `$paramod$cdd18be929c34e025592f526ff52cfe29cb5e1c3\GTP_LUT6'.
Parameter \INIT = 64'0111111100110011001111110011001100000000000000000000000000000000
Found cached RTLIL representation for module `$paramod$cdd18be929c34e025592f526ff52cfe29cb5e1c3\GTP_LUT6'.
Parameter \INIT = 64'0111111100110011001111110011001100000000000000000000000000000000
Found cached RTLIL representation for module `$paramod$cdd18be929c34e025592f526ff52cfe29cb5e1c3\GTP_LUT6'.
Parameter \INIT = 64'0111111100110011001111110011001100000000000000000000000000000000
Found cached RTLIL representation for module `$paramod$cdd18be929c34e025592f526ff52cfe29cb5e1c3\GTP_LUT6'.
Parameter \INIT = 16'0000001100000001
Found cached RTLIL representation for module `$paramod\GTP_LUT4\INIT=16'0000001100000001'.
Parameter \INIT = 32'10001010101010100000101000001010
Found cached RTLIL representation for module `$paramod\GTP_LUT5\INIT=32'10001010101010100000101000001010'.
Parameter \INIT = 64'0100000011001100000000000000000011111111111111110000000000000000
Found cached RTLIL representation for module `$paramod$16dfd52a39c617677590f5f0bab992973886c5e2\GTP_LUT6'.
Parameter \INIT = 64'0100000011001100000000000000000011111111111111110000000000000000
Found cached RTLIL representation for module `$paramod$16dfd52a39c617677590f5f0bab992973886c5e2\GTP_LUT6'.
Parameter \INIT = 64'0100000011001100000000000000000011111111111111110000000000000000
Found cached RTLIL representation for module `$paramod$16dfd52a39c617677590f5f0bab992973886c5e2\GTP_LUT6'.
Parameter \INIT = 64'0100000011001100000000000000000011111111111111110000000000000000
Found cached RTLIL representation for module `$paramod$16dfd52a39c617677590f5f0bab992973886c5e2\GTP_LUT6'.
Parameter \INIT = 64'0100000011001100000000000000000011111111111111110000000000000000
Found cached RTLIL representation for module `$paramod$16dfd52a39c617677590f5f0bab992973886c5e2\GTP_LUT6'.
Parameter \INIT = 64'0111001111111111000000000000000000000000111111110000000000000000
Found cached RTLIL representation for module `$paramod$f5e4a16bcb491aa9990d6fbe40d9369146b32ca4\GTP_LUT6'.
Parameter \INIT = 64'0111001100000000111111110000000000000000000000001111111100000000
Found cached RTLIL representation for module `$paramod$5434a6b34cacc170b3c523e4bba8307c52788d4e\GTP_LUT6'.
Parameter \INIT = 64'0111001100000000111111110000000000000000000000001111111100000000
Found cached RTLIL representation for module `$paramod$5434a6b34cacc170b3c523e4bba8307c52788d4e\GTP_LUT6'.
Parameter \INIT = 64'0111001100000000111111110000000000000000000000001111111100000000
Found cached RTLIL representation for module `$paramod$5434a6b34cacc170b3c523e4bba8307c52788d4e\GTP_LUT6'.
Parameter \INIT = 64'0111001100000000111111110000000000000000000000001111111100000000
Found cached RTLIL representation for module `$paramod$5434a6b34cacc170b3c523e4bba8307c52788d4e\GTP_LUT6'.
Parameter \INIT = 64'0111001100000000111111110000000000000000000000001111111100000000
Found cached RTLIL representation for module `$paramod$5434a6b34cacc170b3c523e4bba8307c52788d4e\GTP_LUT6'.
Parameter \INIT = 64'0111001100000000111111110000000000000000000000001111111100000000
Found cached RTLIL representation for module `$paramod$5434a6b34cacc170b3c523e4bba8307c52788d4e\GTP_LUT6'.
Parameter \INIT = 64'0111001100000000111111110000000000000000000000001111111100000000
Found cached RTLIL representation for module `$paramod$5434a6b34cacc170b3c523e4bba8307c52788d4e\GTP_LUT6'.
Parameter \INIT = 64'0111001100000000111111110000000000000000000000001111111100000000
Found cached RTLIL representation for module `$paramod$5434a6b34cacc170b3c523e4bba8307c52788d4e\GTP_LUT6'.
Parameter \INIT = 64'0111001100000000111111110000000000000000000000001111111100000000
Found cached RTLIL representation for module `$paramod$5434a6b34cacc170b3c523e4bba8307c52788d4e\GTP_LUT6'.
Parameter \INIT = 64'0111001100000000111111110000000000000000000000001111111100000000
Found cached RTLIL representation for module `$paramod$5434a6b34cacc170b3c523e4bba8307c52788d4e\GTP_LUT6'.
Parameter \INIT = 16'0000001100000001
Found cached RTLIL representation for module `$paramod\GTP_LUT4\INIT=16'0000001100000001'.
Parameter \INIT = 32'10001010101010100000000010101010
Found cached RTLIL representation for module `$paramod\GTP_LUT5\INIT=32'10001010101010100000000010101010'.
Parameter \INIT = 64'0100111100000000000011110000000011111111000000000000111100000000
Found cached RTLIL representation for module `$paramod$c6d737a35aee20f2946726bf21079a9f90b8ea62\GTP_LUT6'.
Parameter \INIT = 64'0100111100000000000011110000000011111111000000000000111100000000
Found cached RTLIL representation for module `$paramod$c6d737a35aee20f2946726bf21079a9f90b8ea62\GTP_LUT6'.
Parameter \INIT = 64'0100111100000000000011110000000011111111000000000000111100000000
Found cached RTLIL representation for module `$paramod$c6d737a35aee20f2946726bf21079a9f90b8ea62\GTP_LUT6'.
Parameter \INIT = 64'0100111100000000000011110000000011111111000000000000111100000000
Found cached RTLIL representation for module `$paramod$c6d737a35aee20f2946726bf21079a9f90b8ea62\GTP_LUT6'.
Parameter \INIT = 64'0100111100000000000011110000000011111111000000000000111100000000
Found cached RTLIL representation for module `$paramod$c6d737a35aee20f2946726bf21079a9f90b8ea62\GTP_LUT6'.
Parameter \INIT = 64'0111000011110000001100000011000000110000111100000011000000110000
Found cached RTLIL representation for module `$paramod$2f91db07ba02deafce3116b1fd09dfbf1a7385f5\GTP_LUT6'.
Parameter \INIT = 64'0100000011001100110000001100110000000000110011001100000011001100
Found cached RTLIL representation for module `$paramod$b84cf86692de66f26a9ca79913971e232e24da5f\GTP_LUT6'.
Parameter \INIT = 64'0100000011001100110000001100110000000000110011001100000011001100
Found cached RTLIL representation for module `$paramod$b84cf86692de66f26a9ca79913971e232e24da5f\GTP_LUT6'.
Parameter \INIT = 64'0100000011001100110000001100110000000000110011001100000011001100
Found cached RTLIL representation for module `$paramod$b84cf86692de66f26a9ca79913971e232e24da5f\GTP_LUT6'.
Parameter \INIT = 64'0100000011001100110000001100110000000000110011001100000011001100
Found cached RTLIL representation for module `$paramod$b84cf86692de66f26a9ca79913971e232e24da5f\GTP_LUT6'.
Parameter \INIT = 64'0100000011001100110000001100110000000000110011001100000011001100
Found cached RTLIL representation for module `$paramod$b84cf86692de66f26a9ca79913971e232e24da5f\GTP_LUT6'.
Parameter \INIT = 64'0100000011001100110000001100110000000000110011001100000011001100
Found cached RTLIL representation for module `$paramod$b84cf86692de66f26a9ca79913971e232e24da5f\GTP_LUT6'.
Parameter \INIT = 64'0100000011001100110000001100110000000000110011001100000011001100
Found cached RTLIL representation for module `$paramod$b84cf86692de66f26a9ca79913971e232e24da5f\GTP_LUT6'.
Parameter \INIT = 64'0100000011001100110000001100110000000000110011001100000011001100
Found cached RTLIL representation for module `$paramod$b84cf86692de66f26a9ca79913971e232e24da5f\GTP_LUT6'.
Parameter \INIT = 64'0100000011001100110000001100110000000000110011001100000011001100
Found cached RTLIL representation for module `$paramod$b84cf86692de66f26a9ca79913971e232e24da5f\GTP_LUT6'.
Parameter \INIT = 64'0100000011001100110000001100110000000000110011001100000011001100
Found cached RTLIL representation for module `$paramod$b84cf86692de66f26a9ca79913971e232e24da5f\GTP_LUT6'.
Parameter \INIT = 16'0000001100000001
Found cached RTLIL representation for module `$paramod\GTP_LUT4\INIT=16'0000001100000001'.
Parameter \INIT = 32'10000000101010101010000010101010
Found cached RTLIL representation for module `$paramod\GTP_LUT5\INIT=32'10000000101010101010000010101010'.
Parameter \INIT = 64'0111111100110011001111110011001100000000000000000000000000000000
Found cached RTLIL representation for module `$paramod$cdd18be929c34e025592f526ff52cfe29cb5e1c3\GTP_LUT6'.
Parameter \INIT = 64'0111111100110011001111110011001100000000000000000000000000000000
Found cached RTLIL representation for module `$paramod$cdd18be929c34e025592f526ff52cfe29cb5e1c3\GTP_LUT6'.
Parameter \INIT = 64'0111111100110011001111110011001100000000000000000000000000000000
Found cached RTLIL representation for module `$paramod$cdd18be929c34e025592f526ff52cfe29cb5e1c3\GTP_LUT6'.
Parameter \INIT = 64'0111111100110011001111110011001100000000000000000000000000000000
Found cached RTLIL representation for module `$paramod$cdd18be929c34e025592f526ff52cfe29cb5e1c3\GTP_LUT6'.
Parameter \INIT = 64'0111111100110011001111110011001100000000000000000000000000000000
Found cached RTLIL representation for module `$paramod$cdd18be929c34e025592f526ff52cfe29cb5e1c3\GTP_LUT6'.
Parameter \INIT = 64'0111111100110011000000000000000000111111001100110000000000000000
Found cached RTLIL representation for module `$paramod$b3fb65c7dc7e008a08cab12bbd05ce5322a27e06\GTP_LUT6'.
Parameter \INIT = 64'0100000011001100000000000000000011111111111111110000000000000000
Found cached RTLIL representation for module `$paramod$16dfd52a39c617677590f5f0bab992973886c5e2\GTP_LUT6'.
Parameter \INIT = 64'0100000011001100000000000000000011111111111111110000000000000000
Found cached RTLIL representation for module `$paramod$16dfd52a39c617677590f5f0bab992973886c5e2\GTP_LUT6'.
Parameter \INIT = 64'0100000011001100000000000000000011111111111111110000000000000000
Found cached RTLIL representation for module `$paramod$16dfd52a39c617677590f5f0bab992973886c5e2\GTP_LUT6'.
Parameter \INIT = 64'0100000011001100000000000000000011111111111111110000000000000000
Found cached RTLIL representation for module `$paramod$16dfd52a39c617677590f5f0bab992973886c5e2\GTP_LUT6'.
Parameter \INIT = 64'0100000011001100000000000000000011111111111111110000000000000000
Found cached RTLIL representation for module `$paramod$16dfd52a39c617677590f5f0bab992973886c5e2\GTP_LUT6'.
Parameter \INIT = 64'0100000011001100000000000000000011111111111111110000000000000000
Found cached RTLIL representation for module `$paramod$16dfd52a39c617677590f5f0bab992973886c5e2\GTP_LUT6'.
Parameter \INIT = 64'0100000011001100000000000000000011111111111111110000000000000000
Found cached RTLIL representation for module `$paramod$16dfd52a39c617677590f5f0bab992973886c5e2\GTP_LUT6'.
Parameter \INIT = 64'0100000011001100000000000000000011111111111111110000000000000000
Found cached RTLIL representation for module `$paramod$16dfd52a39c617677590f5f0bab992973886c5e2\GTP_LUT6'.
Parameter \INIT = 64'0100000011001100000000000000000011111111111111110000000000000000
Found cached RTLIL representation for module `$paramod$16dfd52a39c617677590f5f0bab992973886c5e2\GTP_LUT6'.
Parameter \INIT = 64'0100000011001100000000000000000011111111111111110000000000000000
Found cached RTLIL representation for module `$paramod$16dfd52a39c617677590f5f0bab992973886c5e2\GTP_LUT6'.
Parameter \INIT = 16'0000001100000001
Found cached RTLIL representation for module `$paramod\GTP_LUT4\INIT=16'0000001100000001'.
Parameter \INIT = 32'10000000101000001010101010101010
Found cached RTLIL representation for module `$paramod\GTP_LUT5\INIT=32'10000000101000001010101010101010'.
Parameter \INIT = 64'0111001100000000111111110000000000000000000000001111111100000000
Found cached RTLIL representation for module `$paramod$5434a6b34cacc170b3c523e4bba8307c52788d4e\GTP_LUT6'.
Parameter \INIT = 64'0111001100000000111111110000000000000000000000001111111100000000
Found cached RTLIL representation for module `$paramod$5434a6b34cacc170b3c523e4bba8307c52788d4e\GTP_LUT6'.
Parameter \INIT = 64'0111001100000000111111110000000000000000000000001111111100000000
Found cached RTLIL representation for module `$paramod$5434a6b34cacc170b3c523e4bba8307c52788d4e\GTP_LUT6'.
Parameter \INIT = 64'0111001100000000111111110000000000000000000000001111111100000000
Found cached RTLIL representation for module `$paramod$5434a6b34cacc170b3c523e4bba8307c52788d4e\GTP_LUT6'.
Parameter \INIT = 64'0111001100000000111111110000000000000000000000001111111100000000
Found cached RTLIL representation for module `$paramod$5434a6b34cacc170b3c523e4bba8307c52788d4e\GTP_LUT6'.
Parameter \INIT = 64'0111001100000000111111110000000000000000000000001111111100000000
Found cached RTLIL representation for module `$paramod$5434a6b34cacc170b3c523e4bba8307c52788d4e\GTP_LUT6'.
Parameter \INIT = 64'0100000000000000110011001100110011001100000000001100110011001100
Found cached RTLIL representation for module `$paramod$5016dd73927785c730cd5dcf237328aa6f4c0786\GTP_LUT6'.
Parameter \INIT = 64'0100111100000000000011110000000011111111000000000000111100000000
Found cached RTLIL representation for module `$paramod$c6d737a35aee20f2946726bf21079a9f90b8ea62\GTP_LUT6'.
Parameter \INIT = 64'0100111100000000000011110000000011111111000000000000111100000000
Found cached RTLIL representation for module `$paramod$c6d737a35aee20f2946726bf21079a9f90b8ea62\GTP_LUT6'.
Parameter \INIT = 64'0100111100000000000011110000000011111111000000000000111100000000
Found cached RTLIL representation for module `$paramod$c6d737a35aee20f2946726bf21079a9f90b8ea62\GTP_LUT6'.
Parameter \INIT = 64'0100111100000000000011110000000011111111000000000000111100000000
Found cached RTLIL representation for module `$paramod$c6d737a35aee20f2946726bf21079a9f90b8ea62\GTP_LUT6'.
Parameter \INIT = 64'0100111100000000000011110000000011111111000000000000111100000000
Found cached RTLIL representation for module `$paramod$c6d737a35aee20f2946726bf21079a9f90b8ea62\GTP_LUT6'.
Parameter \INIT = 64'0100111100000000000011110000000011111111000000000000111100000000
Found cached RTLIL representation for module `$paramod$c6d737a35aee20f2946726bf21079a9f90b8ea62\GTP_LUT6'.
Parameter \INIT = 64'0100111100000000000011110000000011111111000000000000111100000000
Found cached RTLIL representation for module `$paramod$c6d737a35aee20f2946726bf21079a9f90b8ea62\GTP_LUT6'.
Parameter \INIT = 64'0100111100000000000011110000000011111111000000000000111100000000
Found cached RTLIL representation for module `$paramod$c6d737a35aee20f2946726bf21079a9f90b8ea62\GTP_LUT6'.
Parameter \INIT = 64'0100111100000000000011110000000011111111000000000000111100000000
Found cached RTLIL representation for module `$paramod$c6d737a35aee20f2946726bf21079a9f90b8ea62\GTP_LUT6'.
Parameter \INIT = 16'0000001100000001
Found cached RTLIL representation for module `$paramod\GTP_LUT4\INIT=16'0000001100000001'.
Parameter \INIT = 32'10001010000010101010101000001010
Found cached RTLIL representation for module `$paramod\GTP_LUT5\INIT=32'10001010000010101010101000001010'.
Parameter \INIT = 64'0100000011001100110000001100110000000000110011001100000011001100
Found cached RTLIL representation for module `$paramod$b84cf86692de66f26a9ca79913971e232e24da5f\GTP_LUT6'.
Parameter \INIT = 64'0100000011001100110000001100110000000000110011001100000011001100
Found cached RTLIL representation for module `$paramod$b84cf86692de66f26a9ca79913971e232e24da5f\GTP_LUT6'.
Parameter \INIT = 64'0100000011001100110000001100110000000000110011001100000011001100
Found cached RTLIL representation for module `$paramod$b84cf86692de66f26a9ca79913971e232e24da5f\GTP_LUT6'.
Parameter \INIT = 64'0100000011001100110000001100110000000000110011001100000011001100
Found cached RTLIL representation for module `$paramod$b84cf86692de66f26a9ca79913971e232e24da5f\GTP_LUT6'.
Parameter \INIT = 64'0100000011001100110000001100110000000000110011001100000011001100
Found cached RTLIL representation for module `$paramod$b84cf86692de66f26a9ca79913971e232e24da5f\GTP_LUT6'.
Parameter \INIT = 64'0100000011001100110000001100110000000000110011001100000011001100
Found cached RTLIL representation for module `$paramod$b84cf86692de66f26a9ca79913971e232e24da5f\GTP_LUT6'.
Parameter \INIT = 64'0100000011001100000000001100110011000000110011001100000011001100
Found cached RTLIL representation for module `$paramod$2682c60770047fb7d1966b9d62e49f5705eabbb4\GTP_LUT6'.
Parameter \INIT = 64'0111111100110011001111110011001100000000000000000000000000000000
Found cached RTLIL representation for module `$paramod$cdd18be929c34e025592f526ff52cfe29cb5e1c3\GTP_LUT6'.
Parameter \INIT = 64'0111111100110011001111110011001100000000000000000000000000000000
Found cached RTLIL representation for module `$paramod$cdd18be929c34e025592f526ff52cfe29cb5e1c3\GTP_LUT6'.
Parameter \INIT = 64'0111111100110011001111110011001100000000000000000000000000000000
Found cached RTLIL representation for module `$paramod$cdd18be929c34e025592f526ff52cfe29cb5e1c3\GTP_LUT6'.
Parameter \INIT = 64'0111111100110011001111110011001100000000000000000000000000000000
Found cached RTLIL representation for module `$paramod$cdd18be929c34e025592f526ff52cfe29cb5e1c3\GTP_LUT6'.
Parameter \INIT = 64'0111111100110011001111110011001100000000000000000000000000000000
Found cached RTLIL representation for module `$paramod$cdd18be929c34e025592f526ff52cfe29cb5e1c3\GTP_LUT6'.
Parameter \INIT = 64'0111111100110011001111110011001100000000000000000000000000000000
Found cached RTLIL representation for module `$paramod$cdd18be929c34e025592f526ff52cfe29cb5e1c3\GTP_LUT6'.
Parameter \INIT = 64'0111111100110011001111110011001100000000000000000000000000000000
Found cached RTLIL representation for module `$paramod$cdd18be929c34e025592f526ff52cfe29cb5e1c3\GTP_LUT6'.
Parameter \INIT = 64'0111111100110011001111110011001100000000000000000000000000000000
Found cached RTLIL representation for module `$paramod$cdd18be929c34e025592f526ff52cfe29cb5e1c3\GTP_LUT6'.
Parameter \INIT = 64'0111111100110011001111110011001100000000000000000000000000000000
Found cached RTLIL representation for module `$paramod$cdd18be929c34e025592f526ff52cfe29cb5e1c3\GTP_LUT6'.
Parameter \INIT = 16'0000001100000001
Found cached RTLIL representation for module `$paramod\GTP_LUT4\INIT=16'0000001100000001'.
Parameter \INIT = 32'10001010101010100000101000001010
Found cached RTLIL representation for module `$paramod\GTP_LUT5\INIT=32'10001010101010100000101000001010'.
Parameter \INIT = 64'0100000011001100000000000000000011111111111111110000000000000000
Found cached RTLIL representation for module `$paramod$16dfd52a39c617677590f5f0bab992973886c5e2\GTP_LUT6'.
Parameter \INIT = 64'0100000011001100000000000000000011111111111111110000000000000000
Found cached RTLIL representation for module `$paramod$16dfd52a39c617677590f5f0bab992973886c5e2\GTP_LUT6'.
Parameter \INIT = 64'0100000011001100000000000000000011111111111111110000000000000000
Found cached RTLIL representation for module `$paramod$16dfd52a39c617677590f5f0bab992973886c5e2\GTP_LUT6'.
Parameter \INIT = 64'0100000011001100000000000000000011111111111111110000000000000000
Found cached RTLIL representation for module `$paramod$16dfd52a39c617677590f5f0bab992973886c5e2\GTP_LUT6'.
Parameter \INIT = 64'0100000011001100000000000000000011111111111111110000000000000000
Found cached RTLIL representation for module `$paramod$16dfd52a39c617677590f5f0bab992973886c5e2\GTP_LUT6'.
Parameter \INIT = 64'0100000011001100000000000000000011111111111111110000000000000000
Found cached RTLIL representation for module `$paramod$16dfd52a39c617677590f5f0bab992973886c5e2\GTP_LUT6'.
Parameter \INIT = 64'0100000011001100000000000000000011111111111111110000000000000000
Found cached RTLIL representation for module `$paramod$16dfd52a39c617677590f5f0bab992973886c5e2\GTP_LUT6'.
Parameter \INIT = 64'0111001111111111000000000000000000000000111111110000000000000000
Found cached RTLIL representation for module `$paramod$f5e4a16bcb491aa9990d6fbe40d9369146b32ca4\GTP_LUT6'.
Parameter \INIT = 64'0111001100000000111111110000000000000000000000001111111100000000
Found cached RTLIL representation for module `$paramod$5434a6b34cacc170b3c523e4bba8307c52788d4e\GTP_LUT6'.
Parameter \INIT = 64'0111001100000000111111110000000000000000000000001111111100000000
Found cached RTLIL representation for module `$paramod$5434a6b34cacc170b3c523e4bba8307c52788d4e\GTP_LUT6'.
Parameter \INIT = 64'0111001100000000111111110000000000000000000000001111111100000000
Found cached RTLIL representation for module `$paramod$5434a6b34cacc170b3c523e4bba8307c52788d4e\GTP_LUT6'.
Parameter \INIT = 64'0111001100000000111111110000000000000000000000001111111100000000
Found cached RTLIL representation for module `$paramod$5434a6b34cacc170b3c523e4bba8307c52788d4e\GTP_LUT6'.
Parameter \INIT = 64'0111001100000000111111110000000000000000000000001111111100000000
Found cached RTLIL representation for module `$paramod$5434a6b34cacc170b3c523e4bba8307c52788d4e\GTP_LUT6'.
Parameter \INIT = 64'0111001100000000111111110000000000000000000000001111111100000000
Found cached RTLIL representation for module `$paramod$5434a6b34cacc170b3c523e4bba8307c52788d4e\GTP_LUT6'.
Parameter \INIT = 64'0111001100000000111111110000000000000000000000001111111100000000
Found cached RTLIL representation for module `$paramod$5434a6b34cacc170b3c523e4bba8307c52788d4e\GTP_LUT6'.
Parameter \INIT = 64'0111001100000000111111110000000000000000000000001111111100000000
Found cached RTLIL representation for module `$paramod$5434a6b34cacc170b3c523e4bba8307c52788d4e\GTP_LUT6'.
Parameter \INIT = 16'0000001100000001
Found cached RTLIL representation for module `$paramod\GTP_LUT4\INIT=16'0000001100000001'.
Parameter \INIT = 32'10001010101010100000000010101010
Found cached RTLIL representation for module `$paramod\GTP_LUT5\INIT=32'10001010101010100000000010101010'.
Parameter \INIT = 64'0100111100000000000011110000000011111111000000000000111100000000
Found cached RTLIL representation for module `$paramod$c6d737a35aee20f2946726bf21079a9f90b8ea62\GTP_LUT6'.
Parameter \INIT = 64'0100111100000000000011110000000011111111000000000000111100000000
Found cached RTLIL representation for module `$paramod$c6d737a35aee20f2946726bf21079a9f90b8ea62\GTP_LUT6'.
Parameter \INIT = 64'0100111100000000000011110000000011111111000000000000111100000000
Found cached RTLIL representation for module `$paramod$c6d737a35aee20f2946726bf21079a9f90b8ea62\GTP_LUT6'.
Parameter \INIT = 64'0100111100000000000011110000000011111111000000000000111100000000
Found cached RTLIL representation for module `$paramod$c6d737a35aee20f2946726bf21079a9f90b8ea62\GTP_LUT6'.
Parameter \INIT = 64'0100111100000000000011110000000011111111000000000000111100000000
Found cached RTLIL representation for module `$paramod$c6d737a35aee20f2946726bf21079a9f90b8ea62\GTP_LUT6'.
Parameter \INIT = 64'0100111100000000000011110000000011111111000000000000111100000000
Found cached RTLIL representation for module `$paramod$c6d737a35aee20f2946726bf21079a9f90b8ea62\GTP_LUT6'.
Parameter \INIT = 64'0100111100000000000011110000000011111111000000000000111100000000
Found cached RTLIL representation for module `$paramod$c6d737a35aee20f2946726bf21079a9f90b8ea62\GTP_LUT6'.
Parameter \INIT = 64'0111000011110000001100000011000000110000111100000011000000110000
Found cached RTLIL representation for module `$paramod$2f91db07ba02deafce3116b1fd09dfbf1a7385f5\GTP_LUT6'.
Parameter \INIT = 64'0100000011001100110000001100110000000000110011001100000011001100
Found cached RTLIL representation for module `$paramod$b84cf86692de66f26a9ca79913971e232e24da5f\GTP_LUT6'.
Parameter \INIT = 64'0100000011001100110000001100110000000000110011001100000011001100
Found cached RTLIL representation for module `$paramod$b84cf86692de66f26a9ca79913971e232e24da5f\GTP_LUT6'.
Parameter \INIT = 64'0100000011001100110000001100110000000000110011001100000011001100
Found cached RTLIL representation for module `$paramod$b84cf86692de66f26a9ca79913971e232e24da5f\GTP_LUT6'.
Parameter \INIT = 64'0100000011001100110000001100110000000000110011001100000011001100
Found cached RTLIL representation for module `$paramod$b84cf86692de66f26a9ca79913971e232e24da5f\GTP_LUT6'.
Parameter \INIT = 64'0100000011001100110000001100110000000000110011001100000011001100
Found cached RTLIL representation for module `$paramod$b84cf86692de66f26a9ca79913971e232e24da5f\GTP_LUT6'.
Parameter \INIT = 64'0100000011001100110000001100110000000000110011001100000011001100
Found cached RTLIL representation for module `$paramod$b84cf86692de66f26a9ca79913971e232e24da5f\GTP_LUT6'.
Parameter \INIT = 64'0100000011001100110000001100110000000000110011001100000011001100
Found cached RTLIL representation for module `$paramod$b84cf86692de66f26a9ca79913971e232e24da5f\GTP_LUT6'.
Parameter \INIT = 64'0100000011001100110000001100110000000000110011001100000011001100
Found cached RTLIL representation for module `$paramod$b84cf86692de66f26a9ca79913971e232e24da5f\GTP_LUT6'.
Parameter \INIT = 16'0000001100000001
Found cached RTLIL representation for module `$paramod\GTP_LUT4\INIT=16'0000001100000001'.
Parameter \INIT = 32'10000000101010101010000010101010
Found cached RTLIL representation for module `$paramod\GTP_LUT5\INIT=32'10000000101010101010000010101010'.
Parameter \INIT = 64'0111111100110011001111110011001100000000000000000000000000000000
Found cached RTLIL representation for module `$paramod$cdd18be929c34e025592f526ff52cfe29cb5e1c3\GTP_LUT6'.
Parameter \INIT = 64'0111111100110011001111110011001100000000000000000000000000000000
Found cached RTLIL representation for module `$paramod$cdd18be929c34e025592f526ff52cfe29cb5e1c3\GTP_LUT6'.
Parameter \INIT = 64'0111111100110011001111110011001100000000000000000000000000000000
Found cached RTLIL representation for module `$paramod$cdd18be929c34e025592f526ff52cfe29cb5e1c3\GTP_LUT6'.
Parameter \INIT = 64'0111111100110011001111110011001100000000000000000000000000000000
Found cached RTLIL representation for module `$paramod$cdd18be929c34e025592f526ff52cfe29cb5e1c3\GTP_LUT6'.
Parameter \INIT = 64'0111111100110011001111110011001100000000000000000000000000000000
Found cached RTLIL representation for module `$paramod$cdd18be929c34e025592f526ff52cfe29cb5e1c3\GTP_LUT6'.
Parameter \INIT = 64'0111111100110011001111110011001100000000000000000000000000000000
Found cached RTLIL representation for module `$paramod$cdd18be929c34e025592f526ff52cfe29cb5e1c3\GTP_LUT6'.
Parameter \INIT = 64'0111111100110011001111110011001100000000000000000000000000000000
Found cached RTLIL representation for module `$paramod$cdd18be929c34e025592f526ff52cfe29cb5e1c3\GTP_LUT6'.
Parameter \INIT = 64'0111111100110011000000000000000000111111001100110000000000000000
Found cached RTLIL representation for module `$paramod$b3fb65c7dc7e008a08cab12bbd05ce5322a27e06\GTP_LUT6'.
Parameter \INIT = 64'0100000011001100000000000000000011111111111111110000000000000000
Found cached RTLIL representation for module `$paramod$16dfd52a39c617677590f5f0bab992973886c5e2\GTP_LUT6'.
Parameter \INIT = 64'0100000011001100000000000000000011111111111111110000000000000000
Found cached RTLIL representation for module `$paramod$16dfd52a39c617677590f5f0bab992973886c5e2\GTP_LUT6'.
Parameter \INIT = 64'0100000011001100000000000000000011111111111111110000000000000000
Found cached RTLIL representation for module `$paramod$16dfd52a39c617677590f5f0bab992973886c5e2\GTP_LUT6'.
Parameter \INIT = 64'0100000011001100000000000000000011111111111111110000000000000000
Found cached RTLIL representation for module `$paramod$16dfd52a39c617677590f5f0bab992973886c5e2\GTP_LUT6'.
Parameter \INIT = 64'0100000011001100000000000000000011111111111111110000000000000000
Found cached RTLIL representation for module `$paramod$16dfd52a39c617677590f5f0bab992973886c5e2\GTP_LUT6'.
Parameter \INIT = 64'0100000011001100000000000000000011111111111111110000000000000000
Found cached RTLIL representation for module `$paramod$16dfd52a39c617677590f5f0bab992973886c5e2\GTP_LUT6'.
Parameter \INIT = 64'0100000011001100000000000000000011111111111111110000000000000000
Found cached RTLIL representation for module `$paramod$16dfd52a39c617677590f5f0bab992973886c5e2\GTP_LUT6'.
Parameter \INIT = 64'0100000011001100000000000000000011111111111111110000000000000000
Found cached RTLIL representation for module `$paramod$16dfd52a39c617677590f5f0bab992973886c5e2\GTP_LUT6'.
Parameter \INIT = 16'0000001100000001
Found cached RTLIL representation for module `$paramod\GTP_LUT4\INIT=16'0000001100000001'.
Parameter \INIT = 32'10000000101000001010101010101010
Found cached RTLIL representation for module `$paramod\GTP_LUT5\INIT=32'10000000101000001010101010101010'.
Parameter \INIT = 64'0111001100000000111111110000000000000000000000001111111100000000
Found cached RTLIL representation for module `$paramod$5434a6b34cacc170b3c523e4bba8307c52788d4e\GTP_LUT6'.
Parameter \INIT = 64'0111001100000000111111110000000000000000000000001111111100000000
Found cached RTLIL representation for module `$paramod$5434a6b34cacc170b3c523e4bba8307c52788d4e\GTP_LUT6'.
Parameter \INIT = 64'0111001100000000111111110000000000000000000000001111111100000000
Found cached RTLIL representation for module `$paramod$5434a6b34cacc170b3c523e4bba8307c52788d4e\GTP_LUT6'.
Parameter \INIT = 64'0111001100000000111111110000000000000000000000001111111100000000
Found cached RTLIL representation for module `$paramod$5434a6b34cacc170b3c523e4bba8307c52788d4e\GTP_LUT6'.
Parameter \INIT = 64'0111001100000000111111110000000000000000000000001111111100000000
Found cached RTLIL representation for module `$paramod$5434a6b34cacc170b3c523e4bba8307c52788d4e\GTP_LUT6'.
Parameter \INIT = 64'0111001100000000111111110000000000000000000000001111111100000000
Found cached RTLIL representation for module `$paramod$5434a6b34cacc170b3c523e4bba8307c52788d4e\GTP_LUT6'.
Parameter \INIT = 64'0111001100000000111111110000000000000000000000001111111100000000
Found cached RTLIL representation for module `$paramod$5434a6b34cacc170b3c523e4bba8307c52788d4e\GTP_LUT6'.
Parameter \INIT = 64'0111001100000000111111110000000000000000000000001111111100000000
Found cached RTLIL representation for module `$paramod$5434a6b34cacc170b3c523e4bba8307c52788d4e\GTP_LUT6'.
Parameter \INIT = 64'0100000000000000110011001100110011001100000000001100110011001100
Found cached RTLIL representation for module `$paramod$5016dd73927785c730cd5dcf237328aa6f4c0786\GTP_LUT6'.
Parameter \INIT = 64'0100111100000000000011110000000011111111000000000000111100000000
Found cached RTLIL representation for module `$paramod$c6d737a35aee20f2946726bf21079a9f90b8ea62\GTP_LUT6'.
Parameter \INIT = 64'0100111100000000000011110000000011111111000000000000111100000000
Found cached RTLIL representation for module `$paramod$c6d737a35aee20f2946726bf21079a9f90b8ea62\GTP_LUT6'.
Parameter \INIT = 64'0100111100000000000011110000000011111111000000000000111100000000
Found cached RTLIL representation for module `$paramod$c6d737a35aee20f2946726bf21079a9f90b8ea62\GTP_LUT6'.
Parameter \INIT = 64'0100111100000000000011110000000011111111000000000000111100000000
Found cached RTLIL representation for module `$paramod$c6d737a35aee20f2946726bf21079a9f90b8ea62\GTP_LUT6'.
Parameter \INIT = 64'0100111100000000000011110000000011111111000000000000111100000000
Found cached RTLIL representation for module `$paramod$c6d737a35aee20f2946726bf21079a9f90b8ea62\GTP_LUT6'.
Parameter \INIT = 64'0100111100000000000011110000000011111111000000000000111100000000
Found cached RTLIL representation for module `$paramod$c6d737a35aee20f2946726bf21079a9f90b8ea62\GTP_LUT6'.
Parameter \INIT = 64'0100111100000000000011110000000011111111000000000000111100000000
Found cached RTLIL representation for module `$paramod$c6d737a35aee20f2946726bf21079a9f90b8ea62\GTP_LUT6'.
Parameter \INIT = 16'0000001100000001
Found cached RTLIL representation for module `$paramod\GTP_LUT4\INIT=16'0000001100000001'.
Parameter \INIT = 32'10001010000010101010101000001010
Found cached RTLIL representation for module `$paramod\GTP_LUT5\INIT=32'10001010000010101010101000001010'.
Parameter \INIT = 64'0100000011001100110000001100110000000000110011001100000011001100
Found cached RTLIL representation for module `$paramod$b84cf86692de66f26a9ca79913971e232e24da5f\GTP_LUT6'.
Parameter \INIT = 64'0100000011001100110000001100110000000000110011001100000011001100
Found cached RTLIL representation for module `$paramod$b84cf86692de66f26a9ca79913971e232e24da5f\GTP_LUT6'.
Parameter \INIT = 64'0100000011001100110000001100110000000000110011001100000011001100
Found cached RTLIL representation for module `$paramod$b84cf86692de66f26a9ca79913971e232e24da5f\GTP_LUT6'.
Parameter \INIT = 64'0100000011001100110000001100110000000000110011001100000011001100
Found cached RTLIL representation for module `$paramod$b84cf86692de66f26a9ca79913971e232e24da5f\GTP_LUT6'.
Parameter \INIT = 64'0100000011001100110000001100110000000000110011001100000011001100
Found cached RTLIL representation for module `$paramod$b84cf86692de66f26a9ca79913971e232e24da5f\GTP_LUT6'.
Parameter \INIT = 64'0100000011001100110000001100110000000000110011001100000011001100
Found cached RTLIL representation for module `$paramod$b84cf86692de66f26a9ca79913971e232e24da5f\GTP_LUT6'.
Parameter \INIT = 64'0100000011001100110000001100110000000000110011001100000011001100
Found cached RTLIL representation for module `$paramod$b84cf86692de66f26a9ca79913971e232e24da5f\GTP_LUT6'.
Parameter \INIT = 64'0100000011001100110000001100110000000000110011001100000011001100
Found cached RTLIL representation for module `$paramod$b84cf86692de66f26a9ca79913971e232e24da5f\GTP_LUT6'.
Parameter \INIT = 64'0100000011001100000000001100110011000000110011001100000011001100
Found cached RTLIL representation for module `$paramod$2682c60770047fb7d1966b9d62e49f5705eabbb4\GTP_LUT6'.
Parameter \INIT = 64'0111111100110011001111110011001100000000000000000000000000000000
Found cached RTLIL representation for module `$paramod$cdd18be929c34e025592f526ff52cfe29cb5e1c3\GTP_LUT6'.
Parameter \INIT = 64'0111111100110011001111110011001100000000000000000000000000000000
Found cached RTLIL representation for module `$paramod$cdd18be929c34e025592f526ff52cfe29cb5e1c3\GTP_LUT6'.
Parameter \INIT = 64'0111111100110011001111110011001100000000000000000000000000000000
Found cached RTLIL representation for module `$paramod$cdd18be929c34e025592f526ff52cfe29cb5e1c3\GTP_LUT6'.
Parameter \INIT = 64'0111111100110011001111110011001100000000000000000000000000000000
Found cached RTLIL representation for module `$paramod$cdd18be929c34e025592f526ff52cfe29cb5e1c3\GTP_LUT6'.
Parameter \INIT = 64'0111111100110011001111110011001100000000000000000000000000000000
Found cached RTLIL representation for module `$paramod$cdd18be929c34e025592f526ff52cfe29cb5e1c3\GTP_LUT6'.
Parameter \INIT = 64'0111111100110011001111110011001100000000000000000000000000000000
Found cached RTLIL representation for module `$paramod$cdd18be929c34e025592f526ff52cfe29cb5e1c3\GTP_LUT6'.
Parameter \INIT = 64'0111111100110011001111110011001100000000000000000000000000000000
Found cached RTLIL representation for module `$paramod$cdd18be929c34e025592f526ff52cfe29cb5e1c3\GTP_LUT6'.
Parameter \INIT = 16'0000001100000001
Found cached RTLIL representation for module `$paramod\GTP_LUT4\INIT=16'0000001100000001'.
Parameter \INIT = 32'10001010101010100000101000001010
Found cached RTLIL representation for module `$paramod\GTP_LUT5\INIT=32'10001010101010100000101000001010'.
Parameter \INIT = 64'0100000011001100000000000000000011111111111111110000000000000000
Found cached RTLIL representation for module `$paramod$16dfd52a39c617677590f5f0bab992973886c5e2\GTP_LUT6'.
Parameter \INIT = 64'0100000011001100000000000000000011111111111111110000000000000000
Found cached RTLIL representation for module `$paramod$16dfd52a39c617677590f5f0bab992973886c5e2\GTP_LUT6'.
Parameter \INIT = 64'0100000011001100000000000000000011111111111111110000000000000000
Found cached RTLIL representation for module `$paramod$16dfd52a39c617677590f5f0bab992973886c5e2\GTP_LUT6'.
Parameter \INIT = 64'0100000011001100000000000000000011111111111111110000000000000000
Found cached RTLIL representation for module `$paramod$16dfd52a39c617677590f5f0bab992973886c5e2\GTP_LUT6'.
Parameter \INIT = 64'0100000011001100000000000000000011111111111111110000000000000000
Found cached RTLIL representation for module `$paramod$16dfd52a39c617677590f5f0bab992973886c5e2\GTP_LUT6'.
Parameter \INIT = 64'0100000011001100000000000000000011111111111111110000000000000000
Found cached RTLIL representation for module `$paramod$16dfd52a39c617677590f5f0bab992973886c5e2\GTP_LUT6'.
Parameter \INIT = 64'0100000011001100000000000000000011111111111111110000000000000000
Found cached RTLIL representation for module `$paramod$16dfd52a39c617677590f5f0bab992973886c5e2\GTP_LUT6'.
Parameter \INIT = 64'0100000011001100000000000000000011111111111111110000000000000000
Found cached RTLIL representation for module `$paramod$16dfd52a39c617677590f5f0bab992973886c5e2\GTP_LUT6'.
Parameter \INIT = 64'0100000011001100000000000000000011111111111111110000000000000000
Found cached RTLIL representation for module `$paramod$16dfd52a39c617677590f5f0bab992973886c5e2\GTP_LUT6'.
Parameter \INIT = 64'0111001111111111000000000000000000000000111111110000000000000000
Found cached RTLIL representation for module `$paramod$f5e4a16bcb491aa9990d6fbe40d9369146b32ca4\GTP_LUT6'.
Parameter \INIT = 64'0111001100000000111111110000000000000000000000001111111100000000
Found cached RTLIL representation for module `$paramod$5434a6b34cacc170b3c523e4bba8307c52788d4e\GTP_LUT6'.
Parameter \INIT = 64'0111001100000000111111110000000000000000000000001111111100000000
Found cached RTLIL representation for module `$paramod$5434a6b34cacc170b3c523e4bba8307c52788d4e\GTP_LUT6'.
Parameter \INIT = 64'0111001100000000111111110000000000000000000000001111111100000000
Found cached RTLIL representation for module `$paramod$5434a6b34cacc170b3c523e4bba8307c52788d4e\GTP_LUT6'.
Parameter \INIT = 64'0111001100000000111111110000000000000000000000001111111100000000
Found cached RTLIL representation for module `$paramod$5434a6b34cacc170b3c523e4bba8307c52788d4e\GTP_LUT6'.
Parameter \INIT = 64'0111001100000000111111110000000000000000000000001111111100000000
Found cached RTLIL representation for module `$paramod$5434a6b34cacc170b3c523e4bba8307c52788d4e\GTP_LUT6'.
Parameter \INIT = 64'0111001100000000111111110000000000000000000000001111111100000000
Found cached RTLIL representation for module `$paramod$5434a6b34cacc170b3c523e4bba8307c52788d4e\GTP_LUT6'.
Parameter \INIT = 16'0000001100000001
Found cached RTLIL representation for module `$paramod\GTP_LUT4\INIT=16'0000001100000001'.
Parameter \INIT = 32'10001010101010100000000010101010
Found cached RTLIL representation for module `$paramod\GTP_LUT5\INIT=32'10001010101010100000000010101010'.
Parameter \INIT = 64'0100111100000000000011110000000011111111000000000000111100000000
Found cached RTLIL representation for module `$paramod$c6d737a35aee20f2946726bf21079a9f90b8ea62\GTP_LUT6'.
Parameter \INIT = 64'0100111100000000000011110000000011111111000000000000111100000000
Found cached RTLIL representation for module `$paramod$c6d737a35aee20f2946726bf21079a9f90b8ea62\GTP_LUT6'.
Parameter \INIT = 64'0100111100000000000011110000000011111111000000000000111100000000
Found cached RTLIL representation for module `$paramod$c6d737a35aee20f2946726bf21079a9f90b8ea62\GTP_LUT6'.
Parameter \INIT = 64'0100111100000000000011110000000011111111000000000000111100000000
Found cached RTLIL representation for module `$paramod$c6d737a35aee20f2946726bf21079a9f90b8ea62\GTP_LUT6'.
Parameter \INIT = 64'0100111100000000000011110000000011111111000000000000111100000000
Found cached RTLIL representation for module `$paramod$c6d737a35aee20f2946726bf21079a9f90b8ea62\GTP_LUT6'.
Parameter \INIT = 64'0100111100000000000011110000000011111111000000000000111100000000
Found cached RTLIL representation for module `$paramod$c6d737a35aee20f2946726bf21079a9f90b8ea62\GTP_LUT6'.
Parameter \INIT = 64'0100111100000000000011110000000011111111000000000000111100000000
Found cached RTLIL representation for module `$paramod$c6d737a35aee20f2946726bf21079a9f90b8ea62\GTP_LUT6'.
Parameter \INIT = 64'0100111100000000000011110000000011111111000000000000111100000000
Found cached RTLIL representation for module `$paramod$c6d737a35aee20f2946726bf21079a9f90b8ea62\GTP_LUT6'.
Parameter \INIT = 64'0100111100000000000011110000000011111111000000000000111100000000
Found cached RTLIL representation for module `$paramod$c6d737a35aee20f2946726bf21079a9f90b8ea62\GTP_LUT6'.
Parameter \INIT = 64'0111000011110000001100000011000000110000111100000011000000110000
Found cached RTLIL representation for module `$paramod$2f91db07ba02deafce3116b1fd09dfbf1a7385f5\GTP_LUT6'.
Parameter \INIT = 64'0100000011001100110000001100110000000000110011001100000011001100
Found cached RTLIL representation for module `$paramod$b84cf86692de66f26a9ca79913971e232e24da5f\GTP_LUT6'.
Parameter \INIT = 64'0100000011001100110000001100110000000000110011001100000011001100
Found cached RTLIL representation for module `$paramod$b84cf86692de66f26a9ca79913971e232e24da5f\GTP_LUT6'.
Parameter \INIT = 64'0100000011001100110000001100110000000000110011001100000011001100
Found cached RTLIL representation for module `$paramod$b84cf86692de66f26a9ca79913971e232e24da5f\GTP_LUT6'.
Parameter \INIT = 64'0100000011001100110000001100110000000000110011001100000011001100
Found cached RTLIL representation for module `$paramod$b84cf86692de66f26a9ca79913971e232e24da5f\GTP_LUT6'.
Parameter \INIT = 64'0100000011001100110000001100110000000000110011001100000011001100
Found cached RTLIL representation for module `$paramod$b84cf86692de66f26a9ca79913971e232e24da5f\GTP_LUT6'.
Parameter \INIT = 64'0100000011001100110000001100110000000000110011001100000011001100
Found cached RTLIL representation for module `$paramod$b84cf86692de66f26a9ca79913971e232e24da5f\GTP_LUT6'.
Parameter \INIT = 16'0000001100000001
Found cached RTLIL representation for module `$paramod\GTP_LUT4\INIT=16'0000001100000001'.
Parameter \INIT = 32'10000000101010101010000010101010
Found cached RTLIL representation for module `$paramod\GTP_LUT5\INIT=32'10000000101010101010000010101010'.
Parameter \INIT = 64'0111111100110011001111110011001100000000000000000000000000000000
Found cached RTLIL representation for module `$paramod$cdd18be929c34e025592f526ff52cfe29cb5e1c3\GTP_LUT6'.
Parameter \INIT = 64'0111111100110011001111110011001100000000000000000000000000000000
Found cached RTLIL representation for module `$paramod$cdd18be929c34e025592f526ff52cfe29cb5e1c3\GTP_LUT6'.
Parameter \INIT = 64'0111111100110011001111110011001100000000000000000000000000000000
Found cached RTLIL representation for module `$paramod$cdd18be929c34e025592f526ff52cfe29cb5e1c3\GTP_LUT6'.
Parameter \INIT = 64'0111111100110011001111110011001100000000000000000000000000000000
Found cached RTLIL representation for module `$paramod$cdd18be929c34e025592f526ff52cfe29cb5e1c3\GTP_LUT6'.
Parameter \INIT = 64'0111111100110011001111110011001100000000000000000000000000000000
Found cached RTLIL representation for module `$paramod$cdd18be929c34e025592f526ff52cfe29cb5e1c3\GTP_LUT6'.
Parameter \INIT = 64'0111111100110011001111110011001100000000000000000000000000000000
Found cached RTLIL representation for module `$paramod$cdd18be929c34e025592f526ff52cfe29cb5e1c3\GTP_LUT6'.
Parameter \INIT = 64'0111111100110011001111110011001100000000000000000000000000000000
Found cached RTLIL representation for module `$paramod$cdd18be929c34e025592f526ff52cfe29cb5e1c3\GTP_LUT6'.
Parameter \INIT = 64'0111111100110011001111110011001100000000000000000000000000000000
Found cached RTLIL representation for module `$paramod$cdd18be929c34e025592f526ff52cfe29cb5e1c3\GTP_LUT6'.
Parameter \INIT = 64'0111111100110011001111110011001100000000000000000000000000000000
Found cached RTLIL representation for module `$paramod$cdd18be929c34e025592f526ff52cfe29cb5e1c3\GTP_LUT6'.
Parameter \INIT = 64'0111111100110011000000000000000000111111001100110000000000000000
Found cached RTLIL representation for module `$paramod$b3fb65c7dc7e008a08cab12bbd05ce5322a27e06\GTP_LUT6'.
Parameter \INIT = 64'0100000011001100000000000000000011111111111111110000000000000000
Found cached RTLIL representation for module `$paramod$16dfd52a39c617677590f5f0bab992973886c5e2\GTP_LUT6'.
Parameter \INIT = 64'0100000011001100000000000000000011111111111111110000000000000000
Found cached RTLIL representation for module `$paramod$16dfd52a39c617677590f5f0bab992973886c5e2\GTP_LUT6'.
Parameter \INIT = 64'0100000011001100000000000000000011111111111111110000000000000000
Found cached RTLIL representation for module `$paramod$16dfd52a39c617677590f5f0bab992973886c5e2\GTP_LUT6'.
Parameter \INIT = 64'0100000011001100000000000000000011111111111111110000000000000000
Found cached RTLIL representation for module `$paramod$16dfd52a39c617677590f5f0bab992973886c5e2\GTP_LUT6'.
Parameter \INIT = 64'0100000011001100000000000000000011111111111111110000000000000000
Found cached RTLIL representation for module `$paramod$16dfd52a39c617677590f5f0bab992973886c5e2\GTP_LUT6'.
Parameter \INIT = 64'0100000011001100000000000000000011111111111111110000000000000000
Found cached RTLIL representation for module `$paramod$16dfd52a39c617677590f5f0bab992973886c5e2\GTP_LUT6'.
Parameter \INIT = 16'0000001100000001
Found cached RTLIL representation for module `$paramod\GTP_LUT4\INIT=16'0000001100000001'.
Parameter \INIT = 32'10000000101000001010101010101010
Found cached RTLIL representation for module `$paramod\GTP_LUT5\INIT=32'10000000101000001010101010101010'.
Parameter \INIT = 64'0111001100000000111111110000000000000000000000001111111100000000
Found cached RTLIL representation for module `$paramod$5434a6b34cacc170b3c523e4bba8307c52788d4e\GTP_LUT6'.
Parameter \INIT = 64'0111001100000000111111110000000000000000000000001111111100000000
Found cached RTLIL representation for module `$paramod$5434a6b34cacc170b3c523e4bba8307c52788d4e\GTP_LUT6'.
Parameter \INIT = 64'0111001100000000111111110000000000000000000000001111111100000000
Found cached RTLIL representation for module `$paramod$5434a6b34cacc170b3c523e4bba8307c52788d4e\GTP_LUT6'.
Parameter \INIT = 64'0111001100000000111111110000000000000000000000001111111100000000
Found cached RTLIL representation for module `$paramod$5434a6b34cacc170b3c523e4bba8307c52788d4e\GTP_LUT6'.
Parameter \INIT = 64'0111001100000000111111110000000000000000000000001111111100000000
Found cached RTLIL representation for module `$paramod$5434a6b34cacc170b3c523e4bba8307c52788d4e\GTP_LUT6'.
Parameter \INIT = 64'0111001100000000111111110000000000000000000000001111111100000000
Found cached RTLIL representation for module `$paramod$5434a6b34cacc170b3c523e4bba8307c52788d4e\GTP_LUT6'.
Parameter \INIT = 64'0111001100000000111111110000000000000000000000001111111100000000
Found cached RTLIL representation for module `$paramod$5434a6b34cacc170b3c523e4bba8307c52788d4e\GTP_LUT6'.
Parameter \INIT = 64'0111001100000000111111110000000000000000000000001111111100000000
Found cached RTLIL representation for module `$paramod$5434a6b34cacc170b3c523e4bba8307c52788d4e\GTP_LUT6'.
Parameter \INIT = 64'0111001100000000111111110000000000000000000000001111111100000000
Found cached RTLIL representation for module `$paramod$5434a6b34cacc170b3c523e4bba8307c52788d4e\GTP_LUT6'.
Parameter \INIT = 64'0111001100000000111111110000000000000000000000001111111100000000
Found cached RTLIL representation for module `$paramod$5434a6b34cacc170b3c523e4bba8307c52788d4e\GTP_LUT6'.
Parameter \INIT = 64'0100000000000000110011001100110011001100000000001100110011001100
Found cached RTLIL representation for module `$paramod$5016dd73927785c730cd5dcf237328aa6f4c0786\GTP_LUT6'.
Parameter \INIT = 64'0100111100000000000011110000000011111111000000000000111100000000
Found cached RTLIL representation for module `$paramod$c6d737a35aee20f2946726bf21079a9f90b8ea62\GTP_LUT6'.
Parameter \INIT = 64'0100111100000000000011110000000011111111000000000000111100000000
Found cached RTLIL representation for module `$paramod$c6d737a35aee20f2946726bf21079a9f90b8ea62\GTP_LUT6'.
Parameter \INIT = 64'0100111100000000000011110000000011111111000000000000111100000000
Found cached RTLIL representation for module `$paramod$c6d737a35aee20f2946726bf21079a9f90b8ea62\GTP_LUT6'.
Parameter \INIT = 64'0100111100000000000011110000000011111111000000000000111100000000
Found cached RTLIL representation for module `$paramod$c6d737a35aee20f2946726bf21079a9f90b8ea62\GTP_LUT6'.
Parameter \INIT = 64'0100111100000000000011110000000011111111000000000000111100000000
Found cached RTLIL representation for module `$paramod$c6d737a35aee20f2946726bf21079a9f90b8ea62\GTP_LUT6'.
Parameter \INIT = 16'0000001100000001
Found cached RTLIL representation for module `$paramod\GTP_LUT4\INIT=16'0000001100000001'.
Parameter \INIT = 32'10001010000010101010101000001010
Found cached RTLIL representation for module `$paramod\GTP_LUT5\INIT=32'10001010000010101010101000001010'.
Parameter \INIT = 64'0100000011001100110000001100110000000000110011001100000011001100
Found cached RTLIL representation for module `$paramod$b84cf86692de66f26a9ca79913971e232e24da5f\GTP_LUT6'.
Parameter \INIT = 64'0100000011001100110000001100110000000000110011001100000011001100
Found cached RTLIL representation for module `$paramod$b84cf86692de66f26a9ca79913971e232e24da5f\GTP_LUT6'.
Parameter \INIT = 64'0100000011001100110000001100110000000000110011001100000011001100
Found cached RTLIL representation for module `$paramod$b84cf86692de66f26a9ca79913971e232e24da5f\GTP_LUT6'.
Parameter \INIT = 64'0100000011001100110000001100110000000000110011001100000011001100
Found cached RTLIL representation for module `$paramod$b84cf86692de66f26a9ca79913971e232e24da5f\GTP_LUT6'.
Parameter \INIT = 64'0100000011001100110000001100110000000000110011001100000011001100
Found cached RTLIL representation for module `$paramod$b84cf86692de66f26a9ca79913971e232e24da5f\GTP_LUT6'.
Parameter \INIT = 64'0100000011001100110000001100110000000000110011001100000011001100
Found cached RTLIL representation for module `$paramod$b84cf86692de66f26a9ca79913971e232e24da5f\GTP_LUT6'.
Parameter \INIT = 64'0100000011001100110000001100110000000000110011001100000011001100
Found cached RTLIL representation for module `$paramod$b84cf86692de66f26a9ca79913971e232e24da5f\GTP_LUT6'.
Parameter \INIT = 64'0100000011001100110000001100110000000000110011001100000011001100
Found cached RTLIL representation for module `$paramod$b84cf86692de66f26a9ca79913971e232e24da5f\GTP_LUT6'.
Parameter \INIT = 64'0100000011001100110000001100110000000000110011001100000011001100
Found cached RTLIL representation for module `$paramod$b84cf86692de66f26a9ca79913971e232e24da5f\GTP_LUT6'.
Parameter \INIT = 64'0100000011001100110000001100110000000000110011001100000011001100
Found cached RTLIL representation for module `$paramod$b84cf86692de66f26a9ca79913971e232e24da5f\GTP_LUT6'.
Parameter \INIT = 64'0100000011001100000000001100110011000000110011001100000011001100
Found cached RTLIL representation for module `$paramod$2682c60770047fb7d1966b9d62e49f5705eabbb4\GTP_LUT6'.
Parameter \INIT = 64'0111111100110011001111110011001100000000000000000000000000000000
Found cached RTLIL representation for module `$paramod$cdd18be929c34e025592f526ff52cfe29cb5e1c3\GTP_LUT6'.
Parameter \INIT = 64'0111111100110011001111110011001100000000000000000000000000000000
Found cached RTLIL representation for module `$paramod$cdd18be929c34e025592f526ff52cfe29cb5e1c3\GTP_LUT6'.
Parameter \INIT = 64'0111111100110011001111110011001100000000000000000000000000000000
Found cached RTLIL representation for module `$paramod$cdd18be929c34e025592f526ff52cfe29cb5e1c3\GTP_LUT6'.
Parameter \INIT = 64'0111111100110011001111110011001100000000000000000000000000000000
Found cached RTLIL representation for module `$paramod$cdd18be929c34e025592f526ff52cfe29cb5e1c3\GTP_LUT6'.
Parameter \INIT = 64'0111111100110011001111110011001100000000000000000000000000000000
Found cached RTLIL representation for module `$paramod$cdd18be929c34e025592f526ff52cfe29cb5e1c3\GTP_LUT6'.
Parameter \INIT = 16'0000001100000001
Found cached RTLIL representation for module `$paramod\GTP_LUT4\INIT=16'0000001100000001'.
Parameter \INIT = 32'10001010101010100000101000001010
Found cached RTLIL representation for module `$paramod\GTP_LUT5\INIT=32'10001010101010100000101000001010'.
Parameter \INIT = 64'0100000011001100000000000000000011111111111111110000000000000000
Found cached RTLIL representation for module `$paramod$16dfd52a39c617677590f5f0bab992973886c5e2\GTP_LUT6'.
Parameter \INIT = 64'0100000011001100000000000000000011111111111111110000000000000000
Found cached RTLIL representation for module `$paramod$16dfd52a39c617677590f5f0bab992973886c5e2\GTP_LUT6'.
Parameter \INIT = 64'0100000011001100000000000000000011111111111111110000000000000000
Found cached RTLIL representation for module `$paramod$16dfd52a39c617677590f5f0bab992973886c5e2\GTP_LUT6'.
Parameter \INIT = 64'0100000011001100000000000000000011111111111111110000000000000000
Found cached RTLIL representation for module `$paramod$16dfd52a39c617677590f5f0bab992973886c5e2\GTP_LUT6'.
Parameter \INIT = 64'0100000011001100000000000000000011111111111111110000000000000000
Found cached RTLIL representation for module `$paramod$16dfd52a39c617677590f5f0bab992973886c5e2\GTP_LUT6'.
Parameter \INIT = 64'0100000011001100000000000000000011111111111111110000000000000000
Found cached RTLIL representation for module `$paramod$16dfd52a39c617677590f5f0bab992973886c5e2\GTP_LUT6'.
Parameter \INIT = 64'0100000011001100000000000000000011111111111111110000000000000000
Found cached RTLIL representation for module `$paramod$16dfd52a39c617677590f5f0bab992973886c5e2\GTP_LUT6'.
Parameter \INIT = 64'0100000011001100000000000000000011111111111111110000000000000000
Found cached RTLIL representation for module `$paramod$16dfd52a39c617677590f5f0bab992973886c5e2\GTP_LUT6'.
Parameter \INIT = 64'0100000011001100000000000000000011111111111111110000000000000000
Found cached RTLIL representation for module `$paramod$16dfd52a39c617677590f5f0bab992973886c5e2\GTP_LUT6'.
Parameter \INIT = 64'0100000011001100000000000000000011111111111111110000000000000000
Found cached RTLIL representation for module `$paramod$16dfd52a39c617677590f5f0bab992973886c5e2\GTP_LUT6'.
Parameter \INIT = 64'0100000011001100000000000000000011111111111111110000000000000000
Found cached RTLIL representation for module `$paramod$16dfd52a39c617677590f5f0bab992973886c5e2\GTP_LUT6'.
Parameter \INIT = 64'0111001111111111000000000000000000000000111111110000000000000000
Found cached RTLIL representation for module `$paramod$f5e4a16bcb491aa9990d6fbe40d9369146b32ca4\GTP_LUT6'.
Parameter \INIT = 64'0111001100000000111111110000000000000000000000001111111100000000
Found cached RTLIL representation for module `$paramod$5434a6b34cacc170b3c523e4bba8307c52788d4e\GTP_LUT6'.
Parameter \INIT = 64'0111001100000000111111110000000000000000000000001111111100000000
Found cached RTLIL representation for module `$paramod$5434a6b34cacc170b3c523e4bba8307c52788d4e\GTP_LUT6'.
Parameter \INIT = 64'0111001100000000111111110000000000000000000000001111111100000000
Found cached RTLIL representation for module `$paramod$5434a6b34cacc170b3c523e4bba8307c52788d4e\GTP_LUT6'.
Parameter \INIT = 64'0111001100000000111111110000000000000000000000001111111100000000
Found cached RTLIL representation for module `$paramod$5434a6b34cacc170b3c523e4bba8307c52788d4e\GTP_LUT6'.
Parameter \INIT = 16'0000001100000001
Found cached RTLIL representation for module `$paramod\GTP_LUT4\INIT=16'0000001100000001'.
Parameter \INIT = 32'10001010101010100000000010101010
Found cached RTLIL representation for module `$paramod\GTP_LUT5\INIT=32'10001010101010100000000010101010'.
Parameter \INIT = 64'0100111100000000000011110000000011111111000000000000111100000000
Found cached RTLIL representation for module `$paramod$c6d737a35aee20f2946726bf21079a9f90b8ea62\GTP_LUT6'.
Parameter \INIT = 64'0100111100000000000011110000000011111111000000000000111100000000
Found cached RTLIL representation for module `$paramod$c6d737a35aee20f2946726bf21079a9f90b8ea62\GTP_LUT6'.
Parameter \INIT = 64'0100111100000000000011110000000011111111000000000000111100000000
Found cached RTLIL representation for module `$paramod$c6d737a35aee20f2946726bf21079a9f90b8ea62\GTP_LUT6'.
Parameter \INIT = 64'0100111100000000000011110000000011111111000000000000111100000000
Found cached RTLIL representation for module `$paramod$c6d737a35aee20f2946726bf21079a9f90b8ea62\GTP_LUT6'.
Parameter \INIT = 64'0100111100000000000011110000000011111111000000000000111100000000
Found cached RTLIL representation for module `$paramod$c6d737a35aee20f2946726bf21079a9f90b8ea62\GTP_LUT6'.
Parameter \INIT = 64'0100111100000000000011110000000011111111000000000000111100000000
Found cached RTLIL representation for module `$paramod$c6d737a35aee20f2946726bf21079a9f90b8ea62\GTP_LUT6'.
Parameter \INIT = 64'0100111100000000000011110000000011111111000000000000111100000000
Found cached RTLIL representation for module `$paramod$c6d737a35aee20f2946726bf21079a9f90b8ea62\GTP_LUT6'.
Parameter \INIT = 64'0100111100000000000011110000000011111111000000000000111100000000
Found cached RTLIL representation for module `$paramod$c6d737a35aee20f2946726bf21079a9f90b8ea62\GTP_LUT6'.
Parameter \INIT = 64'0100111100000000000011110000000011111111000000000000111100000000
Found cached RTLIL representation for module `$paramod$c6d737a35aee20f2946726bf21079a9f90b8ea62\GTP_LUT6'.
Parameter \INIT = 64'0100111100000000000011110000000011111111000000000000111100000000
Found cached RTLIL representation for module `$paramod$c6d737a35aee20f2946726bf21079a9f90b8ea62\GTP_LUT6'.
Parameter \INIT = 64'0100111100000000000011110000000011111111000000000000111100000000
Found cached RTLIL representation for module `$paramod$c6d737a35aee20f2946726bf21079a9f90b8ea62\GTP_LUT6'.
Parameter \INIT = 64'0111000011110000001100000011000000110000111100000011000000110000
Found cached RTLIL representation for module `$paramod$2f91db07ba02deafce3116b1fd09dfbf1a7385f5\GTP_LUT6'.
Parameter \INIT = 64'0100000011001100110000001100110000000000110011001100000011001100
Found cached RTLIL representation for module `$paramod$b84cf86692de66f26a9ca79913971e232e24da5f\GTP_LUT6'.
Parameter \INIT = 64'0100000011001100110000001100110000000000110011001100000011001100
Found cached RTLIL representation for module `$paramod$b84cf86692de66f26a9ca79913971e232e24da5f\GTP_LUT6'.
Parameter \INIT = 64'0100000011001100110000001100110000000000110011001100000011001100
Found cached RTLIL representation for module `$paramod$b84cf86692de66f26a9ca79913971e232e24da5f\GTP_LUT6'.
Parameter \INIT = 64'0100000011001100110000001100110000000000110011001100000011001100
Found cached RTLIL representation for module `$paramod$b84cf86692de66f26a9ca79913971e232e24da5f\GTP_LUT6'.
Parameter \INIT = 16'0000001100000001
Found cached RTLIL representation for module `$paramod\GTP_LUT4\INIT=16'0000001100000001'.
Parameter \INIT = 32'10000000101010101010000010101010
Found cached RTLIL representation for module `$paramod\GTP_LUT5\INIT=32'10000000101010101010000010101010'.
Parameter \INIT = 64'0111111100110011001111110011001100000000000000000000000000000000
Found cached RTLIL representation for module `$paramod$cdd18be929c34e025592f526ff52cfe29cb5e1c3\GTP_LUT6'.
Parameter \INIT = 64'0111111100110011001111110011001100000000000000000000000000000000
Found cached RTLIL representation for module `$paramod$cdd18be929c34e025592f526ff52cfe29cb5e1c3\GTP_LUT6'.
Parameter \INIT = 64'0111111100110011001111110011001100000000000000000000000000000000
Found cached RTLIL representation for module `$paramod$cdd18be929c34e025592f526ff52cfe29cb5e1c3\GTP_LUT6'.
Parameter \INIT = 64'0111111100110011001111110011001100000000000000000000000000000000
Found cached RTLIL representation for module `$paramod$cdd18be929c34e025592f526ff52cfe29cb5e1c3\GTP_LUT6'.
Parameter \INIT = 64'0111111100110011001111110011001100000000000000000000000000000000
Found cached RTLIL representation for module `$paramod$cdd18be929c34e025592f526ff52cfe29cb5e1c3\GTP_LUT6'.
Parameter \INIT = 64'0111111100110011001111110011001100000000000000000000000000000000
Found cached RTLIL representation for module `$paramod$cdd18be929c34e025592f526ff52cfe29cb5e1c3\GTP_LUT6'.
Parameter \INIT = 64'0111111100110011001111110011001100000000000000000000000000000000
Found cached RTLIL representation for module `$paramod$cdd18be929c34e025592f526ff52cfe29cb5e1c3\GTP_LUT6'.
Parameter \INIT = 64'0111111100110011001111110011001100000000000000000000000000000000
Found cached RTLIL representation for module `$paramod$cdd18be929c34e025592f526ff52cfe29cb5e1c3\GTP_LUT6'.
Parameter \INIT = 64'0111111100110011001111110011001100000000000000000000000000000000
Found cached RTLIL representation for module `$paramod$cdd18be929c34e025592f526ff52cfe29cb5e1c3\GTP_LUT6'.
Parameter \INIT = 64'0111111100110011001111110011001100000000000000000000000000000000
Found cached RTLIL representation for module `$paramod$cdd18be929c34e025592f526ff52cfe29cb5e1c3\GTP_LUT6'.
Parameter \INIT = 64'0111111100110011001111110011001100000000000000000000000000000000
Found cached RTLIL representation for module `$paramod$cdd18be929c34e025592f526ff52cfe29cb5e1c3\GTP_LUT6'.
Parameter \INIT = 64'0111111100110011000000000000000000111111001100110000000000000000
Found cached RTLIL representation for module `$paramod$b3fb65c7dc7e008a08cab12bbd05ce5322a27e06\GTP_LUT6'.
Parameter \INIT = 64'0100000011001100000000000000000011111111111111110000000000000000
Found cached RTLIL representation for module `$paramod$16dfd52a39c617677590f5f0bab992973886c5e2\GTP_LUT6'.
Parameter \INIT = 64'0100000011001100000000000000000011111111111111110000000000000000
Found cached RTLIL representation for module `$paramod$16dfd52a39c617677590f5f0bab992973886c5e2\GTP_LUT6'.
Parameter \INIT = 64'0100000011001100000000000000000011111111111111110000000000000000
Found cached RTLIL representation for module `$paramod$16dfd52a39c617677590f5f0bab992973886c5e2\GTP_LUT6'.
Parameter \INIT = 64'0100000011001100000000000000000011111111111111110000000000000000
Found cached RTLIL representation for module `$paramod$16dfd52a39c617677590f5f0bab992973886c5e2\GTP_LUT6'.
Parameter \INIT = 16'0000001100000001
Found cached RTLIL representation for module `$paramod\GTP_LUT4\INIT=16'0000001100000001'.
Parameter \INIT = 32'10000000101000001010101010101010
Found cached RTLIL representation for module `$paramod\GTP_LUT5\INIT=32'10000000101000001010101010101010'.
Parameter \INIT = 64'0111001100000000111111110000000000000000000000001111111100000000
Found cached RTLIL representation for module `$paramod$5434a6b34cacc170b3c523e4bba8307c52788d4e\GTP_LUT6'.
Parameter \INIT = 64'0111001100000000111111110000000000000000000000001111111100000000
Found cached RTLIL representation for module `$paramod$5434a6b34cacc170b3c523e4bba8307c52788d4e\GTP_LUT6'.
Parameter \INIT = 64'0111001100000000111111110000000000000000000000001111111100000000
Found cached RTLIL representation for module `$paramod$5434a6b34cacc170b3c523e4bba8307c52788d4e\GTP_LUT6'.
Parameter \INIT = 64'0111001100000000111111110000000000000000000000001111111100000000
Found cached RTLIL representation for module `$paramod$5434a6b34cacc170b3c523e4bba8307c52788d4e\GTP_LUT6'.
Parameter \INIT = 64'0111001100000000111111110000000000000000000000001111111100000000
Found cached RTLIL representation for module `$paramod$5434a6b34cacc170b3c523e4bba8307c52788d4e\GTP_LUT6'.
Parameter \INIT = 64'0111001100000000111111110000000000000000000000001111111100000000
Found cached RTLIL representation for module `$paramod$5434a6b34cacc170b3c523e4bba8307c52788d4e\GTP_LUT6'.
Parameter \INIT = 64'0111001100000000111111110000000000000000000000001111111100000000
Found cached RTLIL representation for module `$paramod$5434a6b34cacc170b3c523e4bba8307c52788d4e\GTP_LUT6'.
Parameter \INIT = 64'0111001100000000111111110000000000000000000000001111111100000000
Found cached RTLIL representation for module `$paramod$5434a6b34cacc170b3c523e4bba8307c52788d4e\GTP_LUT6'.
Parameter \INIT = 64'0111001100000000111111110000000000000000000000001111111100000000
Found cached RTLIL representation for module `$paramod$5434a6b34cacc170b3c523e4bba8307c52788d4e\GTP_LUT6'.
Parameter \INIT = 64'0111001100000000111111110000000000000000000000001111111100000000
Found cached RTLIL representation for module `$paramod$5434a6b34cacc170b3c523e4bba8307c52788d4e\GTP_LUT6'.
Parameter \INIT = 64'0111001100000000111111110000000000000000000000001111111100000000
Found cached RTLIL representation for module `$paramod$5434a6b34cacc170b3c523e4bba8307c52788d4e\GTP_LUT6'.
Parameter \INIT = 64'0111001100000000111111110000000000000000000000001111111100000000
Found cached RTLIL representation for module `$paramod$5434a6b34cacc170b3c523e4bba8307c52788d4e\GTP_LUT6'.
Parameter \INIT = 64'0100000000000000110011001100110011001100000000001100110011001100
Found cached RTLIL representation for module `$paramod$5016dd73927785c730cd5dcf237328aa6f4c0786\GTP_LUT6'.
Parameter \INIT = 64'0100111100000000000011110000000011111111000000000000111100000000
Found cached RTLIL representation for module `$paramod$c6d737a35aee20f2946726bf21079a9f90b8ea62\GTP_LUT6'.
Parameter \INIT = 64'0100111100000000000011110000000011111111000000000000111100000000
Found cached RTLIL representation for module `$paramod$c6d737a35aee20f2946726bf21079a9f90b8ea62\GTP_LUT6'.
Parameter \INIT = 64'0100111100000000000011110000000011111111000000000000111100000000
Found cached RTLIL representation for module `$paramod$c6d737a35aee20f2946726bf21079a9f90b8ea62\GTP_LUT6'.
Parameter \INIT = 16'0000001100000001
Found cached RTLIL representation for module `$paramod\GTP_LUT4\INIT=16'0000001100000001'.
Parameter \INIT = 32'10001010000010101010101000001010
Found cached RTLIL representation for module `$paramod\GTP_LUT5\INIT=32'10001010000010101010101000001010'.
Parameter \INIT = 64'0100000011001100110000001100110000000000110011001100000011001100
Found cached RTLIL representation for module `$paramod$b84cf86692de66f26a9ca79913971e232e24da5f\GTP_LUT6'.
Parameter \INIT = 64'0100000011001100110000001100110000000000110011001100000011001100
Found cached RTLIL representation for module `$paramod$b84cf86692de66f26a9ca79913971e232e24da5f\GTP_LUT6'.
Parameter \INIT = 64'0100000011001100110000001100110000000000110011001100000011001100
Found cached RTLIL representation for module `$paramod$b84cf86692de66f26a9ca79913971e232e24da5f\GTP_LUT6'.
Parameter \INIT = 64'0100000011001100110000001100110000000000110011001100000011001100
Found cached RTLIL representation for module `$paramod$b84cf86692de66f26a9ca79913971e232e24da5f\GTP_LUT6'.
Parameter \INIT = 64'0100000011001100110000001100110000000000110011001100000011001100
Found cached RTLIL representation for module `$paramod$b84cf86692de66f26a9ca79913971e232e24da5f\GTP_LUT6'.
Parameter \INIT = 64'0100000011001100110000001100110000000000110011001100000011001100
Found cached RTLIL representation for module `$paramod$b84cf86692de66f26a9ca79913971e232e24da5f\GTP_LUT6'.
Parameter \INIT = 64'0100000011001100110000001100110000000000110011001100000011001100
Found cached RTLIL representation for module `$paramod$b84cf86692de66f26a9ca79913971e232e24da5f\GTP_LUT6'.
Parameter \INIT = 64'0100000011001100110000001100110000000000110011001100000011001100
Found cached RTLIL representation for module `$paramod$b84cf86692de66f26a9ca79913971e232e24da5f\GTP_LUT6'.
Parameter \INIT = 64'0100000011001100110000001100110000000000110011001100000011001100
Found cached RTLIL representation for module `$paramod$b84cf86692de66f26a9ca79913971e232e24da5f\GTP_LUT6'.
Parameter \INIT = 64'0100000011001100110000001100110000000000110011001100000011001100
Found cached RTLIL representation for module `$paramod$b84cf86692de66f26a9ca79913971e232e24da5f\GTP_LUT6'.
Parameter \INIT = 64'0100000011001100110000001100110000000000110011001100000011001100
Found cached RTLIL representation for module `$paramod$b84cf86692de66f26a9ca79913971e232e24da5f\GTP_LUT6'.
Parameter \INIT = 64'0100000011001100110000001100110000000000110011001100000011001100
Found cached RTLIL representation for module `$paramod$b84cf86692de66f26a9ca79913971e232e24da5f\GTP_LUT6'.
Parameter \INIT = 64'0100000011001100000000001100110011000000110011001100000011001100
Found cached RTLIL representation for module `$paramod$2682c60770047fb7d1966b9d62e49f5705eabbb4\GTP_LUT6'.
Parameter \INIT = 64'0111111100110011001111110011001100000000000000000000000000000000
Found cached RTLIL representation for module `$paramod$cdd18be929c34e025592f526ff52cfe29cb5e1c3\GTP_LUT6'.
Parameter \INIT = 64'0111111100110011001111110011001100000000000000000000000000000000
Found cached RTLIL representation for module `$paramod$cdd18be929c34e025592f526ff52cfe29cb5e1c3\GTP_LUT6'.
Parameter \INIT = 64'0111111100110011001111110011001100000000000000000000000000000000
Found cached RTLIL representation for module `$paramod$cdd18be929c34e025592f526ff52cfe29cb5e1c3\GTP_LUT6'.
Parameter \INIT = 16'0000001100000001
Found cached RTLIL representation for module `$paramod\GTP_LUT4\INIT=16'0000001100000001'.
Parameter \INIT = 32'10001010101010100000101000001010
Found cached RTLIL representation for module `$paramod\GTP_LUT5\INIT=32'10001010101010100000101000001010'.
Parameter \INIT = 64'0100000011001100000000000000000011111111111111110000000000000000
Found cached RTLIL representation for module `$paramod$16dfd52a39c617677590f5f0bab992973886c5e2\GTP_LUT6'.
Parameter \INIT = 64'0100000011001100000000000000000011111111111111110000000000000000
Found cached RTLIL representation for module `$paramod$16dfd52a39c617677590f5f0bab992973886c5e2\GTP_LUT6'.
Parameter \INIT = 64'0100000011001100000000000000000011111111111111110000000000000000
Found cached RTLIL representation for module `$paramod$16dfd52a39c617677590f5f0bab992973886c5e2\GTP_LUT6'.
Parameter \INIT = 64'0100000011001100000000000000000011111111111111110000000000000000
Found cached RTLIL representation for module `$paramod$16dfd52a39c617677590f5f0bab992973886c5e2\GTP_LUT6'.
Parameter \INIT = 64'0100000011001100000000000000000011111111111111110000000000000000
Found cached RTLIL representation for module `$paramod$16dfd52a39c617677590f5f0bab992973886c5e2\GTP_LUT6'.
Parameter \INIT = 64'0100000011001100000000000000000011111111111111110000000000000000
Found cached RTLIL representation for module `$paramod$16dfd52a39c617677590f5f0bab992973886c5e2\GTP_LUT6'.
Parameter \INIT = 64'0100000011001100000000000000000011111111111111110000000000000000
Found cached RTLIL representation for module `$paramod$16dfd52a39c617677590f5f0bab992973886c5e2\GTP_LUT6'.
Parameter \INIT = 64'0100000011001100000000000000000011111111111111110000000000000000
Found cached RTLIL representation for module `$paramod$16dfd52a39c617677590f5f0bab992973886c5e2\GTP_LUT6'.
Parameter \INIT = 64'0100000011001100000000000000000011111111111111110000000000000000
Found cached RTLIL representation for module `$paramod$16dfd52a39c617677590f5f0bab992973886c5e2\GTP_LUT6'.
Parameter \INIT = 64'0100000011001100000000000000000011111111111111110000000000000000
Found cached RTLIL representation for module `$paramod$16dfd52a39c617677590f5f0bab992973886c5e2\GTP_LUT6'.
Parameter \INIT = 64'0100000011001100000000000000000011111111111111110000000000000000
Found cached RTLIL representation for module `$paramod$16dfd52a39c617677590f5f0bab992973886c5e2\GTP_LUT6'.
Parameter \INIT = 64'0100000011001100000000000000000011111111111111110000000000000000
Found cached RTLIL representation for module `$paramod$16dfd52a39c617677590f5f0bab992973886c5e2\GTP_LUT6'.
Parameter \INIT = 64'0100000011001100000000000000000011111111111111110000000000000000
Found cached RTLIL representation for module `$paramod$16dfd52a39c617677590f5f0bab992973886c5e2\GTP_LUT6'.
Parameter \INIT = 64'0111001111111111000000000000000000000000111111110000000000000000
Found cached RTLIL representation for module `$paramod$f5e4a16bcb491aa9990d6fbe40d9369146b32ca4\GTP_LUT6'.
Parameter \INIT = 64'0111001100000000111111110000000000000000000000001111111100000000
Found cached RTLIL representation for module `$paramod$5434a6b34cacc170b3c523e4bba8307c52788d4e\GTP_LUT6'.
Parameter \INIT = 64'0111001100000000111111110000000000000000000000001111111100000000
Found cached RTLIL representation for module `$paramod$5434a6b34cacc170b3c523e4bba8307c52788d4e\GTP_LUT6'.
Parameter \INIT = 16'0000001100000001
Found cached RTLIL representation for module `$paramod\GTP_LUT4\INIT=16'0000001100000001'.
Parameter \INIT = 32'10001010101010100000000010101010
Found cached RTLIL representation for module `$paramod\GTP_LUT5\INIT=32'10001010101010100000000010101010'.
Parameter \INIT = 64'0100111100000000000011110000000011111111000000000000111100000000
Found cached RTLIL representation for module `$paramod$c6d737a35aee20f2946726bf21079a9f90b8ea62\GTP_LUT6'.
Parameter \INIT = 64'0100111100000000000011110000000011111111000000000000111100000000
Found cached RTLIL representation for module `$paramod$c6d737a35aee20f2946726bf21079a9f90b8ea62\GTP_LUT6'.
Parameter \INIT = 64'0100111100000000000011110000000011111111000000000000111100000000
Found cached RTLIL representation for module `$paramod$c6d737a35aee20f2946726bf21079a9f90b8ea62\GTP_LUT6'.
Parameter \INIT = 64'0100111100000000000011110000000011111111000000000000111100000000
Found cached RTLIL representation for module `$paramod$c6d737a35aee20f2946726bf21079a9f90b8ea62\GTP_LUT6'.
Parameter \INIT = 64'0100111100000000000011110000000011111111000000000000111100000000
Found cached RTLIL representation for module `$paramod$c6d737a35aee20f2946726bf21079a9f90b8ea62\GTP_LUT6'.
Parameter \INIT = 64'0100111100000000000011110000000011111111000000000000111100000000
Found cached RTLIL representation for module `$paramod$c6d737a35aee20f2946726bf21079a9f90b8ea62\GTP_LUT6'.
Parameter \INIT = 64'0100111100000000000011110000000011111111000000000000111100000000
Found cached RTLIL representation for module `$paramod$c6d737a35aee20f2946726bf21079a9f90b8ea62\GTP_LUT6'.
Parameter \INIT = 64'0100111100000000000011110000000011111111000000000000111100000000
Found cached RTLIL representation for module `$paramod$c6d737a35aee20f2946726bf21079a9f90b8ea62\GTP_LUT6'.
Parameter \INIT = 64'0100111100000000000011110000000011111111000000000000111100000000
Found cached RTLIL representation for module `$paramod$c6d737a35aee20f2946726bf21079a9f90b8ea62\GTP_LUT6'.
Parameter \INIT = 64'0100111100000000000011110000000011111111000000000000111100000000
Found cached RTLIL representation for module `$paramod$c6d737a35aee20f2946726bf21079a9f90b8ea62\GTP_LUT6'.
Parameter \INIT = 64'0100111100000000000011110000000011111111000000000000111100000000
Found cached RTLIL representation for module `$paramod$c6d737a35aee20f2946726bf21079a9f90b8ea62\GTP_LUT6'.
Parameter \INIT = 64'0100111100000000000011110000000011111111000000000000111100000000
Found cached RTLIL representation for module `$paramod$c6d737a35aee20f2946726bf21079a9f90b8ea62\GTP_LUT6'.
Parameter \INIT = 64'0100111100000000000011110000000011111111000000000000111100000000
Found cached RTLIL representation for module `$paramod$c6d737a35aee20f2946726bf21079a9f90b8ea62\GTP_LUT6'.
Parameter \INIT = 64'0111000011110000001100000011000000110000111100000011000000110000
Found cached RTLIL representation for module `$paramod$2f91db07ba02deafce3116b1fd09dfbf1a7385f5\GTP_LUT6'.
Parameter \INIT = 64'0100000011001100110000001100110000000000110011001100000011001100
Found cached RTLIL representation for module `$paramod$b84cf86692de66f26a9ca79913971e232e24da5f\GTP_LUT6'.
Parameter \INIT = 64'0100000011001100110000001100110000000000110011001100000011001100
Found cached RTLIL representation for module `$paramod$b84cf86692de66f26a9ca79913971e232e24da5f\GTP_LUT6'.
Parameter \INIT = 16'0000001100000001
Found cached RTLIL representation for module `$paramod\GTP_LUT4\INIT=16'0000001100000001'.
Parameter \INIT = 32'10000000101010101010000010101010
Found cached RTLIL representation for module `$paramod\GTP_LUT5\INIT=32'10000000101010101010000010101010'.
Parameter \INIT = 64'0111111100110011001111110011001100000000000000000000000000000000
Found cached RTLIL representation for module `$paramod$cdd18be929c34e025592f526ff52cfe29cb5e1c3\GTP_LUT6'.
Parameter \INIT = 64'0111111100110011001111110011001100000000000000000000000000000000
Found cached RTLIL representation for module `$paramod$cdd18be929c34e025592f526ff52cfe29cb5e1c3\GTP_LUT6'.
Parameter \INIT = 64'0111111100110011001111110011001100000000000000000000000000000000
Found cached RTLIL representation for module `$paramod$cdd18be929c34e025592f526ff52cfe29cb5e1c3\GTP_LUT6'.
Parameter \INIT = 64'0111111100110011001111110011001100000000000000000000000000000000
Found cached RTLIL representation for module `$paramod$cdd18be929c34e025592f526ff52cfe29cb5e1c3\GTP_LUT6'.
Parameter \INIT = 64'0111111100110011001111110011001100000000000000000000000000000000
Found cached RTLIL representation for module `$paramod$cdd18be929c34e025592f526ff52cfe29cb5e1c3\GTP_LUT6'.
Parameter \INIT = 64'0111111100110011001111110011001100000000000000000000000000000000
Found cached RTLIL representation for module `$paramod$cdd18be929c34e025592f526ff52cfe29cb5e1c3\GTP_LUT6'.
Parameter \INIT = 64'0111111100110011001111110011001100000000000000000000000000000000
Found cached RTLIL representation for module `$paramod$cdd18be929c34e025592f526ff52cfe29cb5e1c3\GTP_LUT6'.
Parameter \INIT = 64'0111111100110011001111110011001100000000000000000000000000000000
Found cached RTLIL representation for module `$paramod$cdd18be929c34e025592f526ff52cfe29cb5e1c3\GTP_LUT6'.
Parameter \INIT = 64'0111111100110011001111110011001100000000000000000000000000000000
Found cached RTLIL representation for module `$paramod$cdd18be929c34e025592f526ff52cfe29cb5e1c3\GTP_LUT6'.
Parameter \INIT = 64'0111111100110011001111110011001100000000000000000000000000000000
Found cached RTLIL representation for module `$paramod$cdd18be929c34e025592f526ff52cfe29cb5e1c3\GTP_LUT6'.
Parameter \INIT = 64'0111111100110011001111110011001100000000000000000000000000000000
Found cached RTLIL representation for module `$paramod$cdd18be929c34e025592f526ff52cfe29cb5e1c3\GTP_LUT6'.
Parameter \INIT = 64'0111111100110011001111110011001100000000000000000000000000000000
Found cached RTLIL representation for module `$paramod$cdd18be929c34e025592f526ff52cfe29cb5e1c3\GTP_LUT6'.
Parameter \INIT = 64'0111111100110011001111110011001100000000000000000000000000000000
Found cached RTLIL representation for module `$paramod$cdd18be929c34e025592f526ff52cfe29cb5e1c3\GTP_LUT6'.
Parameter \INIT = 64'0111111100110011000000000000000000111111001100110000000000000000
Found cached RTLIL representation for module `$paramod$b3fb65c7dc7e008a08cab12bbd05ce5322a27e06\GTP_LUT6'.
Parameter \INIT = 64'0100000011001100000000000000000011111111111111110000000000000000
Found cached RTLIL representation for module `$paramod$16dfd52a39c617677590f5f0bab992973886c5e2\GTP_LUT6'.
Parameter \INIT = 64'0100000011001100000000000000000011111111111111110000000000000000
Found cached RTLIL representation for module `$paramod$16dfd52a39c617677590f5f0bab992973886c5e2\GTP_LUT6'.
Parameter \INIT = 16'0000001100000001
Found cached RTLIL representation for module `$paramod\GTP_LUT4\INIT=16'0000001100000001'.
Parameter \INIT = 32'10000000101000001010101010101010
Found cached RTLIL representation for module `$paramod\GTP_LUT5\INIT=32'10000000101000001010101010101010'.
Parameter \INIT = 64'0111001100000000111111110000000000000000000000001111111100000000
Found cached RTLIL representation for module `$paramod$5434a6b34cacc170b3c523e4bba8307c52788d4e\GTP_LUT6'.
Parameter \INIT = 64'0111001100000000111111110000000000000000000000001111111100000000
Found cached RTLIL representation for module `$paramod$5434a6b34cacc170b3c523e4bba8307c52788d4e\GTP_LUT6'.
Parameter \INIT = 64'0111001100000000111111110000000000000000000000001111111100000000
Found cached RTLIL representation for module `$paramod$5434a6b34cacc170b3c523e4bba8307c52788d4e\GTP_LUT6'.
Parameter \INIT = 64'0111001100000000111111110000000000000000000000001111111100000000
Found cached RTLIL representation for module `$paramod$5434a6b34cacc170b3c523e4bba8307c52788d4e\GTP_LUT6'.
Parameter \INIT = 64'0111001100000000111111110000000000000000000000001111111100000000
Found cached RTLIL representation for module `$paramod$5434a6b34cacc170b3c523e4bba8307c52788d4e\GTP_LUT6'.
Parameter \INIT = 64'0111001100000000111111110000000000000000000000001111111100000000
Found cached RTLIL representation for module `$paramod$5434a6b34cacc170b3c523e4bba8307c52788d4e\GTP_LUT6'.
Parameter \INIT = 64'0111001100000000111111110000000000000000000000001111111100000000
Found cached RTLIL representation for module `$paramod$5434a6b34cacc170b3c523e4bba8307c52788d4e\GTP_LUT6'.
Parameter \INIT = 64'0111001100000000111111110000000000000000000000001111111100000000
Found cached RTLIL representation for module `$paramod$5434a6b34cacc170b3c523e4bba8307c52788d4e\GTP_LUT6'.
Parameter \INIT = 64'0111001100000000111111110000000000000000000000001111111100000000
Found cached RTLIL representation for module `$paramod$5434a6b34cacc170b3c523e4bba8307c52788d4e\GTP_LUT6'.
Parameter \INIT = 64'0111001100000000111111110000000000000000000000001111111100000000
Found cached RTLIL representation for module `$paramod$5434a6b34cacc170b3c523e4bba8307c52788d4e\GTP_LUT6'.
Parameter \INIT = 64'0111001100000000111111110000000000000000000000001111111100000000
Found cached RTLIL representation for module `$paramod$5434a6b34cacc170b3c523e4bba8307c52788d4e\GTP_LUT6'.
Parameter \INIT = 64'0111001100000000111111110000000000000000000000001111111100000000
Found cached RTLIL representation for module `$paramod$5434a6b34cacc170b3c523e4bba8307c52788d4e\GTP_LUT6'.
Parameter \INIT = 64'0111001100000000111111110000000000000000000000001111111100000000
Found cached RTLIL representation for module `$paramod$5434a6b34cacc170b3c523e4bba8307c52788d4e\GTP_LUT6'.
Parameter \INIT = 64'0111001100000000111111110000000000000000000000001111111100000000
Found cached RTLIL representation for module `$paramod$5434a6b34cacc170b3c523e4bba8307c52788d4e\GTP_LUT6'.
Parameter \INIT = 64'0100000000000000110011001100110011001100000000001100110011001100
Found cached RTLIL representation for module `$paramod$5016dd73927785c730cd5dcf237328aa6f4c0786\GTP_LUT6'.
Parameter \INIT = 64'0100111100000000000011110000000011111111000000000000111100000000
Found cached RTLIL representation for module `$paramod$c6d737a35aee20f2946726bf21079a9f90b8ea62\GTP_LUT6'.
Parameter \INIT = 16'0000001100000001
Found cached RTLIL representation for module `$paramod\GTP_LUT4\INIT=16'0000001100000001'.
Parameter \INIT = 32'10001010000010101010101000001010
Found cached RTLIL representation for module `$paramod\GTP_LUT5\INIT=32'10001010000010101010101000001010'.
Parameter \INIT = 64'0100000011001100110000001100110000000000110011001100000011001100
Found cached RTLIL representation for module `$paramod$b84cf86692de66f26a9ca79913971e232e24da5f\GTP_LUT6'.
Parameter \INIT = 64'0100000011001100110000001100110000000000110011001100000011001100
Found cached RTLIL representation for module `$paramod$b84cf86692de66f26a9ca79913971e232e24da5f\GTP_LUT6'.
Parameter \INIT = 64'0100000011001100110000001100110000000000110011001100000011001100
Found cached RTLIL representation for module `$paramod$b84cf86692de66f26a9ca79913971e232e24da5f\GTP_LUT6'.
Parameter \INIT = 64'0100000011001100110000001100110000000000110011001100000011001100
Found cached RTLIL representation for module `$paramod$b84cf86692de66f26a9ca79913971e232e24da5f\GTP_LUT6'.
Parameter \INIT = 64'0100000011001100110000001100110000000000110011001100000011001100
Found cached RTLIL representation for module `$paramod$b84cf86692de66f26a9ca79913971e232e24da5f\GTP_LUT6'.
Parameter \INIT = 64'0100000011001100110000001100110000000000110011001100000011001100
Found cached RTLIL representation for module `$paramod$b84cf86692de66f26a9ca79913971e232e24da5f\GTP_LUT6'.
Parameter \INIT = 64'0100000011001100110000001100110000000000110011001100000011001100
Found cached RTLIL representation for module `$paramod$b84cf86692de66f26a9ca79913971e232e24da5f\GTP_LUT6'.
Parameter \INIT = 64'0100000011001100110000001100110000000000110011001100000011001100
Found cached RTLIL representation for module `$paramod$b84cf86692de66f26a9ca79913971e232e24da5f\GTP_LUT6'.
Parameter \INIT = 64'0100000011001100110000001100110000000000110011001100000011001100
Found cached RTLIL representation for module `$paramod$b84cf86692de66f26a9ca79913971e232e24da5f\GTP_LUT6'.
Parameter \INIT = 64'0100000011001100110000001100110000000000110011001100000011001100
Found cached RTLIL representation for module `$paramod$b84cf86692de66f26a9ca79913971e232e24da5f\GTP_LUT6'.
Parameter \INIT = 64'0100000011001100110000001100110000000000110011001100000011001100
Found cached RTLIL representation for module `$paramod$b84cf86692de66f26a9ca79913971e232e24da5f\GTP_LUT6'.
Parameter \INIT = 64'0100000011001100110000001100110000000000110011001100000011001100
Found cached RTLIL representation for module `$paramod$b84cf86692de66f26a9ca79913971e232e24da5f\GTP_LUT6'.
Parameter \INIT = 64'0100000011001100110000001100110000000000110011001100000011001100
Found cached RTLIL representation for module `$paramod$b84cf86692de66f26a9ca79913971e232e24da5f\GTP_LUT6'.
Parameter \INIT = 64'0100000011001100110000001100110000000000110011001100000011001100
Found cached RTLIL representation for module `$paramod$b84cf86692de66f26a9ca79913971e232e24da5f\GTP_LUT6'.
Parameter \INIT = 64'0100000011001100000000001100110011000000110011001100000011001100
Found cached RTLIL representation for module `$paramod$2682c60770047fb7d1966b9d62e49f5705eabbb4\GTP_LUT6'.
Parameter \INIT = 64'0111111100110011001111110011001100000000000000000000000000000000
Found cached RTLIL representation for module `$paramod$cdd18be929c34e025592f526ff52cfe29cb5e1c3\GTP_LUT6'.
Parameter \INIT = 16'0000001100000001
Found cached RTLIL representation for module `$paramod\GTP_LUT4\INIT=16'0000001100000001'.
Parameter \INIT = 32'10001010101010100000101000001010
Found cached RTLIL representation for module `$paramod\GTP_LUT5\INIT=32'10001010101010100000101000001010'.
Parameter \INIT = 64'0100000011001100000000000000000011111111111111110000000000000000
Found cached RTLIL representation for module `$paramod$16dfd52a39c617677590f5f0bab992973886c5e2\GTP_LUT6'.
Parameter \INIT = 64'0100000011001100000000000000000011111111111111110000000000000000
Found cached RTLIL representation for module `$paramod$16dfd52a39c617677590f5f0bab992973886c5e2\GTP_LUT6'.
Parameter \INIT = 64'0100000011001100000000000000000011111111111111110000000000000000
Found cached RTLIL representation for module `$paramod$16dfd52a39c617677590f5f0bab992973886c5e2\GTP_LUT6'.
Parameter \INIT = 64'0100000011001100000000000000000011111111111111110000000000000000
Found cached RTLIL representation for module `$paramod$16dfd52a39c617677590f5f0bab992973886c5e2\GTP_LUT6'.
Parameter \INIT = 64'0100000011001100000000000000000011111111111111110000000000000000
Found cached RTLIL representation for module `$paramod$16dfd52a39c617677590f5f0bab992973886c5e2\GTP_LUT6'.
Parameter \INIT = 64'0100000011001100000000000000000011111111111111110000000000000000
Found cached RTLIL representation for module `$paramod$16dfd52a39c617677590f5f0bab992973886c5e2\GTP_LUT6'.
Parameter \INIT = 64'0100000011001100000000000000000011111111111111110000000000000000
Found cached RTLIL representation for module `$paramod$16dfd52a39c617677590f5f0bab992973886c5e2\GTP_LUT6'.
Parameter \INIT = 64'0100000011001100000000000000000011111111111111110000000000000000
Found cached RTLIL representation for module `$paramod$16dfd52a39c617677590f5f0bab992973886c5e2\GTP_LUT6'.
Parameter \INIT = 64'0100000011001100000000000000000011111111111111110000000000000000
Found cached RTLIL representation for module `$paramod$16dfd52a39c617677590f5f0bab992973886c5e2\GTP_LUT6'.
Parameter \INIT = 64'0100000011001100000000000000000011111111111111110000000000000000
Found cached RTLIL representation for module `$paramod$16dfd52a39c617677590f5f0bab992973886c5e2\GTP_LUT6'.
Parameter \INIT = 64'0100000011001100000000000000000011111111111111110000000000000000
Found cached RTLIL representation for module `$paramod$16dfd52a39c617677590f5f0bab992973886c5e2\GTP_LUT6'.
Parameter \INIT = 64'0100000011001100000000000000000011111111111111110000000000000000
Found cached RTLIL representation for module `$paramod$16dfd52a39c617677590f5f0bab992973886c5e2\GTP_LUT6'.
Parameter \INIT = 64'0100000011001100000000000000000011111111111111110000000000000000
Found cached RTLIL representation for module `$paramod$16dfd52a39c617677590f5f0bab992973886c5e2\GTP_LUT6'.
Parameter \INIT = 64'0100000011001100000000000000000011111111111111110000000000000000
Found cached RTLIL representation for module `$paramod$16dfd52a39c617677590f5f0bab992973886c5e2\GTP_LUT6'.
Parameter \INIT = 64'0100000011001100000000000000000011111111111111110000000000000000
Found cached RTLIL representation for module `$paramod$16dfd52a39c617677590f5f0bab992973886c5e2\GTP_LUT6'.
Parameter \INIT = 64'0111001111111111000000000000000000000000111111110000000000000000
Found cached RTLIL representation for module `$paramod$f5e4a16bcb491aa9990d6fbe40d9369146b32ca4\GTP_LUT6'.
Parameter \INIT = 16'0000001100000001
Found cached RTLIL representation for module `$paramod\GTP_LUT4\INIT=16'0000001100000001'.
Parameter \INIT = 32'10001010101010100000000010101010
Found cached RTLIL representation for module `$paramod\GTP_LUT5\INIT=32'10001010101010100000000010101010'.
Parameter \INIT = 64'0100111100000000000011110000000011111111000000000000111100000000
Found cached RTLIL representation for module `$paramod$c6d737a35aee20f2946726bf21079a9f90b8ea62\GTP_LUT6'.
Parameter \INIT = 64'0100111100000000000011110000000011111111000000000000111100000000
Found cached RTLIL representation for module `$paramod$c6d737a35aee20f2946726bf21079a9f90b8ea62\GTP_LUT6'.
Parameter \INIT = 64'0100111100000000000011110000000011111111000000000000111100000000
Found cached RTLIL representation for module `$paramod$c6d737a35aee20f2946726bf21079a9f90b8ea62\GTP_LUT6'.
Parameter \INIT = 64'0100111100000000000011110000000011111111000000000000111100000000
Found cached RTLIL representation for module `$paramod$c6d737a35aee20f2946726bf21079a9f90b8ea62\GTP_LUT6'.
Parameter \INIT = 64'0100111100000000000011110000000011111111000000000000111100000000
Found cached RTLIL representation for module `$paramod$c6d737a35aee20f2946726bf21079a9f90b8ea62\GTP_LUT6'.
Parameter \INIT = 64'0100111100000000000011110000000011111111000000000000111100000000
Found cached RTLIL representation for module `$paramod$c6d737a35aee20f2946726bf21079a9f90b8ea62\GTP_LUT6'.
Parameter \INIT = 64'0100111100000000000011110000000011111111000000000000111100000000
Found cached RTLIL representation for module `$paramod$c6d737a35aee20f2946726bf21079a9f90b8ea62\GTP_LUT6'.
Parameter \INIT = 64'0100111100000000000011110000000011111111000000000000111100000000
Found cached RTLIL representation for module `$paramod$c6d737a35aee20f2946726bf21079a9f90b8ea62\GTP_LUT6'.
Parameter \INIT = 64'0100111100000000000011110000000011111111000000000000111100000000
Found cached RTLIL representation for module `$paramod$c6d737a35aee20f2946726bf21079a9f90b8ea62\GTP_LUT6'.
Parameter \INIT = 64'0100111100000000000011110000000011111111000000000000111100000000
Found cached RTLIL representation for module `$paramod$c6d737a35aee20f2946726bf21079a9f90b8ea62\GTP_LUT6'.
Parameter \INIT = 64'0100111100000000000011110000000011111111000000000000111100000000
Found cached RTLIL representation for module `$paramod$c6d737a35aee20f2946726bf21079a9f90b8ea62\GTP_LUT6'.
Parameter \INIT = 64'0100111100000000000011110000000011111111000000000000111100000000
Found cached RTLIL representation for module `$paramod$c6d737a35aee20f2946726bf21079a9f90b8ea62\GTP_LUT6'.
Parameter \INIT = 64'0100111100000000000011110000000011111111000000000000111100000000
Found cached RTLIL representation for module `$paramod$c6d737a35aee20f2946726bf21079a9f90b8ea62\GTP_LUT6'.
Parameter \INIT = 64'0100111100000000000011110000000011111111000000000000111100000000
Found cached RTLIL representation for module `$paramod$c6d737a35aee20f2946726bf21079a9f90b8ea62\GTP_LUT6'.
Parameter \INIT = 64'0100111100000000000011110000000011111111000000000000111100000000
Found cached RTLIL representation for module `$paramod$c6d737a35aee20f2946726bf21079a9f90b8ea62\GTP_LUT6'.
Parameter \INIT = 64'0111000011110000001100000011000000110000111100000011000000110000
Found cached RTLIL representation for module `$paramod$2f91db07ba02deafce3116b1fd09dfbf1a7385f5\GTP_LUT6'.
Parameter \INIT = 16'0000001100000001
Found cached RTLIL representation for module `$paramod\GTP_LUT4\INIT=16'0000001100000001'.
Parameter \INIT = 32'10000000101010101010000010101010
Found cached RTLIL representation for module `$paramod\GTP_LUT5\INIT=32'10000000101010101010000010101010'.
Parameter \INIT = 64'0111111100110011001111110011001100000000000000000000000000000000
Found cached RTLIL representation for module `$paramod$cdd18be929c34e025592f526ff52cfe29cb5e1c3\GTP_LUT6'.
Parameter \INIT = 64'0111111100110011001111110011001100000000000000000000000000000000
Found cached RTLIL representation for module `$paramod$cdd18be929c34e025592f526ff52cfe29cb5e1c3\GTP_LUT6'.
Parameter \INIT = 64'0111111100110011001111110011001100000000000000000000000000000000
Found cached RTLIL representation for module `$paramod$cdd18be929c34e025592f526ff52cfe29cb5e1c3\GTP_LUT6'.
Parameter \INIT = 64'0111111100110011001111110011001100000000000000000000000000000000
Found cached RTLIL representation for module `$paramod$cdd18be929c34e025592f526ff52cfe29cb5e1c3\GTP_LUT6'.
Parameter \INIT = 64'0111111100110011001111110011001100000000000000000000000000000000
Found cached RTLIL representation for module `$paramod$cdd18be929c34e025592f526ff52cfe29cb5e1c3\GTP_LUT6'.
Parameter \INIT = 64'0111111100110011001111110011001100000000000000000000000000000000
Found cached RTLIL representation for module `$paramod$cdd18be929c34e025592f526ff52cfe29cb5e1c3\GTP_LUT6'.
Parameter \INIT = 64'0111111100110011001111110011001100000000000000000000000000000000
Found cached RTLIL representation for module `$paramod$cdd18be929c34e025592f526ff52cfe29cb5e1c3\GTP_LUT6'.
Parameter \INIT = 64'0111111100110011001111110011001100000000000000000000000000000000
Found cached RTLIL representation for module `$paramod$cdd18be929c34e025592f526ff52cfe29cb5e1c3\GTP_LUT6'.
Parameter \INIT = 64'0111111100110011001111110011001100000000000000000000000000000000
Found cached RTLIL representation for module `$paramod$cdd18be929c34e025592f526ff52cfe29cb5e1c3\GTP_LUT6'.
Parameter \INIT = 64'0111111100110011001111110011001100000000000000000000000000000000
Found cached RTLIL representation for module `$paramod$cdd18be929c34e025592f526ff52cfe29cb5e1c3\GTP_LUT6'.
Parameter \INIT = 64'0111111100110011001111110011001100000000000000000000000000000000
Found cached RTLIL representation for module `$paramod$cdd18be929c34e025592f526ff52cfe29cb5e1c3\GTP_LUT6'.
Parameter \INIT = 64'0111111100110011001111110011001100000000000000000000000000000000
Found cached RTLIL representation for module `$paramod$cdd18be929c34e025592f526ff52cfe29cb5e1c3\GTP_LUT6'.
Parameter \INIT = 64'0111111100110011001111110011001100000000000000000000000000000000
Found cached RTLIL representation for module `$paramod$cdd18be929c34e025592f526ff52cfe29cb5e1c3\GTP_LUT6'.
Parameter \INIT = 64'0111111100110011001111110011001100000000000000000000000000000000
Found cached RTLIL representation for module `$paramod$cdd18be929c34e025592f526ff52cfe29cb5e1c3\GTP_LUT6'.
Parameter \INIT = 64'0111111100110011001111110011001100000000000000000000000000000000
Found cached RTLIL representation for module `$paramod$cdd18be929c34e025592f526ff52cfe29cb5e1c3\GTP_LUT6'.
Parameter \INIT = 64'0111111100110011000000000000000000111111001100110000000000000000
Found cached RTLIL representation for module `$paramod$b3fb65c7dc7e008a08cab12bbd05ce5322a27e06\GTP_LUT6'.
Parameter \INIT = 16'0000001100000001
Found cached RTLIL representation for module `$paramod\GTP_LUT4\INIT=16'0000001100000001'.
Parameter \INIT = 32'10001010000010101000101010001010
Found cached RTLIL representation for module `$paramod\GTP_LUT5\INIT=32'10001010000010101000101010001010'.
Parameter \INIT = 64'0000101010001010000010101000101010001010100010100000101010001010
Found cached RTLIL representation for module `$paramod$bf6a843f8e065b2db715682f73d9ceea17637ca1\GTP_LUT6'.
Parameter \INIT = 64'0000101010001010000010101000101010001010100010100000101010001010
Found cached RTLIL representation for module `$paramod$bf6a843f8e065b2db715682f73d9ceea17637ca1\GTP_LUT6'.
Parameter \INIT = 64'0000101010001010000010101000101010001010100010100000101010001010
Found cached RTLIL representation for module `$paramod$bf6a843f8e065b2db715682f73d9ceea17637ca1\GTP_LUT6'.
Parameter \INIT = 64'0000101010001010000010101000101010001010100010100000101010001010
Found cached RTLIL representation for module `$paramod$bf6a843f8e065b2db715682f73d9ceea17637ca1\GTP_LUT6'.
Parameter \INIT = 64'0000101010001010000010101000101010001010100010100000101010001010
Found cached RTLIL representation for module `$paramod$bf6a843f8e065b2db715682f73d9ceea17637ca1\GTP_LUT6'.
Parameter \INIT = 64'0000101010001010000010101000101010001010100010100000101010001010
Found cached RTLIL representation for module `$paramod$bf6a843f8e065b2db715682f73d9ceea17637ca1\GTP_LUT6'.
Parameter \INIT = 64'0000101010001010000010101000101010001010100010100000101010001010
Found cached RTLIL representation for module `$paramod$bf6a843f8e065b2db715682f73d9ceea17637ca1\GTP_LUT6'.
Parameter \INIT = 64'0000101010001010000010101000101010001010100010100000101010001010
Found cached RTLIL representation for module `$paramod$bf6a843f8e065b2db715682f73d9ceea17637ca1\GTP_LUT6'.
Parameter \INIT = 64'0000101010001010000010101000101010001010100010100000101010001010
Found cached RTLIL representation for module `$paramod$bf6a843f8e065b2db715682f73d9ceea17637ca1\GTP_LUT6'.
Parameter \INIT = 64'0000101010001010000010101000101010001010100010100000101010001010
Found cached RTLIL representation for module `$paramod$bf6a843f8e065b2db715682f73d9ceea17637ca1\GTP_LUT6'.
Parameter \INIT = 64'0000101010001010000010101000101010001010100010100000101010001010
Found cached RTLIL representation for module `$paramod$bf6a843f8e065b2db715682f73d9ceea17637ca1\GTP_LUT6'.
Parameter \INIT = 64'0000101010001010000010101000101010001010100010100000101010001010
Found cached RTLIL representation for module `$paramod$bf6a843f8e065b2db715682f73d9ceea17637ca1\GTP_LUT6'.
Parameter \INIT = 64'0000101010001010000010101000101010001010100010100000101010001010
Found cached RTLIL representation for module `$paramod$bf6a843f8e065b2db715682f73d9ceea17637ca1\GTP_LUT6'.
Parameter \INIT = 64'0000101010001010000010101000101010001010100010100000101010001010
Found cached RTLIL representation for module `$paramod$bf6a843f8e065b2db715682f73d9ceea17637ca1\GTP_LUT6'.
Parameter \INIT = 64'0000101010001010000010101000101010001010100010100000101010001010
Found cached RTLIL representation for module `$paramod$bf6a843f8e065b2db715682f73d9ceea17637ca1\GTP_LUT6'.
Parameter \INIT = 64'0000101010001010000010101000101010001010100010100000101010001010
Found cached RTLIL representation for module `$paramod$bf6a843f8e065b2db715682f73d9ceea17637ca1\GTP_LUT6'.
Parameter \INIT = 206
Found cached RTLIL representation for module `$paramod\GTP_LUT5\INIT=32'00000000000000000000000011001110'.
Parameter \INIT = 32'10000000101000001010101010101010
Found cached RTLIL representation for module `$paramod\GTP_LUT5\INIT=32'10000000101000001010101010101010'.
Parameter \INIT = 64'0111001100000000111111110000000000000000000000001111111100000000
Found cached RTLIL representation for module `$paramod$5434a6b34cacc170b3c523e4bba8307c52788d4e\GTP_LUT6'.
Parameter \INIT = 64'0111001100000000111111110000000000000000000000001111111100000000
Found cached RTLIL representation for module `$paramod$5434a6b34cacc170b3c523e4bba8307c52788d4e\GTP_LUT6'.
Parameter \INIT = 64'0111001100000000111111110000000000000000000000001111111100000000
Found cached RTLIL representation for module `$paramod$5434a6b34cacc170b3c523e4bba8307c52788d4e\GTP_LUT6'.
Parameter \INIT = 64'0111001100000000111111110000000000000000000000001111111100000000
Found cached RTLIL representation for module `$paramod$5434a6b34cacc170b3c523e4bba8307c52788d4e\GTP_LUT6'.
Parameter \INIT = 64'0111001100000000111111110000000000000000000000001111111100000000
Found cached RTLIL representation for module `$paramod$5434a6b34cacc170b3c523e4bba8307c52788d4e\GTP_LUT6'.
Parameter \INIT = 64'0111001100000000111111110000000000000000000000001111111100000000
Found cached RTLIL representation for module `$paramod$5434a6b34cacc170b3c523e4bba8307c52788d4e\GTP_LUT6'.
Parameter \INIT = 64'0111001100000000111111110000000000000000000000001111111100000000
Found cached RTLIL representation for module `$paramod$5434a6b34cacc170b3c523e4bba8307c52788d4e\GTP_LUT6'.
Parameter \INIT = 64'0111001100000000111111110000000000000000000000001111111100000000
Found cached RTLIL representation for module `$paramod$5434a6b34cacc170b3c523e4bba8307c52788d4e\GTP_LUT6'.
Parameter \INIT = 64'0111001100000000111111110000000000000000000000001111111100000000
Found cached RTLIL representation for module `$paramod$5434a6b34cacc170b3c523e4bba8307c52788d4e\GTP_LUT6'.
Parameter \INIT = 64'0111001100000000111111110000000000000000000000001111111100000000
Found cached RTLIL representation for module `$paramod$5434a6b34cacc170b3c523e4bba8307c52788d4e\GTP_LUT6'.
Parameter \INIT = 64'0111001100000000111111110000000000000000000000001111111100000000
Found cached RTLIL representation for module `$paramod$5434a6b34cacc170b3c523e4bba8307c52788d4e\GTP_LUT6'.
Parameter \INIT = 64'0111001100000000111111110000000000000000000000001111111100000000
Found cached RTLIL representation for module `$paramod$5434a6b34cacc170b3c523e4bba8307c52788d4e\GTP_LUT6'.
Parameter \INIT = 64'0111001100000000111111110000000000000000000000001111111100000000
Found cached RTLIL representation for module `$paramod$5434a6b34cacc170b3c523e4bba8307c52788d4e\GTP_LUT6'.
Parameter \INIT = 64'0111001100000000111111110000000000000000000000001111111100000000
Found cached RTLIL representation for module `$paramod$5434a6b34cacc170b3c523e4bba8307c52788d4e\GTP_LUT6'.
Parameter \INIT = 64'0111001100000000111111110000000000000000000000001111111100000000
Found cached RTLIL representation for module `$paramod$5434a6b34cacc170b3c523e4bba8307c52788d4e\GTP_LUT6'.
Parameter \INIT = 64'0111001100000000111111110000000000000000000000001111111100000000
Found cached RTLIL representation for module `$paramod$5434a6b34cacc170b3c523e4bba8307c52788d4e\GTP_LUT6'.
Parameter \INIT = 16'0000001100000001
Found cached RTLIL representation for module `$paramod\GTP_LUT4\INIT=16'0000001100000001'.
Parameter \INIT = 64'0100000011001100000000000000000011111111111111110000000000000000
Found cached RTLIL representation for module `$paramod$16dfd52a39c617677590f5f0bab992973886c5e2\GTP_LUT6'.
Parameter \INIT = 64'0100000011001100000000000000000011111111111111110000000000000000
Found cached RTLIL representation for module `$paramod$16dfd52a39c617677590f5f0bab992973886c5e2\GTP_LUT6'.
Parameter \INIT = 64'0100000011001100000000000000000011111111111111110000000000000000
Found cached RTLIL representation for module `$paramod$16dfd52a39c617677590f5f0bab992973886c5e2\GTP_LUT6'.
Parameter \INIT = 64'0100000011001100000000000000000011111111111111110000000000000000
Found cached RTLIL representation for module `$paramod$16dfd52a39c617677590f5f0bab992973886c5e2\GTP_LUT6'.
Parameter \INIT = 64'0100000011001100000000000000000011111111111111110000000000000000
Found cached RTLIL representation for module `$paramod$16dfd52a39c617677590f5f0bab992973886c5e2\GTP_LUT6'.
Parameter \INIT = 64'0100000011001100000000000000000011111111111111110000000000000000
Found cached RTLIL representation for module `$paramod$16dfd52a39c617677590f5f0bab992973886c5e2\GTP_LUT6'.
Parameter \INIT = 64'0100000011001100000000000000000011111111111111110000000000000000
Found cached RTLIL representation for module `$paramod$16dfd52a39c617677590f5f0bab992973886c5e2\GTP_LUT6'.
Parameter \INIT = 64'0100000011001100000000000000000011111111111111110000000000000000
Found cached RTLIL representation for module `$paramod$16dfd52a39c617677590f5f0bab992973886c5e2\GTP_LUT6'.
Parameter \INIT = 64'0100000011001100000000000000000011111111111111110000000000000000
Found cached RTLIL representation for module `$paramod$16dfd52a39c617677590f5f0bab992973886c5e2\GTP_LUT6'.
Parameter \INIT = 64'0100000011001100000000000000000011111111111111110000000000000000
Found cached RTLIL representation for module `$paramod$16dfd52a39c617677590f5f0bab992973886c5e2\GTP_LUT6'.
Parameter \INIT = 64'0100000011001100000000000000000011111111111111110000000000000000
Found cached RTLIL representation for module `$paramod$16dfd52a39c617677590f5f0bab992973886c5e2\GTP_LUT6'.
Parameter \INIT = 64'0100000011001100000000000000000011111111111111110000000000000000
Found cached RTLIL representation for module `$paramod$16dfd52a39c617677590f5f0bab992973886c5e2\GTP_LUT6'.
Parameter \INIT = 64'0100000011001100000000000000000011111111111111110000000000000000
Found cached RTLIL representation for module `$paramod$16dfd52a39c617677590f5f0bab992973886c5e2\GTP_LUT6'.
Parameter \INIT = 64'0100000011001100000000000000000011111111111111110000000000000000
Found cached RTLIL representation for module `$paramod$16dfd52a39c617677590f5f0bab992973886c5e2\GTP_LUT6'.
Parameter \INIT = 64'0100000011001100000000000000000011111111111111110000000000000000
Found cached RTLIL representation for module `$paramod$16dfd52a39c617677590f5f0bab992973886c5e2\GTP_LUT6'.
Parameter \INIT = 64'0100000011001100000000000000000011111111111111110000000000000000
Found cached RTLIL representation for module `$paramod$16dfd52a39c617677590f5f0bab992973886c5e2\GTP_LUT6'.
Parameter \INIT = 16'0000001100000001
Found cached RTLIL representation for module `$paramod\GTP_LUT4\INIT=16'0000001100000001'.
Parameter \INIT = 64'0100000000000000110011001100110011001100000000001100110011001100
Found cached RTLIL representation for module `$paramod$5016dd73927785c730cd5dcf237328aa6f4c0786\GTP_LUT6'.
Parameter \INIT = 64'0100111100000000000011110000000011111111000000000000111100000000
Found cached RTLIL representation for module `$paramod$c6d737a35aee20f2946726bf21079a9f90b8ea62\GTP_LUT6'.
Parameter \INIT = 64'0100111100000000000011110000000011111111000000000000111100000000
Found cached RTLIL representation for module `$paramod$c6d737a35aee20f2946726bf21079a9f90b8ea62\GTP_LUT6'.
Parameter \INIT = 64'0100111100000000000011110000000011111111000000000000111100000000
Found cached RTLIL representation for module `$paramod$c6d737a35aee20f2946726bf21079a9f90b8ea62\GTP_LUT6'.
Parameter \INIT = 64'0100111100000000000011110000000011111111000000000000111100000000
Found cached RTLIL representation for module `$paramod$c6d737a35aee20f2946726bf21079a9f90b8ea62\GTP_LUT6'.
Parameter \INIT = 64'0100111100000000000011110000000011111111000000000000111100000000
Found cached RTLIL representation for module `$paramod$c6d737a35aee20f2946726bf21079a9f90b8ea62\GTP_LUT6'.
Parameter \INIT = 64'0100111100000000000011110000000011111111000000000000111100000000
Found cached RTLIL representation for module `$paramod$c6d737a35aee20f2946726bf21079a9f90b8ea62\GTP_LUT6'.
Parameter \INIT = 64'0100111100000000000011110000000011111111000000000000111100000000
Found cached RTLIL representation for module `$paramod$c6d737a35aee20f2946726bf21079a9f90b8ea62\GTP_LUT6'.
Parameter \INIT = 64'0100111100000000000011110000000011111111000000000000111100000000
Found cached RTLIL representation for module `$paramod$c6d737a35aee20f2946726bf21079a9f90b8ea62\GTP_LUT6'.
Parameter \INIT = 64'0100111100000000000011110000000011111111000000000000111100000000
Found cached RTLIL representation for module `$paramod$c6d737a35aee20f2946726bf21079a9f90b8ea62\GTP_LUT6'.
Parameter \INIT = 64'0100111100000000000011110000000011111111000000000000111100000000
Found cached RTLIL representation for module `$paramod$c6d737a35aee20f2946726bf21079a9f90b8ea62\GTP_LUT6'.
Parameter \INIT = 64'0100111100000000000011110000000011111111000000000000111100000000
Found cached RTLIL representation for module `$paramod$c6d737a35aee20f2946726bf21079a9f90b8ea62\GTP_LUT6'.
Parameter \INIT = 64'0100111100000000000011110000000011111111000000000000111100000000
Found cached RTLIL representation for module `$paramod$c6d737a35aee20f2946726bf21079a9f90b8ea62\GTP_LUT6'.
Parameter \INIT = 64'0100111100000000000011110000000011111111000000000000111100000000
Found cached RTLIL representation for module `$paramod$c6d737a35aee20f2946726bf21079a9f90b8ea62\GTP_LUT6'.
Parameter \INIT = 64'0100111100000000000011110000000011111111000000000000111100000000
Found cached RTLIL representation for module `$paramod$c6d737a35aee20f2946726bf21079a9f90b8ea62\GTP_LUT6'.
Parameter \INIT = 64'0100111100000000000011110000000011111111000000000000111100000000
Found cached RTLIL representation for module `$paramod$c6d737a35aee20f2946726bf21079a9f90b8ea62\GTP_LUT6'.
Parameter \INIT = 16'0000001100000001
Found cached RTLIL representation for module `$paramod\GTP_LUT4\INIT=16'0000001100000001'.
Parameter \INIT = 64'0111111100110011001111110011001100000000000000000000000000000000
Found cached RTLIL representation for module `$paramod$cdd18be929c34e025592f526ff52cfe29cb5e1c3\GTP_LUT6'.
Parameter \INIT = 64'0111111100110011001111110011001100000000000000000000000000000000
Found cached RTLIL representation for module `$paramod$cdd18be929c34e025592f526ff52cfe29cb5e1c3\GTP_LUT6'.
Parameter \INIT = 64'0111111100110011001111110011001100000000000000000000000000000000
Found cached RTLIL representation for module `$paramod$cdd18be929c34e025592f526ff52cfe29cb5e1c3\GTP_LUT6'.
Parameter \INIT = 64'0111111100110011001111110011001100000000000000000000000000000000
Found cached RTLIL representation for module `$paramod$cdd18be929c34e025592f526ff52cfe29cb5e1c3\GTP_LUT6'.
Parameter \INIT = 64'0111111100110011001111110011001100000000000000000000000000000000
Found cached RTLIL representation for module `$paramod$cdd18be929c34e025592f526ff52cfe29cb5e1c3\GTP_LUT6'.
Parameter \INIT = 64'0111111100110011001111110011001100000000000000000000000000000000
Found cached RTLIL representation for module `$paramod$cdd18be929c34e025592f526ff52cfe29cb5e1c3\GTP_LUT6'.
Parameter \INIT = 64'0111111100110011001111110011001100000000000000000000000000000000
Found cached RTLIL representation for module `$paramod$cdd18be929c34e025592f526ff52cfe29cb5e1c3\GTP_LUT6'.
Parameter \INIT = 64'0111111100110011001111110011001100000000000000000000000000000000
Found cached RTLIL representation for module `$paramod$cdd18be929c34e025592f526ff52cfe29cb5e1c3\GTP_LUT6'.
Parameter \INIT = 64'0111111100110011001111110011001100000000000000000000000000000000
Found cached RTLIL representation for module `$paramod$cdd18be929c34e025592f526ff52cfe29cb5e1c3\GTP_LUT6'.
Parameter \INIT = 64'0111111100110011001111110011001100000000000000000000000000000000
Found cached RTLIL representation for module `$paramod$cdd18be929c34e025592f526ff52cfe29cb5e1c3\GTP_LUT6'.
Parameter \INIT = 64'0111111100110011001111110011001100000000000000000000000000000000
Found cached RTLIL representation for module `$paramod$cdd18be929c34e025592f526ff52cfe29cb5e1c3\GTP_LUT6'.
Parameter \INIT = 64'0111111100110011001111110011001100000000000000000000000000000000
Found cached RTLIL representation for module `$paramod$cdd18be929c34e025592f526ff52cfe29cb5e1c3\GTP_LUT6'.
Parameter \INIT = 64'0111111100110011001111110011001100000000000000000000000000000000
Found cached RTLIL representation for module `$paramod$cdd18be929c34e025592f526ff52cfe29cb5e1c3\GTP_LUT6'.
Parameter \INIT = 64'0111111100110011001111110011001100000000000000000000000000000000
Found cached RTLIL representation for module `$paramod$cdd18be929c34e025592f526ff52cfe29cb5e1c3\GTP_LUT6'.
Parameter \INIT = 64'0111111100110011001111110011001100000000000000000000000000000000
Found cached RTLIL representation for module `$paramod$cdd18be929c34e025592f526ff52cfe29cb5e1c3\GTP_LUT6'.
Parameter \INIT = 16'0000001100000001
Found cached RTLIL representation for module `$paramod\GTP_LUT4\INIT=16'0000001100000001'.
Parameter \INIT = 64'0111001111111111000000000000000000000000111111110000000000000000
Found cached RTLIL representation for module `$paramod$f5e4a16bcb491aa9990d6fbe40d9369146b32ca4\GTP_LUT6'.
Parameter \INIT = 64'0111001100000000111111110000000000000000000000001111111100000000
Found cached RTLIL representation for module `$paramod$5434a6b34cacc170b3c523e4bba8307c52788d4e\GTP_LUT6'.
Parameter \INIT = 64'0111001100000000111111110000000000000000000000001111111100000000
Found cached RTLIL representation for module `$paramod$5434a6b34cacc170b3c523e4bba8307c52788d4e\GTP_LUT6'.
Parameter \INIT = 64'0111001100000000111111110000000000000000000000001111111100000000
Found cached RTLIL representation for module `$paramod$5434a6b34cacc170b3c523e4bba8307c52788d4e\GTP_LUT6'.
Parameter \INIT = 64'0111001100000000111111110000000000000000000000001111111100000000
Found cached RTLIL representation for module `$paramod$5434a6b34cacc170b3c523e4bba8307c52788d4e\GTP_LUT6'.
Parameter \INIT = 64'0111001100000000111111110000000000000000000000001111111100000000
Found cached RTLIL representation for module `$paramod$5434a6b34cacc170b3c523e4bba8307c52788d4e\GTP_LUT6'.
Parameter \INIT = 64'0111001100000000111111110000000000000000000000001111111100000000
Found cached RTLIL representation for module `$paramod$5434a6b34cacc170b3c523e4bba8307c52788d4e\GTP_LUT6'.
Parameter \INIT = 64'0111001100000000111111110000000000000000000000001111111100000000
Found cached RTLIL representation for module `$paramod$5434a6b34cacc170b3c523e4bba8307c52788d4e\GTP_LUT6'.
Parameter \INIT = 64'0111001100000000111111110000000000000000000000001111111100000000
Found cached RTLIL representation for module `$paramod$5434a6b34cacc170b3c523e4bba8307c52788d4e\GTP_LUT6'.
Parameter \INIT = 64'0111001100000000111111110000000000000000000000001111111100000000
Found cached RTLIL representation for module `$paramod$5434a6b34cacc170b3c523e4bba8307c52788d4e\GTP_LUT6'.
Parameter \INIT = 64'0111001100000000111111110000000000000000000000001111111100000000
Found cached RTLIL representation for module `$paramod$5434a6b34cacc170b3c523e4bba8307c52788d4e\GTP_LUT6'.
Parameter \INIT = 64'0111001100000000111111110000000000000000000000001111111100000000
Found cached RTLIL representation for module `$paramod$5434a6b34cacc170b3c523e4bba8307c52788d4e\GTP_LUT6'.
Parameter \INIT = 64'0111001100000000111111110000000000000000000000001111111100000000
Found cached RTLIL representation for module `$paramod$5434a6b34cacc170b3c523e4bba8307c52788d4e\GTP_LUT6'.
Parameter \INIT = 64'0111001100000000111111110000000000000000000000001111111100000000
Found cached RTLIL representation for module `$paramod$5434a6b34cacc170b3c523e4bba8307c52788d4e\GTP_LUT6'.
Parameter \INIT = 64'0111001100000000111111110000000000000000000000001111111100000000
Found cached RTLIL representation for module `$paramod$5434a6b34cacc170b3c523e4bba8307c52788d4e\GTP_LUT6'.
Parameter \INIT = 16'0000001100000001
Found cached RTLIL representation for module `$paramod\GTP_LUT4\INIT=16'0000001100000001'.
Parameter \INIT = 64'0100000011001100110000001100110000000000110011001100000011001100
Found cached RTLIL representation for module `$paramod$b84cf86692de66f26a9ca79913971e232e24da5f\GTP_LUT6'.
Parameter \INIT = 64'0100000011001100110000001100110000000000110011001100000011001100
Found cached RTLIL representation for module `$paramod$b84cf86692de66f26a9ca79913971e232e24da5f\GTP_LUT6'.
Parameter \INIT = 64'0100000011001100110000001100110000000000110011001100000011001100
Found cached RTLIL representation for module `$paramod$b84cf86692de66f26a9ca79913971e232e24da5f\GTP_LUT6'.
Parameter \INIT = 64'0100000011001100110000001100110000000000110011001100000011001100
Found cached RTLIL representation for module `$paramod$b84cf86692de66f26a9ca79913971e232e24da5f\GTP_LUT6'.
Parameter \INIT = 64'0100000011001100110000001100110000000000110011001100000011001100
Found cached RTLIL representation for module `$paramod$b84cf86692de66f26a9ca79913971e232e24da5f\GTP_LUT6'.
Parameter \INIT = 64'0100000011001100110000001100110000000000110011001100000011001100
Found cached RTLIL representation for module `$paramod$b84cf86692de66f26a9ca79913971e232e24da5f\GTP_LUT6'.
Parameter \INIT = 64'0100000011001100110000001100110000000000110011001100000011001100
Found cached RTLIL representation for module `$paramod$b84cf86692de66f26a9ca79913971e232e24da5f\GTP_LUT6'.
Parameter \INIT = 64'0100000011001100110000001100110000000000110011001100000011001100
Found cached RTLIL representation for module `$paramod$b84cf86692de66f26a9ca79913971e232e24da5f\GTP_LUT6'.
Parameter \INIT = 64'0100000011001100110000001100110000000000110011001100000011001100
Found cached RTLIL representation for module `$paramod$b84cf86692de66f26a9ca79913971e232e24da5f\GTP_LUT6'.
Parameter \INIT = 64'0100000011001100110000001100110000000000110011001100000011001100
Found cached RTLIL representation for module `$paramod$b84cf86692de66f26a9ca79913971e232e24da5f\GTP_LUT6'.
Parameter \INIT = 64'0100000011001100110000001100110000000000110011001100000011001100
Found cached RTLIL representation for module `$paramod$b84cf86692de66f26a9ca79913971e232e24da5f\GTP_LUT6'.
Parameter \INIT = 64'0100000011001100110000001100110000000000110011001100000011001100
Found cached RTLIL representation for module `$paramod$b84cf86692de66f26a9ca79913971e232e24da5f\GTP_LUT6'.
Parameter \INIT = 64'0100000011001100110000001100110000000000110011001100000011001100
Found cached RTLIL representation for module `$paramod$b84cf86692de66f26a9ca79913971e232e24da5f\GTP_LUT6'.
Parameter \INIT = 64'0100000011001100110000001100110000000000110011001100000011001100
Found cached RTLIL representation for module `$paramod$b84cf86692de66f26a9ca79913971e232e24da5f\GTP_LUT6'.
Parameter \INIT = 16'0000001100000001
Found cached RTLIL representation for module `$paramod\GTP_LUT4\INIT=16'0000001100000001'.
Parameter \INIT = 64'0100000011001100000000000000000011111111111111110000000000000000
Found cached RTLIL representation for module `$paramod$16dfd52a39c617677590f5f0bab992973886c5e2\GTP_LUT6'.
Parameter \INIT = 64'0100000011001100000000000000000011111111111111110000000000000000
Found cached RTLIL representation for module `$paramod$16dfd52a39c617677590f5f0bab992973886c5e2\GTP_LUT6'.
Parameter \INIT = 64'0100000011001100000000000000000011111111111111110000000000000000
Found cached RTLIL representation for module `$paramod$16dfd52a39c617677590f5f0bab992973886c5e2\GTP_LUT6'.
Parameter \INIT = 64'0100000011001100000000000000000011111111111111110000000000000000
Found cached RTLIL representation for module `$paramod$16dfd52a39c617677590f5f0bab992973886c5e2\GTP_LUT6'.
Parameter \INIT = 64'0100000011001100000000000000000011111111111111110000000000000000
Found cached RTLIL representation for module `$paramod$16dfd52a39c617677590f5f0bab992973886c5e2\GTP_LUT6'.
Parameter \INIT = 64'0100000011001100000000000000000011111111111111110000000000000000
Found cached RTLIL representation for module `$paramod$16dfd52a39c617677590f5f0bab992973886c5e2\GTP_LUT6'.
Parameter \INIT = 64'0100000011001100000000000000000011111111111111110000000000000000
Found cached RTLIL representation for module `$paramod$16dfd52a39c617677590f5f0bab992973886c5e2\GTP_LUT6'.
Parameter \INIT = 64'0100000011001100000000000000000011111111111111110000000000000000
Found cached RTLIL representation for module `$paramod$16dfd52a39c617677590f5f0bab992973886c5e2\GTP_LUT6'.
Parameter \INIT = 64'0100000011001100000000000000000011111111111111110000000000000000
Found cached RTLIL representation for module `$paramod$16dfd52a39c617677590f5f0bab992973886c5e2\GTP_LUT6'.
Parameter \INIT = 64'0100000011001100000000000000000011111111111111110000000000000000
Found cached RTLIL representation for module `$paramod$16dfd52a39c617677590f5f0bab992973886c5e2\GTP_LUT6'.
Parameter \INIT = 64'0100000011001100000000000000000011111111111111110000000000000000
Found cached RTLIL representation for module `$paramod$16dfd52a39c617677590f5f0bab992973886c5e2\GTP_LUT6'.
Parameter \INIT = 64'0100000011001100000000000000000011111111111111110000000000000000
Found cached RTLIL representation for module `$paramod$16dfd52a39c617677590f5f0bab992973886c5e2\GTP_LUT6'.
Parameter \INIT = 64'0100000011001100000000000000000011111111111111110000000000000000
Found cached RTLIL representation for module `$paramod$16dfd52a39c617677590f5f0bab992973886c5e2\GTP_LUT6'.
Parameter \INIT = 64'0100000011001100000000000000000011111111111111110000000000000000
Found cached RTLIL representation for module `$paramod$16dfd52a39c617677590f5f0bab992973886c5e2\GTP_LUT6'.
Parameter \INIT = 16'0001000100000001

3.23. Executing AST frontend in derive mode using pre-parsed AST for module `\GTP_LUT4'.
Parameter \INIT = 16'0001000100000001
Generating RTLIL representation for module `$paramod\GTP_LUT4\INIT=16'0001000100000001'.
Parameter \INIT = 64'0100000000000000110011001100110011001100000000001100110011001100
Found cached RTLIL representation for module `$paramod$5016dd73927785c730cd5dcf237328aa6f4c0786\GTP_LUT6'.
Parameter \INIT = 64'0100111100000000000011110000000011111111000000000000111100000000
Found cached RTLIL representation for module `$paramod$c6d737a35aee20f2946726bf21079a9f90b8ea62\GTP_LUT6'.
Parameter \INIT = 64'0100111100000000000011110000000011111111000000000000111100000000
Found cached RTLIL representation for module `$paramod$c6d737a35aee20f2946726bf21079a9f90b8ea62\GTP_LUT6'.
Parameter \INIT = 64'0100111100000000000011110000000011111111000000000000111100000000
Found cached RTLIL representation for module `$paramod$c6d737a35aee20f2946726bf21079a9f90b8ea62\GTP_LUT6'.
Parameter \INIT = 64'0100111100000000000011110000000011111111000000000000111100000000
Found cached RTLIL representation for module `$paramod$c6d737a35aee20f2946726bf21079a9f90b8ea62\GTP_LUT6'.
Parameter \INIT = 64'0100111100000000000011110000000011111111000000000000111100000000
Found cached RTLIL representation for module `$paramod$c6d737a35aee20f2946726bf21079a9f90b8ea62\GTP_LUT6'.
Parameter \INIT = 64'0100111100000000000011110000000011111111000000000000111100000000
Found cached RTLIL representation for module `$paramod$c6d737a35aee20f2946726bf21079a9f90b8ea62\GTP_LUT6'.
Parameter \INIT = 64'0100111100000000000011110000000011111111000000000000111100000000
Found cached RTLIL representation for module `$paramod$c6d737a35aee20f2946726bf21079a9f90b8ea62\GTP_LUT6'.
Parameter \INIT = 64'0100111100000000000011110000000011111111000000000000111100000000
Found cached RTLIL representation for module `$paramod$c6d737a35aee20f2946726bf21079a9f90b8ea62\GTP_LUT6'.
Parameter \INIT = 64'0100111100000000000011110000000011111111000000000000111100000000
Found cached RTLIL representation for module `$paramod$c6d737a35aee20f2946726bf21079a9f90b8ea62\GTP_LUT6'.
Parameter \INIT = 64'0100111100000000000011110000000011111111000000000000111100000000
Found cached RTLIL representation for module `$paramod$c6d737a35aee20f2946726bf21079a9f90b8ea62\GTP_LUT6'.
Parameter \INIT = 64'0100111100000000000011110000000011111111000000000000111100000000
Found cached RTLIL representation for module `$paramod$c6d737a35aee20f2946726bf21079a9f90b8ea62\GTP_LUT6'.
Parameter \INIT = 64'0100111100000000000011110000000011111111000000000000111100000000
Found cached RTLIL representation for module `$paramod$c6d737a35aee20f2946726bf21079a9f90b8ea62\GTP_LUT6'.
Parameter \INIT = 64'0100111100000000000011110000000011111111000000000000111100000000
Found cached RTLIL representation for module `$paramod$c6d737a35aee20f2946726bf21079a9f90b8ea62\GTP_LUT6'.
Parameter \INIT = 64'0111111100110011001111110011001100000000000000000000000000000000
Found cached RTLIL representation for module `$paramod$cdd18be929c34e025592f526ff52cfe29cb5e1c3\GTP_LUT6'.
Parameter \INIT = 64'0111111100110011001111110011001100000000000000000000000000000000
Found cached RTLIL representation for module `$paramod$cdd18be929c34e025592f526ff52cfe29cb5e1c3\GTP_LUT6'.
Parameter \INIT = 64'0111111100110011001111110011001100000000000000000000000000000000
Found cached RTLIL representation for module `$paramod$cdd18be929c34e025592f526ff52cfe29cb5e1c3\GTP_LUT6'.
Parameter \INIT = 64'0111111100110011001111110011001100000000000000000000000000000000
Found cached RTLIL representation for module `$paramod$cdd18be929c34e025592f526ff52cfe29cb5e1c3\GTP_LUT6'.
Parameter \INIT = 64'0111111100110011001111110011001100000000000000000000000000000000
Found cached RTLIL representation for module `$paramod$cdd18be929c34e025592f526ff52cfe29cb5e1c3\GTP_LUT6'.
Parameter \INIT = 64'0111111100110011001111110011001100000000000000000000000000000000
Found cached RTLIL representation for module `$paramod$cdd18be929c34e025592f526ff52cfe29cb5e1c3\GTP_LUT6'.
Parameter \INIT = 64'0111111100110011001111110011001100000000000000000000000000000000
Found cached RTLIL representation for module `$paramod$cdd18be929c34e025592f526ff52cfe29cb5e1c3\GTP_LUT6'.
Parameter \INIT = 64'0111111100110011001111110011001100000000000000000000000000000000
Found cached RTLIL representation for module `$paramod$cdd18be929c34e025592f526ff52cfe29cb5e1c3\GTP_LUT6'.
Parameter \INIT = 64'0111111100110011001111110011001100000000000000000000000000000000
Found cached RTLIL representation for module `$paramod$cdd18be929c34e025592f526ff52cfe29cb5e1c3\GTP_LUT6'.
Parameter \INIT = 64'0111111100110011001111110011001100000000000000000000000000000000
Found cached RTLIL representation for module `$paramod$cdd18be929c34e025592f526ff52cfe29cb5e1c3\GTP_LUT6'.
Parameter \INIT = 64'0111111100110011001111110011001100000000000000000000000000000000
Found cached RTLIL representation for module `$paramod$cdd18be929c34e025592f526ff52cfe29cb5e1c3\GTP_LUT6'.
Parameter \INIT = 64'0111111100110011001111110011001100000000000000000000000000000000
Found cached RTLIL representation for module `$paramod$cdd18be929c34e025592f526ff52cfe29cb5e1c3\GTP_LUT6'.
Parameter \INIT = 64'0111111100110011001111110011001100000000000000000000000000000000
Found cached RTLIL representation for module `$paramod$cdd18be929c34e025592f526ff52cfe29cb5e1c3\GTP_LUT6'.
Parameter \INIT = 16'0000001100000001
Found cached RTLIL representation for module `$paramod\GTP_LUT4\INIT=16'0000001100000001'.
Parameter \INIT = 64'0111001111111111000000000000000000000000111111110000000000000000
Found cached RTLIL representation for module `$paramod$f5e4a16bcb491aa9990d6fbe40d9369146b32ca4\GTP_LUT6'.
Parameter \INIT = 64'0111001100000000111111110000000000000000000000001111111100000000
Found cached RTLIL representation for module `$paramod$5434a6b34cacc170b3c523e4bba8307c52788d4e\GTP_LUT6'.
Parameter \INIT = 64'0111001100000000111111110000000000000000000000001111111100000000
Found cached RTLIL representation for module `$paramod$5434a6b34cacc170b3c523e4bba8307c52788d4e\GTP_LUT6'.
Parameter \INIT = 64'0111001100000000111111110000000000000000000000001111111100000000
Found cached RTLIL representation for module `$paramod$5434a6b34cacc170b3c523e4bba8307c52788d4e\GTP_LUT6'.
Parameter \INIT = 64'0111001100000000111111110000000000000000000000001111111100000000
Found cached RTLIL representation for module `$paramod$5434a6b34cacc170b3c523e4bba8307c52788d4e\GTP_LUT6'.
Parameter \INIT = 64'0111001100000000111111110000000000000000000000001111111100000000
Found cached RTLIL representation for module `$paramod$5434a6b34cacc170b3c523e4bba8307c52788d4e\GTP_LUT6'.
Parameter \INIT = 64'0111001100000000111111110000000000000000000000001111111100000000
Found cached RTLIL representation for module `$paramod$5434a6b34cacc170b3c523e4bba8307c52788d4e\GTP_LUT6'.
Parameter \INIT = 64'0111001100000000111111110000000000000000000000001111111100000000
Found cached RTLIL representation for module `$paramod$5434a6b34cacc170b3c523e4bba8307c52788d4e\GTP_LUT6'.
Parameter \INIT = 64'0111001100000000111111110000000000000000000000001111111100000000
Found cached RTLIL representation for module `$paramod$5434a6b34cacc170b3c523e4bba8307c52788d4e\GTP_LUT6'.
Parameter \INIT = 64'0111001100000000111111110000000000000000000000001111111100000000
Found cached RTLIL representation for module `$paramod$5434a6b34cacc170b3c523e4bba8307c52788d4e\GTP_LUT6'.
Parameter \INIT = 64'0111001100000000111111110000000000000000000000001111111100000000
Found cached RTLIL representation for module `$paramod$5434a6b34cacc170b3c523e4bba8307c52788d4e\GTP_LUT6'.
Parameter \INIT = 64'0111001100000000111111110000000000000000000000001111111100000000
Found cached RTLIL representation for module `$paramod$5434a6b34cacc170b3c523e4bba8307c52788d4e\GTP_LUT6'.
Parameter \INIT = 64'0111001100000000111111110000000000000000000000001111111100000000
Found cached RTLIL representation for module `$paramod$5434a6b34cacc170b3c523e4bba8307c52788d4e\GTP_LUT6'.
Parameter \INIT = 16'0000001100000001
Found cached RTLIL representation for module `$paramod\GTP_LUT4\INIT=16'0000001100000001'.
Parameter \INIT = 64'0100000011001100110000001100110000000000110011001100000011001100
Found cached RTLIL representation for module `$paramod$b84cf86692de66f26a9ca79913971e232e24da5f\GTP_LUT6'.
Parameter \INIT = 64'0100000011001100110000001100110000000000110011001100000011001100
Found cached RTLIL representation for module `$paramod$b84cf86692de66f26a9ca79913971e232e24da5f\GTP_LUT6'.
Parameter \INIT = 64'0100000011001100110000001100110000000000110011001100000011001100
Found cached RTLIL representation for module `$paramod$b84cf86692de66f26a9ca79913971e232e24da5f\GTP_LUT6'.
Parameter \INIT = 64'0100000011001100110000001100110000000000110011001100000011001100
Found cached RTLIL representation for module `$paramod$b84cf86692de66f26a9ca79913971e232e24da5f\GTP_LUT6'.
Parameter \INIT = 64'0100000011001100110000001100110000000000110011001100000011001100
Found cached RTLIL representation for module `$paramod$b84cf86692de66f26a9ca79913971e232e24da5f\GTP_LUT6'.
Parameter \INIT = 64'0100000011001100110000001100110000000000110011001100000011001100
Found cached RTLIL representation for module `$paramod$b84cf86692de66f26a9ca79913971e232e24da5f\GTP_LUT6'.
Parameter \INIT = 64'0100000011001100110000001100110000000000110011001100000011001100
Found cached RTLIL representation for module `$paramod$b84cf86692de66f26a9ca79913971e232e24da5f\GTP_LUT6'.
Parameter \INIT = 64'0100000011001100110000001100110000000000110011001100000011001100
Found cached RTLIL representation for module `$paramod$b84cf86692de66f26a9ca79913971e232e24da5f\GTP_LUT6'.
Parameter \INIT = 64'0100000011001100110000001100110000000000110011001100000011001100
Found cached RTLIL representation for module `$paramod$b84cf86692de66f26a9ca79913971e232e24da5f\GTP_LUT6'.
Parameter \INIT = 64'0100000011001100110000001100110000000000110011001100000011001100
Found cached RTLIL representation for module `$paramod$b84cf86692de66f26a9ca79913971e232e24da5f\GTP_LUT6'.
Parameter \INIT = 64'0100000011001100110000001100110000000000110011001100000011001100
Found cached RTLIL representation for module `$paramod$b84cf86692de66f26a9ca79913971e232e24da5f\GTP_LUT6'.
Parameter \INIT = 64'0100000011001100110000001100110000000000110011001100000011001100
Found cached RTLIL representation for module `$paramod$b84cf86692de66f26a9ca79913971e232e24da5f\GTP_LUT6'.
Parameter \INIT = 16'0000001100000001
Found cached RTLIL representation for module `$paramod\GTP_LUT4\INIT=16'0000001100000001'.
Parameter \INIT = 64'0100000011001100000000000000000011111111111111110000000000000000
Found cached RTLIL representation for module `$paramod$16dfd52a39c617677590f5f0bab992973886c5e2\GTP_LUT6'.
Parameter \INIT = 64'0100000011001100000000000000000011111111111111110000000000000000
Found cached RTLIL representation for module `$paramod$16dfd52a39c617677590f5f0bab992973886c5e2\GTP_LUT6'.
Parameter \INIT = 64'0100000011001100000000000000000011111111111111110000000000000000
Found cached RTLIL representation for module `$paramod$16dfd52a39c617677590f5f0bab992973886c5e2\GTP_LUT6'.
Parameter \INIT = 64'0100000011001100000000000000000011111111111111110000000000000000
Found cached RTLIL representation for module `$paramod$16dfd52a39c617677590f5f0bab992973886c5e2\GTP_LUT6'.
Parameter \INIT = 64'0100000011001100000000000000000011111111111111110000000000000000
Found cached RTLIL representation for module `$paramod$16dfd52a39c617677590f5f0bab992973886c5e2\GTP_LUT6'.
Parameter \INIT = 64'0100000011001100000000000000000011111111111111110000000000000000
Found cached RTLIL representation for module `$paramod$16dfd52a39c617677590f5f0bab992973886c5e2\GTP_LUT6'.
Parameter \INIT = 64'0100000011001100000000000000000011111111111111110000000000000000
Found cached RTLIL representation for module `$paramod$16dfd52a39c617677590f5f0bab992973886c5e2\GTP_LUT6'.
Parameter \INIT = 64'0100000011001100000000000000000011111111111111110000000000000000
Found cached RTLIL representation for module `$paramod$16dfd52a39c617677590f5f0bab992973886c5e2\GTP_LUT6'.
Parameter \INIT = 64'0100000011001100000000000000000011111111111111110000000000000000
Found cached RTLIL representation for module `$paramod$16dfd52a39c617677590f5f0bab992973886c5e2\GTP_LUT6'.
Parameter \INIT = 64'0100000011001100000000000000000011111111111111110000000000000000
Found cached RTLIL representation for module `$paramod$16dfd52a39c617677590f5f0bab992973886c5e2\GTP_LUT6'.
Parameter \INIT = 64'0100000011001100000000000000000011111111111111110000000000000000
Found cached RTLIL representation for module `$paramod$16dfd52a39c617677590f5f0bab992973886c5e2\GTP_LUT6'.
Parameter \INIT = 64'0100000011001100000000000000000011111111111111110000000000000000
Found cached RTLIL representation for module `$paramod$16dfd52a39c617677590f5f0bab992973886c5e2\GTP_LUT6'.
Parameter \INIT = 16'0000001100000001
Found cached RTLIL representation for module `$paramod\GTP_LUT4\INIT=16'0000001100000001'.
Parameter \INIT = 64'0100000000000000110011001100110011001100000000001100110011001100
Found cached RTLIL representation for module `$paramod$5016dd73927785c730cd5dcf237328aa6f4c0786\GTP_LUT6'.
Parameter \INIT = 64'0100111100000000000011110000000011111111000000000000111100000000
Found cached RTLIL representation for module `$paramod$c6d737a35aee20f2946726bf21079a9f90b8ea62\GTP_LUT6'.
Parameter \INIT = 64'0100111100000000000011110000000011111111000000000000111100000000
Found cached RTLIL representation for module `$paramod$c6d737a35aee20f2946726bf21079a9f90b8ea62\GTP_LUT6'.
Parameter \INIT = 64'0100111100000000000011110000000011111111000000000000111100000000
Found cached RTLIL representation for module `$paramod$c6d737a35aee20f2946726bf21079a9f90b8ea62\GTP_LUT6'.
Parameter \INIT = 64'0100111100000000000011110000000011111111000000000000111100000000
Found cached RTLIL representation for module `$paramod$c6d737a35aee20f2946726bf21079a9f90b8ea62\GTP_LUT6'.
Parameter \INIT = 64'0100111100000000000011110000000011111111000000000000111100000000
Found cached RTLIL representation for module `$paramod$c6d737a35aee20f2946726bf21079a9f90b8ea62\GTP_LUT6'.
Parameter \INIT = 64'0100111100000000000011110000000011111111000000000000111100000000
Found cached RTLIL representation for module `$paramod$c6d737a35aee20f2946726bf21079a9f90b8ea62\GTP_LUT6'.
Parameter \INIT = 64'0100111100000000000011110000000011111111000000000000111100000000
Found cached RTLIL representation for module `$paramod$c6d737a35aee20f2946726bf21079a9f90b8ea62\GTP_LUT6'.
Parameter \INIT = 64'0100111100000000000011110000000011111111000000000000111100000000
Found cached RTLIL representation for module `$paramod$c6d737a35aee20f2946726bf21079a9f90b8ea62\GTP_LUT6'.
Parameter \INIT = 64'0100111100000000000011110000000011111111000000000000111100000000
Found cached RTLIL representation for module `$paramod$c6d737a35aee20f2946726bf21079a9f90b8ea62\GTP_LUT6'.
Parameter \INIT = 64'0100111100000000000011110000000011111111000000000000111100000000
Found cached RTLIL representation for module `$paramod$c6d737a35aee20f2946726bf21079a9f90b8ea62\GTP_LUT6'.
Parameter \INIT = 64'0100111100000000000011110000000011111111000000000000111100000000
Found cached RTLIL representation for module `$paramod$c6d737a35aee20f2946726bf21079a9f90b8ea62\GTP_LUT6'.
Parameter \INIT = 16'0000001100000001
Found cached RTLIL representation for module `$paramod\GTP_LUT4\INIT=16'0000001100000001'.
Parameter \INIT = 64'0111111100110011001111110011001100000000000000000000000000000000
Found cached RTLIL representation for module `$paramod$cdd18be929c34e025592f526ff52cfe29cb5e1c3\GTP_LUT6'.
Parameter \INIT = 64'0111111100110011001111110011001100000000000000000000000000000000
Found cached RTLIL representation for module `$paramod$cdd18be929c34e025592f526ff52cfe29cb5e1c3\GTP_LUT6'.
Parameter \INIT = 64'0111111100110011001111110011001100000000000000000000000000000000
Found cached RTLIL representation for module `$paramod$cdd18be929c34e025592f526ff52cfe29cb5e1c3\GTP_LUT6'.
Parameter \INIT = 64'0111111100110011001111110011001100000000000000000000000000000000
Found cached RTLIL representation for module `$paramod$cdd18be929c34e025592f526ff52cfe29cb5e1c3\GTP_LUT6'.
Parameter \INIT = 64'0111111100110011001111110011001100000000000000000000000000000000
Found cached RTLIL representation for module `$paramod$cdd18be929c34e025592f526ff52cfe29cb5e1c3\GTP_LUT6'.
Parameter \INIT = 64'0111111100110011001111110011001100000000000000000000000000000000
Found cached RTLIL representation for module `$paramod$cdd18be929c34e025592f526ff52cfe29cb5e1c3\GTP_LUT6'.
Parameter \INIT = 64'0111111100110011001111110011001100000000000000000000000000000000
Found cached RTLIL representation for module `$paramod$cdd18be929c34e025592f526ff52cfe29cb5e1c3\GTP_LUT6'.
Parameter \INIT = 64'0111111100110011001111110011001100000000000000000000000000000000
Found cached RTLIL representation for module `$paramod$cdd18be929c34e025592f526ff52cfe29cb5e1c3\GTP_LUT6'.
Parameter \INIT = 64'0111111100110011001111110011001100000000000000000000000000000000
Found cached RTLIL representation for module `$paramod$cdd18be929c34e025592f526ff52cfe29cb5e1c3\GTP_LUT6'.
Parameter \INIT = 64'0111111100110011001111110011001100000000000000000000000000000000
Found cached RTLIL representation for module `$paramod$cdd18be929c34e025592f526ff52cfe29cb5e1c3\GTP_LUT6'.
Parameter \INIT = 64'0111111100110011001111110011001100000000000000000000000000000000
Found cached RTLIL representation for module `$paramod$cdd18be929c34e025592f526ff52cfe29cb5e1c3\GTP_LUT6'.
Parameter \INIT = 16'0000001100000001
Found cached RTLIL representation for module `$paramod\GTP_LUT4\INIT=16'0000001100000001'.
Parameter \INIT = 64'0111001111111111000000000000000000000000111111110000000000000000
Found cached RTLIL representation for module `$paramod$f5e4a16bcb491aa9990d6fbe40d9369146b32ca4\GTP_LUT6'.
Parameter \INIT = 64'0111001100000000111111110000000000000000000000001111111100000000
Found cached RTLIL representation for module `$paramod$5434a6b34cacc170b3c523e4bba8307c52788d4e\GTP_LUT6'.
Parameter \INIT = 64'0111001100000000111111110000000000000000000000001111111100000000
Found cached RTLIL representation for module `$paramod$5434a6b34cacc170b3c523e4bba8307c52788d4e\GTP_LUT6'.
Parameter \INIT = 64'0111001100000000111111110000000000000000000000001111111100000000
Found cached RTLIL representation for module `$paramod$5434a6b34cacc170b3c523e4bba8307c52788d4e\GTP_LUT6'.
Parameter \INIT = 64'0111001100000000111111110000000000000000000000001111111100000000
Found cached RTLIL representation for module `$paramod$5434a6b34cacc170b3c523e4bba8307c52788d4e\GTP_LUT6'.
Parameter \INIT = 64'0111001100000000111111110000000000000000000000001111111100000000
Found cached RTLIL representation for module `$paramod$5434a6b34cacc170b3c523e4bba8307c52788d4e\GTP_LUT6'.
Parameter \INIT = 64'0111001100000000111111110000000000000000000000001111111100000000
Found cached RTLIL representation for module `$paramod$5434a6b34cacc170b3c523e4bba8307c52788d4e\GTP_LUT6'.
Parameter \INIT = 64'0111001100000000111111110000000000000000000000001111111100000000
Found cached RTLIL representation for module `$paramod$5434a6b34cacc170b3c523e4bba8307c52788d4e\GTP_LUT6'.
Parameter \INIT = 64'0111001100000000111111110000000000000000000000001111111100000000
Found cached RTLIL representation for module `$paramod$5434a6b34cacc170b3c523e4bba8307c52788d4e\GTP_LUT6'.
Parameter \INIT = 64'0111001100000000111111110000000000000000000000001111111100000000
Found cached RTLIL representation for module `$paramod$5434a6b34cacc170b3c523e4bba8307c52788d4e\GTP_LUT6'.
Parameter \INIT = 64'0111001100000000111111110000000000000000000000001111111100000000
Found cached RTLIL representation for module `$paramod$5434a6b34cacc170b3c523e4bba8307c52788d4e\GTP_LUT6'.
Parameter \INIT = 16'0000001100000001
Found cached RTLIL representation for module `$paramod\GTP_LUT4\INIT=16'0000001100000001'.
Parameter \INIT = 64'0100000011001100110000001100110000000000110011001100000011001100
Found cached RTLIL representation for module `$paramod$b84cf86692de66f26a9ca79913971e232e24da5f\GTP_LUT6'.
Parameter \INIT = 64'0100000011001100110000001100110000000000110011001100000011001100
Found cached RTLIL representation for module `$paramod$b84cf86692de66f26a9ca79913971e232e24da5f\GTP_LUT6'.
Parameter \INIT = 64'0100000011001100110000001100110000000000110011001100000011001100
Found cached RTLIL representation for module `$paramod$b84cf86692de66f26a9ca79913971e232e24da5f\GTP_LUT6'.
Parameter \INIT = 64'0100000011001100110000001100110000000000110011001100000011001100
Found cached RTLIL representation for module `$paramod$b84cf86692de66f26a9ca79913971e232e24da5f\GTP_LUT6'.
Parameter \INIT = 64'0100000011001100110000001100110000000000110011001100000011001100
Found cached RTLIL representation for module `$paramod$b84cf86692de66f26a9ca79913971e232e24da5f\GTP_LUT6'.
Parameter \INIT = 64'0100000011001100110000001100110000000000110011001100000011001100
Found cached RTLIL representation for module `$paramod$b84cf86692de66f26a9ca79913971e232e24da5f\GTP_LUT6'.
Parameter \INIT = 64'0100000011001100110000001100110000000000110011001100000011001100
Found cached RTLIL representation for module `$paramod$b84cf86692de66f26a9ca79913971e232e24da5f\GTP_LUT6'.
Parameter \INIT = 64'0100000011001100110000001100110000000000110011001100000011001100
Found cached RTLIL representation for module `$paramod$b84cf86692de66f26a9ca79913971e232e24da5f\GTP_LUT6'.
Parameter \INIT = 64'0100000011001100110000001100110000000000110011001100000011001100
Found cached RTLIL representation for module `$paramod$b84cf86692de66f26a9ca79913971e232e24da5f\GTP_LUT6'.
Parameter \INIT = 64'0100000011001100110000001100110000000000110011001100000011001100
Found cached RTLIL representation for module `$paramod$b84cf86692de66f26a9ca79913971e232e24da5f\GTP_LUT6'.
Parameter \INIT = 64'0100000011001100000000000000000011111111111111110000000000000000
Found cached RTLIL representation for module `$paramod$16dfd52a39c617677590f5f0bab992973886c5e2\GTP_LUT6'.
Parameter \INIT = 64'0100000011001100000000000000000011111111111111110000000000000000
Found cached RTLIL representation for module `$paramod$16dfd52a39c617677590f5f0bab992973886c5e2\GTP_LUT6'.
Parameter \INIT = 64'0100000011001100000000000000000011111111111111110000000000000000
Found cached RTLIL representation for module `$paramod$16dfd52a39c617677590f5f0bab992973886c5e2\GTP_LUT6'.
Parameter \INIT = 64'0100000011001100000000000000000011111111111111110000000000000000
Found cached RTLIL representation for module `$paramod$16dfd52a39c617677590f5f0bab992973886c5e2\GTP_LUT6'.
Parameter \INIT = 64'0100000011001100000000000000000011111111111111110000000000000000
Found cached RTLIL representation for module `$paramod$16dfd52a39c617677590f5f0bab992973886c5e2\GTP_LUT6'.
Parameter \INIT = 64'0100000011001100000000000000000011111111111111110000000000000000
Found cached RTLIL representation for module `$paramod$16dfd52a39c617677590f5f0bab992973886c5e2\GTP_LUT6'.
Parameter \INIT = 64'0100000011001100000000000000000011111111111111110000000000000000
Found cached RTLIL representation for module `$paramod$16dfd52a39c617677590f5f0bab992973886c5e2\GTP_LUT6'.
Parameter \INIT = 64'0100000011001100000000000000000011111111111111110000000000000000
Found cached RTLIL representation for module `$paramod$16dfd52a39c617677590f5f0bab992973886c5e2\GTP_LUT6'.
Parameter \INIT = 64'0100000011001100000000000000000011111111111111110000000000000000
Found cached RTLIL representation for module `$paramod$16dfd52a39c617677590f5f0bab992973886c5e2\GTP_LUT6'.
Parameter \INIT = 64'0100000011001100000000000000000011111111111111110000000000000000
Found cached RTLIL representation for module `$paramod$16dfd52a39c617677590f5f0bab992973886c5e2\GTP_LUT6'.
Parameter \INIT = 16'0000001100000001
Found cached RTLIL representation for module `$paramod\GTP_LUT4\INIT=16'0000001100000001'.
Parameter \INIT = 64'0100000000000000110011001100110011001100000000001100110011001100
Found cached RTLIL representation for module `$paramod$5016dd73927785c730cd5dcf237328aa6f4c0786\GTP_LUT6'.
Parameter \INIT = 64'0100111100000000000011110000000011111111000000000000111100000000
Found cached RTLIL representation for module `$paramod$c6d737a35aee20f2946726bf21079a9f90b8ea62\GTP_LUT6'.
Parameter \INIT = 64'0100111100000000000011110000000011111111000000000000111100000000
Found cached RTLIL representation for module `$paramod$c6d737a35aee20f2946726bf21079a9f90b8ea62\GTP_LUT6'.
Parameter \INIT = 64'0100111100000000000011110000000011111111000000000000111100000000
Found cached RTLIL representation for module `$paramod$c6d737a35aee20f2946726bf21079a9f90b8ea62\GTP_LUT6'.
Parameter \INIT = 64'0100111100000000000011110000000011111111000000000000111100000000
Found cached RTLIL representation for module `$paramod$c6d737a35aee20f2946726bf21079a9f90b8ea62\GTP_LUT6'.
Parameter \INIT = 64'0100111100000000000011110000000011111111000000000000111100000000
Found cached RTLIL representation for module `$paramod$c6d737a35aee20f2946726bf21079a9f90b8ea62\GTP_LUT6'.
Parameter \INIT = 64'0100111100000000000011110000000011111111000000000000111100000000
Found cached RTLIL representation for module `$paramod$c6d737a35aee20f2946726bf21079a9f90b8ea62\GTP_LUT6'.
Parameter \INIT = 64'0100111100000000000011110000000011111111000000000000111100000000
Found cached RTLIL representation for module `$paramod$c6d737a35aee20f2946726bf21079a9f90b8ea62\GTP_LUT6'.
Parameter \INIT = 64'0100111100000000000011110000000011111111000000000000111100000000
Found cached RTLIL representation for module `$paramod$c6d737a35aee20f2946726bf21079a9f90b8ea62\GTP_LUT6'.
Parameter \INIT = 64'0100111100000000000011110000000011111111000000000000111100000000
Found cached RTLIL representation for module `$paramod$c6d737a35aee20f2946726bf21079a9f90b8ea62\GTP_LUT6'.
Parameter \INIT = 16'0000001100000001
Found cached RTLIL representation for module `$paramod\GTP_LUT4\INIT=16'0000001100000001'.
Parameter \INIT = 64'0111111100110011001111110011001100000000000000000000000000000000
Found cached RTLIL representation for module `$paramod$cdd18be929c34e025592f526ff52cfe29cb5e1c3\GTP_LUT6'.
Parameter \INIT = 64'0111111100110011001111110011001100000000000000000000000000000000
Found cached RTLIL representation for module `$paramod$cdd18be929c34e025592f526ff52cfe29cb5e1c3\GTP_LUT6'.
Parameter \INIT = 64'0111111100110011001111110011001100000000000000000000000000000000
Found cached RTLIL representation for module `$paramod$cdd18be929c34e025592f526ff52cfe29cb5e1c3\GTP_LUT6'.
Parameter \INIT = 64'0111111100110011001111110011001100000000000000000000000000000000
Found cached RTLIL representation for module `$paramod$cdd18be929c34e025592f526ff52cfe29cb5e1c3\GTP_LUT6'.
Parameter \INIT = 64'0111111100110011001111110011001100000000000000000000000000000000
Found cached RTLIL representation for module `$paramod$cdd18be929c34e025592f526ff52cfe29cb5e1c3\GTP_LUT6'.
Parameter \INIT = 64'0111111100110011001111110011001100000000000000000000000000000000
Found cached RTLIL representation for module `$paramod$cdd18be929c34e025592f526ff52cfe29cb5e1c3\GTP_LUT6'.
Parameter \INIT = 64'0111111100110011001111110011001100000000000000000000000000000000
Found cached RTLIL representation for module `$paramod$cdd18be929c34e025592f526ff52cfe29cb5e1c3\GTP_LUT6'.
Parameter \INIT = 64'0111111100110011001111110011001100000000000000000000000000000000
Found cached RTLIL representation for module `$paramod$cdd18be929c34e025592f526ff52cfe29cb5e1c3\GTP_LUT6'.
Parameter \INIT = 64'0111111100110011001111110011001100000000000000000000000000000000
Found cached RTLIL representation for module `$paramod$cdd18be929c34e025592f526ff52cfe29cb5e1c3\GTP_LUT6'.
Parameter \INIT = 16'0000001100000001
Found cached RTLIL representation for module `$paramod\GTP_LUT4\INIT=16'0000001100000001'.
Parameter \INIT = 64'0111001111111111000000000000000000000000111111110000000000000000
Found cached RTLIL representation for module `$paramod$f5e4a16bcb491aa9990d6fbe40d9369146b32ca4\GTP_LUT6'.
Parameter \INIT = 64'0111001100000000111111110000000000000000000000001111111100000000
Found cached RTLIL representation for module `$paramod$5434a6b34cacc170b3c523e4bba8307c52788d4e\GTP_LUT6'.
Parameter \INIT = 64'0111001100000000111111110000000000000000000000001111111100000000
Found cached RTLIL representation for module `$paramod$5434a6b34cacc170b3c523e4bba8307c52788d4e\GTP_LUT6'.
Parameter \INIT = 64'0111001100000000111111110000000000000000000000001111111100000000
Found cached RTLIL representation for module `$paramod$5434a6b34cacc170b3c523e4bba8307c52788d4e\GTP_LUT6'.
Parameter \INIT = 64'0111001100000000111111110000000000000000000000001111111100000000
Found cached RTLIL representation for module `$paramod$5434a6b34cacc170b3c523e4bba8307c52788d4e\GTP_LUT6'.
Parameter \INIT = 64'0111001100000000111111110000000000000000000000001111111100000000
Found cached RTLIL representation for module `$paramod$5434a6b34cacc170b3c523e4bba8307c52788d4e\GTP_LUT6'.
Parameter \INIT = 64'0111001100000000111111110000000000000000000000001111111100000000
Found cached RTLIL representation for module `$paramod$5434a6b34cacc170b3c523e4bba8307c52788d4e\GTP_LUT6'.
Parameter \INIT = 64'0111001100000000111111110000000000000000000000001111111100000000
Found cached RTLIL representation for module `$paramod$5434a6b34cacc170b3c523e4bba8307c52788d4e\GTP_LUT6'.
Parameter \INIT = 64'0111001100000000111111110000000000000000000000001111111100000000
Found cached RTLIL representation for module `$paramod$5434a6b34cacc170b3c523e4bba8307c52788d4e\GTP_LUT6'.
Parameter \INIT = 16'0000001100000001
Found cached RTLIL representation for module `$paramod\GTP_LUT4\INIT=16'0000001100000001'.
Parameter \INIT = 64'0100000011001100110000001100110000000000110011001100000011001100
Found cached RTLIL representation for module `$paramod$b84cf86692de66f26a9ca79913971e232e24da5f\GTP_LUT6'.
Parameter \INIT = 64'0100000011001100110000001100110000000000110011001100000011001100
Found cached RTLIL representation for module `$paramod$b84cf86692de66f26a9ca79913971e232e24da5f\GTP_LUT6'.
Parameter \INIT = 64'0100000011001100110000001100110000000000110011001100000011001100
Found cached RTLIL representation for module `$paramod$b84cf86692de66f26a9ca79913971e232e24da5f\GTP_LUT6'.
Parameter \INIT = 64'0100000011001100110000001100110000000000110011001100000011001100
Found cached RTLIL representation for module `$paramod$b84cf86692de66f26a9ca79913971e232e24da5f\GTP_LUT6'.
Parameter \INIT = 64'0100000011001100110000001100110000000000110011001100000011001100
Found cached RTLIL representation for module `$paramod$b84cf86692de66f26a9ca79913971e232e24da5f\GTP_LUT6'.
Parameter \INIT = 64'0100000011001100110000001100110000000000110011001100000011001100
Found cached RTLIL representation for module `$paramod$b84cf86692de66f26a9ca79913971e232e24da5f\GTP_LUT6'.
Parameter \INIT = 64'0100000011001100110000001100110000000000110011001100000011001100
Found cached RTLIL representation for module `$paramod$b84cf86692de66f26a9ca79913971e232e24da5f\GTP_LUT6'.
Parameter \INIT = 64'0100000011001100110000001100110000000000110011001100000011001100
Found cached RTLIL representation for module `$paramod$b84cf86692de66f26a9ca79913971e232e24da5f\GTP_LUT6'.
Parameter \INIT = 16'0000001100000001
Found cached RTLIL representation for module `$paramod\GTP_LUT4\INIT=16'0000001100000001'.
Parameter \INIT = 64'0100000011001100000000000000000011111111111111110000000000000000
Found cached RTLIL representation for module `$paramod$16dfd52a39c617677590f5f0bab992973886c5e2\GTP_LUT6'.
Parameter \INIT = 64'0100000011001100000000000000000011111111111111110000000000000000
Found cached RTLIL representation for module `$paramod$16dfd52a39c617677590f5f0bab992973886c5e2\GTP_LUT6'.
Parameter \INIT = 64'0100000011001100000000000000000011111111111111110000000000000000
Found cached RTLIL representation for module `$paramod$16dfd52a39c617677590f5f0bab992973886c5e2\GTP_LUT6'.
Parameter \INIT = 64'0100000011001100000000000000000011111111111111110000000000000000
Found cached RTLIL representation for module `$paramod$16dfd52a39c617677590f5f0bab992973886c5e2\GTP_LUT6'.
Parameter \INIT = 64'0100000011001100000000000000000011111111111111110000000000000000
Found cached RTLIL representation for module `$paramod$16dfd52a39c617677590f5f0bab992973886c5e2\GTP_LUT6'.
Parameter \INIT = 64'0100000011001100000000000000000011111111111111110000000000000000
Found cached RTLIL representation for module `$paramod$16dfd52a39c617677590f5f0bab992973886c5e2\GTP_LUT6'.
Parameter \INIT = 64'0100000011001100000000000000000011111111111111110000000000000000
Found cached RTLIL representation for module `$paramod$16dfd52a39c617677590f5f0bab992973886c5e2\GTP_LUT6'.
Parameter \INIT = 64'0100000011001100000000000000000011111111111111110000000000000000
Found cached RTLIL representation for module `$paramod$16dfd52a39c617677590f5f0bab992973886c5e2\GTP_LUT6'.
Parameter \INIT = 16'0000001100000001
Found cached RTLIL representation for module `$paramod\GTP_LUT4\INIT=16'0000001100000001'.
Parameter \INIT = 64'0100000000000000110011001100110011001100000000001100110011001100
Found cached RTLIL representation for module `$paramod$5016dd73927785c730cd5dcf237328aa6f4c0786\GTP_LUT6'.
Parameter \INIT = 64'0100111100000000000011110000000011111111000000000000111100000000
Found cached RTLIL representation for module `$paramod$c6d737a35aee20f2946726bf21079a9f90b8ea62\GTP_LUT6'.
Parameter \INIT = 64'0100111100000000000011110000000011111111000000000000111100000000
Found cached RTLIL representation for module `$paramod$c6d737a35aee20f2946726bf21079a9f90b8ea62\GTP_LUT6'.
Parameter \INIT = 64'0100111100000000000011110000000011111111000000000000111100000000
Found cached RTLIL representation for module `$paramod$c6d737a35aee20f2946726bf21079a9f90b8ea62\GTP_LUT6'.
Parameter \INIT = 64'0100111100000000000011110000000011111111000000000000111100000000
Found cached RTLIL representation for module `$paramod$c6d737a35aee20f2946726bf21079a9f90b8ea62\GTP_LUT6'.
Parameter \INIT = 64'0100111100000000000011110000000011111111000000000000111100000000
Found cached RTLIL representation for module `$paramod$c6d737a35aee20f2946726bf21079a9f90b8ea62\GTP_LUT6'.
Parameter \INIT = 64'0100111100000000000011110000000011111111000000000000111100000000
Found cached RTLIL representation for module `$paramod$c6d737a35aee20f2946726bf21079a9f90b8ea62\GTP_LUT6'.
Parameter \INIT = 64'0100111100000000000011110000000011111111000000000000111100000000
Found cached RTLIL representation for module `$paramod$c6d737a35aee20f2946726bf21079a9f90b8ea62\GTP_LUT6'.
Parameter \INIT = 16'0000001100000001
Found cached RTLIL representation for module `$paramod\GTP_LUT4\INIT=16'0000001100000001'.
Parameter \INIT = 64'0111111100110011001111110011001100000000000000000000000000000000
Found cached RTLIL representation for module `$paramod$cdd18be929c34e025592f526ff52cfe29cb5e1c3\GTP_LUT6'.
Parameter \INIT = 64'0111111100110011001111110011001100000000000000000000000000000000
Found cached RTLIL representation for module `$paramod$cdd18be929c34e025592f526ff52cfe29cb5e1c3\GTP_LUT6'.
Parameter \INIT = 64'0111111100110011001111110011001100000000000000000000000000000000
Found cached RTLIL representation for module `$paramod$cdd18be929c34e025592f526ff52cfe29cb5e1c3\GTP_LUT6'.
Parameter \INIT = 64'0111111100110011001111110011001100000000000000000000000000000000
Found cached RTLIL representation for module `$paramod$cdd18be929c34e025592f526ff52cfe29cb5e1c3\GTP_LUT6'.
Parameter \INIT = 64'0111111100110011001111110011001100000000000000000000000000000000
Found cached RTLIL representation for module `$paramod$cdd18be929c34e025592f526ff52cfe29cb5e1c3\GTP_LUT6'.
Parameter \INIT = 64'0111111100110011001111110011001100000000000000000000000000000000
Found cached RTLIL representation for module `$paramod$cdd18be929c34e025592f526ff52cfe29cb5e1c3\GTP_LUT6'.
Parameter \INIT = 64'0111111100110011001111110011001100000000000000000000000000000000
Found cached RTLIL representation for module `$paramod$cdd18be929c34e025592f526ff52cfe29cb5e1c3\GTP_LUT6'.
Parameter \INIT = 16'0000001100000001
Found cached RTLIL representation for module `$paramod\GTP_LUT4\INIT=16'0000001100000001'.
Parameter \INIT = 64'0111001111111111000000000000000000000000111111110000000000000000
Found cached RTLIL representation for module `$paramod$f5e4a16bcb491aa9990d6fbe40d9369146b32ca4\GTP_LUT6'.
Parameter \INIT = 64'0111001100000000111111110000000000000000000000001111111100000000
Found cached RTLIL representation for module `$paramod$5434a6b34cacc170b3c523e4bba8307c52788d4e\GTP_LUT6'.
Parameter \INIT = 64'0111001100000000111111110000000000000000000000001111111100000000
Found cached RTLIL representation for module `$paramod$5434a6b34cacc170b3c523e4bba8307c52788d4e\GTP_LUT6'.
Parameter \INIT = 64'0111001100000000111111110000000000000000000000001111111100000000
Found cached RTLIL representation for module `$paramod$5434a6b34cacc170b3c523e4bba8307c52788d4e\GTP_LUT6'.
Parameter \INIT = 64'0111001100000000111111110000000000000000000000001111111100000000
Found cached RTLIL representation for module `$paramod$5434a6b34cacc170b3c523e4bba8307c52788d4e\GTP_LUT6'.
Parameter \INIT = 64'0111001100000000111111110000000000000000000000001111111100000000
Found cached RTLIL representation for module `$paramod$5434a6b34cacc170b3c523e4bba8307c52788d4e\GTP_LUT6'.
Parameter \INIT = 64'0111001100000000111111110000000000000000000000001111111100000000
Found cached RTLIL representation for module `$paramod$5434a6b34cacc170b3c523e4bba8307c52788d4e\GTP_LUT6'.
Parameter \INIT = 16'0000001100000001
Found cached RTLIL representation for module `$paramod\GTP_LUT4\INIT=16'0000001100000001'.
Parameter \INIT = 64'0100000011001100110000001100110000000000110011001100000011001100
Found cached RTLIL representation for module `$paramod$b84cf86692de66f26a9ca79913971e232e24da5f\GTP_LUT6'.
Parameter \INIT = 64'0100000011001100110000001100110000000000110011001100000011001100
Found cached RTLIL representation for module `$paramod$b84cf86692de66f26a9ca79913971e232e24da5f\GTP_LUT6'.
Parameter \INIT = 64'0100000011001100110000001100110000000000110011001100000011001100
Found cached RTLIL representation for module `$paramod$b84cf86692de66f26a9ca79913971e232e24da5f\GTP_LUT6'.
Parameter \INIT = 64'0100000011001100110000001100110000000000110011001100000011001100
Found cached RTLIL representation for module `$paramod$b84cf86692de66f26a9ca79913971e232e24da5f\GTP_LUT6'.
Parameter \INIT = 64'0100000011001100110000001100110000000000110011001100000011001100
Found cached RTLIL representation for module `$paramod$b84cf86692de66f26a9ca79913971e232e24da5f\GTP_LUT6'.
Parameter \INIT = 64'0100000011001100110000001100110000000000110011001100000011001100
Found cached RTLIL representation for module `$paramod$b84cf86692de66f26a9ca79913971e232e24da5f\GTP_LUT6'.
Parameter \INIT = 16'0000001100000001
Found cached RTLIL representation for module `$paramod\GTP_LUT4\INIT=16'0000001100000001'.
Parameter \INIT = 64'0100000011001100000000000000000011111111111111110000000000000000
Found cached RTLIL representation for module `$paramod$16dfd52a39c617677590f5f0bab992973886c5e2\GTP_LUT6'.
Parameter \INIT = 64'0100000011001100000000000000000011111111111111110000000000000000
Found cached RTLIL representation for module `$paramod$16dfd52a39c617677590f5f0bab992973886c5e2\GTP_LUT6'.
Parameter \INIT = 64'0100000011001100000000000000000011111111111111110000000000000000
Found cached RTLIL representation for module `$paramod$16dfd52a39c617677590f5f0bab992973886c5e2\GTP_LUT6'.
Parameter \INIT = 64'0100000011001100000000000000000011111111111111110000000000000000
Found cached RTLIL representation for module `$paramod$16dfd52a39c617677590f5f0bab992973886c5e2\GTP_LUT6'.
Parameter \INIT = 64'0100000011001100000000000000000011111111111111110000000000000000
Found cached RTLIL representation for module `$paramod$16dfd52a39c617677590f5f0bab992973886c5e2\GTP_LUT6'.
Parameter \INIT = 64'0100000011001100000000000000000011111111111111110000000000000000
Found cached RTLIL representation for module `$paramod$16dfd52a39c617677590f5f0bab992973886c5e2\GTP_LUT6'.
Parameter \INIT = 16'0000001100000001
Found cached RTLIL representation for module `$paramod\GTP_LUT4\INIT=16'0000001100000001'.
Parameter \INIT = 64'0100000000000000110011001100110011001100000000001100110011001100
Found cached RTLIL representation for module `$paramod$5016dd73927785c730cd5dcf237328aa6f4c0786\GTP_LUT6'.
Parameter \INIT = 64'0100111100000000000011110000000011111111000000000000111100000000
Found cached RTLIL representation for module `$paramod$c6d737a35aee20f2946726bf21079a9f90b8ea62\GTP_LUT6'.
Parameter \INIT = 64'0100111100000000000011110000000011111111000000000000111100000000
Found cached RTLIL representation for module `$paramod$c6d737a35aee20f2946726bf21079a9f90b8ea62\GTP_LUT6'.
Parameter \INIT = 64'0100111100000000000011110000000011111111000000000000111100000000
Found cached RTLIL representation for module `$paramod$c6d737a35aee20f2946726bf21079a9f90b8ea62\GTP_LUT6'.
Parameter \INIT = 64'0100111100000000000011110000000011111111000000000000111100000000
Found cached RTLIL representation for module `$paramod$c6d737a35aee20f2946726bf21079a9f90b8ea62\GTP_LUT6'.
Parameter \INIT = 64'0100111100000000000011110000000011111111000000000000111100000000
Found cached RTLIL representation for module `$paramod$c6d737a35aee20f2946726bf21079a9f90b8ea62\GTP_LUT6'.
Parameter \INIT = 16'0000001100000001
Found cached RTLIL representation for module `$paramod\GTP_LUT4\INIT=16'0000001100000001'.
Parameter \INIT = 64'0111111100110011001111110011001100000000000000000000000000000000
Found cached RTLIL representation for module `$paramod$cdd18be929c34e025592f526ff52cfe29cb5e1c3\GTP_LUT6'.
Parameter \INIT = 64'0111111100110011001111110011001100000000000000000000000000000000
Found cached RTLIL representation for module `$paramod$cdd18be929c34e025592f526ff52cfe29cb5e1c3\GTP_LUT6'.
Parameter \INIT = 64'0111111100110011001111110011001100000000000000000000000000000000
Found cached RTLIL representation for module `$paramod$cdd18be929c34e025592f526ff52cfe29cb5e1c3\GTP_LUT6'.
Parameter \INIT = 64'0111111100110011001111110011001100000000000000000000000000000000
Found cached RTLIL representation for module `$paramod$cdd18be929c34e025592f526ff52cfe29cb5e1c3\GTP_LUT6'.
Parameter \INIT = 64'0111111100110011001111110011001100000000000000000000000000000000
Found cached RTLIL representation for module `$paramod$cdd18be929c34e025592f526ff52cfe29cb5e1c3\GTP_LUT6'.
Parameter \INIT = 16'0000001100000001
Found cached RTLIL representation for module `$paramod\GTP_LUT4\INIT=16'0000001100000001'.
Parameter \INIT = 64'0111001111111111000000000000000000000000111111110000000000000000
Found cached RTLIL representation for module `$paramod$f5e4a16bcb491aa9990d6fbe40d9369146b32ca4\GTP_LUT6'.
Parameter \INIT = 64'0111001100000000111111110000000000000000000000001111111100000000
Found cached RTLIL representation for module `$paramod$5434a6b34cacc170b3c523e4bba8307c52788d4e\GTP_LUT6'.
Parameter \INIT = 64'0111001100000000111111110000000000000000000000001111111100000000
Found cached RTLIL representation for module `$paramod$5434a6b34cacc170b3c523e4bba8307c52788d4e\GTP_LUT6'.
Parameter \INIT = 64'0111001100000000111111110000000000000000000000001111111100000000
Found cached RTLIL representation for module `$paramod$5434a6b34cacc170b3c523e4bba8307c52788d4e\GTP_LUT6'.
Parameter \INIT = 64'0111001100000000111111110000000000000000000000001111111100000000
Found cached RTLIL representation for module `$paramod$5434a6b34cacc170b3c523e4bba8307c52788d4e\GTP_LUT6'.
Parameter \INIT = 16'0000001100000001
Found cached RTLIL representation for module `$paramod\GTP_LUT4\INIT=16'0000001100000001'.
Parameter \INIT = 64'0100000011001100110000001100110000000000110011001100000011001100
Found cached RTLIL representation for module `$paramod$b84cf86692de66f26a9ca79913971e232e24da5f\GTP_LUT6'.
Parameter \INIT = 64'0100000011001100110000001100110000000000110011001100000011001100
Found cached RTLIL representation for module `$paramod$b84cf86692de66f26a9ca79913971e232e24da5f\GTP_LUT6'.
Parameter \INIT = 64'0100000011001100110000001100110000000000110011001100000011001100
Found cached RTLIL representation for module `$paramod$b84cf86692de66f26a9ca79913971e232e24da5f\GTP_LUT6'.
Parameter \INIT = 64'0100000011001100110000001100110000000000110011001100000011001100
Found cached RTLIL representation for module `$paramod$b84cf86692de66f26a9ca79913971e232e24da5f\GTP_LUT6'.
Parameter \INIT = 16'0000001100000001
Found cached RTLIL representation for module `$paramod\GTP_LUT4\INIT=16'0000001100000001'.
Parameter \INIT = 64'0100000011001100000000000000000011111111111111110000000000000000
Found cached RTLIL representation for module `$paramod$16dfd52a39c617677590f5f0bab992973886c5e2\GTP_LUT6'.
Parameter \INIT = 64'0100000011001100000000000000000011111111111111110000000000000000
Found cached RTLIL representation for module `$paramod$16dfd52a39c617677590f5f0bab992973886c5e2\GTP_LUT6'.
Parameter \INIT = 64'0100000011001100000000000000000011111111111111110000000000000000
Found cached RTLIL representation for module `$paramod$16dfd52a39c617677590f5f0bab992973886c5e2\GTP_LUT6'.
Parameter \INIT = 64'0100000011001100000000000000000011111111111111110000000000000000
Found cached RTLIL representation for module `$paramod$16dfd52a39c617677590f5f0bab992973886c5e2\GTP_LUT6'.
Parameter \INIT = 16'0000001100000001
Found cached RTLIL representation for module `$paramod\GTP_LUT4\INIT=16'0000001100000001'.
Parameter \INIT = 64'0100000000000000110011001100110011001100000000001100110011001100
Found cached RTLIL representation for module `$paramod$5016dd73927785c730cd5dcf237328aa6f4c0786\GTP_LUT6'.
Parameter \INIT = 64'0100111100000000000011110000000011111111000000000000111100000000
Found cached RTLIL representation for module `$paramod$c6d737a35aee20f2946726bf21079a9f90b8ea62\GTP_LUT6'.
Parameter \INIT = 64'0100111100000000000011110000000011111111000000000000111100000000
Found cached RTLIL representation for module `$paramod$c6d737a35aee20f2946726bf21079a9f90b8ea62\GTP_LUT6'.
Parameter \INIT = 64'0100111100000000000011110000000011111111000000000000111100000000
Found cached RTLIL representation for module `$paramod$c6d737a35aee20f2946726bf21079a9f90b8ea62\GTP_LUT6'.
Parameter \INIT = 16'0000001100000001
Found cached RTLIL representation for module `$paramod\GTP_LUT4\INIT=16'0000001100000001'.
Parameter \INIT = 64'0111111100110011001111110011001100000000000000000000000000000000
Found cached RTLIL representation for module `$paramod$cdd18be929c34e025592f526ff52cfe29cb5e1c3\GTP_LUT6'.
Parameter \INIT = 64'0111111100110011001111110011001100000000000000000000000000000000
Found cached RTLIL representation for module `$paramod$cdd18be929c34e025592f526ff52cfe29cb5e1c3\GTP_LUT6'.
Parameter \INIT = 64'0111111100110011001111110011001100000000000000000000000000000000
Found cached RTLIL representation for module `$paramod$cdd18be929c34e025592f526ff52cfe29cb5e1c3\GTP_LUT6'.
Parameter \INIT = 16'0000001100000001
Found cached RTLIL representation for module `$paramod\GTP_LUT4\INIT=16'0000001100000001'.
Parameter \INIT = 64'0111001111111111000000000000000000000000111111110000000000000000
Found cached RTLIL representation for module `$paramod$f5e4a16bcb491aa9990d6fbe40d9369146b32ca4\GTP_LUT6'.
Parameter \INIT = 64'0111001100000000111111110000000000000000000000001111111100000000
Found cached RTLIL representation for module `$paramod$5434a6b34cacc170b3c523e4bba8307c52788d4e\GTP_LUT6'.
Parameter \INIT = 64'0111001100000000111111110000000000000000000000001111111100000000
Found cached RTLIL representation for module `$paramod$5434a6b34cacc170b3c523e4bba8307c52788d4e\GTP_LUT6'.
Parameter \INIT = 16'0000001100000001
Found cached RTLIL representation for module `$paramod\GTP_LUT4\INIT=16'0000001100000001'.
Parameter \INIT = 64'0100000011001100110000001100110000000000110011001100000011001100
Found cached RTLIL representation for module `$paramod$b84cf86692de66f26a9ca79913971e232e24da5f\GTP_LUT6'.
Parameter \INIT = 64'0100000011001100110000001100110000000000110011001100000011001100
Found cached RTLIL representation for module `$paramod$b84cf86692de66f26a9ca79913971e232e24da5f\GTP_LUT6'.
Parameter \INIT = 16'0000001100000001
Found cached RTLIL representation for module `$paramod\GTP_LUT4\INIT=16'0000001100000001'.
Parameter \INIT = 64'0100000011001100000000000000000011111111111111110000000000000000
Found cached RTLIL representation for module `$paramod$16dfd52a39c617677590f5f0bab992973886c5e2\GTP_LUT6'.
Parameter \INIT = 64'0100000011001100000000000000000011111111111111110000000000000000
Found cached RTLIL representation for module `$paramod$16dfd52a39c617677590f5f0bab992973886c5e2\GTP_LUT6'.
Parameter \INIT = 16'0000001100000001
Found cached RTLIL representation for module `$paramod\GTP_LUT4\INIT=16'0000001100000001'.
Parameter \INIT = 64'0100000000000000110011001100110011001100000000001100110011001100
Found cached RTLIL representation for module `$paramod$5016dd73927785c730cd5dcf237328aa6f4c0786\GTP_LUT6'.
Parameter \INIT = 64'0100111100000000000011110000000011111111000000000000111100000000
Found cached RTLIL representation for module `$paramod$c6d737a35aee20f2946726bf21079a9f90b8ea62\GTP_LUT6'.
Parameter \INIT = 16'0000001100000001
Found cached RTLIL representation for module `$paramod\GTP_LUT4\INIT=16'0000001100000001'.
Parameter \INIT = 64'0111111100110011001111110011001100000000000000000000000000000000
Found cached RTLIL representation for module `$paramod$cdd18be929c34e025592f526ff52cfe29cb5e1c3\GTP_LUT6'.
Parameter \INIT = 16'0000001100000001
Found cached RTLIL representation for module `$paramod\GTP_LUT4\INIT=16'0000001100000001'.
Parameter \INIT = 64'0111001111111111000000000000000000000000111111110000000000000000
Found cached RTLIL representation for module `$paramod$f5e4a16bcb491aa9990d6fbe40d9369146b32ca4\GTP_LUT6'.
Parameter \INIT = 16'0000001100000001
Found cached RTLIL representation for module `$paramod\GTP_LUT4\INIT=16'0000001100000001'.
Parameter \INIT = 16'0000001100000001
Found cached RTLIL representation for module `$paramod\GTP_LUT4\INIT=16'0000001100000001'.
Parameter \INIT = 16'0000001100000001
Found cached RTLIL representation for module `$paramod\GTP_LUT4\INIT=16'0000001100000001'.
Parameter \INIT = 16'0000001100000001
Found cached RTLIL representation for module `$paramod\GTP_LUT4\INIT=16'0000001100000001'.
Parameter \INIT = 206
Found cached RTLIL representation for module `$paramod\GTP_LUT5\INIT=32'00000000000000000000000011001110'.
Parameter \INIT = 16'0000001100000001
Found cached RTLIL representation for module `$paramod\GTP_LUT4\INIT=16'0000001100000001'.
Parameter \INIT = 206
Found cached RTLIL representation for module `$paramod\GTP_LUT5\INIT=32'00000000000000000000000011001110'.
Parameter \INIT = 16'0000000000001011

3.24. Executing AST frontend in derive mode using pre-parsed AST for module `\GTP_LUT4'.
Parameter \INIT = 16'0000000000001011
Generating RTLIL representation for module `$paramod\GTP_LUT4\INIT=16'0000000000001011'.
Parameter \INIT = 206
Found cached RTLIL representation for module `$paramod\GTP_LUT5\INIT=32'00000000000000000000000011001110'.
Parameter \INIT = 206
Found cached RTLIL representation for module `$paramod\GTP_LUT5\INIT=32'00000000000000000000000011001110'.
Parameter \INIT = 206
Found cached RTLIL representation for module `$paramod\GTP_LUT5\INIT=32'00000000000000000000000011001110'.
Parameter \INIT = 206
Found cached RTLIL representation for module `$paramod\GTP_LUT5\INIT=32'00000000000000000000000011001110'.
Parameter \INIT = 206
Found cached RTLIL representation for module `$paramod\GTP_LUT5\INIT=32'00000000000000000000000011001110'.
Parameter \INIT = 655374

3.25. Executing AST frontend in derive mode using pre-parsed AST for module `\GTP_LUT5'.
Parameter \INIT = 655374
Generating RTLIL representation for module `$paramod\GTP_LUT5\INIT=32'00000000000010100000000000001110'.
Parameter \INIT = 206
Found cached RTLIL representation for module `$paramod\GTP_LUT5\INIT=32'00000000000000000000000011001110'.
Parameter \INIT = 206
Found cached RTLIL representation for module `$paramod\GTP_LUT5\INIT=32'00000000000000000000000011001110'.
Parameter \INIT = 206
Found cached RTLIL representation for module `$paramod\GTP_LUT5\INIT=32'00000000000000000000000011001110'.
Parameter \INIT = 206
Found cached RTLIL representation for module `$paramod\GTP_LUT5\INIT=32'00000000000000000000000011001110'.
Parameter \INIT = 206
Found cached RTLIL representation for module `$paramod\GTP_LUT5\INIT=32'00000000000000000000000011001110'.
Parameter \INIT = 206
Found cached RTLIL representation for module `$paramod\GTP_LUT5\INIT=32'00000000000000000000000011001110'.
Parameter \INIT = 206
Found cached RTLIL representation for module `$paramod\GTP_LUT5\INIT=32'00000000000000000000000011001110'.
Parameter \INIT = 206
Found cached RTLIL representation for module `$paramod\GTP_LUT5\INIT=32'00000000000000000000000011001110'.
Parameter \INIT = 206
Found cached RTLIL representation for module `$paramod\GTP_LUT5\INIT=32'00000000000000000000000011001110'.
Parameter \INIT = 206
Found cached RTLIL representation for module `$paramod\GTP_LUT5\INIT=32'00000000000000000000000011001110'.
Parameter \INIT = 206
Found cached RTLIL representation for module `$paramod\GTP_LUT5\INIT=32'00000000000000000000000011001110'.
Parameter \INIT = 206
Found cached RTLIL representation for module `$paramod\GTP_LUT5\INIT=32'00000000000000000000000011001110'.
Parameter \INIT = 206
Found cached RTLIL representation for module `$paramod\GTP_LUT5\INIT=32'00000000000000000000000011001110'.
Parameter \INIT = 206
Found cached RTLIL representation for module `$paramod\GTP_LUT5\INIT=32'00000000000000000000000011001110'.
Parameter \INIT = 206
Found cached RTLIL representation for module `$paramod\GTP_LUT5\INIT=32'00000000000000000000000011001110'.
Parameter \INIT = 206
Found cached RTLIL representation for module `$paramod\GTP_LUT5\INIT=32'00000000000000000000000011001110'.
Parameter \INIT = 206
Found cached RTLIL representation for module `$paramod\GTP_LUT5\INIT=32'00000000000000000000000011001110'.
Parameter \INIT = 206
Found cached RTLIL representation for module `$paramod\GTP_LUT5\INIT=32'00000000000000000000000011001110'.
Parameter \INIT = 206
Found cached RTLIL representation for module `$paramod\GTP_LUT5\INIT=32'00000000000000000000000011001110'.
Parameter \INIT = 206
Found cached RTLIL representation for module `$paramod\GTP_LUT5\INIT=32'00000000000000000000000011001110'.
Parameter \INIT = 206
Found cached RTLIL representation for module `$paramod\GTP_LUT5\INIT=32'00000000000000000000000011001110'.
Parameter \INIT = 206
Found cached RTLIL representation for module `$paramod\GTP_LUT5\INIT=32'00000000000000000000000011001110'.
Parameter \INIT = 206
Found cached RTLIL representation for module `$paramod\GTP_LUT5\INIT=32'00000000000000000000000011001110'.
Parameter \INIT = 206
Found cached RTLIL representation for module `$paramod\GTP_LUT5\INIT=32'00000000000000000000000011001110'.
Parameter \INIT = 206
Found cached RTLIL representation for module `$paramod\GTP_LUT5\INIT=32'00000000000000000000000011001110'.
Parameter \INIT = 206
Found cached RTLIL representation for module `$paramod\GTP_LUT5\INIT=32'00000000000000000000000011001110'.
Parameter \INIT = 206
Found cached RTLIL representation for module `$paramod\GTP_LUT5\INIT=32'00000000000000000000000011001110'.
Parameter \INIT = 206
Found cached RTLIL representation for module `$paramod\GTP_LUT5\INIT=32'00000000000000000000000011001110'.
Parameter \INIT = 206
Found cached RTLIL representation for module `$paramod\GTP_LUT5\INIT=32'00000000000000000000000011001110'.
Parameter \INIT = 206
Found cached RTLIL representation for module `$paramod\GTP_LUT5\INIT=32'00000000000000000000000011001110'.
Parameter \INIT = 206
Found cached RTLIL representation for module `$paramod\GTP_LUT5\INIT=32'00000000000000000000000011001110'.
Parameter \INIT = 206
Found cached RTLIL representation for module `$paramod\GTP_LUT5\INIT=32'00000000000000000000000011001110'.
Parameter \INIT = 206
Found cached RTLIL representation for module `$paramod\GTP_LUT5\INIT=32'00000000000000000000000011001110'.
Parameter \INIT = 206
Found cached RTLIL representation for module `$paramod\GTP_LUT5\INIT=32'00000000000000000000000011001110'.
Parameter \INIT = 206
Found cached RTLIL representation for module `$paramod\GTP_LUT5\INIT=32'00000000000000000000000011001110'.
Parameter \INIT = 206
Found cached RTLIL representation for module `$paramod\GTP_LUT5\INIT=32'00000000000000000000000011001110'.
Parameter \INIT = 206
Found cached RTLIL representation for module `$paramod\GTP_LUT5\INIT=32'00000000000000000000000011001110'.
Parameter \INIT = 64'1110111111111111111111111111111111111111111111111111111111111111

3.26. Executing AST frontend in derive mode using pre-parsed AST for module `\GTP_LUT6'.
Parameter \INIT = 64'1110111111111111111111111111111111111111111111111111111111111111
Generating RTLIL representation for module `$paramod$6f62e34946e406f1e794d69ba0f06efc9ecbb270\GTP_LUT6'.
Parameter \INIT = 64'0000000000000001000000000000000000000000000000000000000000000000

3.27. Executing AST frontend in derive mode using pre-parsed AST for module `\GTP_LUT6'.
Parameter \INIT = 64'0000000000000001000000000000000000000000000000000000000000000000
Generating RTLIL representation for module `$paramod$039e92055ef86e268e8bf7db71f846021a777eda\GTP_LUT6'.
Parameter \INIT = 64'0000000000000001000000000000000000000000000000000000000000000000
Found cached RTLIL representation for module `$paramod$039e92055ef86e268e8bf7db71f846021a777eda\GTP_LUT6'.
Parameter \INIT = 65536

3.28. Executing AST frontend in derive mode using pre-parsed AST for module `\GTP_LUT5'.
Parameter \INIT = 65536
Generating RTLIL representation for module `$paramod\GTP_LUT5\INIT=32'00000000000000010000000000000000'.
Parameter \INIT = 16'0000000000000001

3.29. Executing AST frontend in derive mode using pre-parsed AST for module `\GTP_LUT4'.
Parameter \INIT = 16'0000000000000001
Generating RTLIL representation for module `$paramod\GTP_LUT4\INIT=16'0000000000000001'.
Parameter \INIT = 16'0000000000000001
Found cached RTLIL representation for module `$paramod\GTP_LUT4\INIT=16'0000000000000001'.
Parameter \INIT = 65536
Found cached RTLIL representation for module `$paramod\GTP_LUT5\INIT=32'00000000000000010000000000000000'.
Parameter \INIT = 16'0000000000000001
Found cached RTLIL representation for module `$paramod\GTP_LUT4\INIT=16'0000000000000001'.
Parameter \INIT = 64'0000000000000001000000000000000000000000000000000000000000000000
Found cached RTLIL representation for module `$paramod$039e92055ef86e268e8bf7db71f846021a777eda\GTP_LUT6'.
Parameter \INIT = 268435456

3.30. Executing AST frontend in derive mode using pre-parsed AST for module `\GTP_LUT5'.
Parameter \INIT = 268435456
Generating RTLIL representation for module `$paramod\GTP_LUT5\INIT=32'00010000000000000000000000000000'.
Parameter \INIT = 64'0000000000000000000000000000000000000000000000000000000000000001

3.31. Executing AST frontend in derive mode using pre-parsed AST for module `\GTP_LUT6'.
Parameter \INIT = 64'0000000000000000000000000000000000000000000000000000000000000001
Generating RTLIL representation for module `$paramod$20246d5e7b6bcf137d425da26da5fdd90dad3f52\GTP_LUT6'.
Parameter \INIT = 64'0000000000000000000000000000000000000000000000000000000000000001
Found cached RTLIL representation for module `$paramod$20246d5e7b6bcf137d425da26da5fdd90dad3f52\GTP_LUT6'.
Parameter \INIT = 64'0000000000000001000000000000000000000000000000000000000000000000
Found cached RTLIL representation for module `$paramod$039e92055ef86e268e8bf7db71f846021a777eda\GTP_LUT6'.
Parameter \INIT = 16'0000000000000001
Found cached RTLIL representation for module `$paramod\GTP_LUT4\INIT=16'0000000000000001'.
Parameter \INIT = 64'0000000000000000000000000000000000000000000000000000000000000001
Found cached RTLIL representation for module `$paramod$20246d5e7b6bcf137d425da26da5fdd90dad3f52\GTP_LUT6'.
Parameter \INIT = 32'10000000000000000000000000000000

3.32. Executing AST frontend in derive mode using pre-parsed AST for module `\GTP_LUT5'.
Parameter \INIT = 32'10000000000000000000000000000000
Generating RTLIL representation for module `$paramod\GTP_LUT5\INIT=32'10000000000000000000000000000000'.
Parameter \INIT = 65536
Found cached RTLIL representation for module `$paramod\GTP_LUT5\INIT=32'00000000000000010000000000000000'.
Parameter \INIT = 65536
Found cached RTLIL representation for module `$paramod\GTP_LUT5\INIT=32'00000000000000010000000000000000'.
Parameter \INIT = 16'0000000000000001
Found cached RTLIL representation for module `$paramod\GTP_LUT4\INIT=16'0000000000000001'.
Parameter \INIT = 64'0000000000000001000000000000000000000000000000000000000000000000
Found cached RTLIL representation for module `$paramod$039e92055ef86e268e8bf7db71f846021a777eda\GTP_LUT6'.
Parameter \INIT = 16'0000000000000001
Found cached RTLIL representation for module `$paramod\GTP_LUT4\INIT=16'0000000000000001'.
Parameter \INIT = 64'0000000000000000000000000000000000000000000000000000000000000001
Found cached RTLIL representation for module `$paramod$20246d5e7b6bcf137d425da26da5fdd90dad3f52\GTP_LUT6'.
Parameter \INIT = 64'0000000000000001000000000000000000000000000000000000000000000000
Found cached RTLIL representation for module `$paramod$039e92055ef86e268e8bf7db71f846021a777eda\GTP_LUT6'.
Parameter \INIT = 16'0000000000000001
Found cached RTLIL representation for module `$paramod\GTP_LUT4\INIT=16'0000000000000001'.
Parameter \INIT = 64'0000000000000000000000000000000000000000000000000000000000000001
Found cached RTLIL representation for module `$paramod$20246d5e7b6bcf137d425da26da5fdd90dad3f52\GTP_LUT6'.
Parameter \INIT = 64'0000000000000000000000000000000000000000000000000000000000000001
Found cached RTLIL representation for module `$paramod$20246d5e7b6bcf137d425da26da5fdd90dad3f52\GTP_LUT6'.
Parameter \INIT = 64'0000000000000000000000000000000000000000000000000000000000000001
Found cached RTLIL representation for module `$paramod$20246d5e7b6bcf137d425da26da5fdd90dad3f52\GTP_LUT6'.
Parameter \INIT = 65536
Found cached RTLIL representation for module `$paramod\GTP_LUT5\INIT=32'00000000000000010000000000000000'.
Parameter \INIT = 16'0000000000000001
Found cached RTLIL representation for module `$paramod\GTP_LUT4\INIT=16'0000000000000001'.
Parameter \INIT = 64'0000000000000000000000001100111100000000000000000000000011001110

3.33. Executing AST frontend in derive mode using pre-parsed AST for module `\GTP_LUT6D'.
Parameter \INIT = 64'0000000000000000000000001100111100000000000000000000000011001110
Generating RTLIL representation for module `$paramod$9910715ccc03a7a1b9306d6b05d8dc5d4796acbb\GTP_LUT6D'.
Parameter \INIT = 64'0000000000000000000000001100111100000000000000000000000011001110
Found cached RTLIL representation for module `$paramod$9910715ccc03a7a1b9306d6b05d8dc5d4796acbb\GTP_LUT6D'.
Parameter \INIT = 64'0000000000000000000000001100111100000000000000000000000011001110
Found cached RTLIL representation for module `$paramod$9910715ccc03a7a1b9306d6b05d8dc5d4796acbb\GTP_LUT6D'.
Parameter \INIT = 64'0000000000000000000000001100111100000000000000000000000011001110
Found cached RTLIL representation for module `$paramod$9910715ccc03a7a1b9306d6b05d8dc5d4796acbb\GTP_LUT6D'.
Parameter \INIT = 64'0000000000000000000000001100111100000000000000000000000011001110
Found cached RTLIL representation for module `$paramod$9910715ccc03a7a1b9306d6b05d8dc5d4796acbb\GTP_LUT6D'.
Parameter \INIT = 64'0000000000000000000000001100111100000000000000000000000011001110
Found cached RTLIL representation for module `$paramod$9910715ccc03a7a1b9306d6b05d8dc5d4796acbb\GTP_LUT6D'.
Parameter \INIT = 64'0000000000000000000000001100111100000000000000000000000011001110
Found cached RTLIL representation for module `$paramod$9910715ccc03a7a1b9306d6b05d8dc5d4796acbb\GTP_LUT6D'.
Parameter \INIT = 64'0000000000000000000000001100111100000000000000000000000011001110
Found cached RTLIL representation for module `$paramod$9910715ccc03a7a1b9306d6b05d8dc5d4796acbb\GTP_LUT6D'.
Parameter \INIT = 64'0000000000000000000000001100111100000000000000000000000011001110
Found cached RTLIL representation for module `$paramod$9910715ccc03a7a1b9306d6b05d8dc5d4796acbb\GTP_LUT6D'.
Parameter \INIT = 64'0000000000000000000000001100111100000000000000000000000011001110
Found cached RTLIL representation for module `$paramod$9910715ccc03a7a1b9306d6b05d8dc5d4796acbb\GTP_LUT6D'.
Parameter \INIT = 64'0000000000000000000000001100111100000000000000000000000011001110
Found cached RTLIL representation for module `$paramod$9910715ccc03a7a1b9306d6b05d8dc5d4796acbb\GTP_LUT6D'.
Parameter \INIT = 64'0000000000000000000000001100111100000000000000000000000011001110
Found cached RTLIL representation for module `$paramod$9910715ccc03a7a1b9306d6b05d8dc5d4796acbb\GTP_LUT6D'.
Parameter \INIT = 64'0000000000000000000000001100111100000000000000000000000011001110
Found cached RTLIL representation for module `$paramod$9910715ccc03a7a1b9306d6b05d8dc5d4796acbb\GTP_LUT6D'.
Parameter \INIT = 64'0000000000000000000000001100111100000000000000000000000011001110
Found cached RTLIL representation for module `$paramod$9910715ccc03a7a1b9306d6b05d8dc5d4796acbb\GTP_LUT6D'.
Parameter \INIT = 64'0000000000000000000000001100111100000000000000000000000011001110
Found cached RTLIL representation for module `$paramod$9910715ccc03a7a1b9306d6b05d8dc5d4796acbb\GTP_LUT6D'.
Parameter \INIT = 64'0000000000000000000000001100111100000000000000000000000011001110
Found cached RTLIL representation for module `$paramod$9910715ccc03a7a1b9306d6b05d8dc5d4796acbb\GTP_LUT6D'.
Parameter \INIT = 64'0000000000000000000000001100111100000000000000000000000011001110
Found cached RTLIL representation for module `$paramod$9910715ccc03a7a1b9306d6b05d8dc5d4796acbb\GTP_LUT6D'.
Parameter \INIT = 64'0000000000000000000000001100111100000000000000000000000011001110
Found cached RTLIL representation for module `$paramod$9910715ccc03a7a1b9306d6b05d8dc5d4796acbb\GTP_LUT6D'.
Parameter \INIT = 64'0000000000000000000000001100111100000000000000000000000011001110
Found cached RTLIL representation for module `$paramod$9910715ccc03a7a1b9306d6b05d8dc5d4796acbb\GTP_LUT6D'.
Parameter \INIT = 64'0000000000000000000000001100111100000000000000000000000011001110
Found cached RTLIL representation for module `$paramod$9910715ccc03a7a1b9306d6b05d8dc5d4796acbb\GTP_LUT6D'.
Parameter \INIT = 64'0000000000000000000000001100111100000000000000000000000011001110
Found cached RTLIL representation for module `$paramod$9910715ccc03a7a1b9306d6b05d8dc5d4796acbb\GTP_LUT6D'.
Parameter \INIT = 64'0000000000000000000000001100111100000000000000000000000011001110
Found cached RTLIL representation for module `$paramod$9910715ccc03a7a1b9306d6b05d8dc5d4796acbb\GTP_LUT6D'.
Parameter \INIT = 64'0000000000000000000000001100111100000000000000000000000011001110
Found cached RTLIL representation for module `$paramod$9910715ccc03a7a1b9306d6b05d8dc5d4796acbb\GTP_LUT6D'.
Parameter \INIT = 64'0000000000000000000000001100111100000000000000000000000011001110
Found cached RTLIL representation for module `$paramod$9910715ccc03a7a1b9306d6b05d8dc5d4796acbb\GTP_LUT6D'.
Parameter \INIT = 64'0000000000000000000000001100111100000000000000000000000011001110
Found cached RTLIL representation for module `$paramod$9910715ccc03a7a1b9306d6b05d8dc5d4796acbb\GTP_LUT6D'.
Parameter \INIT = 64'0000000000000000000000001100111100000000000000000000000011001110
Found cached RTLIL representation for module `$paramod$9910715ccc03a7a1b9306d6b05d8dc5d4796acbb\GTP_LUT6D'.
Parameter \INIT = 64'0000000000000000000000001100111100000000000000000000000011001110
Found cached RTLIL representation for module `$paramod$9910715ccc03a7a1b9306d6b05d8dc5d4796acbb\GTP_LUT6D'.
Parameter \INIT = 64'0000000000000000000000001100111100000000000000000000000011001110
Found cached RTLIL representation for module `$paramod$9910715ccc03a7a1b9306d6b05d8dc5d4796acbb\GTP_LUT6D'.
Parameter \INIT = 64'0000000000000000000000001100111100000000000000000000000011001110
Found cached RTLIL representation for module `$paramod$9910715ccc03a7a1b9306d6b05d8dc5d4796acbb\GTP_LUT6D'.
Parameter \INIT = 64'0000000000000000000000001100111100000000000000000000000011001110
Found cached RTLIL representation for module `$paramod$9910715ccc03a7a1b9306d6b05d8dc5d4796acbb\GTP_LUT6D'.
Parameter \INIT = 64'0000000000000000000000001100111100000000000000000000000011001110
Found cached RTLIL representation for module `$paramod$9910715ccc03a7a1b9306d6b05d8dc5d4796acbb\GTP_LUT6D'.
Parameter \INIT = 64'0000000000000000000000001100111100000000000000000000000011001110
Found cached RTLIL representation for module `$paramod$9910715ccc03a7a1b9306d6b05d8dc5d4796acbb\GTP_LUT6D'.
Parameter \INIT = 64'0000000000000000000000001100111100000000000000000000000011001110
Found cached RTLIL representation for module `$paramod$9910715ccc03a7a1b9306d6b05d8dc5d4796acbb\GTP_LUT6D'.
Parameter \INIT = 64'0000000000000000000000001100111100000000000000000000000011001110
Found cached RTLIL representation for module `$paramod$9910715ccc03a7a1b9306d6b05d8dc5d4796acbb\GTP_LUT6D'.
Parameter \INIT = 64'0000000000000000000000001100111100000000000000000000000011001110
Found cached RTLIL representation for module `$paramod$9910715ccc03a7a1b9306d6b05d8dc5d4796acbb\GTP_LUT6D'.
Parameter \INIT = 64'0000000000000000000000001100111100000000000000000000000011001110
Found cached RTLIL representation for module `$paramod$9910715ccc03a7a1b9306d6b05d8dc5d4796acbb\GTP_LUT6D'.
Parameter \INIT = 64'0000000000000000000000001100111100000000000000000000000011001110
Found cached RTLIL representation for module `$paramod$9910715ccc03a7a1b9306d6b05d8dc5d4796acbb\GTP_LUT6D'.
Parameter \INIT = 64'0000000000000000000000001100111100000000000000000000000011001110
Found cached RTLIL representation for module `$paramod$9910715ccc03a7a1b9306d6b05d8dc5d4796acbb\GTP_LUT6D'.
Parameter \INIT = 64'0000000000000000000000001100111100000000000000000000000011001110
Found cached RTLIL representation for module `$paramod$9910715ccc03a7a1b9306d6b05d8dc5d4796acbb\GTP_LUT6D'.
Parameter \INIT = 64'0000000000000000000000001100111100000000000000000000000011001110
Found cached RTLIL representation for module `$paramod$9910715ccc03a7a1b9306d6b05d8dc5d4796acbb\GTP_LUT6D'.
Parameter \INIT = 64'0000000000000000000000001100111100000000000000000000000011001110
Found cached RTLIL representation for module `$paramod$9910715ccc03a7a1b9306d6b05d8dc5d4796acbb\GTP_LUT6D'.
Parameter \INIT = 64'0000000000000000000000001100111100000000000000000000000011001110
Found cached RTLIL representation for module `$paramod$9910715ccc03a7a1b9306d6b05d8dc5d4796acbb\GTP_LUT6D'.
Parameter \INIT = 64'0000000000000000000000001100111100000000000000000000000011001110
Found cached RTLIL representation for module `$paramod$9910715ccc03a7a1b9306d6b05d8dc5d4796acbb\GTP_LUT6D'.
Parameter \INIT = 64'0000000000000000000000001100111100000000000000000000000011001110
Found cached RTLIL representation for module `$paramod$9910715ccc03a7a1b9306d6b05d8dc5d4796acbb\GTP_LUT6D'.
Parameter \INIT = 64'0000000000000000000011000000111100000000000000000000110000001110

3.34. Executing AST frontend in derive mode using pre-parsed AST for module `\GTP_LUT6D'.
Parameter \INIT = 64'0000000000000000000011000000111100000000000000000000110000001110
Generating RTLIL representation for module `$paramod$de7eac06fd5aa52789bdc3ee66b9e604ecc5738f\GTP_LUT6D'.
Parameter \INIT = 64'0000000000000000000000001100111100000000000000000000000011001110
Found cached RTLIL representation for module `$paramod$9910715ccc03a7a1b9306d6b05d8dc5d4796acbb\GTP_LUT6D'.
Parameter \INIT = 64'0000000000000000000000001100111100000000000000000000000011001110
Found cached RTLIL representation for module `$paramod$9910715ccc03a7a1b9306d6b05d8dc5d4796acbb\GTP_LUT6D'.
Parameter \INIT = 64'0000000000000000000000001100111100000000000000000000000011001110
Found cached RTLIL representation for module `$paramod$9910715ccc03a7a1b9306d6b05d8dc5d4796acbb\GTP_LUT6D'.
Parameter \INIT = 64'0000000000000000000000001100111100000000000000000000000011001110
Found cached RTLIL representation for module `$paramod$9910715ccc03a7a1b9306d6b05d8dc5d4796acbb\GTP_LUT6D'.
Parameter \INIT = 64'0000000000000000000000001100111100000000000000000000000011001110
Found cached RTLIL representation for module `$paramod$9910715ccc03a7a1b9306d6b05d8dc5d4796acbb\GTP_LUT6D'.
Parameter \INIT = 64'0000000000000000000000001100111100000000000000000000000011001110
Found cached RTLIL representation for module `$paramod$9910715ccc03a7a1b9306d6b05d8dc5d4796acbb\GTP_LUT6D'.
Parameter \INIT = 64'0000000000000000000000001100111100000000000000000000000011001110
Found cached RTLIL representation for module `$paramod$9910715ccc03a7a1b9306d6b05d8dc5d4796acbb\GTP_LUT6D'.
Parameter \INIT = 64'0000000000000000000000001100111100000000000000000000000011001110
Found cached RTLIL representation for module `$paramod$9910715ccc03a7a1b9306d6b05d8dc5d4796acbb\GTP_LUT6D'.
Parameter \INIT = 64'0000000000000000000000001100111100000000000000000000000011001110
Found cached RTLIL representation for module `$paramod$9910715ccc03a7a1b9306d6b05d8dc5d4796acbb\GTP_LUT6D'.
Parameter \INIT = 64'0000000000000000000000001100111100000000000000000000000011001110
Found cached RTLIL representation for module `$paramod$9910715ccc03a7a1b9306d6b05d8dc5d4796acbb\GTP_LUT6D'.
Parameter \INIT = 64'0000000000000000000000001100111100000000000000000000000011001110
Found cached RTLIL representation for module `$paramod$9910715ccc03a7a1b9306d6b05d8dc5d4796acbb\GTP_LUT6D'.
Parameter \INIT = 64'0000000000000000000000001100111100000000000000000000000011001110
Found cached RTLIL representation for module `$paramod$9910715ccc03a7a1b9306d6b05d8dc5d4796acbb\GTP_LUT6D'.
Parameter \INIT = 64'0000000000000000000000001100111100000000000000000000000011001110
Found cached RTLIL representation for module `$paramod$9910715ccc03a7a1b9306d6b05d8dc5d4796acbb\GTP_LUT6D'.
Parameter \INIT = 64'0000000000000000000000001100111100000000000000000000000011001110
Found cached RTLIL representation for module `$paramod$9910715ccc03a7a1b9306d6b05d8dc5d4796acbb\GTP_LUT6D'.
Parameter \INIT = 64'0000000000000000000000001100111100000000000000000000000011001110
Found cached RTLIL representation for module `$paramod$9910715ccc03a7a1b9306d6b05d8dc5d4796acbb\GTP_LUT6D'.
Parameter \INIT = 64'0000000000000000000000001100111100000000000000000000000011001110
Found cached RTLIL representation for module `$paramod$9910715ccc03a7a1b9306d6b05d8dc5d4796acbb\GTP_LUT6D'.
Parameter \INIT = 64'0000000000000000000000001100111100000000000000000000000011001110
Found cached RTLIL representation for module `$paramod$9910715ccc03a7a1b9306d6b05d8dc5d4796acbb\GTP_LUT6D'.
Parameter \INIT = 64'0000000000000000000000001100111100000000000000000000000011001110
Found cached RTLIL representation for module `$paramod$9910715ccc03a7a1b9306d6b05d8dc5d4796acbb\GTP_LUT6D'.
Parameter \INIT = 64'0000000000000000000000001100111100000000000000000000000011001110
Found cached RTLIL representation for module `$paramod$9910715ccc03a7a1b9306d6b05d8dc5d4796acbb\GTP_LUT6D'.
Parameter \INIT = 64'0000000000000000000000001100111100000000000000000000000011001110
Found cached RTLIL representation for module `$paramod$9910715ccc03a7a1b9306d6b05d8dc5d4796acbb\GTP_LUT6D'.
Parameter \INIT = 64'0000000000000000000000001100111100000000000000000000000011001110
Found cached RTLIL representation for module `$paramod$9910715ccc03a7a1b9306d6b05d8dc5d4796acbb\GTP_LUT6D'.
Parameter \INIT = 64'0000000000000000000000001100111100000000000000000000000011001110
Found cached RTLIL representation for module `$paramod$9910715ccc03a7a1b9306d6b05d8dc5d4796acbb\GTP_LUT6D'.
Parameter \INIT = 64'0000000000000000000000001100111100000000000000000000000011001110
Found cached RTLIL representation for module `$paramod$9910715ccc03a7a1b9306d6b05d8dc5d4796acbb\GTP_LUT6D'.
Parameter \INIT = 64'0000000000000000000000001100111100000000000000000000000011001110
Found cached RTLIL representation for module `$paramod$9910715ccc03a7a1b9306d6b05d8dc5d4796acbb\GTP_LUT6D'.
Parameter \INIT = 64'0000000000000000000000001100111100000000000000000000000011001110
Found cached RTLIL representation for module `$paramod$9910715ccc03a7a1b9306d6b05d8dc5d4796acbb\GTP_LUT6D'.
Parameter \INIT = 64'0000000000000000000000001100111100000000000000000000000011001110
Found cached RTLIL representation for module `$paramod$9910715ccc03a7a1b9306d6b05d8dc5d4796acbb\GTP_LUT6D'.
Parameter \INIT = 64'0000000000000000000000001100111100000000000000000000000011001110
Found cached RTLIL representation for module `$paramod$9910715ccc03a7a1b9306d6b05d8dc5d4796acbb\GTP_LUT6D'.
Parameter \INIT = 64'0000000000000000000000001100111100000000000000000000000011001110
Found cached RTLIL representation for module `$paramod$9910715ccc03a7a1b9306d6b05d8dc5d4796acbb\GTP_LUT6D'.
Parameter \INIT = 64'0000000000000000000000001100111100000000000000000000000011001110
Found cached RTLIL representation for module `$paramod$9910715ccc03a7a1b9306d6b05d8dc5d4796acbb\GTP_LUT6D'.
Parameter \INIT = 64'0000000000000000000000001100111100000000000000000000000011001110
Found cached RTLIL representation for module `$paramod$9910715ccc03a7a1b9306d6b05d8dc5d4796acbb\GTP_LUT6D'.
Parameter \INIT = 64'0000000000000000000000001100111100000000000000000000000011001110
Found cached RTLIL representation for module `$paramod$9910715ccc03a7a1b9306d6b05d8dc5d4796acbb\GTP_LUT6D'.
Parameter \INIT = 64'0000000000000000000000001100111100000000000000000000000011001110
Found cached RTLIL representation for module `$paramod$9910715ccc03a7a1b9306d6b05d8dc5d4796acbb\GTP_LUT6D'.
Parameter \INIT = 64'0000000000000000000000001100111100000000000000000000000011001110
Found cached RTLIL representation for module `$paramod$9910715ccc03a7a1b9306d6b05d8dc5d4796acbb\GTP_LUT6D'.
Parameter \INIT = 64'0000000000000000000000001100111100000000000000000000000011001110
Found cached RTLIL representation for module `$paramod$9910715ccc03a7a1b9306d6b05d8dc5d4796acbb\GTP_LUT6D'.
Parameter \INIT = 64'0000000000000000000000001100111100000000000000000000000011001110
Found cached RTLIL representation for module `$paramod$9910715ccc03a7a1b9306d6b05d8dc5d4796acbb\GTP_LUT6D'.
Parameter \INIT = 32'10110000101100000000000000001011

3.35. Executing AST frontend in derive mode using pre-parsed AST for module `\GTP_LUT5D'.
Parameter \INIT = 32'10110000101100000000000000001011
Generating RTLIL representation for module `$paramod\GTP_LUT5D\INIT=32'10110000101100000000000000001011'.
Parameter \INIT = 32'10110000101100000000000000001011
Found cached RTLIL representation for module `$paramod\GTP_LUT5D\INIT=32'10110000101100000000000000001011'.
Parameter \INIT = 32'10110000101100000000000000001011
Found cached RTLIL representation for module `$paramod\GTP_LUT5D\INIT=32'10110000101100000000000000001011'.
Parameter \INIT = 32'10110000101100000000000000001011
Found cached RTLIL representation for module `$paramod\GTP_LUT5D\INIT=32'10110000101100000000000000001011'.
Parameter \INIT = 64'1100110011111111000000000000000010101111000000001010111100000000

3.36. Executing AST frontend in derive mode using pre-parsed AST for module `\GTP_LUT6D'.
Parameter \INIT = 64'1100110011111111000000000000000010101111000000001010111100000000
Generating RTLIL representation for module `$paramod$710b35098da9c55bdeb9ad0e5c4061ca01880fcc\GTP_LUT6D'.
Parameter \INIT = 32'10110000101100000000000000001011
Found cached RTLIL representation for module `$paramod\GTP_LUT5D\INIT=32'10110000101100000000000000001011'.
Parameter \INIT = 64'1100110011111111000000000000000010101111000000001010111100000000
Found cached RTLIL representation for module `$paramod$710b35098da9c55bdeb9ad0e5c4061ca01880fcc\GTP_LUT6D'.
Parameter \INIT = 32'10110000101100000000000000001011
Found cached RTLIL representation for module `$paramod\GTP_LUT5D\INIT=32'10110000101100000000000000001011'.
Parameter \INIT = 32'10110000101100000000000000001011
Found cached RTLIL representation for module `$paramod\GTP_LUT5D\INIT=32'10110000101100000000000000001011'.
Parameter \INIT = 32'10110000101100000000000000001011
Found cached RTLIL representation for module `$paramod\GTP_LUT5D\INIT=32'10110000101100000000000000001011'.
Parameter \INIT = 64'1100110011111111000000000000000010101111000000001010111100000000
Found cached RTLIL representation for module `$paramod$710b35098da9c55bdeb9ad0e5c4061ca01880fcc\GTP_LUT6D'.
Parameter \INIT = 32'10110000101100000000000000001011
Found cached RTLIL representation for module `$paramod\GTP_LUT5D\INIT=32'10110000101100000000000000001011'.
Parameter \INIT = 64'1100110011111111000000000000000010101111000000001010111100000000
Found cached RTLIL representation for module `$paramod$710b35098da9c55bdeb9ad0e5c4061ca01880fcc\GTP_LUT6D'.
Parameter \INIT = 32'10110000101100000000000000001011
Found cached RTLIL representation for module `$paramod\GTP_LUT5D\INIT=32'10110000101100000000000000001011'.
Parameter \INIT = 64'1100110011111111000000000000000010101111000000001010111100000000
Found cached RTLIL representation for module `$paramod$710b35098da9c55bdeb9ad0e5c4061ca01880fcc\GTP_LUT6D'.
Parameter \INIT = 32'10110000101100000000000000001011
Found cached RTLIL representation for module `$paramod\GTP_LUT5D\INIT=32'10110000101100000000000000001011'.
Parameter \INIT = 64'1100110011111111000000000000000010101111000000001010111100000000
Found cached RTLIL representation for module `$paramod$710b35098da9c55bdeb9ad0e5c4061ca01880fcc\GTP_LUT6D'.
Parameter \INIT = 64'1010101011111111000000000000000000000011000000110000000100000001

3.37. Executing AST frontend in derive mode using pre-parsed AST for module `\GTP_LUT6D'.
Parameter \INIT = 64'1010101011111111000000000000000000000011000000110000000100000001
Generating RTLIL representation for module `$paramod$adb1c8ad88544d74b17bc94f634281790ecbc51b\GTP_LUT6D'.
Parameter \INIT = 32'10110000101100000000000000001011
Found cached RTLIL representation for module `$paramod\GTP_LUT5D\INIT=32'10110000101100000000000000001011'.
Parameter \INIT = 64'1100110011111111000000000000000010101111000000001010111100000000
Found cached RTLIL representation for module `$paramod$710b35098da9c55bdeb9ad0e5c4061ca01880fcc\GTP_LUT6D'.
Parameter \INIT = 32'10110000101100000000000000001011
Found cached RTLIL representation for module `$paramod\GTP_LUT5D\INIT=32'10110000101100000000000000001011'.
Parameter \INIT = 64'1100110011111111000000000000000010101111000000001010111100000000
Found cached RTLIL representation for module `$paramod$710b35098da9c55bdeb9ad0e5c4061ca01880fcc\GTP_LUT6D'.
Parameter \INIT = 32'10110000101100000000000000001011
Found cached RTLIL representation for module `$paramod\GTP_LUT5D\INIT=32'10110000101100000000000000001011'.
Parameter \INIT = 64'1100110011111111000000000000000010101111000000001010111100000000
Found cached RTLIL representation for module `$paramod$710b35098da9c55bdeb9ad0e5c4061ca01880fcc\GTP_LUT6D'.
Parameter \INIT = 32'10110000101100000000000000001011
Found cached RTLIL representation for module `$paramod\GTP_LUT5D\INIT=32'10110000101100000000000000001011'.
Parameter \INIT = 64'1100110011111111000000000000000010101111000000001010111100000000
Found cached RTLIL representation for module `$paramod$710b35098da9c55bdeb9ad0e5c4061ca01880fcc\GTP_LUT6D'.
Parameter \INIT = 32'10110000101100000000000000001011
Found cached RTLIL representation for module `$paramod\GTP_LUT5D\INIT=32'10110000101100000000000000001011'.
Parameter \INIT = 64'1100110011111111000000000000000010101111000000001010111100000000
Found cached RTLIL representation for module `$paramod$710b35098da9c55bdeb9ad0e5c4061ca01880fcc\GTP_LUT6D'.
Parameter \INIT = 32'10110000101100000000000000001011
Found cached RTLIL representation for module `$paramod\GTP_LUT5D\INIT=32'10110000101100000000000000001011'.
Parameter \INIT = 64'1100110011111111000000000000000010101111000000001010111100000000
Found cached RTLIL representation for module `$paramod$710b35098da9c55bdeb9ad0e5c4061ca01880fcc\GTP_LUT6D'.
Parameter \INIT = 32'10110000101100000000000000001011
Found cached RTLIL representation for module `$paramod\GTP_LUT5D\INIT=32'10110000101100000000000000001011'.
Parameter \INIT = 64'1100110011111111000000000000000010101111000000001010111100000000
Found cached RTLIL representation for module `$paramod$710b35098da9c55bdeb9ad0e5c4061ca01880fcc\GTP_LUT6D'.
Parameter \INIT = 32'10110000101100000000000000001011
Found cached RTLIL representation for module `$paramod\GTP_LUT5D\INIT=32'10110000101100000000000000001011'.
Parameter \INIT = 64'1010101011111111000000000000000000000011000000110000000100000001
Found cached RTLIL representation for module `$paramod$adb1c8ad88544d74b17bc94f634281790ecbc51b\GTP_LUT6D'.
Parameter \INIT = 32'10110000101100000000000000001011
Found cached RTLIL representation for module `$paramod\GTP_LUT5D\INIT=32'10110000101100000000000000001011'.
Parameter \INIT = 64'1100110011111111000000000000000010101111000000001010111100000000
Found cached RTLIL representation for module `$paramod$710b35098da9c55bdeb9ad0e5c4061ca01880fcc\GTP_LUT6D'.
Parameter \INIT = 32'10110000101100000000000000001011
Found cached RTLIL representation for module `$paramod\GTP_LUT5D\INIT=32'10110000101100000000000000001011'.
Parameter \INIT = 64'1100110011111111000000000000000010101111000000001010111100000000
Found cached RTLIL representation for module `$paramod$710b35098da9c55bdeb9ad0e5c4061ca01880fcc\GTP_LUT6D'.
Parameter \INIT = 32'10110000101100000000000000001011
Found cached RTLIL representation for module `$paramod\GTP_LUT5D\INIT=32'10110000101100000000000000001011'.
Parameter \INIT = 64'1100110011111111000000000000000010101111000000001010111100000000
Found cached RTLIL representation for module `$paramod$710b35098da9c55bdeb9ad0e5c4061ca01880fcc\GTP_LUT6D'.
Parameter \INIT = 32'10110000101100000000000000001011
Found cached RTLIL representation for module `$paramod\GTP_LUT5D\INIT=32'10110000101100000000000000001011'.
Parameter \INIT = 64'1100110011111111000000000000000010101111000000001010111100000000
Found cached RTLIL representation for module `$paramod$710b35098da9c55bdeb9ad0e5c4061ca01880fcc\GTP_LUT6D'.
Parameter \INIT = 32'10110000101100000000000000001011
Found cached RTLIL representation for module `$paramod\GTP_LUT5D\INIT=32'10110000101100000000000000001011'.
Parameter \INIT = 64'1100110011111111000000000000000010101111000000001010111100000000
Found cached RTLIL representation for module `$paramod$710b35098da9c55bdeb9ad0e5c4061ca01880fcc\GTP_LUT6D'.
Parameter \INIT = 32'10110000101100000000000000001011
Found cached RTLIL representation for module `$paramod\GTP_LUT5D\INIT=32'10110000101100000000000000001011'.
Parameter \INIT = 64'1100110011111111000000000000000010101111000000001010111100000000
Found cached RTLIL representation for module `$paramod$710b35098da9c55bdeb9ad0e5c4061ca01880fcc\GTP_LUT6D'.
Parameter \INIT = 32'10110000101100000000000000001011
Found cached RTLIL representation for module `$paramod\GTP_LUT5D\INIT=32'10110000101100000000000000001011'.
Parameter \INIT = 64'1100110011111111000000000000000010101111000000001010111100000000
Found cached RTLIL representation for module `$paramod$710b35098da9c55bdeb9ad0e5c4061ca01880fcc\GTP_LUT6D'.
Parameter \INIT = 32'10110000101100000000000000001011
Found cached RTLIL representation for module `$paramod\GTP_LUT5D\INIT=32'10110000101100000000000000001011'.
Parameter \INIT = 64'1100110011111111000000000000000010101111000000001010111100000000
Found cached RTLIL representation for module `$paramod$710b35098da9c55bdeb9ad0e5c4061ca01880fcc\GTP_LUT6D'.
Parameter \INIT = 32'10110000101100000000000000001011
Found cached RTLIL representation for module `$paramod\GTP_LUT5D\INIT=32'10110000101100000000000000001011'.
Parameter \INIT = 64'1100110011111111000000000000000010101111000000001010111100000000
Found cached RTLIL representation for module `$paramod$710b35098da9c55bdeb9ad0e5c4061ca01880fcc\GTP_LUT6D'.
Parameter \INIT = 32'10110000101100000000000000001011
Found cached RTLIL representation for module `$paramod\GTP_LUT5D\INIT=32'10110000101100000000000000001011'.
Parameter \INIT = 64'1100110011111111000000000000000010101111000000001010111100000000
Found cached RTLIL representation for module `$paramod$710b35098da9c55bdeb9ad0e5c4061ca01880fcc\GTP_LUT6D'.
Parameter \INIT = 32'10001000110011000000001000000011

3.38. Executing AST frontend in derive mode using pre-parsed AST for module `\GTP_LUT5D'.
Parameter \INIT = 32'10001000110011000000001000000011
Generating RTLIL representation for module `$paramod\GTP_LUT5D\INIT=32'10001000110011000000001000000011'.
Parameter \INIT = 32'10110000101100000000000000001011
Found cached RTLIL representation for module `$paramod\GTP_LUT5D\INIT=32'10110000101100000000000000001011'.
Parameter \INIT = 64'1100110011111111000000000000000010101111000000001010111100000000
Found cached RTLIL representation for module `$paramod$710b35098da9c55bdeb9ad0e5c4061ca01880fcc\GTP_LUT6D'.
Parameter \INIT = 32'10110000101100000000000000001011
Found cached RTLIL representation for module `$paramod\GTP_LUT5D\INIT=32'10110000101100000000000000001011'.
Parameter \INIT = 64'1100110011111111000000000000000010101111000000001010111100000000
Found cached RTLIL representation for module `$paramod$710b35098da9c55bdeb9ad0e5c4061ca01880fcc\GTP_LUT6D'.
Parameter \INIT = 32'10110000101100000000000000001011
Found cached RTLIL representation for module `$paramod\GTP_LUT5D\INIT=32'10110000101100000000000000001011'.
Parameter \INIT = 64'1100110011111111000000000000000010101111000000001010111100000000
Found cached RTLIL representation for module `$paramod$710b35098da9c55bdeb9ad0e5c4061ca01880fcc\GTP_LUT6D'.
Parameter \INIT = 32'10110000101100000000000000001011
Found cached RTLIL representation for module `$paramod\GTP_LUT5D\INIT=32'10110000101100000000000000001011'.
Parameter \INIT = 64'1100110011111111000000000000000010101111000000001010111100000000
Found cached RTLIL representation for module `$paramod$710b35098da9c55bdeb9ad0e5c4061ca01880fcc\GTP_LUT6D'.
Parameter \INIT = 32'10110000101100000000000000001011
Found cached RTLIL representation for module `$paramod\GTP_LUT5D\INIT=32'10110000101100000000000000001011'.
Parameter \INIT = 64'1100110011111111000000000000000010101111000000001010111100000000
Found cached RTLIL representation for module `$paramod$710b35098da9c55bdeb9ad0e5c4061ca01880fcc\GTP_LUT6D'.
Parameter \INIT = 32'10110000101100000000000000001011
Found cached RTLIL representation for module `$paramod\GTP_LUT5D\INIT=32'10110000101100000000000000001011'.
Parameter \INIT = 64'1100110011111111000000000000000010101111000000001010111100000000
Found cached RTLIL representation for module `$paramod$710b35098da9c55bdeb9ad0e5c4061ca01880fcc\GTP_LUT6D'.
Parameter \INIT = 64'1100110011111111000000000000000010101111000000001010111100000000
Found cached RTLIL representation for module `$paramod$710b35098da9c55bdeb9ad0e5c4061ca01880fcc\GTP_LUT6D'.
Parameter \INIT = 32'10110000101100000000000000001011
Found cached RTLIL representation for module `$paramod\GTP_LUT5D\INIT=32'10110000101100000000000000001011'.
Parameter \INIT = 64'1100110011111111000000000000000010101111000000001010111100000000
Found cached RTLIL representation for module `$paramod$710b35098da9c55bdeb9ad0e5c4061ca01880fcc\GTP_LUT6D'.
Parameter \INIT = 32'10110000101100000000000000001011
Found cached RTLIL representation for module `$paramod\GTP_LUT5D\INIT=32'10110000101100000000000000001011'.
Parameter \INIT = 64'1100110011111111000000000000000010101111000000001010111100000000
Found cached RTLIL representation for module `$paramod$710b35098da9c55bdeb9ad0e5c4061ca01880fcc\GTP_LUT6D'.
Parameter \INIT = 32'10110000101100000000000000001011
Found cached RTLIL representation for module `$paramod\GTP_LUT5D\INIT=32'10110000101100000000000000001011'.
Parameter \INIT = 64'1100110011111111000000000000000010101111000000001010111100000000
Found cached RTLIL representation for module `$paramod$710b35098da9c55bdeb9ad0e5c4061ca01880fcc\GTP_LUT6D'.
Parameter \INIT = 32'10110000101100000000000000001011
Found cached RTLIL representation for module `$paramod\GTP_LUT5D\INIT=32'10110000101100000000000000001011'.
Parameter \INIT = 64'1100110011111111000000000000000010101111000000001010111100000000
Found cached RTLIL representation for module `$paramod$710b35098da9c55bdeb9ad0e5c4061ca01880fcc\GTP_LUT6D'.
Parameter \INIT = 32'10110000101100000000000000001011
Found cached RTLIL representation for module `$paramod\GTP_LUT5D\INIT=32'10110000101100000000000000001011'.
Parameter \INIT = 64'1100110011111111000000000000000010101111000000001010111100000000
Found cached RTLIL representation for module `$paramod$710b35098da9c55bdeb9ad0e5c4061ca01880fcc\GTP_LUT6D'.
Parameter \INIT = 32'10110000101100000000000000001011
Found cached RTLIL representation for module `$paramod\GTP_LUT5D\INIT=32'10110000101100000000000000001011'.
Parameter \INIT = 64'1100110011111111000000000000000010101111000000001010111100000000
Found cached RTLIL representation for module `$paramod$710b35098da9c55bdeb9ad0e5c4061ca01880fcc\GTP_LUT6D'.
Parameter \INIT = 32'10110000101100000000000000001011
Found cached RTLIL representation for module `$paramod\GTP_LUT5D\INIT=32'10110000101100000000000000001011'.
Parameter \INIT = 32'10110000101100000000000000001011
Found cached RTLIL representation for module `$paramod\GTP_LUT5D\INIT=32'10110000101100000000000000001011'.
Parameter \INIT = 64'1100110011111111000000000000000010101111000000001010111100000000
Found cached RTLIL representation for module `$paramod$710b35098da9c55bdeb9ad0e5c4061ca01880fcc\GTP_LUT6D'.
Parameter \INIT = 32'10110000101100000000000000001011
Found cached RTLIL representation for module `$paramod\GTP_LUT5D\INIT=32'10110000101100000000000000001011'.
Parameter \INIT = 64'1100110011111111000000000000000010101111000000001010111100000000
Found cached RTLIL representation for module `$paramod$710b35098da9c55bdeb9ad0e5c4061ca01880fcc\GTP_LUT6D'.
Parameter \INIT = 32'10110000101100000000000000001011
Found cached RTLIL representation for module `$paramod\GTP_LUT5D\INIT=32'10110000101100000000000000001011'.
Parameter \INIT = 32'10110000101100000000000000001011
Found cached RTLIL representation for module `$paramod\GTP_LUT5D\INIT=32'10110000101100000000000000001011'.
Parameter \INIT = 50376880

3.39. Executing AST frontend in derive mode using pre-parsed AST for module `\GTP_LUT5D'.
Parameter \INIT = 50376880
Generating RTLIL representation for module `$paramod\GTP_LUT5D\INIT=32'00000011000000001011000010110000'.
Parameter \INIT = 50376880
Found cached RTLIL representation for module `$paramod\GTP_LUT5D\INIT=32'00000011000000001011000010110000'.
Parameter \INIT = 16'0000001110110000

3.40. Executing AST frontend in derive mode using pre-parsed AST for module `\GTP_LUT4D'.
Parameter \INIT = 16'0000001110110000
Generating RTLIL representation for module `$paramod\GTP_LUT4D\INIT=16'0000001110110000'.

3.41. Analyzing design hierarchy..
Top module:  \/Users/yoyowang/Desktop/benchmark/arbiter.aig
Used module:     $paramod\GTP_LUT5\INIT=32'10001010000010101000101010001010
Used module:     $paramod$bf6a843f8e065b2db715682f73d9ceea17637ca1\GTP_LUT6
Used module:     $paramod\GTP_LUT5\INIT=32'10000000100010001010101010101010
Used module:     $paramod\GTP_LUT5\INIT=32'10001010000010101010101000001010
Used module:     $paramod\GTP_LUT5\INIT=32'10001010101010100000101000001010
Used module:     $paramod$16dfd52a39c617677590f5f0bab992973886c5e2\GTP_LUT6
Used module:     $paramod\GTP_LUT5\INIT=32'10001010101010100000000010101010
Used module:     $paramod$c6d737a35aee20f2946726bf21079a9f90b8ea62\GTP_LUT6
Used module:     $paramod\GTP_LUT5\INIT=32'10000000101010101010000010101010
Used module:     $paramod$cdd18be929c34e025592f526ff52cfe29cb5e1c3\GTP_LUT6
Used module:     $paramod\GTP_LUT5\INIT=32'10000000101000001010101010101010
Used module:     $paramod$5434a6b34cacc170b3c523e4bba8307c52788d4e\GTP_LUT6
Used module:     $paramod$b84cf86692de66f26a9ca79913971e232e24da5f\GTP_LUT6
Used module:     $paramod\GTP_LUT4\INIT=16'0000001100000001
Used module:     $paramod\GTP_LUT5\INIT=32'00000000000000000000000011001110
Used module:     $paramod$5016dd73927785c730cd5dcf237328aa6f4c0786\GTP_LUT6
Used module:     $paramod$2682c60770047fb7d1966b9d62e49f5705eabbb4\GTP_LUT6
Used module:     $paramod$f5e4a16bcb491aa9990d6fbe40d9369146b32ca4\GTP_LUT6
Used module:     $paramod$2f91db07ba02deafce3116b1fd09dfbf1a7385f5\GTP_LUT6
Used module:     $paramod$b3fb65c7dc7e008a08cab12bbd05ce5322a27e06\GTP_LUT6
Used module:     $paramod\GTP_LUT4\INIT=16'0000010100000001
Used module:     $paramod\GTP_LUT4\INIT=16'0001000100000001
Used module:     $paramod\GTP_LUT4\INIT=16'0000000000001011
Used module:     $paramod\GTP_LUT5\INIT=32'00000000000010100000000000001110
Used module:     $paramod$6f62e34946e406f1e794d69ba0f06efc9ecbb270\GTP_LUT6
Used module:     $paramod$039e92055ef86e268e8bf7db71f846021a777eda\GTP_LUT6
Used module:     $paramod\GTP_LUT5\INIT=32'00000000000000010000000000000000
Used module:     $paramod\GTP_LUT4\INIT=16'0000000000000001
Used module:     $paramod\GTP_LUT5\INIT=32'00010000000000000000000000000000
Used module:     $paramod$20246d5e7b6bcf137d425da26da5fdd90dad3f52\GTP_LUT6
Used module:     $paramod\GTP_LUT5\INIT=32'10000000000000000000000000000000
Used module:     $paramod$9910715ccc03a7a1b9306d6b05d8dc5d4796acbb\GTP_LUT6D
Used module:     $paramod$de7eac06fd5aa52789bdc3ee66b9e604ecc5738f\GTP_LUT6D
Used module:     $paramod\GTP_LUT5D\INIT=32'10110000101100000000000000001011
Used module:     $paramod$710b35098da9c55bdeb9ad0e5c4061ca01880fcc\GTP_LUT6D
Used module:     $paramod$adb1c8ad88544d74b17bc94f634281790ecbc51b\GTP_LUT6D
Used module:     $paramod\GTP_LUT5D\INIT=32'10001000110011000000001000000011
Used module:     $paramod\GTP_LUT5D\INIT=32'00000011000000001011000010110000
Used module:     $paramod\GTP_LUT4D\INIT=16'0000001110110000

3.42. Analyzing design hierarchy..
Top module:  \/Users/yoyowang/Desktop/benchmark/arbiter.aig
Used module:     $paramod\GTP_LUT5\INIT=32'10001010000010101000101010001010
Used module:     $paramod$bf6a843f8e065b2db715682f73d9ceea17637ca1\GTP_LUT6
Used module:     $paramod\GTP_LUT5\INIT=32'10000000100010001010101010101010
Used module:     $paramod\GTP_LUT5\INIT=32'10001010000010101010101000001010
Used module:     $paramod\GTP_LUT5\INIT=32'10001010101010100000101000001010
Used module:     $paramod$16dfd52a39c617677590f5f0bab992973886c5e2\GTP_LUT6
Used module:     $paramod\GTP_LUT5\INIT=32'10001010101010100000000010101010
Used module:     $paramod$c6d737a35aee20f2946726bf21079a9f90b8ea62\GTP_LUT6
Used module:     $paramod\GTP_LUT5\INIT=32'10000000101010101010000010101010
Used module:     $paramod$cdd18be929c34e025592f526ff52cfe29cb5e1c3\GTP_LUT6
Used module:     $paramod\GTP_LUT5\INIT=32'10000000101000001010101010101010
Used module:     $paramod$5434a6b34cacc170b3c523e4bba8307c52788d4e\GTP_LUT6
Used module:     $paramod$b84cf86692de66f26a9ca79913971e232e24da5f\GTP_LUT6
Used module:     $paramod\GTP_LUT4\INIT=16'0000001100000001
Used module:     $paramod\GTP_LUT5\INIT=32'00000000000000000000000011001110
Used module:     $paramod$5016dd73927785c730cd5dcf237328aa6f4c0786\GTP_LUT6
Used module:     $paramod$2682c60770047fb7d1966b9d62e49f5705eabbb4\GTP_LUT6
Used module:     $paramod$f5e4a16bcb491aa9990d6fbe40d9369146b32ca4\GTP_LUT6
Used module:     $paramod$2f91db07ba02deafce3116b1fd09dfbf1a7385f5\GTP_LUT6
Used module:     $paramod$b3fb65c7dc7e008a08cab12bbd05ce5322a27e06\GTP_LUT6
Used module:     $paramod\GTP_LUT4\INIT=16'0000010100000001
Used module:     $paramod\GTP_LUT4\INIT=16'0001000100000001
Used module:     $paramod\GTP_LUT4\INIT=16'0000000000001011
Used module:     $paramod\GTP_LUT5\INIT=32'00000000000010100000000000001110
Used module:     $paramod$6f62e34946e406f1e794d69ba0f06efc9ecbb270\GTP_LUT6
Used module:     $paramod$039e92055ef86e268e8bf7db71f846021a777eda\GTP_LUT6
Used module:     $paramod\GTP_LUT5\INIT=32'00000000000000010000000000000000
Used module:     $paramod\GTP_LUT4\INIT=16'0000000000000001
Used module:     $paramod\GTP_LUT5\INIT=32'00010000000000000000000000000000
Used module:     $paramod$20246d5e7b6bcf137d425da26da5fdd90dad3f52\GTP_LUT6
Used module:     $paramod\GTP_LUT5\INIT=32'10000000000000000000000000000000
Used module:     $paramod$9910715ccc03a7a1b9306d6b05d8dc5d4796acbb\GTP_LUT6D
Used module:     $paramod$de7eac06fd5aa52789bdc3ee66b9e604ecc5738f\GTP_LUT6D
Used module:     $paramod\GTP_LUT5D\INIT=32'10110000101100000000000000001011
Used module:     $paramod$710b35098da9c55bdeb9ad0e5c4061ca01880fcc\GTP_LUT6D
Used module:     $paramod$adb1c8ad88544d74b17bc94f634281790ecbc51b\GTP_LUT6D
Used module:     $paramod\GTP_LUT5D\INIT=32'10001000110011000000001000000011
Used module:     $paramod\GTP_LUT5D\INIT=32'00000011000000001011000010110000
Used module:     $paramod\GTP_LUT4D\INIT=16'0000001110110000
Removing unused module `\GTP_LUT4D'.
Removing unused module `\GTP_LUT5D'.
Removing unused module `\GTP_LUT6D'.
Removing unused module `\GTP_LUT6'.
Removing unused module `\GTP_LUT5'.
Removing unused module `\GTP_LUT4'.
Removing unused module `\GTP_LUT3'.
Removing unused module `\GTP_LUT2'.
Removing unused module `\GTP_LUT1'.
Removed 9 unused modules.

4. Executing FLATTEN pass (flatten design).
Deleting now unused module $paramod$20246d5e7b6bcf137d425da26da5fdd90dad3f52\GTP_LUT6.
Deleting now unused module $paramod\GTP_LUT5\INIT=32'00010000000000000000000000000000.
Deleting now unused module $paramod\GTP_LUT4\INIT=16'0000000000000001.
Deleting now unused module $paramod\GTP_LUT5\INIT=32'00000000000000010000000000000000.
Deleting now unused module $paramod$039e92055ef86e268e8bf7db71f846021a777eda\GTP_LUT6.
Deleting now unused module $paramod$6f62e34946e406f1e794d69ba0f06efc9ecbb270\GTP_LUT6.
Deleting now unused module $paramod\GTP_LUT5\INIT=32'00000000000010100000000000001110.
Deleting now unused module $paramod\GTP_LUT4\INIT=16'0000000000001011.
Deleting now unused module $paramod\GTP_LUT4\INIT=16'0001000100000001.
Deleting now unused module $paramod\GTP_LUT4\INIT=16'0000010100000001.
Deleting now unused module $paramod$b3fb65c7dc7e008a08cab12bbd05ce5322a27e06\GTP_LUT6.
Deleting now unused module $paramod$2f91db07ba02deafce3116b1fd09dfbf1a7385f5\GTP_LUT6.
Deleting now unused module $paramod$f5e4a16bcb491aa9990d6fbe40d9369146b32ca4\GTP_LUT6.
Deleting now unused module $paramod$2682c60770047fb7d1966b9d62e49f5705eabbb4\GTP_LUT6.
Deleting now unused module $paramod$5016dd73927785c730cd5dcf237328aa6f4c0786\GTP_LUT6.
Deleting now unused module $paramod\GTP_LUT5\INIT=32'00000000000000000000000011001110.
Deleting now unused module $paramod\GTP_LUT4\INIT=16'0000001100000001.
Deleting now unused module $paramod$b84cf86692de66f26a9ca79913971e232e24da5f\GTP_LUT6.
Deleting now unused module $paramod$5434a6b34cacc170b3c523e4bba8307c52788d4e\GTP_LUT6.
Deleting now unused module $paramod\GTP_LUT5\INIT=32'10000000101000001010101010101010.
Deleting now unused module $paramod$cdd18be929c34e025592f526ff52cfe29cb5e1c3\GTP_LUT6.
Deleting now unused module $paramod\GTP_LUT5\INIT=32'10000000101010101010000010101010.
Deleting now unused module $paramod$c6d737a35aee20f2946726bf21079a9f90b8ea62\GTP_LUT6.
Deleting now unused module $paramod\GTP_LUT5\INIT=32'10001010101010100000000010101010.
Deleting now unused module $paramod$16dfd52a39c617677590f5f0bab992973886c5e2\GTP_LUT6.
Deleting now unused module $paramod\GTP_LUT5\INIT=32'10001010101010100000101000001010.
Deleting now unused module $paramod\GTP_LUT5\INIT=32'10001010000010101010101000001010.
Deleting now unused module $paramod\GTP_LUT5\INIT=32'10000000100010001010101010101010.
Deleting now unused module $paramod$bf6a843f8e065b2db715682f73d9ceea17637ca1\GTP_LUT6.
Deleting now unused module $paramod\GTP_LUT5\INIT=32'10001010000010101000101010001010.
Deleting now unused module $paramod\GTP_LUT4D\INIT=16'0000001110110000.
Deleting now unused module $paramod\GTP_LUT5D\INIT=32'00000011000000001011000010110000.
Deleting now unused module $paramod\GTP_LUT5D\INIT=32'10001000110011000000001000000011.
Deleting now unused module $paramod$adb1c8ad88544d74b17bc94f634281790ecbc51b\GTP_LUT6D.
Deleting now unused module $paramod$710b35098da9c55bdeb9ad0e5c4061ca01880fcc\GTP_LUT6D.
Deleting now unused module $paramod\GTP_LUT5D\INIT=32'10110000101100000000000000001011.
Deleting now unused module $paramod$de7eac06fd5aa52789bdc3ee66b9e604ecc5738f\GTP_LUT6D.
Deleting now unused module $paramod$9910715ccc03a7a1b9306d6b05d8dc5d4796acbb\GTP_LUT6D.
Deleting now unused module $paramod\GTP_LUT5\INIT=32'10000000000000000000000000000000.
<suppressed ~2550 debug messages>

5. Executing TECHMAP pass (map to technology primitives).

5.1. Executing Verilog-2005 frontend: /Users/yoyowang/Desktop/yosysDualOutputLUT/share/techmap.v
Parsing Verilog input from `/Users/yoyowang/Desktop/yosysDualOutputLUT/share/techmap.v' to AST representation.
verilog frontend filename /Users/yoyowang/Desktop/yosysDualOutputLUT/share/techmap.v
Generating RTLIL representation for module `\_90_simplemap_bool_ops'.
Generating RTLIL representation for module `\_90_simplemap_reduce_ops'.
Generating RTLIL representation for module `\_90_simplemap_logic_ops'.
Generating RTLIL representation for module `\_90_simplemap_compare_ops'.
Generating RTLIL representation for module `\_90_simplemap_various'.
Generating RTLIL representation for module `\_90_simplemap_registers'.
Generating RTLIL representation for module `\_90_shift_ops_shr_shl_sshl_sshr'.
Generating RTLIL representation for module `\_90_shift_shiftx'.
Generating RTLIL representation for module `\_90_fa'.
Generating RTLIL representation for module `\_90_lcu_brent_kung'.
Generating RTLIL representation for module `\_90_alu'.
Generating RTLIL representation for module `\_90_macc'.
Generating RTLIL representation for module `\_90_alumacc'.
Generating RTLIL representation for module `\$__div_mod_u'.
Generating RTLIL representation for module `\$__div_mod_trunc'.
Generating RTLIL representation for module `\_90_div'.
Generating RTLIL representation for module `\_90_mod'.
Generating RTLIL representation for module `\$__div_mod_floor'.
Generating RTLIL representation for module `\_90_divfloor'.
Generating RTLIL representation for module `\_90_modfloor'.
Generating RTLIL representation for module `\_90_pow'.
Generating RTLIL representation for module `\_90_pmux'.
Generating RTLIL representation for module `\_90_demux'.
Generating RTLIL representation for module `\_90_lut'.
Generating RTLIL representation for module `\$connect'.
Generating RTLIL representation for module `\$input_port'.
Successfully finished Verilog frontend.

5.2. Continuing TECHMAP pass.
Using extmapper simplemap for cells of type $mux.
Using extmapper simplemap for cells of type $lut.
No more expansions possible.
<suppressed ~4225 debug messages>

6. Executing OPT pass (performing simple optimizations).

6.1. Executing OPT_EXPR pass (perform const folding).
Optimizing module /Users/yoyowang/Desktop/benchmark/arbiter.aig.
<suppressed ~123616 debug messages>

6.2. Executing OPT_MERGE pass (detect identical cells).
Finding identical cells in module `\/Users/yoyowang/Desktop/benchmark/arbiter.aig'.
<suppressed ~35763 debug messages>
Removed a total of 11921 cells.

6.3. Executing OPT_MUXTREE pass (detect dead branches in mux trees).
Running muxtree optimizer on module \/Users/yoyowang/Desktop/benchmark/arbiter.aig..
  Creating internal representation of mux trees.
  No muxes found in this module.
Removed 0 multiplexer ports.

6.4. Executing OPT_REDUCE pass (consolidate $*mux and $reduce_* inputs).
  Optimizing cells in module \/Users/yoyowang/Desktop/benchmark/arbiter.aig.
Performed a total of 0 changes.

6.5. Executing OPT_MERGE pass (detect identical cells).
Finding identical cells in module `\/Users/yoyowang/Desktop/benchmark/arbiter.aig'.
Removed a total of 0 cells.

6.6. Executing OPT_DFF pass (perform DFF optimizations).

6.7. Executing OPT_CLEAN pass (remove unused cells and wires).
Finding unused cells or wires in module \/Users/yoyowang/Desktop/benchmark/arbiter.aig..
Removed 0 unused cells and 5036 unused wires.
<suppressed ~1 debug messages>

6.8. Executing OPT_EXPR pass (perform const folding).
Optimizing module /Users/yoyowang/Desktop/benchmark/arbiter.aig.
<suppressed ~513 debug messages>

6.9. Rerunning OPT passes. (Maybe there is more to do..)

6.10. Executing OPT_MUXTREE pass (detect dead branches in mux trees).
Running muxtree optimizer on module \/Users/yoyowang/Desktop/benchmark/arbiter.aig..
  Creating internal representation of mux trees.
  No muxes found in this module.
Removed 0 multiplexer ports.

6.11. Executing OPT_REDUCE pass (consolidate $*mux and $reduce_* inputs).
  Optimizing cells in module \/Users/yoyowang/Desktop/benchmark/arbiter.aig.
Performed a total of 0 changes.

6.12. Executing OPT_MERGE pass (detect identical cells).
Finding identical cells in module `\/Users/yoyowang/Desktop/benchmark/arbiter.aig'.
Removed a total of 0 cells.

6.13. Executing OPT_DFF pass (perform DFF optimizations).

6.14. Executing OPT_CLEAN pass (remove unused cells and wires).
Finding unused cells or wires in module \/Users/yoyowang/Desktop/benchmark/arbiter.aig..
Removed 0 unused cells and 46 unused wires.
<suppressed ~1 debug messages>

6.15. Executing OPT_EXPR pass (perform const folding).
Optimizing module /Users/yoyowang/Desktop/benchmark/arbiter.aig.

6.16. Rerunning OPT passes. (Maybe there is more to do..)

6.17. Executing OPT_MUXTREE pass (detect dead branches in mux trees).
Running muxtree optimizer on module \/Users/yoyowang/Desktop/benchmark/arbiter.aig..
  Creating internal representation of mux trees.
  No muxes found in this module.
Removed 0 multiplexer ports.

6.18. Executing OPT_REDUCE pass (consolidate $*mux and $reduce_* inputs).
  Optimizing cells in module \/Users/yoyowang/Desktop/benchmark/arbiter.aig.
Performed a total of 0 changes.

6.19. Executing OPT_MERGE pass (detect identical cells).
Finding identical cells in module `\/Users/yoyowang/Desktop/benchmark/arbiter.aig'.
Removed a total of 0 cells.

6.20. Executing OPT_DFF pass (perform DFF optimizations).

6.21. Executing OPT_CLEAN pass (remove unused cells and wires).
Finding unused cells or wires in module \/Users/yoyowang/Desktop/benchmark/arbiter.aig..

6.22. Executing OPT_EXPR pass (perform const folding).
Optimizing module /Users/yoyowang/Desktop/benchmark/arbiter.aig.

6.23. Finished fast OPT passes. (There is nothing left to do.)

7. Executing AIGMAP pass (map logic to AIG).
Module /Users/yoyowang/Desktop/benchmark/arbiter.aig: replaced 12752 cells with 89264 new cells, skipped 4908 cells.
  replaced 1 cell types:
   12752 $_MUX_
  not replaced 2 cell types:
    2358 $_NOT_
    2550 $scopeinfo

8. Executing AIGER backend.
Warning: Treating undriven bit /Users/yoyowang/Desktop/benchmark/arbiter.aig.\priority[0] like $anyseq.
Warning: Treating undriven bit /Users/yoyowang/Desktop/benchmark/arbiter.aig.\priority[1] like $anyseq.
Warning: Treating undriven bit /Users/yoyowang/Desktop/benchmark/arbiter.aig.\priority[2] like $anyseq.
Warning: Treating undriven bit /Users/yoyowang/Desktop/benchmark/arbiter.aig.\priority[3] like $anyseq.
Warning: Treating undriven bit /Users/yoyowang/Desktop/benchmark/arbiter.aig.\priority[4] like $anyseq.
Warning: Treating undriven bit /Users/yoyowang/Desktop/benchmark/arbiter.aig.\priority[5] like $anyseq.
Warning: Treating undriven bit /Users/yoyowang/Desktop/benchmark/arbiter.aig.\priority[6] like $anyseq.
Warning: Treating undriven bit /Users/yoyowang/Desktop/benchmark/arbiter.aig.\priority[7] like $anyseq.
Warning: Treating undriven bit /Users/yoyowang/Desktop/benchmark/arbiter.aig.\priority[8] like $anyseq.
Warning: Treating undriven bit /Users/yoyowang/Desktop/benchmark/arbiter.aig.\priority[9] like $anyseq.
Warning: Treating undriven bit /Users/yoyowang/Desktop/benchmark/arbiter.aig.\priority[10] like $anyseq.
Warning: Treating undriven bit /Users/yoyowang/Desktop/benchmark/arbiter.aig.\priority[11] like $anyseq.
Warning: Treating undriven bit /Users/yoyowang/Desktop/benchmark/arbiter.aig.\priority[12] like $anyseq.
Warning: Treating undriven bit /Users/yoyowang/Desktop/benchmark/arbiter.aig.\priority[13] like $anyseq.
Warning: Treating undriven bit /Users/yoyowang/Desktop/benchmark/arbiter.aig.\priority[14] like $anyseq.
Warning: Treating undriven bit /Users/yoyowang/Desktop/benchmark/arbiter.aig.\priority[15] like $anyseq.
Warning: Treating undriven bit /Users/yoyowang/Desktop/benchmark/arbiter.aig.\priority[16] like $anyseq.
Warning: Treating undriven bit /Users/yoyowang/Desktop/benchmark/arbiter.aig.\priority[17] like $anyseq.
Warning: Treating undriven bit /Users/yoyowang/Desktop/benchmark/arbiter.aig.\priority[18] like $anyseq.
Warning: Treating undriven bit /Users/yoyowang/Desktop/benchmark/arbiter.aig.\priority[19] like $anyseq.
Warning: Treating undriven bit /Users/yoyowang/Desktop/benchmark/arbiter.aig.\priority[20] like $anyseq.
Warning: Treating undriven bit /Users/yoyowang/Desktop/benchmark/arbiter.aig.\priority[21] like $anyseq.
Warning: Treating undriven bit /Users/yoyowang/Desktop/benchmark/arbiter.aig.\priority[22] like $anyseq.
Warning: Treating undriven bit /Users/yoyowang/Desktop/benchmark/arbiter.aig.\priority[23] like $anyseq.
Warning: Treating undriven bit /Users/yoyowang/Desktop/benchmark/arbiter.aig.\priority[24] like $anyseq.
Warning: Treating undriven bit /Users/yoyowang/Desktop/benchmark/arbiter.aig.\priority[25] like $anyseq.
Warning: Treating undriven bit /Users/yoyowang/Desktop/benchmark/arbiter.aig.\priority[26] like $anyseq.
Warning: Treating undriven bit /Users/yoyowang/Desktop/benchmark/arbiter.aig.\priority[27] like $anyseq.
Warning: Treating undriven bit /Users/yoyowang/Desktop/benchmark/arbiter.aig.\priority[28] like $anyseq.
Warning: Treating undriven bit /Users/yoyowang/Desktop/benchmark/arbiter.aig.\priority[29] like $anyseq.
Warning: Treating undriven bit /Users/yoyowang/Desktop/benchmark/arbiter.aig.\priority[30] like $anyseq.
Warning: Treating undriven bit /Users/yoyowang/Desktop/benchmark/arbiter.aig.\priority[31] like $anyseq.
Warning: Treating undriven bit /Users/yoyowang/Desktop/benchmark/arbiter.aig.\priority[32] like $anyseq.
Warning: Treating undriven bit /Users/yoyowang/Desktop/benchmark/arbiter.aig.\priority[33] like $anyseq.
Warning: Treating undriven bit /Users/yoyowang/Desktop/benchmark/arbiter.aig.\priority[34] like $anyseq.
Warning: Treating undriven bit /Users/yoyowang/Desktop/benchmark/arbiter.aig.\priority[35] like $anyseq.
Warning: Treating undriven bit /Users/yoyowang/Desktop/benchmark/arbiter.aig.\priority[36] like $anyseq.
Warning: Treating undriven bit /Users/yoyowang/Desktop/benchmark/arbiter.aig.\priority[37] like $anyseq.
Warning: Treating undriven bit /Users/yoyowang/Desktop/benchmark/arbiter.aig.\priority[38] like $anyseq.
Warning: Treating undriven bit /Users/yoyowang/Desktop/benchmark/arbiter.aig.\priority[39] like $anyseq.
Warning: Treating undriven bit /Users/yoyowang/Desktop/benchmark/arbiter.aig.\priority[40] like $anyseq.
Warning: Treating undriven bit /Users/yoyowang/Desktop/benchmark/arbiter.aig.\priority[41] like $anyseq.
Warning: Treating undriven bit /Users/yoyowang/Desktop/benchmark/arbiter.aig.\priority[42] like $anyseq.
Warning: Treating undriven bit /Users/yoyowang/Desktop/benchmark/arbiter.aig.\priority[43] like $anyseq.
Warning: Treating undriven bit /Users/yoyowang/Desktop/benchmark/arbiter.aig.\priority[44] like $anyseq.
Warning: Treating undriven bit /Users/yoyowang/Desktop/benchmark/arbiter.aig.\priority[45] like $anyseq.
Warning: Treating undriven bit /Users/yoyowang/Desktop/benchmark/arbiter.aig.\priority[46] like $anyseq.
Warning: Treating undriven bit /Users/yoyowang/Desktop/benchmark/arbiter.aig.\priority[47] like $anyseq.
Warning: Treating undriven bit /Users/yoyowang/Desktop/benchmark/arbiter.aig.\priority[48] like $anyseq.
Warning: Treating undriven bit /Users/yoyowang/Desktop/benchmark/arbiter.aig.\priority[49] like $anyseq.
Warning: Treating undriven bit /Users/yoyowang/Desktop/benchmark/arbiter.aig.\priority[50] like $anyseq.
Warning: Treating undriven bit /Users/yoyowang/Desktop/benchmark/arbiter.aig.\priority[51] like $anyseq.
Warning: Treating undriven bit /Users/yoyowang/Desktop/benchmark/arbiter.aig.\priority[52] like $anyseq.
Warning: Treating undriven bit /Users/yoyowang/Desktop/benchmark/arbiter.aig.\priority[53] like $anyseq.
Warning: Treating undriven bit /Users/yoyowang/Desktop/benchmark/arbiter.aig.\priority[54] like $anyseq.
Warning: Treating undriven bit /Users/yoyowang/Desktop/benchmark/arbiter.aig.\priority[55] like $anyseq.
Warning: Treating undriven bit /Users/yoyowang/Desktop/benchmark/arbiter.aig.\priority[56] like $anyseq.
Warning: Treating undriven bit /Users/yoyowang/Desktop/benchmark/arbiter.aig.\priority[57] like $anyseq.
Warning: Treating undriven bit /Users/yoyowang/Desktop/benchmark/arbiter.aig.\priority[58] like $anyseq.
Warning: Treating undriven bit /Users/yoyowang/Desktop/benchmark/arbiter.aig.\priority[59] like $anyseq.
Warning: Treating undriven bit /Users/yoyowang/Desktop/benchmark/arbiter.aig.\priority[60] like $anyseq.
Warning: Treating undriven bit /Users/yoyowang/Desktop/benchmark/arbiter.aig.\priority[61] like $anyseq.
Warning: Treating undriven bit /Users/yoyowang/Desktop/benchmark/arbiter.aig.\priority[62] like $anyseq.
Warning: Treating undriven bit /Users/yoyowang/Desktop/benchmark/arbiter.aig.\priority[63] like $anyseq.
Warning: Treating undriven bit /Users/yoyowang/Desktop/benchmark/arbiter.aig.\priority[64] like $anyseq.
Warning: Treating undriven bit /Users/yoyowang/Desktop/benchmark/arbiter.aig.\priority[65] like $anyseq.
Warning: Treating undriven bit /Users/yoyowang/Desktop/benchmark/arbiter.aig.\priority[66] like $anyseq.
Warning: Treating undriven bit /Users/yoyowang/Desktop/benchmark/arbiter.aig.\priority[67] like $anyseq.
Warning: Treating undriven bit /Users/yoyowang/Desktop/benchmark/arbiter.aig.\priority[68] like $anyseq.
Warning: Treating undriven bit /Users/yoyowang/Desktop/benchmark/arbiter.aig.\priority[69] like $anyseq.
Warning: Treating undriven bit /Users/yoyowang/Desktop/benchmark/arbiter.aig.\priority[70] like $anyseq.
Warning: Treating undriven bit /Users/yoyowang/Desktop/benchmark/arbiter.aig.\priority[71] like $anyseq.
Warning: Treating undriven bit /Users/yoyowang/Desktop/benchmark/arbiter.aig.\priority[72] like $anyseq.
Warning: Treating undriven bit /Users/yoyowang/Desktop/benchmark/arbiter.aig.\priority[73] like $anyseq.
Warning: Treating undriven bit /Users/yoyowang/Desktop/benchmark/arbiter.aig.\priority[74] like $anyseq.
Warning: Treating undriven bit /Users/yoyowang/Desktop/benchmark/arbiter.aig.\priority[75] like $anyseq.
Warning: Treating undriven bit /Users/yoyowang/Desktop/benchmark/arbiter.aig.\priority[76] like $anyseq.
Warning: Treating undriven bit /Users/yoyowang/Desktop/benchmark/arbiter.aig.\priority[77] like $anyseq.
Warning: Treating undriven bit /Users/yoyowang/Desktop/benchmark/arbiter.aig.\priority[78] like $anyseq.
Warning: Treating undriven bit /Users/yoyowang/Desktop/benchmark/arbiter.aig.\priority[79] like $anyseq.
Warning: Treating undriven bit /Users/yoyowang/Desktop/benchmark/arbiter.aig.\priority[80] like $anyseq.
Warning: Treating undriven bit /Users/yoyowang/Desktop/benchmark/arbiter.aig.\priority[81] like $anyseq.
Warning: Treating undriven bit /Users/yoyowang/Desktop/benchmark/arbiter.aig.\priority[82] like $anyseq.
Warning: Treating undriven bit /Users/yoyowang/Desktop/benchmark/arbiter.aig.\priority[83] like $anyseq.
Warning: Treating undriven bit /Users/yoyowang/Desktop/benchmark/arbiter.aig.\priority[84] like $anyseq.
Warning: Treating undriven bit /Users/yoyowang/Desktop/benchmark/arbiter.aig.\priority[85] like $anyseq.
Warning: Treating undriven bit /Users/yoyowang/Desktop/benchmark/arbiter.aig.\priority[86] like $anyseq.
Warning: Treating undriven bit /Users/yoyowang/Desktop/benchmark/arbiter.aig.\priority[87] like $anyseq.
Warning: Treating undriven bit /Users/yoyowang/Desktop/benchmark/arbiter.aig.\priority[88] like $anyseq.
Warning: Treating undriven bit /Users/yoyowang/Desktop/benchmark/arbiter.aig.\priority[89] like $anyseq.
Warning: Treating undriven bit /Users/yoyowang/Desktop/benchmark/arbiter.aig.\priority[90] like $anyseq.
Warning: Treating undriven bit /Users/yoyowang/Desktop/benchmark/arbiter.aig.\priority[91] like $anyseq.
Warning: Treating undriven bit /Users/yoyowang/Desktop/benchmark/arbiter.aig.\priority[92] like $anyseq.
Warning: Treating undriven bit /Users/yoyowang/Desktop/benchmark/arbiter.aig.\priority[93] like $anyseq.
Warning: Treating undriven bit /Users/yoyowang/Desktop/benchmark/arbiter.aig.\priority[94] like $anyseq.
Warning: Treating undriven bit /Users/yoyowang/Desktop/benchmark/arbiter.aig.\priority[95] like $anyseq.
Warning: Treating undriven bit /Users/yoyowang/Desktop/benchmark/arbiter.aig.\priority[96] like $anyseq.
Warning: Treating undriven bit /Users/yoyowang/Desktop/benchmark/arbiter.aig.\priority[97] like $anyseq.
Warning: Treating undriven bit /Users/yoyowang/Desktop/benchmark/arbiter.aig.\priority[98] like $anyseq.
Warning: Treating undriven bit /Users/yoyowang/Desktop/benchmark/arbiter.aig.\priority[99] like $anyseq.
Warning: Treating undriven bit /Users/yoyowang/Desktop/benchmark/arbiter.aig.\priority[100] like $anyseq.
Warning: Treating undriven bit /Users/yoyowang/Desktop/benchmark/arbiter.aig.\priority[101] like $anyseq.
Warning: Treating undriven bit /Users/yoyowang/Desktop/benchmark/arbiter.aig.\priority[102] like $anyseq.
Warning: Treating undriven bit /Users/yoyowang/Desktop/benchmark/arbiter.aig.\priority[103] like $anyseq.
Warning: Treating undriven bit /Users/yoyowang/Desktop/benchmark/arbiter.aig.\priority[104] like $anyseq.
Warning: Treating undriven bit /Users/yoyowang/Desktop/benchmark/arbiter.aig.\priority[105] like $anyseq.
Warning: Treating undriven bit /Users/yoyowang/Desktop/benchmark/arbiter.aig.\priority[106] like $anyseq.
Warning: Treating undriven bit /Users/yoyowang/Desktop/benchmark/arbiter.aig.\priority[107] like $anyseq.
Warning: Treating undriven bit /Users/yoyowang/Desktop/benchmark/arbiter.aig.\priority[108] like $anyseq.
Warning: Treating undriven bit /Users/yoyowang/Desktop/benchmark/arbiter.aig.\priority[109] like $anyseq.
Warning: Treating undriven bit /Users/yoyowang/Desktop/benchmark/arbiter.aig.\priority[110] like $anyseq.
Warning: Treating undriven bit /Users/yoyowang/Desktop/benchmark/arbiter.aig.\priority[111] like $anyseq.
Warning: Treating undriven bit /Users/yoyowang/Desktop/benchmark/arbiter.aig.\priority[112] like $anyseq.
Warning: Treating undriven bit /Users/yoyowang/Desktop/benchmark/arbiter.aig.\priority[113] like $anyseq.
Warning: Treating undriven bit /Users/yoyowang/Desktop/benchmark/arbiter.aig.\priority[114] like $anyseq.
Warning: Treating undriven bit /Users/yoyowang/Desktop/benchmark/arbiter.aig.\priority[115] like $anyseq.
Warning: Treating undriven bit /Users/yoyowang/Desktop/benchmark/arbiter.aig.\priority[116] like $anyseq.
Warning: Treating undriven bit /Users/yoyowang/Desktop/benchmark/arbiter.aig.\priority[117] like $anyseq.
Warning: Treating undriven bit /Users/yoyowang/Desktop/benchmark/arbiter.aig.\priority[118] like $anyseq.
Warning: Treating undriven bit /Users/yoyowang/Desktop/benchmark/arbiter.aig.\priority[119] like $anyseq.
Warning: Treating undriven bit /Users/yoyowang/Desktop/benchmark/arbiter.aig.\priority[120] like $anyseq.
Warning: Treating undriven bit /Users/yoyowang/Desktop/benchmark/arbiter.aig.\priority[121] like $anyseq.
Warning: Treating undriven bit /Users/yoyowang/Desktop/benchmark/arbiter.aig.\priority[122] like $anyseq.
Warning: Treating undriven bit /Users/yoyowang/Desktop/benchmark/arbiter.aig.\priority[123] like $anyseq.
Warning: Treating undriven bit /Users/yoyowang/Desktop/benchmark/arbiter.aig.\priority[124] like $anyseq.
Warning: Treating undriven bit /Users/yoyowang/Desktop/benchmark/arbiter.aig.\priority[125] like $anyseq.
Warning: Treating undriven bit /Users/yoyowang/Desktop/benchmark/arbiter.aig.\priority[126] like $anyseq.
Warning: Treating undriven bit /Users/yoyowang/Desktop/benchmark/arbiter.aig.\priority[127] like $anyseq.
Warning: Treating undriven bit /Users/yoyowang/Desktop/benchmark/arbiter.aig.\req[0] like $anyseq.
Warning: Treating undriven bit /Users/yoyowang/Desktop/benchmark/arbiter.aig.\req[1] like $anyseq.
Warning: Treating undriven bit /Users/yoyowang/Desktop/benchmark/arbiter.aig.\req[2] like $anyseq.
Warning: Treating undriven bit /Users/yoyowang/Desktop/benchmark/arbiter.aig.\req[3] like $anyseq.
Warning: Treating undriven bit /Users/yoyowang/Desktop/benchmark/arbiter.aig.\req[4] like $anyseq.
Warning: Treating undriven bit /Users/yoyowang/Desktop/benchmark/arbiter.aig.\req[5] like $anyseq.
Warning: Treating undriven bit /Users/yoyowang/Desktop/benchmark/arbiter.aig.\req[6] like $anyseq.
Warning: Treating undriven bit /Users/yoyowang/Desktop/benchmark/arbiter.aig.\req[7] like $anyseq.
Warning: Treating undriven bit /Users/yoyowang/Desktop/benchmark/arbiter.aig.\req[8] like $anyseq.
Warning: Treating undriven bit /Users/yoyowang/Desktop/benchmark/arbiter.aig.\req[9] like $anyseq.
Warning: Treating undriven bit /Users/yoyowang/Desktop/benchmark/arbiter.aig.\req[10] like $anyseq.
Warning: Treating undriven bit /Users/yoyowang/Desktop/benchmark/arbiter.aig.\req[11] like $anyseq.
Warning: Treating undriven bit /Users/yoyowang/Desktop/benchmark/arbiter.aig.\req[12] like $anyseq.
Warning: Treating undriven bit /Users/yoyowang/Desktop/benchmark/arbiter.aig.\req[13] like $anyseq.
Warning: Treating undriven bit /Users/yoyowang/Desktop/benchmark/arbiter.aig.\req[14] like $anyseq.
Warning: Treating undriven bit /Users/yoyowang/Desktop/benchmark/arbiter.aig.\req[15] like $anyseq.
Warning: Treating undriven bit /Users/yoyowang/Desktop/benchmark/arbiter.aig.\req[16] like $anyseq.
Warning: Treating undriven bit /Users/yoyowang/Desktop/benchmark/arbiter.aig.\req[17] like $anyseq.
Warning: Treating undriven bit /Users/yoyowang/Desktop/benchmark/arbiter.aig.\req[18] like $anyseq.
Warning: Treating undriven bit /Users/yoyowang/Desktop/benchmark/arbiter.aig.\req[19] like $anyseq.
Warning: Treating undriven bit /Users/yoyowang/Desktop/benchmark/arbiter.aig.\req[20] like $anyseq.
Warning: Treating undriven bit /Users/yoyowang/Desktop/benchmark/arbiter.aig.\req[21] like $anyseq.
Warning: Treating undriven bit /Users/yoyowang/Desktop/benchmark/arbiter.aig.\req[22] like $anyseq.
Warning: Treating undriven bit /Users/yoyowang/Desktop/benchmark/arbiter.aig.\req[23] like $anyseq.
Warning: Treating undriven bit /Users/yoyowang/Desktop/benchmark/arbiter.aig.\req[24] like $anyseq.
Warning: Treating undriven bit /Users/yoyowang/Desktop/benchmark/arbiter.aig.\req[25] like $anyseq.
Warning: Treating undriven bit /Users/yoyowang/Desktop/benchmark/arbiter.aig.\req[26] like $anyseq.
Warning: Treating undriven bit /Users/yoyowang/Desktop/benchmark/arbiter.aig.\req[27] like $anyseq.
Warning: Treating undriven bit /Users/yoyowang/Desktop/benchmark/arbiter.aig.\req[28] like $anyseq.
Warning: Treating undriven bit /Users/yoyowang/Desktop/benchmark/arbiter.aig.\req[29] like $anyseq.
Warning: Treating undriven bit /Users/yoyowang/Desktop/benchmark/arbiter.aig.\req[30] like $anyseq.
Warning: Treating undriven bit /Users/yoyowang/Desktop/benchmark/arbiter.aig.\req[31] like $anyseq.
Warning: Treating undriven bit /Users/yoyowang/Desktop/benchmark/arbiter.aig.\req[32] like $anyseq.
Warning: Treating undriven bit /Users/yoyowang/Desktop/benchmark/arbiter.aig.\req[33] like $anyseq.
Warning: Treating undriven bit /Users/yoyowang/Desktop/benchmark/arbiter.aig.\req[34] like $anyseq.
Warning: Treating undriven bit /Users/yoyowang/Desktop/benchmark/arbiter.aig.\req[35] like $anyseq.
Warning: Treating undriven bit /Users/yoyowang/Desktop/benchmark/arbiter.aig.\req[36] like $anyseq.
Warning: Treating undriven bit /Users/yoyowang/Desktop/benchmark/arbiter.aig.\req[37] like $anyseq.
Warning: Treating undriven bit /Users/yoyowang/Desktop/benchmark/arbiter.aig.\req[38] like $anyseq.
Warning: Treating undriven bit /Users/yoyowang/Desktop/benchmark/arbiter.aig.\req[39] like $anyseq.
Warning: Treating undriven bit /Users/yoyowang/Desktop/benchmark/arbiter.aig.\req[40] like $anyseq.
Warning: Treating undriven bit /Users/yoyowang/Desktop/benchmark/arbiter.aig.\req[41] like $anyseq.
Warning: Treating undriven bit /Users/yoyowang/Desktop/benchmark/arbiter.aig.\req[42] like $anyseq.
Warning: Treating undriven bit /Users/yoyowang/Desktop/benchmark/arbiter.aig.\req[43] like $anyseq.
Warning: Treating undriven bit /Users/yoyowang/Desktop/benchmark/arbiter.aig.\req[44] like $anyseq.
Warning: Treating undriven bit /Users/yoyowang/Desktop/benchmark/arbiter.aig.\req[45] like $anyseq.
Warning: Treating undriven bit /Users/yoyowang/Desktop/benchmark/arbiter.aig.\req[46] like $anyseq.
Warning: Treating undriven bit /Users/yoyowang/Desktop/benchmark/arbiter.aig.\req[47] like $anyseq.
Warning: Treating undriven bit /Users/yoyowang/Desktop/benchmark/arbiter.aig.\req[48] like $anyseq.
Warning: Treating undriven bit /Users/yoyowang/Desktop/benchmark/arbiter.aig.\req[49] like $anyseq.
Warning: Treating undriven bit /Users/yoyowang/Desktop/benchmark/arbiter.aig.\req[50] like $anyseq.
Warning: Treating undriven bit /Users/yoyowang/Desktop/benchmark/arbiter.aig.\req[51] like $anyseq.
Warning: Treating undriven bit /Users/yoyowang/Desktop/benchmark/arbiter.aig.\req[52] like $anyseq.
Warning: Treating undriven bit /Users/yoyowang/Desktop/benchmark/arbiter.aig.\req[53] like $anyseq.
Warning: Treating undriven bit /Users/yoyowang/Desktop/benchmark/arbiter.aig.\req[54] like $anyseq.
Warning: Treating undriven bit /Users/yoyowang/Desktop/benchmark/arbiter.aig.\req[55] like $anyseq.
Warning: Treating undriven bit /Users/yoyowang/Desktop/benchmark/arbiter.aig.\req[56] like $anyseq.
Warning: Treating undriven bit /Users/yoyowang/Desktop/benchmark/arbiter.aig.\req[57] like $anyseq.
Warning: Treating undriven bit /Users/yoyowang/Desktop/benchmark/arbiter.aig.\req[58] like $anyseq.
Warning: Treating undriven bit /Users/yoyowang/Desktop/benchmark/arbiter.aig.\req[59] like $anyseq.
Warning: Treating undriven bit /Users/yoyowang/Desktop/benchmark/arbiter.aig.\req[60] like $anyseq.
Warning: Treating undriven bit /Users/yoyowang/Desktop/benchmark/arbiter.aig.\req[61] like $anyseq.
Warning: Treating undriven bit /Users/yoyowang/Desktop/benchmark/arbiter.aig.\req[62] like $anyseq.
Warning: Treating undriven bit /Users/yoyowang/Desktop/benchmark/arbiter.aig.\req[63] like $anyseq.
Warning: Treating undriven bit /Users/yoyowang/Desktop/benchmark/arbiter.aig.\req[64] like $anyseq.
Warning: Treating undriven bit /Users/yoyowang/Desktop/benchmark/arbiter.aig.\req[65] like $anyseq.
Warning: Treating undriven bit /Users/yoyowang/Desktop/benchmark/arbiter.aig.\req[66] like $anyseq.
Warning: Treating undriven bit /Users/yoyowang/Desktop/benchmark/arbiter.aig.\req[67] like $anyseq.
Warning: Treating undriven bit /Users/yoyowang/Desktop/benchmark/arbiter.aig.\req[68] like $anyseq.
Warning: Treating undriven bit /Users/yoyowang/Desktop/benchmark/arbiter.aig.\req[69] like $anyseq.
Warning: Treating undriven bit /Users/yoyowang/Desktop/benchmark/arbiter.aig.\req[70] like $anyseq.
Warning: Treating undriven bit /Users/yoyowang/Desktop/benchmark/arbiter.aig.\req[71] like $anyseq.
Warning: Treating undriven bit /Users/yoyowang/Desktop/benchmark/arbiter.aig.\req[72] like $anyseq.
Warning: Treating undriven bit /Users/yoyowang/Desktop/benchmark/arbiter.aig.\req[73] like $anyseq.
Warning: Treating undriven bit /Users/yoyowang/Desktop/benchmark/arbiter.aig.\req[74] like $anyseq.
Warning: Treating undriven bit /Users/yoyowang/Desktop/benchmark/arbiter.aig.\req[75] like $anyseq.
Warning: Treating undriven bit /Users/yoyowang/Desktop/benchmark/arbiter.aig.\req[76] like $anyseq.
Warning: Treating undriven bit /Users/yoyowang/Desktop/benchmark/arbiter.aig.\req[77] like $anyseq.
Warning: Treating undriven bit /Users/yoyowang/Desktop/benchmark/arbiter.aig.\req[78] like $anyseq.
Warning: Treating undriven bit /Users/yoyowang/Desktop/benchmark/arbiter.aig.\req[79] like $anyseq.
Warning: Treating undriven bit /Users/yoyowang/Desktop/benchmark/arbiter.aig.\req[80] like $anyseq.
Warning: Treating undriven bit /Users/yoyowang/Desktop/benchmark/arbiter.aig.\req[81] like $anyseq.
Warning: Treating undriven bit /Users/yoyowang/Desktop/benchmark/arbiter.aig.\req[82] like $anyseq.
Warning: Treating undriven bit /Users/yoyowang/Desktop/benchmark/arbiter.aig.\req[83] like $anyseq.
Warning: Treating undriven bit /Users/yoyowang/Desktop/benchmark/arbiter.aig.\req[84] like $anyseq.
Warning: Treating undriven bit /Users/yoyowang/Desktop/benchmark/arbiter.aig.\req[85] like $anyseq.
Warning: Treating undriven bit /Users/yoyowang/Desktop/benchmark/arbiter.aig.\req[86] like $anyseq.
Warning: Treating undriven bit /Users/yoyowang/Desktop/benchmark/arbiter.aig.\req[87] like $anyseq.
Warning: Treating undriven bit /Users/yoyowang/Desktop/benchmark/arbiter.aig.\req[88] like $anyseq.
Warning: Treating undriven bit /Users/yoyowang/Desktop/benchmark/arbiter.aig.\req[89] like $anyseq.
Warning: Treating undriven bit /Users/yoyowang/Desktop/benchmark/arbiter.aig.\req[90] like $anyseq.
Warning: Treating undriven bit /Users/yoyowang/Desktop/benchmark/arbiter.aig.\req[91] like $anyseq.
Warning: Treating undriven bit /Users/yoyowang/Desktop/benchmark/arbiter.aig.\req[92] like $anyseq.
Warning: Treating undriven bit /Users/yoyowang/Desktop/benchmark/arbiter.aig.\req[93] like $anyseq.
Warning: Treating undriven bit /Users/yoyowang/Desktop/benchmark/arbiter.aig.\req[94] like $anyseq.
Warning: Treating undriven bit /Users/yoyowang/Desktop/benchmark/arbiter.aig.\req[95] like $anyseq.
Warning: Treating undriven bit /Users/yoyowang/Desktop/benchmark/arbiter.aig.\req[96] like $anyseq.
Warning: Treating undriven bit /Users/yoyowang/Desktop/benchmark/arbiter.aig.\req[97] like $anyseq.
Warning: Treating undriven bit /Users/yoyowang/Desktop/benchmark/arbiter.aig.\req[98] like $anyseq.
Warning: Treating undriven bit /Users/yoyowang/Desktop/benchmark/arbiter.aig.\req[99] like $anyseq.
Warning: Treating undriven bit /Users/yoyowang/Desktop/benchmark/arbiter.aig.\req[100] like $anyseq.
Warning: Treating undriven bit /Users/yoyowang/Desktop/benchmark/arbiter.aig.\req[101] like $anyseq.
Warning: Treating undriven bit /Users/yoyowang/Desktop/benchmark/arbiter.aig.\req[102] like $anyseq.
Warning: Treating undriven bit /Users/yoyowang/Desktop/benchmark/arbiter.aig.\req[103] like $anyseq.
Warning: Treating undriven bit /Users/yoyowang/Desktop/benchmark/arbiter.aig.\req[104] like $anyseq.
Warning: Treating undriven bit /Users/yoyowang/Desktop/benchmark/arbiter.aig.\req[105] like $anyseq.
Warning: Treating undriven bit /Users/yoyowang/Desktop/benchmark/arbiter.aig.\req[106] like $anyseq.
Warning: Treating undriven bit /Users/yoyowang/Desktop/benchmark/arbiter.aig.\req[107] like $anyseq.
Warning: Treating undriven bit /Users/yoyowang/Desktop/benchmark/arbiter.aig.\req[108] like $anyseq.
Warning: Treating undriven bit /Users/yoyowang/Desktop/benchmark/arbiter.aig.\req[109] like $anyseq.
Warning: Treating undriven bit /Users/yoyowang/Desktop/benchmark/arbiter.aig.\req[110] like $anyseq.
Warning: Treating undriven bit /Users/yoyowang/Desktop/benchmark/arbiter.aig.\req[111] like $anyseq.
Warning: Treating undriven bit /Users/yoyowang/Desktop/benchmark/arbiter.aig.\req[112] like $anyseq.
Warning: Treating undriven bit /Users/yoyowang/Desktop/benchmark/arbiter.aig.\req[113] like $anyseq.
Warning: Treating undriven bit /Users/yoyowang/Desktop/benchmark/arbiter.aig.\req[114] like $anyseq.
Warning: Treating undriven bit /Users/yoyowang/Desktop/benchmark/arbiter.aig.\req[115] like $anyseq.
Warning: Treating undriven bit /Users/yoyowang/Desktop/benchmark/arbiter.aig.\req[116] like $anyseq.
Warning: Treating undriven bit /Users/yoyowang/Desktop/benchmark/arbiter.aig.\req[117] like $anyseq.
Warning: Treating undriven bit /Users/yoyowang/Desktop/benchmark/arbiter.aig.\req[118] like $anyseq.
Warning: Treating undriven bit /Users/yoyowang/Desktop/benchmark/arbiter.aig.\req[119] like $anyseq.
Warning: Treating undriven bit /Users/yoyowang/Desktop/benchmark/arbiter.aig.\req[120] like $anyseq.
Warning: Treating undriven bit /Users/yoyowang/Desktop/benchmark/arbiter.aig.\req[121] like $anyseq.
Warning: Treating undriven bit /Users/yoyowang/Desktop/benchmark/arbiter.aig.\req[122] like $anyseq.
Warning: Treating undriven bit /Users/yoyowang/Desktop/benchmark/arbiter.aig.\req[123] like $anyseq.
Warning: Treating undriven bit /Users/yoyowang/Desktop/benchmark/arbiter.aig.\req[124] like $anyseq.
Warning: Treating undriven bit /Users/yoyowang/Desktop/benchmark/arbiter.aig.\req[125] like $anyseq.
Warning: Treating undriven bit /Users/yoyowang/Desktop/benchmark/arbiter.aig.\req[126] like $anyseq.
Warning: Treating undriven bit /Users/yoyowang/Desktop/benchmark/arbiter.aig.\req[127] like $anyseq.
Warning: Treating a total of 256 undriven bits in /Users/yoyowang/Desktop/benchmark/arbiter.aig like $anyseq.

Warnings: 257 unique messages, 257 total
End of script. Logfile hash: 17fa0df402, CPU: user 1.43s system 0.06s, MEM: 362.09 MB peak
Yosys 0.60+64 (git sha1 e3af261e1-dirty, clang++ 17.0.0 -fPIC -O3)
Time spent: 33% 4x opt_expr (0 sec), 23% 3x opt_clean (0 sec), ...
