
 /----------------------------------------------------------------------------\
 |  yosys -- Yosys Open SYnthesis Suite                                       |
 |  Copyright (C) 2012 - 2025  Claire Xenia Wolf <claire@yosyshq.com>         |
 |  Distributed under an ISC-like license, type "license" to see terms        |
 \----------------------------------------------------------------------------/
 Yosys 0.60+64 (git sha1 e3af261e1-dirty, clang++ 17.0.0 -fPIC -O3)

-- Running command `
        read_verilog -icells techlibs/yoyo/cells_sim.v
        read_verilog test_output_epfl/bar_lut6d_mapped.v
        hierarchy -check -auto-top
        flatten
        techmap
        opt
        aigmap
        write_aiger test_output_epfl/bar_lut6d_gate_cec.aig
    ' --

1. Executing Verilog-2005 frontend: techlibs/yoyo/cells_sim.v
Parsing Verilog input from `techlibs/yoyo/cells_sim.v' to AST representation.
verilog frontend filename techlibs/yoyo/cells_sim.v
Generating RTLIL representation for module `\GTP_LUT1'.
Generating RTLIL representation for module `\GTP_LUT2'.
Generating RTLIL representation for module `\GTP_LUT3'.
Generating RTLIL representation for module `\GTP_LUT4'.
Generating RTLIL representation for module `\GTP_LUT5'.
Generating RTLIL representation for module `\GTP_LUT6'.
Generating RTLIL representation for module `\GTP_LUT6D'.
Generating RTLIL representation for module `\GTP_LUT5D'.
Generating RTLIL representation for module `\GTP_LUT4D'.
Successfully finished Verilog frontend.

2. Executing Verilog-2005 frontend: test_output_epfl/bar_lut6d_mapped.v
Parsing Verilog input from `test_output_epfl/bar_lut6d_mapped.v' to AST representation.
verilog frontend filename test_output_epfl/bar_lut6d_mapped.v
Generating RTLIL representation for module `\/Users/yoyowang/Desktop/benchmark/bar.aig'.
Successfully finished Verilog frontend.

3. Executing HIERARCHY pass (managing design hierarchy).
Attribute `top' found on module `/Users/yoyowang/Desktop/benchmark/bar.aig'. Setting top module to /Users/yoyowang/Desktop/benchmark/bar.aig.

3.1. Analyzing design hierarchy..
Top module:  \/Users/yoyowang/Desktop/benchmark/bar.aig
Used module:     \GTP_LUT6
Used module:     \GTP_LUT4D
Parameter \INIT = 64'1010101010101010110011001100110011110000111100001111111100000000

3.2. Executing AST frontend in derive mode using pre-parsed AST for module `\GTP_LUT6'.
Parameter \INIT = 64'1010101010101010110011001100110011110000111100001111111100000000
Generating RTLIL representation for module `$paramod$3b8fee26eb23e369f00e21e94980bfffb52ffd7e\GTP_LUT6'.
Parameter \INIT = 64'1010101010101010110011001100110011110000111100001111111100000000
Found cached RTLIL representation for module `$paramod$3b8fee26eb23e369f00e21e94980bfffb52ffd7e\GTP_LUT6'.
Parameter \INIT = 64'1010101010101010110011001100110011110000111100001111111100000000
Found cached RTLIL representation for module `$paramod$3b8fee26eb23e369f00e21e94980bfffb52ffd7e\GTP_LUT6'.
Parameter \INIT = 64'1010101010101010110011001100110011110000111100001111111100000000
Found cached RTLIL representation for module `$paramod$3b8fee26eb23e369f00e21e94980bfffb52ffd7e\GTP_LUT6'.
Parameter \INIT = 64'1010101010101010110011001100110011110000111100001111111100000000
Found cached RTLIL representation for module `$paramod$3b8fee26eb23e369f00e21e94980bfffb52ffd7e\GTP_LUT6'.
Parameter \INIT = 64'1010101010101010110011001100110011110000111100001111111100000000
Found cached RTLIL representation for module `$paramod$3b8fee26eb23e369f00e21e94980bfffb52ffd7e\GTP_LUT6'.
Parameter \INIT = 64'1010101010101010110011001100110011110000111100001111111100000000
Found cached RTLIL representation for module `$paramod$3b8fee26eb23e369f00e21e94980bfffb52ffd7e\GTP_LUT6'.
Parameter \INIT = 64'1010101010101010110011001100110011110000111100001111111100000000
Found cached RTLIL representation for module `$paramod$3b8fee26eb23e369f00e21e94980bfffb52ffd7e\GTP_LUT6'.
Parameter \INIT = 64'1010101010101010110011001100110011110000111100001111111100000000
Found cached RTLIL representation for module `$paramod$3b8fee26eb23e369f00e21e94980bfffb52ffd7e\GTP_LUT6'.
Parameter \INIT = 64'0101010101010101001100110011001100001111000011110000000011111111

3.3. Executing AST frontend in derive mode using pre-parsed AST for module `\GTP_LUT6'.
Parameter \INIT = 64'0101010101010101001100110011001100001111000011110000000011111111
Generating RTLIL representation for module `$paramod$2f26993f411a043fa22d02de779dd8c2161ae5a2\GTP_LUT6'.
Parameter \INIT = 64'1010101010101010110011001100110011110000111100001111111100000000
Found cached RTLIL representation for module `$paramod$3b8fee26eb23e369f00e21e94980bfffb52ffd7e\GTP_LUT6'.
Parameter \INIT = 64'1010101010101010110011001100110011110000111100001111111100000000
Found cached RTLIL representation for module `$paramod$3b8fee26eb23e369f00e21e94980bfffb52ffd7e\GTP_LUT6'.
Parameter \INIT = 64'1010101010101010110011001100110011110000111100001111111100000000
Found cached RTLIL representation for module `$paramod$3b8fee26eb23e369f00e21e94980bfffb52ffd7e\GTP_LUT6'.
Parameter \INIT = 64'1010101010101010110011001100110011110000111100001111111100000000
Found cached RTLIL representation for module `$paramod$3b8fee26eb23e369f00e21e94980bfffb52ffd7e\GTP_LUT6'.
Parameter \INIT = 64'1010101010101010110011001100110011110000111100001111111100000000
Found cached RTLIL representation for module `$paramod$3b8fee26eb23e369f00e21e94980bfffb52ffd7e\GTP_LUT6'.
Parameter \INIT = 64'1010101010101010110011001100110011110000111100001111111100000000
Found cached RTLIL representation for module `$paramod$3b8fee26eb23e369f00e21e94980bfffb52ffd7e\GTP_LUT6'.
Parameter \INIT = 64'1010101010101010110011001100110011110000111100001111111100000000
Found cached RTLIL representation for module `$paramod$3b8fee26eb23e369f00e21e94980bfffb52ffd7e\GTP_LUT6'.
Parameter \INIT = 64'1010101010101010110011001100110011110000111100001111111100000000
Found cached RTLIL representation for module `$paramod$3b8fee26eb23e369f00e21e94980bfffb52ffd7e\GTP_LUT6'.
Parameter \INIT = 64'1010101010101010110011001100110011110000111100001111111100000000
Found cached RTLIL representation for module `$paramod$3b8fee26eb23e369f00e21e94980bfffb52ffd7e\GTP_LUT6'.
Parameter \INIT = 64'1010101010101010110011001100110011110000111100001111111100000000
Found cached RTLIL representation for module `$paramod$3b8fee26eb23e369f00e21e94980bfffb52ffd7e\GTP_LUT6'.
Parameter \INIT = 64'1010101010101010110011001100110011110000111100001111111100000000
Found cached RTLIL representation for module `$paramod$3b8fee26eb23e369f00e21e94980bfffb52ffd7e\GTP_LUT6'.
Parameter \INIT = 64'1010101010101010110011001100110011110000111100001111111100000000
Found cached RTLIL representation for module `$paramod$3b8fee26eb23e369f00e21e94980bfffb52ffd7e\GTP_LUT6'.
Parameter \INIT = 64'1010101010101010110011001100110011110000111100001111111100000000
Found cached RTLIL representation for module `$paramod$3b8fee26eb23e369f00e21e94980bfffb52ffd7e\GTP_LUT6'.
Parameter \INIT = 64'1010101010101010110011001100110011110000111100001111111100000000
Found cached RTLIL representation for module `$paramod$3b8fee26eb23e369f00e21e94980bfffb52ffd7e\GTP_LUT6'.
Parameter \INIT = 64'1010101010101010110011001100110011110000111100001111111100000000
Found cached RTLIL representation for module `$paramod$3b8fee26eb23e369f00e21e94980bfffb52ffd7e\GTP_LUT6'.
Parameter \INIT = 64'1010101010101010110011001100110011110000111100001111111100000000
Found cached RTLIL representation for module `$paramod$3b8fee26eb23e369f00e21e94980bfffb52ffd7e\GTP_LUT6'.
Parameter \INIT = 64'0101010101010101001100110011001100001111000011110000000011111111
Found cached RTLIL representation for module `$paramod$2f26993f411a043fa22d02de779dd8c2161ae5a2\GTP_LUT6'.
Parameter \INIT = 64'0101010101010101001100110011001100001111000011110000000011111111
Found cached RTLIL representation for module `$paramod$2f26993f411a043fa22d02de779dd8c2161ae5a2\GTP_LUT6'.
Parameter \INIT = 64'0101010101010101001100110011001100001111000011110000000011111111
Found cached RTLIL representation for module `$paramod$2f26993f411a043fa22d02de779dd8c2161ae5a2\GTP_LUT6'.
Parameter \INIT = 64'0101010101010101001100110011001100001111000011110000000011111111
Found cached RTLIL representation for module `$paramod$2f26993f411a043fa22d02de779dd8c2161ae5a2\GTP_LUT6'.
Parameter \INIT = 64'0101010101010101001100110011001100001111000011110000000011111111
Found cached RTLIL representation for module `$paramod$2f26993f411a043fa22d02de779dd8c2161ae5a2\GTP_LUT6'.
Parameter \INIT = 64'0101010101010101001100110011001100001111000011110000000011111111
Found cached RTLIL representation for module `$paramod$2f26993f411a043fa22d02de779dd8c2161ae5a2\GTP_LUT6'.
Parameter \INIT = 64'0101010101010101001100110011001100001111000011110000000011111111
Found cached RTLIL representation for module `$paramod$2f26993f411a043fa22d02de779dd8c2161ae5a2\GTP_LUT6'.
Parameter \INIT = 64'0101010101010101001100110011001100001111000011110000000011111111
Found cached RTLIL representation for module `$paramod$2f26993f411a043fa22d02de779dd8c2161ae5a2\GTP_LUT6'.
Parameter \INIT = 64'0101010101010101001100110011001100001111000011110000000011111111
Found cached RTLIL representation for module `$paramod$2f26993f411a043fa22d02de779dd8c2161ae5a2\GTP_LUT6'.
Parameter \INIT = 64'0101010101010101001100110011001100001111000011110000000011111111
Found cached RTLIL representation for module `$paramod$2f26993f411a043fa22d02de779dd8c2161ae5a2\GTP_LUT6'.
Parameter \INIT = 64'0101010101010101001100110011001100001111000011110000000011111111
Found cached RTLIL representation for module `$paramod$2f26993f411a043fa22d02de779dd8c2161ae5a2\GTP_LUT6'.
Parameter \INIT = 64'0101010101010101001100110011001100001111000011110000000011111111
Found cached RTLIL representation for module `$paramod$2f26993f411a043fa22d02de779dd8c2161ae5a2\GTP_LUT6'.
Parameter \INIT = 64'0101010101010101001100110011001100001111000011110000000011111111
Found cached RTLIL representation for module `$paramod$2f26993f411a043fa22d02de779dd8c2161ae5a2\GTP_LUT6'.
Parameter \INIT = 64'1010101010101010110011001100110011110000111100001111111100000000
Found cached RTLIL representation for module `$paramod$3b8fee26eb23e369f00e21e94980bfffb52ffd7e\GTP_LUT6'.
Parameter \INIT = 64'0101010101010101001100110011001100001111000011110000000011111111
Found cached RTLIL representation for module `$paramod$2f26993f411a043fa22d02de779dd8c2161ae5a2\GTP_LUT6'.
Parameter \INIT = 64'0101010101010101001100110011001100001111000011110000000011111111
Found cached RTLIL representation for module `$paramod$2f26993f411a043fa22d02de779dd8c2161ae5a2\GTP_LUT6'.
Parameter \INIT = 64'0101010101010101001100110011001100001111000011110000000011111111
Found cached RTLIL representation for module `$paramod$2f26993f411a043fa22d02de779dd8c2161ae5a2\GTP_LUT6'.
Parameter \INIT = 64'0101010101010101001100110011001100001111000011110000000011111111
Found cached RTLIL representation for module `$paramod$2f26993f411a043fa22d02de779dd8c2161ae5a2\GTP_LUT6'.
Parameter \INIT = 64'0101010101010101001100110011001100001111000011110000000011111111
Found cached RTLIL representation for module `$paramod$2f26993f411a043fa22d02de779dd8c2161ae5a2\GTP_LUT6'.
Parameter \INIT = 64'0101010101010101001100110011001100001111000011110000000011111111
Found cached RTLIL representation for module `$paramod$2f26993f411a043fa22d02de779dd8c2161ae5a2\GTP_LUT6'.
Parameter \INIT = 64'0101010101010101001100110011001100001111000011110000000011111111
Found cached RTLIL representation for module `$paramod$2f26993f411a043fa22d02de779dd8c2161ae5a2\GTP_LUT6'.
Parameter \INIT = 64'0101010101010101001100110011001100001111000011110000000011111111
Found cached RTLIL representation for module `$paramod$2f26993f411a043fa22d02de779dd8c2161ae5a2\GTP_LUT6'.
Parameter \INIT = 64'0101010101010101001100110011001100001111000011110000000011111111
Found cached RTLIL representation for module `$paramod$2f26993f411a043fa22d02de779dd8c2161ae5a2\GTP_LUT6'.
Parameter \INIT = 64'0011001100110011000011110000111100000000111111110101010101010101

3.4. Executing AST frontend in derive mode using pre-parsed AST for module `\GTP_LUT6'.
Parameter \INIT = 64'0011001100110011000011110000111100000000111111110101010101010101
Generating RTLIL representation for module `$paramod$5089e656b38f2c99ae955ae4e695625edb82e9ac\GTP_LUT6'.
Parameter \INIT = 64'0101010101010101001100110011001100001111000011110000000011111111
Found cached RTLIL representation for module `$paramod$2f26993f411a043fa22d02de779dd8c2161ae5a2\GTP_LUT6'.
Parameter \INIT = 64'0101010101010101001100110011001100001111000011110000000011111111
Found cached RTLIL representation for module `$paramod$2f26993f411a043fa22d02de779dd8c2161ae5a2\GTP_LUT6'.
Parameter \INIT = 64'0101010101010101001100110011001100001111000011110000000011111111
Found cached RTLIL representation for module `$paramod$2f26993f411a043fa22d02de779dd8c2161ae5a2\GTP_LUT6'.
Parameter \INIT = 64'0101010101010101001100110011001100001111000011110000000011111111
Found cached RTLIL representation for module `$paramod$2f26993f411a043fa22d02de779dd8c2161ae5a2\GTP_LUT6'.
Parameter \INIT = 64'0101010101010101001100110011001100001111000011110000000011111111
Found cached RTLIL representation for module `$paramod$2f26993f411a043fa22d02de779dd8c2161ae5a2\GTP_LUT6'.
Parameter \INIT = 64'0101010101010101001100110011001100001111000011110000000011111111
Found cached RTLIL representation for module `$paramod$2f26993f411a043fa22d02de779dd8c2161ae5a2\GTP_LUT6'.
Parameter \INIT = 64'0101010101010101001100110011001100001111000011110000000011111111
Found cached RTLIL representation for module `$paramod$2f26993f411a043fa22d02de779dd8c2161ae5a2\GTP_LUT6'.
Parameter \INIT = 64'0101010101010101001100110011001100001111000011110000000011111111
Found cached RTLIL representation for module `$paramod$2f26993f411a043fa22d02de779dd8c2161ae5a2\GTP_LUT6'.
Parameter \INIT = 64'1010101010101010110011001100110011110000111100001111111100000000
Found cached RTLIL representation for module `$paramod$3b8fee26eb23e369f00e21e94980bfffb52ffd7e\GTP_LUT6'.
Parameter \INIT = 64'1010101010101010110011001100110011110000111100001111111100000000
Found cached RTLIL representation for module `$paramod$3b8fee26eb23e369f00e21e94980bfffb52ffd7e\GTP_LUT6'.
Parameter \INIT = 64'1010101010101010110011001100110011110000111100001111111100000000
Found cached RTLIL representation for module `$paramod$3b8fee26eb23e369f00e21e94980bfffb52ffd7e\GTP_LUT6'.
Parameter \INIT = 64'1010101010101010110011001100110011110000111100001111111100000000
Found cached RTLIL representation for module `$paramod$3b8fee26eb23e369f00e21e94980bfffb52ffd7e\GTP_LUT6'.
Parameter \INIT = 64'1010101010101010110011001100110011110000111100001111111100000000
Found cached RTLIL representation for module `$paramod$3b8fee26eb23e369f00e21e94980bfffb52ffd7e\GTP_LUT6'.
Parameter \INIT = 64'1010101010101010110011001100110011110000111100001111111100000000
Found cached RTLIL representation for module `$paramod$3b8fee26eb23e369f00e21e94980bfffb52ffd7e\GTP_LUT6'.
Parameter \INIT = 64'1010101010101010110011001100110011110000111100001111111100000000
Found cached RTLIL representation for module `$paramod$3b8fee26eb23e369f00e21e94980bfffb52ffd7e\GTP_LUT6'.
Parameter \INIT = 64'1010101010101010110011001100110011110000111100001111111100000000
Found cached RTLIL representation for module `$paramod$3b8fee26eb23e369f00e21e94980bfffb52ffd7e\GTP_LUT6'.
Parameter \INIT = 64'1010101010101010110011001100110011110000111100001111111100000000
Found cached RTLIL representation for module `$paramod$3b8fee26eb23e369f00e21e94980bfffb52ffd7e\GTP_LUT6'.
Parameter \INIT = 64'1010101010101010110011001100110011110000111100001111111100000000
Found cached RTLIL representation for module `$paramod$3b8fee26eb23e369f00e21e94980bfffb52ffd7e\GTP_LUT6'.
Parameter \INIT = 64'1010101010101010110011001100110011110000111100001111111100000000
Found cached RTLIL representation for module `$paramod$3b8fee26eb23e369f00e21e94980bfffb52ffd7e\GTP_LUT6'.
Parameter \INIT = 64'1010101010101010110011001100110011110000111100001111111100000000
Found cached RTLIL representation for module `$paramod$3b8fee26eb23e369f00e21e94980bfffb52ffd7e\GTP_LUT6'.
Parameter \INIT = 64'1010101010101010110011001100110011110000111100001111111100000000
Found cached RTLIL representation for module `$paramod$3b8fee26eb23e369f00e21e94980bfffb52ffd7e\GTP_LUT6'.
Parameter \INIT = 64'0101010101010101001100110011001100001111000011110000000011111111
Found cached RTLIL representation for module `$paramod$2f26993f411a043fa22d02de779dd8c2161ae5a2\GTP_LUT6'.
Parameter \INIT = 64'0101010101010101001100110011001100001111000011110000000011111111
Found cached RTLIL representation for module `$paramod$2f26993f411a043fa22d02de779dd8c2161ae5a2\GTP_LUT6'.
Parameter \INIT = 64'1010101010101010110011001100110011110000111100001111111100000000
Found cached RTLIL representation for module `$paramod$3b8fee26eb23e369f00e21e94980bfffb52ffd7e\GTP_LUT6'.
Parameter \INIT = 64'1010101010101010110011001100110011110000111100001111111100000000
Found cached RTLIL representation for module `$paramod$3b8fee26eb23e369f00e21e94980bfffb52ffd7e\GTP_LUT6'.
Parameter \INIT = 64'1010101010101010110011001100110011110000111100001111111100000000
Found cached RTLIL representation for module `$paramod$3b8fee26eb23e369f00e21e94980bfffb52ffd7e\GTP_LUT6'.
Parameter \INIT = 64'1010101010101010110011001100110011110000111100001111111100000000
Found cached RTLIL representation for module `$paramod$3b8fee26eb23e369f00e21e94980bfffb52ffd7e\GTP_LUT6'.
Parameter \INIT = 64'1010101010101010110011001100110011110000111100001111111100000000
Found cached RTLIL representation for module `$paramod$3b8fee26eb23e369f00e21e94980bfffb52ffd7e\GTP_LUT6'.
Parameter \INIT = 64'1010101010101010110011001100110011110000111100001111111100000000
Found cached RTLIL representation for module `$paramod$3b8fee26eb23e369f00e21e94980bfffb52ffd7e\GTP_LUT6'.
Parameter \INIT = 64'1010101010101010110011001100110011110000111100001111111100000000
Found cached RTLIL representation for module `$paramod$3b8fee26eb23e369f00e21e94980bfffb52ffd7e\GTP_LUT6'.
Parameter \INIT = 64'1111000011110000111111110000000010101010101010101100110011001100

3.5. Executing AST frontend in derive mode using pre-parsed AST for module `\GTP_LUT6'.
Parameter \INIT = 64'1111000011110000111111110000000010101010101010101100110011001100
Generating RTLIL representation for module `$paramod$db1f7d62571d94fe83bf7f08436a0cdf6fbd4e07\GTP_LUT6'.
Parameter \INIT = 64'1010101010101010110011001100110011110000111100001111111100000000
Found cached RTLIL representation for module `$paramod$3b8fee26eb23e369f00e21e94980bfffb52ffd7e\GTP_LUT6'.
Parameter \INIT = 64'1010101010101010110011001100110011110000111100001111111100000000
Found cached RTLIL representation for module `$paramod$3b8fee26eb23e369f00e21e94980bfffb52ffd7e\GTP_LUT6'.
Parameter \INIT = 64'1010101010101010110011001100110011110000111100001111111100000000
Found cached RTLIL representation for module `$paramod$3b8fee26eb23e369f00e21e94980bfffb52ffd7e\GTP_LUT6'.
Parameter \INIT = 64'1010101010101010110011001100110011110000111100001111111100000000
Found cached RTLIL representation for module `$paramod$3b8fee26eb23e369f00e21e94980bfffb52ffd7e\GTP_LUT6'.
Parameter \INIT = 64'1010101010101010110011001100110011110000111100001111111100000000
Found cached RTLIL representation for module `$paramod$3b8fee26eb23e369f00e21e94980bfffb52ffd7e\GTP_LUT6'.
Parameter \INIT = 64'1010101010101010110011001100110011110000111100001111111100000000
Found cached RTLIL representation for module `$paramod$3b8fee26eb23e369f00e21e94980bfffb52ffd7e\GTP_LUT6'.
Parameter \INIT = 64'1010101010101010110011001100110011110000111100001111111100000000
Found cached RTLIL representation for module `$paramod$3b8fee26eb23e369f00e21e94980bfffb52ffd7e\GTP_LUT6'.
Parameter \INIT = 64'1010101010101010110011001100110011110000111100001111111100000000
Found cached RTLIL representation for module `$paramod$3b8fee26eb23e369f00e21e94980bfffb52ffd7e\GTP_LUT6'.
Parameter \INIT = 64'1010101010101010110011001100110011110000111100001111111100000000
Found cached RTLIL representation for module `$paramod$3b8fee26eb23e369f00e21e94980bfffb52ffd7e\GTP_LUT6'.
Parameter \INIT = 64'1111111001110110101110100011001011011100010101001001100000010000

3.6. Executing AST frontend in derive mode using pre-parsed AST for module `\GTP_LUT6'.
Parameter \INIT = 64'1111111001110110101110100011001011011100010101001001100000010000
Generating RTLIL representation for module `$paramod$0ee98273644ae2298b1c5fb0b716067f8f4d8629\GTP_LUT6'.
Parameter \INIT = 64'1111111011011100011101100101010010111010100110000011001000010000

3.7. Executing AST frontend in derive mode using pre-parsed AST for module `\GTP_LUT6'.
Parameter \INIT = 64'1111111011011100011101100101010010111010100110000011001000010000
Generating RTLIL representation for module `$paramod$5d30a6194b3209e9f098eac2d54bfe6ad6fc314d\GTP_LUT6'.
Parameter \INIT = 64'1111110111101100101110011010100001110101011001000011000100100000

3.8. Executing AST frontend in derive mode using pre-parsed AST for module `\GTP_LUT6'.
Parameter \INIT = 64'1111110111101100101110011010100001110101011001000011000100100000
Generating RTLIL representation for module `$paramod$4681bb6ce0415ad751b6e69f9b7b924449512c00\GTP_LUT6'.
Parameter \INIT = 64'1111101111011001111010101100100001110011010100010110001001000000

3.9. Executing AST frontend in derive mode using pre-parsed AST for module `\GTP_LUT6'.
Parameter \INIT = 64'1111101111011001111010101100100001110011010100010110001001000000
Generating RTLIL representation for module `$paramod$caeb33699a600d7f85f8415c9bf5bf91e6a1dae4\GTP_LUT6'.
Parameter \INIT = 64'1111101101110011110110010101000111101010011000101100100001000000

3.10. Executing AST frontend in derive mode using pre-parsed AST for module `\GTP_LUT6'.
Parameter \INIT = 64'1111101101110011110110010101000111101010011000101100100001000000
Generating RTLIL representation for module `$paramod$424c922ba4bc977e9f82b484f026e06a59e65479\GTP_LUT6'.
Parameter \INIT = 64'1111011110110011110101011001000111100110101000101100010010000000

3.11. Executing AST frontend in derive mode using pre-parsed AST for module `\GTP_LUT6'.
Parameter \INIT = 64'1111011110110011110101011001000111100110101000101100010010000000
Generating RTLIL representation for module `$paramod$ac8f19de417d2497f603ab87e87ef6890b20900a\GTP_LUT6'.
Parameter \INIT = 64'1111011110110011110101011001000111100110101000101100010010000000
Found cached RTLIL representation for module `$paramod$ac8f19de417d2497f603ab87e87ef6890b20900a\GTP_LUT6'.
Parameter \INIT = 64'1111111001110110101110100011001011011100010101001001100000010000
Found cached RTLIL representation for module `$paramod$0ee98273644ae2298b1c5fb0b716067f8f4d8629\GTP_LUT6'.
Parameter \INIT = 64'1111111011011100011101100101010010111010100110000011001000010000
Found cached RTLIL representation for module `$paramod$5d30a6194b3209e9f098eac2d54bfe6ad6fc314d\GTP_LUT6'.
Parameter \INIT = 64'1111110111101100101110011010100001110101011001000011000100100000
Found cached RTLIL representation for module `$paramod$4681bb6ce0415ad751b6e69f9b7b924449512c00\GTP_LUT6'.
Parameter \INIT = 64'1111111010111010110111001001100001110110001100100101010000010000

3.12. Executing AST frontend in derive mode using pre-parsed AST for module `\GTP_LUT6'.
Parameter \INIT = 64'1111111010111010110111001001100001110110001100100101010000010000
Generating RTLIL representation for module `$paramod$b1c3c11bf64f14c9ee5fafd59b339172e2760fb6\GTP_LUT6'.
Parameter \INIT = 64'1111110101110101101110010011000111101100011001001010100000100000

3.13. Executing AST frontend in derive mode using pre-parsed AST for module `\GTP_LUT6'.
Parameter \INIT = 64'1111110101110101101110010011000111101100011001001010100000100000
Generating RTLIL representation for module `$paramod$be593ad339608338f104417965991a8abd1c67a7\GTP_LUT6'.
Parameter \INIT = 64'1111111010111010011101100011001011011100100110000101010000010000

3.14. Executing AST frontend in derive mode using pre-parsed AST for module `\GTP_LUT6'.
Parameter \INIT = 64'1111111010111010011101100011001011011100100110000101010000010000
Generating RTLIL representation for module `$paramod$40a74420ec319bd8144c74d895c39a192e51abc3\GTP_LUT6'.
Parameter \INIT = 64'1111111011011100011101100101010010111010100110000011001000010000
Found cached RTLIL representation for module `$paramod$5d30a6194b3209e9f098eac2d54bfe6ad6fc314d\GTP_LUT6'.
Parameter \INIT = 64'1111110110111001111011001010100001110101001100010110010000100000

3.15. Executing AST frontend in derive mode using pre-parsed AST for module `\GTP_LUT6'.
Parameter \INIT = 64'1111110110111001111011001010100001110101001100010110010000100000
Generating RTLIL representation for module `$paramod$ef77955e79fc278a2e9819278445b03bb44f7127\GTP_LUT6'.
Parameter \INIT = 64'1111110101110101101110010011000111101100011001001010100000100000
Found cached RTLIL representation for module `$paramod$be593ad339608338f104417965991a8abd1c67a7\GTP_LUT6'.
Parameter \INIT = 64'1111011111100110101100111010001011010101110001001001000110000000

3.16. Executing AST frontend in derive mode using pre-parsed AST for module `\GTP_LUT6'.
Parameter \INIT = 64'1111011111100110101100111010001011010101110001001001000110000000
Generating RTLIL representation for module `$paramod$c99a2835f233fa8d6ff0217db3f1db655011b3c3\GTP_LUT6'.
Parameter \INIT = 64'1111110101110101101110010011000111101100011001001010100000100000
Found cached RTLIL representation for module `$paramod$be593ad339608338f104417965991a8abd1c67a7\GTP_LUT6'.
Parameter \INIT = 64'1111101101110011110110010101000111101010011000101100100001000000
Found cached RTLIL representation for module `$paramod$424c922ba4bc977e9f82b484f026e06a59e65479\GTP_LUT6'.
Parameter \INIT = 64'1111110101110101101110010011000111101100011001001010100000100000
Found cached RTLIL representation for module `$paramod$be593ad339608338f104417965991a8abd1c67a7\GTP_LUT6'.
Parameter \INIT = 64'1111111010111010011101100011001011011100100110000101010000010000
Found cached RTLIL representation for module `$paramod$40a74420ec319bd8144c74d895c39a192e51abc3\GTP_LUT6'.
Parameter \INIT = 64'1111110111101100011101010110010010111001101010000011000100100000

3.17. Executing AST frontend in derive mode using pre-parsed AST for module `\GTP_LUT6'.
Parameter \INIT = 64'1111110111101100011101010110010010111001101010000011000100100000
Generating RTLIL representation for module `$paramod$d434f9d87fe86e73921a11e4fbb35dc5a8530ced\GTP_LUT6'.
Parameter \INIT = 64'1111011111100110101100111010001011010101110001001001000110000000
Found cached RTLIL representation for module `$paramod$c99a2835f233fa8d6ff0217db3f1db655011b3c3\GTP_LUT6'.
Parameter \INIT = 64'1111011111010101101100111001000111100110110001001010001010000000

3.18. Executing AST frontend in derive mode using pre-parsed AST for module `\GTP_LUT6'.
Parameter \INIT = 64'1111011111010101101100111001000111100110110001001010001010000000
Generating RTLIL representation for module `$paramod$2f9ebbf097cdfa2967638f908d43c734f1bc2a94\GTP_LUT6'.
Parameter \INIT = 64'1111101101110011110110010101000111101010011000101100100001000000
Found cached RTLIL representation for module `$paramod$424c922ba4bc977e9f82b484f026e06a59e65479\GTP_LUT6'.
Parameter \INIT = 64'1111111010111010110111001001100001110110001100100101010000010000
Found cached RTLIL representation for module `$paramod$b1c3c11bf64f14c9ee5fafd59b339172e2760fb6\GTP_LUT6'.
Parameter \INIT = 64'1111111001110110101110100011001011011100010101001001100000010000
Found cached RTLIL representation for module `$paramod$0ee98273644ae2298b1c5fb0b716067f8f4d8629\GTP_LUT6'.
Parameter \INIT = 64'1111101101110011110110010101000111101010011000101100100001000000
Found cached RTLIL representation for module `$paramod$424c922ba4bc977e9f82b484f026e06a59e65479\GTP_LUT6'.
Parameter \INIT = 64'1111011110110011110101011001000111100110101000101100010010000000
Found cached RTLIL representation for module `$paramod$ac8f19de417d2497f603ab87e87ef6890b20900a\GTP_LUT6'.
Parameter \INIT = 64'1111011110110011110101011001000111100110101000101100010010000000
Found cached RTLIL representation for module `$paramod$ac8f19de417d2497f603ab87e87ef6890b20900a\GTP_LUT6'.
Parameter \INIT = 64'1111110101110101101110010011000111101100011001001010100000100000
Found cached RTLIL representation for module `$paramod$be593ad339608338f104417965991a8abd1c67a7\GTP_LUT6'.
Parameter \INIT = 64'1111101101110011111010100110001011011001010100011100100001000000

3.19. Executing AST frontend in derive mode using pre-parsed AST for module `\GTP_LUT6'.
Parameter \INIT = 64'1111101101110011111010100110001011011001010100011100100001000000
Generating RTLIL representation for module `$paramod$f4a5a826ecaed980618a65e26332cee7f6c0ed0e\GTP_LUT6'.
Parameter \INIT = 64'0000000110001001010001011100110100100011101010110110011111101111

3.20. Executing AST frontend in derive mode using pre-parsed AST for module `\GTP_LUT6'.
Parameter \INIT = 64'0000000110001001010001011100110100100011101010110110011111101111
Generating RTLIL representation for module `$paramod$1d83be06963d064186b8617cc1f21d89ea19a788\GTP_LUT6'.
Parameter \INIT = 64'0000000100100011100010011010101101000101011001111100110111101111

3.21. Executing AST frontend in derive mode using pre-parsed AST for module `\GTP_LUT6'.
Parameter \INIT = 64'0000000100100011100010011010101101000101011001111100110111101111
Generating RTLIL representation for module `$paramod$ed4e4713ee45d8ab5dd4589cc58fa60b02d955af\GTP_LUT6'.
Parameter \INIT = 64'0000001000010011010001100101011110001010100110111100111011011111

3.22. Executing AST frontend in derive mode using pre-parsed AST for module `\GTP_LUT6'.
Parameter \INIT = 64'0000001000010011010001100101011110001010100110111100111011011111
Generating RTLIL representation for module `$paramod$f5a46b685745b517cd6c05eeb236a8b6bb6205a0\GTP_LUT6'.
Parameter \INIT = 64'0001010100110111000001000010011010011101101111111000110010101110

3.23. Executing AST frontend in derive mode using pre-parsed AST for module `\GTP_LUT6'.
Parameter \INIT = 64'0001010100110111000001000010011010011101101111111000110010101110
Generating RTLIL representation for module `$paramod$3a08677b4faac753802464421637b216df9f6ef5\GTP_LUT6'.
Parameter \INIT = 64'0000001010001010010001101100111000010011100110110101011111011111

3.24. Executing AST frontend in derive mode using pre-parsed AST for module `\GTP_LUT6'.
Parameter \INIT = 64'0000001010001010010001101100111000010011100110110101011111011111
Generating RTLIL representation for module `$paramod$8bfb663cb468b8c03e54c276801c66c19f924346\GTP_LUT6'.
Parameter \INIT = 64'0000010010001100001001101010111000010101100111010011011110111111

3.25. Executing AST frontend in derive mode using pre-parsed AST for module `\GTP_LUT6'.
Parameter \INIT = 64'0000010010001100001001101010111000010101100111010011011110111111
Generating RTLIL representation for module `$paramod$f727312375f0221084cc1178f8a69fb75dcde0d1\GTP_LUT6'.
Parameter \INIT = 64'0000100001001100001010100110111000011001010111010011101101111111

3.26. Executing AST frontend in derive mode using pre-parsed AST for module `\GTP_LUT6'.
Parameter \INIT = 64'0000100001001100001010100110111000011001010111010011101101111111
Generating RTLIL representation for module `$paramod$8882a3b33dd18f57a41f44a3c47621742105c409\GTP_LUT6'.
Parameter \INIT = 64'0000000110001001010001011100110100100011101010110110011111101111
Found cached RTLIL representation for module `$paramod$1d83be06963d064186b8617cc1f21d89ea19a788\GTP_LUT6'.
Parameter \INIT = 64'0000001010001010010001101100111000010011100110110101011111011111
Found cached RTLIL representation for module `$paramod$8bfb663cb468b8c03e54c276801c66c19f924346\GTP_LUT6'.
Parameter \INIT = 64'0000010010001100001001101010111000010101100111010011011110111111
Found cached RTLIL representation for module `$paramod$f727312375f0221084cc1178f8a69fb75dcde0d1\GTP_LUT6'.
Parameter \INIT = 64'0000100001001100001010100110111000011001010111010011101101111111
Found cached RTLIL representation for module `$paramod$8882a3b33dd18f57a41f44a3c47621742105c409\GTP_LUT6'.
Parameter \INIT = 64'0000001010001010010001101100111000010011100110110101011111011111
Found cached RTLIL representation for module `$paramod$8bfb663cb468b8c03e54c276801c66c19f924346\GTP_LUT6'.
Parameter \INIT = 64'0000000101000101100010011100110100100011011001111010101111101111

3.27. Executing AST frontend in derive mode using pre-parsed AST for module `\GTP_LUT6'.
Parameter \INIT = 64'0000000101000101100010011100110100100011011001111010101111101111
Generating RTLIL representation for module `$paramod$5a8d7d3f89d1b254b44a31fb06039869c606e97d\GTP_LUT6'.
Parameter \INIT = 64'0000001000010011100010101001101101000110010101111100111011011111

3.28. Executing AST frontend in derive mode using pre-parsed AST for module `\GTP_LUT6'.
Parameter \INIT = 64'0000001000010011100010101001101101000110010101111100111011011111
Generating RTLIL representation for module `$paramod$a59597c1826785febe2281f1c147c958066a6a62\GTP_LUT6'.
Parameter \INIT = 64'0000100000011001010011000101110100101010001110110110111001111111

3.29. Executing AST frontend in derive mode using pre-parsed AST for module `\GTP_LUT6'.
Parameter \INIT = 64'0000100000011001010011000101110100101010001110110110111001111111
Generating RTLIL representation for module `$paramod$35deac589bb3808aa9d7fb811435ba6c5bf27087\GTP_LUT6'.
Parameter \INIT = 64'0100011011001110000000101000101001010111110111110001001110011011

3.30. Executing AST frontend in derive mode using pre-parsed AST for module `\GTP_LUT6'.
Parameter \INIT = 64'0100011011001110000000101000101001010111110111110001001110011011
Generating RTLIL representation for module `$paramod$b962e2a24119ad5a1ce489f941ae030a58d5bcb6\GTP_LUT6'.
Parameter \INIT = 64'1000110000000100101011100010011010011101000101011011111100110111

3.31. Executing AST frontend in derive mode using pre-parsed AST for module `\GTP_LUT6'.
Parameter \INIT = 64'1000110000000100101011100010011010011101000101011011111100110111
Generating RTLIL representation for module `$paramod$fa958c6c2d8ede0bfe3a54983c7ae97e45d1c4b5\GTP_LUT6'.
Parameter \INIT = 64'0000000101000101001000110110011110001001110011011010101111101111

3.32. Executing AST frontend in derive mode using pre-parsed AST for module `\GTP_LUT6'.
Parameter \INIT = 64'0000000101000101001000110110011110001001110011011010101111101111
Generating RTLIL representation for module `$paramod$c948fc63ea6f7524af4da233f01e7180ace6d57b\GTP_LUT6'.
Parameter \INIT = 64'0010001110101011011001111110111100000001100010010100010111001101

3.33. Executing AST frontend in derive mode using pre-parsed AST for module `\GTP_LUT6'.
Parameter \INIT = 64'0010001110101011011001111110111100000001100010010100010111001101
Generating RTLIL representation for module `$paramod$361ba57fe14bb162699bf6e8fa0107779ec73c99\GTP_LUT6'.
Parameter \INIT = 64'0000001010001010010001101100111000010011100110110101011111011111
Found cached RTLIL representation for module `$paramod$8bfb663cb468b8c03e54c276801c66c19f924346\GTP_LUT6'.
Parameter \INIT = 64'0000000101000101100010011100110100100011011001111010101111101111
Found cached RTLIL representation for module `$paramod$5a8d7d3f89d1b254b44a31fb06039869c606e97d\GTP_LUT6'.
Parameter \INIT = 64'0000000100100011100010011010101101000101011001111100110111101111
Found cached RTLIL representation for module `$paramod$ed4e4713ee45d8ab5dd4589cc58fa60b02d955af\GTP_LUT6'.
Parameter \INIT = 64'0000001001000110000100110101011110001010110011101001101111011111

3.34. Executing AST frontend in derive mode using pre-parsed AST for module `\GTP_LUT6'.
Parameter \INIT = 64'0000001001000110000100110101011110001010110011101001101111011111
Generating RTLIL representation for module `$paramod$0375dde7ba5ccd980845066d721a4e4bc505a4e0\GTP_LUT6'.
Parameter \INIT = 64'0000000110001001010001011100110100100011101010110110011111101111
Found cached RTLIL representation for module `$paramod$1d83be06963d064186b8617cc1f21d89ea19a788\GTP_LUT6'.
Parameter \INIT = 64'0000001010001010010001101100111000010011100110110101011111011111
Found cached RTLIL representation for module `$paramod$8bfb663cb468b8c03e54c276801c66c19f924346\GTP_LUT6'.
Parameter \INIT = 64'0000010010001100001001101010111000010101100111010011011110111111
Found cached RTLIL representation for module `$paramod$f727312375f0221084cc1178f8a69fb75dcde0d1\GTP_LUT6'.
Parameter \INIT = 64'0000100001001100001010100110111000011001010111010011101101111111
Found cached RTLIL representation for module `$paramod$8882a3b33dd18f57a41f44a3c47621742105c409\GTP_LUT6'.
Parameter \INIT = 64'0000000110001001010001011100110100100011101010110110011111101111
Found cached RTLIL representation for module `$paramod$1d83be06963d064186b8617cc1f21d89ea19a788\GTP_LUT6'.
Parameter \INIT = 64'0000100001001100001010100110111000011001010111010011101101111111
Found cached RTLIL representation for module `$paramod$8882a3b33dd18f57a41f44a3c47621742105c409\GTP_LUT6'.
Parameter \INIT = 64'0000100001001100001010100110111000011001010111010011101101111111
Found cached RTLIL representation for module `$paramod$8882a3b33dd18f57a41f44a3c47621742105c409\GTP_LUT6'.
Parameter \INIT = 64'0000100001001100001010100110111000011001010111010011101101111111
Found cached RTLIL representation for module `$paramod$8882a3b33dd18f57a41f44a3c47621742105c409\GTP_LUT6'.
Parameter \INIT = 64'0000010010001100001001101010111000010101100111010011011110111111
Found cached RTLIL representation for module `$paramod$f727312375f0221084cc1178f8a69fb75dcde0d1\GTP_LUT6'.
Parameter \INIT = 64'1111110101110101101110010011000111101100011001001010100000100000
Found cached RTLIL representation for module `$paramod$be593ad339608338f104417965991a8abd1c67a7\GTP_LUT6'.
Parameter \INIT = 64'1111111010111010011101100011001011011100100110000101010000010000
Found cached RTLIL representation for module `$paramod$40a74420ec319bd8144c74d895c39a192e51abc3\GTP_LUT6'.
Parameter \INIT = 64'1111111011011100011101100101010010111010100110000011001000010000
Found cached RTLIL representation for module `$paramod$5d30a6194b3209e9f098eac2d54bfe6ad6fc314d\GTP_LUT6'.
Parameter \INIT = 64'1111011111100110101100111010001011010101110001001001000110000000
Found cached RTLIL representation for module `$paramod$c99a2835f233fa8d6ff0217db3f1db655011b3c3\GTP_LUT6'.
Parameter \INIT = 64'1111110101110101101110010011000111101100011001001010100000100000
Found cached RTLIL representation for module `$paramod$be593ad339608338f104417965991a8abd1c67a7\GTP_LUT6'.
Parameter \INIT = 64'1111101101110011110110010101000111101010011000101100100001000000
Found cached RTLIL representation for module `$paramod$424c922ba4bc977e9f82b484f026e06a59e65479\GTP_LUT6'.
Parameter \INIT = 64'1111110110111001111011001010100001110101001100010110010000100000
Found cached RTLIL representation for module `$paramod$ef77955e79fc278a2e9819278445b03bb44f7127\GTP_LUT6'.
Parameter \INIT = 64'1111101101110011110110010101000111101010011000101100100001000000
Found cached RTLIL representation for module `$paramod$424c922ba4bc977e9f82b484f026e06a59e65479\GTP_LUT6'.
Parameter \INIT = 64'1110111101100111101010110010001111001101010001011000100100000001

3.35. Executing AST frontend in derive mode using pre-parsed AST for module `\GTP_LUT6'.
Parameter \INIT = 64'1110111101100111101010110010001111001101010001011000100100000001
Generating RTLIL representation for module `$paramod$c4e42efcf6c381f87fa4d5e9f9b0abd535ee1894\GTP_LUT6'.
Parameter \INIT = 64'1101110011111110010101000111011010011000101110100001000000110010

3.36. Executing AST frontend in derive mode using pre-parsed AST for module `\GTP_LUT6'.
Parameter \INIT = 64'1101110011111110010101000111011010011000101110100001000000110010
Generating RTLIL representation for module `$paramod$e30fee0611e24d08e2eca897ba9a0f7039af39ff\GTP_LUT6'.
Parameter \INIT = 64'1011100111111101101010001110110000110001011101010010000001100100

3.37. Executing AST frontend in derive mode using pre-parsed AST for module `\GTP_LUT6'.
Parameter \INIT = 64'1011100111111101101010001110110000110001011101010010000001100100
Generating RTLIL representation for module `$paramod$d47b028d0e5a80d0b27caa445474dfd5c6728aa6\GTP_LUT6'.
Parameter \INIT = 64'1111111001110110101110100011001011011100010101001001100000010000
Found cached RTLIL representation for module `$paramod$0ee98273644ae2298b1c5fb0b716067f8f4d8629\GTP_LUT6'.
Parameter \INIT = 64'1111111011011100011101100101010010111010100110000011001000010000
Found cached RTLIL representation for module `$paramod$5d30a6194b3209e9f098eac2d54bfe6ad6fc314d\GTP_LUT6'.
Parameter \INIT = 64'1111110111101100101110011010100001110101011001000011000100100000
Found cached RTLIL representation for module `$paramod$4681bb6ce0415ad751b6e69f9b7b924449512c00\GTP_LUT6'.
Parameter \INIT = 64'1111111010111010110111001001100001110110001100100101010000010000
Found cached RTLIL representation for module `$paramod$b1c3c11bf64f14c9ee5fafd59b339172e2760fb6\GTP_LUT6'.
Parameter \INIT = 64'1111011111010101101100111001000111100110110001001010001010000000
Found cached RTLIL representation for module `$paramod$2f9ebbf097cdfa2967638f908d43c734f1bc2a94\GTP_LUT6'.
Parameter \INIT = 64'1111101101110011110110010101000111101010011000101100100001000000
Found cached RTLIL representation for module `$paramod$424c922ba4bc977e9f82b484f026e06a59e65479\GTP_LUT6'.
Parameter \INIT = 64'1111011110110011110101011001000111100110101000101100010010000000
Found cached RTLIL representation for module `$paramod$ac8f19de417d2497f603ab87e87ef6890b20900a\GTP_LUT6'.
Parameter \INIT = 64'0111001111111011011000101110101001010001110110010100000011001000

3.38. Executing AST frontend in derive mode using pre-parsed AST for module `\GTP_LUT6'.
Parameter \INIT = 64'0111001111111011011000101110101001010001110110010100000011001000
Generating RTLIL representation for module `$paramod$79338da9f6d0c05937f3f42877cca8713ce9ac1d\GTP_LUT6'.
Parameter \INIT = 64'1111110101110101101110010011000111101100011001001010100000100000
Found cached RTLIL representation for module `$paramod$be593ad339608338f104417965991a8abd1c67a7\GTP_LUT6'.
Parameter \INIT = 64'1111111010111010011101100011001011011100100110000101010000010000
Found cached RTLIL representation for module `$paramod$40a74420ec319bd8144c74d895c39a192e51abc3\GTP_LUT6'.
Parameter \INIT = 64'1111111011011100011101100101010010111010100110000011001000010000
Found cached RTLIL representation for module `$paramod$5d30a6194b3209e9f098eac2d54bfe6ad6fc314d\GTP_LUT6'.
Parameter \INIT = 64'1111110110111001111011001010100001110101001100010110010000100000
Found cached RTLIL representation for module `$paramod$ef77955e79fc278a2e9819278445b03bb44f7127\GTP_LUT6'.
Parameter \INIT = 64'1111111001110110101110100011001011011100010101001001100000010000
Found cached RTLIL representation for module `$paramod$0ee98273644ae2298b1c5fb0b716067f8f4d8629\GTP_LUT6'.
Parameter \INIT = 64'1111110101110101101110010011000111101100011001001010100000100000
Found cached RTLIL representation for module `$paramod$be593ad339608338f104417965991a8abd1c67a7\GTP_LUT6'.
Parameter \INIT = 64'1111101101110011110110010101000111101010011000101100100001000000
Found cached RTLIL representation for module `$paramod$424c922ba4bc977e9f82b484f026e06a59e65479\GTP_LUT6'.
Parameter \INIT = 64'1111011110110011110101011001000111100110101000101100010010000000
Found cached RTLIL representation for module `$paramod$ac8f19de417d2497f603ab87e87ef6890b20900a\GTP_LUT6'.
Parameter \INIT = 64'1111111001110110101110100011001011011100010101001001100000010000
Found cached RTLIL representation for module `$paramod$0ee98273644ae2298b1c5fb0b716067f8f4d8629\GTP_LUT6'.
Parameter \INIT = 64'1111011111010101101100111001000111100110110001001010001010000000
Found cached RTLIL representation for module `$paramod$2f9ebbf097cdfa2967638f908d43c734f1bc2a94\GTP_LUT6'.
Parameter \INIT = 64'1111101101110011110110010101000111101010011000101100100001000000
Found cached RTLIL representation for module `$paramod$424c922ba4bc977e9f82b484f026e06a59e65479\GTP_LUT6'.
Parameter \INIT = 64'1111011110110011110101011001000111100110101000101100010010000000
Found cached RTLIL representation for module `$paramod$ac8f19de417d2497f603ab87e87ef6890b20900a\GTP_LUT6'.
Parameter \INIT = 64'1111101101110011111010100110001011011001010100011100100001000000
Found cached RTLIL representation for module `$paramod$f4a5a826ecaed980618a65e26332cee7f6c0ed0e\GTP_LUT6'.
Parameter \INIT = 64'0000010010001100000101011001110100100110101011100011011110111111

3.39. Executing AST frontend in derive mode using pre-parsed AST for module `\GTP_LUT6'.
Parameter \INIT = 64'0000010010001100000101011001110100100110101011100011011110111111
Generating RTLIL representation for module `$paramod$2d73eff6d96d2022a68579050af97cf99ed061c0\GTP_LUT6'.
Parameter \INIT = 64'0000000110001001001000111010101101000101110011010110011111101111

3.40. Executing AST frontend in derive mode using pre-parsed AST for module `\GTP_LUT6'.
Parameter \INIT = 64'0000000110001001001000111010101101000101110011010110011111101111
Generating RTLIL representation for module `$paramod$9323abaf02ad92f3a785dcbc4398d5e12ab921d6\GTP_LUT6'.
Parameter \INIT = 64'0000100001001100000110010101110100101010011011100011101101111111

3.41. Executing AST frontend in derive mode using pre-parsed AST for module `\GTP_LUT6'.
Parameter \INIT = 64'0000100001001100000110010101110100101010011011100011101101111111
Generating RTLIL representation for module `$paramod$a8da2dc2e8617265f551cf4897102f8e2bd02f4b\GTP_LUT6'.
Parameter \INIT = 64'0000100000101010010011000110111000011001001110110101110101111111

3.42. Executing AST frontend in derive mode using pre-parsed AST for module `\GTP_LUT6'.
Parameter \INIT = 64'0000100000101010010011000110111000011001001110110101110101111111
Generating RTLIL representation for module `$paramod$5c415880011e436eb497186bc990ffaa3638eb18\GTP_LUT6'.
Parameter \INIT = 64'0000100001001100001010100110111000011001010111010011101101111111
Found cached RTLIL representation for module `$paramod$8882a3b33dd18f57a41f44a3c47621742105c409\GTP_LUT6'.
Parameter \INIT = 64'0000000100100011010001010110011110001001101010111100110111101111

3.43. Executing AST frontend in derive mode using pre-parsed AST for module `\GTP_LUT6'.
Parameter \INIT = 64'0000000100100011010001010110011110001001101010111100110111101111
Generating RTLIL representation for module `$paramod$ba7eea4e7d5e5a30e9ed0eaf919b505981d52abb\GTP_LUT6'.
Parameter \INIT = 64'0000001001000110000100110101011110001010110011101001101111011111
Found cached RTLIL representation for module `$paramod$0375dde7ba5ccd980845066d721a4e4bc505a4e0\GTP_LUT6'.
Parameter \INIT = 64'0000010010001100000101011001110100100110101011100011011110111111
Found cached RTLIL representation for module `$paramod$2d73eff6d96d2022a68579050af97cf99ed061c0\GTP_LUT6'.
Parameter \INIT = 64'0001000010011000001100101011101001010100110111000111011011111110

3.44. Executing AST frontend in derive mode using pre-parsed AST for module `\GTP_LUT6'.
Parameter \INIT = 64'0001000010011000001100101011101001010100110111000111011011111110
Generating RTLIL representation for module `$paramod$970d03c66078aaa2a7a2015b53f827d2a6167c11\GTP_LUT6'.
Parameter \INIT = 64'0011000100100000011101010110010010111001101010001111110111101100

3.45. Executing AST frontend in derive mode using pre-parsed AST for module `\GTP_LUT6'.
Parameter \INIT = 64'0011000100100000011101010110010010111001101010001111110111101100
Generating RTLIL representation for module `$paramod$9add71d01221acddde7c8369cda2f712f8df344f\GTP_LUT6'.
Parameter \INIT = 64'0110001001000000011100110101000111101010110010001111101111011001

3.46. Executing AST frontend in derive mode using pre-parsed AST for module `\GTP_LUT6'.
Parameter \INIT = 64'0110001001000000011100110101000111101010110010001111101111011001
Generating RTLIL representation for module `$paramod$13ac0d38a2a64227965c90553bf14a23c4c01657\GTP_LUT6'.
Parameter \INIT = 64'0000010010001100000101011001110100100110101011100011011110111111
Found cached RTLIL representation for module `$paramod$2d73eff6d96d2022a68579050af97cf99ed061c0\GTP_LUT6'.
Parameter \INIT = 64'0000000110001001001000111010101101000101110011010110011111101111
Found cached RTLIL representation for module `$paramod$9323abaf02ad92f3a785dcbc4398d5e12ab921d6\GTP_LUT6'.
Parameter \INIT = 64'0000010010001100000101011001110100100110101011100011011110111111
Found cached RTLIL representation for module `$paramod$2d73eff6d96d2022a68579050af97cf99ed061c0\GTP_LUT6'.
Parameter \INIT = 64'0000100000101010010011000110111000011001001110110101110101111111
Found cached RTLIL representation for module `$paramod$5c415880011e436eb497186bc990ffaa3638eb18\GTP_LUT6'.
Parameter \INIT = 64'1000101000000010110011100100011010011011000100111101111101010111

3.47. Executing AST frontend in derive mode using pre-parsed AST for module `\GTP_LUT6'.
Parameter \INIT = 64'1000101000000010110011100100011010011011000100111101111101010111
Generating RTLIL representation for module `$paramod$34947f7e5b3c2758a67336a79ebc91311210f58f\GTP_LUT6'.
Parameter \INIT = 64'0000000100100011010001010110011110001001101010111100110111101111
Found cached RTLIL representation for module `$paramod$ba7eea4e7d5e5a30e9ed0eaf919b505981d52abb\GTP_LUT6'.
Parameter \INIT = 64'0000001001000110000100110101011110001010110011101001101111011111
Found cached RTLIL representation for module `$paramod$0375dde7ba5ccd980845066d721a4e4bc505a4e0\GTP_LUT6'.
Parameter \INIT = 64'1100110101000101100010010000000111101111011001111010101100100011

3.48. Executing AST frontend in derive mode using pre-parsed AST for module `\GTP_LUT6'.
Parameter \INIT = 64'1100110101000101100010010000000111101111011001111010101100100011
Generating RTLIL representation for module `$paramod$8b4ac33ccd4f41447fc87719fad21879b8e9d840\GTP_LUT6'.
Parameter \INIT = 64'0000000110001001010001011100110100100011101010110110011111101111
Found cached RTLIL representation for module `$paramod$1d83be06963d064186b8617cc1f21d89ea19a788\GTP_LUT6'.
Parameter \INIT = 64'0000000100100011100010011010101101000101011001111100110111101111
Found cached RTLIL representation for module `$paramod$ed4e4713ee45d8ab5dd4589cc58fa60b02d955af\GTP_LUT6'.
Parameter \INIT = 64'0000001000010011010001100101011110001010100110111100111011011111
Found cached RTLIL representation for module `$paramod$f5a46b685745b517cd6c05eeb236a8b6bb6205a0\GTP_LUT6'.
Parameter \INIT = 64'0000010000100110000101010011011110001100101011101001110110111111

3.49. Executing AST frontend in derive mode using pre-parsed AST for module `\GTP_LUT6'.
Parameter \INIT = 64'0000010000100110000101010011011110001100101011101001110110111111
Generating RTLIL representation for module `$paramod$89138d036f8880e809cf2c7297fe19b39a77f119\GTP_LUT6'.
Parameter \INIT = 64'0000100000101010010011000110111000011001001110110101110101111111
Found cached RTLIL representation for module `$paramod$5c415880011e436eb497186bc990ffaa3638eb18\GTP_LUT6'.
Parameter \INIT = 64'0000010010001100001001101010111000010101100111010011011110111111
Found cached RTLIL representation for module `$paramod$f727312375f0221084cc1178f8a69fb75dcde0d1\GTP_LUT6'.
Parameter \INIT = 64'0000100001001100001010100110111000011001010111010011101101111111
Found cached RTLIL representation for module `$paramod$8882a3b33dd18f57a41f44a3c47621742105c409\GTP_LUT6'.
Parameter \INIT = 64'0000010010001100001001101010111000010101100111010011011110111111
Found cached RTLIL representation for module `$paramod$f727312375f0221084cc1178f8a69fb75dcde0d1\GTP_LUT6'.
Parameter \INIT = 64'0000010010001100000101011001110100100110101011100011011110111111
Found cached RTLIL representation for module `$paramod$2d73eff6d96d2022a68579050af97cf99ed061c0\GTP_LUT6'.
Parameter \INIT = 64'0000100000101010010011000110111000011001001110110101110101111111
Found cached RTLIL representation for module `$paramod$5c415880011e436eb497186bc990ffaa3638eb18\GTP_LUT6'.
Parameter \INIT = 64'0000001010001010010001101100111000010011100110110101011111011111
Found cached RTLIL representation for module `$paramod$8bfb663cb468b8c03e54c276801c66c19f924346\GTP_LUT6'.
Parameter \INIT = 64'0000000110001001010001011100110100100011101010110110011111101111
Found cached RTLIL representation for module `$paramod$1d83be06963d064186b8617cc1f21d89ea19a788\GTP_LUT6'.
Parameter \INIT = 64'0000010010001100000101011001110100100110101011100011011110111111
Found cached RTLIL representation for module `$paramod$2d73eff6d96d2022a68579050af97cf99ed061c0\GTP_LUT6'.
Parameter \INIT = 64'1111101111011001111010101100100001110011010100010110001001000000
Found cached RTLIL representation for module `$paramod$caeb33699a600d7f85f8415c9bf5bf91e6a1dae4\GTP_LUT6'.
Parameter \INIT = 64'1111111001110110101110100011001011011100010101001001100000010000
Found cached RTLIL representation for module `$paramod$0ee98273644ae2298b1c5fb0b716067f8f4d8629\GTP_LUT6'.
Parameter \INIT = 64'1111101101110011111010100110001011011001010100011100100001000000
Found cached RTLIL representation for module `$paramod$f4a5a826ecaed980618a65e26332cee7f6c0ed0e\GTP_LUT6'.
Parameter \INIT = 64'1111011111010101111001101100010010110011100100011010001010000000

3.50. Executing AST frontend in derive mode using pre-parsed AST for module `\GTP_LUT6'.
Parameter \INIT = 64'1111011111010101111001101100010010110011100100011010001010000000
Generating RTLIL representation for module `$paramod$9b9183c62070f3251b34e893508aebf256e65d44\GTP_LUT6'.
Parameter \INIT = 64'1111111010111010011101100011001011011100100110000101010000010000
Found cached RTLIL representation for module `$paramod$40a74420ec319bd8144c74d895c39a192e51abc3\GTP_LUT6'.
Parameter \INIT = 64'1111111011011100011101100101010010111010100110000011001000010000
Found cached RTLIL representation for module `$paramod$5d30a6194b3209e9f098eac2d54bfe6ad6fc314d\GTP_LUT6'.
Parameter \INIT = 64'1111011110110011111001101010001011010101100100011100010010000000

3.51. Executing AST frontend in derive mode using pre-parsed AST for module `\GTP_LUT6'.
Parameter \INIT = 64'1111011110110011111001101010001011010101100100011100010010000000
Generating RTLIL representation for module `$paramod$3d8ab1ab8f28808947ee4190e17c780b8e6366ea\GTP_LUT6'.
Parameter \INIT = 64'1111011111010101101100111001000111100110110001001010001010000000
Found cached RTLIL representation for module `$paramod$2f9ebbf097cdfa2967638f908d43c734f1bc2a94\GTP_LUT6'.
Parameter \INIT = 64'1111111010111010011101100011001011011100100110000101010000010000
Found cached RTLIL representation for module `$paramod$40a74420ec319bd8144c74d895c39a192e51abc3\GTP_LUT6'.
Parameter \INIT = 64'1111111011011100011101100101010010111010100110000011001000010000
Found cached RTLIL representation for module `$paramod$5d30a6194b3209e9f098eac2d54bfe6ad6fc314d\GTP_LUT6'.
Parameter \INIT = 64'1111011110110011111001101010001011010101100100011100010010000000
Found cached RTLIL representation for module `$paramod$3d8ab1ab8f28808947ee4190e17c780b8e6366ea\GTP_LUT6'.
Parameter \INIT = 64'1111011111010101101100111001000111100110110001001010001010000000
Found cached RTLIL representation for module `$paramod$2f9ebbf097cdfa2967638f908d43c734f1bc2a94\GTP_LUT6'.
Parameter \INIT = 64'1111111010111010011101100011001011011100100110000101010000010000
Found cached RTLIL representation for module `$paramod$40a74420ec319bd8144c74d895c39a192e51abc3\GTP_LUT6'.
Parameter \INIT = 64'1111111011011100011101100101010010111010100110000011001000010000
Found cached RTLIL representation for module `$paramod$5d30a6194b3209e9f098eac2d54bfe6ad6fc314d\GTP_LUT6'.
Parameter \INIT = 64'1111011110110011111001101010001011010101100100011100010010000000
Found cached RTLIL representation for module `$paramod$3d8ab1ab8f28808947ee4190e17c780b8e6366ea\GTP_LUT6'.
Parameter \INIT = 64'1111011111010101101100111001000111100110110001001010001010000000
Found cached RTLIL representation for module `$paramod$2f9ebbf097cdfa2967638f908d43c734f1bc2a94\GTP_LUT6'.
Parameter \INIT = 64'1111101111011001011100110101000111101010110010000110001001000000

3.52. Executing AST frontend in derive mode using pre-parsed AST for module `\GTP_LUT6'.
Parameter \INIT = 64'1111101111011001011100110101000111101010110010000110001001000000
Generating RTLIL representation for module `$paramod$f6555e9ab0bc5020e5fc1a90355010c2b48010c6\GTP_LUT6'.
Parameter \INIT = 64'1111101111011001011100110101000111101010110010000110001001000000
Found cached RTLIL representation for module `$paramod$f6555e9ab0bc5020e5fc1a90355010c2b48010c6\GTP_LUT6'.
Parameter \INIT = 64'1111101111011001011100110101000111101010110010000110001001000000
Found cached RTLIL representation for module `$paramod$f6555e9ab0bc5020e5fc1a90355010c2b48010c6\GTP_LUT6'.
Parameter \INIT = 64'1111111011011100011101100101010010111010100110000011001000010000
Found cached RTLIL representation for module `$paramod$5d30a6194b3209e9f098eac2d54bfe6ad6fc314d\GTP_LUT6'.
Parameter \INIT = 64'1111111011011100101110101001100001110110010101000011001000010000

3.53. Executing AST frontend in derive mode using pre-parsed AST for module `\GTP_LUT6'.
Parameter \INIT = 64'1111111011011100101110101001100001110110010101000011001000010000
Generating RTLIL representation for module `$paramod$8afa1c1ad3e8140cc84d7a1bc8e84dfb52f0cec5\GTP_LUT6'.
Parameter \INIT = 64'1111110111101100101110011010100001110101011001000011000100100000
Found cached RTLIL representation for module `$paramod$4681bb6ce0415ad751b6e69f9b7b924449512c00\GTP_LUT6'.
Parameter \INIT = 64'1111110111101100101110011010100001110101011001000011000100100000
Found cached RTLIL representation for module `$paramod$4681bb6ce0415ad751b6e69f9b7b924449512c00\GTP_LUT6'.
Parameter \INIT = 64'1111110111101100101110011010100001110101011001000011000100100000
Found cached RTLIL representation for module `$paramod$4681bb6ce0415ad751b6e69f9b7b924449512c00\GTP_LUT6'.
Parameter \INIT = 64'1111111011011100101110101001100001110110010101000011001000010000
Found cached RTLIL representation for module `$paramod$8afa1c1ad3e8140cc84d7a1bc8e84dfb52f0cec5\GTP_LUT6'.
Parameter \INIT = 64'1111111010111010110111001001100001110110001100100101010000010000
Found cached RTLIL representation for module `$paramod$b1c3c11bf64f14c9ee5fafd59b339172e2760fb6\GTP_LUT6'.
Parameter \INIT = 64'1111111010111010110111001001100001110110001100100101010000010000
Found cached RTLIL representation for module `$paramod$b1c3c11bf64f14c9ee5fafd59b339172e2760fb6\GTP_LUT6'.
Parameter \INIT = 64'1111011111010101101100111001000111100110110001001010001010000000
Found cached RTLIL representation for module `$paramod$2f9ebbf097cdfa2967638f908d43c734f1bc2a94\GTP_LUT6'.
Parameter \INIT = 64'1111110111101100011101010110010010111001101010000011000100100000
Found cached RTLIL representation for module `$paramod$d434f9d87fe86e73921a11e4fbb35dc5a8530ced\GTP_LUT6'.
Parameter \INIT = 64'1111110111101100101110011010100001110101011001000011000100100000
Found cached RTLIL representation for module `$paramod$4681bb6ce0415ad751b6e69f9b7b924449512c00\GTP_LUT6'.
Parameter \INIT = 64'1111110111101100011101010110010010111001101010000011000100100000
Found cached RTLIL representation for module `$paramod$d434f9d87fe86e73921a11e4fbb35dc5a8530ced\GTP_LUT6'.
Parameter \INIT = 64'1111101111101010110110011100100001110011011000100101000101000000

3.54. Executing AST frontend in derive mode using pre-parsed AST for module `\GTP_LUT6'.
Parameter \INIT = 64'1111101111101010110110011100100001110011011000100101000101000000
Generating RTLIL representation for module `$paramod$e43a2ee0ccdad2507fed95e2ede67b51928e7297\GTP_LUT6'.
Parameter \INIT = 64'1111101101110011111010100110001011011001010100011100100001000000
Found cached RTLIL representation for module `$paramod$f4a5a826ecaed980618a65e26332cee7f6c0ed0e\GTP_LUT6'.
Parameter \INIT = 64'1111111001110110110111000101010010111010001100101001100000010000

3.55. Executing AST frontend in derive mode using pre-parsed AST for module `\GTP_LUT6'.
Parameter \INIT = 64'1111111001110110110111000101010010111010001100101001100000010000
Generating RTLIL representation for module `$paramod$b5490ed2342ddc41204558ae86dadf152ee9de9e\GTP_LUT6'.
Parameter \INIT = 64'1111101101110011111010100110001011011001010100011100100001000000
Found cached RTLIL representation for module `$paramod$f4a5a826ecaed980618a65e26332cee7f6c0ed0e\GTP_LUT6'.
Parameter \INIT = 64'1111011111010101101100111001000111100110110001001010001010000000
Found cached RTLIL representation for module `$paramod$2f9ebbf097cdfa2967638f908d43c734f1bc2a94\GTP_LUT6'.
Parameter \INIT = 64'1111011110110011110101011001000111100110101000101100010010000000
Found cached RTLIL representation for module `$paramod$ac8f19de417d2497f603ab87e87ef6890b20900a\GTP_LUT6'.
Parameter \INIT = 64'1111111001110110101110100011001011011100010101001001100000010000
Found cached RTLIL representation for module `$paramod$0ee98273644ae2298b1c5fb0b716067f8f4d8629\GTP_LUT6'.
Parameter \INIT = 64'1111011110110011110101011001000111100110101000101100010010000000
Found cached RTLIL representation for module `$paramod$ac8f19de417d2497f603ab87e87ef6890b20900a\GTP_LUT6'.
Parameter \INIT = 64'1111011110110011110101011001000111100110101000101100010010000000
Found cached RTLIL representation for module `$paramod$ac8f19de417d2497f603ab87e87ef6890b20900a\GTP_LUT6'.
Parameter \INIT = 64'1111011110110011111001101010001011010101100100011100010010000000
Found cached RTLIL representation for module `$paramod$3d8ab1ab8f28808947ee4190e17c780b8e6366ea\GTP_LUT6'.
Parameter \INIT = 64'1111111001110110110111000101010010111010001100101001100000010000
Found cached RTLIL representation for module `$paramod$b5490ed2342ddc41204558ae86dadf152ee9de9e\GTP_LUT6'.
Parameter \INIT = 64'1111101101110011110110010101000111101010011000101100100001000000
Found cached RTLIL representation for module `$paramod$424c922ba4bc977e9f82b484f026e06a59e65479\GTP_LUT6'.
Parameter \INIT = 64'1111011110110011110101011001000111100110101000101100010010000000
Found cached RTLIL representation for module `$paramod$ac8f19de417d2497f603ab87e87ef6890b20900a\GTP_LUT6'.
Parameter \INIT = 64'1111011110110011110101011001000111100110101000101100010010000000
Found cached RTLIL representation for module `$paramod$ac8f19de417d2497f603ab87e87ef6890b20900a\GTP_LUT6'.
Parameter \INIT = 64'1111111001110110101110100011001011011100010101001001100000010000
Found cached RTLIL representation for module `$paramod$0ee98273644ae2298b1c5fb0b716067f8f4d8629\GTP_LUT6'.
Parameter \INIT = 64'1111101101110011110110010101000111101010011000101100100001000000
Found cached RTLIL representation for module `$paramod$424c922ba4bc977e9f82b484f026e06a59e65479\GTP_LUT6'.
Parameter \INIT = 64'1111011110110011110101011001000111100110101000101100010010000000
Found cached RTLIL representation for module `$paramod$ac8f19de417d2497f603ab87e87ef6890b20900a\GTP_LUT6'.
Parameter \INIT = 64'1111101111011001011100110101000111101010110010000110001001000000
Found cached RTLIL representation for module `$paramod$f6555e9ab0bc5020e5fc1a90355010c2b48010c6\GTP_LUT6'.
Parameter \INIT = 64'1111011111010101101100111001000111100110110001001010001010000000
Found cached RTLIL representation for module `$paramod$2f9ebbf097cdfa2967638f908d43c734f1bc2a94\GTP_LUT6'.
Parameter \INIT = 64'1111110110111001011101010011000111101100101010000110010000100000

3.56. Executing AST frontend in derive mode using pre-parsed AST for module `\GTP_LUT6'.
Parameter \INIT = 64'1111110110111001011101010011000111101100101010000110010000100000
Generating RTLIL representation for module `$paramod$1d77b703417be9f24218f6081cb15c469014474f\GTP_LUT6'.
Parameter \INIT = 64'1111110110111001011101010011000111101100101010000110010000100000
Found cached RTLIL representation for module `$paramod$1d77b703417be9f24218f6081cb15c469014474f\GTP_LUT6'.
Parameter \INIT = 64'1111110111101100101110011010100001110101011001000011000100100000
Found cached RTLIL representation for module `$paramod$4681bb6ce0415ad751b6e69f9b7b924449512c00\GTP_LUT6'.
Parameter \INIT = 64'1111101111101010110110011100100001110011011000100101000101000000
Found cached RTLIL representation for module `$paramod$e43a2ee0ccdad2507fed95e2ede67b51928e7297\GTP_LUT6'.
Parameter \INIT = 64'1111011111100110110101011100010010110011101000101001000110000000

3.57. Executing AST frontend in derive mode using pre-parsed AST for module `\GTP_LUT6'.
Parameter \INIT = 64'1111011111100110110101011100010010110011101000101001000110000000
Generating RTLIL representation for module `$paramod$755a32d13e98fdc41c29849d1f6f0a74ae965056\GTP_LUT6'.
Parameter \INIT = 64'1111110111101100101110011010100001110101011001000011000100100000
Found cached RTLIL representation for module `$paramod$4681bb6ce0415ad751b6e69f9b7b924449512c00\GTP_LUT6'.
Parameter \INIT = 64'1111101111101010110110011100100001110011011000100101000101000000
Found cached RTLIL representation for module `$paramod$e43a2ee0ccdad2507fed95e2ede67b51928e7297\GTP_LUT6'.
Parameter \INIT = 64'1111111011011100011101100101010010111010100110000011001000010000
Found cached RTLIL representation for module `$paramod$5d30a6194b3209e9f098eac2d54bfe6ad6fc314d\GTP_LUT6'.
Parameter \INIT = 64'1111111011011100101110101001100001110110010101000011001000010000
Found cached RTLIL representation for module `$paramod$8afa1c1ad3e8140cc84d7a1bc8e84dfb52f0cec5\GTP_LUT6'.
Parameter \INIT = 64'1111111011011100101110101001100001110110010101000011001000010000
Found cached RTLIL representation for module `$paramod$8afa1c1ad3e8140cc84d7a1bc8e84dfb52f0cec5\GTP_LUT6'.
Parameter \INIT = 64'1111110111101100101110011010100001110101011001000011000100100000
Found cached RTLIL representation for module `$paramod$4681bb6ce0415ad751b6e69f9b7b924449512c00\GTP_LUT6'.
Parameter \INIT = 64'1111110111101100011101010110010010111001101010000011000100100000
Found cached RTLIL representation for module `$paramod$d434f9d87fe86e73921a11e4fbb35dc5a8530ced\GTP_LUT6'.
Parameter \INIT = 64'1111101111101010110110011100100001110011011000100101000101000000
Found cached RTLIL representation for module `$paramod$e43a2ee0ccdad2507fed95e2ede67b51928e7297\GTP_LUT6'.
Parameter \INIT = 64'1111011111100110110101011100010010110011101000101001000110000000
Found cached RTLIL representation for module `$paramod$755a32d13e98fdc41c29849d1f6f0a74ae965056\GTP_LUT6'.
Parameter \INIT = 64'1111011110110011111001101010001011010101100100011100010010000000
Found cached RTLIL representation for module `$paramod$3d8ab1ab8f28808947ee4190e17c780b8e6366ea\GTP_LUT6'.
Parameter \INIT = 64'1111110110111001011101010011000111101100101010000110010000100000
Found cached RTLIL representation for module `$paramod$1d77b703417be9f24218f6081cb15c469014474f\GTP_LUT6'.
Parameter \INIT = 64'1111101101110011110110010101000111101010011000101100100001000000
Found cached RTLIL representation for module `$paramod$424c922ba4bc977e9f82b484f026e06a59e65479\GTP_LUT6'.
Parameter \INIT = 64'1111011110110011110101011001000111100110101000101100010010000000
Found cached RTLIL representation for module `$paramod$ac8f19de417d2497f603ab87e87ef6890b20900a\GTP_LUT6'.
Parameter \INIT = 64'1111110110111001011101010011000111101100101010000110010000100000
Found cached RTLIL representation for module `$paramod$1d77b703417be9f24218f6081cb15c469014474f\GTP_LUT6'.
Parameter \INIT = 64'1111110110111001011101010011000111101100101010000110010000100000
Found cached RTLIL representation for module `$paramod$1d77b703417be9f24218f6081cb15c469014474f\GTP_LUT6'.
Parameter \INIT = 64'1111101101110011111010100110001011011001010100011100100001000000
Found cached RTLIL representation for module `$paramod$f4a5a826ecaed980618a65e26332cee7f6c0ed0e\GTP_LUT6'.
Parameter \INIT = 64'1111011111100110110101011100010010110011101000101001000110000000
Found cached RTLIL representation for module `$paramod$755a32d13e98fdc41c29849d1f6f0a74ae965056\GTP_LUT6'.
Parameter \INIT = 64'1111011110110011111001101010001011010101100100011100010010000000
Found cached RTLIL representation for module `$paramod$3d8ab1ab8f28808947ee4190e17c780b8e6366ea\GTP_LUT6'.
Parameter \INIT = 64'1111011111010101101100111001000111100110110001001010001010000000
Found cached RTLIL representation for module `$paramod$2f9ebbf097cdfa2967638f908d43c734f1bc2a94\GTP_LUT6'.
Parameter \INIT = 64'1111101101110011110110010101000111101010011000101100100001000000
Found cached RTLIL representation for module `$paramod$424c922ba4bc977e9f82b484f026e06a59e65479\GTP_LUT6'.
Parameter \INIT = 64'1111011110110011110101011001000111100110101000101100010010000000
Found cached RTLIL representation for module `$paramod$ac8f19de417d2497f603ab87e87ef6890b20900a\GTP_LUT6'.
Parameter \INIT = 64'1111101111101010110110011100100001110011011000100101000101000000
Found cached RTLIL representation for module `$paramod$e43a2ee0ccdad2507fed95e2ede67b51928e7297\GTP_LUT6'.
Parameter \INIT = 64'1111011111010101101100111001000111100110110001001010001010000000
Found cached RTLIL representation for module `$paramod$2f9ebbf097cdfa2967638f908d43c734f1bc2a94\GTP_LUT6'.
Parameter \INIT = 64'1111101101110011110110010101000111101010011000101100100001000000
Found cached RTLIL representation for module `$paramod$424c922ba4bc977e9f82b484f026e06a59e65479\GTP_LUT6'.
Parameter \INIT = 64'1111011110110011111001101010001011010101100100011100010010000000
Found cached RTLIL representation for module `$paramod$3d8ab1ab8f28808947ee4190e17c780b8e6366ea\GTP_LUT6'.
Parameter \INIT = 64'1111011111100110110101011100010010110011101000101001000110000000
Found cached RTLIL representation for module `$paramod$755a32d13e98fdc41c29849d1f6f0a74ae965056\GTP_LUT6'.
Parameter \INIT = 64'1111101111101010110110011100100001110011011000100101000101000000
Found cached RTLIL representation for module `$paramod$e43a2ee0ccdad2507fed95e2ede67b51928e7297\GTP_LUT6'.
Parameter \INIT = 64'1111011111010101101100111001000111100110110001001010001010000000
Found cached RTLIL representation for module `$paramod$2f9ebbf097cdfa2967638f908d43c734f1bc2a94\GTP_LUT6'.
Parameter \INIT = 64'1111111001110110110111000101010010111010001100101001100000010000
Found cached RTLIL representation for module `$paramod$b5490ed2342ddc41204558ae86dadf152ee9de9e\GTP_LUT6'.
Parameter \INIT = 64'1111111010111010011101100011001011011100100110000101010000010000
Found cached RTLIL representation for module `$paramod$40a74420ec319bd8144c74d895c39a192e51abc3\GTP_LUT6'.
Parameter \INIT = 64'1111111001110110110111000101010010111010001100101001100000010000
Found cached RTLIL representation for module `$paramod$b5490ed2342ddc41204558ae86dadf152ee9de9e\GTP_LUT6'.
Parameter \INIT = 64'1111111010111010011101100011001011011100100110000101010000010000
Found cached RTLIL representation for module `$paramod$40a74420ec319bd8144c74d895c39a192e51abc3\GTP_LUT6'.
Parameter \INIT = 64'1111110111101100101110011010100001110101011001000011000100100000
Found cached RTLIL representation for module `$paramod$4681bb6ce0415ad751b6e69f9b7b924449512c00\GTP_LUT6'.
Parameter \INIT = 64'1111101111101010110110011100100001110011011000100101000101000000
Found cached RTLIL representation for module `$paramod$e43a2ee0ccdad2507fed95e2ede67b51928e7297\GTP_LUT6'.
Parameter \INIT = 64'1111110111101100011101010110010010111001101010000011000100100000
Found cached RTLIL representation for module `$paramod$d434f9d87fe86e73921a11e4fbb35dc5a8530ced\GTP_LUT6'.
Parameter \INIT = 64'1111101111101010110110011100100001110011011000100101000101000000
Found cached RTLIL representation for module `$paramod$e43a2ee0ccdad2507fed95e2ede67b51928e7297\GTP_LUT6'.
Parameter \INIT = 64'1111111011011100101110101001100001110110010101000011001000010000
Found cached RTLIL representation for module `$paramod$8afa1c1ad3e8140cc84d7a1bc8e84dfb52f0cec5\GTP_LUT6'.
Parameter \INIT = 64'1111110111101100101110011010100001110101011001000011000100100000
Found cached RTLIL representation for module `$paramod$4681bb6ce0415ad751b6e69f9b7b924449512c00\GTP_LUT6'.
Parameter \INIT = 64'1111111011011100011101100101010010111010100110000011001000010000
Found cached RTLIL representation for module `$paramod$5d30a6194b3209e9f098eac2d54bfe6ad6fc314d\GTP_LUT6'.
Parameter \INIT = 64'1111110111101100101110011010100001110101011001000011000100100000
Found cached RTLIL representation for module `$paramod$4681bb6ce0415ad751b6e69f9b7b924449512c00\GTP_LUT6'.
Parameter \INIT = 64'1111011111100110110101011100010010110011101000101001000110000000
Found cached RTLIL representation for module `$paramod$755a32d13e98fdc41c29849d1f6f0a74ae965056\GTP_LUT6'.
Parameter \INIT = 64'1111011110110011111001101010001011010101100100011100010010000000
Found cached RTLIL representation for module `$paramod$3d8ab1ab8f28808947ee4190e17c780b8e6366ea\GTP_LUT6'.
Parameter \INIT = 64'1111011111010101101100111001000111100110110001001010001010000000
Found cached RTLIL representation for module `$paramod$2f9ebbf097cdfa2967638f908d43c734f1bc2a94\GTP_LUT6'.
Parameter \INIT = 64'1111101101110011110110010101000111101010011000101100100001000000
Found cached RTLIL representation for module `$paramod$424c922ba4bc977e9f82b484f026e06a59e65479\GTP_LUT6'.
Parameter \INIT = 64'1111011110110011110101011001000111100110101000101100010010000000
Found cached RTLIL representation for module `$paramod$ac8f19de417d2497f603ab87e87ef6890b20900a\GTP_LUT6'.
Parameter \INIT = 64'1111011110110011110101011001000111100110101000101100010010000000
Found cached RTLIL representation for module `$paramod$ac8f19de417d2497f603ab87e87ef6890b20900a\GTP_LUT6'.
Parameter \INIT = 64'1111110110111001011101010011000111101100101010000110010000100000
Found cached RTLIL representation for module `$paramod$1d77b703417be9f24218f6081cb15c469014474f\GTP_LUT6'.
Parameter \INIT = 64'1111101101110011110110010101000111101010011000101100100001000000
Found cached RTLIL representation for module `$paramod$424c922ba4bc977e9f82b484f026e06a59e65479\GTP_LUT6'.
Parameter \INIT = 64'1111011110110011110101011001000111100110101000101100010010000000
Found cached RTLIL representation for module `$paramod$ac8f19de417d2497f603ab87e87ef6890b20900a\GTP_LUT6'.
Parameter \INIT = 64'1111110111101100101110011010100001110101011001000011000100100000
Found cached RTLIL representation for module `$paramod$4681bb6ce0415ad751b6e69f9b7b924449512c00\GTP_LUT6'.
Parameter \INIT = 64'1111101111011001011100110101000111101010110010000110001001000000
Found cached RTLIL representation for module `$paramod$f6555e9ab0bc5020e5fc1a90355010c2b48010c6\GTP_LUT6'.
Parameter \INIT = 64'1111011110110011110101011001000111100110101000101100010010000000
Found cached RTLIL representation for module `$paramod$ac8f19de417d2497f603ab87e87ef6890b20900a\GTP_LUT6'.
Parameter \INIT = 64'1111011110110011110101011001000111100110101000101100010010000000
Found cached RTLIL representation for module `$paramod$ac8f19de417d2497f603ab87e87ef6890b20900a\GTP_LUT6'.
Parameter \INIT = 64'1111101111101010110110011100100001110011011000100101000101000000
Found cached RTLIL representation for module `$paramod$e43a2ee0ccdad2507fed95e2ede67b51928e7297\GTP_LUT6'.
Parameter \INIT = 64'1111011111010101101100111001000111100110110001001010001010000000
Found cached RTLIL representation for module `$paramod$2f9ebbf097cdfa2967638f908d43c734f1bc2a94\GTP_LUT6'.
Parameter \INIT = 64'1111101101110011111010100110001011011001010100011100100001000000
Found cached RTLIL representation for module `$paramod$f4a5a826ecaed980618a65e26332cee7f6c0ed0e\GTP_LUT6'.
Parameter \INIT = 64'1111011111010101101100111001000111100110110001001010001010000000
Found cached RTLIL representation for module `$paramod$2f9ebbf097cdfa2967638f908d43c734f1bc2a94\GTP_LUT6'.
Parameter \INIT = 64'1111011111100110110101011100010010110011101000101001000110000000
Found cached RTLIL representation for module `$paramod$755a32d13e98fdc41c29849d1f6f0a74ae965056\GTP_LUT6'.
Parameter \INIT = 64'1111011110110011110101011001000111100110101000101100010010000000
Found cached RTLIL representation for module `$paramod$ac8f19de417d2497f603ab87e87ef6890b20900a\GTP_LUT6'.
Parameter \INIT = 64'1111111010111010011101100011001011011100100110000101010000010000
Found cached RTLIL representation for module `$paramod$40a74420ec319bd8144c74d895c39a192e51abc3\GTP_LUT6'.
Parameter \INIT = 64'1111111001110110110111000101010010111010001100101001100000010000
Found cached RTLIL representation for module `$paramod$b5490ed2342ddc41204558ae86dadf152ee9de9e\GTP_LUT6'.
Parameter \INIT = 64'1111111001110110101110100011001011011100010101001001100000010000
Found cached RTLIL representation for module `$paramod$0ee98273644ae2298b1c5fb0b716067f8f4d8629\GTP_LUT6'.
Parameter \INIT = 64'1111111001110110101110100011001011011100010101001001100000010000
Found cached RTLIL representation for module `$paramod$0ee98273644ae2298b1c5fb0b716067f8f4d8629\GTP_LUT6'.
Parameter \INIT = 64'1111111011011100011101100101010010111010100110000011001000010000
Found cached RTLIL representation for module `$paramod$5d30a6194b3209e9f098eac2d54bfe6ad6fc314d\GTP_LUT6'.
Parameter \INIT = 64'1111111011011100101110101001100001110110010101000011001000010000
Found cached RTLIL representation for module `$paramod$8afa1c1ad3e8140cc84d7a1bc8e84dfb52f0cec5\GTP_LUT6'.
Parameter \INIT = 64'1111110111101100101110011010100001110101011001000011000100100000
Found cached RTLIL representation for module `$paramod$4681bb6ce0415ad751b6e69f9b7b924449512c00\GTP_LUT6'.
Parameter \INIT = 64'1111110111101100011101010110010010111001101010000011000100100000
Found cached RTLIL representation for module `$paramod$d434f9d87fe86e73921a11e4fbb35dc5a8530ced\GTP_LUT6'.
Parameter \INIT = 64'1111101111101010110110011100100001110011011000100101000101000000
Found cached RTLIL representation for module `$paramod$e43a2ee0ccdad2507fed95e2ede67b51928e7297\GTP_LUT6'.
Parameter \INIT = 64'1111111011011100011101100101010010111010100110000011001000010000
Found cached RTLIL representation for module `$paramod$5d30a6194b3209e9f098eac2d54bfe6ad6fc314d\GTP_LUT6'.
Parameter \INIT = 64'1111111011011100101110101001100001110110010101000011001000010000
Found cached RTLIL representation for module `$paramod$8afa1c1ad3e8140cc84d7a1bc8e84dfb52f0cec5\GTP_LUT6'.
Parameter \INIT = 64'1111111011011100101110101001100001110110010101000011001000010000
Found cached RTLIL representation for module `$paramod$8afa1c1ad3e8140cc84d7a1bc8e84dfb52f0cec5\GTP_LUT6'.
Parameter \INIT = 64'1111110111101100101110011010100001110101011001000011000100100000
Found cached RTLIL representation for module `$paramod$4681bb6ce0415ad751b6e69f9b7b924449512c00\GTP_LUT6'.
Parameter \INIT = 64'1111101111101010110110011100100001110011011000100101000101000000
Found cached RTLIL representation for module `$paramod$e43a2ee0ccdad2507fed95e2ede67b51928e7297\GTP_LUT6'.
Parameter \INIT = 64'0101010101010101001100110011001100001111000011110000000011111111
Found cached RTLIL representation for module `$paramod$2f26993f411a043fa22d02de779dd8c2161ae5a2\GTP_LUT6'.
Parameter \INIT = 64'0101010101010101001100110011001100001111000011110000000011111111
Found cached RTLIL representation for module `$paramod$2f26993f411a043fa22d02de779dd8c2161ae5a2\GTP_LUT6'.
Parameter \INIT = 64'0101010101010101001100110011001100001111000011110000000011111111
Found cached RTLIL representation for module `$paramod$2f26993f411a043fa22d02de779dd8c2161ae5a2\GTP_LUT6'.
Parameter \INIT = 64'0101010101010101001100110011001100001111000011110000000011111111
Found cached RTLIL representation for module `$paramod$2f26993f411a043fa22d02de779dd8c2161ae5a2\GTP_LUT6'.
Parameter \INIT = 64'0101010101010101001100110011001100001111000011110000000011111111
Found cached RTLIL representation for module `$paramod$2f26993f411a043fa22d02de779dd8c2161ae5a2\GTP_LUT6'.
Parameter \INIT = 64'0101010101010101001100110011001100001111000011110000000011111111
Found cached RTLIL representation for module `$paramod$2f26993f411a043fa22d02de779dd8c2161ae5a2\GTP_LUT6'.
Parameter \INIT = 64'0101010101010101001100110011001100001111000011110000000011111111
Found cached RTLIL representation for module `$paramod$2f26993f411a043fa22d02de779dd8c2161ae5a2\GTP_LUT6'.
Parameter \INIT = 64'0101010101010101001100110011001100001111000011110000000011111111
Found cached RTLIL representation for module `$paramod$2f26993f411a043fa22d02de779dd8c2161ae5a2\GTP_LUT6'.
Parameter \INIT = 64'0101010101010101001100110011001100001111000011110000000011111111
Found cached RTLIL representation for module `$paramod$2f26993f411a043fa22d02de779dd8c2161ae5a2\GTP_LUT6'.
Parameter \INIT = 64'0101010101010101001100110011001100001111000011110000000011111111
Found cached RTLIL representation for module `$paramod$2f26993f411a043fa22d02de779dd8c2161ae5a2\GTP_LUT6'.
Parameter \INIT = 64'0101010101010101001100110011001100001111000011110000000011111111
Found cached RTLIL representation for module `$paramod$2f26993f411a043fa22d02de779dd8c2161ae5a2\GTP_LUT6'.
Parameter \INIT = 64'0101010101010101001100110011001100001111000011110000000011111111
Found cached RTLIL representation for module `$paramod$2f26993f411a043fa22d02de779dd8c2161ae5a2\GTP_LUT6'.
Parameter \INIT = 64'0101010101010101001100110011001100001111000011110000000011111111
Found cached RTLIL representation for module `$paramod$2f26993f411a043fa22d02de779dd8c2161ae5a2\GTP_LUT6'.
Parameter \INIT = 64'0101010101010101001100110011001100001111000011110000000011111111
Found cached RTLIL representation for module `$paramod$2f26993f411a043fa22d02de779dd8c2161ae5a2\GTP_LUT6'.
Parameter \INIT = 64'0101010101010101001100110011001100001111000011110000000011111111
Found cached RTLIL representation for module `$paramod$2f26993f411a043fa22d02de779dd8c2161ae5a2\GTP_LUT6'.
Parameter \INIT = 64'0101010101010101001100110011001100001111000011110000000011111111
Found cached RTLIL representation for module `$paramod$2f26993f411a043fa22d02de779dd8c2161ae5a2\GTP_LUT6'.
Parameter \INIT = 64'0101010101010101001100110011001100001111000011110000000011111111
Found cached RTLIL representation for module `$paramod$2f26993f411a043fa22d02de779dd8c2161ae5a2\GTP_LUT6'.
Parameter \INIT = 64'0101010101010101001100110011001100001111000011110000000011111111
Found cached RTLIL representation for module `$paramod$2f26993f411a043fa22d02de779dd8c2161ae5a2\GTP_LUT6'.
Parameter \INIT = 64'0101010101010101001100110011001100001111000011110000000011111111
Found cached RTLIL representation for module `$paramod$2f26993f411a043fa22d02de779dd8c2161ae5a2\GTP_LUT6'.
Parameter \INIT = 64'0101010101010101001100110011001100001111000011110000000011111111
Found cached RTLIL representation for module `$paramod$2f26993f411a043fa22d02de779dd8c2161ae5a2\GTP_LUT6'.
Parameter \INIT = 64'0000000011111111010101010101010100110011001100110000111100001111

3.58. Executing AST frontend in derive mode using pre-parsed AST for module `\GTP_LUT6'.
Parameter \INIT = 64'0000000011111111010101010101010100110011001100110000111100001111
Generating RTLIL representation for module `$paramod$d8f3d00b56c74d6b29f93e92edef766f79a88190\GTP_LUT6'.
Parameter \INIT = 64'0101010101010101001100110011001100001111000011110000000011111111
Found cached RTLIL representation for module `$paramod$2f26993f411a043fa22d02de779dd8c2161ae5a2\GTP_LUT6'.
Parameter \INIT = 64'0101010101010101001100110011001100001111000011110000000011111111
Found cached RTLIL representation for module `$paramod$2f26993f411a043fa22d02de779dd8c2161ae5a2\GTP_LUT6'.
Parameter \INIT = 64'0101010101010101001100110011001100001111000011110000000011111111
Found cached RTLIL representation for module `$paramod$2f26993f411a043fa22d02de779dd8c2161ae5a2\GTP_LUT6'.
Parameter \INIT = 64'0101010101010101001100110011001100001111000011110000000011111111
Found cached RTLIL representation for module `$paramod$2f26993f411a043fa22d02de779dd8c2161ae5a2\GTP_LUT6'.
Parameter \INIT = 64'0101010101010101001100110011001100001111000011110000000011111111
Found cached RTLIL representation for module `$paramod$2f26993f411a043fa22d02de779dd8c2161ae5a2\GTP_LUT6'.
Parameter \INIT = 64'0101010101010101001100110011001100001111000011110000000011111111
Found cached RTLIL representation for module `$paramod$2f26993f411a043fa22d02de779dd8c2161ae5a2\GTP_LUT6'.
Parameter \INIT = 64'0101010101010101001100110011001100001111000011110000000011111111
Found cached RTLIL representation for module `$paramod$2f26993f411a043fa22d02de779dd8c2161ae5a2\GTP_LUT6'.
Parameter \INIT = 64'0101010101010101001100110011001100001111000011110000000011111111
Found cached RTLIL representation for module `$paramod$2f26993f411a043fa22d02de779dd8c2161ae5a2\GTP_LUT6'.
Parameter \INIT = 64'0101010101010101001100110011001100001111000011110000000011111111
Found cached RTLIL representation for module `$paramod$2f26993f411a043fa22d02de779dd8c2161ae5a2\GTP_LUT6'.
Parameter \INIT = 64'0101010101010101001100110011001100001111000011110000000011111111
Found cached RTLIL representation for module `$paramod$2f26993f411a043fa22d02de779dd8c2161ae5a2\GTP_LUT6'.
Parameter \INIT = 64'0101010101010101001100110011001100001111000011110000000011111111
Found cached RTLIL representation for module `$paramod$2f26993f411a043fa22d02de779dd8c2161ae5a2\GTP_LUT6'.
Parameter \INIT = 64'1010101010101010110011001100110011110000111100001111111100000000
Found cached RTLIL representation for module `$paramod$3b8fee26eb23e369f00e21e94980bfffb52ffd7e\GTP_LUT6'.
Parameter \INIT = 64'1010101010101010110011001100110011110000111100001111111100000000
Found cached RTLIL representation for module `$paramod$3b8fee26eb23e369f00e21e94980bfffb52ffd7e\GTP_LUT6'.
Parameter \INIT = 64'1010101010101010110011001100110011110000111100001111111100000000
Found cached RTLIL representation for module `$paramod$3b8fee26eb23e369f00e21e94980bfffb52ffd7e\GTP_LUT6'.
Parameter \INIT = 64'1010101010101010110011001100110011110000111100001111111100000000
Found cached RTLIL representation for module `$paramod$3b8fee26eb23e369f00e21e94980bfffb52ffd7e\GTP_LUT6'.
Parameter \INIT = 64'1010101010101010110011001100110011110000111100001111111100000000
Found cached RTLIL representation for module `$paramod$3b8fee26eb23e369f00e21e94980bfffb52ffd7e\GTP_LUT6'.
Parameter \INIT = 64'1010101010101010110011001100110011110000111100001111111100000000
Found cached RTLIL representation for module `$paramod$3b8fee26eb23e369f00e21e94980bfffb52ffd7e\GTP_LUT6'.
Parameter \INIT = 16'0001101100100111

3.59. Executing AST frontend in derive mode using pre-parsed AST for module `\GTP_LUT4D'.
Parameter \INIT = 16'0001101100100111
Generating RTLIL representation for module `$paramod\GTP_LUT4D\INIT=16'0001101100100111'.
Parameter \INIT = 16'0001101100100111
Found cached RTLIL representation for module `$paramod\GTP_LUT4D\INIT=16'0001101100100111'.
Parameter \INIT = 16'0001101100100111
Found cached RTLIL representation for module `$paramod\GTP_LUT4D\INIT=16'0001101100100111'.
Parameter \INIT = 16'0001101100100111
Found cached RTLIL representation for module `$paramod\GTP_LUT4D\INIT=16'0001101100100111'.
Parameter \INIT = 16'0001101100100111
Found cached RTLIL representation for module `$paramod\GTP_LUT4D\INIT=16'0001101100100111'.
Parameter \INIT = 16'0001101100100111
Found cached RTLIL representation for module `$paramod\GTP_LUT4D\INIT=16'0001101100100111'.
Parameter \INIT = 16'0001101100100111
Found cached RTLIL representation for module `$paramod\GTP_LUT4D\INIT=16'0001101100100111'.
Parameter \INIT = 16'0001101100100111
Found cached RTLIL representation for module `$paramod\GTP_LUT4D\INIT=16'0001101100100111'.
Parameter \INIT = 16'0001101100100111
Found cached RTLIL representation for module `$paramod\GTP_LUT4D\INIT=16'0001101100100111'.
Parameter \INIT = 16'0001101100100111
Found cached RTLIL representation for module `$paramod\GTP_LUT4D\INIT=16'0001101100100111'.
Parameter \INIT = 16'0001101100100111
Found cached RTLIL representation for module `$paramod\GTP_LUT4D\INIT=16'0001101100100111'.
Parameter \INIT = 16'0001101100100111
Found cached RTLIL representation for module `$paramod\GTP_LUT4D\INIT=16'0001101100100111'.
Parameter \INIT = 16'0001101100100111
Found cached RTLIL representation for module `$paramod\GTP_LUT4D\INIT=16'0001101100100111'.
Parameter \INIT = 16'0001101100100111
Found cached RTLIL representation for module `$paramod\GTP_LUT4D\INIT=16'0001101100100111'.
Parameter \INIT = 16'0001101100100111
Found cached RTLIL representation for module `$paramod\GTP_LUT4D\INIT=16'0001101100100111'.
Parameter \INIT = 16'0001101100100111
Found cached RTLIL representation for module `$paramod\GTP_LUT4D\INIT=16'0001101100100111'.
Parameter \INIT = 16'0001101100100111
Found cached RTLIL representation for module `$paramod\GTP_LUT4D\INIT=16'0001101100100111'.
Parameter \INIT = 16'0001101100100111
Found cached RTLIL representation for module `$paramod\GTP_LUT4D\INIT=16'0001101100100111'.
Parameter \INIT = 16'0001101100100111
Found cached RTLIL representation for module `$paramod\GTP_LUT4D\INIT=16'0001101100100111'.
Parameter \INIT = 16'0001101100100111
Found cached RTLIL representation for module `$paramod\GTP_LUT4D\INIT=16'0001101100100111'.
Parameter \INIT = 16'0001101100100111
Found cached RTLIL representation for module `$paramod\GTP_LUT4D\INIT=16'0001101100100111'.
Parameter \INIT = 16'0001101100100111
Found cached RTLIL representation for module `$paramod\GTP_LUT4D\INIT=16'0001101100100111'.
Parameter \INIT = 16'0001101100100111
Found cached RTLIL representation for module `$paramod\GTP_LUT4D\INIT=16'0001101100100111'.
Parameter \INIT = 16'0001101100100111
Found cached RTLIL representation for module `$paramod\GTP_LUT4D\INIT=16'0001101100100111'.
Parameter \INIT = 16'0001101100100111
Found cached RTLIL representation for module `$paramod\GTP_LUT4D\INIT=16'0001101100100111'.
Parameter \INIT = 16'0001101100100111
Found cached RTLIL representation for module `$paramod\GTP_LUT4D\INIT=16'0001101100100111'.
Parameter \INIT = 16'0001101100100111
Found cached RTLIL representation for module `$paramod\GTP_LUT4D\INIT=16'0001101100100111'.
Parameter \INIT = 16'0001101100100111
Found cached RTLIL representation for module `$paramod\GTP_LUT4D\INIT=16'0001101100100111'.
Parameter \INIT = 16'0001101100100111
Found cached RTLIL representation for module `$paramod\GTP_LUT4D\INIT=16'0001101100100111'.
Parameter \INIT = 16'0001101100100111
Found cached RTLIL representation for module `$paramod\GTP_LUT4D\INIT=16'0001101100100111'.
Parameter \INIT = 16'0001101100100111
Found cached RTLIL representation for module `$paramod\GTP_LUT4D\INIT=16'0001101100100111'.
Parameter \INIT = 16'0001101100100111
Found cached RTLIL representation for module `$paramod\GTP_LUT4D\INIT=16'0001101100100111'.
Parameter \INIT = 16'0001101100100111
Found cached RTLIL representation for module `$paramod\GTP_LUT4D\INIT=16'0001101100100111'.
Parameter \INIT = 16'0001101100100111
Found cached RTLIL representation for module `$paramod\GTP_LUT4D\INIT=16'0001101100100111'.
Parameter \INIT = 16'0001101100100111
Found cached RTLIL representation for module `$paramod\GTP_LUT4D\INIT=16'0001101100100111'.
Parameter \INIT = 16'0001101100100111
Found cached RTLIL representation for module `$paramod\GTP_LUT4D\INIT=16'0001101100100111'.
Parameter \INIT = 16'0001101100100111
Found cached RTLIL representation for module `$paramod\GTP_LUT4D\INIT=16'0001101100100111'.
Parameter \INIT = 16'0001101100100111
Found cached RTLIL representation for module `$paramod\GTP_LUT4D\INIT=16'0001101100100111'.
Parameter \INIT = 16'0001101100100111
Found cached RTLIL representation for module `$paramod\GTP_LUT4D\INIT=16'0001101100100111'.
Parameter \INIT = 16'0001101100100111
Found cached RTLIL representation for module `$paramod\GTP_LUT4D\INIT=16'0001101100100111'.
Parameter \INIT = 16'0001101100100111
Found cached RTLIL representation for module `$paramod\GTP_LUT4D\INIT=16'0001101100100111'.
Parameter \INIT = 16'0001101100100111
Found cached RTLIL representation for module `$paramod\GTP_LUT4D\INIT=16'0001101100100111'.
Parameter \INIT = 16'0001101100100111
Found cached RTLIL representation for module `$paramod\GTP_LUT4D\INIT=16'0001101100100111'.
Parameter \INIT = 16'0001101100100111
Found cached RTLIL representation for module `$paramod\GTP_LUT4D\INIT=16'0001101100100111'.
Parameter \INIT = 16'0001101100100111
Found cached RTLIL representation for module `$paramod\GTP_LUT4D\INIT=16'0001101100100111'.
Parameter \INIT = 16'0001101100100111
Found cached RTLIL representation for module `$paramod\GTP_LUT4D\INIT=16'0001101100100111'.
Parameter \INIT = 16'0001101100100111
Found cached RTLIL representation for module `$paramod\GTP_LUT4D\INIT=16'0001101100100111'.
Parameter \INIT = 16'0001101100100111
Found cached RTLIL representation for module `$paramod\GTP_LUT4D\INIT=16'0001101100100111'.
Parameter \INIT = 16'0001101100100111
Found cached RTLIL representation for module `$paramod\GTP_LUT4D\INIT=16'0001101100100111'.
Parameter \INIT = 16'0001101100100111
Found cached RTLIL representation for module `$paramod\GTP_LUT4D\INIT=16'0001101100100111'.
Parameter \INIT = 16'0001101100100111
Found cached RTLIL representation for module `$paramod\GTP_LUT4D\INIT=16'0001101100100111'.
Parameter \INIT = 16'0001101100100111
Found cached RTLIL representation for module `$paramod\GTP_LUT4D\INIT=16'0001101100100111'.
Parameter \INIT = 16'0001101100100111
Found cached RTLIL representation for module `$paramod\GTP_LUT4D\INIT=16'0001101100100111'.
Parameter \INIT = 16'0001101100100111
Found cached RTLIL representation for module `$paramod\GTP_LUT4D\INIT=16'0001101100100111'.
Parameter \INIT = 16'0001101100100111
Found cached RTLIL representation for module `$paramod\GTP_LUT4D\INIT=16'0001101100100111'.
Parameter \INIT = 16'0001101100100111
Found cached RTLIL representation for module `$paramod\GTP_LUT4D\INIT=16'0001101100100111'.
Parameter \INIT = 16'0001101100100111
Found cached RTLIL representation for module `$paramod\GTP_LUT4D\INIT=16'0001101100100111'.
Parameter \INIT = 16'0001101100100111
Found cached RTLIL representation for module `$paramod\GTP_LUT4D\INIT=16'0001101100100111'.
Parameter \INIT = 16'0001101100100111
Found cached RTLIL representation for module `$paramod\GTP_LUT4D\INIT=16'0001101100100111'.
Parameter \INIT = 16'0001101100100111
Found cached RTLIL representation for module `$paramod\GTP_LUT4D\INIT=16'0001101100100111'.
Parameter \INIT = 16'0001101100100111
Found cached RTLIL representation for module `$paramod\GTP_LUT4D\INIT=16'0001101100100111'.
Parameter \INIT = 16'0001101100100111
Found cached RTLIL representation for module `$paramod\GTP_LUT4D\INIT=16'0001101100100111'.
Parameter \INIT = 16'0001101100100111
Found cached RTLIL representation for module `$paramod\GTP_LUT4D\INIT=16'0001101100100111'.
Parameter \INIT = 16'0001101100100111
Found cached RTLIL representation for module `$paramod\GTP_LUT4D\INIT=16'0001101100100111'.

3.60. Analyzing design hierarchy..
Top module:  \/Users/yoyowang/Desktop/benchmark/bar.aig
Used module:     $paramod$3b8fee26eb23e369f00e21e94980bfffb52ffd7e\GTP_LUT6
Used module:     $paramod$2f26993f411a043fa22d02de779dd8c2161ae5a2\GTP_LUT6
Used module:     $paramod$5089e656b38f2c99ae955ae4e695625edb82e9ac\GTP_LUT6
Used module:     $paramod$db1f7d62571d94fe83bf7f08436a0cdf6fbd4e07\GTP_LUT6
Used module:     $paramod$0ee98273644ae2298b1c5fb0b716067f8f4d8629\GTP_LUT6
Used module:     $paramod$5d30a6194b3209e9f098eac2d54bfe6ad6fc314d\GTP_LUT6
Used module:     $paramod$4681bb6ce0415ad751b6e69f9b7b924449512c00\GTP_LUT6
Used module:     $paramod$caeb33699a600d7f85f8415c9bf5bf91e6a1dae4\GTP_LUT6
Used module:     $paramod$424c922ba4bc977e9f82b484f026e06a59e65479\GTP_LUT6
Used module:     $paramod$ac8f19de417d2497f603ab87e87ef6890b20900a\GTP_LUT6
Used module:     $paramod$b1c3c11bf64f14c9ee5fafd59b339172e2760fb6\GTP_LUT6
Used module:     $paramod$be593ad339608338f104417965991a8abd1c67a7\GTP_LUT6
Used module:     $paramod$40a74420ec319bd8144c74d895c39a192e51abc3\GTP_LUT6
Used module:     $paramod$ef77955e79fc278a2e9819278445b03bb44f7127\GTP_LUT6
Used module:     $paramod$c99a2835f233fa8d6ff0217db3f1db655011b3c3\GTP_LUT6
Used module:     $paramod$d434f9d87fe86e73921a11e4fbb35dc5a8530ced\GTP_LUT6
Used module:     $paramod$2f9ebbf097cdfa2967638f908d43c734f1bc2a94\GTP_LUT6
Used module:     $paramod$f4a5a826ecaed980618a65e26332cee7f6c0ed0e\GTP_LUT6
Used module:     $paramod$1d83be06963d064186b8617cc1f21d89ea19a788\GTP_LUT6
Used module:     $paramod$ed4e4713ee45d8ab5dd4589cc58fa60b02d955af\GTP_LUT6
Used module:     $paramod$f5a46b685745b517cd6c05eeb236a8b6bb6205a0\GTP_LUT6
Used module:     $paramod$3a08677b4faac753802464421637b216df9f6ef5\GTP_LUT6
Used module:     $paramod$8bfb663cb468b8c03e54c276801c66c19f924346\GTP_LUT6
Used module:     $paramod$f727312375f0221084cc1178f8a69fb75dcde0d1\GTP_LUT6
Used module:     $paramod$8882a3b33dd18f57a41f44a3c47621742105c409\GTP_LUT6
Used module:     $paramod$5a8d7d3f89d1b254b44a31fb06039869c606e97d\GTP_LUT6
Used module:     $paramod$a59597c1826785febe2281f1c147c958066a6a62\GTP_LUT6
Used module:     $paramod$35deac589bb3808aa9d7fb811435ba6c5bf27087\GTP_LUT6
Used module:     $paramod$b962e2a24119ad5a1ce489f941ae030a58d5bcb6\GTP_LUT6
Used module:     $paramod$fa958c6c2d8ede0bfe3a54983c7ae97e45d1c4b5\GTP_LUT6
Used module:     $paramod$c948fc63ea6f7524af4da233f01e7180ace6d57b\GTP_LUT6
Used module:     $paramod$361ba57fe14bb162699bf6e8fa0107779ec73c99\GTP_LUT6
Used module:     $paramod$0375dde7ba5ccd980845066d721a4e4bc505a4e0\GTP_LUT6
Used module:     $paramod$c4e42efcf6c381f87fa4d5e9f9b0abd535ee1894\GTP_LUT6
Used module:     $paramod$e30fee0611e24d08e2eca897ba9a0f7039af39ff\GTP_LUT6
Used module:     $paramod$d47b028d0e5a80d0b27caa445474dfd5c6728aa6\GTP_LUT6
Used module:     $paramod$79338da9f6d0c05937f3f42877cca8713ce9ac1d\GTP_LUT6
Used module:     $paramod$2d73eff6d96d2022a68579050af97cf99ed061c0\GTP_LUT6
Used module:     $paramod$9323abaf02ad92f3a785dcbc4398d5e12ab921d6\GTP_LUT6
Used module:     $paramod$a8da2dc2e8617265f551cf4897102f8e2bd02f4b\GTP_LUT6
Used module:     $paramod$5c415880011e436eb497186bc990ffaa3638eb18\GTP_LUT6
Used module:     $paramod$ba7eea4e7d5e5a30e9ed0eaf919b505981d52abb\GTP_LUT6
Used module:     $paramod$970d03c66078aaa2a7a2015b53f827d2a6167c11\GTP_LUT6
Used module:     $paramod$9add71d01221acddde7c8369cda2f712f8df344f\GTP_LUT6
Used module:     $paramod$13ac0d38a2a64227965c90553bf14a23c4c01657\GTP_LUT6
Used module:     $paramod$34947f7e5b3c2758a67336a79ebc91311210f58f\GTP_LUT6
Used module:     $paramod$8b4ac33ccd4f41447fc87719fad21879b8e9d840\GTP_LUT6
Used module:     $paramod$89138d036f8880e809cf2c7297fe19b39a77f119\GTP_LUT6
Used module:     $paramod$9b9183c62070f3251b34e893508aebf256e65d44\GTP_LUT6
Used module:     $paramod$3d8ab1ab8f28808947ee4190e17c780b8e6366ea\GTP_LUT6
Used module:     $paramod$f6555e9ab0bc5020e5fc1a90355010c2b48010c6\GTP_LUT6
Used module:     $paramod$8afa1c1ad3e8140cc84d7a1bc8e84dfb52f0cec5\GTP_LUT6
Used module:     $paramod$e43a2ee0ccdad2507fed95e2ede67b51928e7297\GTP_LUT6
Used module:     $paramod$b5490ed2342ddc41204558ae86dadf152ee9de9e\GTP_LUT6
Used module:     $paramod$1d77b703417be9f24218f6081cb15c469014474f\GTP_LUT6
Used module:     $paramod$755a32d13e98fdc41c29849d1f6f0a74ae965056\GTP_LUT6
Used module:     $paramod$d8f3d00b56c74d6b29f93e92edef766f79a88190\GTP_LUT6
Used module:     $paramod\GTP_LUT4D\INIT=16'0001101100100111

3.61. Analyzing design hierarchy..
Top module:  \/Users/yoyowang/Desktop/benchmark/bar.aig
Used module:     $paramod$3b8fee26eb23e369f00e21e94980bfffb52ffd7e\GTP_LUT6
Used module:     $paramod$2f26993f411a043fa22d02de779dd8c2161ae5a2\GTP_LUT6
Used module:     $paramod$5089e656b38f2c99ae955ae4e695625edb82e9ac\GTP_LUT6
Used module:     $paramod$db1f7d62571d94fe83bf7f08436a0cdf6fbd4e07\GTP_LUT6
Used module:     $paramod$0ee98273644ae2298b1c5fb0b716067f8f4d8629\GTP_LUT6
Used module:     $paramod$5d30a6194b3209e9f098eac2d54bfe6ad6fc314d\GTP_LUT6
Used module:     $paramod$4681bb6ce0415ad751b6e69f9b7b924449512c00\GTP_LUT6
Used module:     $paramod$caeb33699a600d7f85f8415c9bf5bf91e6a1dae4\GTP_LUT6
Used module:     $paramod$424c922ba4bc977e9f82b484f026e06a59e65479\GTP_LUT6
Used module:     $paramod$ac8f19de417d2497f603ab87e87ef6890b20900a\GTP_LUT6
Used module:     $paramod$b1c3c11bf64f14c9ee5fafd59b339172e2760fb6\GTP_LUT6
Used module:     $paramod$be593ad339608338f104417965991a8abd1c67a7\GTP_LUT6
Used module:     $paramod$40a74420ec319bd8144c74d895c39a192e51abc3\GTP_LUT6
Used module:     $paramod$ef77955e79fc278a2e9819278445b03bb44f7127\GTP_LUT6
Used module:     $paramod$c99a2835f233fa8d6ff0217db3f1db655011b3c3\GTP_LUT6
Used module:     $paramod$d434f9d87fe86e73921a11e4fbb35dc5a8530ced\GTP_LUT6
Used module:     $paramod$2f9ebbf097cdfa2967638f908d43c734f1bc2a94\GTP_LUT6
Used module:     $paramod$f4a5a826ecaed980618a65e26332cee7f6c0ed0e\GTP_LUT6
Used module:     $paramod$1d83be06963d064186b8617cc1f21d89ea19a788\GTP_LUT6
Used module:     $paramod$ed4e4713ee45d8ab5dd4589cc58fa60b02d955af\GTP_LUT6
Used module:     $paramod$f5a46b685745b517cd6c05eeb236a8b6bb6205a0\GTP_LUT6
Used module:     $paramod$3a08677b4faac753802464421637b216df9f6ef5\GTP_LUT6
Used module:     $paramod$8bfb663cb468b8c03e54c276801c66c19f924346\GTP_LUT6
Used module:     $paramod$f727312375f0221084cc1178f8a69fb75dcde0d1\GTP_LUT6
Used module:     $paramod$8882a3b33dd18f57a41f44a3c47621742105c409\GTP_LUT6
Used module:     $paramod$5a8d7d3f89d1b254b44a31fb06039869c606e97d\GTP_LUT6
Used module:     $paramod$a59597c1826785febe2281f1c147c958066a6a62\GTP_LUT6
Used module:     $paramod$35deac589bb3808aa9d7fb811435ba6c5bf27087\GTP_LUT6
Used module:     $paramod$b962e2a24119ad5a1ce489f941ae030a58d5bcb6\GTP_LUT6
Used module:     $paramod$fa958c6c2d8ede0bfe3a54983c7ae97e45d1c4b5\GTP_LUT6
Used module:     $paramod$c948fc63ea6f7524af4da233f01e7180ace6d57b\GTP_LUT6
Used module:     $paramod$361ba57fe14bb162699bf6e8fa0107779ec73c99\GTP_LUT6
Used module:     $paramod$0375dde7ba5ccd980845066d721a4e4bc505a4e0\GTP_LUT6
Used module:     $paramod$c4e42efcf6c381f87fa4d5e9f9b0abd535ee1894\GTP_LUT6
Used module:     $paramod$e30fee0611e24d08e2eca897ba9a0f7039af39ff\GTP_LUT6
Used module:     $paramod$d47b028d0e5a80d0b27caa445474dfd5c6728aa6\GTP_LUT6
Used module:     $paramod$79338da9f6d0c05937f3f42877cca8713ce9ac1d\GTP_LUT6
Used module:     $paramod$2d73eff6d96d2022a68579050af97cf99ed061c0\GTP_LUT6
Used module:     $paramod$9323abaf02ad92f3a785dcbc4398d5e12ab921d6\GTP_LUT6
Used module:     $paramod$a8da2dc2e8617265f551cf4897102f8e2bd02f4b\GTP_LUT6
Used module:     $paramod$5c415880011e436eb497186bc990ffaa3638eb18\GTP_LUT6
Used module:     $paramod$ba7eea4e7d5e5a30e9ed0eaf919b505981d52abb\GTP_LUT6
Used module:     $paramod$970d03c66078aaa2a7a2015b53f827d2a6167c11\GTP_LUT6
Used module:     $paramod$9add71d01221acddde7c8369cda2f712f8df344f\GTP_LUT6
Used module:     $paramod$13ac0d38a2a64227965c90553bf14a23c4c01657\GTP_LUT6
Used module:     $paramod$34947f7e5b3c2758a67336a79ebc91311210f58f\GTP_LUT6
Used module:     $paramod$8b4ac33ccd4f41447fc87719fad21879b8e9d840\GTP_LUT6
Used module:     $paramod$89138d036f8880e809cf2c7297fe19b39a77f119\GTP_LUT6
Used module:     $paramod$9b9183c62070f3251b34e893508aebf256e65d44\GTP_LUT6
Used module:     $paramod$3d8ab1ab8f28808947ee4190e17c780b8e6366ea\GTP_LUT6
Used module:     $paramod$f6555e9ab0bc5020e5fc1a90355010c2b48010c6\GTP_LUT6
Used module:     $paramod$8afa1c1ad3e8140cc84d7a1bc8e84dfb52f0cec5\GTP_LUT6
Used module:     $paramod$e43a2ee0ccdad2507fed95e2ede67b51928e7297\GTP_LUT6
Used module:     $paramod$b5490ed2342ddc41204558ae86dadf152ee9de9e\GTP_LUT6
Used module:     $paramod$1d77b703417be9f24218f6081cb15c469014474f\GTP_LUT6
Used module:     $paramod$755a32d13e98fdc41c29849d1f6f0a74ae965056\GTP_LUT6
Used module:     $paramod$d8f3d00b56c74d6b29f93e92edef766f79a88190\GTP_LUT6
Used module:     $paramod\GTP_LUT4D\INIT=16'0001101100100111
Removing unused module `\GTP_LUT4D'.
Removing unused module `\GTP_LUT5D'.
Removing unused module `\GTP_LUT6D'.
Removing unused module `\GTP_LUT6'.
Removing unused module `\GTP_LUT5'.
Removing unused module `\GTP_LUT4'.
Removing unused module `\GTP_LUT3'.
Removing unused module `\GTP_LUT2'.
Removing unused module `\GTP_LUT1'.
Removed 9 unused modules.

4. Executing FLATTEN pass (flatten design).
Deleting now unused module $paramod$9b9183c62070f3251b34e893508aebf256e65d44\GTP_LUT6.
Deleting now unused module $paramod$89138d036f8880e809cf2c7297fe19b39a77f119\GTP_LUT6.
Deleting now unused module $paramod$8b4ac33ccd4f41447fc87719fad21879b8e9d840\GTP_LUT6.
Deleting now unused module $paramod$34947f7e5b3c2758a67336a79ebc91311210f58f\GTP_LUT6.
Deleting now unused module $paramod$13ac0d38a2a64227965c90553bf14a23c4c01657\GTP_LUT6.
Deleting now unused module $paramod$9add71d01221acddde7c8369cda2f712f8df344f\GTP_LUT6.
Deleting now unused module $paramod$970d03c66078aaa2a7a2015b53f827d2a6167c11\GTP_LUT6.
Deleting now unused module $paramod$ba7eea4e7d5e5a30e9ed0eaf919b505981d52abb\GTP_LUT6.
Deleting now unused module $paramod$5c415880011e436eb497186bc990ffaa3638eb18\GTP_LUT6.
Deleting now unused module $paramod$a8da2dc2e8617265f551cf4897102f8e2bd02f4b\GTP_LUT6.
Deleting now unused module $paramod$9323abaf02ad92f3a785dcbc4398d5e12ab921d6\GTP_LUT6.
Deleting now unused module $paramod$2d73eff6d96d2022a68579050af97cf99ed061c0\GTP_LUT6.
Deleting now unused module $paramod$79338da9f6d0c05937f3f42877cca8713ce9ac1d\GTP_LUT6.
Deleting now unused module $paramod$d47b028d0e5a80d0b27caa445474dfd5c6728aa6\GTP_LUT6.
Deleting now unused module $paramod$e30fee0611e24d08e2eca897ba9a0f7039af39ff\GTP_LUT6.
Deleting now unused module $paramod$c4e42efcf6c381f87fa4d5e9f9b0abd535ee1894\GTP_LUT6.
Deleting now unused module $paramod$0375dde7ba5ccd980845066d721a4e4bc505a4e0\GTP_LUT6.
Deleting now unused module $paramod$361ba57fe14bb162699bf6e8fa0107779ec73c99\GTP_LUT6.
Deleting now unused module $paramod$c948fc63ea6f7524af4da233f01e7180ace6d57b\GTP_LUT6.
Deleting now unused module $paramod$fa958c6c2d8ede0bfe3a54983c7ae97e45d1c4b5\GTP_LUT6.
Deleting now unused module $paramod$b962e2a24119ad5a1ce489f941ae030a58d5bcb6\GTP_LUT6.
Deleting now unused module $paramod$35deac589bb3808aa9d7fb811435ba6c5bf27087\GTP_LUT6.
Deleting now unused module $paramod$a59597c1826785febe2281f1c147c958066a6a62\GTP_LUT6.
Deleting now unused module $paramod$5a8d7d3f89d1b254b44a31fb06039869c606e97d\GTP_LUT6.
Deleting now unused module $paramod$8882a3b33dd18f57a41f44a3c47621742105c409\GTP_LUT6.
Deleting now unused module $paramod$f727312375f0221084cc1178f8a69fb75dcde0d1\GTP_LUT6.
Deleting now unused module $paramod$8bfb663cb468b8c03e54c276801c66c19f924346\GTP_LUT6.
Deleting now unused module $paramod$3a08677b4faac753802464421637b216df9f6ef5\GTP_LUT6.
Deleting now unused module $paramod$f5a46b685745b517cd6c05eeb236a8b6bb6205a0\GTP_LUT6.
Deleting now unused module $paramod$ed4e4713ee45d8ab5dd4589cc58fa60b02d955af\GTP_LUT6.
Deleting now unused module $paramod$1d83be06963d064186b8617cc1f21d89ea19a788\GTP_LUT6.
Deleting now unused module $paramod$f4a5a826ecaed980618a65e26332cee7f6c0ed0e\GTP_LUT6.
Deleting now unused module $paramod$2f9ebbf097cdfa2967638f908d43c734f1bc2a94\GTP_LUT6.
Deleting now unused module $paramod$d434f9d87fe86e73921a11e4fbb35dc5a8530ced\GTP_LUT6.
Deleting now unused module $paramod$c99a2835f233fa8d6ff0217db3f1db655011b3c3\GTP_LUT6.
Deleting now unused module $paramod$ef77955e79fc278a2e9819278445b03bb44f7127\GTP_LUT6.
Deleting now unused module $paramod$40a74420ec319bd8144c74d895c39a192e51abc3\GTP_LUT6.
Deleting now unused module $paramod$be593ad339608338f104417965991a8abd1c67a7\GTP_LUT6.
Deleting now unused module $paramod$b1c3c11bf64f14c9ee5fafd59b339172e2760fb6\GTP_LUT6.
Deleting now unused module $paramod$ac8f19de417d2497f603ab87e87ef6890b20900a\GTP_LUT6.
Deleting now unused module $paramod$424c922ba4bc977e9f82b484f026e06a59e65479\GTP_LUT6.
Deleting now unused module $paramod$caeb33699a600d7f85f8415c9bf5bf91e6a1dae4\GTP_LUT6.
Deleting now unused module $paramod$4681bb6ce0415ad751b6e69f9b7b924449512c00\GTP_LUT6.
Deleting now unused module $paramod$5d30a6194b3209e9f098eac2d54bfe6ad6fc314d\GTP_LUT6.
Deleting now unused module $paramod$0ee98273644ae2298b1c5fb0b716067f8f4d8629\GTP_LUT6.
Deleting now unused module $paramod$db1f7d62571d94fe83bf7f08436a0cdf6fbd4e07\GTP_LUT6.
Deleting now unused module $paramod$5089e656b38f2c99ae955ae4e695625edb82e9ac\GTP_LUT6.
Deleting now unused module $paramod$2f26993f411a043fa22d02de779dd8c2161ae5a2\GTP_LUT6.
Deleting now unused module $paramod$3b8fee26eb23e369f00e21e94980bfffb52ffd7e\GTP_LUT6.
Deleting now unused module $paramod\GTP_LUT4D\INIT=16'0001101100100111.
Deleting now unused module $paramod$d8f3d00b56c74d6b29f93e92edef766f79a88190\GTP_LUT6.
Deleting now unused module $paramod$755a32d13e98fdc41c29849d1f6f0a74ae965056\GTP_LUT6.
Deleting now unused module $paramod$1d77b703417be9f24218f6081cb15c469014474f\GTP_LUT6.
Deleting now unused module $paramod$b5490ed2342ddc41204558ae86dadf152ee9de9e\GTP_LUT6.
Deleting now unused module $paramod$e43a2ee0ccdad2507fed95e2ede67b51928e7297\GTP_LUT6.
Deleting now unused module $paramod$8afa1c1ad3e8140cc84d7a1bc8e84dfb52f0cec5\GTP_LUT6.
Deleting now unused module $paramod$f6555e9ab0bc5020e5fc1a90355010c2b48010c6\GTP_LUT6.
Deleting now unused module $paramod$3d8ab1ab8f28808947ee4190e17c780b8e6366ea\GTP_LUT6.
<suppressed ~448 debug messages>

5. Executing TECHMAP pass (map to technology primitives).

5.1. Executing Verilog-2005 frontend: /Users/yoyowang/Desktop/yosysDualOutputLUT/share/techmap.v
Parsing Verilog input from `/Users/yoyowang/Desktop/yosysDualOutputLUT/share/techmap.v' to AST representation.
verilog frontend filename /Users/yoyowang/Desktop/yosysDualOutputLUT/share/techmap.v
Generating RTLIL representation for module `\_90_simplemap_bool_ops'.
Generating RTLIL representation for module `\_90_simplemap_reduce_ops'.
Generating RTLIL representation for module `\_90_simplemap_logic_ops'.
Generating RTLIL representation for module `\_90_simplemap_compare_ops'.
Generating RTLIL representation for module `\_90_simplemap_various'.
Generating RTLIL representation for module `\_90_simplemap_registers'.
Generating RTLIL representation for module `\_90_shift_ops_shr_shl_sshl_sshr'.
Generating RTLIL representation for module `\_90_shift_shiftx'.
Generating RTLIL representation for module `\_90_fa'.
Generating RTLIL representation for module `\_90_lcu_brent_kung'.
Generating RTLIL representation for module `\_90_alu'.
Generating RTLIL representation for module `\_90_macc'.
Generating RTLIL representation for module `\_90_alumacc'.
Generating RTLIL representation for module `\$__div_mod_u'.
Generating RTLIL representation for module `\$__div_mod_trunc'.
Generating RTLIL representation for module `\_90_div'.
Generating RTLIL representation for module `\_90_mod'.
Generating RTLIL representation for module `\$__div_mod_floor'.
Generating RTLIL representation for module `\_90_divfloor'.
Generating RTLIL representation for module `\_90_modfloor'.
Generating RTLIL representation for module `\_90_pow'.
Generating RTLIL representation for module `\_90_pmux'.
Generating RTLIL representation for module `\_90_demux'.
Generating RTLIL representation for module `\_90_lut'.
Generating RTLIL representation for module `\$connect'.
Generating RTLIL representation for module `\$input_port'.
Successfully finished Verilog frontend.

5.2. Continuing TECHMAP pass.
Using extmapper simplemap for cells of type $mux.
Using extmapper simplemap for cells of type $lut.
No more expansions possible.
<suppressed ~909 debug messages>

6. Executing OPT pass (performing simple optimizations).

6.1. Executing OPT_EXPR pass (perform const folding).
Optimizing module /Users/yoyowang/Desktop/benchmark/bar.aig.
<suppressed ~13900 debug messages>

6.2. Executing OPT_MERGE pass (detect identical cells).
Finding identical cells in module `\/Users/yoyowang/Desktop/benchmark/bar.aig'.
<suppressed ~20217 debug messages>
Removed a total of 6739 cells.

6.3. Executing OPT_MUXTREE pass (detect dead branches in mux trees).
Running muxtree optimizer on module \/Users/yoyowang/Desktop/benchmark/bar.aig..
  Creating internal representation of mux trees.
  No muxes found in this module.
Removed 0 multiplexer ports.

6.4. Executing OPT_REDUCE pass (consolidate $*mux and $reduce_* inputs).
  Optimizing cells in module \/Users/yoyowang/Desktop/benchmark/bar.aig.
Performed a total of 0 changes.

6.5. Executing OPT_MERGE pass (detect identical cells).
Finding identical cells in module `\/Users/yoyowang/Desktop/benchmark/bar.aig'.
Removed a total of 0 cells.

6.6. Executing OPT_DFF pass (perform DFF optimizations).

6.7. Executing OPT_CLEAN pass (remove unused cells and wires).
Finding unused cells or wires in module \/Users/yoyowang/Desktop/benchmark/bar.aig..
Removed 0 unused cells and 2002 unused wires.
<suppressed ~1 debug messages>

6.8. Executing OPT_EXPR pass (perform const folding).
Optimizing module /Users/yoyowang/Desktop/benchmark/bar.aig.
<suppressed ~388 debug messages>

6.9. Rerunning OPT passes. (Maybe there is more to do..)

6.10. Executing OPT_MUXTREE pass (detect dead branches in mux trees).
Running muxtree optimizer on module \/Users/yoyowang/Desktop/benchmark/bar.aig..
  Creating internal representation of mux trees.
  No muxes found in this module.
Removed 0 multiplexer ports.

6.11. Executing OPT_REDUCE pass (consolidate $*mux and $reduce_* inputs).
  Optimizing cells in module \/Users/yoyowang/Desktop/benchmark/bar.aig.
Performed a total of 0 changes.

6.12. Executing OPT_MERGE pass (detect identical cells).
Finding identical cells in module `\/Users/yoyowang/Desktop/benchmark/bar.aig'.
<suppressed ~189 debug messages>
Removed a total of 63 cells.

6.13. Executing OPT_DFF pass (perform DFF optimizations).

6.14. Executing OPT_CLEAN pass (remove unused cells and wires).
Finding unused cells or wires in module \/Users/yoyowang/Desktop/benchmark/bar.aig..
Removed 0 unused cells and 98 unused wires.
<suppressed ~1 debug messages>

6.15. Executing OPT_EXPR pass (perform const folding).
Optimizing module /Users/yoyowang/Desktop/benchmark/bar.aig.

6.16. Rerunning OPT passes. (Maybe there is more to do..)

6.17. Executing OPT_MUXTREE pass (detect dead branches in mux trees).
Running muxtree optimizer on module \/Users/yoyowang/Desktop/benchmark/bar.aig..
  Creating internal representation of mux trees.
  No muxes found in this module.
Removed 0 multiplexer ports.

6.18. Executing OPT_REDUCE pass (consolidate $*mux and $reduce_* inputs).
  Optimizing cells in module \/Users/yoyowang/Desktop/benchmark/bar.aig.
Performed a total of 0 changes.

6.19. Executing OPT_MERGE pass (detect identical cells).
Finding identical cells in module `\/Users/yoyowang/Desktop/benchmark/bar.aig'.
Removed a total of 0 cells.

6.20. Executing OPT_DFF pass (perform DFF optimizations).

6.21. Executing OPT_CLEAN pass (remove unused cells and wires).
Finding unused cells or wires in module \/Users/yoyowang/Desktop/benchmark/bar.aig..

6.22. Executing OPT_EXPR pass (perform const folding).
Optimizing module /Users/yoyowang/Desktop/benchmark/bar.aig.

6.23. Finished fast OPT passes. (There is nothing left to do.)

7. Executing AIGMAP pass (map logic to AIG).
Module /Users/yoyowang/Desktop/benchmark/bar.aig: replaced 4250 cells with 29750 new cells, skipped 708 cells.
  replaced 1 cell types:
    4250 $_MUX_
  not replaced 2 cell types:
     260 $_NOT_
     448 $scopeinfo

8. Executing AIGER backend.
Warning: Treating undriven bit /Users/yoyowang/Desktop/benchmark/bar.aig.\a[0] like $anyseq.
Warning: Treating undriven bit /Users/yoyowang/Desktop/benchmark/bar.aig.\a[1] like $anyseq.
Warning: Treating undriven bit /Users/yoyowang/Desktop/benchmark/bar.aig.\a[2] like $anyseq.
Warning: Treating undriven bit /Users/yoyowang/Desktop/benchmark/bar.aig.\a[3] like $anyseq.
Warning: Treating undriven bit /Users/yoyowang/Desktop/benchmark/bar.aig.\a[4] like $anyseq.
Warning: Treating undriven bit /Users/yoyowang/Desktop/benchmark/bar.aig.\a[5] like $anyseq.
Warning: Treating undriven bit /Users/yoyowang/Desktop/benchmark/bar.aig.\a[6] like $anyseq.
Warning: Treating undriven bit /Users/yoyowang/Desktop/benchmark/bar.aig.\a[7] like $anyseq.
Warning: Treating undriven bit /Users/yoyowang/Desktop/benchmark/bar.aig.\a[8] like $anyseq.
Warning: Treating undriven bit /Users/yoyowang/Desktop/benchmark/bar.aig.\a[9] like $anyseq.
Warning: Treating undriven bit /Users/yoyowang/Desktop/benchmark/bar.aig.\a[10] like $anyseq.
Warning: Treating undriven bit /Users/yoyowang/Desktop/benchmark/bar.aig.\a[11] like $anyseq.
Warning: Treating undriven bit /Users/yoyowang/Desktop/benchmark/bar.aig.\a[12] like $anyseq.
Warning: Treating undriven bit /Users/yoyowang/Desktop/benchmark/bar.aig.\a[13] like $anyseq.
Warning: Treating undriven bit /Users/yoyowang/Desktop/benchmark/bar.aig.\a[14] like $anyseq.
Warning: Treating undriven bit /Users/yoyowang/Desktop/benchmark/bar.aig.\a[15] like $anyseq.
Warning: Treating undriven bit /Users/yoyowang/Desktop/benchmark/bar.aig.\a[16] like $anyseq.
Warning: Treating undriven bit /Users/yoyowang/Desktop/benchmark/bar.aig.\a[17] like $anyseq.
Warning: Treating undriven bit /Users/yoyowang/Desktop/benchmark/bar.aig.\a[18] like $anyseq.
Warning: Treating undriven bit /Users/yoyowang/Desktop/benchmark/bar.aig.\a[19] like $anyseq.
Warning: Treating undriven bit /Users/yoyowang/Desktop/benchmark/bar.aig.\a[20] like $anyseq.
Warning: Treating undriven bit /Users/yoyowang/Desktop/benchmark/bar.aig.\a[21] like $anyseq.
Warning: Treating undriven bit /Users/yoyowang/Desktop/benchmark/bar.aig.\a[22] like $anyseq.
Warning: Treating undriven bit /Users/yoyowang/Desktop/benchmark/bar.aig.\a[23] like $anyseq.
Warning: Treating undriven bit /Users/yoyowang/Desktop/benchmark/bar.aig.\a[24] like $anyseq.
Warning: Treating undriven bit /Users/yoyowang/Desktop/benchmark/bar.aig.\a[25] like $anyseq.
Warning: Treating undriven bit /Users/yoyowang/Desktop/benchmark/bar.aig.\a[26] like $anyseq.
Warning: Treating undriven bit /Users/yoyowang/Desktop/benchmark/bar.aig.\a[27] like $anyseq.
Warning: Treating undriven bit /Users/yoyowang/Desktop/benchmark/bar.aig.\a[28] like $anyseq.
Warning: Treating undriven bit /Users/yoyowang/Desktop/benchmark/bar.aig.\a[29] like $anyseq.
Warning: Treating undriven bit /Users/yoyowang/Desktop/benchmark/bar.aig.\a[30] like $anyseq.
Warning: Treating undriven bit /Users/yoyowang/Desktop/benchmark/bar.aig.\a[31] like $anyseq.
Warning: Treating undriven bit /Users/yoyowang/Desktop/benchmark/bar.aig.\a[32] like $anyseq.
Warning: Treating undriven bit /Users/yoyowang/Desktop/benchmark/bar.aig.\a[33] like $anyseq.
Warning: Treating undriven bit /Users/yoyowang/Desktop/benchmark/bar.aig.\a[34] like $anyseq.
Warning: Treating undriven bit /Users/yoyowang/Desktop/benchmark/bar.aig.\a[35] like $anyseq.
Warning: Treating undriven bit /Users/yoyowang/Desktop/benchmark/bar.aig.\a[36] like $anyseq.
Warning: Treating undriven bit /Users/yoyowang/Desktop/benchmark/bar.aig.\a[37] like $anyseq.
Warning: Treating undriven bit /Users/yoyowang/Desktop/benchmark/bar.aig.\a[38] like $anyseq.
Warning: Treating undriven bit /Users/yoyowang/Desktop/benchmark/bar.aig.\a[39] like $anyseq.
Warning: Treating undriven bit /Users/yoyowang/Desktop/benchmark/bar.aig.\a[40] like $anyseq.
Warning: Treating undriven bit /Users/yoyowang/Desktop/benchmark/bar.aig.\a[41] like $anyseq.
Warning: Treating undriven bit /Users/yoyowang/Desktop/benchmark/bar.aig.\a[42] like $anyseq.
Warning: Treating undriven bit /Users/yoyowang/Desktop/benchmark/bar.aig.\a[43] like $anyseq.
Warning: Treating undriven bit /Users/yoyowang/Desktop/benchmark/bar.aig.\a[44] like $anyseq.
Warning: Treating undriven bit /Users/yoyowang/Desktop/benchmark/bar.aig.\a[45] like $anyseq.
Warning: Treating undriven bit /Users/yoyowang/Desktop/benchmark/bar.aig.\a[46] like $anyseq.
Warning: Treating undriven bit /Users/yoyowang/Desktop/benchmark/bar.aig.\a[47] like $anyseq.
Warning: Treating undriven bit /Users/yoyowang/Desktop/benchmark/bar.aig.\a[48] like $anyseq.
Warning: Treating undriven bit /Users/yoyowang/Desktop/benchmark/bar.aig.\a[49] like $anyseq.
Warning: Treating undriven bit /Users/yoyowang/Desktop/benchmark/bar.aig.\a[50] like $anyseq.
Warning: Treating undriven bit /Users/yoyowang/Desktop/benchmark/bar.aig.\a[51] like $anyseq.
Warning: Treating undriven bit /Users/yoyowang/Desktop/benchmark/bar.aig.\a[52] like $anyseq.
Warning: Treating undriven bit /Users/yoyowang/Desktop/benchmark/bar.aig.\a[53] like $anyseq.
Warning: Treating undriven bit /Users/yoyowang/Desktop/benchmark/bar.aig.\a[54] like $anyseq.
Warning: Treating undriven bit /Users/yoyowang/Desktop/benchmark/bar.aig.\a[55] like $anyseq.
Warning: Treating undriven bit /Users/yoyowang/Desktop/benchmark/bar.aig.\a[56] like $anyseq.
Warning: Treating undriven bit /Users/yoyowang/Desktop/benchmark/bar.aig.\a[57] like $anyseq.
Warning: Treating undriven bit /Users/yoyowang/Desktop/benchmark/bar.aig.\a[58] like $anyseq.
Warning: Treating undriven bit /Users/yoyowang/Desktop/benchmark/bar.aig.\a[59] like $anyseq.
Warning: Treating undriven bit /Users/yoyowang/Desktop/benchmark/bar.aig.\a[60] like $anyseq.
Warning: Treating undriven bit /Users/yoyowang/Desktop/benchmark/bar.aig.\a[61] like $anyseq.
Warning: Treating undriven bit /Users/yoyowang/Desktop/benchmark/bar.aig.\a[62] like $anyseq.
Warning: Treating undriven bit /Users/yoyowang/Desktop/benchmark/bar.aig.\a[63] like $anyseq.
Warning: Treating undriven bit /Users/yoyowang/Desktop/benchmark/bar.aig.\a[64] like $anyseq.
Warning: Treating undriven bit /Users/yoyowang/Desktop/benchmark/bar.aig.\a[65] like $anyseq.
Warning: Treating undriven bit /Users/yoyowang/Desktop/benchmark/bar.aig.\a[66] like $anyseq.
Warning: Treating undriven bit /Users/yoyowang/Desktop/benchmark/bar.aig.\a[67] like $anyseq.
Warning: Treating undriven bit /Users/yoyowang/Desktop/benchmark/bar.aig.\a[68] like $anyseq.
Warning: Treating undriven bit /Users/yoyowang/Desktop/benchmark/bar.aig.\a[69] like $anyseq.
Warning: Treating undriven bit /Users/yoyowang/Desktop/benchmark/bar.aig.\a[70] like $anyseq.
Warning: Treating undriven bit /Users/yoyowang/Desktop/benchmark/bar.aig.\a[71] like $anyseq.
Warning: Treating undriven bit /Users/yoyowang/Desktop/benchmark/bar.aig.\a[72] like $anyseq.
Warning: Treating undriven bit /Users/yoyowang/Desktop/benchmark/bar.aig.\a[73] like $anyseq.
Warning: Treating undriven bit /Users/yoyowang/Desktop/benchmark/bar.aig.\a[74] like $anyseq.
Warning: Treating undriven bit /Users/yoyowang/Desktop/benchmark/bar.aig.\a[75] like $anyseq.
Warning: Treating undriven bit /Users/yoyowang/Desktop/benchmark/bar.aig.\a[76] like $anyseq.
Warning: Treating undriven bit /Users/yoyowang/Desktop/benchmark/bar.aig.\a[77] like $anyseq.
Warning: Treating undriven bit /Users/yoyowang/Desktop/benchmark/bar.aig.\a[78] like $anyseq.
Warning: Treating undriven bit /Users/yoyowang/Desktop/benchmark/bar.aig.\a[79] like $anyseq.
Warning: Treating undriven bit /Users/yoyowang/Desktop/benchmark/bar.aig.\a[80] like $anyseq.
Warning: Treating undriven bit /Users/yoyowang/Desktop/benchmark/bar.aig.\a[81] like $anyseq.
Warning: Treating undriven bit /Users/yoyowang/Desktop/benchmark/bar.aig.\a[82] like $anyseq.
Warning: Treating undriven bit /Users/yoyowang/Desktop/benchmark/bar.aig.\a[83] like $anyseq.
Warning: Treating undriven bit /Users/yoyowang/Desktop/benchmark/bar.aig.\a[84] like $anyseq.
Warning: Treating undriven bit /Users/yoyowang/Desktop/benchmark/bar.aig.\a[85] like $anyseq.
Warning: Treating undriven bit /Users/yoyowang/Desktop/benchmark/bar.aig.\a[86] like $anyseq.
Warning: Treating undriven bit /Users/yoyowang/Desktop/benchmark/bar.aig.\a[87] like $anyseq.
Warning: Treating undriven bit /Users/yoyowang/Desktop/benchmark/bar.aig.\a[88] like $anyseq.
Warning: Treating undriven bit /Users/yoyowang/Desktop/benchmark/bar.aig.\a[89] like $anyseq.
Warning: Treating undriven bit /Users/yoyowang/Desktop/benchmark/bar.aig.\a[90] like $anyseq.
Warning: Treating undriven bit /Users/yoyowang/Desktop/benchmark/bar.aig.\a[91] like $anyseq.
Warning: Treating undriven bit /Users/yoyowang/Desktop/benchmark/bar.aig.\a[92] like $anyseq.
Warning: Treating undriven bit /Users/yoyowang/Desktop/benchmark/bar.aig.\a[93] like $anyseq.
Warning: Treating undriven bit /Users/yoyowang/Desktop/benchmark/bar.aig.\a[94] like $anyseq.
Warning: Treating undriven bit /Users/yoyowang/Desktop/benchmark/bar.aig.\a[95] like $anyseq.
Warning: Treating undriven bit /Users/yoyowang/Desktop/benchmark/bar.aig.\a[96] like $anyseq.
Warning: Treating undriven bit /Users/yoyowang/Desktop/benchmark/bar.aig.\a[97] like $anyseq.
Warning: Treating undriven bit /Users/yoyowang/Desktop/benchmark/bar.aig.\a[98] like $anyseq.
Warning: Treating undriven bit /Users/yoyowang/Desktop/benchmark/bar.aig.\a[99] like $anyseq.
Warning: Treating undriven bit /Users/yoyowang/Desktop/benchmark/bar.aig.\a[100] like $anyseq.
Warning: Treating undriven bit /Users/yoyowang/Desktop/benchmark/bar.aig.\a[101] like $anyseq.
Warning: Treating undriven bit /Users/yoyowang/Desktop/benchmark/bar.aig.\a[102] like $anyseq.
Warning: Treating undriven bit /Users/yoyowang/Desktop/benchmark/bar.aig.\a[103] like $anyseq.
Warning: Treating undriven bit /Users/yoyowang/Desktop/benchmark/bar.aig.\a[104] like $anyseq.
Warning: Treating undriven bit /Users/yoyowang/Desktop/benchmark/bar.aig.\a[105] like $anyseq.
Warning: Treating undriven bit /Users/yoyowang/Desktop/benchmark/bar.aig.\a[106] like $anyseq.
Warning: Treating undriven bit /Users/yoyowang/Desktop/benchmark/bar.aig.\a[107] like $anyseq.
Warning: Treating undriven bit /Users/yoyowang/Desktop/benchmark/bar.aig.\a[108] like $anyseq.
Warning: Treating undriven bit /Users/yoyowang/Desktop/benchmark/bar.aig.\a[109] like $anyseq.
Warning: Treating undriven bit /Users/yoyowang/Desktop/benchmark/bar.aig.\a[110] like $anyseq.
Warning: Treating undriven bit /Users/yoyowang/Desktop/benchmark/bar.aig.\a[111] like $anyseq.
Warning: Treating undriven bit /Users/yoyowang/Desktop/benchmark/bar.aig.\a[112] like $anyseq.
Warning: Treating undriven bit /Users/yoyowang/Desktop/benchmark/bar.aig.\a[113] like $anyseq.
Warning: Treating undriven bit /Users/yoyowang/Desktop/benchmark/bar.aig.\a[114] like $anyseq.
Warning: Treating undriven bit /Users/yoyowang/Desktop/benchmark/bar.aig.\a[115] like $anyseq.
Warning: Treating undriven bit /Users/yoyowang/Desktop/benchmark/bar.aig.\a[116] like $anyseq.
Warning: Treating undriven bit /Users/yoyowang/Desktop/benchmark/bar.aig.\a[117] like $anyseq.
Warning: Treating undriven bit /Users/yoyowang/Desktop/benchmark/bar.aig.\a[118] like $anyseq.
Warning: Treating undriven bit /Users/yoyowang/Desktop/benchmark/bar.aig.\a[119] like $anyseq.
Warning: Treating undriven bit /Users/yoyowang/Desktop/benchmark/bar.aig.\a[120] like $anyseq.
Warning: Treating undriven bit /Users/yoyowang/Desktop/benchmark/bar.aig.\a[121] like $anyseq.
Warning: Treating undriven bit /Users/yoyowang/Desktop/benchmark/bar.aig.\a[122] like $anyseq.
Warning: Treating undriven bit /Users/yoyowang/Desktop/benchmark/bar.aig.\a[123] like $anyseq.
Warning: Treating undriven bit /Users/yoyowang/Desktop/benchmark/bar.aig.\a[124] like $anyseq.
Warning: Treating undriven bit /Users/yoyowang/Desktop/benchmark/bar.aig.\a[125] like $anyseq.
Warning: Treating undriven bit /Users/yoyowang/Desktop/benchmark/bar.aig.\a[126] like $anyseq.
Warning: Treating undriven bit /Users/yoyowang/Desktop/benchmark/bar.aig.\a[127] like $anyseq.
Warning: Treating undriven bit /Users/yoyowang/Desktop/benchmark/bar.aig.\shift[0] like $anyseq.
Warning: Treating undriven bit /Users/yoyowang/Desktop/benchmark/bar.aig.\shift[1] like $anyseq.
Warning: Treating undriven bit /Users/yoyowang/Desktop/benchmark/bar.aig.\shift[2] like $anyseq.
Warning: Treating undriven bit /Users/yoyowang/Desktop/benchmark/bar.aig.\shift[3] like $anyseq.
Warning: Treating undriven bit /Users/yoyowang/Desktop/benchmark/bar.aig.\shift[4] like $anyseq.
Warning: Treating undriven bit /Users/yoyowang/Desktop/benchmark/bar.aig.\shift[5] like $anyseq.
Warning: Treating undriven bit /Users/yoyowang/Desktop/benchmark/bar.aig.\shift[6] like $anyseq.
Warning: Treating a total of 135 undriven bits in /Users/yoyowang/Desktop/benchmark/bar.aig like $anyseq.

Warnings: 136 unique messages, 136 total
End of script. Logfile hash: f6d528ec61, CPU: user 0.24s system 0.01s, MEM: 68.70 MB peak
Yosys 0.60+64 (git sha1 e3af261e1-dirty, clang++ 17.0.0 -fPIC -O3)
Time spent: 33% 4x opt_expr (0 sec), 16% 3x opt_clean (0 sec), ...
