
 /----------------------------------------------------------------------------\
 |  yosys -- Yosys Open SYnthesis Suite                                       |
 |  Copyright (C) 2012 - 2025  Claire Xenia Wolf <claire@yosyshq.com>         |
 |  Distributed under an ISC-like license, type "license" to see terms        |
 \----------------------------------------------------------------------------/
 Yosys 0.60+64 (git sha1 e3af261e1-dirty, clang++ 17.0.0 -fPIC -O3)

-- Running command `
        read_verilog -icells techlibs/yoyo/cells_sim.v
        read_verilog test_output_epfl/div_lut6d_mapped.v
        hierarchy -check -auto-top
        flatten
        techmap
        opt
        aigmap
        write_aiger test_output_epfl/div_lut6d_gate_cec.aig
    ' --

1. Executing Verilog-2005 frontend: techlibs/yoyo/cells_sim.v
Parsing Verilog input from `techlibs/yoyo/cells_sim.v' to AST representation.
verilog frontend filename techlibs/yoyo/cells_sim.v
Generating RTLIL representation for module `\GTP_LUT1'.
Generating RTLIL representation for module `\GTP_LUT2'.
Generating RTLIL representation for module `\GTP_LUT3'.
Generating RTLIL representation for module `\GTP_LUT4'.
Generating RTLIL representation for module `\GTP_LUT5'.
Generating RTLIL representation for module `\GTP_LUT6'.
Generating RTLIL representation for module `\GTP_LUT6D'.
Generating RTLIL representation for module `\GTP_LUT5D'.
Generating RTLIL representation for module `\GTP_LUT4D'.
Successfully finished Verilog frontend.

2. Executing Verilog-2005 frontend: test_output_epfl/div_lut6d_mapped.v
Parsing Verilog input from `test_output_epfl/div_lut6d_mapped.v' to AST representation.
verilog frontend filename test_output_epfl/div_lut6d_mapped.v
Generating RTLIL representation for module `\/Users/yoyowang/Desktop/benchmark/div.aig'.
Successfully finished Verilog frontend.

3. Executing HIERARCHY pass (managing design hierarchy).
Attribute `top' found on module `/Users/yoyowang/Desktop/benchmark/div.aig'. Setting top module to /Users/yoyowang/Desktop/benchmark/div.aig.

3.1. Analyzing design hierarchy..
Top module:  \/Users/yoyowang/Desktop/benchmark/div.aig
Used module:     \GTP_LUT6
Used module:     \GTP_LUT4
Used module:     \GTP_LUT5
Used module:     \GTP_LUT3
Used module:     \GTP_LUT6D
Used module:     \GTP_LUT5D
Used module:     \GTP_LUT4D
Parameter \INIT = 64'1100111110011111001100000110000010011111001111110110000011000000

3.2. Executing AST frontend in derive mode using pre-parsed AST for module `\GTP_LUT6'.
Parameter \INIT = 64'1100111110011111001100000110000010011111001111110110000011000000
Generating RTLIL representation for module `$paramod$951d9341ccd051e40ea46f5cef9c619fbabbc7fe\GTP_LUT6'.
Parameter \INIT = 64'0000000000010000001100000111000000010000001100000111000011110000

3.3. Executing AST frontend in derive mode using pre-parsed AST for module `\GTP_LUT6'.
Parameter \INIT = 64'0000000000010000001100000111000000010000001100000111000011110000
Generating RTLIL representation for module `$paramod$0c75d9771d8390715aca7af4db20ea1c312fb822\GTP_LUT6'.
Parameter \INIT = 64'1110111011101111110011001100111010001000100011000000000000001000

3.4. Executing AST frontend in derive mode using pre-parsed AST for module `\GTP_LUT6'.
Parameter \INIT = 64'1110111011101111110011001100111010001000100011000000000000001000
Generating RTLIL representation for module `$paramod$ba5b7173d63688aef01bb71a72821be0a07f9a87\GTP_LUT6'.
Parameter \INIT = 16'1011011101001000

3.5. Executing AST frontend in derive mode using pre-parsed AST for module `\GTP_LUT4'.
Parameter \INIT = 16'1011011101001000
Generating RTLIL representation for module `$paramod\GTP_LUT4\INIT=16'1011011101001000'.
Parameter \INIT = 64'1100111110011111100111110011111100110000011000000110000011000000

3.6. Executing AST frontend in derive mode using pre-parsed AST for module `\GTP_LUT6'.
Parameter \INIT = 64'1100111110011111100111110011111100110000011000000110000011000000
Generating RTLIL representation for module `$paramod$56887f0f5cf82d055e02966d1bd52eb3edcc0195\GTP_LUT6'.
Parameter \INIT = 64'0000000000110000000100000111000000010000011100000011000011110000

3.7. Executing AST frontend in derive mode using pre-parsed AST for module `\GTP_LUT6'.
Parameter \INIT = 64'0000000000110000000100000111000000010000011100000011000011110000
Generating RTLIL representation for module `$paramod$41d307e6037aef0f6de8e94c2e50d77d8b6bb709\GTP_LUT6'.
Parameter \INIT = 64'1001100101011010010110100101101010011001010110101001100101011010

3.8. Executing AST frontend in derive mode using pre-parsed AST for module `\GTP_LUT6'.
Parameter \INIT = 64'1001100101011010010110100101101010011001010110101001100101011010
Generating RTLIL representation for module `$paramod$7d0454c1babd540f4c4fe7907783493abc2113ae\GTP_LUT6'.
Parameter \INIT = 16'1011010001001011

3.9. Executing AST frontend in derive mode using pre-parsed AST for module `\GTP_LUT4'.
Parameter \INIT = 16'1011010001001011
Generating RTLIL representation for module `$paramod\GTP_LUT4\INIT=16'1011010001001011'.
Parameter \INIT = 64'1110111011101111110011001100111010001000100011000000000000001000
Found cached RTLIL representation for module `$paramod$ba5b7173d63688aef01bb71a72821be0a07f9a87\GTP_LUT6'.
Parameter \INIT = 64'1110111011101111110011001100111010001000100011000000000000001000
Found cached RTLIL representation for module `$paramod$ba5b7173d63688aef01bb71a72821be0a07f9a87\GTP_LUT6'.
Parameter \INIT = 64'1100111110011111100111110011111100110000011000000110000011000000
Found cached RTLIL representation for module `$paramod$56887f0f5cf82d055e02966d1bd52eb3edcc0195\GTP_LUT6'.
Parameter \INIT = 64'0000000000010000001100000111000000010000001100000111000011110000
Found cached RTLIL representation for module `$paramod$0c75d9771d8390715aca7af4db20ea1c312fb822\GTP_LUT6'.
Parameter \INIT = 64'1100111110011111100111110011111100110000011000000110000011000000
Found cached RTLIL representation for module `$paramod$56887f0f5cf82d055e02966d1bd52eb3edcc0195\GTP_LUT6'.
Parameter \INIT = 64'0000000000010000001100000111000000010000001100000111000011110000
Found cached RTLIL representation for module `$paramod$0c75d9771d8390715aca7af4db20ea1c312fb822\GTP_LUT6'.
Parameter \INIT = 64'1100111110011111001100000110000010011111001111110110000011000000
Found cached RTLIL representation for module `$paramod$951d9341ccd051e40ea46f5cef9c619fbabbc7fe\GTP_LUT6'.
Parameter \INIT = 64'1100111110011111001100000110000010011111001111110110000011000000
Found cached RTLIL representation for module `$paramod$951d9341ccd051e40ea46f5cef9c619fbabbc7fe\GTP_LUT6'.
Parameter \INIT = 64'0000000000010000001100000111000000010000001100000111000011110000
Found cached RTLIL representation for module `$paramod$0c75d9771d8390715aca7af4db20ea1c312fb822\GTP_LUT6'.
Parameter \INIT = 64'1100111110011111001100000110000010011111001111110110000011000000
Found cached RTLIL representation for module `$paramod$951d9341ccd051e40ea46f5cef9c619fbabbc7fe\GTP_LUT6'.
Parameter \INIT = 64'0011000001110000000000000001000001110000111100000001000000110000

3.10. Executing AST frontend in derive mode using pre-parsed AST for module `\GTP_LUT6'.
Parameter \INIT = 64'0011000001110000000000000001000001110000111100000001000000110000
Generating RTLIL representation for module `$paramod$09259db225d769ce8527a5eada93fb5a1409294b\GTP_LUT6'.
Parameter \INIT = 64'1100111110011111001100000110000010011111001111110110000011000000
Found cached RTLIL representation for module `$paramod$951d9341ccd051e40ea46f5cef9c619fbabbc7fe\GTP_LUT6'.
Parameter \INIT = 64'1110111011101111110011001100111010001000100011000000000000001000
Found cached RTLIL representation for module `$paramod$ba5b7173d63688aef01bb71a72821be0a07f9a87\GTP_LUT6'.
Parameter \INIT = 64'1110111011101111110011001100111010001000100011000000000000001000
Found cached RTLIL representation for module `$paramod$ba5b7173d63688aef01bb71a72821be0a07f9a87\GTP_LUT6'.
Parameter \INIT = 64'1100111110011111100111110011111100110000011000000110000011000000
Found cached RTLIL representation for module `$paramod$56887f0f5cf82d055e02966d1bd52eb3edcc0195\GTP_LUT6'.
Parameter \INIT = 64'1100111110011111001100000110000010011111001111110110000011000000
Found cached RTLIL representation for module `$paramod$951d9341ccd051e40ea46f5cef9c619fbabbc7fe\GTP_LUT6'.
Parameter \INIT = 64'0000000000010000001100000111000000010000001100000111000011110000
Found cached RTLIL representation for module `$paramod$0c75d9771d8390715aca7af4db20ea1c312fb822\GTP_LUT6'.
Parameter \INIT = 64'0000000000010000001100000111000000010000001100000111000011110000
Found cached RTLIL representation for module `$paramod$0c75d9771d8390715aca7af4db20ea1c312fb822\GTP_LUT6'.
Parameter \INIT = 64'1100111110011111100111110011111100110000011000000110000011000000
Found cached RTLIL representation for module `$paramod$56887f0f5cf82d055e02966d1bd52eb3edcc0195\GTP_LUT6'.
Parameter \INIT = 64'1010101010100011101010101010001110101010101000111010001110100011

3.11. Executing AST frontend in derive mode using pre-parsed AST for module `\GTP_LUT6'.
Parameter \INIT = 64'1010101010100011101010101010001110101010101000111010001110100011
Generating RTLIL representation for module `$paramod$e165c77f34c53f7ad5d54584a3c2c9586ae667f8\GTP_LUT6'.
Parameter \INIT = 64'1010010110011001101001011010010110100101100110011010010110011001

3.12. Executing AST frontend in derive mode using pre-parsed AST for module `\GTP_LUT6'.
Parameter \INIT = 64'1010010110011001101001011010010110100101100110011010010110011001
Generating RTLIL representation for module `$paramod$1371f7acbb776edffbc3d61b6a56038ab548d7cb\GTP_LUT6'.
Parameter \INIT = 16'1011011101001000
Found cached RTLIL representation for module `$paramod\GTP_LUT4\INIT=16'1011011101001000'.
Parameter \INIT = 16'1011011101001000
Found cached RTLIL representation for module `$paramod\GTP_LUT4\INIT=16'1011011101001000'.
Parameter \INIT = 64'1100111110011111100111110011111100110000011000000110000011000000
Found cached RTLIL representation for module `$paramod$56887f0f5cf82d055e02966d1bd52eb3edcc0195\GTP_LUT6'.
Parameter \INIT = 64'1110111011101111110011001100111010001000100011000000000000001000
Found cached RTLIL representation for module `$paramod$ba5b7173d63688aef01bb71a72821be0a07f9a87\GTP_LUT6'.
Parameter \INIT = 64'0000000000010000001100000111000000010000001100000111000011110000
Found cached RTLIL representation for module `$paramod$0c75d9771d8390715aca7af4db20ea1c312fb822\GTP_LUT6'.
Parameter \INIT = 64'0000000000010000001100000111000000010000001100000111000011110000
Found cached RTLIL representation for module `$paramod$0c75d9771d8390715aca7af4db20ea1c312fb822\GTP_LUT6'.
Parameter \INIT = 64'0000000000010000001100000111000000010000001100000111000011110000
Found cached RTLIL representation for module `$paramod$0c75d9771d8390715aca7af4db20ea1c312fb822\GTP_LUT6'.
Parameter \INIT = 16'1011011101001000
Found cached RTLIL representation for module `$paramod\GTP_LUT4\INIT=16'1011011101001000'.
Parameter \INIT = 16'1011011101001000
Found cached RTLIL representation for module `$paramod\GTP_LUT4\INIT=16'1011011101001000'.
Parameter \INIT = 16'1011011101001000
Found cached RTLIL representation for module `$paramod\GTP_LUT4\INIT=16'1011011101001000'.
Parameter \INIT = 64'0011000001110000011100001111000000000000000100000001000000110000

3.13. Executing AST frontend in derive mode using pre-parsed AST for module `\GTP_LUT6'.
Parameter \INIT = 64'0011000001110000011100001111000000000000000100000001000000110000
Generating RTLIL representation for module `$paramod$d656a6df532c1cc5662fe0a7afafccded88153c2\GTP_LUT6'.
Parameter \INIT = 16'1011011101001000
Found cached RTLIL representation for module `$paramod\GTP_LUT4\INIT=16'1011011101001000'.
Parameter \INIT = 16'1011011101001000
Found cached RTLIL representation for module `$paramod\GTP_LUT4\INIT=16'1011011101001000'.
Parameter \INIT = 16'1011011101001000
Found cached RTLIL representation for module `$paramod\GTP_LUT4\INIT=16'1011011101001000'.
Parameter \INIT = 64'1100110001011100110011001100110011001100010111001100110001011100

3.14. Executing AST frontend in derive mode using pre-parsed AST for module `\GTP_LUT6'.
Parameter \INIT = 64'1100110001011100110011001100110011001100010111001100110001011100
Generating RTLIL representation for module `$paramod$96d4fd28579311011ec539e1b8cf13e5d774a2ec\GTP_LUT6'.
Parameter \INIT = 16'1011011101001000
Found cached RTLIL representation for module `$paramod\GTP_LUT4\INIT=16'1011011101001000'.
Parameter \INIT = 16'1011011101001000
Found cached RTLIL representation for module `$paramod\GTP_LUT4\INIT=16'1011011101001000'.
Parameter \INIT = 16'1011011101001000
Found cached RTLIL representation for module `$paramod\GTP_LUT4\INIT=16'1011011101001000'.
Parameter \INIT = 16'1011011101001000
Found cached RTLIL representation for module `$paramod\GTP_LUT4\INIT=16'1011011101001000'.
Parameter \INIT = 1360347140

3.15. Executing AST frontend in derive mode using pre-parsed AST for module `\GTP_LUT5'.
Parameter \INIT = 1360347140
Generating RTLIL representation for module `$paramod\GTP_LUT5\INIT=32'01010001000101010100000000000100'.
Parameter \INIT = 16'1011011101001000
Found cached RTLIL representation for module `$paramod\GTP_LUT4\INIT=16'1011011101001000'.
Parameter \INIT = 270541587

3.16. Executing AST frontend in derive mode using pre-parsed AST for module `\GTP_LUT5'.
Parameter \INIT = 270541587
Generating RTLIL representation for module `$paramod\GTP_LUT5\INIT=32'00010000001000000010001100010011'.
Parameter \INIT = 16'1011011101001000
Found cached RTLIL representation for module `$paramod\GTP_LUT4\INIT=16'1011011101001000'.
Parameter \INIT = 16'0100000001010001

3.17. Executing AST frontend in derive mode using pre-parsed AST for module `\GTP_LUT4'.
Parameter \INIT = 16'0100000001010001
Generating RTLIL representation for module `$paramod\GTP_LUT4\INIT=16'0100000001010001'.
Parameter \INIT = 64'1110111011101111110011001100111010001000100011000000000000001000
Found cached RTLIL representation for module `$paramod$ba5b7173d63688aef01bb71a72821be0a07f9a87\GTP_LUT6'.
Parameter \INIT = 64'1110111011101111110011001100111010001000100011000000000000001000
Found cached RTLIL representation for module `$paramod$ba5b7173d63688aef01bb71a72821be0a07f9a87\GTP_LUT6'.
Parameter \INIT = 64'1110111011101111110011001100111010001000100011000000000000001000
Found cached RTLIL representation for module `$paramod$ba5b7173d63688aef01bb71a72821be0a07f9a87\GTP_LUT6'.
Parameter \INIT = 64'1000100010001100000000000000100011101110111011111100110011001110

3.18. Executing AST frontend in derive mode using pre-parsed AST for module `\GTP_LUT6'.
Parameter \INIT = 64'1000100010001100000000000000100011101110111011111100110011001110
Generating RTLIL representation for module `$paramod$a118d3480dbade809b76bf838f3c3004c354f711\GTP_LUT6'.
Parameter \INIT = 64'1110111011101111110011001100111010001000100011000000000000001000
Found cached RTLIL representation for module `$paramod$ba5b7173d63688aef01bb71a72821be0a07f9a87\GTP_LUT6'.
Parameter \INIT = 64'1110111011101111110011001100111010001000100011000000000000001000
Found cached RTLIL representation for module `$paramod$ba5b7173d63688aef01bb71a72821be0a07f9a87\GTP_LUT6'.
Parameter \INIT = 64'1110111011101111110011001100111010001000100011000000000000001000
Found cached RTLIL representation for module `$paramod$ba5b7173d63688aef01bb71a72821be0a07f9a87\GTP_LUT6'.
Parameter \INIT = 64'1100111110011111100111110011111100110000011000000110000011000000
Found cached RTLIL representation for module `$paramod$56887f0f5cf82d055e02966d1bd52eb3edcc0195\GTP_LUT6'.
Parameter \INIT = 64'1110111011101111110011001100111010001000100011000000000000001000
Found cached RTLIL representation for module `$paramod$ba5b7173d63688aef01bb71a72821be0a07f9a87\GTP_LUT6'.
Parameter \INIT = 64'0000000000010000001100000111000000010000001100000111000011110000
Found cached RTLIL representation for module `$paramod$0c75d9771d8390715aca7af4db20ea1c312fb822\GTP_LUT6'.
Parameter \INIT = 64'1100111110011111100111110011111100110000011000000110000011000000
Found cached RTLIL representation for module `$paramod$56887f0f5cf82d055e02966d1bd52eb3edcc0195\GTP_LUT6'.
Parameter \INIT = 64'1100111110011111100111110011111100110000011000000110000011000000
Found cached RTLIL representation for module `$paramod$56887f0f5cf82d055e02966d1bd52eb3edcc0195\GTP_LUT6'.
Parameter \INIT = 64'0000000000010000001100000111000000010000001100000111000011110000
Found cached RTLIL representation for module `$paramod$0c75d9771d8390715aca7af4db20ea1c312fb822\GTP_LUT6'.
Parameter \INIT = 64'1100111110011111100111110011111100110000011000000110000011000000
Found cached RTLIL representation for module `$paramod$56887f0f5cf82d055e02966d1bd52eb3edcc0195\GTP_LUT6'.
Parameter \INIT = 64'1110111011101111110011001100111010001000100011000000000000001000
Found cached RTLIL representation for module `$paramod$ba5b7173d63688aef01bb71a72821be0a07f9a87\GTP_LUT6'.
Parameter \INIT = 64'0000000000010000001100000111000000010000001100000111000011110000
Found cached RTLIL representation for module `$paramod$0c75d9771d8390715aca7af4db20ea1c312fb822\GTP_LUT6'.
Parameter \INIT = 64'0011000001100000011000001100000011001111100111111001111100111111

3.19. Executing AST frontend in derive mode using pre-parsed AST for module `\GTP_LUT6'.
Parameter \INIT = 64'0011000001100000011000001100000011001111100111111001111100111111
Generating RTLIL representation for module `$paramod$bc6de2df570eae61bfd8035a14e07bf943960444\GTP_LUT6'.
Parameter \INIT = 64'0000000000010000001100000111000000010000001100000111000011110000
Found cached RTLIL representation for module `$paramod$0c75d9771d8390715aca7af4db20ea1c312fb822\GTP_LUT6'.
Parameter \INIT = 64'1100111110011111001100000110000010011111001111110110000011000000
Found cached RTLIL representation for module `$paramod$951d9341ccd051e40ea46f5cef9c619fbabbc7fe\GTP_LUT6'.
Parameter \INIT = 64'1100111110011111001100000110000010011111001111110110000011000000
Found cached RTLIL representation for module `$paramod$951d9341ccd051e40ea46f5cef9c619fbabbc7fe\GTP_LUT6'.
Parameter \INIT = 64'1100111110011111100111110011111100110000011000000110000011000000
Found cached RTLIL representation for module `$paramod$56887f0f5cf82d055e02966d1bd52eb3edcc0195\GTP_LUT6'.
Parameter \INIT = 64'1110111011101111110011001100111010001000100011000000000000001000
Found cached RTLIL representation for module `$paramod$ba5b7173d63688aef01bb71a72821be0a07f9a87\GTP_LUT6'.
Parameter \INIT = 64'1110111011101111110011001100111010001000100011000000000000001000
Found cached RTLIL representation for module `$paramod$ba5b7173d63688aef01bb71a72821be0a07f9a87\GTP_LUT6'.
Parameter \INIT = 64'0000000000010000001100000111000000010000001100000111000011110000
Found cached RTLIL representation for module `$paramod$0c75d9771d8390715aca7af4db20ea1c312fb822\GTP_LUT6'.
Parameter \INIT = 64'1100111110011111100111110011111100110000011000000110000011000000
Found cached RTLIL representation for module `$paramod$56887f0f5cf82d055e02966d1bd52eb3edcc0195\GTP_LUT6'.
Parameter \INIT = 64'1100111110011111100111110011111100110000011000000110000011000000
Found cached RTLIL representation for module `$paramod$56887f0f5cf82d055e02966d1bd52eb3edcc0195\GTP_LUT6'.
Parameter \INIT = 64'1010100010100000101010001010000010101000101010001010100010100000

3.20. Executing AST frontend in derive mode using pre-parsed AST for module `\GTP_LUT6'.
Parameter \INIT = 64'1010100010100000101010001010000010101000101010001010100010100000
Generating RTLIL representation for module `$paramod$05bf28522bbfbd204985901a35739be4c355ccc5\GTP_LUT6'.
Parameter \INIT = 64'0000000000010000000100000011000000110000011100000111000011110000

3.21. Executing AST frontend in derive mode using pre-parsed AST for module `\GTP_LUT6'.
Parameter \INIT = 64'0000000000010000000100000011000000110000011100000111000011110000
Generating RTLIL representation for module `$paramod$ee1263cc1ddc67832d9e0851e42d909bf9eef3cd\GTP_LUT6'.
Parameter \INIT = 64'1110111011101111110011001100111010001000100011000000000000001000
Found cached RTLIL representation for module `$paramod$ba5b7173d63688aef01bb71a72821be0a07f9a87\GTP_LUT6'.
Parameter \INIT = 64'1110111011101111110011001100111010001000100011000000000000001000
Found cached RTLIL representation for module `$paramod$ba5b7173d63688aef01bb71a72821be0a07f9a87\GTP_LUT6'.
Parameter \INIT = 64'0000000000010000001100000111000000010000001100000111000011110000
Found cached RTLIL representation for module `$paramod$0c75d9771d8390715aca7af4db20ea1c312fb822\GTP_LUT6'.
Parameter \INIT = 64'1100111110011111001100000110000010011111001111110110000011000000
Found cached RTLIL representation for module `$paramod$951d9341ccd051e40ea46f5cef9c619fbabbc7fe\GTP_LUT6'.
Parameter \INIT = 64'0000000000010000001100000111000000010000001100000111000011110000
Found cached RTLIL representation for module `$paramod$0c75d9771d8390715aca7af4db20ea1c312fb822\GTP_LUT6'.
Parameter \INIT = 64'1100111110011111100111110011111100110000011000000110000011000000
Found cached RTLIL representation for module `$paramod$56887f0f5cf82d055e02966d1bd52eb3edcc0195\GTP_LUT6'.
Parameter \INIT = 64'1100111110011111001100000110000010011111001111110110000011000000
Found cached RTLIL representation for module `$paramod$951d9341ccd051e40ea46f5cef9c619fbabbc7fe\GTP_LUT6'.
Parameter \INIT = 64'0000000000010000001100000111000000010000001100000111000011110000
Found cached RTLIL representation for module `$paramod$0c75d9771d8390715aca7af4db20ea1c312fb822\GTP_LUT6'.
Parameter \INIT = 16'1011011101001000
Found cached RTLIL representation for module `$paramod\GTP_LUT4\INIT=16'1011011101001000'.
Parameter \INIT = 64'0000000000010000001100000111000000010000001100000111000011110000
Found cached RTLIL representation for module `$paramod$0c75d9771d8390715aca7af4db20ea1c312fb822\GTP_LUT6'.
Parameter \INIT = 64'0000000000010000001100000111000000010000001100000111000011110000
Found cached RTLIL representation for module `$paramod$0c75d9771d8390715aca7af4db20ea1c312fb822\GTP_LUT6'.
Parameter \INIT = 64'1100111110011111001100000110000010011111001111110110000011000000
Found cached RTLIL representation for module `$paramod$951d9341ccd051e40ea46f5cef9c619fbabbc7fe\GTP_LUT6'.
Parameter \INIT = 16'1011011101001000
Found cached RTLIL representation for module `$paramod\GTP_LUT4\INIT=16'1011011101001000'.
Parameter \INIT = 16'1011011101001000
Found cached RTLIL representation for module `$paramod\GTP_LUT4\INIT=16'1011011101001000'.
Parameter \INIT = 64'1100111110011111100111110011111100110000011000000110000011000000
Found cached RTLIL representation for module `$paramod$56887f0f5cf82d055e02966d1bd52eb3edcc0195\GTP_LUT6'.
Parameter \INIT = 64'1100111110011111100111110011111100110000011000000110000011000000
Found cached RTLIL representation for module `$paramod$56887f0f5cf82d055e02966d1bd52eb3edcc0195\GTP_LUT6'.
Parameter \INIT = 16'1011011101001000
Found cached RTLIL representation for module `$paramod\GTP_LUT4\INIT=16'1011011101001000'.
Parameter \INIT = 63473

3.22. Executing AST frontend in derive mode using pre-parsed AST for module `\GTP_LUT5'.
Parameter \INIT = 63473
Generating RTLIL representation for module `$paramod\GTP_LUT5\INIT=32'00000000000000001111011111110001'.
Parameter \INIT = 64'0000000000010000001100000111000000010000001100000111000011110000
Found cached RTLIL representation for module `$paramod$0c75d9771d8390715aca7af4db20ea1c312fb822\GTP_LUT6'.
Parameter \INIT = 64'1100111110011111001100000110000010011111001111110110000011000000
Found cached RTLIL representation for module `$paramod$951d9341ccd051e40ea46f5cef9c619fbabbc7fe\GTP_LUT6'.
Parameter \INIT = 64'1110111011101111110011001100111010001000100011000000000000001000
Found cached RTLIL representation for module `$paramod$ba5b7173d63688aef01bb71a72821be0a07f9a87\GTP_LUT6'.
Parameter \INIT = 64'0000010100010101000001010001010100000101000101010001010100010101

3.23. Executing AST frontend in derive mode using pre-parsed AST for module `\GTP_LUT6'.
Parameter \INIT = 64'0000010100010101000001010001010100000101000101010001010100010101
Generating RTLIL representation for module `$paramod$5621a9cd48690f411228f0b6bdb270fa1a2d7e6c\GTP_LUT6'.
Parameter \INIT = 16'0010100001111101

3.24. Executing AST frontend in derive mode using pre-parsed AST for module `\GTP_LUT4'.
Parameter \INIT = 16'0010100001111101
Generating RTLIL representation for module `$paramod\GTP_LUT4\INIT=16'0010100001111101'.
Parameter \INIT = 16'1011011101001000
Found cached RTLIL representation for module `$paramod\GTP_LUT4\INIT=16'1011011101001000'.
Parameter \INIT = 64'0000000000010000001100000111000000010000001100000111000011110000
Found cached RTLIL representation for module `$paramod$0c75d9771d8390715aca7af4db20ea1c312fb822\GTP_LUT6'.
Parameter \INIT = 16'1011011101001000
Found cached RTLIL representation for module `$paramod\GTP_LUT4\INIT=16'1011011101001000'.
Parameter \INIT = 16'1011011101001000
Found cached RTLIL representation for module `$paramod\GTP_LUT4\INIT=16'1011011101001000'.
Parameter \INIT = 16'0100100010110111

3.25. Executing AST frontend in derive mode using pre-parsed AST for module `\GTP_LUT4'.
Parameter \INIT = 16'0100100010110111
Generating RTLIL representation for module `$paramod\GTP_LUT4\INIT=16'0100100010110111'.
Parameter \INIT = 16'1011011101001000
Found cached RTLIL representation for module `$paramod\GTP_LUT4\INIT=16'1011011101001000'.
Parameter \INIT = 16'1011011101001000
Found cached RTLIL representation for module `$paramod\GTP_LUT4\INIT=16'1011011101001000'.
Parameter \INIT = 64'1001100110100101100110011010010110011001100110011001100110100101

3.26. Executing AST frontend in derive mode using pre-parsed AST for module `\GTP_LUT6'.
Parameter \INIT = 64'1001100110100101100110011010010110011001100110011001100110100101
Generating RTLIL representation for module `$paramod$ccdd5a9a364248962fb863abd884fb447863184b\GTP_LUT6'.
Parameter \INIT = 64'0110100100110011001100110011001101101001001100110110100100110011

3.27. Executing AST frontend in derive mode using pre-parsed AST for module `\GTP_LUT6'.
Parameter \INIT = 64'0110100100110011001100110011001101101001001100110110100100110011
Generating RTLIL representation for module `$paramod$13dae6cbd4564de771554ee22fdad6d345146db4\GTP_LUT6'.
Parameter \INIT = 64'0000000000010000000100000011000000110000011100000111000011110000
Found cached RTLIL representation for module `$paramod$ee1263cc1ddc67832d9e0851e42d909bf9eef3cd\GTP_LUT6'.
Parameter \INIT = 64'1010010110011001101001011010010110100101100110011010010110011001
Found cached RTLIL representation for module `$paramod$1371f7acbb776edffbc3d61b6a56038ab548d7cb\GTP_LUT6'.
Parameter \INIT = 16'0100100010110111
Found cached RTLIL representation for module `$paramod\GTP_LUT4\INIT=16'0100100010110111'.
Parameter \INIT = 64'0000000000010000001100000111000000010000001100000111000011110000
Found cached RTLIL representation for module `$paramod$0c75d9771d8390715aca7af4db20ea1c312fb822\GTP_LUT6'.
Parameter \INIT = 64'0000000000010000001100000111000000010000001100000111000011110000
Found cached RTLIL representation for module `$paramod$0c75d9771d8390715aca7af4db20ea1c312fb822\GTP_LUT6'.
Parameter \INIT = 64'1111111111110100111111110100000011110100000000000100000000000000

3.28. Executing AST frontend in derive mode using pre-parsed AST for module `\GTP_LUT6'.
Parameter \INIT = 64'1111111111110100111111110100000011110100000000000100000000000000
Generating RTLIL representation for module `$paramod$e7416ded73550b1fbfd92c093bfbda4c30ad2c1d\GTP_LUT6'.
Parameter \INIT = 16'1011011101001000
Found cached RTLIL representation for module `$paramod\GTP_LUT4\INIT=16'1011011101001000'.
Parameter \INIT = 16'1011011101001000
Found cached RTLIL representation for module `$paramod\GTP_LUT4\INIT=16'1011011101001000'.
Parameter \INIT = 32'10100101101001011001100110100101

3.29. Executing AST frontend in derive mode using pre-parsed AST for module `\GTP_LUT5'.
Parameter \INIT = 32'10100101101001011001100110100101
Generating RTLIL representation for module `$paramod\GTP_LUT5\INIT=32'10100101101001011001100110100101'.
Parameter \INIT = 32'11111110111011001100100010000000

3.30. Executing AST frontend in derive mode using pre-parsed AST for module `\GTP_LUT5'.
Parameter \INIT = 32'11111110111011001100100010000000
Generating RTLIL representation for module `$paramod\GTP_LUT5\INIT=32'11111110111011001100100010000000'.
Parameter \INIT = 16'1011011101001000
Found cached RTLIL representation for module `$paramod\GTP_LUT4\INIT=16'1011011101001000'.
Parameter \INIT = 16'1011011101001000
Found cached RTLIL representation for module `$paramod\GTP_LUT4\INIT=16'1011011101001000'.
Parameter \INIT = 16'1011011101001000
Found cached RTLIL representation for module `$paramod\GTP_LUT4\INIT=16'1011011101001000'.
Parameter \INIT = 16'1011011101001000
Found cached RTLIL representation for module `$paramod\GTP_LUT4\INIT=16'1011011101001000'.
Parameter \INIT = 16'1001010110100110

3.31. Executing AST frontend in derive mode using pre-parsed AST for module `\GTP_LUT4'.
Parameter \INIT = 16'1001010110100110
Generating RTLIL representation for module `$paramod\GTP_LUT4\INIT=16'1001010110100110'.
Parameter \INIT = 64'0001000000110000000000000001000001110000111100000011000001110000

3.32. Executing AST frontend in derive mode using pre-parsed AST for module `\GTP_LUT6'.
Parameter \INIT = 64'0001000000110000000000000001000001110000111100000011000001110000
Generating RTLIL representation for module `$paramod$704f8042eefb99c5e76c6f22d96562ed7be56313\GTP_LUT6'.
Parameter \INIT = 16'1011011101001000
Found cached RTLIL representation for module `$paramod\GTP_LUT4\INIT=16'1011011101001000'.
Parameter \INIT = 16'1011010001111000

3.33. Executing AST frontend in derive mode using pre-parsed AST for module `\GTP_LUT4'.
Parameter \INIT = 16'1011010001111000
Generating RTLIL representation for module `$paramod\GTP_LUT4\INIT=16'1011010001111000'.
Parameter \INIT = 64'1100111110011111100111110011111100110000011000000110000011000000
Found cached RTLIL representation for module `$paramod$56887f0f5cf82d055e02966d1bd52eb3edcc0195\GTP_LUT6'.
Parameter \INIT = 16'1011011101001000
Found cached RTLIL representation for module `$paramod\GTP_LUT4\INIT=16'1011011101001000'.
Parameter \INIT = 64'0001000000110000000000000001000001110000111100000011000001110000
Found cached RTLIL representation for module `$paramod$704f8042eefb99c5e76c6f22d96562ed7be56313\GTP_LUT6'.
Parameter \INIT = 1671205740

3.34. Executing AST frontend in derive mode using pre-parsed AST for module `\GTP_LUT5'.
Parameter \INIT = 1671205740
Generating RTLIL representation for module `$paramod\GTP_LUT5\INIT=32'01100011100111001001001101101100'.
Parameter \INIT = 64'0001000000110000000000000001000001110000111100000011000001110000
Found cached RTLIL representation for module `$paramod$704f8042eefb99c5e76c6f22d96562ed7be56313\GTP_LUT6'.
Parameter \INIT = 64'0001000100010000001100110011000101110111011100111111111111110111

3.35. Executing AST frontend in derive mode using pre-parsed AST for module `\GTP_LUT6'.
Parameter \INIT = 64'0001000100010000001100110011000101110111011100111111111111110111
Generating RTLIL representation for module `$paramod$1a32a839c2615bdf0bae045c1db1e8d8ecb43fec\GTP_LUT6'.
Parameter \INIT = 64'0000000000010000000100000011000000110000011100000111000011110000
Found cached RTLIL representation for module `$paramod$ee1263cc1ddc67832d9e0851e42d909bf9eef3cd\GTP_LUT6'.
Parameter \INIT = 16'1011011101001000
Found cached RTLIL representation for module `$paramod\GTP_LUT4\INIT=16'1011011101001000'.
Parameter \INIT = 1431651412

3.36. Executing AST frontend in derive mode using pre-parsed AST for module `\GTP_LUT5'.
Parameter \INIT = 1431651412
Generating RTLIL representation for module `$paramod\GTP_LUT5\INIT=32'01010101010101010100010001010100'.
Parameter \INIT = 16'1001010110100110
Found cached RTLIL representation for module `$paramod\GTP_LUT4\INIT=16'1001010110100110'.
Parameter \INIT = 270737427

3.37. Executing AST frontend in derive mode using pre-parsed AST for module `\GTP_LUT5'.
Parameter \INIT = 270737427
Generating RTLIL representation for module `$paramod\GTP_LUT5\INIT=32'00010000001000110010000000010011'.
Parameter \INIT = 64'0001000000000011001000110001000000100000001100110001001100100000

3.38. Executing AST frontend in derive mode using pre-parsed AST for module `\GTP_LUT6'.
Parameter \INIT = 64'0001000000000011001000110001000000100000001100110001001100100000
Generating RTLIL representation for module `$paramod$994453de08275820de6999780eab8046cb11efa5\GTP_LUT6'.
Parameter \INIT = 16'0101000101000000

3.39. Executing AST frontend in derive mode using pre-parsed AST for module `\GTP_LUT4'.
Parameter \INIT = 16'0101000101000000
Generating RTLIL representation for module `$paramod\GTP_LUT4\INIT=16'0101000101000000'.
Parameter \INIT = 1671205740
Found cached RTLIL representation for module `$paramod\GTP_LUT5\INIT=32'01100011100111001001001101101100'.
Parameter \INIT = 16'1011011101001000
Found cached RTLIL representation for module `$paramod\GTP_LUT4\INIT=16'1011011101001000'.
Parameter \INIT = 32'10000000101010101010100010101010

3.40. Executing AST frontend in derive mode using pre-parsed AST for module `\GTP_LUT5'.
Parameter \INIT = 32'10000000101010101010100010101010
Generating RTLIL representation for module `$paramod\GTP_LUT5\INIT=32'10000000101010101010100010101010'.
Parameter \INIT = 32'11001100110000001100110010000000

3.41. Executing AST frontend in derive mode using pre-parsed AST for module `\GTP_LUT5'.
Parameter \INIT = 32'11001100110000001100110010000000
Generating RTLIL representation for module `$paramod\GTP_LUT5\INIT=32'11001100110000001100110010000000'.
Parameter \INIT = 1879052288

3.42. Executing AST frontend in derive mode using pre-parsed AST for module `\GTP_LUT5'.
Parameter \INIT = 1879052288
Generating RTLIL representation for module `$paramod\GTP_LUT5\INIT=32'01110000000000000001000000000000'.
Parameter \INIT = 64'1110111011101111110011001100111010001000100011000000000000001000
Found cached RTLIL representation for module `$paramod$ba5b7173d63688aef01bb71a72821be0a07f9a87\GTP_LUT6'.
Parameter \INIT = 64'1110111011101111110011001100111010001000100011000000000000001000
Found cached RTLIL representation for module `$paramod$ba5b7173d63688aef01bb71a72821be0a07f9a87\GTP_LUT6'.
Parameter \INIT = 64'1110111011101111110011001100111010001000100011000000000000001000
Found cached RTLIL representation for module `$paramod$ba5b7173d63688aef01bb71a72821be0a07f9a87\GTP_LUT6'.
Parameter \INIT = 64'1100111110011111100111110011111100110000011000000110000011000000
Found cached RTLIL representation for module `$paramod$56887f0f5cf82d055e02966d1bd52eb3edcc0195\GTP_LUT6'.
Parameter \INIT = 64'1100111110011111100111110011111100110000011000000110000011000000
Found cached RTLIL representation for module `$paramod$56887f0f5cf82d055e02966d1bd52eb3edcc0195\GTP_LUT6'.
Parameter \INIT = 64'1110111011101111110011001100111010001000100011000000000000001000
Found cached RTLIL representation for module `$paramod$ba5b7173d63688aef01bb71a72821be0a07f9a87\GTP_LUT6'.
Parameter \INIT = 64'1100111110011111100111110011111100110000011000000110000011000000
Found cached RTLIL representation for module `$paramod$56887f0f5cf82d055e02966d1bd52eb3edcc0195\GTP_LUT6'.
Parameter \INIT = 64'1100111110011111100111110011111100110000011000000110000011000000
Found cached RTLIL representation for module `$paramod$56887f0f5cf82d055e02966d1bd52eb3edcc0195\GTP_LUT6'.
Parameter \INIT = 64'1110111011101111110011001100111010001000100011000000000000001000
Found cached RTLIL representation for module `$paramod$ba5b7173d63688aef01bb71a72821be0a07f9a87\GTP_LUT6'.
Parameter \INIT = 64'0011000001100000011000001100000011001111100111111001111100111111
Found cached RTLIL representation for module `$paramod$bc6de2df570eae61bfd8035a14e07bf943960444\GTP_LUT6'.
Parameter \INIT = 64'1100111110011111100111110011111100110000011000000110000011000000
Found cached RTLIL representation for module `$paramod$56887f0f5cf82d055e02966d1bd52eb3edcc0195\GTP_LUT6'.
Parameter \INIT = 64'0000000000010000001100000111000000010000001100000111000011110000
Found cached RTLIL representation for module `$paramod$0c75d9771d8390715aca7af4db20ea1c312fb822\GTP_LUT6'.
Parameter \INIT = 64'1100111110011111100111110011111100110000011000000110000011000000
Found cached RTLIL representation for module `$paramod$56887f0f5cf82d055e02966d1bd52eb3edcc0195\GTP_LUT6'.
Parameter \INIT = 64'1100111110011111100111110011111100110000011000000110000011000000
Found cached RTLIL representation for module `$paramod$56887f0f5cf82d055e02966d1bd52eb3edcc0195\GTP_LUT6'.
Parameter \INIT = 64'1110111011101111110011001100111010001000100011000000000000001000
Found cached RTLIL representation for module `$paramod$ba5b7173d63688aef01bb71a72821be0a07f9a87\GTP_LUT6'.
Parameter \INIT = 64'1110111011101111110011001100111010001000100011000000000000001000
Found cached RTLIL representation for module `$paramod$ba5b7173d63688aef01bb71a72821be0a07f9a87\GTP_LUT6'.
Parameter \INIT = 64'0000000000010000001100000111000000010000001100000111000011110000
Found cached RTLIL representation for module `$paramod$0c75d9771d8390715aca7af4db20ea1c312fb822\GTP_LUT6'.
Parameter \INIT = 64'1100111110011111100111110011111100110000011000000110000011000000
Found cached RTLIL representation for module `$paramod$56887f0f5cf82d055e02966d1bd52eb3edcc0195\GTP_LUT6'.
Parameter \INIT = 64'1110111011101111110011001100111010001000100011000000000000001000
Found cached RTLIL representation for module `$paramod$ba5b7173d63688aef01bb71a72821be0a07f9a87\GTP_LUT6'.
Parameter \INIT = 64'0000000000010000001100000111000000010000001100000111000011110000
Found cached RTLIL representation for module `$paramod$0c75d9771d8390715aca7af4db20ea1c312fb822\GTP_LUT6'.
Parameter \INIT = 64'0000000000010000001100000111000000010000001100000111000011110000
Found cached RTLIL representation for module `$paramod$0c75d9771d8390715aca7af4db20ea1c312fb822\GTP_LUT6'.
Parameter \INIT = 64'1110111011101111110011001100111010001000100011000000000000001000
Found cached RTLIL representation for module `$paramod$ba5b7173d63688aef01bb71a72821be0a07f9a87\GTP_LUT6'.
Parameter \INIT = 64'1100111110011111100111110011111100110000011000000110000011000000
Found cached RTLIL representation for module `$paramod$56887f0f5cf82d055e02966d1bd52eb3edcc0195\GTP_LUT6'.
Parameter \INIT = 64'1100110011001110111011101110111100000000000010001000100010001100

3.43. Executing AST frontend in derive mode using pre-parsed AST for module `\GTP_LUT6'.
Parameter \INIT = 64'1100110011001110111011101110111100000000000010001000100010001100
Generating RTLIL representation for module `$paramod$d9e9e614e54cc4c4358748ac1cf287279f49bea3\GTP_LUT6'.
Parameter \INIT = 64'1100111110011111100111110011111100110000011000000110000011000000
Found cached RTLIL representation for module `$paramod$56887f0f5cf82d055e02966d1bd52eb3edcc0195\GTP_LUT6'.
Parameter \INIT = 64'0011000001100000110011111001111101100000110000001001111100111111

3.44. Executing AST frontend in derive mode using pre-parsed AST for module `\GTP_LUT6'.
Parameter \INIT = 64'0011000001100000110011111001111101100000110000001001111100111111
Generating RTLIL representation for module `$paramod$b0d6733f8287b1f4519ab27fafdb29d794eb5ff3\GTP_LUT6'.
Parameter \INIT = 64'0000000000010000001100000111000000010000001100000111000011110000
Found cached RTLIL representation for module `$paramod$0c75d9771d8390715aca7af4db20ea1c312fb822\GTP_LUT6'.
Parameter \INIT = 64'0000000000010000001100000111000000010000001100000111000011110000
Found cached RTLIL representation for module `$paramod$0c75d9771d8390715aca7af4db20ea1c312fb822\GTP_LUT6'.
Parameter \INIT = 64'1110111011101111110011001100111010001000100011000000000000001000
Found cached RTLIL representation for module `$paramod$ba5b7173d63688aef01bb71a72821be0a07f9a87\GTP_LUT6'.
Parameter \INIT = 64'1100110011001110111011101110111100000000000010001000100010001100
Found cached RTLIL representation for module `$paramod$d9e9e614e54cc4c4358748ac1cf287279f49bea3\GTP_LUT6'.
Parameter \INIT = 64'1110111011101111110011001100111010001000100011000000000000001000
Found cached RTLIL representation for module `$paramod$ba5b7173d63688aef01bb71a72821be0a07f9a87\GTP_LUT6'.
Parameter \INIT = 64'1100111110011111001100000110000010011111001111110110000011000000
Found cached RTLIL representation for module `$paramod$951d9341ccd051e40ea46f5cef9c619fbabbc7fe\GTP_LUT6'.
Parameter \INIT = 64'1100111110011111100111110011111100110000011000000110000011000000
Found cached RTLIL representation for module `$paramod$56887f0f5cf82d055e02966d1bd52eb3edcc0195\GTP_LUT6'.
Parameter \INIT = 64'0000000000010000001100000111000000010000001100000111000011110000
Found cached RTLIL representation for module `$paramod$0c75d9771d8390715aca7af4db20ea1c312fb822\GTP_LUT6'.
Parameter \INIT = 64'0000000000010000001100000111000000010000001100000111000011110000
Found cached RTLIL representation for module `$paramod$0c75d9771d8390715aca7af4db20ea1c312fb822\GTP_LUT6'.
Parameter \INIT = 64'1110111011101111110011001100111010001000100011000000000000001000
Found cached RTLIL representation for module `$paramod$ba5b7173d63688aef01bb71a72821be0a07f9a87\GTP_LUT6'.
Parameter \INIT = 64'0000000000010000001100000111000000010000001100000111000011110000
Found cached RTLIL representation for module `$paramod$0c75d9771d8390715aca7af4db20ea1c312fb822\GTP_LUT6'.
Parameter \INIT = 64'1100111110011111100111110011111100110000011000000110000011000000
Found cached RTLIL representation for module `$paramod$56887f0f5cf82d055e02966d1bd52eb3edcc0195\GTP_LUT6'.
Parameter \INIT = 64'1110111011101111110011001100111010001000100011000000000000001000
Found cached RTLIL representation for module `$paramod$ba5b7173d63688aef01bb71a72821be0a07f9a87\GTP_LUT6'.
Parameter \INIT = 64'1110111011101111110011001100111010001000100011000000000000001000
Found cached RTLIL representation for module `$paramod$ba5b7173d63688aef01bb71a72821be0a07f9a87\GTP_LUT6'.
Parameter \INIT = 64'1001111100111111110011111001111101100000110000000011000001100000

3.45. Executing AST frontend in derive mode using pre-parsed AST for module `\GTP_LUT6'.
Parameter \INIT = 64'1001111100111111110011111001111101100000110000000011000001100000
Generating RTLIL representation for module `$paramod$bed7f8e658c16542ac4e752a74b7ba29ebc0ad33\GTP_LUT6'.
Parameter \INIT = 64'1110111011101111110011001100111010001000100011000000000000001000
Found cached RTLIL representation for module `$paramod$ba5b7173d63688aef01bb71a72821be0a07f9a87\GTP_LUT6'.
Parameter \INIT = 64'0000000000010000001100000111000000010000001100000111000011110000
Found cached RTLIL representation for module `$paramod$0c75d9771d8390715aca7af4db20ea1c312fb822\GTP_LUT6'.
Parameter \INIT = 64'1100111110011111001100000110000010011111001111110110000011000000
Found cached RTLIL representation for module `$paramod$951d9341ccd051e40ea46f5cef9c619fbabbc7fe\GTP_LUT6'.
Parameter \INIT = 64'0000000000010000001100000111000000010000001100000111000011110000
Found cached RTLIL representation for module `$paramod$0c75d9771d8390715aca7af4db20ea1c312fb822\GTP_LUT6'.
Parameter \INIT = 64'0000000000010000001100000111000000010000001100000111000011110000
Found cached RTLIL representation for module `$paramod$0c75d9771d8390715aca7af4db20ea1c312fb822\GTP_LUT6'.
Parameter \INIT = 16'1011011101001000
Found cached RTLIL representation for module `$paramod\GTP_LUT4\INIT=16'1011011101001000'.
Parameter \INIT = 64'1100111110011111100111110011111100110000011000000110000011000000
Found cached RTLIL representation for module `$paramod$56887f0f5cf82d055e02966d1bd52eb3edcc0195\GTP_LUT6'.
Parameter \INIT = 64'0000000000010000001100000111000000010000001100000111000011110000
Found cached RTLIL representation for module `$paramod$0c75d9771d8390715aca7af4db20ea1c312fb822\GTP_LUT6'.
Parameter \INIT = 64'0000000000010000001100000111000000010000001100000111000011110000
Found cached RTLIL representation for module `$paramod$0c75d9771d8390715aca7af4db20ea1c312fb822\GTP_LUT6'.
Parameter \INIT = 64'1100111110011111100111110011111100110000011000000110000011000000
Found cached RTLIL representation for module `$paramod$56887f0f5cf82d055e02966d1bd52eb3edcc0195\GTP_LUT6'.
Parameter \INIT = 16'1011011101001000
Found cached RTLIL representation for module `$paramod\GTP_LUT4\INIT=16'1011011101001000'.
Parameter \INIT = 64'1100111110011111001100000110000010011111001111110110000011000000
Found cached RTLIL representation for module `$paramod$951d9341ccd051e40ea46f5cef9c619fbabbc7fe\GTP_LUT6'.
Parameter \INIT = 64'1100111110011111001100000110000010011111001111110110000011000000
Found cached RTLIL representation for module `$paramod$951d9341ccd051e40ea46f5cef9c619fbabbc7fe\GTP_LUT6'.
Parameter \INIT = 16'1011011101001000
Found cached RTLIL representation for module `$paramod\GTP_LUT4\INIT=16'1011011101001000'.
Parameter \INIT = 64'1100111110011111100111110011111100110000011000000110000011000000
Found cached RTLIL representation for module `$paramod$56887f0f5cf82d055e02966d1bd52eb3edcc0195\GTP_LUT6'.
Parameter \INIT = 64'0000000000010000001100000111000000010000001100000111000011110000
Found cached RTLIL representation for module `$paramod$0c75d9771d8390715aca7af4db20ea1c312fb822\GTP_LUT6'.
Parameter \INIT = 64'0011000001110000000000000001000001110000111100000001000000110000
Found cached RTLIL representation for module `$paramod$09259db225d769ce8527a5eada93fb5a1409294b\GTP_LUT6'.
Parameter \INIT = 64'1100111110011111001100000110000010011111001111110110000011000000
Found cached RTLIL representation for module `$paramod$951d9341ccd051e40ea46f5cef9c619fbabbc7fe\GTP_LUT6'.
Parameter \INIT = 64'0000000000010000001100000111000000010000001100000111000011110000
Found cached RTLIL representation for module `$paramod$0c75d9771d8390715aca7af4db20ea1c312fb822\GTP_LUT6'.
Parameter \INIT = 64'0000000000010000001100000111000000010000001100000111000011110000
Found cached RTLIL representation for module `$paramod$0c75d9771d8390715aca7af4db20ea1c312fb822\GTP_LUT6'.
Parameter \INIT = 64'1110111011101111110011001100111010001000100011000000000000001000
Found cached RTLIL representation for module `$paramod$ba5b7173d63688aef01bb71a72821be0a07f9a87\GTP_LUT6'.
Parameter \INIT = 16'1011011101001000
Found cached RTLIL representation for module `$paramod\GTP_LUT4\INIT=16'1011011101001000'.
Parameter \INIT = 32'11111110110010001110110010000000

3.46. Executing AST frontend in derive mode using pre-parsed AST for module `\GTP_LUT5'.
Parameter \INIT = 32'11111110110010001110110010000000
Generating RTLIL representation for module `$paramod\GTP_LUT5\INIT=32'11111110110010001110110010000000'.
Parameter \INIT = 64'1100111110011111001100000110000010011111001111110110000011000000
Found cached RTLIL representation for module `$paramod$951d9341ccd051e40ea46f5cef9c619fbabbc7fe\GTP_LUT6'.
Parameter \INIT = 16'1011011101001000
Found cached RTLIL representation for module `$paramod\GTP_LUT4\INIT=16'1011011101001000'.
Parameter \INIT = 16'1011011101001000
Found cached RTLIL representation for module `$paramod\GTP_LUT4\INIT=16'1011011101001000'.
Parameter \INIT = 64'0001000000110000000000000001000001110000111100000011000001110000
Found cached RTLIL representation for module `$paramod$704f8042eefb99c5e76c6f22d96562ed7be56313\GTP_LUT6'.
Parameter \INIT = 16'1011011101001000
Found cached RTLIL representation for module `$paramod\GTP_LUT4\INIT=16'1011011101001000'.
Parameter \INIT = 16'1011011101001000
Found cached RTLIL representation for module `$paramod\GTP_LUT4\INIT=16'1011011101001000'.
Parameter \INIT = 64'0000000000010000001100000111000000010000001100000111000011110000
Found cached RTLIL representation for module `$paramod$0c75d9771d8390715aca7af4db20ea1c312fb822\GTP_LUT6'.
Parameter \INIT = 64'0000000000010000001100000111000000010000001100000111000011110000
Found cached RTLIL representation for module `$paramod$0c75d9771d8390715aca7af4db20ea1c312fb822\GTP_LUT6'.
Parameter \INIT = 16'1011011101001000
Found cached RTLIL representation for module `$paramod\GTP_LUT4\INIT=16'1011011101001000'.
Parameter \INIT = 16'1011011101001000
Found cached RTLIL representation for module `$paramod\GTP_LUT4\INIT=16'1011011101001000'.
Parameter \INIT = 64'1100111110011111100111110011111100110000011000000110000011000000
Found cached RTLIL representation for module `$paramod$56887f0f5cf82d055e02966d1bd52eb3edcc0195\GTP_LUT6'.
Parameter \INIT = 64'1100111110011111100111110011111100110000011000000110000011000000
Found cached RTLIL representation for module `$paramod$56887f0f5cf82d055e02966d1bd52eb3edcc0195\GTP_LUT6'.
Parameter \INIT = 64'1100111110011111001100000110000010011111001111110110000011000000
Found cached RTLIL representation for module `$paramod$951d9341ccd051e40ea46f5cef9c619fbabbc7fe\GTP_LUT6'.
Parameter \INIT = 64'1100111110011111100111110011111100110000011000000110000011000000
Found cached RTLIL representation for module `$paramod$56887f0f5cf82d055e02966d1bd52eb3edcc0195\GTP_LUT6'.
Parameter \INIT = 64'1100111110011111001100000110000010011111001111110110000011000000
Found cached RTLIL representation for module `$paramod$951d9341ccd051e40ea46f5cef9c619fbabbc7fe\GTP_LUT6'.
Parameter \INIT = 64'1001100110010101100110011001010110011001100101011001010110010101

3.47. Executing AST frontend in derive mode using pre-parsed AST for module `\GTP_LUT6'.
Parameter \INIT = 64'1001100110010101100110011001010110011001100101011001010110010101
Generating RTLIL representation for module `$paramod$07860755a17736dd23243d1cf61e0b72a7347191\GTP_LUT6'.
Parameter \INIT = 64'0000000000010000001100000111000000010000001100000111000011110000
Found cached RTLIL representation for module `$paramod$0c75d9771d8390715aca7af4db20ea1c312fb822\GTP_LUT6'.
Parameter \INIT = 64'1110111011101111110011001100111010001000100011000000000000001000
Found cached RTLIL representation for module `$paramod$ba5b7173d63688aef01bb71a72821be0a07f9a87\GTP_LUT6'.
Parameter \INIT = 64'0000000000010000001100000111000000010000001100000111000011110000
Found cached RTLIL representation for module `$paramod$0c75d9771d8390715aca7af4db20ea1c312fb822\GTP_LUT6'.
Parameter \INIT = 16'1011011101001000
Found cached RTLIL representation for module `$paramod\GTP_LUT4\INIT=16'1011011101001000'.
Parameter \INIT = 64'0000000000010000001100000111000000010000001100000111000011110000
Found cached RTLIL representation for module `$paramod$0c75d9771d8390715aca7af4db20ea1c312fb822\GTP_LUT6'.
Parameter \INIT = 64'1110111011101111110011001100111010001000100011000000000000001000
Found cached RTLIL representation for module `$paramod$ba5b7173d63688aef01bb71a72821be0a07f9a87\GTP_LUT6'.
Parameter \INIT = 16'1011011101001000
Found cached RTLIL representation for module `$paramod\GTP_LUT4\INIT=16'1011011101001000'.
Parameter \INIT = 64'1100111110011111100111110011111100110000011000000110000011000000
Found cached RTLIL representation for module `$paramod$56887f0f5cf82d055e02966d1bd52eb3edcc0195\GTP_LUT6'.
Parameter \INIT = 16'1011011101001000
Found cached RTLIL representation for module `$paramod\GTP_LUT4\INIT=16'1011011101001000'.
Parameter \INIT = 16'1011011101001000
Found cached RTLIL representation for module `$paramod\GTP_LUT4\INIT=16'1011011101001000'.
Parameter \INIT = 64'1010100010100000101010001010000010101000101010001010100010100000
Found cached RTLIL representation for module `$paramod$05bf28522bbfbd204985901a35739be4c355ccc5\GTP_LUT6'.
Parameter \INIT = 64'1100111110011111001100000110000010011111001111110110000011000000
Found cached RTLIL representation for module `$paramod$951d9341ccd051e40ea46f5cef9c619fbabbc7fe\GTP_LUT6'.
Parameter \INIT = 64'1100111110011111001100000110000010011111001111110110000011000000
Found cached RTLIL representation for module `$paramod$951d9341ccd051e40ea46f5cef9c619fbabbc7fe\GTP_LUT6'.
Parameter \INIT = 64'1110111011101111110011001100111010001000100011000000000000001000
Found cached RTLIL representation for module `$paramod$ba5b7173d63688aef01bb71a72821be0a07f9a87\GTP_LUT6'.
Parameter \INIT = 16'1011011101001000
Found cached RTLIL representation for module `$paramod\GTP_LUT4\INIT=16'1011011101001000'.
Parameter \INIT = 16'1011011101001000
Found cached RTLIL representation for module `$paramod\GTP_LUT4\INIT=16'1011011101001000'.
Parameter \INIT = 16'1011011101001000
Found cached RTLIL representation for module `$paramod\GTP_LUT4\INIT=16'1011011101001000'.
Parameter \INIT = 64'1100111110011111100111110011111100110000011000000110000011000000
Found cached RTLIL representation for module `$paramod$56887f0f5cf82d055e02966d1bd52eb3edcc0195\GTP_LUT6'.
Parameter \INIT = 16'1011011101001000
Found cached RTLIL representation for module `$paramod\GTP_LUT4\INIT=16'1011011101001000'.
Parameter \INIT = 64'1100111110011111100111110011111100110000011000000110000011000000
Found cached RTLIL representation for module `$paramod$56887f0f5cf82d055e02966d1bd52eb3edcc0195\GTP_LUT6'.
Parameter \INIT = 64'1010100010100000101010001010000010101000101010001010100010100000
Found cached RTLIL representation for module `$paramod$05bf28522bbfbd204985901a35739be4c355ccc5\GTP_LUT6'.
Parameter \INIT = 64'0011000001110000011100001111000000000000000100000001000000110000
Found cached RTLIL representation for module `$paramod$d656a6df532c1cc5662fe0a7afafccded88153c2\GTP_LUT6'.
Parameter \INIT = 64'1001100110100101100110011010010110011001100110011001100110100101
Found cached RTLIL representation for module `$paramod$ccdd5a9a364248962fb863abd884fb447863184b\GTP_LUT6'.
Parameter \INIT = 64'0000000000010000001100000111000000010000001100000111000011110000
Found cached RTLIL representation for module `$paramod$0c75d9771d8390715aca7af4db20ea1c312fb822\GTP_LUT6'.
Parameter \INIT = 64'0100101110000111101110110111011101000100100010001011010001111000

3.48. Executing AST frontend in derive mode using pre-parsed AST for module `\GTP_LUT6'.
Parameter \INIT = 64'0100101110000111101110110111011101000100100010001011010001111000
Generating RTLIL representation for module `$paramod$b546be785baa12ed14b2175671e7c30a36d86266\GTP_LUT6'.
Parameter \INIT = 16'1011011101001000
Found cached RTLIL representation for module `$paramod\GTP_LUT4\INIT=16'1011011101001000'.
Parameter \INIT = 16'1011011101001000
Found cached RTLIL representation for module `$paramod\GTP_LUT4\INIT=16'1011011101001000'.
Parameter \INIT = 64'0000000000010000001100000111000000010000001100000111000011110000
Found cached RTLIL representation for module `$paramod$0c75d9771d8390715aca7af4db20ea1c312fb822\GTP_LUT6'.
Parameter \INIT = 64'0101010100010000000000000000000011111111011101010000000000000000

3.49. Executing AST frontend in derive mode using pre-parsed AST for module `\GTP_LUT6'.
Parameter \INIT = 64'0101010100010000000000000000000011111111011101010000000000000000
Generating RTLIL representation for module `$paramod$fc0d4ce59fd72224ec9737e28af8b5f3ed19c3eb\GTP_LUT6'.
Parameter \INIT = 16'1011011101001000
Found cached RTLIL representation for module `$paramod\GTP_LUT4\INIT=16'1011011101001000'.
Parameter \INIT = 64'0011000001110000011100001111000000000000000100000001000000110000
Found cached RTLIL representation for module `$paramod$d656a6df532c1cc5662fe0a7afafccded88153c2\GTP_LUT6'.
Parameter \INIT = 16'1011011101001000
Found cached RTLIL representation for module `$paramod\GTP_LUT4\INIT=16'1011011101001000'.
Parameter \INIT = 64'1100111110011111100111110011111100110000011000000110000011000000
Found cached RTLIL representation for module `$paramod$56887f0f5cf82d055e02966d1bd52eb3edcc0195\GTP_LUT6'.
Parameter \INIT = 16'1011011101001000
Found cached RTLIL representation for module `$paramod\GTP_LUT4\INIT=16'1011011101001000'.
Parameter \INIT = 64'0000000000010000001100000111000000010000001100000111000011110000
Found cached RTLIL representation for module `$paramod$0c75d9771d8390715aca7af4db20ea1c312fb822\GTP_LUT6'.
Parameter \INIT = 64'0111000100000000011101110000000001110001000000000111000100000000

3.50. Executing AST frontend in derive mode using pre-parsed AST for module `\GTP_LUT6'.
Parameter \INIT = 64'0111000100000000011101110000000001110001000000000111000100000000
Generating RTLIL representation for module `$paramod$dedcf4d9656f109d1eaec0cc15e13898817c1faa\GTP_LUT6'.
Parameter \INIT = 64'0011001101101001001100110011001100110011011010010011001101101001

3.51. Executing AST frontend in derive mode using pre-parsed AST for module `\GTP_LUT6'.
Parameter \INIT = 64'0011001101101001001100110011001100110011011010010011001101101001
Generating RTLIL representation for module `$paramod$d052d25dc0bd6ad9ff7c9a26eacd3ea162ef961e\GTP_LUT6'.
Parameter \INIT = 64'0001000000110000000000000001000001110000111100000011000001110000
Found cached RTLIL representation for module `$paramod$704f8042eefb99c5e76c6f22d96562ed7be56313\GTP_LUT6'.
Parameter \INIT = 64'1110111001001110010001001110010011101110010001000100010011101110

3.52. Executing AST frontend in derive mode using pre-parsed AST for module `\GTP_LUT6'.
Parameter \INIT = 64'1110111001001110010001001110010011101110010001000100010011101110
Generating RTLIL representation for module `$paramod$3a4d0958b94a7cc7ae6840327ae5a3d4f6bdba69\GTP_LUT6'.
Parameter \INIT = 64'1100111110011111100111110011111100110000011000000110000011000000
Found cached RTLIL representation for module `$paramod$56887f0f5cf82d055e02966d1bd52eb3edcc0195\GTP_LUT6'.
Parameter \INIT = 16'1011011101001000
Found cached RTLIL representation for module `$paramod\GTP_LUT4\INIT=16'1011011101001000'.
Parameter \INIT = 16'1011011101001000
Found cached RTLIL representation for module `$paramod\GTP_LUT4\INIT=16'1011011101001000'.
Parameter \INIT = 64'1110111011101111110011001100111010001000100011000000000000001000
Found cached RTLIL representation for module `$paramod$ba5b7173d63688aef01bb71a72821be0a07f9a87\GTP_LUT6'.
Parameter \INIT = 64'1110111011101111110011001100111010001000100011000000000000001000
Found cached RTLIL representation for module `$paramod$ba5b7173d63688aef01bb71a72821be0a07f9a87\GTP_LUT6'.
Parameter \INIT = 64'0100010001000100000000000100000011001100110011000100010011000100

3.53. Executing AST frontend in derive mode using pre-parsed AST for module `\GTP_LUT6'.
Parameter \INIT = 64'0100010001000100000000000100000011001100110011000100010011000100
Generating RTLIL representation for module `$paramod$68948508929cf1b45292f1f9ec21ba12479e8234\GTP_LUT6'.
Parameter \INIT = 64'0111011101110111000101110001000100000000000000000000000000000000

3.54. Executing AST frontend in derive mode using pre-parsed AST for module `\GTP_LUT6'.
Parameter \INIT = 64'0111011101110111000101110001000100000000000000000000000000000000
Generating RTLIL representation for module `$paramod$2d2b969be87441559eb459c999b8c8149bfe3c61\GTP_LUT6'.
Parameter \INIT = 64'1100111110011111100111110011111100110000011000000110000011000000
Found cached RTLIL representation for module `$paramod$56887f0f5cf82d055e02966d1bd52eb3edcc0195\GTP_LUT6'.
Parameter \INIT = 16'1011011101001000
Found cached RTLIL representation for module `$paramod\GTP_LUT4\INIT=16'1011011101001000'.
Parameter \INIT = 16'1011011101001000
Found cached RTLIL representation for module `$paramod\GTP_LUT4\INIT=16'1011011101001000'.
Parameter \INIT = 16'1011011101001000
Found cached RTLIL representation for module `$paramod\GTP_LUT4\INIT=16'1011011101001000'.
Parameter \INIT = 64'0000000000010000000100000011000000110000011100000111000011110000
Found cached RTLIL representation for module `$paramod$ee1263cc1ddc67832d9e0851e42d909bf9eef3cd\GTP_LUT6'.
Parameter \INIT = 64'1100111110011111100111110011111100110000011000000110000011000000
Found cached RTLIL representation for module `$paramod$56887f0f5cf82d055e02966d1bd52eb3edcc0195\GTP_LUT6'.
Parameter \INIT = 16'1011011101001000
Found cached RTLIL representation for module `$paramod\GTP_LUT4\INIT=16'1011011101001000'.
Parameter \INIT = 64'1110111011101111110011001100111010001000100011000000000000001000
Found cached RTLIL representation for module `$paramod$ba5b7173d63688aef01bb71a72821be0a07f9a87\GTP_LUT6'.
Parameter \INIT = 16'1011011101001000
Found cached RTLIL representation for module `$paramod\GTP_LUT4\INIT=16'1011011101001000'.
Parameter \INIT = 64'0011011101111111000001000100110011111011101100111100100010000000

3.55. Executing AST frontend in derive mode using pre-parsed AST for module `\GTP_LUT6'.
Parameter \INIT = 64'0011011101111111000001000100110011111011101100111100100010000000
Generating RTLIL representation for module `$paramod$f91aa6aa10c1df60576f8d480ff6a18a03e2f50d\GTP_LUT6'.
Parameter \INIT = 16'1011011101001000
Found cached RTLIL representation for module `$paramod\GTP_LUT4\INIT=16'1011011101001000'.
Parameter \INIT = 64'0011001110100011001100110011001100110011101000110011001110100011

3.56. Executing AST frontend in derive mode using pre-parsed AST for module `\GTP_LUT6'.
Parameter \INIT = 64'0011001110100011001100110011001100110011101000110011001110100011
Generating RTLIL representation for module `$paramod$475d43747dd2d1cb5da6e8339b266a0c7e8685b1\GTP_LUT6'.
Parameter \INIT = 64'0100010001000100000000000100000011001100110011000100010011000100
Found cached RTLIL representation for module `$paramod$68948508929cf1b45292f1f9ec21ba12479e8234\GTP_LUT6'.
Parameter \INIT = 16'1011011101001000
Found cached RTLIL representation for module `$paramod\GTP_LUT4\INIT=16'1011011101001000'.
Parameter \INIT = 64'1010101010100011101010101010001110101010101000111010001110100011
Found cached RTLIL representation for module `$paramod$e165c77f34c53f7ad5d54584a3c2c9586ae667f8\GTP_LUT6'.
Parameter \INIT = 16'1011010001111000
Found cached RTLIL representation for module `$paramod\GTP_LUT4\INIT=16'1011010001111000'.
Parameter \INIT = 16'1011011101001000
Found cached RTLIL representation for module `$paramod\GTP_LUT4\INIT=16'1011011101001000'.
Parameter \INIT = 16'1011011101001000
Found cached RTLIL representation for module `$paramod\GTP_LUT4\INIT=16'1011011101001000'.
Parameter \INIT = 16'1011010001111000
Found cached RTLIL representation for module `$paramod\GTP_LUT4\INIT=16'1011010001111000'.
Parameter \INIT = 64'1011010001001011101101000100101110110100010010110000000011111111

3.57. Executing AST frontend in derive mode using pre-parsed AST for module `\GTP_LUT6'.
Parameter \INIT = 64'1011010001001011101101000100101110110100010010110000000011111111
Generating RTLIL representation for module `$paramod$56ec69f5ad3f14b094fc128e37422ac7ba4b7984\GTP_LUT6'.
Parameter \INIT = 16'1011011101001000
Found cached RTLIL representation for module `$paramod\GTP_LUT4\INIT=16'1011011101001000'.
Parameter \INIT = 61943

3.58. Executing AST frontend in derive mode using pre-parsed AST for module `\GTP_LUT5'.
Parameter \INIT = 61943
Generating RTLIL representation for module `$paramod\GTP_LUT5\INIT=32'00000000000000001111000111110111'.
Parameter \INIT = 16'1011011101001000
Found cached RTLIL representation for module `$paramod\GTP_LUT4\INIT=16'1011011101001000'.
Parameter \INIT = 16'1011011101001000
Found cached RTLIL representation for module `$paramod\GTP_LUT4\INIT=16'1011011101001000'.
Parameter \INIT = 16'0100100010110111
Found cached RTLIL representation for module `$paramod\GTP_LUT4\INIT=16'0100100010110111'.
Parameter \INIT = 64'0001000000110000000000000001000001110000111100000011000001110000
Found cached RTLIL representation for module `$paramod$704f8042eefb99c5e76c6f22d96562ed7be56313\GTP_LUT6'.
Parameter \INIT = 16'1011011101001000
Found cached RTLIL representation for module `$paramod\GTP_LUT4\INIT=16'1011011101001000'.
Parameter \INIT = 64'0000000000110000010100000011000001010000001100001111000000110000

3.59. Executing AST frontend in derive mode using pre-parsed AST for module `\GTP_LUT6'.
Parameter \INIT = 64'0000000000110000010100000011000001010000001100001111000000110000
Generating RTLIL representation for module `$paramod$1f80f9c53ec516ec2fe8c15365d505e814741623\GTP_LUT6'.
Parameter \INIT = 64'0000000000010000001100000111000000010000001100000111000011110000
Found cached RTLIL representation for module `$paramod$0c75d9771d8390715aca7af4db20ea1c312fb822\GTP_LUT6'.
Parameter \INIT = 16'1011011101001000
Found cached RTLIL representation for module `$paramod\GTP_LUT4\INIT=16'1011011101001000'.
Parameter \INIT = 16'1011011101001000
Found cached RTLIL representation for module `$paramod\GTP_LUT4\INIT=16'1011011101001000'.
Parameter \INIT = 16'1011011101001000
Found cached RTLIL representation for module `$paramod\GTP_LUT4\INIT=16'1011011101001000'.
Parameter \INIT = 16'1011011101001000
Found cached RTLIL representation for module `$paramod\GTP_LUT4\INIT=16'1011011101001000'.
Parameter \INIT = 16'1011011101001000
Found cached RTLIL representation for module `$paramod\GTP_LUT4\INIT=16'1011011101001000'.
Parameter \INIT = 16'1011011101001000
Found cached RTLIL representation for module `$paramod\GTP_LUT4\INIT=16'1011011101001000'.
Parameter \INIT = 64'1010001010101010101000101010001010101010101010101010101010101010

3.60. Executing AST frontend in derive mode using pre-parsed AST for module `\GTP_LUT6'.
Parameter \INIT = 64'1010001010101010101000101010001010101010101010101010101010101010
Generating RTLIL representation for module `$paramod$1b0920de6a7e68fb65e46a6ad96fe488b5da9be0\GTP_LUT6'.
Parameter \INIT = 64'0000000000010000000100000011000000110000011100000111000011110000
Found cached RTLIL representation for module `$paramod$ee1263cc1ddc67832d9e0851e42d909bf9eef3cd\GTP_LUT6'.
Parameter \INIT = 64'1010101010100011101010101010001110101010101000111010001110100011
Found cached RTLIL representation for module `$paramod$e165c77f34c53f7ad5d54584a3c2c9586ae667f8\GTP_LUT6'.
Parameter \INIT = 64'0101010101010101010001000101010000000000000000000000000000000000

3.61. Executing AST frontend in derive mode using pre-parsed AST for module `\GTP_LUT6'.
Parameter \INIT = 64'0101010101010101010001000101010000000000000000000000000000000000
Generating RTLIL representation for module `$paramod$f5e91dc1f96a466b43e2ea62cdda4c4f6c654a3c\GTP_LUT6'.
Parameter \INIT = 64'1100110001011100110011001100110011001100010111001100110001011100
Found cached RTLIL representation for module `$paramod$96d4fd28579311011ec539e1b8cf13e5d774a2ec\GTP_LUT6'.
Parameter \INIT = 16'1011011101001000
Found cached RTLIL representation for module `$paramod\GTP_LUT4\INIT=16'1011011101001000'.
Parameter \INIT = 16'1011010001111000
Found cached RTLIL representation for module `$paramod\GTP_LUT4\INIT=16'1011010001111000'.
Parameter \INIT = 64'0000000001000000000000000000000000000000010000000000000001000000

3.62. Executing AST frontend in derive mode using pre-parsed AST for module `\GTP_LUT6'.
Parameter \INIT = 64'0000000001000000000000000000000000000000010000000000000001000000
Generating RTLIL representation for module `$paramod$1a23fcdc77056cddef73e02f71c6f11d4a7f2c75\GTP_LUT6'.
Parameter \INIT = 16'1011011101001000
Found cached RTLIL representation for module `$paramod\GTP_LUT4\INIT=16'1011011101001000'.
Parameter \INIT = 64'0000000000010000000100000011000000110000011100000111000011110000
Found cached RTLIL representation for module `$paramod$ee1263cc1ddc67832d9e0851e42d909bf9eef3cd\GTP_LUT6'.
Parameter \INIT = 16'1011011101001000
Found cached RTLIL representation for module `$paramod\GTP_LUT4\INIT=16'1011011101001000'.
Parameter \INIT = 32'10100010101010101010001010100010

3.63. Executing AST frontend in derive mode using pre-parsed AST for module `\GTP_LUT5'.
Parameter \INIT = 32'10100010101010101010001010100010
Generating RTLIL representation for module `$paramod\GTP_LUT5\INIT=32'10100010101010101010001010100010'.
Parameter \INIT = 16'1001010110100110
Found cached RTLIL representation for module `$paramod\GTP_LUT4\INIT=16'1001010110100110'.
Parameter \INIT = 16'0100101110000111

3.64. Executing AST frontend in derive mode using pre-parsed AST for module `\GTP_LUT4'.
Parameter \INIT = 16'0100101110000111
Generating RTLIL representation for module `$paramod\GTP_LUT4\INIT=16'0100101110000111'.
Parameter \INIT = 16'1011011101001000
Found cached RTLIL representation for module `$paramod\GTP_LUT4\INIT=16'1011011101001000'.
Parameter \INIT = 64'1101001101000000110100110100000011010011010000000111001100010000

3.65. Executing AST frontend in derive mode using pre-parsed AST for module `\GTP_LUT6'.
Parameter \INIT = 64'1101001101000000110100110100000011010011010000000111001100010000
Generating RTLIL representation for module `$paramod$5ffe8ef32f3e30892f465aaf1cda4d491f9f7ca4\GTP_LUT6'.
Parameter \INIT = 64'1011001111111111010011000000000011111011111111110000010000000000

3.66. Executing AST frontend in derive mode using pre-parsed AST for module `\GTP_LUT6'.
Parameter \INIT = 64'1011001111111111010011000000000011111011111111110000010000000000
Generating RTLIL representation for module `$paramod$fb68d1b93b6343b7a7dddb6e4be19d3395b2f7b2\GTP_LUT6'.
Parameter \INIT = 32'10100010101010101010001010100010
Found cached RTLIL representation for module `$paramod\GTP_LUT5\INIT=32'10100010101010101010001010100010'.
Parameter \INIT = 64'1001001101101100001111000011110001100011100111001100110011001100

3.67. Executing AST frontend in derive mode using pre-parsed AST for module `\GTP_LUT6'.
Parameter \INIT = 64'1001001101101100001111000011110001100011100111001100110011001100
Generating RTLIL representation for module `$paramod$1774b298c8b4a8467a2e086a655eca9723a36b76\GTP_LUT6'.
Parameter \INIT = 16'1100100011111010

3.68. Executing AST frontend in derive mode using pre-parsed AST for module `\GTP_LUT4'.
Parameter \INIT = 16'1100100011111010
Generating RTLIL representation for module `$paramod\GTP_LUT4\INIT=16'1100100011111010'.
Parameter \INIT = 16'1011011101001000
Found cached RTLIL representation for module `$paramod\GTP_LUT4\INIT=16'1011011101001000'.
Parameter \INIT = 32'11010011010000000111001100010000

3.69. Executing AST frontend in derive mode using pre-parsed AST for module `\GTP_LUT5'.
Parameter \INIT = 32'11010011010000000111001100010000
Generating RTLIL representation for module `$paramod\GTP_LUT5\INIT=32'11010011010000000111001100010000'.
Parameter \INIT = 32'11010011010000000111001100010000
Found cached RTLIL representation for module `$paramod\GTP_LUT5\INIT=32'11010011010000000111001100010000'.
Parameter \INIT = 16'0001000000000000

3.70. Executing AST frontend in derive mode using pre-parsed AST for module `\GTP_LUT4'.
Parameter \INIT = 16'0001000000000000
Generating RTLIL representation for module `$paramod\GTP_LUT4\INIT=16'0001000000000000'.
Parameter \INIT = 64'1110111011101111110011001100111010001000100011000000000000001000
Found cached RTLIL representation for module `$paramod$ba5b7173d63688aef01bb71a72821be0a07f9a87\GTP_LUT6'.
Parameter \INIT = 64'1110111011101111110011001100111010001000100011000000000000001000
Found cached RTLIL representation for module `$paramod$ba5b7173d63688aef01bb71a72821be0a07f9a87\GTP_LUT6'.
Parameter \INIT = 64'1110111011101111110011001100111010001000100011000000000000001000
Found cached RTLIL representation for module `$paramod$ba5b7173d63688aef01bb71a72821be0a07f9a87\GTP_LUT6'.
Parameter \INIT = 64'1110111011101111110011001100111010001000100011000000000000001000
Found cached RTLIL representation for module `$paramod$ba5b7173d63688aef01bb71a72821be0a07f9a87\GTP_LUT6'.
Parameter \INIT = 64'1110111011101111110011001100111010001000100011000000000000001000
Found cached RTLIL representation for module `$paramod$ba5b7173d63688aef01bb71a72821be0a07f9a87\GTP_LUT6'.
Parameter \INIT = 64'1110111011101111110011001100111010001000100011000000000000001000
Found cached RTLIL representation for module `$paramod$ba5b7173d63688aef01bb71a72821be0a07f9a87\GTP_LUT6'.
Parameter \INIT = 64'1110111011101111110011001100111010001000100011000000000000001000
Found cached RTLIL representation for module `$paramod$ba5b7173d63688aef01bb71a72821be0a07f9a87\GTP_LUT6'.
Parameter \INIT = 64'1110111011101111110011001100111010001000100011000000000000001000
Found cached RTLIL representation for module `$paramod$ba5b7173d63688aef01bb71a72821be0a07f9a87\GTP_LUT6'.
Parameter \INIT = 64'1110111011101111110011001100111010001000100011000000000000001000
Found cached RTLIL representation for module `$paramod$ba5b7173d63688aef01bb71a72821be0a07f9a87\GTP_LUT6'.
Parameter \INIT = 64'1110111011101111110011001100111010001000100011000000000000001000
Found cached RTLIL representation for module `$paramod$ba5b7173d63688aef01bb71a72821be0a07f9a87\GTP_LUT6'.
Parameter \INIT = 32'11111010111110100101000011011000

3.71. Executing AST frontend in derive mode using pre-parsed AST for module `\GTP_LUT5'.
Parameter \INIT = 32'11111010111110100101000011011000
Generating RTLIL representation for module `$paramod\GTP_LUT5\INIT=32'11111010111110100101000011011000'.
Parameter \INIT = 64'1100111110011111100111110011111100110000011000000110000011000000
Found cached RTLIL representation for module `$paramod$56887f0f5cf82d055e02966d1bd52eb3edcc0195\GTP_LUT6'.
Parameter \INIT = 61943
Found cached RTLIL representation for module `$paramod\GTP_LUT5\INIT=32'00000000000000001111000111110111'.
Parameter \INIT = 64'1100111110011111001100000110000010011111001111110110000011000000
Found cached RTLIL representation for module `$paramod$951d9341ccd051e40ea46f5cef9c619fbabbc7fe\GTP_LUT6'.
Parameter \INIT = 64'1110111011101111110011001100111010001000100011000000000000001000
Found cached RTLIL representation for module `$paramod$ba5b7173d63688aef01bb71a72821be0a07f9a87\GTP_LUT6'.
Parameter \INIT = 64'0000000000010000001100000111000000010000001100000111000011110000
Found cached RTLIL representation for module `$paramod$0c75d9771d8390715aca7af4db20ea1c312fb822\GTP_LUT6'.
Parameter \INIT = 64'1100111110011111100111110011111100110000011000000110000011000000
Found cached RTLIL representation for module `$paramod$56887f0f5cf82d055e02966d1bd52eb3edcc0195\GTP_LUT6'.
Parameter \INIT = 64'0000000000010000001100000111000000010000001100000111000011110000
Found cached RTLIL representation for module `$paramod$0c75d9771d8390715aca7af4db20ea1c312fb822\GTP_LUT6'.
Parameter \INIT = 64'1110111011101111110011001100111010001000100011000000000000001000
Found cached RTLIL representation for module `$paramod$ba5b7173d63688aef01bb71a72821be0a07f9a87\GTP_LUT6'.
Parameter \INIT = 64'0000000000010000001100000111000000010000001100000111000011110000
Found cached RTLIL representation for module `$paramod$0c75d9771d8390715aca7af4db20ea1c312fb822\GTP_LUT6'.
Parameter \INIT = 64'1110111011101111110011001100111010001000100011000000000000001000
Found cached RTLIL representation for module `$paramod$ba5b7173d63688aef01bb71a72821be0a07f9a87\GTP_LUT6'.
Parameter \INIT = 64'1110111011101111110011001100111010001000100011000000000000001000
Found cached RTLIL representation for module `$paramod$ba5b7173d63688aef01bb71a72821be0a07f9a87\GTP_LUT6'.
Parameter \INIT = 64'1110111011101111110011001100111010001000100011000000000000001000
Found cached RTLIL representation for module `$paramod$ba5b7173d63688aef01bb71a72821be0a07f9a87\GTP_LUT6'.
Parameter \INIT = 64'1100111110011111100111110011111100110000011000000110000011000000
Found cached RTLIL representation for module `$paramod$56887f0f5cf82d055e02966d1bd52eb3edcc0195\GTP_LUT6'.
Parameter \INIT = 64'1110111011101111110011001100111010001000100011000000000000001000
Found cached RTLIL representation for module `$paramod$ba5b7173d63688aef01bb71a72821be0a07f9a87\GTP_LUT6'.
Parameter \INIT = 16'1011011101001000
Found cached RTLIL representation for module `$paramod\GTP_LUT4\INIT=16'1011011101001000'.
Parameter \INIT = 64'1111000011100001110000111000011111100001110000111000011100001111

3.72. Executing AST frontend in derive mode using pre-parsed AST for module `\GTP_LUT6'.
Parameter \INIT = 64'1111000011100001110000111000011111100001110000111000011100001111
Generating RTLIL representation for module `$paramod$1f07c78b7596ae3cc784bc1b7b3088e6f009fa10\GTP_LUT6'.
Parameter \INIT = 64'1110111011101111110011001100111010001000100011000000000000001000
Found cached RTLIL representation for module `$paramod$ba5b7173d63688aef01bb71a72821be0a07f9a87\GTP_LUT6'.
Parameter \INIT = 64'0000000000010000001100000111000000010000001100000111000011110000
Found cached RTLIL representation for module `$paramod$0c75d9771d8390715aca7af4db20ea1c312fb822\GTP_LUT6'.
Parameter \INIT = 64'1110111011101111110011001100111010001000100011000000000000001000
Found cached RTLIL representation for module `$paramod$ba5b7173d63688aef01bb71a72821be0a07f9a87\GTP_LUT6'.
Parameter \INIT = 64'1100111110011111100111110011111100110000011000000110000011000000
Found cached RTLIL representation for module `$paramod$56887f0f5cf82d055e02966d1bd52eb3edcc0195\GTP_LUT6'.
Parameter \INIT = 64'1110111011101111110011001100111010001000100011000000000000001000
Found cached RTLIL representation for module `$paramod$ba5b7173d63688aef01bb71a72821be0a07f9a87\GTP_LUT6'.
Parameter \INIT = 64'0000000000010000001100000111000000010000001100000111000011110000
Found cached RTLIL representation for module `$paramod$0c75d9771d8390715aca7af4db20ea1c312fb822\GTP_LUT6'.
Parameter \INIT = 16'1011011101001000
Found cached RTLIL representation for module `$paramod\GTP_LUT4\INIT=16'1011011101001000'.
Parameter \INIT = 64'0000000000010000001100000111000000010000001100000111000011110000
Found cached RTLIL representation for module `$paramod$0c75d9771d8390715aca7af4db20ea1c312fb822\GTP_LUT6'.
Parameter \INIT = 64'1100111110011111100111110011111100110000011000000110000011000000
Found cached RTLIL representation for module `$paramod$56887f0f5cf82d055e02966d1bd52eb3edcc0195\GTP_LUT6'.
Parameter \INIT = 64'1110111011101111110011001100111010001000100011000000000000001000
Found cached RTLIL representation for module `$paramod$ba5b7173d63688aef01bb71a72821be0a07f9a87\GTP_LUT6'.
Parameter \INIT = 64'1110111011101111110011001100111010001000100011000000000000001000
Found cached RTLIL representation for module `$paramod$ba5b7173d63688aef01bb71a72821be0a07f9a87\GTP_LUT6'.
Parameter \INIT = 64'0000000000010000001100000111000000010000001100000111000011110000
Found cached RTLIL representation for module `$paramod$0c75d9771d8390715aca7af4db20ea1c312fb822\GTP_LUT6'.
Parameter \INIT = 64'1110111011101111110011001100111010001000100011000000000000001000
Found cached RTLIL representation for module `$paramod$ba5b7173d63688aef01bb71a72821be0a07f9a87\GTP_LUT6'.
Parameter \INIT = 64'1110111011101111110011001100111010001000100011000000000000001000
Found cached RTLIL representation for module `$paramod$ba5b7173d63688aef01bb71a72821be0a07f9a87\GTP_LUT6'.
Parameter \INIT = 64'0011000001100000110011111001111101100000110000001001111100111111
Found cached RTLIL representation for module `$paramod$b0d6733f8287b1f4519ab27fafdb29d794eb5ff3\GTP_LUT6'.
Parameter \INIT = 64'1100111110011111001100000110000010011111001111110110000011000000
Found cached RTLIL representation for module `$paramod$951d9341ccd051e40ea46f5cef9c619fbabbc7fe\GTP_LUT6'.
Parameter \INIT = 64'1110111011101111110011001100111010001000100011000000000000001000
Found cached RTLIL representation for module `$paramod$ba5b7173d63688aef01bb71a72821be0a07f9a87\GTP_LUT6'.
Parameter \INIT = 64'1100111110011111001100000110000010011111001111110110000011000000
Found cached RTLIL representation for module `$paramod$951d9341ccd051e40ea46f5cef9c619fbabbc7fe\GTP_LUT6'.
Parameter \INIT = 64'1100111110011111100111110011111100110000011000000110000011000000
Found cached RTLIL representation for module `$paramod$56887f0f5cf82d055e02966d1bd52eb3edcc0195\GTP_LUT6'.
Parameter \INIT = 64'1111000011100001110000111000011111100001110000111000011100001111
Found cached RTLIL representation for module `$paramod$1f07c78b7596ae3cc784bc1b7b3088e6f009fa10\GTP_LUT6'.
Parameter \INIT = 64'1100111110011111001100000110000010011111001111110110000011000000
Found cached RTLIL representation for module `$paramod$951d9341ccd051e40ea46f5cef9c619fbabbc7fe\GTP_LUT6'.
Parameter \INIT = 32'11111110110010001110110010000000
Found cached RTLIL representation for module `$paramod\GTP_LUT5\INIT=32'11111110110010001110110010000000'.
Parameter \INIT = 64'1110111011101111110011001100111010001000100011000000000000001000
Found cached RTLIL representation for module `$paramod$ba5b7173d63688aef01bb71a72821be0a07f9a87\GTP_LUT6'.
Parameter \INIT = 64'1110111011101111110011001100111010001000100011000000000000001000
Found cached RTLIL representation for module `$paramod$ba5b7173d63688aef01bb71a72821be0a07f9a87\GTP_LUT6'.
Parameter \INIT = 64'1110111011101111110011001100111010001000100011000000000000001000
Found cached RTLIL representation for module `$paramod$ba5b7173d63688aef01bb71a72821be0a07f9a87\GTP_LUT6'.
Parameter \INIT = 64'0000000000010000001100000111000000010000001100000111000011110000
Found cached RTLIL representation for module `$paramod$0c75d9771d8390715aca7af4db20ea1c312fb822\GTP_LUT6'.
Parameter \INIT = 64'1110111011101111110011001100111010001000100011000000000000001000
Found cached RTLIL representation for module `$paramod$ba5b7173d63688aef01bb71a72821be0a07f9a87\GTP_LUT6'.
Parameter \INIT = 64'0000000000010000001100000111000000010000001100000111000011110000
Found cached RTLIL representation for module `$paramod$0c75d9771d8390715aca7af4db20ea1c312fb822\GTP_LUT6'.
Parameter \INIT = 64'1100111110011111001100000110000010011111001111110110000011000000
Found cached RTLIL representation for module `$paramod$951d9341ccd051e40ea46f5cef9c619fbabbc7fe\GTP_LUT6'.
Parameter \INIT = 16'1011011101001000
Found cached RTLIL representation for module `$paramod\GTP_LUT4\INIT=16'1011011101001000'.
Parameter \INIT = 64'1110111011101111110011001100111010001000100011000000000000001000
Found cached RTLIL representation for module `$paramod$ba5b7173d63688aef01bb71a72821be0a07f9a87\GTP_LUT6'.
Parameter \INIT = 64'1100111110011111100111110011111100110000011000000110000011000000
Found cached RTLIL representation for module `$paramod$56887f0f5cf82d055e02966d1bd52eb3edcc0195\GTP_LUT6'.
Parameter \INIT = 16'1011011101001000
Found cached RTLIL representation for module `$paramod\GTP_LUT4\INIT=16'1011011101001000'.
Parameter \INIT = 16'1011011101001000
Found cached RTLIL representation for module `$paramod\GTP_LUT4\INIT=16'1011011101001000'.
Parameter \INIT = 64'0000000000010000001100000111000000010000001100000111000011110000
Found cached RTLIL representation for module `$paramod$0c75d9771d8390715aca7af4db20ea1c312fb822\GTP_LUT6'.
Parameter \INIT = 64'1110111011101111110011001100111010001000100011000000000000001000
Found cached RTLIL representation for module `$paramod$ba5b7173d63688aef01bb71a72821be0a07f9a87\GTP_LUT6'.
Parameter \INIT = 64'1100111110011111100111110011111100110000011000000110000011000000
Found cached RTLIL representation for module `$paramod$56887f0f5cf82d055e02966d1bd52eb3edcc0195\GTP_LUT6'.
Parameter \INIT = 64'1100111110011111100111110011111100110000011000000110000011000000
Found cached RTLIL representation for module `$paramod$56887f0f5cf82d055e02966d1bd52eb3edcc0195\GTP_LUT6'.
Parameter \INIT = 64'0000000000010000001100000111000000010000001100000111000011110000
Found cached RTLIL representation for module `$paramod$0c75d9771d8390715aca7af4db20ea1c312fb822\GTP_LUT6'.
Parameter \INIT = 64'1100111110011111001100000110000010011111001111110110000011000000
Found cached RTLIL representation for module `$paramod$951d9341ccd051e40ea46f5cef9c619fbabbc7fe\GTP_LUT6'.
Parameter \INIT = 16'1011011101001000
Found cached RTLIL representation for module `$paramod\GTP_LUT4\INIT=16'1011011101001000'.
Parameter \INIT = 64'1100111110011111001100000110000010011111001111110110000011000000
Found cached RTLIL representation for module `$paramod$951d9341ccd051e40ea46f5cef9c619fbabbc7fe\GTP_LUT6'.
Parameter \INIT = 64'0000000000010000001100000111000000010000001100000111000011110000
Found cached RTLIL representation for module `$paramod$0c75d9771d8390715aca7af4db20ea1c312fb822\GTP_LUT6'.
Parameter \INIT = 64'1100111110011111100111110011111100110000011000000110000011000000
Found cached RTLIL representation for module `$paramod$56887f0f5cf82d055e02966d1bd52eb3edcc0195\GTP_LUT6'.
Parameter \INIT = 64'0000000000010000001100000111000000010000001100000111000011110000
Found cached RTLIL representation for module `$paramod$0c75d9771d8390715aca7af4db20ea1c312fb822\GTP_LUT6'.
Parameter \INIT = 64'0011000001100000110011111001111101100000110000001001111100111111
Found cached RTLIL representation for module `$paramod$b0d6733f8287b1f4519ab27fafdb29d794eb5ff3\GTP_LUT6'.
Parameter \INIT = 64'0000111100011110001111000111100000011110001111000111100011110000

3.73. Executing AST frontend in derive mode using pre-parsed AST for module `\GTP_LUT6'.
Parameter \INIT = 64'0000111100011110001111000111100000011110001111000111100011110000
Generating RTLIL representation for module `$paramod$f15b9bf9cb8861ef7216179fbd2df4c7c6441f64\GTP_LUT6'.
Parameter \INIT = 64'0000000000010000001100000111000000010000001100000111000011110000
Found cached RTLIL representation for module `$paramod$0c75d9771d8390715aca7af4db20ea1c312fb822\GTP_LUT6'.
Parameter \INIT = 64'1100111110011111100111110011111100110000011000000110000011000000
Found cached RTLIL representation for module `$paramod$56887f0f5cf82d055e02966d1bd52eb3edcc0195\GTP_LUT6'.
Parameter \INIT = 64'1110111011101111110011001100111010001000100011000000000000001000
Found cached RTLIL representation for module `$paramod$ba5b7173d63688aef01bb71a72821be0a07f9a87\GTP_LUT6'.
Parameter \INIT = 64'1100111110011111100111110011111100110000011000000110000011000000
Found cached RTLIL representation for module `$paramod$56887f0f5cf82d055e02966d1bd52eb3edcc0195\GTP_LUT6'.
Parameter \INIT = 16'1011011101001000
Found cached RTLIL representation for module `$paramod\GTP_LUT4\INIT=16'1011011101001000'.
Parameter \INIT = 64'0011000001100000011000001100000011001111100111111001111100111111
Found cached RTLIL representation for module `$paramod$bc6de2df570eae61bfd8035a14e07bf943960444\GTP_LUT6'.
Parameter \INIT = 32'11111110110010001110110010000000
Found cached RTLIL representation for module `$paramod\GTP_LUT5\INIT=32'11111110110010001110110010000000'.
Parameter \INIT = 64'0000000000010000001100000111000000010000001100000111000011110000
Found cached RTLIL representation for module `$paramod$0c75d9771d8390715aca7af4db20ea1c312fb822\GTP_LUT6'.
Parameter \INIT = 64'1100111110011111100111110011111100110000011000000110000011000000
Found cached RTLIL representation for module `$paramod$56887f0f5cf82d055e02966d1bd52eb3edcc0195\GTP_LUT6'.
Parameter \INIT = 64'0000000000010000001100000111000000010000001100000111000011110000
Found cached RTLIL representation for module `$paramod$0c75d9771d8390715aca7af4db20ea1c312fb822\GTP_LUT6'.
Parameter \INIT = 64'1100111110011111100111110011111100110000011000000110000011000000
Found cached RTLIL representation for module `$paramod$56887f0f5cf82d055e02966d1bd52eb3edcc0195\GTP_LUT6'.
Parameter \INIT = 64'0000000000010000001100000111000000010000001100000111000011110000
Found cached RTLIL representation for module `$paramod$0c75d9771d8390715aca7af4db20ea1c312fb822\GTP_LUT6'.
Parameter \INIT = 16'1011011101001000
Found cached RTLIL representation for module `$paramod\GTP_LUT4\INIT=16'1011011101001000'.
Parameter \INIT = 64'1100111110011111100111110011111100110000011000000110000011000000
Found cached RTLIL representation for module `$paramod$56887f0f5cf82d055e02966d1bd52eb3edcc0195\GTP_LUT6'.
Parameter \INIT = 64'0000111100011110001111000111100000011110001111000111100011110000
Found cached RTLIL representation for module `$paramod$f15b9bf9cb8861ef7216179fbd2df4c7c6441f64\GTP_LUT6'.
Parameter \INIT = 64'1110111011101111110011001100111010001000100011000000000000001000
Found cached RTLIL representation for module `$paramod$ba5b7173d63688aef01bb71a72821be0a07f9a87\GTP_LUT6'.
Parameter \INIT = 16'1011011101001000
Found cached RTLIL representation for module `$paramod\GTP_LUT4\INIT=16'1011011101001000'.
Parameter \INIT = 64'1100111110011111100111110011111100110000011000000110000011000000
Found cached RTLIL representation for module `$paramod$56887f0f5cf82d055e02966d1bd52eb3edcc0195\GTP_LUT6'.
Parameter \INIT = 64'1100111110011111001100000110000010011111001111110110000011000000
Found cached RTLIL representation for module `$paramod$951d9341ccd051e40ea46f5cef9c619fbabbc7fe\GTP_LUT6'.
Parameter \INIT = 64'1110111011101111110011001100111010001000100011000000000000001000
Found cached RTLIL representation for module `$paramod$ba5b7173d63688aef01bb71a72821be0a07f9a87\GTP_LUT6'.
Parameter \INIT = 64'1100111110011111001100000110000010011111001111110110000011000000
Found cached RTLIL representation for module `$paramod$951d9341ccd051e40ea46f5cef9c619fbabbc7fe\GTP_LUT6'.
Parameter \INIT = 64'1100111110011111100111110011111100110000011000000110000011000000
Found cached RTLIL representation for module `$paramod$56887f0f5cf82d055e02966d1bd52eb3edcc0195\GTP_LUT6'.
Parameter \INIT = 16'1011011101001000
Found cached RTLIL representation for module `$paramod\GTP_LUT4\INIT=16'1011011101001000'.
Parameter \INIT = 64'1110111011101111110011001100111010001000100011000000000000001000
Found cached RTLIL representation for module `$paramod$ba5b7173d63688aef01bb71a72821be0a07f9a87\GTP_LUT6'.
Parameter \INIT = 64'0000000000010000001100000111000000010000001100000111000011110000
Found cached RTLIL representation for module `$paramod$0c75d9771d8390715aca7af4db20ea1c312fb822\GTP_LUT6'.
Parameter \INIT = 64'0101010101011100010101010101110001011100010111000101010101011100

3.74. Executing AST frontend in derive mode using pre-parsed AST for module `\GTP_LUT6'.
Parameter \INIT = 64'0101010101011100010101010101110001011100010111000101010101011100
Generating RTLIL representation for module `$paramod$a6005f0362de039403b8edd691a8c592fb652db1\GTP_LUT6'.
Parameter \INIT = 64'1110111011101111110011001100111010001000100011000000000000001000
Found cached RTLIL representation for module `$paramod$ba5b7173d63688aef01bb71a72821be0a07f9a87\GTP_LUT6'.
Parameter \INIT = 64'1100111110011111001100000110000010011111001111110110000011000000
Found cached RTLIL representation for module `$paramod$951d9341ccd051e40ea46f5cef9c619fbabbc7fe\GTP_LUT6'.
Parameter \INIT = 64'1100111110011111001100000110000010011111001111110110000011000000
Found cached RTLIL representation for module `$paramod$951d9341ccd051e40ea46f5cef9c619fbabbc7fe\GTP_LUT6'.
Parameter \INIT = 64'0000000000010000001100000111000000010000001100000111000011110000
Found cached RTLIL representation for module `$paramod$0c75d9771d8390715aca7af4db20ea1c312fb822\GTP_LUT6'.
Parameter \INIT = 16'1011011101001000
Found cached RTLIL representation for module `$paramod\GTP_LUT4\INIT=16'1011011101001000'.
Parameter \INIT = 64'0011000001110000011100001111000000000000000100000001000000110000
Found cached RTLIL representation for module `$paramod$d656a6df532c1cc5662fe0a7afafccded88153c2\GTP_LUT6'.
Parameter \INIT = 32'11111110110010001110110010000000
Found cached RTLIL representation for module `$paramod\GTP_LUT5\INIT=32'11111110110010001110110010000000'.
Parameter \INIT = 64'1100111110011111100111110011111100110000011000000110000011000000
Found cached RTLIL representation for module `$paramod$56887f0f5cf82d055e02966d1bd52eb3edcc0195\GTP_LUT6'.
Parameter \INIT = 64'1110111011101111110011001100111010001000100011000000000000001000
Found cached RTLIL representation for module `$paramod$ba5b7173d63688aef01bb71a72821be0a07f9a87\GTP_LUT6'.
Parameter \INIT = 32'11111110110010001110110010000000
Found cached RTLIL representation for module `$paramod\GTP_LUT5\INIT=32'11111110110010001110110010000000'.
Parameter \INIT = 64'0000000000010000001100000111000000010000001100000111000011110000
Found cached RTLIL representation for module `$paramod$0c75d9771d8390715aca7af4db20ea1c312fb822\GTP_LUT6'.
Parameter \INIT = 64'0000000000010000001100000111000000010000001100000111000011110000
Found cached RTLIL representation for module `$paramod$0c75d9771d8390715aca7af4db20ea1c312fb822\GTP_LUT6'.
Parameter \INIT = 64'0101010101011001010101010101100101011001010110010101010101011001

3.75. Executing AST frontend in derive mode using pre-parsed AST for module `\GTP_LUT6'.
Parameter \INIT = 64'0101010101011001010101010101100101011001010110010101010101011001
Generating RTLIL representation for module `$paramod$f250f2215e5f2c3a3f2a6ba09def96725fd973d0\GTP_LUT6'.
Parameter \INIT = 64'0000000000010000001100000111000000010000001100000111000011110000
Found cached RTLIL representation for module `$paramod$0c75d9771d8390715aca7af4db20ea1c312fb822\GTP_LUT6'.
Parameter \INIT = 64'0000111100011110001111000111100000011110001111000111100011110000
Found cached RTLIL representation for module `$paramod$f15b9bf9cb8861ef7216179fbd2df4c7c6441f64\GTP_LUT6'.
Parameter \INIT = 64'1100111110011111001100000110000010011111001111110110000011000000
Found cached RTLIL representation for module `$paramod$951d9341ccd051e40ea46f5cef9c619fbabbc7fe\GTP_LUT6'.
Parameter \INIT = 64'1100111110011111001100000110000010011111001111110110000011000000
Found cached RTLIL representation for module `$paramod$951d9341ccd051e40ea46f5cef9c619fbabbc7fe\GTP_LUT6'.
Parameter \INIT = 64'1010101010100011101010101010001110101010101000111010001110100011
Found cached RTLIL representation for module `$paramod$e165c77f34c53f7ad5d54584a3c2c9586ae667f8\GTP_LUT6'.
Parameter \INIT = 16'1011011101001000
Found cached RTLIL representation for module `$paramod\GTP_LUT4\INIT=16'1011011101001000'.
Parameter \INIT = 64'1110111011101111110011001100111010001000100011000000000000001000
Found cached RTLIL representation for module `$paramod$ba5b7173d63688aef01bb71a72821be0a07f9a87\GTP_LUT6'.
Parameter \INIT = 64'1110111011101111110011001100111010001000100011000000000000001000
Found cached RTLIL representation for module `$paramod$ba5b7173d63688aef01bb71a72821be0a07f9a87\GTP_LUT6'.
Parameter \INIT = 16'1011011101001000
Found cached RTLIL representation for module `$paramod\GTP_LUT4\INIT=16'1011011101001000'.
Parameter \INIT = 64'1100111110011111100111110011111100110000011000000110000011000000
Found cached RTLIL representation for module `$paramod$56887f0f5cf82d055e02966d1bd52eb3edcc0195\GTP_LUT6'.
Parameter \INIT = 64'0000000000010000001100000111000000010000001100000111000011110000
Found cached RTLIL representation for module `$paramod$0c75d9771d8390715aca7af4db20ea1c312fb822\GTP_LUT6'.
Parameter \INIT = 64'0000111100011110001111000111100000011110001111000111100011110000
Found cached RTLIL representation for module `$paramod$f15b9bf9cb8861ef7216179fbd2df4c7c6441f64\GTP_LUT6'.
Parameter \INIT = 64'1100111110011111001100000110000010011111001111110110000011000000
Found cached RTLIL representation for module `$paramod$951d9341ccd051e40ea46f5cef9c619fbabbc7fe\GTP_LUT6'.
Parameter \INIT = 64'1111000010010110111100001111000011110000100101101111000010010110

3.76. Executing AST frontend in derive mode using pre-parsed AST for module `\GTP_LUT6'.
Parameter \INIT = 64'1111000010010110111100001111000011110000100101101111000010010110
Generating RTLIL representation for module `$paramod$ce1831b0d031955412f7beb8faa3d1e6f6da5dc2\GTP_LUT6'.
Parameter \INIT = 64'1110111011101111110011001100111010001000100011000000000000001000
Found cached RTLIL representation for module `$paramod$ba5b7173d63688aef01bb71a72821be0a07f9a87\GTP_LUT6'.
Parameter \INIT = 16'1011011101001000
Found cached RTLIL representation for module `$paramod\GTP_LUT4\INIT=16'1011011101001000'.
Parameter \INIT = 16'1011011101001000
Found cached RTLIL representation for module `$paramod\GTP_LUT4\INIT=16'1011011101001000'.
Parameter \INIT = 32'11111010111110100101000011011000
Found cached RTLIL representation for module `$paramod\GTP_LUT5\INIT=32'11111010111110100101000011011000'.
Parameter \INIT = 64'1100111110011111100111110011111100110000011000000110000011000000
Found cached RTLIL representation for module `$paramod$56887f0f5cf82d055e02966d1bd52eb3edcc0195\GTP_LUT6'.
Parameter \INIT = 16'1011010001111000
Found cached RTLIL representation for module `$paramod\GTP_LUT4\INIT=16'1011010001111000'.
Parameter \INIT = 61943
Found cached RTLIL representation for module `$paramod\GTP_LUT5\INIT=32'00000000000000001111000111110111'.
Parameter \INIT = 16'1011011101001000
Found cached RTLIL representation for module `$paramod\GTP_LUT4\INIT=16'1011011101001000'.
Parameter \INIT = 64'0000000000010000001100000111000000010000001100000111000011110000
Found cached RTLIL representation for module `$paramod$0c75d9771d8390715aca7af4db20ea1c312fb822\GTP_LUT6'.
Parameter \INIT = 16'1011011101001000
Found cached RTLIL representation for module `$paramod\GTP_LUT4\INIT=16'1011011101001000'.
Parameter \INIT = 16'1011011101001000
Found cached RTLIL representation for module `$paramod\GTP_LUT4\INIT=16'1011011101001000'.
Parameter \INIT = 16'1011010001111000
Found cached RTLIL representation for module `$paramod\GTP_LUT4\INIT=16'1011010001111000'.
Parameter \INIT = 64'1110111011101111110011001100111010001000100011000000000000001000
Found cached RTLIL representation for module `$paramod$ba5b7173d63688aef01bb71a72821be0a07f9a87\GTP_LUT6'.
Parameter \INIT = 16'1111101011011000

3.77. Executing AST frontend in derive mode using pre-parsed AST for module `\GTP_LUT4'.
Parameter \INIT = 16'1111101011011000
Generating RTLIL representation for module `$paramod\GTP_LUT4\INIT=16'1111101011011000'.
Parameter \INIT = 16'1011011101001000
Found cached RTLIL representation for module `$paramod\GTP_LUT4\INIT=16'1011011101001000'.
Parameter \INIT = 16'1011011101001000
Found cached RTLIL representation for module `$paramod\GTP_LUT4\INIT=16'1011011101001000'.
Parameter \INIT = 64'1100111110011111001100000110000010011111001111110110000011000000
Found cached RTLIL representation for module `$paramod$951d9341ccd051e40ea46f5cef9c619fbabbc7fe\GTP_LUT6'.
Parameter \INIT = 64'0000000000010000001100000111000000010000001100000111000011110000
Found cached RTLIL representation for module `$paramod$0c75d9771d8390715aca7af4db20ea1c312fb822\GTP_LUT6'.
Parameter \INIT = 64'1110111011101111110011001100111010001000100011000000000000001000
Found cached RTLIL representation for module `$paramod$ba5b7173d63688aef01bb71a72821be0a07f9a87\GTP_LUT6'.
Parameter \INIT = 64'1100111110011111001100000110000010011111001111110110000011000000
Found cached RTLIL representation for module `$paramod$951d9341ccd051e40ea46f5cef9c619fbabbc7fe\GTP_LUT6'.
Parameter \INIT = 64'1100111110011111100111110011111100110000011000000110000011000000
Found cached RTLIL representation for module `$paramod$56887f0f5cf82d055e02966d1bd52eb3edcc0195\GTP_LUT6'.
Parameter \INIT = 64'1100111110011111100111110011111100110000011000000110000011000000
Found cached RTLIL representation for module `$paramod$56887f0f5cf82d055e02966d1bd52eb3edcc0195\GTP_LUT6'.
Parameter \INIT = 16'1011011101001000
Found cached RTLIL representation for module `$paramod\GTP_LUT4\INIT=16'1011011101001000'.
Parameter \INIT = 64'0000000000010000001100000111000000010000001100000111000011110000
Found cached RTLIL representation for module `$paramod$0c75d9771d8390715aca7af4db20ea1c312fb822\GTP_LUT6'.
Parameter \INIT = 64'0100010001000100000000000100000011001100110011000100010011000100
Found cached RTLIL representation for module `$paramod$68948508929cf1b45292f1f9ec21ba12479e8234\GTP_LUT6'.
Parameter \INIT = 64'0000000000010000001100000111000000010000001100000111000011110000
Found cached RTLIL representation for module `$paramod$0c75d9771d8390715aca7af4db20ea1c312fb822\GTP_LUT6'.
Parameter \INIT = 64'1110111011101111110011001100111010001000100011000000000000001000
Found cached RTLIL representation for module `$paramod$ba5b7173d63688aef01bb71a72821be0a07f9a87\GTP_LUT6'.
Parameter \INIT = 32'11111110110010001110110010000000
Found cached RTLIL representation for module `$paramod\GTP_LUT5\INIT=32'11111110110010001110110010000000'.
Parameter \INIT = 64'0001000000110000000000000001000001110000111100000011000001110000
Found cached RTLIL representation for module `$paramod$704f8042eefb99c5e76c6f22d96562ed7be56313\GTP_LUT6'.
Parameter \INIT = 16'0100100010110111
Found cached RTLIL representation for module `$paramod\GTP_LUT4\INIT=16'0100100010110111'.
Parameter \INIT = 32'11111110110010001110110010000000
Found cached RTLIL representation for module `$paramod\GTP_LUT5\INIT=32'11111110110010001110110010000000'.
Parameter \INIT = 64'1100111110011111100111110011111100110000011000000110000011000000
Found cached RTLIL representation for module `$paramod$56887f0f5cf82d055e02966d1bd52eb3edcc0195\GTP_LUT6'.
Parameter \INIT = 64'1100111110011111100111110011111100110000011000000110000011000000
Found cached RTLIL representation for module `$paramod$56887f0f5cf82d055e02966d1bd52eb3edcc0195\GTP_LUT6'.
Parameter \INIT = 16'1011010001111000
Found cached RTLIL representation for module `$paramod\GTP_LUT4\INIT=16'1011010001111000'.
Parameter \INIT = 16'1011011101001000
Found cached RTLIL representation for module `$paramod\GTP_LUT4\INIT=16'1011011101001000'.
Parameter \INIT = 64'1000100010001100000000000000100011101110111011111100110011001110
Found cached RTLIL representation for module `$paramod$a118d3480dbade809b76bf838f3c3004c354f711\GTP_LUT6'.
Parameter \INIT = 16'1011010001111000
Found cached RTLIL representation for module `$paramod\GTP_LUT4\INIT=16'1011010001111000'.
Parameter \INIT = 64'1100111110011111100111110011111100110000011000000110000011000000
Found cached RTLIL representation for module `$paramod$56887f0f5cf82d055e02966d1bd52eb3edcc0195\GTP_LUT6'.
Parameter \INIT = 64'1100111110011111100111110011111100110000011000000110000011000000
Found cached RTLIL representation for module `$paramod$56887f0f5cf82d055e02966d1bd52eb3edcc0195\GTP_LUT6'.
Parameter \INIT = 16'1011011101001000
Found cached RTLIL representation for module `$paramod\GTP_LUT4\INIT=16'1011011101001000'.
Parameter \INIT = 16'1011011101001000
Found cached RTLIL representation for module `$paramod\GTP_LUT4\INIT=16'1011011101001000'.
Parameter \INIT = 16'1011011101001000
Found cached RTLIL representation for module `$paramod\GTP_LUT4\INIT=16'1011011101001000'.
Parameter \INIT = 64'1100111110011111100111110011111100110000011000000110000011000000
Found cached RTLIL representation for module `$paramod$56887f0f5cf82d055e02966d1bd52eb3edcc0195\GTP_LUT6'.
Parameter \INIT = 16'1011011101001000
Found cached RTLIL representation for module `$paramod\GTP_LUT4\INIT=16'1011011101001000'.
Parameter \INIT = 64'1110111011101111110011001100111010001000100011000000000000001000
Found cached RTLIL representation for module `$paramod$ba5b7173d63688aef01bb71a72821be0a07f9a87\GTP_LUT6'.
Parameter \INIT = 16'1011011101001000
Found cached RTLIL representation for module `$paramod\GTP_LUT4\INIT=16'1011011101001000'.
Parameter \INIT = 64'0011011101111111111110111011001100000100010011001100100010000000

3.78. Executing AST frontend in derive mode using pre-parsed AST for module `\GTP_LUT6'.
Parameter \INIT = 64'0011011101111111111110111011001100000100010011001100100010000000
Generating RTLIL representation for module `$paramod$32b78369625acb113aa9d87af649528f5f47b981\GTP_LUT6'.
Parameter \INIT = 64'0000000000010000001100000111000000010000001100000111000011110000
Found cached RTLIL representation for module `$paramod$0c75d9771d8390715aca7af4db20ea1c312fb822\GTP_LUT6'.
Parameter \INIT = 64'0000000000010000001100000111000000010000001100000111000011110000
Found cached RTLIL representation for module `$paramod$0c75d9771d8390715aca7af4db20ea1c312fb822\GTP_LUT6'.
Parameter \INIT = 16'1011011101001000
Found cached RTLIL representation for module `$paramod\GTP_LUT4\INIT=16'1011011101001000'.
Parameter \INIT = 64'0000000000010000001100000111000000010000001100000111000011110000
Found cached RTLIL representation for module `$paramod$0c75d9771d8390715aca7af4db20ea1c312fb822\GTP_LUT6'.
Parameter \INIT = 64'0000000100110111000000000000000000010011011111110000000000000000

3.79. Executing AST frontend in derive mode using pre-parsed AST for module `\GTP_LUT6'.
Parameter \INIT = 64'0000000100110111000000000000000000010011011111110000000000000000
Generating RTLIL representation for module `$paramod$d21812dac985055b32b3eca39f691c7445670fb1\GTP_LUT6'.
Parameter \INIT = 16'1011011101001000
Found cached RTLIL representation for module `$paramod\GTP_LUT4\INIT=16'1011011101001000'.
Parameter \INIT = 64'0101010110010101010101010101010101010101100101010101010110010101

3.80. Executing AST frontend in derive mode using pre-parsed AST for module `\GTP_LUT6'.
Parameter \INIT = 64'0101010110010101010101010101010101010101100101010101010110010101
Generating RTLIL representation for module `$paramod$7e2ac04157a091c3b8a12e0cff2a72bd6e4261c7\GTP_LUT6'.
Parameter \INIT = 64'0000000000010000000100000011000000110000011100000111000011110000
Found cached RTLIL representation for module `$paramod$ee1263cc1ddc67832d9e0851e42d909bf9eef3cd\GTP_LUT6'.
Parameter \INIT = 16'1011011101001000
Found cached RTLIL representation for module `$paramod\GTP_LUT4\INIT=16'1011011101001000'.
Parameter \INIT = 64'0011011100000100111110111100100001111111010011001011001110000000

3.81. Executing AST frontend in derive mode using pre-parsed AST for module `\GTP_LUT6'.
Parameter \INIT = 64'0011011100000100111110111100100001111111010011001011001110000000
Generating RTLIL representation for module `$paramod$6c94083ddc07122c1401e63ff0ad5cfb427d062f\GTP_LUT6'.
Parameter \INIT = 16'1011011101001000
Found cached RTLIL representation for module `$paramod\GTP_LUT4\INIT=16'1011011101001000'.
Parameter \INIT = 64'0011000001100000011000001100000011001111100111111001111100111111
Found cached RTLIL representation for module `$paramod$bc6de2df570eae61bfd8035a14e07bf943960444\GTP_LUT6'.
Parameter \INIT = 64'0000000000000000000000000000000010001000100011101111111111111111

3.82. Executing AST frontend in derive mode using pre-parsed AST for module `\GTP_LUT6'.
Parameter \INIT = 64'0000000000000000000000000000000010001000100011101111111111111111
Generating RTLIL representation for module `$paramod$c103504dff926e66c59921f10489f9ae5d25b733\GTP_LUT6'.
Parameter \INIT = 16'1011011101001000
Found cached RTLIL representation for module `$paramod\GTP_LUT4\INIT=16'1011011101001000'.
Parameter \INIT = 64'1100111110011111001100000110000010011111001111110110000011000000
Found cached RTLIL representation for module `$paramod$951d9341ccd051e40ea46f5cef9c619fbabbc7fe\GTP_LUT6'.
Parameter \INIT = 64'0001000000110000000000000001000001110000111100000011000001110000
Found cached RTLIL representation for module `$paramod$704f8042eefb99c5e76c6f22d96562ed7be56313\GTP_LUT6'.
Parameter \INIT = 16'1011011101001000
Found cached RTLIL representation for module `$paramod\GTP_LUT4\INIT=16'1011011101001000'.
Parameter \INIT = 64'1100111110011111100111110011111100110000011000000110000011000000
Found cached RTLIL representation for module `$paramod$56887f0f5cf82d055e02966d1bd52eb3edcc0195\GTP_LUT6'.
Parameter \INIT = 16'1011011101001000
Found cached RTLIL representation for module `$paramod\GTP_LUT4\INIT=16'1011011101001000'.
Parameter \INIT = 16'1011011101001000
Found cached RTLIL representation for module `$paramod\GTP_LUT4\INIT=16'1011011101001000'.
Parameter \INIT = 64'1100110011001100110011001100110000000000010000000100000011000000

3.83. Executing AST frontend in derive mode using pre-parsed AST for module `\GTP_LUT6'.
Parameter \INIT = 64'1100110011001100110011001100110000000000010000000100000011000000
Generating RTLIL representation for module `$paramod$c89604e91de683c14486dd9c1cf554a82342b2d7\GTP_LUT6'.
Parameter \INIT = 64'0000110000001100000011000000110000000000000001000000010000001100

3.84. Executing AST frontend in derive mode using pre-parsed AST for module `\GTP_LUT6'.
Parameter \INIT = 64'0000110000001100000011000000110000000000000001000000010000001100
Generating RTLIL representation for module `$paramod$c758c6bfc61f8e37dcd7a7f48e34ad23eb8f6f77\GTP_LUT6'.
Parameter \INIT = 16'1011011101001000
Found cached RTLIL representation for module `$paramod\GTP_LUT4\INIT=16'1011011101001000'.
Parameter \INIT = 64'1100111110011111100111110011111100110000011000000110000011000000
Found cached RTLIL representation for module `$paramod$56887f0f5cf82d055e02966d1bd52eb3edcc0195\GTP_LUT6'.
Parameter \INIT = 64'0000000000010000000100000011000000110000011100000111000011110000
Found cached RTLIL representation for module `$paramod$ee1263cc1ddc67832d9e0851e42d909bf9eef3cd\GTP_LUT6'.
Parameter \INIT = 64'1111101111101010010100010100000001010001010000001111101111101010

3.85. Executing AST frontend in derive mode using pre-parsed AST for module `\GTP_LUT6'.
Parameter \INIT = 64'1111101111101010010100010100000001010001010000001111101111101010
Generating RTLIL representation for module `$paramod$85f251445b3a4f7d3ed70f371bd462fba397ce2f\GTP_LUT6'.
Parameter \INIT = 16'1011011101001000
Found cached RTLIL representation for module `$paramod\GTP_LUT4\INIT=16'1011011101001000'.
Parameter \INIT = 16'1011011101001000
Found cached RTLIL representation for module `$paramod\GTP_LUT4\INIT=16'1011011101001000'.
Parameter \INIT = 16'1011011101001000
Found cached RTLIL representation for module `$paramod\GTP_LUT4\INIT=16'1011011101001000'.
Parameter \INIT = 16'1011011101001000
Found cached RTLIL representation for module `$paramod\GTP_LUT4\INIT=16'1011011101001000'.
Parameter \INIT = 32'11111110110010001110110010000000
Found cached RTLIL representation for module `$paramod\GTP_LUT5\INIT=32'11111110110010001110110010000000'.
Parameter \INIT = 16'1011011101001000
Found cached RTLIL representation for module `$paramod\GTP_LUT4\INIT=16'1011011101001000'.
Parameter \INIT = 64'1100111110011111001100000110000010011111001111110110000011000000
Found cached RTLIL representation for module `$paramod$951d9341ccd051e40ea46f5cef9c619fbabbc7fe\GTP_LUT6'.
Parameter \INIT = 64'0101010110010101010101010101010101010101100101010101010110010101
Found cached RTLIL representation for module `$paramod$7e2ac04157a091c3b8a12e0cff2a72bd6e4261c7\GTP_LUT6'.
Parameter \INIT = 64'0111111100110111000100110000000100000000000000000000000000000000

3.86. Executing AST frontend in derive mode using pre-parsed AST for module `\GTP_LUT6'.
Parameter \INIT = 64'0111111100110111000100110000000100000000000000000000000000000000
Generating RTLIL representation for module `$paramod$dc0e78ce81fab0b2e4e927aaa22737ed9b952ead\GTP_LUT6'.
Parameter \INIT = 64'1110111011101111110011001100111010001000100011000000000000001000
Found cached RTLIL representation for module `$paramod$ba5b7173d63688aef01bb71a72821be0a07f9a87\GTP_LUT6'.
Parameter \INIT = 16'1011011101001000
Found cached RTLIL representation for module `$paramod\GTP_LUT4\INIT=16'1011011101001000'.
Parameter \INIT = 64'0000111100011110001111000111100000011110001111000111100011110000
Found cached RTLIL representation for module `$paramod$f15b9bf9cb8861ef7216179fbd2df4c7c6441f64\GTP_LUT6'.
Parameter \INIT = 16'1011011101001000
Found cached RTLIL representation for module `$paramod\GTP_LUT4\INIT=16'1011011101001000'.
Parameter \INIT = 64'0110011000110110011000110011001111001100011011001100011001100110

3.87. Executing AST frontend in derive mode using pre-parsed AST for module `\GTP_LUT6'.
Parameter \INIT = 64'0110011000110110011000110011001111001100011011001100011001100110
Generating RTLIL representation for module `$paramod$d0786e5f061f671afea1f46920fb14bc9c07fd28\GTP_LUT6'.
Parameter \INIT = 64'1100111110011111100111110011111100110000011000000110000011000000
Found cached RTLIL representation for module `$paramod$56887f0f5cf82d055e02966d1bd52eb3edcc0195\GTP_LUT6'.
Parameter \INIT = 16'0100100010110111
Found cached RTLIL representation for module `$paramod\GTP_LUT4\INIT=16'0100100010110111'.
Parameter \INIT = 64'1011010001001011000000001111111100000000111111110000000011111111

3.88. Executing AST frontend in derive mode using pre-parsed AST for module `\GTP_LUT6'.
Parameter \INIT = 64'1011010001001011000000001111111100000000111111110000000011111111
Generating RTLIL representation for module `$paramod$1296b162177a75336e86b66b1e8244dba2f42a83\GTP_LUT6'.
Parameter \INIT = 16'1011011101001000
Found cached RTLIL representation for module `$paramod\GTP_LUT4\INIT=16'1011011101001000'.
Parameter \INIT = 16'1011011101001000
Found cached RTLIL representation for module `$paramod\GTP_LUT4\INIT=16'1011011101001000'.
Parameter \INIT = 16'1011011101001000
Found cached RTLIL representation for module `$paramod\GTP_LUT4\INIT=16'1011011101001000'.
Parameter \INIT = 64'1110111011101111110011001100111010001000100011000000000000001000
Found cached RTLIL representation for module `$paramod$ba5b7173d63688aef01bb71a72821be0a07f9a87\GTP_LUT6'.
Parameter \INIT = 32'11011000110110001111101011011000

3.89. Executing AST frontend in derive mode using pre-parsed AST for module `\GTP_LUT5'.
Parameter \INIT = 32'11011000110110001111101011011000
Generating RTLIL representation for module `$paramod\GTP_LUT5\INIT=32'11011000110110001111101011011000'.
Parameter \INIT = 16'1011011101001000
Found cached RTLIL representation for module `$paramod\GTP_LUT4\INIT=16'1011011101001000'.
Parameter \INIT = 32'10011001100110011001100101011010

3.90. Executing AST frontend in derive mode using pre-parsed AST for module `\GTP_LUT5'.
Parameter \INIT = 32'10011001100110011001100101011010
Generating RTLIL representation for module `$paramod\GTP_LUT5\INIT=32'10011001100110011001100101011010'.
Parameter \INIT = 64'1111010000000000010000000000000011111111111101001111111101000000

3.91. Executing AST frontend in derive mode using pre-parsed AST for module `\GTP_LUT6'.
Parameter \INIT = 64'1111010000000000010000000000000011111111111101001111111101000000
Generating RTLIL representation for module `$paramod$0923cfa06370e3823e7c272e66356f48cb185299\GTP_LUT6'.
Parameter \INIT = 64'1100111110011111100111110011111100110000011000000110000011000000
Found cached RTLIL representation for module `$paramod$56887f0f5cf82d055e02966d1bd52eb3edcc0195\GTP_LUT6'.
Parameter \INIT = 64'0010001111101111000100001101110000010011110111110010000011101100

3.92. Executing AST frontend in derive mode using pre-parsed AST for module `\GTP_LUT6'.
Parameter \INIT = 64'0010001111101111000100001101110000010011110111110010000011101100
Generating RTLIL representation for module `$paramod$12b956d2bfe85f86462d2c685784f36cd1735d0b\GTP_LUT6'.
Parameter \INIT = 16'1011011101001000
Found cached RTLIL representation for module `$paramod\GTP_LUT4\INIT=16'1011011101001000'.
Parameter \INIT = 16'1011011101001000
Found cached RTLIL representation for module `$paramod\GTP_LUT4\INIT=16'1011011101001000'.
Parameter \INIT = 64'1010101010100011101010101010001110101010101000111010001110100011
Found cached RTLIL representation for module `$paramod$e165c77f34c53f7ad5d54584a3c2c9586ae667f8\GTP_LUT6'.
Parameter \INIT = 16'0100100010110111
Found cached RTLIL representation for module `$paramod\GTP_LUT4\INIT=16'0100100010110111'.
Parameter \INIT = 64'1110000011010000100000000100000011111110111111011111100011110100

3.93. Executing AST frontend in derive mode using pre-parsed AST for module `\GTP_LUT6'.
Parameter \INIT = 64'1110000011010000100000000100000011111110111111011111100011110100
Generating RTLIL representation for module `$paramod$67d66995a90fb8f1acfec5d90247fa6057927000\GTP_LUT6'.
Parameter \INIT = 64'1100111110011111100111110011111100110000011000000110000011000000
Found cached RTLIL representation for module `$paramod$56887f0f5cf82d055e02966d1bd52eb3edcc0195\GTP_LUT6'.
Parameter \INIT = 64'0001000000110000000000000001000001110000111100000011000001110000
Found cached RTLIL representation for module `$paramod$704f8042eefb99c5e76c6f22d96562ed7be56313\GTP_LUT6'.
Parameter \INIT = 64'0111000011110000001100000111000000010000001100000000000000010000

3.94. Executing AST frontend in derive mode using pre-parsed AST for module `\GTP_LUT6'.
Parameter \INIT = 64'0111000011110000001100000111000000010000001100000000000000010000
Generating RTLIL representation for module `$paramod$a2bc838eb55497e2e16d2aff53382db9fc474773\GTP_LUT6'.
Parameter \INIT = 64'0011000001100000011000001100000011001111100111111001111100111111
Found cached RTLIL representation for module `$paramod$bc6de2df570eae61bfd8035a14e07bf943960444\GTP_LUT6'.
Parameter \INIT = 32'11001000110010001100100011111010

3.95. Executing AST frontend in derive mode using pre-parsed AST for module `\GTP_LUT5'.
Parameter \INIT = 32'11001000110010001100100011111010
Generating RTLIL representation for module `$paramod\GTP_LUT5\INIT=32'11001000110010001100100011111010'.
Parameter \INIT = 64'1001111100111111110011111001111101100000110000000011000001100000
Found cached RTLIL representation for module `$paramod$bed7f8e658c16542ac4e752a74b7ba29ebc0ad33\GTP_LUT6'.
Parameter \INIT = 64'0110100110010110001111000011110000111100001111000011110000111100

3.96. Executing AST frontend in derive mode using pre-parsed AST for module `\GTP_LUT6'.
Parameter \INIT = 64'0110100110010110001111000011110000111100001111000011110000111100
Generating RTLIL representation for module `$paramod$ba327f2f01e84494aa5cda6f72ec86ddb332b16c\GTP_LUT6'.
Parameter \INIT = 64'1010101000111010101010101010101010101010001110101010101000111010

3.97. Executing AST frontend in derive mode using pre-parsed AST for module `\GTP_LUT6'.
Parameter \INIT = 64'1010101000111010101010101010101010101010001110101010101000111010
Generating RTLIL representation for module `$paramod$0fc4a3ce8e7e82c8b538b3e41d4a8d8581b02549\GTP_LUT6'.
Parameter \INIT = 16'1011010001111000
Found cached RTLIL representation for module `$paramod\GTP_LUT4\INIT=16'1011010001111000'.
Parameter \INIT = 16'1011011101001000
Found cached RTLIL representation for module `$paramod\GTP_LUT4\INIT=16'1011011101001000'.
Parameter \INIT = 8'00001011

3.98. Executing AST frontend in derive mode using pre-parsed AST for module `\GTP_LUT3'.
Parameter \INIT = 8'00001011
Generating RTLIL representation for module `$paramod\GTP_LUT3\INIT=8'00001011'.
Parameter \INIT = 64'1100111110011111100111110011111100110000011000000110000011000000
Found cached RTLIL representation for module `$paramod$56887f0f5cf82d055e02966d1bd52eb3edcc0195\GTP_LUT6'.
Parameter \INIT = 16'1011011101001000
Found cached RTLIL representation for module `$paramod\GTP_LUT4\INIT=16'1011011101001000'.
Parameter \INIT = 16'0100101110000111
Found cached RTLIL representation for module `$paramod\GTP_LUT4\INIT=16'0100101110000111'.
Parameter \INIT = 64'1101001101000000011100110001000001110011000100000111001100010000

3.99. Executing AST frontend in derive mode using pre-parsed AST for module `\GTP_LUT6'.
Parameter \INIT = 64'1101001101000000011100110001000001110011000100000111001100010000
Generating RTLIL representation for module `$paramod$06f6fd3eedef20662989266ce101c6c76a6efff4\GTP_LUT6'.
Parameter \INIT = 16'1011011101001000
Found cached RTLIL representation for module `$paramod\GTP_LUT4\INIT=16'1011011101001000'.
Parameter \INIT = 16'1011011101001000
Found cached RTLIL representation for module `$paramod\GTP_LUT4\INIT=16'1011011101001000'.
Parameter \INIT = 16'1011011101001000
Found cached RTLIL representation for module `$paramod\GTP_LUT4\INIT=16'1011011101001000'.
Parameter \INIT = 1671205740
Found cached RTLIL representation for module `$paramod\GTP_LUT5\INIT=32'01100011100111001001001101101100'.
Parameter \INIT = 16'1011011101001000
Found cached RTLIL representation for module `$paramod\GTP_LUT4\INIT=16'1011011101001000'.
Parameter \INIT = 16'1011010001111000
Found cached RTLIL representation for module `$paramod\GTP_LUT4\INIT=16'1011010001111000'.
Parameter \INIT = 16'0100101110000111
Found cached RTLIL representation for module `$paramod\GTP_LUT4\INIT=16'0100101110000111'.
Parameter \INIT = 64'0110110010010011110000111100001110011100011000110011001100110011

3.100. Executing AST frontend in derive mode using pre-parsed AST for module `\GTP_LUT6'.
Parameter \INIT = 64'0110110010010011110000111100001110011100011000110011001100110011
Generating RTLIL representation for module `$paramod$fb059cea1f34c1df93b32ef7ecd9318417c53d0f\GTP_LUT6'.
Parameter \INIT = 16'1011011101001000
Found cached RTLIL representation for module `$paramod\GTP_LUT4\INIT=16'1011011101001000'.
Parameter \INIT = 8'01010001

3.101. Executing AST frontend in derive mode using pre-parsed AST for module `\GTP_LUT3'.
Parameter \INIT = 8'01010001
Generating RTLIL representation for module `$paramod\GTP_LUT3\INIT=8'01010001'.
Parameter \INIT = 16'0100100010110111
Found cached RTLIL representation for module `$paramod\GTP_LUT4\INIT=16'0100100010110111'.
Parameter \INIT = 16'1011011101001000
Found cached RTLIL representation for module `$paramod\GTP_LUT4\INIT=16'1011011101001000'.
Parameter \INIT = 32'11010011010000000111001100010000
Found cached RTLIL representation for module `$paramod\GTP_LUT5\INIT=32'11010011010000000111001100010000'.
Parameter \INIT = 32'11010011010000000111001100010000
Found cached RTLIL representation for module `$paramod\GTP_LUT5\INIT=32'11010011010000000111001100010000'.
Parameter \INIT = 16'1011010001001011
Found cached RTLIL representation for module `$paramod\GTP_LUT4\INIT=16'1011010001001011'.
Parameter \INIT = 64'1110010001001110111001000100111011100100111001001110010001001110

3.102. Executing AST frontend in derive mode using pre-parsed AST for module `\GTP_LUT6'.
Parameter \INIT = 64'1110010001001110111001000100111011100100111001001110010001001110
Generating RTLIL representation for module `$paramod$e217d00130b23f9657bb05d8b9062f6ed8c27733\GTP_LUT6'.
Parameter \INIT = 16'1011010001111000
Found cached RTLIL representation for module `$paramod\GTP_LUT4\INIT=16'1011010001111000'.
Parameter \INIT = 64'1110111011101111110011001100111010001000100011000000000000001000
Found cached RTLIL representation for module `$paramod$ba5b7173d63688aef01bb71a72821be0a07f9a87\GTP_LUT6'.
Parameter \INIT = 64'1110111011101111110011001100111010001000100011000000000000001000
Found cached RTLIL representation for module `$paramod$ba5b7173d63688aef01bb71a72821be0a07f9a87\GTP_LUT6'.
Parameter \INIT = 64'1110111011101111110011001100111010001000100011000000000000001000
Found cached RTLIL representation for module `$paramod$ba5b7173d63688aef01bb71a72821be0a07f9a87\GTP_LUT6'.
Parameter \INIT = 64'1110111011101111110011001100111010001000100011000000000000001000
Found cached RTLIL representation for module `$paramod$ba5b7173d63688aef01bb71a72821be0a07f9a87\GTP_LUT6'.
Parameter \INIT = 64'1110111011101111110011001100111010001000100011000000000000001000
Found cached RTLIL representation for module `$paramod$ba5b7173d63688aef01bb71a72821be0a07f9a87\GTP_LUT6'.
Parameter \INIT = 64'1110111011101111110011001100111010001000100011000000000000001000
Found cached RTLIL representation for module `$paramod$ba5b7173d63688aef01bb71a72821be0a07f9a87\GTP_LUT6'.
Parameter \INIT = 64'1110111011101111110011001100111010001000100011000000000000001000
Found cached RTLIL representation for module `$paramod$ba5b7173d63688aef01bb71a72821be0a07f9a87\GTP_LUT6'.
Parameter \INIT = 32'11111010111110100101000011011000
Found cached RTLIL representation for module `$paramod\GTP_LUT5\INIT=32'11111010111110100101000011011000'.
Parameter \INIT = 64'1110111011101111110011001100111010001000100011000000000000001000
Found cached RTLIL representation for module `$paramod$ba5b7173d63688aef01bb71a72821be0a07f9a87\GTP_LUT6'.
Parameter \INIT = 64'1110111011101111110011001100111010001000100011000000000000001000
Found cached RTLIL representation for module `$paramod$ba5b7173d63688aef01bb71a72821be0a07f9a87\GTP_LUT6'.
Parameter \INIT = 64'1110111011101111110011001100111010001000100011000000000000001000
Found cached RTLIL representation for module `$paramod$ba5b7173d63688aef01bb71a72821be0a07f9a87\GTP_LUT6'.
Parameter \INIT = 64'1110111011101111110011001100111010001000100011000000000000001000
Found cached RTLIL representation for module `$paramod$ba5b7173d63688aef01bb71a72821be0a07f9a87\GTP_LUT6'.
Parameter \INIT = 64'1100111110011111100111110011111100110000011000000110000011000000
Found cached RTLIL representation for module `$paramod$56887f0f5cf82d055e02966d1bd52eb3edcc0195\GTP_LUT6'.
Parameter \INIT = 64'1110111011101111110011001100111010001000100011000000000000001000
Found cached RTLIL representation for module `$paramod$ba5b7173d63688aef01bb71a72821be0a07f9a87\GTP_LUT6'.
Parameter \INIT = 64'1110111011101111110011001100111010001000100011000000000000001000
Found cached RTLIL representation for module `$paramod$ba5b7173d63688aef01bb71a72821be0a07f9a87\GTP_LUT6'.
Parameter \INIT = 64'1100111110011111100111110011111100110000011000000110000011000000
Found cached RTLIL representation for module `$paramod$56887f0f5cf82d055e02966d1bd52eb3edcc0195\GTP_LUT6'.
Parameter \INIT = 64'1110111011101111110011001100111010001000100011000000000000001000
Found cached RTLIL representation for module `$paramod$ba5b7173d63688aef01bb71a72821be0a07f9a87\GTP_LUT6'.
Parameter \INIT = 64'0000000000010000001100000111000000010000001100000111000011110000
Found cached RTLIL representation for module `$paramod$0c75d9771d8390715aca7af4db20ea1c312fb822\GTP_LUT6'.
Parameter \INIT = 16'1011011101001000
Found cached RTLIL representation for module `$paramod\GTP_LUT4\INIT=16'1011011101001000'.
Parameter \INIT = 64'1110111011101111110011001100111010001000100011000000000000001000
Found cached RTLIL representation for module `$paramod$ba5b7173d63688aef01bb71a72821be0a07f9a87\GTP_LUT6'.
Parameter \INIT = 64'1110111011101111110011001100111010001000100011000000000000001000
Found cached RTLIL representation for module `$paramod$ba5b7173d63688aef01bb71a72821be0a07f9a87\GTP_LUT6'.
Parameter \INIT = 16'1011011101001000
Found cached RTLIL representation for module `$paramod\GTP_LUT4\INIT=16'1011011101001000'.
Parameter \INIT = 64'1110111011101111110011001100111010001000100011000000000000001000
Found cached RTLIL representation for module `$paramod$ba5b7173d63688aef01bb71a72821be0a07f9a87\GTP_LUT6'.
Parameter \INIT = 16'1011011101001000
Found cached RTLIL representation for module `$paramod\GTP_LUT4\INIT=16'1011011101001000'.
Parameter \INIT = 16'1011011101001000
Found cached RTLIL representation for module `$paramod\GTP_LUT4\INIT=16'1011011101001000'.
Parameter \INIT = 64'0000000000010000001100000111000000010000001100000111000011110000
Found cached RTLIL representation for module `$paramod$0c75d9771d8390715aca7af4db20ea1c312fb822\GTP_LUT6'.
Parameter \INIT = 64'0100110001001100010011000100110000000100000001000100110000000100

3.103. Executing AST frontend in derive mode using pre-parsed AST for module `\GTP_LUT6'.
Parameter \INIT = 64'0100110001001100010011000100110000000100000001000100110000000100
Generating RTLIL representation for module `$paramod$6788864a5ba2f165a6c227010cdf709df1c0e01d\GTP_LUT6'.
Parameter \INIT = 64'0000000000010000001100000111000000010000001100000111000011110000
Found cached RTLIL representation for module `$paramod$0c75d9771d8390715aca7af4db20ea1c312fb822\GTP_LUT6'.
Parameter \INIT = 64'1110111011101111110011001100111010001000100011000000000000001000
Found cached RTLIL representation for module `$paramod$ba5b7173d63688aef01bb71a72821be0a07f9a87\GTP_LUT6'.
Parameter \INIT = 16'1011011101001000
Found cached RTLIL representation for module `$paramod\GTP_LUT4\INIT=16'1011011101001000'.
Parameter \INIT = 64'1110111011101111110011001100111010001000100011000000000000001000
Found cached RTLIL representation for module `$paramod$ba5b7173d63688aef01bb71a72821be0a07f9a87\GTP_LUT6'.
Parameter \INIT = 64'1110111011101111110011001100111010001000100011000000000000001000
Found cached RTLIL representation for module `$paramod$ba5b7173d63688aef01bb71a72821be0a07f9a87\GTP_LUT6'.
Parameter \INIT = 64'1110111011101111110011001100111010001000100011000000000000001000
Found cached RTLIL representation for module `$paramod$ba5b7173d63688aef01bb71a72821be0a07f9a87\GTP_LUT6'.
Parameter \INIT = 64'1100111110011111100111110011111100110000011000000110000011000000
Found cached RTLIL representation for module `$paramod$56887f0f5cf82d055e02966d1bd52eb3edcc0195\GTP_LUT6'.
Parameter \INIT = 64'0000000000010000001100000111000000010000001100000111000011110000
Found cached RTLIL representation for module `$paramod$0c75d9771d8390715aca7af4db20ea1c312fb822\GTP_LUT6'.
Parameter \INIT = 64'1100111110011111100111110011111100110000011000000110000011000000
Found cached RTLIL representation for module `$paramod$56887f0f5cf82d055e02966d1bd52eb3edcc0195\GTP_LUT6'.
Parameter \INIT = 64'0000000000010000001100000111000000010000001100000111000011110000
Found cached RTLIL representation for module `$paramod$0c75d9771d8390715aca7af4db20ea1c312fb822\GTP_LUT6'.
Parameter \INIT = 32'11111010111110100101000011011000
Found cached RTLIL representation for module `$paramod\GTP_LUT5\INIT=32'11111010111110100101000011011000'.
Parameter \INIT = 16'1011011101001000
Found cached RTLIL representation for module `$paramod\GTP_LUT4\INIT=16'1011011101001000'.
Parameter \INIT = 64'1110111011101111110011001100111010001000100011000000000000001000
Found cached RTLIL representation for module `$paramod$ba5b7173d63688aef01bb71a72821be0a07f9a87\GTP_LUT6'.
Parameter \INIT = 64'0000000000010000001100000111000000010000001100000111000011110000
Found cached RTLIL representation for module `$paramod$0c75d9771d8390715aca7af4db20ea1c312fb822\GTP_LUT6'.
Parameter \INIT = 64'1111000011100001110000111000011111100001110000111000011100001111
Found cached RTLIL representation for module `$paramod$1f07c78b7596ae3cc784bc1b7b3088e6f009fa10\GTP_LUT6'.
Parameter \INIT = 64'0000000000010000001100000111000000010000001100000111000011110000
Found cached RTLIL representation for module `$paramod$0c75d9771d8390715aca7af4db20ea1c312fb822\GTP_LUT6'.
Parameter \INIT = 64'1110111011101111110011001100111010001000100011000000000000001000
Found cached RTLIL representation for module `$paramod$ba5b7173d63688aef01bb71a72821be0a07f9a87\GTP_LUT6'.
Parameter \INIT = 64'1000100010001100000000000000100011101110111011111100110011001110
Found cached RTLIL representation for module `$paramod$a118d3480dbade809b76bf838f3c3004c354f711\GTP_LUT6'.
Parameter \INIT = 64'0000000000010000001100000111000000010000001100000111000011110000
Found cached RTLIL representation for module `$paramod$0c75d9771d8390715aca7af4db20ea1c312fb822\GTP_LUT6'.
Parameter \INIT = 64'1110111011101111110011001100111010001000100011000000000000001000
Found cached RTLIL representation for module `$paramod$ba5b7173d63688aef01bb71a72821be0a07f9a87\GTP_LUT6'.
Parameter \INIT = 64'0000000000010000001100000111000000010000001100000111000011110000
Found cached RTLIL representation for module `$paramod$0c75d9771d8390715aca7af4db20ea1c312fb822\GTP_LUT6'.
Parameter \INIT = 64'0000000000010000001100000111000000010000001100000111000011110000
Found cached RTLIL representation for module `$paramod$0c75d9771d8390715aca7af4db20ea1c312fb822\GTP_LUT6'.
Parameter \INIT = 64'1100111110011111001100000110000010011111001111110110000011000000
Found cached RTLIL representation for module `$paramod$951d9341ccd051e40ea46f5cef9c619fbabbc7fe\GTP_LUT6'.
Parameter \INIT = 64'1110111011101111110011001100111010001000100011000000000000001000
Found cached RTLIL representation for module `$paramod$ba5b7173d63688aef01bb71a72821be0a07f9a87\GTP_LUT6'.
Parameter \INIT = 8'01111000

3.104. Executing AST frontend in derive mode using pre-parsed AST for module `\GTP_LUT3'.
Parameter \INIT = 8'01111000
Generating RTLIL representation for module `$paramod\GTP_LUT3\INIT=8'01111000'.
Parameter \INIT = 8'01110010

3.105. Executing AST frontend in derive mode using pre-parsed AST for module `\GTP_LUT3'.
Parameter \INIT = 8'01110010
Generating RTLIL representation for module `$paramod\GTP_LUT3\INIT=8'01110010'.
Parameter \INIT = 64'1110111011101111110011001100111010001000100011000000000000001000
Found cached RTLIL representation for module `$paramod$ba5b7173d63688aef01bb71a72821be0a07f9a87\GTP_LUT6'.
Parameter \INIT = 64'0000000000010000001100000111000000010000001100000111000011110000
Found cached RTLIL representation for module `$paramod$0c75d9771d8390715aca7af4db20ea1c312fb822\GTP_LUT6'.
Parameter \INIT = 64'1110111011101111110011001100111010001000100011000000000000001000
Found cached RTLIL representation for module `$paramod$ba5b7173d63688aef01bb71a72821be0a07f9a87\GTP_LUT6'.
Parameter \INIT = 32'11111010111110100101000011011000
Found cached RTLIL representation for module `$paramod\GTP_LUT5\INIT=32'11111010111110100101000011011000'.
Parameter \INIT = 64'1110111011101111110011001100111010001000100011000000000000001000
Found cached RTLIL representation for module `$paramod$ba5b7173d63688aef01bb71a72821be0a07f9a87\GTP_LUT6'.
Parameter \INIT = 32'11111110110010001110110010000000
Found cached RTLIL representation for module `$paramod\GTP_LUT5\INIT=32'11111110110010001110110010000000'.
Parameter \INIT = 16'0100101110000111
Found cached RTLIL representation for module `$paramod\GTP_LUT4\INIT=16'0100101110000111'.
Parameter \INIT = 2004584580

3.106. Executing AST frontend in derive mode using pre-parsed AST for module `\GTP_LUT5'.
Parameter \INIT = 2004584580
Generating RTLIL representation for module `$paramod\GTP_LUT5\INIT=32'01110111011110111000100010000100'.
Parameter \INIT = 64'1100111110011111100111110011111100110000011000000110000011000000
Found cached RTLIL representation for module `$paramod$56887f0f5cf82d055e02966d1bd52eb3edcc0195\GTP_LUT6'.
Parameter \INIT = 64'0000000000010000001100000111000000010000001100000111000011110000
Found cached RTLIL representation for module `$paramod$0c75d9771d8390715aca7af4db20ea1c312fb822\GTP_LUT6'.
Parameter \INIT = 64'0000000000010000001100000111000000010000001100000111000011110000
Found cached RTLIL representation for module `$paramod$0c75d9771d8390715aca7af4db20ea1c312fb822\GTP_LUT6'.
Parameter \INIT = 64'1100111110011111100111110011111100110000011000000110000011000000
Found cached RTLIL representation for module `$paramod$56887f0f5cf82d055e02966d1bd52eb3edcc0195\GTP_LUT6'.
Parameter \INIT = 2004584580
Found cached RTLIL representation for module `$paramod\GTP_LUT5\INIT=32'01110111011110111000100010000100'.
Parameter \INIT = 16'1011011101001000
Found cached RTLIL representation for module `$paramod\GTP_LUT4\INIT=16'1011011101001000'.
Parameter \INIT = 32'11111010111110100101000011011000
Found cached RTLIL representation for module `$paramod\GTP_LUT5\INIT=32'11111010111110100101000011011000'.
Parameter \INIT = 8'01110010
Found cached RTLIL representation for module `$paramod\GTP_LUT3\INIT=8'01110010'.
Parameter \INIT = 64'1100111110011111001100000110000010011111001111110110000011000000
Found cached RTLIL representation for module `$paramod$951d9341ccd051e40ea46f5cef9c619fbabbc7fe\GTP_LUT6'.
Parameter \INIT = 64'1110111011101111110011001100111010001000100011000000000000001000
Found cached RTLIL representation for module `$paramod$ba5b7173d63688aef01bb71a72821be0a07f9a87\GTP_LUT6'.
Parameter \INIT = 64'1110111011101111110011001100111010001000100011000000000000001000
Found cached RTLIL representation for module `$paramod$ba5b7173d63688aef01bb71a72821be0a07f9a87\GTP_LUT6'.
Parameter \INIT = 64'0000000000010000001100000111000000010000001100000111000011110000
Found cached RTLIL representation for module `$paramod$0c75d9771d8390715aca7af4db20ea1c312fb822\GTP_LUT6'.
Parameter \INIT = 64'1110111011101111110011001100111010001000100011000000000000001000
Found cached RTLIL representation for module `$paramod$ba5b7173d63688aef01bb71a72821be0a07f9a87\GTP_LUT6'.
Parameter \INIT = 64'1100111110011111001100000110000010011111001111110110000011000000
Found cached RTLIL representation for module `$paramod$951d9341ccd051e40ea46f5cef9c619fbabbc7fe\GTP_LUT6'.
Parameter \INIT = 64'1110111011101111110011001100111010001000100011000000000000001000
Found cached RTLIL representation for module `$paramod$ba5b7173d63688aef01bb71a72821be0a07f9a87\GTP_LUT6'.
Parameter \INIT = 64'1110111011101111110011001100111010001000100011000000000000001000
Found cached RTLIL representation for module `$paramod$ba5b7173d63688aef01bb71a72821be0a07f9a87\GTP_LUT6'.
Parameter \INIT = 64'1100111110011111100111110011111100110000011000000110000011000000
Found cached RTLIL representation for module `$paramod$56887f0f5cf82d055e02966d1bd52eb3edcc0195\GTP_LUT6'.
Parameter \INIT = 64'0000000000010000001100000111000000010000001100000111000011110000
Found cached RTLIL representation for module `$paramod$0c75d9771d8390715aca7af4db20ea1c312fb822\GTP_LUT6'.
Parameter \INIT = 64'1110111011101111110011001100111010001000100011000000000000001000
Found cached RTLIL representation for module `$paramod$ba5b7173d63688aef01bb71a72821be0a07f9a87\GTP_LUT6'.
Parameter \INIT = 64'0000000000010000001100000111000000010000001100000111000011110000
Found cached RTLIL representation for module `$paramod$0c75d9771d8390715aca7af4db20ea1c312fb822\GTP_LUT6'.
Parameter \INIT = 32'11111110110010001110110010000000
Found cached RTLIL representation for module `$paramod\GTP_LUT5\INIT=32'11111110110010001110110010000000'.
Parameter \INIT = 16'1011011101001000
Found cached RTLIL representation for module `$paramod\GTP_LUT4\INIT=16'1011011101001000'.
Parameter \INIT = 64'1110111011101111110011001100111010001000100011000000000000001000
Found cached RTLIL representation for module `$paramod$ba5b7173d63688aef01bb71a72821be0a07f9a87\GTP_LUT6'.
Parameter \INIT = 64'0000000000010000001100000111000000010000001100000111000011110000
Found cached RTLIL representation for module `$paramod$0c75d9771d8390715aca7af4db20ea1c312fb822\GTP_LUT6'.
Parameter \INIT = 32'11111110110010001110110010000000
Found cached RTLIL representation for module `$paramod\GTP_LUT5\INIT=32'11111110110010001110110010000000'.
Parameter \INIT = 64'1100111110011111001100000110000010011111001111110110000011000000
Found cached RTLIL representation for module `$paramod$951d9341ccd051e40ea46f5cef9c619fbabbc7fe\GTP_LUT6'.
Parameter \INIT = 64'1100111110011111100111110011111100110000011000000110000011000000
Found cached RTLIL representation for module `$paramod$56887f0f5cf82d055e02966d1bd52eb3edcc0195\GTP_LUT6'.
Parameter \INIT = 16'1011011101001000
Found cached RTLIL representation for module `$paramod\GTP_LUT4\INIT=16'1011011101001000'.
Parameter \INIT = 64'1100111110011111001100000110000010011111001111110110000011000000
Found cached RTLIL representation for module `$paramod$951d9341ccd051e40ea46f5cef9c619fbabbc7fe\GTP_LUT6'.
Parameter \INIT = 64'1100111110011111100111110011111100110000011000000110000011000000
Found cached RTLIL representation for module `$paramod$56887f0f5cf82d055e02966d1bd52eb3edcc0195\GTP_LUT6'.
Parameter \INIT = 64'1001100110010101100110011001010110011001100101011001010110010101
Found cached RTLIL representation for module `$paramod$07860755a17736dd23243d1cf61e0b72a7347191\GTP_LUT6'.
Parameter \INIT = 64'1100111110011111100111110011111100110000011000000110000011000000
Found cached RTLIL representation for module `$paramod$56887f0f5cf82d055e02966d1bd52eb3edcc0195\GTP_LUT6'.
Parameter \INIT = 32'11111110110010001110110010000000
Found cached RTLIL representation for module `$paramod\GTP_LUT5\INIT=32'11111110110010001110110010000000'.
Parameter \INIT = 64'0000000000010000001100000111000000010000001100000111000011110000
Found cached RTLIL representation for module `$paramod$0c75d9771d8390715aca7af4db20ea1c312fb822\GTP_LUT6'.
Parameter \INIT = 64'1100111110011111001100000110000010011111001111110110000011000000
Found cached RTLIL representation for module `$paramod$951d9341ccd051e40ea46f5cef9c619fbabbc7fe\GTP_LUT6'.
Parameter \INIT = 32'11111110110010001110110010000000
Found cached RTLIL representation for module `$paramod\GTP_LUT5\INIT=32'11111110110010001110110010000000'.
Parameter \INIT = 64'1100111110011111001100000110000010011111001111110110000011000000
Found cached RTLIL representation for module `$paramod$951d9341ccd051e40ea46f5cef9c619fbabbc7fe\GTP_LUT6'.
Parameter \INIT = 32'11111010111110100101000011011000
Found cached RTLIL representation for module `$paramod\GTP_LUT5\INIT=32'11111010111110100101000011011000'.
Parameter \INIT = 64'0001000000000000011100000011000000110000000100001111000001110000

3.107. Executing AST frontend in derive mode using pre-parsed AST for module `\GTP_LUT6'.
Parameter \INIT = 64'0001000000000000011100000011000000110000000100001111000001110000
Generating RTLIL representation for module `$paramod$bfde43f9375641a8be061bcf417c25d0e8103358\GTP_LUT6'.
Parameter \INIT = 64'1100111110011111001100000110000010011111001111110110000011000000
Found cached RTLIL representation for module `$paramod$951d9341ccd051e40ea46f5cef9c619fbabbc7fe\GTP_LUT6'.
Parameter \INIT = 64'0000000000010000001100000111000000010000001100000111000011110000
Found cached RTLIL representation for module `$paramod$0c75d9771d8390715aca7af4db20ea1c312fb822\GTP_LUT6'.
Parameter \INIT = 64'1100111110011111100111110011111100110000011000000110000011000000
Found cached RTLIL representation for module `$paramod$56887f0f5cf82d055e02966d1bd52eb3edcc0195\GTP_LUT6'.
Parameter \INIT = 64'1111000011100001110000111000011111100001110000111000011100001111
Found cached RTLIL representation for module `$paramod$1f07c78b7596ae3cc784bc1b7b3088e6f009fa10\GTP_LUT6'.
Parameter \INIT = 64'1001111100111111011000001100000011001111100111110011000001100000

3.108. Executing AST frontend in derive mode using pre-parsed AST for module `\GTP_LUT6'.
Parameter \INIT = 64'1001111100111111011000001100000011001111100111110011000001100000
Generating RTLIL representation for module `$paramod$5687794a905ddabec7142ca1f414d229e855f3bc\GTP_LUT6'.
Parameter \INIT = 61943
Found cached RTLIL representation for module `$paramod\GTP_LUT5\INIT=32'00000000000000001111000111110111'.
Parameter \INIT = 16'1011011101001000
Found cached RTLIL representation for module `$paramod\GTP_LUT4\INIT=16'1011011101001000'.
Parameter \INIT = 64'1100111110011111100111110011111100110000011000000110000011000000
Found cached RTLIL representation for module `$paramod$56887f0f5cf82d055e02966d1bd52eb3edcc0195\GTP_LUT6'.
Parameter \INIT = 64'1100111110011111100111110011111100110000011000000110000011000000
Found cached RTLIL representation for module `$paramod$56887f0f5cf82d055e02966d1bd52eb3edcc0195\GTP_LUT6'.
Parameter \INIT = 64'0000000000010000001100000111000000010000001100000111000011110000
Found cached RTLIL representation for module `$paramod$0c75d9771d8390715aca7af4db20ea1c312fb822\GTP_LUT6'.
Parameter \INIT = 32'11111110110010001110110010000000
Found cached RTLIL representation for module `$paramod\GTP_LUT5\INIT=32'11111110110010001110110010000000'.
Parameter \INIT = 64'1100111110011111001100000110000010011111001111110110000011000000
Found cached RTLIL representation for module `$paramod$951d9341ccd051e40ea46f5cef9c619fbabbc7fe\GTP_LUT6'.
Parameter \INIT = 16'1011011101001000
Found cached RTLIL representation for module `$paramod\GTP_LUT4\INIT=16'1011011101001000'.
Parameter \INIT = 16'1011011101001000
Found cached RTLIL representation for module `$paramod\GTP_LUT4\INIT=16'1011011101001000'.
Parameter \INIT = 64'0000000000010000001100000111000000010000001100000111000011110000
Found cached RTLIL representation for module `$paramod$0c75d9771d8390715aca7af4db20ea1c312fb822\GTP_LUT6'.
Parameter \INIT = 32'11001000100000001111111011101100

3.109. Executing AST frontend in derive mode using pre-parsed AST for module `\GTP_LUT5'.
Parameter \INIT = 32'11001000100000001111111011101100
Generating RTLIL representation for module `$paramod\GTP_LUT5\INIT=32'11001000100000001111111011101100'.
Parameter \INIT = 64'1110111011101111110011001100111010001000100011000000000000001000
Found cached RTLIL representation for module `$paramod$ba5b7173d63688aef01bb71a72821be0a07f9a87\GTP_LUT6'.
Parameter \INIT = 64'1100111110011111001100000110000010011111001111110110000011000000
Found cached RTLIL representation for module `$paramod$951d9341ccd051e40ea46f5cef9c619fbabbc7fe\GTP_LUT6'.
Parameter \INIT = 64'1110111011101111110011001100111010001000100011000000000000001000
Found cached RTLIL representation for module `$paramod$ba5b7173d63688aef01bb71a72821be0a07f9a87\GTP_LUT6'.
Parameter \INIT = 16'1011011101001000
Found cached RTLIL representation for module `$paramod\GTP_LUT4\INIT=16'1011011101001000'.
Parameter \INIT = 64'0011000001100000011000001100000011001111100111111001111100111111
Found cached RTLIL representation for module `$paramod$bc6de2df570eae61bfd8035a14e07bf943960444\GTP_LUT6'.
Parameter \INIT = 64'1100111110011111001100000110000010011111001111110110000011000000
Found cached RTLIL representation for module `$paramod$951d9341ccd051e40ea46f5cef9c619fbabbc7fe\GTP_LUT6'.
Parameter \INIT = 64'0000000000010000001100000111000000010000001100000111000011110000
Found cached RTLIL representation for module `$paramod$0c75d9771d8390715aca7af4db20ea1c312fb822\GTP_LUT6'.
Parameter \INIT = 64'1100111110011111001100000110000010011111001111110110000011000000
Found cached RTLIL representation for module `$paramod$951d9341ccd051e40ea46f5cef9c619fbabbc7fe\GTP_LUT6'.
Parameter \INIT = 61943
Found cached RTLIL representation for module `$paramod\GTP_LUT5\INIT=32'00000000000000001111000111110111'.
Parameter \INIT = 64'1100111110011111001100000110000010011111001111110110000011000000
Found cached RTLIL representation for module `$paramod$951d9341ccd051e40ea46f5cef9c619fbabbc7fe\GTP_LUT6'.
Parameter \INIT = 64'1100111110011111001100000110000010011111001111110110000011000000
Found cached RTLIL representation for module `$paramod$951d9341ccd051e40ea46f5cef9c619fbabbc7fe\GTP_LUT6'.
Parameter \INIT = 64'1100111110011111100111110011111100110000011000000110000011000000
Found cached RTLIL representation for module `$paramod$56887f0f5cf82d055e02966d1bd52eb3edcc0195\GTP_LUT6'.
Parameter \INIT = 64'1110111011101111110011001100111010001000100011000000000000001000
Found cached RTLIL representation for module `$paramod$ba5b7173d63688aef01bb71a72821be0a07f9a87\GTP_LUT6'.
Parameter \INIT = 64'1100111110011111100111110011111100110000011000000110000011000000
Found cached RTLIL representation for module `$paramod$56887f0f5cf82d055e02966d1bd52eb3edcc0195\GTP_LUT6'.
Parameter \INIT = 16'1011011101001000
Found cached RTLIL representation for module `$paramod\GTP_LUT4\INIT=16'1011011101001000'.
Parameter \INIT = 64'0000000000010000001100000111000000010000001100000111000011110000
Found cached RTLIL representation for module `$paramod$0c75d9771d8390715aca7af4db20ea1c312fb822\GTP_LUT6'.
Parameter \INIT = 64'1100111110011111100111110011111100110000011000000110000011000000
Found cached RTLIL representation for module `$paramod$56887f0f5cf82d055e02966d1bd52eb3edcc0195\GTP_LUT6'.
Parameter \INIT = 64'1110111011101111110011001100111010001000100011000000000000001000
Found cached RTLIL representation for module `$paramod$ba5b7173d63688aef01bb71a72821be0a07f9a87\GTP_LUT6'.
Parameter \INIT = 64'1100111110011111001100000110000010011111001111110110000011000000
Found cached RTLIL representation for module `$paramod$951d9341ccd051e40ea46f5cef9c619fbabbc7fe\GTP_LUT6'.
Parameter \INIT = 64'0000000000010000001100000111000000010000001100000111000011110000
Found cached RTLIL representation for module `$paramod$0c75d9771d8390715aca7af4db20ea1c312fb822\GTP_LUT6'.
Parameter \INIT = 64'1110111011101111110011001100111010001000100011000000000000001000
Found cached RTLIL representation for module `$paramod$ba5b7173d63688aef01bb71a72821be0a07f9a87\GTP_LUT6'.
Parameter \INIT = 64'0110011001100011110011001100011010011001100111000011001100111001

3.110. Executing AST frontend in derive mode using pre-parsed AST for module `\GTP_LUT6'.
Parameter \INIT = 64'0110011001100011110011001100011010011001100111000011001100111001
Generating RTLIL representation for module `$paramod$390a1399a6fc91c2e4ff254709cc600940b89e63\GTP_LUT6'.
Parameter \INIT = 64'1110111011101111110011001100111010001000100011000000000000001000
Found cached RTLIL representation for module `$paramod$ba5b7173d63688aef01bb71a72821be0a07f9a87\GTP_LUT6'.
Parameter \INIT = 64'0000000000010000001100000111000000010000001100000111000011110000
Found cached RTLIL representation for module `$paramod$0c75d9771d8390715aca7af4db20ea1c312fb822\GTP_LUT6'.
Parameter \INIT = 64'1100111110011111100111110011111100110000011000000110000011000000
Found cached RTLIL representation for module `$paramod$56887f0f5cf82d055e02966d1bd52eb3edcc0195\GTP_LUT6'.
Parameter \INIT = 64'0000000000010000001100000111000000010000001100000111000011110000
Found cached RTLIL representation for module `$paramod$0c75d9771d8390715aca7af4db20ea1c312fb822\GTP_LUT6'.
Parameter \INIT = 64'0000000000010000001100000111000000010000001100000111000011110000
Found cached RTLIL representation for module `$paramod$0c75d9771d8390715aca7af4db20ea1c312fb822\GTP_LUT6'.
Parameter \INIT = 64'1100111110011111100111110011111100110000011000000110000011000000
Found cached RTLIL representation for module `$paramod$56887f0f5cf82d055e02966d1bd52eb3edcc0195\GTP_LUT6'.
Parameter \INIT = 64'0000000000010000001100000111000000010000001100000111000011110000
Found cached RTLIL representation for module `$paramod$0c75d9771d8390715aca7af4db20ea1c312fb822\GTP_LUT6'.
Parameter \INIT = 16'1011011101001000
Found cached RTLIL representation for module `$paramod\GTP_LUT4\INIT=16'1011011101001000'.
Parameter \INIT = 64'0111000111110011001100000111000100000000000000000000000000000000

3.111. Executing AST frontend in derive mode using pre-parsed AST for module `\GTP_LUT6'.
Parameter \INIT = 64'0111000111110011001100000111000100000000000000000000000000000000
Generating RTLIL representation for module `$paramod$4b2239dd3344a8ff3422dccce18769027b8a192e\GTP_LUT6'.
Parameter \INIT = 64'0000111100011110001111000111100000011110001111000111100011110000
Found cached RTLIL representation for module `$paramod$f15b9bf9cb8861ef7216179fbd2df4c7c6441f64\GTP_LUT6'.
Parameter \INIT = 64'0000000000010000001100000111000000010000001100000111000011110000
Found cached RTLIL representation for module `$paramod$0c75d9771d8390715aca7af4db20ea1c312fb822\GTP_LUT6'.
Parameter \INIT = 64'0000010100010101000001010001010100000101000101010001010100010101
Found cached RTLIL representation for module `$paramod$5621a9cd48690f411228f0b6bdb270fa1a2d7e6c\GTP_LUT6'.
Parameter \INIT = 64'0000000000010000001100000111000000010000001100000111000011110000
Found cached RTLIL representation for module `$paramod$0c75d9771d8390715aca7af4db20ea1c312fb822\GTP_LUT6'.
Parameter \INIT = 64'0000000000010000001100000111000000010000001100000111000011110000
Found cached RTLIL representation for module `$paramod$0c75d9771d8390715aca7af4db20ea1c312fb822\GTP_LUT6'.
Parameter \INIT = 64'0111011110110111100010000100100001110111101110111000100001000100

3.112. Executing AST frontend in derive mode using pre-parsed AST for module `\GTP_LUT6'.
Parameter \INIT = 64'0111011110110111100010000100100001110111101110111000100001000100
Generating RTLIL representation for module `$paramod$69c6b83f5c699bf5e17cea92274928f44d304629\GTP_LUT6'.
Parameter \INIT = 64'1110111011101111110011001100111010001000100011000000000000001000
Found cached RTLIL representation for module `$paramod$ba5b7173d63688aef01bb71a72821be0a07f9a87\GTP_LUT6'.
Parameter \INIT = 64'1110111011101111110011001100111010001000100011000000000000001000
Found cached RTLIL representation for module `$paramod$ba5b7173d63688aef01bb71a72821be0a07f9a87\GTP_LUT6'.
Parameter \INIT = 64'1110111011101111110011001100111010001000100011000000000000001000
Found cached RTLIL representation for module `$paramod$ba5b7173d63688aef01bb71a72821be0a07f9a87\GTP_LUT6'.
Parameter \INIT = 64'1100111110011111100111110011111100110000011000000110000011000000
Found cached RTLIL representation for module `$paramod$56887f0f5cf82d055e02966d1bd52eb3edcc0195\GTP_LUT6'.
Parameter \INIT = 64'1100111110011111100111110011111100110000011000000110000011000000
Found cached RTLIL representation for module `$paramod$56887f0f5cf82d055e02966d1bd52eb3edcc0195\GTP_LUT6'.
Parameter \INIT = 16'1011011101001000
Found cached RTLIL representation for module `$paramod\GTP_LUT4\INIT=16'1011011101001000'.
Parameter \INIT = 64'0000000000010000001100000111000000010000001100000111000011110000
Found cached RTLIL representation for module `$paramod$0c75d9771d8390715aca7af4db20ea1c312fb822\GTP_LUT6'.
Parameter \INIT = 64'0000000000010000001100000111000000010000001100000111000011110000
Found cached RTLIL representation for module `$paramod$0c75d9771d8390715aca7af4db20ea1c312fb822\GTP_LUT6'.
Parameter \INIT = 64'0011001110100011001100111010001110100011101000110011001110100011

3.113. Executing AST frontend in derive mode using pre-parsed AST for module `\GTP_LUT6'.
Parameter \INIT = 64'0011001110100011001100111010001110100011101000110011001110100011
Generating RTLIL representation for module `$paramod$11ad22dd741c8e5bca22c1b643c18f9d805d6ae6\GTP_LUT6'.
Parameter \INIT = 64'0011001101010011001100110011001100110011010100110011001101010011

3.114. Executing AST frontend in derive mode using pre-parsed AST for module `\GTP_LUT6'.
Parameter \INIT = 64'0011001101010011001100110011001100110011010100110011001101010011
Generating RTLIL representation for module `$paramod$a6f464deed30c7746a66d1d42feb92dbfecc19d4\GTP_LUT6'.
Parameter \INIT = 2004584580
Found cached RTLIL representation for module `$paramod\GTP_LUT5\INIT=32'01110111011110111000100010000100'.
Parameter \INIT = 16'1011011101001000
Found cached RTLIL representation for module `$paramod\GTP_LUT4\INIT=16'1011011101001000'.
Parameter \INIT = 64'0000000000010000001100000111000000010000001100000111000011110000
Found cached RTLIL representation for module `$paramod$0c75d9771d8390715aca7af4db20ea1c312fb822\GTP_LUT6'.
Parameter \INIT = 16'1011011101001000
Found cached RTLIL representation for module `$paramod\GTP_LUT4\INIT=16'1011011101001000'.
Parameter \INIT = 64'1100111110011111100111110011111100110000011000000110000011000000
Found cached RTLIL representation for module `$paramod$56887f0f5cf82d055e02966d1bd52eb3edcc0195\GTP_LUT6'.
Parameter \INIT = 64'0000000000010000001100000111000000010000001100000111000011110000
Found cached RTLIL representation for module `$paramod$0c75d9771d8390715aca7af4db20ea1c312fb822\GTP_LUT6'.
Parameter \INIT = 61943
Found cached RTLIL representation for module `$paramod\GTP_LUT5\INIT=32'00000000000000001111000111110111'.
Parameter \INIT = 64'0000000000010000001100000111000000010000001100000111000011110000
Found cached RTLIL representation for module `$paramod$0c75d9771d8390715aca7af4db20ea1c312fb822\GTP_LUT6'.
Parameter \INIT = 64'1111101001110010010100001101100011111010010100000101000011111010

3.115. Executing AST frontend in derive mode using pre-parsed AST for module `\GTP_LUT6'.
Parameter \INIT = 64'1111101001110010010100001101100011111010010100000101000011111010
Generating RTLIL representation for module `$paramod$85213762418d52be3bc2283a5f4bd45ceb8af43b\GTP_LUT6'.
Parameter \INIT = 64'1100111110011111001100000110000010011111001111110110000011000000
Found cached RTLIL representation for module `$paramod$951d9341ccd051e40ea46f5cef9c619fbabbc7fe\GTP_LUT6'.
Parameter \INIT = 64'1100111110011111001100000110000010011111001111110110000011000000
Found cached RTLIL representation for module `$paramod$951d9341ccd051e40ea46f5cef9c619fbabbc7fe\GTP_LUT6'.
Parameter \INIT = 64'1100111110011111100111110011111100110000011000000110000011000000
Found cached RTLIL representation for module `$paramod$56887f0f5cf82d055e02966d1bd52eb3edcc0195\GTP_LUT6'.
Parameter \INIT = 64'1100111110011111100111110011111100110000011000000110000011000000
Found cached RTLIL representation for module `$paramod$56887f0f5cf82d055e02966d1bd52eb3edcc0195\GTP_LUT6'.
Parameter \INIT = 64'0000000000010000001100000111000000010000001100000111000011110000
Found cached RTLIL representation for module `$paramod$0c75d9771d8390715aca7af4db20ea1c312fb822\GTP_LUT6'.
Parameter \INIT = 64'1100111110011111001100000110000010011111001111110110000011000000
Found cached RTLIL representation for module `$paramod$951d9341ccd051e40ea46f5cef9c619fbabbc7fe\GTP_LUT6'.
Parameter \INIT = 64'0000000000010000001100000111000000010000001100000111000011110000
Found cached RTLIL representation for module `$paramod$0c75d9771d8390715aca7af4db20ea1c312fb822\GTP_LUT6'.
Parameter \INIT = 64'1100111110011111100111110011111100110000011000000110000011000000
Found cached RTLIL representation for module `$paramod$56887f0f5cf82d055e02966d1bd52eb3edcc0195\GTP_LUT6'.
Parameter \INIT = 64'1111111111110100111111110100000011110100000000000100000000000000
Found cached RTLIL representation for module `$paramod$e7416ded73550b1fbfd92c093bfbda4c30ad2c1d\GTP_LUT6'.
Parameter \INIT = 32'11111110110010001110110010000000
Found cached RTLIL representation for module `$paramod\GTP_LUT5\INIT=32'11111110110010001110110010000000'.
Parameter \INIT = 16'1011011101001000
Found cached RTLIL representation for module `$paramod\GTP_LUT4\INIT=16'1011011101001000'.
Parameter \INIT = 16'1011011101001000
Found cached RTLIL representation for module `$paramod\GTP_LUT4\INIT=16'1011011101001000'.
Parameter \INIT = 64'1100111110011111100111110011111100110000011000000110000011000000
Found cached RTLIL representation for module `$paramod$56887f0f5cf82d055e02966d1bd52eb3edcc0195\GTP_LUT6'.
Parameter \INIT = 64'0000000000010000001100000111000000010000001100000111000011110000
Found cached RTLIL representation for module `$paramod$0c75d9771d8390715aca7af4db20ea1c312fb822\GTP_LUT6'.
Parameter \INIT = 16'1011010001111000
Found cached RTLIL representation for module `$paramod\GTP_LUT4\INIT=16'1011010001111000'.
Parameter \INIT = 64'0100010101000101010001010000010100000000000000000000000000000000

3.116. Executing AST frontend in derive mode using pre-parsed AST for module `\GTP_LUT6'.
Parameter \INIT = 64'0100010101000101010001010000010100000000000000000000000000000000
Generating RTLIL representation for module `$paramod$b2ef3add4eb53705176e99a262fd81a24b6813d1\GTP_LUT6'.
Parameter \INIT = 64'1100111110011111100111110011111100110000011000000110000011000000
Found cached RTLIL representation for module `$paramod$56887f0f5cf82d055e02966d1bd52eb3edcc0195\GTP_LUT6'.
Parameter \INIT = 64'0000000000010000001100000111000000010000001100000111000011110000
Found cached RTLIL representation for module `$paramod$0c75d9771d8390715aca7af4db20ea1c312fb822\GTP_LUT6'.
Parameter \INIT = 64'1110111011101111110011001100111010001000100011000000000000001000
Found cached RTLIL representation for module `$paramod$ba5b7173d63688aef01bb71a72821be0a07f9a87\GTP_LUT6'.
Parameter \INIT = 64'1100111110011111001100000110000010011111001111110110000011000000
Found cached RTLIL representation for module `$paramod$951d9341ccd051e40ea46f5cef9c619fbabbc7fe\GTP_LUT6'.
Parameter \INIT = 64'0000000000010000001100000111000000010000001100000111000011110000
Found cached RTLIL representation for module `$paramod$0c75d9771d8390715aca7af4db20ea1c312fb822\GTP_LUT6'.
Parameter \INIT = 16'1011010001111000
Found cached RTLIL representation for module `$paramod\GTP_LUT4\INIT=16'1011010001111000'.
Parameter \INIT = 64'0000000000010000000100000011000000110000011100000111000011110000
Found cached RTLIL representation for module `$paramod$ee1263cc1ddc67832d9e0851e42d909bf9eef3cd\GTP_LUT6'.
Parameter \INIT = 16'1011011101001000
Found cached RTLIL representation for module `$paramod\GTP_LUT4\INIT=16'1011011101001000'.
Parameter \INIT = 16'1011011101001000
Found cached RTLIL representation for module `$paramod\GTP_LUT4\INIT=16'1011011101001000'.
Parameter \INIT = 64'0000000000010000001100000111000000010000001100000111000011110000
Found cached RTLIL representation for module `$paramod$0c75d9771d8390715aca7af4db20ea1c312fb822\GTP_LUT6'.
Parameter \INIT = 16'1011011101001000
Found cached RTLIL representation for module `$paramod\GTP_LUT4\INIT=16'1011011101001000'.
Parameter \INIT = 16'0100100010110111
Found cached RTLIL representation for module `$paramod\GTP_LUT4\INIT=16'0100100010110111'.
Parameter \INIT = 64'1100111110011111100111110011111100110000011000000110000011000000
Found cached RTLIL representation for module `$paramod$56887f0f5cf82d055e02966d1bd52eb3edcc0195\GTP_LUT6'.
Parameter \INIT = 16'1011010001111000
Found cached RTLIL representation for module `$paramod\GTP_LUT4\INIT=16'1011010001111000'.
Parameter \INIT = 16'1011011101001000
Found cached RTLIL representation for module `$paramod\GTP_LUT4\INIT=16'1011011101001000'.
Parameter \INIT = 16'1011011101001000
Found cached RTLIL representation for module `$paramod\GTP_LUT4\INIT=16'1011011101001000'.
Parameter \INIT = 16'1011011101001000
Found cached RTLIL representation for module `$paramod\GTP_LUT4\INIT=16'1011011101001000'.
Parameter \INIT = 64'0110100100001111011010010000111101101001011010010110100100001111

3.117. Executing AST frontend in derive mode using pre-parsed AST for module `\GTP_LUT6'.
Parameter \INIT = 64'0110100100001111011010010000111101101001011010010110100100001111
Generating RTLIL representation for module `$paramod$339d5456bc04eada5134358929b5309c6253e25d\GTP_LUT6'.
Parameter \INIT = 16'1011010001111000
Found cached RTLIL representation for module `$paramod\GTP_LUT4\INIT=16'1011010001111000'.
Parameter \INIT = 16'1011011101001000
Found cached RTLIL representation for module `$paramod\GTP_LUT4\INIT=16'1011011101001000'.
Parameter \INIT = 32'11111110110010001110110010000000
Found cached RTLIL representation for module `$paramod\GTP_LUT5\INIT=32'11111110110010001110110010000000'.
Parameter \INIT = 16'1011010001111000
Found cached RTLIL representation for module `$paramod\GTP_LUT4\INIT=16'1011010001111000'.
Parameter \INIT = 64'1010101000111010101010100011101000111010001110101010101000111010

3.118. Executing AST frontend in derive mode using pre-parsed AST for module `\GTP_LUT6'.
Parameter \INIT = 64'1010101000111010101010100011101000111010001110101010101000111010
Generating RTLIL representation for module `$paramod$3d73145d84fc0f4fe12d071624ee958d2a34ad61\GTP_LUT6'.
Parameter \INIT = 64'1100111110011111001100000110000010011111001111110110000011000000
Found cached RTLIL representation for module `$paramod$951d9341ccd051e40ea46f5cef9c619fbabbc7fe\GTP_LUT6'.
Parameter \INIT = 64'0000000000010000001100000111000000010000001100000111000011110000
Found cached RTLIL representation for module `$paramod$0c75d9771d8390715aca7af4db20ea1c312fb822\GTP_LUT6'.
Parameter \INIT = 64'1100111110011111001100000110000010011111001111110110000011000000
Found cached RTLIL representation for module `$paramod$951d9341ccd051e40ea46f5cef9c619fbabbc7fe\GTP_LUT6'.
Parameter \INIT = 16'1011011101001000
Found cached RTLIL representation for module `$paramod\GTP_LUT4\INIT=16'1011011101001000'.
Parameter \INIT = 32'11111010111110100101000011011000
Found cached RTLIL representation for module `$paramod\GTP_LUT5\INIT=32'11111010111110100101000011011000'.
Parameter \INIT = 16'1011010001111000
Found cached RTLIL representation for module `$paramod\GTP_LUT4\INIT=16'1011010001111000'.
Parameter \INIT = 64'0110100100001111011010010000111101101001011010010110100100001111
Found cached RTLIL representation for module `$paramod$339d5456bc04eada5134358929b5309c6253e25d\GTP_LUT6'.
Parameter \INIT = 16'1011011101001000
Found cached RTLIL representation for module `$paramod\GTP_LUT4\INIT=16'1011011101001000'.
Parameter \INIT = 16'1011011101001000
Found cached RTLIL representation for module `$paramod\GTP_LUT4\INIT=16'1011011101001000'.
Parameter \INIT = 64'0101010110010101010101011001010110010101100101010101010110010101

3.119. Executing AST frontend in derive mode using pre-parsed AST for module `\GTP_LUT6'.
Parameter \INIT = 64'0101010110010101010101011001010110010101100101010101010110010101
Generating RTLIL representation for module `$paramod$12a4f35fd903bf646a3e593c2869a3c6a562316c\GTP_LUT6'.
Parameter \INIT = 16'1011011101001000
Found cached RTLIL representation for module `$paramod\GTP_LUT4\INIT=16'1011011101001000'.
Parameter \INIT = 32'11111110110010001110110010000000
Found cached RTLIL representation for module `$paramod\GTP_LUT5\INIT=32'11111110110010001110110010000000'.
Parameter \INIT = 64'0011000000000000011100000001000001110000000100001111000000110000

3.120. Executing AST frontend in derive mode using pre-parsed AST for module `\GTP_LUT6'.
Parameter \INIT = 64'0011000000000000011100000001000001110000000100001111000000110000
Generating RTLIL representation for module `$paramod$420f2c7153f156ae085510c99ee54f35ace6c1f9\GTP_LUT6'.
Parameter \INIT = 16'1011011101001000
Found cached RTLIL representation for module `$paramod\GTP_LUT4\INIT=16'1011011101001000'.
Parameter \INIT = 64'1100111110011111100111110011111100110000011000000110000011000000
Found cached RTLIL representation for module `$paramod$56887f0f5cf82d055e02966d1bd52eb3edcc0195\GTP_LUT6'.
Parameter \INIT = 16'1011011101001000
Found cached RTLIL representation for module `$paramod\GTP_LUT4\INIT=16'1011011101001000'.
Parameter \INIT = 16'1011011101001000
Found cached RTLIL representation for module `$paramod\GTP_LUT4\INIT=16'1011011101001000'.
Parameter \INIT = 64'0000000000010000001100000111000000010000001100000111000011110000
Found cached RTLIL representation for module `$paramod$0c75d9771d8390715aca7af4db20ea1c312fb822\GTP_LUT6'.
Parameter \INIT = 64'0000000000010000001100000111000000010000001100000111000011110000
Found cached RTLIL representation for module `$paramod$0c75d9771d8390715aca7af4db20ea1c312fb822\GTP_LUT6'.
Parameter \INIT = 64'0000000000010000001100000111000000010000001100000111000011110000
Found cached RTLIL representation for module `$paramod$0c75d9771d8390715aca7af4db20ea1c312fb822\GTP_LUT6'.
Parameter \INIT = 64'0110000011000000001100000110000010011111001111111100111110011111

3.121. Executing AST frontend in derive mode using pre-parsed AST for module `\GTP_LUT6'.
Parameter \INIT = 64'0110000011000000001100000110000010011111001111111100111110011111
Generating RTLIL representation for module `$paramod$4ab64a9cad038af67431c74c463f51d0500de987\GTP_LUT6'.
Parameter \INIT = 16'1011011101001000
Found cached RTLIL representation for module `$paramod\GTP_LUT4\INIT=16'1011011101001000'.
Parameter \INIT = 64'0000000000010000001100000111000000010000001100000111000011110000
Found cached RTLIL representation for module `$paramod$0c75d9771d8390715aca7af4db20ea1c312fb822\GTP_LUT6'.
Parameter \INIT = 16'1011011101001000
Found cached RTLIL representation for module `$paramod\GTP_LUT4\INIT=16'1011011101001000'.
Parameter \INIT = 32'11111110110010001110110010000000
Found cached RTLIL representation for module `$paramod\GTP_LUT5\INIT=32'11111110110010001110110010000000'.
Parameter \INIT = 16'1011010001111000
Found cached RTLIL representation for module `$paramod\GTP_LUT4\INIT=16'1011010001111000'.
Parameter \INIT = 64'1110111011101111110011001100111010001000100011000000000000001000
Found cached RTLIL representation for module `$paramod$ba5b7173d63688aef01bb71a72821be0a07f9a87\GTP_LUT6'.
Parameter \INIT = 16'1011010001111000
Found cached RTLIL representation for module `$paramod\GTP_LUT4\INIT=16'1011010001111000'.
Parameter \INIT = 64'1100111110011111100111110011111100110000011000000110000011000000
Found cached RTLIL representation for module `$paramod$56887f0f5cf82d055e02966d1bd52eb3edcc0195\GTP_LUT6'.
Parameter \INIT = 16'1011011101001000
Found cached RTLIL representation for module `$paramod\GTP_LUT4\INIT=16'1011011101001000'.
Parameter \INIT = 16'1011011101001000
Found cached RTLIL representation for module `$paramod\GTP_LUT4\INIT=16'1011011101001000'.
Parameter \INIT = 64'0100101110000111010001001000100010111011011101111011010001111000

3.122. Executing AST frontend in derive mode using pre-parsed AST for module `\GTP_LUT6'.
Parameter \INIT = 64'0100101110000111010001001000100010111011011101111011010001111000
Generating RTLIL representation for module `$paramod$4c3faea74aef4abaf79ddc4f8a1615e26857e466\GTP_LUT6'.
Parameter \INIT = 64'0000000000010000001100000111000000010000001100000111000011110000
Found cached RTLIL representation for module `$paramod$0c75d9771d8390715aca7af4db20ea1c312fb822\GTP_LUT6'.
Parameter \INIT = 64'1100111110011111100111110011111100110000011000000110000011000000
Found cached RTLIL representation for module `$paramod$56887f0f5cf82d055e02966d1bd52eb3edcc0195\GTP_LUT6'.
Parameter \INIT = 64'0001000000110000000000000001000001110000111100000011000001110000
Found cached RTLIL representation for module `$paramod$704f8042eefb99c5e76c6f22d96562ed7be56313\GTP_LUT6'.
Parameter \INIT = 64'1100111110011111001100000110000010011111001111110110000011000000
Found cached RTLIL representation for module `$paramod$951d9341ccd051e40ea46f5cef9c619fbabbc7fe\GTP_LUT6'.
Parameter \INIT = 64'1100111110011111001100000110000010011111001111110110000011000000
Found cached RTLIL representation for module `$paramod$951d9341ccd051e40ea46f5cef9c619fbabbc7fe\GTP_LUT6'.
Parameter \INIT = 16'1011011101001000
Found cached RTLIL representation for module `$paramod\GTP_LUT4\INIT=16'1011011101001000'.
Parameter \INIT = 16'1011011101001000
Found cached RTLIL representation for module `$paramod\GTP_LUT4\INIT=16'1011011101001000'.
Parameter \INIT = 64'1100111110011111100111110011111100110000011000000110000011000000
Found cached RTLIL representation for module `$paramod$56887f0f5cf82d055e02966d1bd52eb3edcc0195\GTP_LUT6'.
Parameter \INIT = 16'1011011101001000
Found cached RTLIL representation for module `$paramod\GTP_LUT4\INIT=16'1011011101001000'.
Parameter \INIT = 16'1011011101001000
Found cached RTLIL representation for module `$paramod\GTP_LUT4\INIT=16'1011011101001000'.
Parameter \INIT = 64'0000000000010000001100000111000000010000001100000111000011110000
Found cached RTLIL representation for module `$paramod$0c75d9771d8390715aca7af4db20ea1c312fb822\GTP_LUT6'.
Parameter \INIT = 16'1011011101001000
Found cached RTLIL representation for module `$paramod\GTP_LUT4\INIT=16'1011011101001000'.
Parameter \INIT = 32'10010011010111111010000001101100

3.123. Executing AST frontend in derive mode using pre-parsed AST for module `\GTP_LUT5'.
Parameter \INIT = 32'10010011010111111010000001101100
Generating RTLIL representation for module `$paramod\GTP_LUT5\INIT=32'10010011010111111010000001101100'.
Parameter \INIT = 16'1011011101001000
Found cached RTLIL representation for module `$paramod\GTP_LUT4\INIT=16'1011011101001000'.
Parameter \INIT = 16'1011011101001000
Found cached RTLIL representation for module `$paramod\GTP_LUT4\INIT=16'1011011101001000'.
Parameter \INIT = 64'0001000000110000000000000001000001110000111100000011000001110000
Found cached RTLIL representation for module `$paramod$704f8042eefb99c5e76c6f22d96562ed7be56313\GTP_LUT6'.
Parameter \INIT = 64'1010001010101010101000101010001010101010101010101010101010101010
Found cached RTLIL representation for module `$paramod$1b0920de6a7e68fb65e46a6ad96fe488b5da9be0\GTP_LUT6'.
Parameter \INIT = 8'01111000
Found cached RTLIL representation for module `$paramod\GTP_LUT3\INIT=8'01111000'.
Parameter \INIT = 32'11111110110010001110110010000000
Found cached RTLIL representation for module `$paramod\GTP_LUT5\INIT=32'11111110110010001110110010000000'.
Parameter \INIT = 64'0100010101000101010001010000010100000000000000000000000000000000
Found cached RTLIL representation for module `$paramod$b2ef3add4eb53705176e99a262fd81a24b6813d1\GTP_LUT6'.
Parameter \INIT = 16'1011011101001000
Found cached RTLIL representation for module `$paramod\GTP_LUT4\INIT=16'1011011101001000'.
Parameter \INIT = 16'1011010001111000
Found cached RTLIL representation for module `$paramod\GTP_LUT4\INIT=16'1011010001111000'.
Parameter \INIT = 64'0000000000010000001100000111000000010000001100000111000011110000
Found cached RTLIL representation for module `$paramod$0c75d9771d8390715aca7af4db20ea1c312fb822\GTP_LUT6'.
Parameter \INIT = 64'1110111011101111110011001100111010001000100011000000000000001000
Found cached RTLIL representation for module `$paramod$ba5b7173d63688aef01bb71a72821be0a07f9a87\GTP_LUT6'.
Parameter \INIT = 64'0000000000010000000100000011000000110000011100000111000011110000
Found cached RTLIL representation for module `$paramod$ee1263cc1ddc67832d9e0851e42d909bf9eef3cd\GTP_LUT6'.
Parameter \INIT = 64'1010100010100000101010001010000010101000101010001010100010100000
Found cached RTLIL representation for module `$paramod$05bf28522bbfbd204985901a35739be4c355ccc5\GTP_LUT6'.
Parameter \INIT = 16'1011011101001000
Found cached RTLIL representation for module `$paramod\GTP_LUT4\INIT=16'1011011101001000'.
Parameter \INIT = 64'1100111110011111001100000110000010011111001111110110000011000000
Found cached RTLIL representation for module `$paramod$951d9341ccd051e40ea46f5cef9c619fbabbc7fe\GTP_LUT6'.
Parameter \INIT = 16'0101000101000000
Found cached RTLIL representation for module `$paramod\GTP_LUT4\INIT=16'0101000101000000'.
Parameter \INIT = 64'1111000011000011111000011000011111100001100001111100001100001111

3.124. Executing AST frontend in derive mode using pre-parsed AST for module `\GTP_LUT6'.
Parameter \INIT = 64'1111000011000011111000011000011111100001100001111100001100001111
Generating RTLIL representation for module `$paramod$ab62f3409345c37b7cfd12793497f65fc667fc2f\GTP_LUT6'.
Parameter \INIT = 16'1011010001111000
Found cached RTLIL representation for module `$paramod\GTP_LUT4\INIT=16'1011010001111000'.
Parameter \INIT = 16'1011010001111000
Found cached RTLIL representation for module `$paramod\GTP_LUT4\INIT=16'1011010001111000'.
Parameter \INIT = 64'1110000011010000100000000100000011111110111111011111100011110100
Found cached RTLIL representation for module `$paramod$67d66995a90fb8f1acfec5d90247fa6057927000\GTP_LUT6'.
Parameter \INIT = 64'1110111011001100100010000000000011101111110011101000110000001000

3.125. Executing AST frontend in derive mode using pre-parsed AST for module `\GTP_LUT6'.
Parameter \INIT = 64'1110111011001100100010000000000011101111110011101000110000001000
Generating RTLIL representation for module `$paramod$41d159e28863b08419671248d537e89131d10f6a\GTP_LUT6'.
Parameter \INIT = 16'1011011101001000
Found cached RTLIL representation for module `$paramod\GTP_LUT4\INIT=16'1011011101001000'.
Parameter \INIT = 16'1011011101001000
Found cached RTLIL representation for module `$paramod\GTP_LUT4\INIT=16'1011011101001000'.
Parameter \INIT = 64'1101111101000000111111110101000001010011000000000111001100010000

3.126. Executing AST frontend in derive mode using pre-parsed AST for module `\GTP_LUT6'.
Parameter \INIT = 64'1101111101000000111111110101000001010011000000000111001100010000
Generating RTLIL representation for module `$paramod$be96578f7bb2910608aeb462f0a29246a35a6677\GTP_LUT6'.
Parameter \INIT = 16'1011010001111000
Found cached RTLIL representation for module `$paramod\GTP_LUT4\INIT=16'1011010001111000'.
Parameter \INIT = 16'1011011101001000
Found cached RTLIL representation for module `$paramod\GTP_LUT4\INIT=16'1011011101001000'.
Parameter \INIT = 16'1011011101001000
Found cached RTLIL representation for module `$paramod\GTP_LUT4\INIT=16'1011011101001000'.
Parameter \INIT = 64'1111000011100001110000111000011111100001110000111000011100001111
Found cached RTLIL representation for module `$paramod$1f07c78b7596ae3cc784bc1b7b3088e6f009fa10\GTP_LUT6'.
Parameter \INIT = 16'0111110100101000

3.127. Executing AST frontend in derive mode using pre-parsed AST for module `\GTP_LUT4'.
Parameter \INIT = 16'0111110100101000
Generating RTLIL representation for module `$paramod\GTP_LUT4\INIT=16'0111110100101000'.
Parameter \INIT = 32'11111110110010001110110010000000
Found cached RTLIL representation for module `$paramod\GTP_LUT5\INIT=32'11111110110010001110110010000000'.
Parameter \INIT = 64'0000000000010000001100000111000000010000001100000111000011110000
Found cached RTLIL representation for module `$paramod$0c75d9771d8390715aca7af4db20ea1c312fb822\GTP_LUT6'.
Parameter \INIT = 64'1100111100110000100111110110000010011111011000000011111111000000

3.128. Executing AST frontend in derive mode using pre-parsed AST for module `\GTP_LUT6'.
Parameter \INIT = 64'1100111100110000100111110110000010011111011000000011111111000000
Generating RTLIL representation for module `$paramod$b52a007edf2fe88b13dd6c5b929b773b8f5b4e73\GTP_LUT6'.
Parameter \INIT = 16'1011011101001000
Found cached RTLIL representation for module `$paramod\GTP_LUT4\INIT=16'1011011101001000'.
Parameter \INIT = 16'1011011101001000
Found cached RTLIL representation for module `$paramod\GTP_LUT4\INIT=16'1011011101001000'.
Parameter \INIT = 64'1100111110011111001100000110000010011111001111110110000011000000
Found cached RTLIL representation for module `$paramod$951d9341ccd051e40ea46f5cef9c619fbabbc7fe\GTP_LUT6'.
Parameter \INIT = 64'0001000000110000000000000001000001110000111100000011000001110000
Found cached RTLIL representation for module `$paramod$704f8042eefb99c5e76c6f22d96562ed7be56313\GTP_LUT6'.
Parameter \INIT = 64'1110000011010000100000000100000011111110111111011111100011110100
Found cached RTLIL representation for module `$paramod$67d66995a90fb8f1acfec5d90247fa6057927000\GTP_LUT6'.
Parameter \INIT = 64'1100111110011111001100000110000010011111001111110110000011000000
Found cached RTLIL representation for module `$paramod$951d9341ccd051e40ea46f5cef9c619fbabbc7fe\GTP_LUT6'.
Parameter \INIT = 64'0000000000010000001100000111000000010000001100000111000011110000
Found cached RTLIL representation for module `$paramod$0c75d9771d8390715aca7af4db20ea1c312fb822\GTP_LUT6'.
Parameter \INIT = 64'1100111110011111100111110011111100110000011000000110000011000000
Found cached RTLIL representation for module `$paramod$56887f0f5cf82d055e02966d1bd52eb3edcc0195\GTP_LUT6'.
Parameter \INIT = 16'1011011101001000
Found cached RTLIL representation for module `$paramod\GTP_LUT4\INIT=16'1011011101001000'.
Parameter \INIT = 64'1011010001001011000000001111111100000000111111110000000011111111
Found cached RTLIL representation for module `$paramod$1296b162177a75336e86b66b1e8244dba2f42a83\GTP_LUT6'.
Parameter \INIT = 64'1100111110011111001100000110000010011111001111110110000011000000
Found cached RTLIL representation for module `$paramod$951d9341ccd051e40ea46f5cef9c619fbabbc7fe\GTP_LUT6'.
Parameter \INIT = 16'1011011101001000
Found cached RTLIL representation for module `$paramod\GTP_LUT4\INIT=16'1011011101001000'.
Parameter \INIT = 64'0001000000110000000000000001000001110000111100000011000001110000
Found cached RTLIL representation for module `$paramod$704f8042eefb99c5e76c6f22d96562ed7be56313\GTP_LUT6'.
Parameter \INIT = 16'1011011101001000
Found cached RTLIL representation for module `$paramod\GTP_LUT4\INIT=16'1011011101001000'.
Parameter \INIT = 16'1011010001111000
Found cached RTLIL representation for module `$paramod\GTP_LUT4\INIT=16'1011010001111000'.
Parameter \INIT = 64'0011000001100000011000001100000011001111100111111001111100111111
Found cached RTLIL representation for module `$paramod$bc6de2df570eae61bfd8035a14e07bf943960444\GTP_LUT6'.
Parameter \INIT = 64'1101001101000000011100110001000001110011000100000111001100010000
Found cached RTLIL representation for module `$paramod$06f6fd3eedef20662989266ce101c6c76a6efff4\GTP_LUT6'.
Parameter \INIT = 16'1011010001111000
Found cached RTLIL representation for module `$paramod\GTP_LUT4\INIT=16'1011010001111000'.
Parameter \INIT = 32'11111110110010001110110010000000
Found cached RTLIL representation for module `$paramod\GTP_LUT5\INIT=32'11111110110010001110110010000000'.
Parameter \INIT = 64'1001100110010101100110011001010110011001100101011001010110010101
Found cached RTLIL representation for module `$paramod$07860755a17736dd23243d1cf61e0b72a7347191\GTP_LUT6'.
Parameter \INIT = 64'1100111110011111100111110011111100110000011000000110000011000000
Found cached RTLIL representation for module `$paramod$56887f0f5cf82d055e02966d1bd52eb3edcc0195\GTP_LUT6'.
Parameter \INIT = 64'0101110001010101010111000101110001010101010101010101010101010101

3.129. Executing AST frontend in derive mode using pre-parsed AST for module `\GTP_LUT6'.
Parameter \INIT = 64'0101110001010101010111000101110001010101010101010101010101010101
Generating RTLIL representation for module `$paramod$29b23bb86a3bab872b65412e2bbfe72509203217\GTP_LUT6'.
Parameter \INIT = 32'11001000110010001100100011111010
Found cached RTLIL representation for module `$paramod\GTP_LUT5\INIT=32'11001000110010001100100011111010'.
Parameter \INIT = 16'1011011101001000
Found cached RTLIL representation for module `$paramod\GTP_LUT4\INIT=16'1011011101001000'.
Parameter \INIT = 64'1011010001001011000000001111111100000000111111110000000011111111
Found cached RTLIL representation for module `$paramod$1296b162177a75336e86b66b1e8244dba2f42a83\GTP_LUT6'.
Parameter \INIT = 270541587
Found cached RTLIL representation for module `$paramod\GTP_LUT5\INIT=32'00010000001000000010001100010011'.
Parameter \INIT = 16'1011010001111000
Found cached RTLIL representation for module `$paramod\GTP_LUT4\INIT=16'1011010001111000'.
Parameter \INIT = 16'1011010001111000
Found cached RTLIL representation for module `$paramod\GTP_LUT4\INIT=16'1011010001111000'.
Parameter \INIT = 32'10011001101001011010010110100101

3.130. Executing AST frontend in derive mode using pre-parsed AST for module `\GTP_LUT5'.
Parameter \INIT = 32'10011001101001011010010110100101
Generating RTLIL representation for module `$paramod\GTP_LUT5\INIT=32'10011001101001011010010110100101'.
Parameter \INIT = 64'1101001101000000011100110001000001110011000100000111001100010000
Found cached RTLIL representation for module `$paramod$06f6fd3eedef20662989266ce101c6c76a6efff4\GTP_LUT6'.
Parameter \INIT = 32'10100010101010101010001010100010
Found cached RTLIL representation for module `$paramod\GTP_LUT5\INIT=32'10100010101010101010001010100010'.
Parameter \INIT = 16'1011010001111000
Found cached RTLIL representation for module `$paramod\GTP_LUT4\INIT=16'1011010001111000'.
Parameter \INIT = 1671205740
Found cached RTLIL representation for module `$paramod\GTP_LUT5\INIT=32'01100011100111001001001101101100'.
Parameter \INIT = 64'1001001101101100001111000011110001100011100111001100110011001100
Found cached RTLIL representation for module `$paramod$1774b298c8b4a8467a2e086a655eca9723a36b76\GTP_LUT6'.
Parameter \INIT = 1670618220

3.131. Executing AST frontend in derive mode using pre-parsed AST for module `\GTP_LUT5'.
Parameter \INIT = 1670618220
Generating RTLIL representation for module `$paramod\GTP_LUT5\INIT=32'01100011100100111001110001101100'.
Parameter \INIT = 32'11010011010000000111001100010000
Found cached RTLIL representation for module `$paramod\GTP_LUT5\INIT=32'11010011010000000111001100010000'.
Parameter \INIT = 16'1000000010010000

3.132. Executing AST frontend in derive mode using pre-parsed AST for module `\GTP_LUT4'.
Parameter \INIT = 16'1000000010010000
Generating RTLIL representation for module `$paramod\GTP_LUT4\INIT=16'1000000010010000'.
Parameter \INIT = 16'1011010001001011
Found cached RTLIL representation for module `$paramod\GTP_LUT4\INIT=16'1011010001001011'.
Parameter \INIT = 64'1110111011101111110011001100111010001000100011000000000000001000
Found cached RTLIL representation for module `$paramod$ba5b7173d63688aef01bb71a72821be0a07f9a87\GTP_LUT6'.
Parameter \INIT = 64'1110111011101111110011001100111010001000100011000000000000001000
Found cached RTLIL representation for module `$paramod$ba5b7173d63688aef01bb71a72821be0a07f9a87\GTP_LUT6'.
Parameter \INIT = 64'1110111011101111110011001100111010001000100011000000000000001000
Found cached RTLIL representation for module `$paramod$ba5b7173d63688aef01bb71a72821be0a07f9a87\GTP_LUT6'.
Parameter \INIT = 64'1110111011101111110011001100111010001000100011000000000000001000
Found cached RTLIL representation for module `$paramod$ba5b7173d63688aef01bb71a72821be0a07f9a87\GTP_LUT6'.
Parameter \INIT = 64'1110111011101111110011001100111010001000100011000000000000001000
Found cached RTLIL representation for module `$paramod$ba5b7173d63688aef01bb71a72821be0a07f9a87\GTP_LUT6'.
Parameter \INIT = 64'1110111011101111110011001100111010001000100011000000000000001000
Found cached RTLIL representation for module `$paramod$ba5b7173d63688aef01bb71a72821be0a07f9a87\GTP_LUT6'.
Parameter \INIT = 64'1110111011101111110011001100111010001000100011000000000000001000
Found cached RTLIL representation for module `$paramod$ba5b7173d63688aef01bb71a72821be0a07f9a87\GTP_LUT6'.
Parameter \INIT = 64'1110111011101111110011001100111010001000100011000000000000001000
Found cached RTLIL representation for module `$paramod$ba5b7173d63688aef01bb71a72821be0a07f9a87\GTP_LUT6'.
Parameter \INIT = 64'1110111011101111110011001100111010001000100011000000000000001000
Found cached RTLIL representation for module `$paramod$ba5b7173d63688aef01bb71a72821be0a07f9a87\GTP_LUT6'.
Parameter \INIT = 64'1110111011101111110011001100111010001000100011000000000000001000
Found cached RTLIL representation for module `$paramod$ba5b7173d63688aef01bb71a72821be0a07f9a87\GTP_LUT6'.
Parameter \INIT = 64'1100110011001100110011001100110000000000010000000100000011000000
Found cached RTLIL representation for module `$paramod$c89604e91de683c14486dd9c1cf554a82342b2d7\GTP_LUT6'.
Parameter \INIT = 64'1100110011001100110011001100110000000000010000000100000011000000
Found cached RTLIL representation for module `$paramod$c89604e91de683c14486dd9c1cf554a82342b2d7\GTP_LUT6'.
Parameter \INIT = 64'1110111011101111110011001100111010001000100011000000000000001000
Found cached RTLIL representation for module `$paramod$ba5b7173d63688aef01bb71a72821be0a07f9a87\GTP_LUT6'.
Parameter \INIT = 64'1100111110011111100111110011111100110000011000000110000011000000
Found cached RTLIL representation for module `$paramod$56887f0f5cf82d055e02966d1bd52eb3edcc0195\GTP_LUT6'.
Parameter \INIT = 64'1110111011101111110011001100111010001000100011000000000000001000
Found cached RTLIL representation for module `$paramod$ba5b7173d63688aef01bb71a72821be0a07f9a87\GTP_LUT6'.
Parameter \INIT = 64'1110111011101111110011001100111010001000100011000000000000001000
Found cached RTLIL representation for module `$paramod$ba5b7173d63688aef01bb71a72821be0a07f9a87\GTP_LUT6'.
Parameter \INIT = 64'0000000000010000001100000111000000010000001100000111000011110000
Found cached RTLIL representation for module `$paramod$0c75d9771d8390715aca7af4db20ea1c312fb822\GTP_LUT6'.
Parameter \INIT = 64'1110111011101111110011001100111010001000100011000000000000001000
Found cached RTLIL representation for module `$paramod$ba5b7173d63688aef01bb71a72821be0a07f9a87\GTP_LUT6'.
Parameter \INIT = 64'1110111011101111110011001100111010001000100011000000000000001000
Found cached RTLIL representation for module `$paramod$ba5b7173d63688aef01bb71a72821be0a07f9a87\GTP_LUT6'.
Parameter \INIT = 32'10010110111101101001011011110000

3.133. Executing AST frontend in derive mode using pre-parsed AST for module `\GTP_LUT5'.
Parameter \INIT = 32'10010110111101101001011011110000
Generating RTLIL representation for module `$paramod\GTP_LUT5\INIT=32'10010110111101101001011011110000'.
Parameter \INIT = 64'1110111011101111110011001100111010001000100011000000000000001000
Found cached RTLIL representation for module `$paramod$ba5b7173d63688aef01bb71a72821be0a07f9a87\GTP_LUT6'.
Parameter \INIT = 64'1110111011101111110011001100111010001000100011000000000000001000
Found cached RTLIL representation for module `$paramod$ba5b7173d63688aef01bb71a72821be0a07f9a87\GTP_LUT6'.
Parameter \INIT = 64'1110111011101111110011001100111010001000100011000000000000001000
Found cached RTLIL representation for module `$paramod$ba5b7173d63688aef01bb71a72821be0a07f9a87\GTP_LUT6'.
Parameter \INIT = 61943
Found cached RTLIL representation for module `$paramod\GTP_LUT5\INIT=32'00000000000000001111000111110111'.
Parameter \INIT = 64'0000000000010000001100000111000000010000001100000111000011110000
Found cached RTLIL representation for module `$paramod$0c75d9771d8390715aca7af4db20ea1c312fb822\GTP_LUT6'.
Parameter \INIT = 64'1111000011100001110000111000011111100001110000111000011100001111
Found cached RTLIL representation for module `$paramod$1f07c78b7596ae3cc784bc1b7b3088e6f009fa10\GTP_LUT6'.
Parameter \INIT = 16'1011011101001000
Found cached RTLIL representation for module `$paramod\GTP_LUT4\INIT=16'1011011101001000'.
Parameter \INIT = 16'1011011101001000
Found cached RTLIL representation for module `$paramod\GTP_LUT4\INIT=16'1011011101001000'.
Parameter \INIT = 64'1111000011100001110000111000011111100001110000111000011100001111
Found cached RTLIL representation for module `$paramod$1f07c78b7596ae3cc784bc1b7b3088e6f009fa10\GTP_LUT6'.
Parameter \INIT = 16'1011011101001000
Found cached RTLIL representation for module `$paramod\GTP_LUT4\INIT=16'1011011101001000'.
Parameter \INIT = 64'1100111110011111100111110011111100110000011000000110000011000000
Found cached RTLIL representation for module `$paramod$56887f0f5cf82d055e02966d1bd52eb3edcc0195\GTP_LUT6'.
Parameter \INIT = 64'1100111110011111100111110011111100110000011000000110000011000000
Found cached RTLIL representation for module `$paramod$56887f0f5cf82d055e02966d1bd52eb3edcc0195\GTP_LUT6'.
Parameter \INIT = 64'1110111011101111110011001100111010001000100011000000000000001000
Found cached RTLIL representation for module `$paramod$ba5b7173d63688aef01bb71a72821be0a07f9a87\GTP_LUT6'.
Parameter \INIT = 61943
Found cached RTLIL representation for module `$paramod\GTP_LUT5\INIT=32'00000000000000001111000111110111'.
Parameter \INIT = 64'0000000000010000001100000111000000010000001100000111000011110000
Found cached RTLIL representation for module `$paramod$0c75d9771d8390715aca7af4db20ea1c312fb822\GTP_LUT6'.
Parameter \INIT = 64'1110111011101111110011001100111010001000100011000000000000001000
Found cached RTLIL representation for module `$paramod$ba5b7173d63688aef01bb71a72821be0a07f9a87\GTP_LUT6'.
Parameter \INIT = 64'1110111011101111110011001100111010001000100011000000000000001000
Found cached RTLIL representation for module `$paramod$ba5b7173d63688aef01bb71a72821be0a07f9a87\GTP_LUT6'.
Parameter \INIT = 16'1011011101001000
Found cached RTLIL representation for module `$paramod\GTP_LUT4\INIT=16'1011011101001000'.
Parameter \INIT = 64'1110111011101111110011001100111010001000100011000000000000001000
Found cached RTLIL representation for module `$paramod$ba5b7173d63688aef01bb71a72821be0a07f9a87\GTP_LUT6'.
Parameter \INIT = 64'1100111110011111100111110011111100110000011000000110000011000000
Found cached RTLIL representation for module `$paramod$56887f0f5cf82d055e02966d1bd52eb3edcc0195\GTP_LUT6'.
Parameter \INIT = 2004584580
Found cached RTLIL representation for module `$paramod\GTP_LUT5\INIT=32'01110111011110111000100010000100'.
Parameter \INIT = 64'1110111011101111110011001100111010001000100011000000000000001000
Found cached RTLIL representation for module `$paramod$ba5b7173d63688aef01bb71a72821be0a07f9a87\GTP_LUT6'.
Parameter \INIT = 64'1110111011101111110011001100111010001000100011000000000000001000
Found cached RTLIL representation for module `$paramod$ba5b7173d63688aef01bb71a72821be0a07f9a87\GTP_LUT6'.
Parameter \INIT = 64'0000000000010000001100000111000000010000001100000111000011110000
Found cached RTLIL representation for module `$paramod$0c75d9771d8390715aca7af4db20ea1c312fb822\GTP_LUT6'.
Parameter \INIT = 61943
Found cached RTLIL representation for module `$paramod\GTP_LUT5\INIT=32'00000000000000001111000111110111'.
Parameter \INIT = 64'0000000000010000001100000111000000010000001100000111000011110000
Found cached RTLIL representation for module `$paramod$0c75d9771d8390715aca7af4db20ea1c312fb822\GTP_LUT6'.
Parameter \INIT = 64'0000000000010000001100000111000000010000001100000111000011110000
Found cached RTLIL representation for module `$paramod$0c75d9771d8390715aca7af4db20ea1c312fb822\GTP_LUT6'.
Parameter \INIT = 64'1110111011101111110011001100111010001000100011000000000000001000
Found cached RTLIL representation for module `$paramod$ba5b7173d63688aef01bb71a72821be0a07f9a87\GTP_LUT6'.
Parameter \INIT = 64'1110111011101111110011001100111010001000100011000000000000001000
Found cached RTLIL representation for module `$paramod$ba5b7173d63688aef01bb71a72821be0a07f9a87\GTP_LUT6'.
Parameter \INIT = 64'0000000000010000001100000111000000010000001100000111000011110000
Found cached RTLIL representation for module `$paramod$0c75d9771d8390715aca7af4db20ea1c312fb822\GTP_LUT6'.
Parameter \INIT = 64'1110111011101111110011001100111010001000100011000000000000001000
Found cached RTLIL representation for module `$paramod$ba5b7173d63688aef01bb71a72821be0a07f9a87\GTP_LUT6'.
Parameter \INIT = 64'1010101010100011101010101010001110101010101000111010001110100011
Found cached RTLIL representation for module `$paramod$e165c77f34c53f7ad5d54584a3c2c9586ae667f8\GTP_LUT6'.
Parameter \INIT = 32'11111010111110100101000011011000
Found cached RTLIL representation for module `$paramod\GTP_LUT5\INIT=32'11111010111110100101000011011000'.
Parameter \INIT = 64'0000000000010000001100000111000000010000001100000111000011110000
Found cached RTLIL representation for module `$paramod$0c75d9771d8390715aca7af4db20ea1c312fb822\GTP_LUT6'.
Parameter \INIT = 64'1110111011101111110011001100111010001000100011000000000000001000
Found cached RTLIL representation for module `$paramod$ba5b7173d63688aef01bb71a72821be0a07f9a87\GTP_LUT6'.
Parameter \INIT = 64'1110111011101111110011001100111010001000100011000000000000001000
Found cached RTLIL representation for module `$paramod$ba5b7173d63688aef01bb71a72821be0a07f9a87\GTP_LUT6'.
Parameter \INIT = 64'1100111110011111100111110011111100110000011000000110000011000000
Found cached RTLIL representation for module `$paramod$56887f0f5cf82d055e02966d1bd52eb3edcc0195\GTP_LUT6'.
Parameter \INIT = 64'1110111011101111110011001100111010001000100011000000000000001000
Found cached RTLIL representation for module `$paramod$ba5b7173d63688aef01bb71a72821be0a07f9a87\GTP_LUT6'.
Parameter \INIT = 64'0000000100110111000000000000000000010011011111110000000000000000
Found cached RTLIL representation for module `$paramod$d21812dac985055b32b3eca39f691c7445670fb1\GTP_LUT6'.
Parameter \INIT = 16'1011011101001000
Found cached RTLIL representation for module `$paramod\GTP_LUT4\INIT=16'1011011101001000'.
Parameter \INIT = 64'1110111011101111110011001100111010001000100011000000000000001000
Found cached RTLIL representation for module `$paramod$ba5b7173d63688aef01bb71a72821be0a07f9a87\GTP_LUT6'.
Parameter \INIT = 64'1100111110011111100111110011111100110000011000000110000011000000
Found cached RTLIL representation for module `$paramod$56887f0f5cf82d055e02966d1bd52eb3edcc0195\GTP_LUT6'.
Parameter \INIT = 64'1000100010001100000000000000100011001100110011001100110011001100

3.134. Executing AST frontend in derive mode using pre-parsed AST for module `\GTP_LUT6'.
Parameter \INIT = 64'1000100010001100000000000000100011001100110011001100110011001100
Generating RTLIL representation for module `$paramod$8cd7e9b161dad2ff8eac52b3a80a757c3d59bd4e\GTP_LUT6'.
Parameter \INIT = 64'1110111011101111110011001100111010001000100011000000000000001000
Found cached RTLIL representation for module `$paramod$ba5b7173d63688aef01bb71a72821be0a07f9a87\GTP_LUT6'.
Parameter \INIT = 64'1100111110011111001100000110000010011111001111110110000011000000
Found cached RTLIL representation for module `$paramod$951d9341ccd051e40ea46f5cef9c619fbabbc7fe\GTP_LUT6'.
Parameter \INIT = 64'0000000000010000001100000111000000010000001100000111000011110000
Found cached RTLIL representation for module `$paramod$0c75d9771d8390715aca7af4db20ea1c312fb822\GTP_LUT6'.
Parameter \INIT = 64'1110111011101111110011001100111010001000100011000000000000001000
Found cached RTLIL representation for module `$paramod$ba5b7173d63688aef01bb71a72821be0a07f9a87\GTP_LUT6'.
Parameter \INIT = 16'1011011101001000
Found cached RTLIL representation for module `$paramod\GTP_LUT4\INIT=16'1011011101001000'.
Parameter \INIT = 64'0011000001100000011000001100000011001111100111111001111100111111
Found cached RTLIL representation for module `$paramod$bc6de2df570eae61bfd8035a14e07bf943960444\GTP_LUT6'.
Parameter \INIT = 64'1110111011101111110011001100111010001000100011000000000000001000
Found cached RTLIL representation for module `$paramod$ba5b7173d63688aef01bb71a72821be0a07f9a87\GTP_LUT6'.
Parameter \INIT = 64'1100111110011111100111110011111100110000011000000110000011000000
Found cached RTLIL representation for module `$paramod$56887f0f5cf82d055e02966d1bd52eb3edcc0195\GTP_LUT6'.
Parameter \INIT = 64'1100111110011111001100000110000010011111001111110110000011000000
Found cached RTLIL representation for module `$paramod$951d9341ccd051e40ea46f5cef9c619fbabbc7fe\GTP_LUT6'.
Parameter \INIT = 64'1100111110011111100111110011111100110000011000000110000011000000
Found cached RTLIL representation for module `$paramod$56887f0f5cf82d055e02966d1bd52eb3edcc0195\GTP_LUT6'.
Parameter \INIT = 16'1011011101001000
Found cached RTLIL representation for module `$paramod\GTP_LUT4\INIT=16'1011011101001000'.
Parameter \INIT = 64'0000000000010000001100000111000000010000001100000111000011110000
Found cached RTLIL representation for module `$paramod$0c75d9771d8390715aca7af4db20ea1c312fb822\GTP_LUT6'.
Parameter \INIT = 64'0000000000010000001100000111000000010000001100000111000011110000
Found cached RTLIL representation for module `$paramod$0c75d9771d8390715aca7af4db20ea1c312fb822\GTP_LUT6'.
Parameter \INIT = 64'1100111110011111100111110011111100110000011000000110000011000000
Found cached RTLIL representation for module `$paramod$56887f0f5cf82d055e02966d1bd52eb3edcc0195\GTP_LUT6'.
Parameter \INIT = 64'1100111110011111100111110011111100110000011000000110000011000000
Found cached RTLIL representation for module `$paramod$56887f0f5cf82d055e02966d1bd52eb3edcc0195\GTP_LUT6'.
Parameter \INIT = 64'1100111100110000100111110110000010011111011000000011111111000000
Found cached RTLIL representation for module `$paramod$b52a007edf2fe88b13dd6c5b929b773b8f5b4e73\GTP_LUT6'.
Parameter \INIT = 64'0000000000010000001100000111000000010000001100000111000011110000
Found cached RTLIL representation for module `$paramod$0c75d9771d8390715aca7af4db20ea1c312fb822\GTP_LUT6'.
Parameter \INIT = 64'1110111011101111110011001100111010001000100011000000000000001000
Found cached RTLIL representation for module `$paramod$ba5b7173d63688aef01bb71a72821be0a07f9a87\GTP_LUT6'.
Parameter \INIT = 64'0011000001100000110011111001111101100000110000001001111100111111
Found cached RTLIL representation for module `$paramod$b0d6733f8287b1f4519ab27fafdb29d794eb5ff3\GTP_LUT6'.
Parameter \INIT = 16'1011011101001000
Found cached RTLIL representation for module `$paramod\GTP_LUT4\INIT=16'1011011101001000'.
Parameter \INIT = 64'1110111011101111110011001100111010001000100011000000000000001000
Found cached RTLIL representation for module `$paramod$ba5b7173d63688aef01bb71a72821be0a07f9a87\GTP_LUT6'.
Parameter \INIT = 64'0000000000010000001100000111000000010000001100000111000011110000
Found cached RTLIL representation for module `$paramod$0c75d9771d8390715aca7af4db20ea1c312fb822\GTP_LUT6'.
Parameter \INIT = 64'1100111110011111001100000110000010011111001111110110000011000000
Found cached RTLIL representation for module `$paramod$951d9341ccd051e40ea46f5cef9c619fbabbc7fe\GTP_LUT6'.
Parameter \INIT = 64'1100111110011111100111110011111100110000011000000110000011000000
Found cached RTLIL representation for module `$paramod$56887f0f5cf82d055e02966d1bd52eb3edcc0195\GTP_LUT6'.
Parameter \INIT = 64435

3.135. Executing AST frontend in derive mode using pre-parsed AST for module `\GTP_LUT5'.
Parameter \INIT = 64435
Generating RTLIL representation for module `$paramod\GTP_LUT5\INIT=32'00000000000000001111101110110011'.
Parameter \INIT = 16'1011011101001000
Found cached RTLIL representation for module `$paramod\GTP_LUT4\INIT=16'1011011101001000'.
Parameter \INIT = 64'0000000000010000001100000111000000010000001100000111000011110000
Found cached RTLIL representation for module `$paramod$0c75d9771d8390715aca7af4db20ea1c312fb822\GTP_LUT6'.
Parameter \INIT = 61943
Found cached RTLIL representation for module `$paramod\GTP_LUT5\INIT=32'00000000000000001111000111110111'.
Parameter \INIT = 64'0000000000010000001100000111000000010000001100000111000011110000
Found cached RTLIL representation for module `$paramod$0c75d9771d8390715aca7af4db20ea1c312fb822\GTP_LUT6'.
Parameter \INIT = 64'1100111110011111100111110011111100110000011000000110000011000000
Found cached RTLIL representation for module `$paramod$56887f0f5cf82d055e02966d1bd52eb3edcc0195\GTP_LUT6'.
Parameter \INIT = 64'1100111110011111001100000110000010011111001111110110000011000000
Found cached RTLIL representation for module `$paramod$951d9341ccd051e40ea46f5cef9c619fbabbc7fe\GTP_LUT6'.
Parameter \INIT = 32'11111110110010001110110010000000
Found cached RTLIL representation for module `$paramod\GTP_LUT5\INIT=32'11111110110010001110110010000000'.
Parameter \INIT = 64'1100111110011111001100000110000010011111001111110110000011000000
Found cached RTLIL representation for module `$paramod$951d9341ccd051e40ea46f5cef9c619fbabbc7fe\GTP_LUT6'.
Parameter \INIT = 16'1011011101001000
Found cached RTLIL representation for module `$paramod\GTP_LUT4\INIT=16'1011011101001000'.
Parameter \INIT = 16'1011011101001000
Found cached RTLIL representation for module `$paramod\GTP_LUT4\INIT=16'1011011101001000'.
Parameter \INIT = 64'1110111011101111110011001100111010001000100011000000000000001000
Found cached RTLIL representation for module `$paramod$ba5b7173d63688aef01bb71a72821be0a07f9a87\GTP_LUT6'.
Parameter \INIT = 64'1100111110011111100111110011111100110000011000000110000011000000
Found cached RTLIL representation for module `$paramod$56887f0f5cf82d055e02966d1bd52eb3edcc0195\GTP_LUT6'.
Parameter \INIT = 64'1110111011101111110011001100111010001000100011000000000000001000
Found cached RTLIL representation for module `$paramod$ba5b7173d63688aef01bb71a72821be0a07f9a87\GTP_LUT6'.
Parameter \INIT = 64'0000000000010000001100000111000000010000001100000111000011110000
Found cached RTLIL representation for module `$paramod$0c75d9771d8390715aca7af4db20ea1c312fb822\GTP_LUT6'.
Parameter \INIT = 64'1110111011101111110011001100111010001000100011000000000000001000
Found cached RTLIL representation for module `$paramod$ba5b7173d63688aef01bb71a72821be0a07f9a87\GTP_LUT6'.
Parameter \INIT = 64'1010101010100011101010101010001110101010101000111010001110100011
Found cached RTLIL representation for module `$paramod$e165c77f34c53f7ad5d54584a3c2c9586ae667f8\GTP_LUT6'.
Parameter \INIT = 64'1100111110011111100111110011111100110000011000000110000011000000
Found cached RTLIL representation for module `$paramod$56887f0f5cf82d055e02966d1bd52eb3edcc0195\GTP_LUT6'.
Parameter \INIT = 64'0000000000010000001100000111000000010000001100000111000011110000
Found cached RTLIL representation for module `$paramod$0c75d9771d8390715aca7af4db20ea1c312fb822\GTP_LUT6'.
Parameter \INIT = 64'1100111110011111100111110011111100110000011000000110000011000000
Found cached RTLIL representation for module `$paramod$56887f0f5cf82d055e02966d1bd52eb3edcc0195\GTP_LUT6'.
Parameter \INIT = 16'1011011101001000
Found cached RTLIL representation for module `$paramod\GTP_LUT4\INIT=16'1011011101001000'.
Parameter \INIT = 2004584580
Found cached RTLIL representation for module `$paramod\GTP_LUT5\INIT=32'01110111011110111000100010000100'.
Parameter \INIT = 64'1100111110011111001100000110000010011111001111110110000011000000
Found cached RTLIL representation for module `$paramod$951d9341ccd051e40ea46f5cef9c619fbabbc7fe\GTP_LUT6'.
Parameter \INIT = 64'0000000000010000001100000111000000010000001100000111000011110000
Found cached RTLIL representation for module `$paramod$0c75d9771d8390715aca7af4db20ea1c312fb822\GTP_LUT6'.
Parameter \INIT = 64'0000000000010000001100000111000000010000001100000111000011110000
Found cached RTLIL representation for module `$paramod$0c75d9771d8390715aca7af4db20ea1c312fb822\GTP_LUT6'.
Parameter \INIT = 64'1110111011101111110011001100111010001000100011000000000000001000
Found cached RTLIL representation for module `$paramod$ba5b7173d63688aef01bb71a72821be0a07f9a87\GTP_LUT6'.
Parameter \INIT = 32'11001000111111101000000011101100

3.136. Executing AST frontend in derive mode using pre-parsed AST for module `\GTP_LUT5'.
Parameter \INIT = 32'11001000111111101000000011101100
Generating RTLIL representation for module `$paramod\GTP_LUT5\INIT=32'11001000111111101000000011101100'.
Parameter \INIT = 16'1011011101001000
Found cached RTLIL representation for module `$paramod\GTP_LUT4\INIT=16'1011011101001000'.
Parameter \INIT = 64'0000000000010000001100000111000000010000001100000111000011110000
Found cached RTLIL representation for module `$paramod$0c75d9771d8390715aca7af4db20ea1c312fb822\GTP_LUT6'.
Parameter \INIT = 64'1100111110011111001100000110000010011111001111110110000011000000
Found cached RTLIL representation for module `$paramod$951d9341ccd051e40ea46f5cef9c619fbabbc7fe\GTP_LUT6'.
Parameter \INIT = 64'0000000000010000001100000111000000010000001100000111000011110000
Found cached RTLIL representation for module `$paramod$0c75d9771d8390715aca7af4db20ea1c312fb822\GTP_LUT6'.
Parameter \INIT = 64'0000000000010000001100000111000000010000001100000111000011110000
Found cached RTLIL representation for module `$paramod$0c75d9771d8390715aca7af4db20ea1c312fb822\GTP_LUT6'.
Parameter \INIT = 64'1100111110011111100111110011111100110000011000000110000011000000
Found cached RTLIL representation for module `$paramod$56887f0f5cf82d055e02966d1bd52eb3edcc0195\GTP_LUT6'.
Parameter \INIT = 64'1110111011101111110011001100111010001000100011000000000000001000
Found cached RTLIL representation for module `$paramod$ba5b7173d63688aef01bb71a72821be0a07f9a87\GTP_LUT6'.
Parameter \INIT = 64'1110111011101111110011001100111010001000100011000000000000001000
Found cached RTLIL representation for module `$paramod$ba5b7173d63688aef01bb71a72821be0a07f9a87\GTP_LUT6'.
Parameter \INIT = 64'0000000000010000001100000111000000010000001100000111000011110000
Found cached RTLIL representation for module `$paramod$0c75d9771d8390715aca7af4db20ea1c312fb822\GTP_LUT6'.
Parameter \INIT = 32'11111110110010001110110010000000
Found cached RTLIL representation for module `$paramod\GTP_LUT5\INIT=32'11111110110010001110110010000000'.
Parameter \INIT = 64'1100111110011111001100000110000010011111001111110110000011000000
Found cached RTLIL representation for module `$paramod$951d9341ccd051e40ea46f5cef9c619fbabbc7fe\GTP_LUT6'.
Parameter \INIT = 64'0000000000010000001100000111000000010000001100000111000011110000
Found cached RTLIL representation for module `$paramod$0c75d9771d8390715aca7af4db20ea1c312fb822\GTP_LUT6'.
Parameter \INIT = 16'1011011101001000
Found cached RTLIL representation for module `$paramod\GTP_LUT4\INIT=16'1011011101001000'.
Parameter \INIT = 16'1011011101001000
Found cached RTLIL representation for module `$paramod\GTP_LUT4\INIT=16'1011011101001000'.
Parameter \INIT = 64'1100111110011111001100000110000010011111001111110110000011000000
Found cached RTLIL representation for module `$paramod$951d9341ccd051e40ea46f5cef9c619fbabbc7fe\GTP_LUT6'.
Parameter \INIT = 32'10101011000000100101010011111101

3.137. Executing AST frontend in derive mode using pre-parsed AST for module `\GTP_LUT5'.
Parameter \INIT = 32'10101011000000100101010011111101
Generating RTLIL representation for module `$paramod\GTP_LUT5\INIT=32'10101011000000100101010011111101'.
Parameter \INIT = 16'1011011101001000
Found cached RTLIL representation for module `$paramod\GTP_LUT4\INIT=16'1011011101001000'.
Parameter \INIT = 64'1110111011101111110011001100111010001000100011000000000000001000
Found cached RTLIL representation for module `$paramod$ba5b7173d63688aef01bb71a72821be0a07f9a87\GTP_LUT6'.
Parameter \INIT = 64'1110111011101111110011001100111010001000100011000000000000001000
Found cached RTLIL representation for module `$paramod$ba5b7173d63688aef01bb71a72821be0a07f9a87\GTP_LUT6'.
Parameter \INIT = 64'0000000000010000001100000111000000010000001100000111000011110000
Found cached RTLIL representation for module `$paramod$0c75d9771d8390715aca7af4db20ea1c312fb822\GTP_LUT6'.
Parameter \INIT = 64'1110111011101111110011001100111010001000100011000000000000001000
Found cached RTLIL representation for module `$paramod$ba5b7173d63688aef01bb71a72821be0a07f9a87\GTP_LUT6'.
Parameter \INIT = 64'1100111110011111100111110011111100110000011000000110000011000000
Found cached RTLIL representation for module `$paramod$56887f0f5cf82d055e02966d1bd52eb3edcc0195\GTP_LUT6'.
Parameter \INIT = 64'1100111110011111100111110011111100110000011000000110000011000000
Found cached RTLIL representation for module `$paramod$56887f0f5cf82d055e02966d1bd52eb3edcc0195\GTP_LUT6'.
Parameter \INIT = 64'0000000000010000001100000111000000010000001100000111000011110000
Found cached RTLIL representation for module `$paramod$0c75d9771d8390715aca7af4db20ea1c312fb822\GTP_LUT6'.
Parameter \INIT = 64'1110111011101111110011001100111010001000100011000000000000001000
Found cached RTLIL representation for module `$paramod$ba5b7173d63688aef01bb71a72821be0a07f9a87\GTP_LUT6'.
Parameter \INIT = 64'0000000000010000001100000111000000010000001100000111000011110000
Found cached RTLIL representation for module `$paramod$0c75d9771d8390715aca7af4db20ea1c312fb822\GTP_LUT6'.
Parameter \INIT = 32'11111010111110100101000011011000
Found cached RTLIL representation for module `$paramod\GTP_LUT5\INIT=32'11111010111110100101000011011000'.
Parameter \INIT = 64'1110111011101111110011001100111010001000100011000000000000001000
Found cached RTLIL representation for module `$paramod$ba5b7173d63688aef01bb71a72821be0a07f9a87\GTP_LUT6'.
Parameter \INIT = 64'0000000000010000001100000111000000010000001100000111000011110000
Found cached RTLIL representation for module `$paramod$0c75d9771d8390715aca7af4db20ea1c312fb822\GTP_LUT6'.
Parameter \INIT = 32'11111110110010001110110010000000
Found cached RTLIL representation for module `$paramod\GTP_LUT5\INIT=32'11111110110010001110110010000000'.
Parameter \INIT = 64'1100111110011111001100000110000010011111001111110110000011000000
Found cached RTLIL representation for module `$paramod$951d9341ccd051e40ea46f5cef9c619fbabbc7fe\GTP_LUT6'.
Parameter \INIT = 64'0000000000010000001100000111000000010000001100000111000011110000
Found cached RTLIL representation for module `$paramod$0c75d9771d8390715aca7af4db20ea1c312fb822\GTP_LUT6'.
Parameter \INIT = 16'1011011101001000
Found cached RTLIL representation for module `$paramod\GTP_LUT4\INIT=16'1011011101001000'.
Parameter \INIT = 8'01110010
Found cached RTLIL representation for module `$paramod\GTP_LUT3\INIT=8'01110010'.
Parameter \INIT = 64'1100111110011111001100000110000010011111001111110110000011000000
Found cached RTLIL representation for module `$paramod$951d9341ccd051e40ea46f5cef9c619fbabbc7fe\GTP_LUT6'.
Parameter \INIT = 64'1100111110011111001100000110000010011111001111110110000011000000
Found cached RTLIL representation for module `$paramod$951d9341ccd051e40ea46f5cef9c619fbabbc7fe\GTP_LUT6'.
Parameter \INIT = 64'1110111011101111110011001100111010001000100011000000000000001000
Found cached RTLIL representation for module `$paramod$ba5b7173d63688aef01bb71a72821be0a07f9a87\GTP_LUT6'.
Parameter \INIT = 64'1110111011101111110011001100111010001000100011000000000000001000
Found cached RTLIL representation for module `$paramod$ba5b7173d63688aef01bb71a72821be0a07f9a87\GTP_LUT6'.
Parameter \INIT = 64'0000000000010000001100000111000000010000001100000111000011110000
Found cached RTLIL representation for module `$paramod$0c75d9771d8390715aca7af4db20ea1c312fb822\GTP_LUT6'.
Parameter \INIT = 32'11111111110011001011001101000000

3.138. Executing AST frontend in derive mode using pre-parsed AST for module `\GTP_LUT5'.
Parameter \INIT = 32'11111111110011001011001101000000
Generating RTLIL representation for module `$paramod\GTP_LUT5\INIT=32'11111111110011001011001101000000'.
Parameter \INIT = 64'1110111011101111110011001100111010001000100011000000000000001000
Found cached RTLIL representation for module `$paramod$ba5b7173d63688aef01bb71a72821be0a07f9a87\GTP_LUT6'.
Parameter \INIT = 64'1100111110011111001100000110000010011111001111110110000011000000
Found cached RTLIL representation for module `$paramod$951d9341ccd051e40ea46f5cef9c619fbabbc7fe\GTP_LUT6'.
Parameter \INIT = 64'1100111110011111001100000110000010011111001111110110000011000000
Found cached RTLIL representation for module `$paramod$951d9341ccd051e40ea46f5cef9c619fbabbc7fe\GTP_LUT6'.
Parameter \INIT = 64'1100111110011111100111110011111100110000011000000110000011000000
Found cached RTLIL representation for module `$paramod$56887f0f5cf82d055e02966d1bd52eb3edcc0195\GTP_LUT6'.
Parameter \INIT = 64'0000000000000000000000000000000010001000100011101111111111111111
Found cached RTLIL representation for module `$paramod$c103504dff926e66c59921f10489f9ae5d25b733\GTP_LUT6'.
Parameter \INIT = 64'0000000000010000001100000111000000010000001100000111000011110000
Found cached RTLIL representation for module `$paramod$0c75d9771d8390715aca7af4db20ea1c312fb822\GTP_LUT6'.
Parameter \INIT = 64'0000000000010000001100000111000000010000001100000111000011110000
Found cached RTLIL representation for module `$paramod$0c75d9771d8390715aca7af4db20ea1c312fb822\GTP_LUT6'.
Parameter \INIT = 64'1100111110011111001100000110000010011111001111110110000011000000
Found cached RTLIL representation for module `$paramod$951d9341ccd051e40ea46f5cef9c619fbabbc7fe\GTP_LUT6'.
Parameter \INIT = 64'1010100010100000101010001010000010101000101010001010100010100000
Found cached RTLIL representation for module `$paramod$05bf28522bbfbd204985901a35739be4c355ccc5\GTP_LUT6'.
Parameter \INIT = 64'0000000000010000001100000111000000010000001100000111000011110000
Found cached RTLIL representation for module `$paramod$0c75d9771d8390715aca7af4db20ea1c312fb822\GTP_LUT6'.
Parameter \INIT = 64'0000111100011110001111000111100000011110001111000111100011110000
Found cached RTLIL representation for module `$paramod$f15b9bf9cb8861ef7216179fbd2df4c7c6441f64\GTP_LUT6'.
Parameter \INIT = 64'1010000010100000101000001011001010110010101100101011001010110010

3.139. Executing AST frontend in derive mode using pre-parsed AST for module `\GTP_LUT6'.
Parameter \INIT = 64'1010000010100000101000001011001010110010101100101011001010110010
Generating RTLIL representation for module `$paramod$b1fb4677aea079d4c03eebaa7bc1f97787dfc032\GTP_LUT6'.
Parameter \INIT = 64'0000000000010000001100000111000000010000001100000111000011110000
Found cached RTLIL representation for module `$paramod$0c75d9771d8390715aca7af4db20ea1c312fb822\GTP_LUT6'.
Parameter \INIT = 16'1011011101001000
Found cached RTLIL representation for module `$paramod\GTP_LUT4\INIT=16'1011011101001000'.
Parameter \INIT = 64'1110111011101111110011001100111010001000100011000000000000001000
Found cached RTLIL representation for module `$paramod$ba5b7173d63688aef01bb71a72821be0a07f9a87\GTP_LUT6'.
Parameter \INIT = 16'1011011101001000
Found cached RTLIL representation for module `$paramod\GTP_LUT4\INIT=16'1011011101001000'.
Parameter \INIT = 64'1100111110011111001100000110000010011111001111110110000011000000
Found cached RTLIL representation for module `$paramod$951d9341ccd051e40ea46f5cef9c619fbabbc7fe\GTP_LUT6'.
Parameter \INIT = 16'1011010001111000
Found cached RTLIL representation for module `$paramod\GTP_LUT4\INIT=16'1011010001111000'.
Parameter \INIT = 64'1100111110011111100111110011111100110000011000000110000011000000
Found cached RTLIL representation for module `$paramod$56887f0f5cf82d055e02966d1bd52eb3edcc0195\GTP_LUT6'.
Parameter \INIT = 64'0000000000010000001100000111000000010000001100000111000011110000
Found cached RTLIL representation for module `$paramod$0c75d9771d8390715aca7af4db20ea1c312fb822\GTP_LUT6'.
Parameter \INIT = 32'11111110110010001110110010000000
Found cached RTLIL representation for module `$paramod\GTP_LUT5\INIT=32'11111110110010001110110010000000'.
Parameter \INIT = 64'1001100110010101100110011001010110011001100101011001010110010101
Found cached RTLIL representation for module `$paramod$07860755a17736dd23243d1cf61e0b72a7347191\GTP_LUT6'.
Parameter \INIT = 64'0000000000010000001100000111000000010000001100000111000011110000
Found cached RTLIL representation for module `$paramod$0c75d9771d8390715aca7af4db20ea1c312fb822\GTP_LUT6'.
Parameter \INIT = 64'1100111110011111100111110011111100110000011000000110000011000000
Found cached RTLIL representation for module `$paramod$56887f0f5cf82d055e02966d1bd52eb3edcc0195\GTP_LUT6'.
Parameter \INIT = 16'1011010001111000
Found cached RTLIL representation for module `$paramod\GTP_LUT4\INIT=16'1011010001111000'.
Parameter \INIT = 64'1100111110011111100111110011111100110000011000000110000011000000
Found cached RTLIL representation for module `$paramod$56887f0f5cf82d055e02966d1bd52eb3edcc0195\GTP_LUT6'.
Parameter \INIT = 64'1100111110011111100111110011111100110000011000000110000011000000
Found cached RTLIL representation for module `$paramod$56887f0f5cf82d055e02966d1bd52eb3edcc0195\GTP_LUT6'.
Parameter \INIT = 16'1011010001111000
Found cached RTLIL representation for module `$paramod\GTP_LUT4\INIT=16'1011010001111000'.
Parameter \INIT = 64'1110111011101111110011001100111010001000100011000000000000001000
Found cached RTLIL representation for module `$paramod$ba5b7173d63688aef01bb71a72821be0a07f9a87\GTP_LUT6'.
Parameter \INIT = 64'1110111011101111110011001100111010001000100011000000000000001000
Found cached RTLIL representation for module `$paramod$ba5b7173d63688aef01bb71a72821be0a07f9a87\GTP_LUT6'.
Parameter \INIT = 32'11111110110010001110110010000000
Found cached RTLIL representation for module `$paramod\GTP_LUT5\INIT=32'11111110110010001110110010000000'.
Parameter \INIT = 16'1011011101001000
Found cached RTLIL representation for module `$paramod\GTP_LUT4\INIT=16'1011011101001000'.
Parameter \INIT = 64'1110111011101111110011001100111010001000100011000000000000001000
Found cached RTLIL representation for module `$paramod$ba5b7173d63688aef01bb71a72821be0a07f9a87\GTP_LUT6'.
Parameter \INIT = 64'1110111011101111110011001100111010001000100011000000000000001000
Found cached RTLIL representation for module `$paramod$ba5b7173d63688aef01bb71a72821be0a07f9a87\GTP_LUT6'.
Parameter \INIT = 16'1011011101001000
Found cached RTLIL representation for module `$paramod\GTP_LUT4\INIT=16'1011011101001000'.
Parameter \INIT = 64'1100111110011111001100000110000010011111001111110110000011000000
Found cached RTLIL representation for module `$paramod$951d9341ccd051e40ea46f5cef9c619fbabbc7fe\GTP_LUT6'.
Parameter \INIT = 2004584580
Found cached RTLIL representation for module `$paramod\GTP_LUT5\INIT=32'01110111011110111000100010000100'.
Parameter \INIT = 64'1100111110011111100111110011111100110000011000000110000011000000
Found cached RTLIL representation for module `$paramod$56887f0f5cf82d055e02966d1bd52eb3edcc0195\GTP_LUT6'.
Parameter \INIT = 32'11111110110010001110110010000000
Found cached RTLIL representation for module `$paramod\GTP_LUT5\INIT=32'11111110110010001110110010000000'.
Parameter \INIT = 64'0000000000010000001100000111000000010000001100000111000011110000
Found cached RTLIL representation for module `$paramod$0c75d9771d8390715aca7af4db20ea1c312fb822\GTP_LUT6'.
Parameter \INIT = 64'0010000000100010001000000010001000100000001000100000000000100010

3.140. Executing AST frontend in derive mode using pre-parsed AST for module `\GTP_LUT6'.
Parameter \INIT = 64'0010000000100010001000000010001000100000001000100000000000100010
Generating RTLIL representation for module `$paramod$2f958ce0214b28f5901173f5fc8c66b503d9e587\GTP_LUT6'.
Parameter \INIT = 64'0000000000010000001100000111000000010000001100000111000011110000
Found cached RTLIL representation for module `$paramod$0c75d9771d8390715aca7af4db20ea1c312fb822\GTP_LUT6'.
Parameter \INIT = 61943
Found cached RTLIL representation for module `$paramod\GTP_LUT5\INIT=32'00000000000000001111000111110111'.
Parameter \INIT = 64'1110111011101111110011001100111010001000100011000000000000001000
Found cached RTLIL representation for module `$paramod$ba5b7173d63688aef01bb71a72821be0a07f9a87\GTP_LUT6'.
Parameter \INIT = 64'1100111110011111100111110011111100110000011000000110000011000000
Found cached RTLIL representation for module `$paramod$56887f0f5cf82d055e02966d1bd52eb3edcc0195\GTP_LUT6'.
Parameter \INIT = 64'1110111011101111110011001100111010001000100011000000000000001000
Found cached RTLIL representation for module `$paramod$ba5b7173d63688aef01bb71a72821be0a07f9a87\GTP_LUT6'.
Parameter \INIT = 16'1011011101001000
Found cached RTLIL representation for module `$paramod\GTP_LUT4\INIT=16'1011011101001000'.
Parameter \INIT = 64'1100111110011111001100000110000010011111001111110110000011000000
Found cached RTLIL representation for module `$paramod$951d9341ccd051e40ea46f5cef9c619fbabbc7fe\GTP_LUT6'.
Parameter \INIT = 64'0000000000010000001100000111000000010000001100000111000011110000
Found cached RTLIL representation for module `$paramod$0c75d9771d8390715aca7af4db20ea1c312fb822\GTP_LUT6'.
Parameter \INIT = 2004584580
Found cached RTLIL representation for module `$paramod\GTP_LUT5\INIT=32'01110111011110111000100010000100'.
Parameter \INIT = 64'1100111110011111001100000110000010011111001111110110000011000000
Found cached RTLIL representation for module `$paramod$951d9341ccd051e40ea46f5cef9c619fbabbc7fe\GTP_LUT6'.
Parameter \INIT = 64'1110111011101111110011001100111010001000100011000000000000001000
Found cached RTLIL representation for module `$paramod$ba5b7173d63688aef01bb71a72821be0a07f9a87\GTP_LUT6'.
Parameter \INIT = 64'1100111110011111100111110011111100110000011000000110000011000000
Found cached RTLIL representation for module `$paramod$56887f0f5cf82d055e02966d1bd52eb3edcc0195\GTP_LUT6'.
Parameter \INIT = 16'0000000101010101

3.141. Executing AST frontend in derive mode using pre-parsed AST for module `\GTP_LUT4'.
Parameter \INIT = 16'0000000101010101
Generating RTLIL representation for module `$paramod\GTP_LUT4\INIT=16'0000000101010101'.
Parameter \INIT = 16'1011010001111000
Found cached RTLIL representation for module `$paramod\GTP_LUT4\INIT=16'1011010001111000'.
Parameter \INIT = 64'0000000000010000001100000111000000010000001100000111000011110000
Found cached RTLIL representation for module `$paramod$0c75d9771d8390715aca7af4db20ea1c312fb822\GTP_LUT6'.
Parameter \INIT = 16'1011011101001000
Found cached RTLIL representation for module `$paramod\GTP_LUT4\INIT=16'1011011101001000'.
Parameter \INIT = 64'1110111011101111110011001100111010001000100011000000000000001000
Found cached RTLIL representation for module `$paramod$ba5b7173d63688aef01bb71a72821be0a07f9a87\GTP_LUT6'.
Parameter \INIT = 2004584580
Found cached RTLIL representation for module `$paramod\GTP_LUT5\INIT=32'01110111011110111000100010000100'.
Parameter \INIT = 64'1100111110011111001100000110000010011111001111110110000011000000
Found cached RTLIL representation for module `$paramod$951d9341ccd051e40ea46f5cef9c619fbabbc7fe\GTP_LUT6'.
Parameter \INIT = 64'0000000000010000001100000111000000010000001100000111000011110000
Found cached RTLIL representation for module `$paramod$0c75d9771d8390715aca7af4db20ea1c312fb822\GTP_LUT6'.
Parameter \INIT = 64'1100111110011111100111110011111100110000011000000110000011000000
Found cached RTLIL representation for module `$paramod$56887f0f5cf82d055e02966d1bd52eb3edcc0195\GTP_LUT6'.
Parameter \INIT = 64'1110111011101111110011001100111010001000100011000000000000001000
Found cached RTLIL representation for module `$paramod$ba5b7173d63688aef01bb71a72821be0a07f9a87\GTP_LUT6'.
Parameter \INIT = 64'0000000000010000001100000111000000010000001100000111000011110000
Found cached RTLIL representation for module `$paramod$0c75d9771d8390715aca7af4db20ea1c312fb822\GTP_LUT6'.
Parameter \INIT = 16'1011011101001000
Found cached RTLIL representation for module `$paramod\GTP_LUT4\INIT=16'1011011101001000'.
Parameter \INIT = 16'1011011101001000
Found cached RTLIL representation for module `$paramod\GTP_LUT4\INIT=16'1011011101001000'.
Parameter \INIT = 8'01110010
Found cached RTLIL representation for module `$paramod\GTP_LUT3\INIT=8'01110010'.
Parameter \INIT = 64'1100111110011111100111110011111100110000011000000110000011000000
Found cached RTLIL representation for module `$paramod$56887f0f5cf82d055e02966d1bd52eb3edcc0195\GTP_LUT6'.
Parameter \INIT = 64'1110111011101111110011001100111010001000100011000000000000001000
Found cached RTLIL representation for module `$paramod$ba5b7173d63688aef01bb71a72821be0a07f9a87\GTP_LUT6'.
Parameter \INIT = 64'1110111011101111110011001100111010001000100011000000000000001000
Found cached RTLIL representation for module `$paramod$ba5b7173d63688aef01bb71a72821be0a07f9a87\GTP_LUT6'.
Parameter \INIT = 16'1011011101001000
Found cached RTLIL representation for module `$paramod\GTP_LUT4\INIT=16'1011011101001000'.
Parameter \INIT = 16'1011011101001000
Found cached RTLIL representation for module `$paramod\GTP_LUT4\INIT=16'1011011101001000'.
Parameter \INIT = 16'1011011101001000
Found cached RTLIL representation for module `$paramod\GTP_LUT4\INIT=16'1011011101001000'.
Parameter \INIT = 64'1100111110011111100111110011111100110000011000000110000011000000
Found cached RTLIL representation for module `$paramod$56887f0f5cf82d055e02966d1bd52eb3edcc0195\GTP_LUT6'.
Parameter \INIT = 16'1011011101001000
Found cached RTLIL representation for module `$paramod\GTP_LUT4\INIT=16'1011011101001000'.
Parameter \INIT = 64'1100111110011111001100000110000010011111001111110110000011000000
Found cached RTLIL representation for module `$paramod$951d9341ccd051e40ea46f5cef9c619fbabbc7fe\GTP_LUT6'.
Parameter \INIT = 16'1011011101001000
Found cached RTLIL representation for module `$paramod\GTP_LUT4\INIT=16'1011011101001000'.
Parameter \INIT = 16'1011011101001000
Found cached RTLIL representation for module `$paramod\GTP_LUT4\INIT=16'1011011101001000'.
Parameter \INIT = 64'0100110001001100010011000100110000000100000001000100110000000100
Found cached RTLIL representation for module `$paramod$6788864a5ba2f165a6c227010cdf709df1c0e01d\GTP_LUT6'.
Parameter \INIT = 8'01110010
Found cached RTLIL representation for module `$paramod\GTP_LUT3\INIT=8'01110010'.
Parameter \INIT = 64'1000100010001100000000000000100011101110111011111100110011001110
Found cached RTLIL representation for module `$paramod$a118d3480dbade809b76bf838f3c3004c354f711\GTP_LUT6'.
Parameter \INIT = 64'1100111110011111001100000110000010011111001111110110000011000000
Found cached RTLIL representation for module `$paramod$951d9341ccd051e40ea46f5cef9c619fbabbc7fe\GTP_LUT6'.
Parameter \INIT = 16'1011011101001000
Found cached RTLIL representation for module `$paramod\GTP_LUT4\INIT=16'1011011101001000'.
Parameter \INIT = 16'1011010001111000
Found cached RTLIL representation for module `$paramod\GTP_LUT4\INIT=16'1011010001111000'.
Parameter \INIT = 61943
Found cached RTLIL representation for module `$paramod\GTP_LUT5\INIT=32'00000000000000001111000111110111'.
Parameter \INIT = 16'1011011101001000
Found cached RTLIL representation for module `$paramod\GTP_LUT4\INIT=16'1011011101001000'.
Parameter \INIT = 64'1100111110011111001100000110000010011111001111110110000011000000
Found cached RTLIL representation for module `$paramod$951d9341ccd051e40ea46f5cef9c619fbabbc7fe\GTP_LUT6'.
Parameter \INIT = 64'1100111110011111001100000110000010011111001111110110000011000000
Found cached RTLIL representation for module `$paramod$951d9341ccd051e40ea46f5cef9c619fbabbc7fe\GTP_LUT6'.
Parameter \INIT = 2021161140

3.142. Executing AST frontend in derive mode using pre-parsed AST for module `\GTP_LUT5'.
Parameter \INIT = 2021161140
Generating RTLIL representation for module `$paramod\GTP_LUT5\INIT=32'01111000011110000111100010110100'.
Parameter \INIT = 16'1011011101001000
Found cached RTLIL representation for module `$paramod\GTP_LUT4\INIT=16'1011011101001000'.
Parameter \INIT = 16'1011011101001000
Found cached RTLIL representation for module `$paramod\GTP_LUT4\INIT=16'1011011101001000'.
Parameter \INIT = 64'1100111110011111001100000110000010011111001111110110000011000000
Found cached RTLIL representation for module `$paramod$951d9341ccd051e40ea46f5cef9c619fbabbc7fe\GTP_LUT6'.
Parameter \INIT = 64'1110111011101111110011001100111010001000100011000000000000001000
Found cached RTLIL representation for module `$paramod$ba5b7173d63688aef01bb71a72821be0a07f9a87\GTP_LUT6'.
Parameter \INIT = 64'1100111110011111001100000110000010011111001111110110000011000000
Found cached RTLIL representation for module `$paramod$951d9341ccd051e40ea46f5cef9c619fbabbc7fe\GTP_LUT6'.
Parameter \INIT = 64'1110111011101111110011001100111010001000100011000000000000001000
Found cached RTLIL representation for module `$paramod$ba5b7173d63688aef01bb71a72821be0a07f9a87\GTP_LUT6'.
Parameter \INIT = 64'0011011100000100111110111100100001111111010011001011001110000000
Found cached RTLIL representation for module `$paramod$6c94083ddc07122c1401e63ff0ad5cfb427d062f\GTP_LUT6'.
Parameter \INIT = 64'1100111110011111100111110011111100110000011000000110000011000000
Found cached RTLIL representation for module `$paramod$56887f0f5cf82d055e02966d1bd52eb3edcc0195\GTP_LUT6'.
Parameter \INIT = 64'1110111011101111110011001100111010001000100011000000000000001000
Found cached RTLIL representation for module `$paramod$ba5b7173d63688aef01bb71a72821be0a07f9a87\GTP_LUT6'.
Parameter \INIT = 64'1100111110011111001100000110000010011111001111110110000011000000
Found cached RTLIL representation for module `$paramod$951d9341ccd051e40ea46f5cef9c619fbabbc7fe\GTP_LUT6'.
Parameter \INIT = 64'0000000000010000001100000111000000010000001100000111000011110000
Found cached RTLIL representation for module `$paramod$0c75d9771d8390715aca7af4db20ea1c312fb822\GTP_LUT6'.
Parameter \INIT = 16'1011011101001000
Found cached RTLIL representation for module `$paramod\GTP_LUT4\INIT=16'1011011101001000'.
Parameter \INIT = 64'0000000000010000001100000111000000010000001100000111000011110000
Found cached RTLIL representation for module `$paramod$0c75d9771d8390715aca7af4db20ea1c312fb822\GTP_LUT6'.
Parameter \INIT = 2004584580
Found cached RTLIL representation for module `$paramod\GTP_LUT5\INIT=32'01110111011110111000100010000100'.
Parameter \INIT = 16'1011011101001000
Found cached RTLIL representation for module `$paramod\GTP_LUT4\INIT=16'1011011101001000'.
Parameter \INIT = 16'1011011101001000
Found cached RTLIL representation for module `$paramod\GTP_LUT4\INIT=16'1011011101001000'.
Parameter \INIT = 16'1011010001111000
Found cached RTLIL representation for module `$paramod\GTP_LUT4\INIT=16'1011010001111000'.
Parameter \INIT = 16'1011010001111000
Found cached RTLIL representation for module `$paramod\GTP_LUT4\INIT=16'1011010001111000'.
Parameter \INIT = 16'1011010001111000
Found cached RTLIL representation for module `$paramod\GTP_LUT4\INIT=16'1011010001111000'.
Parameter \INIT = 16'1011010001111000
Found cached RTLIL representation for module `$paramod\GTP_LUT4\INIT=16'1011010001111000'.
Parameter \INIT = 64'1010101010100010101010101010001010100010101000101010101010100010

3.143. Executing AST frontend in derive mode using pre-parsed AST for module `\GTP_LUT6'.
Parameter \INIT = 64'1010101010100010101010101010001010100010101000101010101010100010
Generating RTLIL representation for module `$paramod$424d2f8f1ee0b36a9f3af771bdb6a9d93b5c1c55\GTP_LUT6'.
Parameter \INIT = 64'0001000000000000011100000011000000110000000100001111000001110000
Found cached RTLIL representation for module `$paramod$bfde43f9375641a8be061bcf417c25d0e8103358\GTP_LUT6'.
Parameter \INIT = 64'1100111110011111001100000110000010011111001111110110000011000000
Found cached RTLIL representation for module `$paramod$951d9341ccd051e40ea46f5cef9c619fbabbc7fe\GTP_LUT6'.
Parameter \INIT = 16'1011011101001000
Found cached RTLIL representation for module `$paramod\GTP_LUT4\INIT=16'1011011101001000'.
Parameter \INIT = 64'0000010001001100000001000100110011111111111111110000010001001100

3.144. Executing AST frontend in derive mode using pre-parsed AST for module `\GTP_LUT6'.
Parameter \INIT = 64'0000010001001100000001000100110011111111111111110000010001001100
Generating RTLIL representation for module `$paramod$3e2db026235381543a840dcfa5b2c53cbd48cb47\GTP_LUT6'.
Parameter \INIT = 64'0111100001111000011110000111100010110100101101000111100010110100

3.145. Executing AST frontend in derive mode using pre-parsed AST for module `\GTP_LUT6'.
Parameter \INIT = 64'0111100001111000011110000111100010110100101101000111100010110100
Generating RTLIL representation for module `$paramod$b38e8ed8580593830ba5c5520eac2b6518fe48a2\GTP_LUT6'.
Parameter \INIT = 16'1011011101001000
Found cached RTLIL representation for module `$paramod\GTP_LUT4\INIT=16'1011011101001000'.
Parameter \INIT = 16'1011011101001000
Found cached RTLIL representation for module `$paramod\GTP_LUT4\INIT=16'1011011101001000'.
Parameter \INIT = 16'1011010001111000
Found cached RTLIL representation for module `$paramod\GTP_LUT4\INIT=16'1011010001111000'.
Parameter \INIT = 16'1011010001111000
Found cached RTLIL representation for module `$paramod\GTP_LUT4\INIT=16'1011010001111000'.
Parameter \INIT = 16'1011011101001000
Found cached RTLIL representation for module `$paramod\GTP_LUT4\INIT=16'1011011101001000'.
Parameter \INIT = 64'1111111111110100111111110100000011110100000000000100000000000000
Found cached RTLIL representation for module `$paramod$e7416ded73550b1fbfd92c093bfbda4c30ad2c1d\GTP_LUT6'.
Parameter \INIT = 16'1011011101001000
Found cached RTLIL representation for module `$paramod\GTP_LUT4\INIT=16'1011011101001000'.
Parameter \INIT = 64'1110111011101111110011001100111010001000100011000000000000001000
Found cached RTLIL representation for module `$paramod$ba5b7173d63688aef01bb71a72821be0a07f9a87\GTP_LUT6'.
Parameter \INIT = 64'1100111110011111001100000110000010011111001111110110000011000000
Found cached RTLIL representation for module `$paramod$951d9341ccd051e40ea46f5cef9c619fbabbc7fe\GTP_LUT6'.
Parameter \INIT = 2021161140
Found cached RTLIL representation for module `$paramod\GTP_LUT5\INIT=32'01111000011110000111100010110100'.
Parameter \INIT = 64'1100111110011111100111110011111100110000011000000110000011000000
Found cached RTLIL representation for module `$paramod$56887f0f5cf82d055e02966d1bd52eb3edcc0195\GTP_LUT6'.
Parameter \INIT = 64'0000000000010000001100000111000000010000001100000111000011110000
Found cached RTLIL representation for module `$paramod$0c75d9771d8390715aca7af4db20ea1c312fb822\GTP_LUT6'.
Parameter \INIT = 64'1100111110011111100111110011111100110000011000000110000011000000
Found cached RTLIL representation for module `$paramod$56887f0f5cf82d055e02966d1bd52eb3edcc0195\GTP_LUT6'.
Parameter \INIT = 64'1100111100110000100111110110000010011111011000000011111111000000
Found cached RTLIL representation for module `$paramod$b52a007edf2fe88b13dd6c5b929b773b8f5b4e73\GTP_LUT6'.
Parameter \INIT = 16'1011010001111000
Found cached RTLIL representation for module `$paramod\GTP_LUT4\INIT=16'1011010001111000'.
Parameter \INIT = 16'1011010001111000
Found cached RTLIL representation for module `$paramod\GTP_LUT4\INIT=16'1011010001111000'.
Parameter \INIT = 64'1110111011101111110011001100111010001000100011000000000000001000
Found cached RTLIL representation for module `$paramod$ba5b7173d63688aef01bb71a72821be0a07f9a87\GTP_LUT6'.
Parameter \INIT = 16'1011010001111000
Found cached RTLIL representation for module `$paramod\GTP_LUT4\INIT=16'1011010001111000'.
Parameter \INIT = 32'10001000100010001110111010001110

3.146. Executing AST frontend in derive mode using pre-parsed AST for module `\GTP_LUT5'.
Parameter \INIT = 32'10001000100010001110111010001110
Generating RTLIL representation for module `$paramod\GTP_LUT5\INIT=32'10001000100010001110111010001110'.
Parameter \INIT = 64'1100111110011111001100000110000010011111001111110110000011000000
Found cached RTLIL representation for module `$paramod$951d9341ccd051e40ea46f5cef9c619fbabbc7fe\GTP_LUT6'.
Parameter \INIT = 16'1011011101001000
Found cached RTLIL representation for module `$paramod\GTP_LUT4\INIT=16'1011011101001000'.
Parameter \INIT = 64'1100111110011111100111110011111100110000011000000110000011000000
Found cached RTLIL representation for module `$paramod$56887f0f5cf82d055e02966d1bd52eb3edcc0195\GTP_LUT6'.
Parameter \INIT = 64'1100111110011111100111110011111100110000011000000110000011000000
Found cached RTLIL representation for module `$paramod$56887f0f5cf82d055e02966d1bd52eb3edcc0195\GTP_LUT6'.
Parameter \INIT = 64'0111011101110111000101110001000100000000000000000000000000000000
Found cached RTLIL representation for module `$paramod$2d2b969be87441559eb459c999b8c8149bfe3c61\GTP_LUT6'.
Parameter \INIT = 252668175

3.147. Executing AST frontend in derive mode using pre-parsed AST for module `\GTP_LUT5'.
Parameter \INIT = 252668175
Generating RTLIL representation for module `$paramod\GTP_LUT5\INIT=32'00001111000011110110100100001111'.
Parameter \INIT = 16'1011010001111000
Found cached RTLIL representation for module `$paramod\GTP_LUT4\INIT=16'1011010001111000'.
Parameter \INIT = 64'0000000000010000001100000111000000010000001100000111000011110000
Found cached RTLIL representation for module `$paramod$0c75d9771d8390715aca7af4db20ea1c312fb822\GTP_LUT6'.
Parameter \INIT = 64'1101111101000000111111110101000001010011000000000111001100010000
Found cached RTLIL representation for module `$paramod$be96578f7bb2910608aeb462f0a29246a35a6677\GTP_LUT6'.
Parameter \INIT = 64'0000000000010000000100000011000000110011001100110011001100110011

3.148. Executing AST frontend in derive mode using pre-parsed AST for module `\GTP_LUT6'.
Parameter \INIT = 64'0000000000010000000100000011000000110011001100110011001100110011
Generating RTLIL representation for module `$paramod$47129716f55bca087ad4ae2bfb763c97f945d2d8\GTP_LUT6'.
Parameter \INIT = 16'1011011101001000
Found cached RTLIL representation for module `$paramod\GTP_LUT4\INIT=16'1011011101001000'.
Parameter \INIT = 16'1011011101001000
Found cached RTLIL representation for module `$paramod\GTP_LUT4\INIT=16'1011011101001000'.
Parameter \INIT = 825242417

3.149. Executing AST frontend in derive mode using pre-parsed AST for module `\GTP_LUT5'.
Parameter \INIT = 825242417
Generating RTLIL representation for module `$paramod\GTP_LUT5\INIT=32'00110001001100000011001100110001'.
Parameter \INIT = 64'0001000000110000000000000001000001110000111100000011000001110000
Found cached RTLIL representation for module `$paramod$704f8042eefb99c5e76c6f22d96562ed7be56313\GTP_LUT6'.
Parameter \INIT = 32'11111010111110100101000011011000
Found cached RTLIL representation for module `$paramod\GTP_LUT5\INIT=32'11111010111110100101000011011000'.
Parameter \INIT = 64'1100111110011111001100000110000010011111001111110110000011000000
Found cached RTLIL representation for module `$paramod$951d9341ccd051e40ea46f5cef9c619fbabbc7fe\GTP_LUT6'.
Parameter \INIT = 64'1100111110011111100111110011111100110000011000000110000011000000
Found cached RTLIL representation for module `$paramod$56887f0f5cf82d055e02966d1bd52eb3edcc0195\GTP_LUT6'.
Parameter \INIT = 64'0101010110010101010101011001010110010101100101010101010110010101
Found cached RTLIL representation for module `$paramod$12a4f35fd903bf646a3e593c2869a3c6a562316c\GTP_LUT6'.
Parameter \INIT = 64'1100111110011111001100000110000010011111001111110110000011000000
Found cached RTLIL representation for module `$paramod$951d9341ccd051e40ea46f5cef9c619fbabbc7fe\GTP_LUT6'.
Parameter \INIT = 16'1011010001111000
Found cached RTLIL representation for module `$paramod\GTP_LUT4\INIT=16'1011010001111000'.
Parameter \INIT = 16'1011011101001000
Found cached RTLIL representation for module `$paramod\GTP_LUT4\INIT=16'1011011101001000'.
Parameter \INIT = 16'1011011101001000
Found cached RTLIL representation for module `$paramod\GTP_LUT4\INIT=16'1011011101001000'.
Parameter \INIT = 16'1011010001111000
Found cached RTLIL representation for module `$paramod\GTP_LUT4\INIT=16'1011010001111000'.
Parameter \INIT = 64'1100111110011111001100000110000010011111001111110110000011000000
Found cached RTLIL representation for module `$paramod$951d9341ccd051e40ea46f5cef9c619fbabbc7fe\GTP_LUT6'.
Parameter \INIT = 64'1100111110011111001100000110000010011111001111110110000011000000
Found cached RTLIL representation for module `$paramod$951d9341ccd051e40ea46f5cef9c619fbabbc7fe\GTP_LUT6'.
Parameter \INIT = 64'0000110000001100000011000000110000000000000001000000010000001100
Found cached RTLIL representation for module `$paramod$c758c6bfc61f8e37dcd7a7f48e34ad23eb8f6f77\GTP_LUT6'.
Parameter \INIT = 32'10011001100110011001100101011010
Found cached RTLIL representation for module `$paramod\GTP_LUT5\INIT=32'10011001100110011001100101011010'.
Parameter \INIT = 16'1011010001111000
Found cached RTLIL representation for module `$paramod\GTP_LUT4\INIT=16'1011010001111000'.
Parameter \INIT = 16'1011011101001000
Found cached RTLIL representation for module `$paramod\GTP_LUT4\INIT=16'1011011101001000'.
Parameter \INIT = 16'1011011101001000
Found cached RTLIL representation for module `$paramod\GTP_LUT4\INIT=16'1011011101001000'.
Parameter \INIT = 64'1110111011101111110011001100111010001000100011000000000000001000
Found cached RTLIL representation for module `$paramod$ba5b7173d63688aef01bb71a72821be0a07f9a87\GTP_LUT6'.
Parameter \INIT = 64'0000000000010000001100000111000000010000001100000111000011110000
Found cached RTLIL representation for module `$paramod$0c75d9771d8390715aca7af4db20ea1c312fb822\GTP_LUT6'.
Parameter \INIT = 32'11111110110010001110110010000000
Found cached RTLIL representation for module `$paramod\GTP_LUT5\INIT=32'11111110110010001110110010000000'.
Parameter \INIT = 16'1011011101001000
Found cached RTLIL representation for module `$paramod\GTP_LUT4\INIT=16'1011011101001000'.
Parameter \INIT = 16'1011011101001000
Found cached RTLIL representation for module `$paramod\GTP_LUT4\INIT=16'1011011101001000'.
Parameter \INIT = 16'1011010001111000
Found cached RTLIL representation for module `$paramod\GTP_LUT4\INIT=16'1011010001111000'.
Parameter \INIT = 16'1011011101001000
Found cached RTLIL representation for module `$paramod\GTP_LUT4\INIT=16'1011011101001000'.
Parameter \INIT = 16'1011011101001000
Found cached RTLIL representation for module `$paramod\GTP_LUT4\INIT=16'1011011101001000'.
Parameter \INIT = 64'1000100010001100000000000000100011101110111011111100110011001110
Found cached RTLIL representation for module `$paramod$a118d3480dbade809b76bf838f3c3004c354f711\GTP_LUT6'.
Parameter \INIT = 32'11100100111001001110010001001110

3.150. Executing AST frontend in derive mode using pre-parsed AST for module `\GTP_LUT5'.
Parameter \INIT = 32'11100100111001001110010001001110
Generating RTLIL representation for module `$paramod\GTP_LUT5\INIT=32'11100100111001001110010001001110'.
Parameter \INIT = 16'1011011101001000
Found cached RTLIL representation for module `$paramod\GTP_LUT4\INIT=16'1011011101001000'.
Parameter \INIT = 64'0000000000110000000100000111000000010000011100000011000011110000
Found cached RTLIL representation for module `$paramod$41d307e6037aef0f6de8e94c2e50d77d8b6bb709\GTP_LUT6'.
Parameter \INIT = 16'1011011101001000
Found cached RTLIL representation for module `$paramod\GTP_LUT4\INIT=16'1011011101001000'.
Parameter \INIT = 16'1011011101001000
Found cached RTLIL representation for module `$paramod\GTP_LUT4\INIT=16'1011011101001000'.
Parameter \INIT = 16'1011011101001000
Found cached RTLIL representation for module `$paramod\GTP_LUT4\INIT=16'1011011101001000'.
Parameter \INIT = 1515886938

3.151. Executing AST frontend in derive mode using pre-parsed AST for module `\GTP_LUT5'.
Parameter \INIT = 1515886938
Generating RTLIL representation for module `$paramod\GTP_LUT5\INIT=32'01011010010110101001100101011010'.
Parameter \INIT = 16'1011010001111000
Found cached RTLIL representation for module `$paramod\GTP_LUT4\INIT=16'1011010001111000'.
Parameter \INIT = 16'1011010001111000
Found cached RTLIL representation for module `$paramod\GTP_LUT4\INIT=16'1011010001111000'.
Parameter \INIT = 64'0000000000010000001100000111000000010000001100000111000011110000
Found cached RTLIL representation for module `$paramod$0c75d9771d8390715aca7af4db20ea1c312fb822\GTP_LUT6'.
Parameter \INIT = 64'0000000011111111000000001111111110110100010010110000000011111111

3.152. Executing AST frontend in derive mode using pre-parsed AST for module `\GTP_LUT6'.
Parameter \INIT = 64'0000000011111111000000001111111110110100010010110000000011111111
Generating RTLIL representation for module `$paramod$2865b5cc516b09fe35b4c4eafb13abc1dc5cdaab\GTP_LUT6'.
Parameter \INIT = 16'1011010001111000
Found cached RTLIL representation for module `$paramod\GTP_LUT4\INIT=16'1011010001111000'.
Parameter \INIT = 64'0001000000110000000000000001000001110000111100000011000001110000
Found cached RTLIL representation for module `$paramod$704f8042eefb99c5e76c6f22d96562ed7be56313\GTP_LUT6'.
Parameter \INIT = 16'1111110010101000

3.153. Executing AST frontend in derive mode using pre-parsed AST for module `\GTP_LUT4'.
Parameter \INIT = 16'1111110010101000
Generating RTLIL representation for module `$paramod\GTP_LUT4\INIT=16'1111110010101000'.
Parameter \INIT = 16'0100100010110111
Found cached RTLIL representation for module `$paramod\GTP_LUT4\INIT=16'0100100010110111'.
Parameter \INIT = 16'1011011101001000
Found cached RTLIL representation for module `$paramod\GTP_LUT4\INIT=16'1011011101001000'.
Parameter \INIT = 16'1011011101001000
Found cached RTLIL representation for module `$paramod\GTP_LUT4\INIT=16'1011011101001000'.
Parameter \INIT = 16'1011010001111000
Found cached RTLIL representation for module `$paramod\GTP_LUT4\INIT=16'1011010001111000'.
Parameter \INIT = 32'11111110110010001110110010000000
Found cached RTLIL representation for module `$paramod\GTP_LUT5\INIT=32'11111110110010001110110010000000'.
Parameter \INIT = 64'0111001100010000011100110001000011010011010000000111001100010000

3.154. Executing AST frontend in derive mode using pre-parsed AST for module `\GTP_LUT6'.
Parameter \INIT = 64'0111001100010000011100110001000011010011010000000111001100010000
Generating RTLIL representation for module `$paramod$874bc5030e9be49fdd45b9d00944f87dd13d8c67\GTP_LUT6'.
Parameter \INIT = 64'0111001100010000011100110001000011010011010000000111001100010000
Found cached RTLIL representation for module `$paramod$874bc5030e9be49fdd45b9d00944f87dd13d8c67\GTP_LUT6'.
Parameter \INIT = 16'1011011101001000
Found cached RTLIL representation for module `$paramod\GTP_LUT4\INIT=16'1011011101001000'.
Parameter \INIT = 16'0100101110000111
Found cached RTLIL representation for module `$paramod\GTP_LUT4\INIT=16'0100101110000111'.
Parameter \INIT = 16'1011010001111000
Found cached RTLIL representation for module `$paramod\GTP_LUT4\INIT=16'1011010001111000'.
Parameter \INIT = 8'01110010
Found cached RTLIL representation for module `$paramod\GTP_LUT3\INIT=8'01110010'.
Parameter \INIT = 32'10011001010110100101101001011010

3.155. Executing AST frontend in derive mode using pre-parsed AST for module `\GTP_LUT5'.
Parameter \INIT = 32'10011001010110100101101001011010
Generating RTLIL representation for module `$paramod\GTP_LUT5\INIT=32'10011001010110100101101001011010'.
Parameter \INIT = 16'1011011101001000
Found cached RTLIL representation for module `$paramod\GTP_LUT4\INIT=16'1011011101001000'.
Parameter \INIT = 16'1011010001111000
Found cached RTLIL representation for module `$paramod\GTP_LUT4\INIT=16'1011010001111000'.
Parameter \INIT = 16'1011010001111000
Found cached RTLIL representation for module `$paramod\GTP_LUT4\INIT=16'1011010001111000'.
Parameter \INIT = 16'1111110010101000
Found cached RTLIL representation for module `$paramod\GTP_LUT4\INIT=16'1111110010101000'.
Parameter \INIT = 64'0111000011110000001100000111000000010000001100000000000000010000
Found cached RTLIL representation for module `$paramod$a2bc838eb55497e2e16d2aff53382db9fc474773\GTP_LUT6'.
Parameter \INIT = 270737427
Found cached RTLIL representation for module `$paramod\GTP_LUT5\INIT=32'00010000001000110010000000010011'.
Parameter \INIT = 822161922

3.156. Executing AST frontend in derive mode using pre-parsed AST for module `\GTP_LUT5'.
Parameter \INIT = 822161922
Generating RTLIL representation for module `$paramod\GTP_LUT5\INIT=32'00110001000000010011001000000010'.
Parameter \INIT = 64'1001001101101100001111000011110001100011100111001100110011001100
Found cached RTLIL representation for module `$paramod$1774b298c8b4a8467a2e086a655eca9723a36b76\GTP_LUT6'.
Parameter \INIT = 64'0111011101110111000000000000000001010111010101010000000000000000

3.157. Executing AST frontend in derive mode using pre-parsed AST for module `\GTP_LUT6'.
Parameter \INIT = 64'0111011101110111000000000000000001010111010101010000000000000000
Generating RTLIL representation for module `$paramod$f436d6db3d03e7f9df643a0433bf12f0cf64e1aa\GTP_LUT6'.
Parameter \INIT = 64'1001001101101100001111000011110001100011100111001100110011001100
Found cached RTLIL representation for module `$paramod$1774b298c8b4a8467a2e086a655eca9723a36b76\GTP_LUT6'.
Parameter \INIT = 64'1001001101101100001111000011110001100011100111001100110011001100
Found cached RTLIL representation for module `$paramod$1774b298c8b4a8467a2e086a655eca9723a36b76\GTP_LUT6'.
Parameter \INIT = 32'11010011010000000111001100010000
Found cached RTLIL representation for module `$paramod\GTP_LUT5\INIT=32'11010011010000000111001100010000'.
Parameter \INIT = 16'0000010100000001

3.158. Executing AST frontend in derive mode using pre-parsed AST for module `\GTP_LUT4'.
Parameter \INIT = 16'0000010100000001
Generating RTLIL representation for module `$paramod\GTP_LUT4\INIT=16'0000010100000001'.
Parameter \INIT = 32'11010011010000000111001100010000
Found cached RTLIL representation for module `$paramod\GTP_LUT5\INIT=32'11010011010000000111001100010000'.
Parameter \INIT = 2004584580
Found cached RTLIL representation for module `$paramod\GTP_LUT5\INIT=32'01110111011110111000100010000100'.
Parameter \INIT = 64'1110111011101111110011001100111010001000100011000000000000001000
Found cached RTLIL representation for module `$paramod$ba5b7173d63688aef01bb71a72821be0a07f9a87\GTP_LUT6'.
Parameter \INIT = 64'0000000001010000001100000111000001010000111100000111000011110000

3.159. Executing AST frontend in derive mode using pre-parsed AST for module `\GTP_LUT6'.
Parameter \INIT = 64'0000000001010000001100000111000001010000111100000111000011110000
Generating RTLIL representation for module `$paramod$a6caff50665e5fc1707f18f8083d784a5cfc2361\GTP_LUT6'.
Parameter \INIT = 64'0100010100000101010001010000010101000101010001010100010100000101

3.160. Executing AST frontend in derive mode using pre-parsed AST for module `\GTP_LUT6'.
Parameter \INIT = 64'0100010100000101010001010000010101000101010001010100010100000101
Generating RTLIL representation for module `$paramod$af046cc46087bf0b0924fadb497d1e35a60695cd\GTP_LUT6'.
Parameter \INIT = 64'1110111011101111110011001100111010001000100011000000000000001000
Found cached RTLIL representation for module `$paramod$ba5b7173d63688aef01bb71a72821be0a07f9a87\GTP_LUT6'.
Parameter \INIT = 64'1111111111111111000001000100110000000100010011000000010001001100

3.161. Executing AST frontend in derive mode using pre-parsed AST for module `\GTP_LUT6'.
Parameter \INIT = 64'1111111111111111000001000100110000000100010011000000010001001100
Generating RTLIL representation for module `$paramod$cdf1292afeccbd18b37e05ea1a59042b0b9336ab\GTP_LUT6'.
Parameter \INIT = 64'1000100010001100000000000000100011101110111011111100110011001110
Found cached RTLIL representation for module `$paramod$a118d3480dbade809b76bf838f3c3004c354f711\GTP_LUT6'.
Parameter \INIT = 64'1111101011111010111110101111101001010000010100000101000001110010

3.162. Executing AST frontend in derive mode using pre-parsed AST for module `\GTP_LUT6'.
Parameter \INIT = 64'1111101011111010111110101111101001010000010100000101000001110010
Generating RTLIL representation for module `$paramod$61e78ce1860ea3a4ebd61d490c52f3fe996c0831\GTP_LUT6'.
Parameter \INIT = 64'1110111011101111110011001100111010001000100011000000000000001000
Found cached RTLIL representation for module `$paramod$ba5b7173d63688aef01bb71a72821be0a07f9a87\GTP_LUT6'.
Parameter \INIT = 16'1011011101001000
Found cached RTLIL representation for module `$paramod\GTP_LUT4\INIT=16'1011011101001000'.
Parameter \INIT = 64'1110111011101111110011001100111010001000100011000000000000001000
Found cached RTLIL representation for module `$paramod$ba5b7173d63688aef01bb71a72821be0a07f9a87\GTP_LUT6'.
Parameter \INIT = 64'1110111011101111110011001100111010001000100011000000000000001000
Found cached RTLIL representation for module `$paramod$ba5b7173d63688aef01bb71a72821be0a07f9a87\GTP_LUT6'.
Parameter \INIT = 64'1110111011101111110011001100111010001000100011000000000000001000
Found cached RTLIL representation for module `$paramod$ba5b7173d63688aef01bb71a72821be0a07f9a87\GTP_LUT6'.
Parameter \INIT = 64'1110111011101111110011001100111010001000100011000000000000001000
Found cached RTLIL representation for module `$paramod$ba5b7173d63688aef01bb71a72821be0a07f9a87\GTP_LUT6'.
Parameter \INIT = 16'1011011101001000
Found cached RTLIL representation for module `$paramod\GTP_LUT4\INIT=16'1011011101001000'.
Parameter \INIT = 64'1110111011101111110011001100111010001000100011000000000000001000
Found cached RTLIL representation for module `$paramod$ba5b7173d63688aef01bb71a72821be0a07f9a87\GTP_LUT6'.
Parameter \INIT = 64'1110111011101111110011001100111010001000100011000000000000001000
Found cached RTLIL representation for module `$paramod$ba5b7173d63688aef01bb71a72821be0a07f9a87\GTP_LUT6'.
Parameter \INIT = 64'1110111011101111110011001100111010001000100011000000000000001000
Found cached RTLIL representation for module `$paramod$ba5b7173d63688aef01bb71a72821be0a07f9a87\GTP_LUT6'.
Parameter \INIT = 64'1110111011101111110011001100111010001000100011000000000000001000
Found cached RTLIL representation for module `$paramod$ba5b7173d63688aef01bb71a72821be0a07f9a87\GTP_LUT6'.
Parameter \INIT = 64'1110111011101111110011001100111010001000100011000000000000001000
Found cached RTLIL representation for module `$paramod$ba5b7173d63688aef01bb71a72821be0a07f9a87\GTP_LUT6'.
Parameter \INIT = 64'1100111110011111100111110011111100110000011000000110000011000000
Found cached RTLIL representation for module `$paramod$56887f0f5cf82d055e02966d1bd52eb3edcc0195\GTP_LUT6'.
Parameter \INIT = 64'1110111011101111110011001100111010001000100011000000000000001000
Found cached RTLIL representation for module `$paramod$ba5b7173d63688aef01bb71a72821be0a07f9a87\GTP_LUT6'.
Parameter \INIT = 64'1110111011101111110011001100111010001000100011000000000000001000
Found cached RTLIL representation for module `$paramod$ba5b7173d63688aef01bb71a72821be0a07f9a87\GTP_LUT6'.
Parameter \INIT = 64'1110111011101111110011001100111010001000100011000000000000001000
Found cached RTLIL representation for module `$paramod$ba5b7173d63688aef01bb71a72821be0a07f9a87\GTP_LUT6'.
Parameter \INIT = 16'1011011101001000
Found cached RTLIL representation for module `$paramod\GTP_LUT4\INIT=16'1011011101001000'.
Parameter \INIT = 16'1011011101001000
Found cached RTLIL representation for module `$paramod\GTP_LUT4\INIT=16'1011011101001000'.
Parameter \INIT = 64'1110111011101111110011001100111010001000100011000000000000001000
Found cached RTLIL representation for module `$paramod$ba5b7173d63688aef01bb71a72821be0a07f9a87\GTP_LUT6'.
Parameter \INIT = 64'0000000000010000001100000111000000010000001100000111000011110000
Found cached RTLIL representation for module `$paramod$0c75d9771d8390715aca7af4db20ea1c312fb822\GTP_LUT6'.
Parameter \INIT = 16'1011011101001000
Found cached RTLIL representation for module `$paramod\GTP_LUT4\INIT=16'1011011101001000'.
Parameter \INIT = 64'1100111110011111100111110011111100110000011000000110000011000000
Found cached RTLIL representation for module `$paramod$56887f0f5cf82d055e02966d1bd52eb3edcc0195\GTP_LUT6'.
Parameter \INIT = 64'1100110011001100110011001100110000000000010000000100000011000000
Found cached RTLIL representation for module `$paramod$c89604e91de683c14486dd9c1cf554a82342b2d7\GTP_LUT6'.
Parameter \INIT = 32'11111010111110100101000011011000
Found cached RTLIL representation for module `$paramod\GTP_LUT5\INIT=32'11111010111110100101000011011000'.
Parameter \INIT = 64'1110111011101111110011001100111010001000100011000000000000001000
Found cached RTLIL representation for module `$paramod$ba5b7173d63688aef01bb71a72821be0a07f9a87\GTP_LUT6'.
Parameter \INIT = 64'1100110011001100110011001100110000000000010000000100000011000000
Found cached RTLIL representation for module `$paramod$c89604e91de683c14486dd9c1cf554a82342b2d7\GTP_LUT6'.
Parameter \INIT = 64'0011000001110000000000000001000001110000111100000001000000110000
Found cached RTLIL representation for module `$paramod$09259db225d769ce8527a5eada93fb5a1409294b\GTP_LUT6'.
Parameter \INIT = 64'1100111110011111100111110011111100110000011000000110000011000000
Found cached RTLIL representation for module `$paramod$56887f0f5cf82d055e02966d1bd52eb3edcc0195\GTP_LUT6'.
Parameter \INIT = 64'0000000000010000001100000111000000010000001100000111000011110000
Found cached RTLIL representation for module `$paramod$0c75d9771d8390715aca7af4db20ea1c312fb822\GTP_LUT6'.
Parameter \INIT = 64'1100111110011111100111110011111100110000011000000110000011000000
Found cached RTLIL representation for module `$paramod$56887f0f5cf82d055e02966d1bd52eb3edcc0195\GTP_LUT6'.
Parameter \INIT = 64'1101110111011100111111111111110100000000000000000000000000000000

3.163. Executing AST frontend in derive mode using pre-parsed AST for module `\GTP_LUT6'.
Parameter \INIT = 64'1101110111011100111111111111110100000000000000000000000000000000
Generating RTLIL representation for module `$paramod$93a26f0a26dec189488b3872d45eec18d34b8b43\GTP_LUT6'.
Parameter \INIT = 64'1110111011101111110011001100111010001000100011000000000000001000
Found cached RTLIL representation for module `$paramod$ba5b7173d63688aef01bb71a72821be0a07f9a87\GTP_LUT6'.
Parameter \INIT = 64'0000000000010000001100000111000000010000001100000111000011110000
Found cached RTLIL representation for module `$paramod$0c75d9771d8390715aca7af4db20ea1c312fb822\GTP_LUT6'.
Parameter \INIT = 64'0000000000010000001100000111000000010000001100000111000011110000
Found cached RTLIL representation for module `$paramod$0c75d9771d8390715aca7af4db20ea1c312fb822\GTP_LUT6'.
Parameter \INIT = 2004584580
Found cached RTLIL representation for module `$paramod\GTP_LUT5\INIT=32'01110111011110111000100010000100'.
Parameter \INIT = 64'1110111011001100100010000000000011101111110011101000110000001000
Found cached RTLIL representation for module `$paramod$41d159e28863b08419671248d537e89131d10f6a\GTP_LUT6'.
Parameter \INIT = 64'1110111011101111110011001100111010001000100011000000000000001000
Found cached RTLIL representation for module `$paramod$ba5b7173d63688aef01bb71a72821be0a07f9a87\GTP_LUT6'.
Parameter \INIT = 16'1011011101001000
Found cached RTLIL representation for module `$paramod\GTP_LUT4\INIT=16'1011011101001000'.
Parameter \INIT = 16'1011011101001000
Found cached RTLIL representation for module `$paramod\GTP_LUT4\INIT=16'1011011101001000'.
Parameter \INIT = 61943
Found cached RTLIL representation for module `$paramod\GTP_LUT5\INIT=32'00000000000000001111000111110111'.
Parameter \INIT = 64'1110111011101111110011001100111010001000100011000000000000001000
Found cached RTLIL representation for module `$paramod$ba5b7173d63688aef01bb71a72821be0a07f9a87\GTP_LUT6'.
Parameter \INIT = 16'1011011101001000
Found cached RTLIL representation for module `$paramod\GTP_LUT4\INIT=16'1011011101001000'.
Parameter \INIT = 64435
Found cached RTLIL representation for module `$paramod\GTP_LUT5\INIT=32'00000000000000001111101110110011'.
Parameter \INIT = 61943
Found cached RTLIL representation for module `$paramod\GTP_LUT5\INIT=32'00000000000000001111000111110111'.
Parameter \INIT = 64'0000000000010000001100000111000000010000001100000111000011110000
Found cached RTLIL representation for module `$paramod$0c75d9771d8390715aca7af4db20ea1c312fb822\GTP_LUT6'.
Parameter \INIT = 64'0000000000010000001100000111000000010000001100000111000011110000
Found cached RTLIL representation for module `$paramod$0c75d9771d8390715aca7af4db20ea1c312fb822\GTP_LUT6'.
Parameter \INIT = 64'0000000000010000001100000111000000010000001100000111000011110000
Found cached RTLIL representation for module `$paramod$0c75d9771d8390715aca7af4db20ea1c312fb822\GTP_LUT6'.
Parameter \INIT = 64'1110111011101111110011001100111010001000100011000000000000001000
Found cached RTLIL representation for module `$paramod$ba5b7173d63688aef01bb71a72821be0a07f9a87\GTP_LUT6'.
Parameter \INIT = 64'0000000000010000001100000111000000010000001100000111000011110000
Found cached RTLIL representation for module `$paramod$0c75d9771d8390715aca7af4db20ea1c312fb822\GTP_LUT6'.
Parameter \INIT = 64'0000000000010000001100000111000000010000001100000111000011110000
Found cached RTLIL representation for module `$paramod$0c75d9771d8390715aca7af4db20ea1c312fb822\GTP_LUT6'.
Parameter \INIT = 8'01110010
Found cached RTLIL representation for module `$paramod\GTP_LUT3\INIT=8'01110010'.
Parameter \INIT = 64'0100110001001100010011000100110000000100000001000100110000000100
Found cached RTLIL representation for module `$paramod$6788864a5ba2f165a6c227010cdf709df1c0e01d\GTP_LUT6'.
Parameter \INIT = 64'0000000000010000001100000111000000010000001100000111000011110000
Found cached RTLIL representation for module `$paramod$0c75d9771d8390715aca7af4db20ea1c312fb822\GTP_LUT6'.
Parameter \INIT = 32'11111010111110100101000011011000
Found cached RTLIL representation for module `$paramod\GTP_LUT5\INIT=32'11111010111110100101000011011000'.
Parameter \INIT = 64'1010000010100000101000001011001010110010101100101011001010110010
Found cached RTLIL representation for module `$paramod$b1fb4677aea079d4c03eebaa7bc1f97787dfc032\GTP_LUT6'.
Parameter \INIT = 64'0000000000010000001100000111000000010000001100000111000011110000
Found cached RTLIL representation for module `$paramod$0c75d9771d8390715aca7af4db20ea1c312fb822\GTP_LUT6'.
Parameter \INIT = 32'11111110110010001110110010000000
Found cached RTLIL representation for module `$paramod\GTP_LUT5\INIT=32'11111110110010001110110010000000'.
Parameter \INIT = 61943
Found cached RTLIL representation for module `$paramod\GTP_LUT5\INIT=32'00000000000000001111000111110111'.
Parameter \INIT = 64'1110111011101111110011001100111010001000100011000000000000001000
Found cached RTLIL representation for module `$paramod$ba5b7173d63688aef01bb71a72821be0a07f9a87\GTP_LUT6'.
Parameter \INIT = 64'0000000000010000001100000111000000010000001100000111000011110000
Found cached RTLIL representation for module `$paramod$0c75d9771d8390715aca7af4db20ea1c312fb822\GTP_LUT6'.
Parameter \INIT = 64'0000000000010000001100000111000000010000001100000111000011110000
Found cached RTLIL representation for module `$paramod$0c75d9771d8390715aca7af4db20ea1c312fb822\GTP_LUT6'.
Parameter \INIT = 64'1100111110011111100111110011111100110000011000000110000011000000
Found cached RTLIL representation for module `$paramod$56887f0f5cf82d055e02966d1bd52eb3edcc0195\GTP_LUT6'.
Parameter \INIT = 64'0000000000010000001100000111000000010000001100000111000011110000
Found cached RTLIL representation for module `$paramod$0c75d9771d8390715aca7af4db20ea1c312fb822\GTP_LUT6'.
Parameter \INIT = 64'0000000000010000001100000111000000010000001100000111000011110000
Found cached RTLIL representation for module `$paramod$0c75d9771d8390715aca7af4db20ea1c312fb822\GTP_LUT6'.
Parameter \INIT = 32'11111010111110100101000011011000
Found cached RTLIL representation for module `$paramod\GTP_LUT5\INIT=32'11111010111110100101000011011000'.
Parameter \INIT = 16'1011011101001000
Found cached RTLIL representation for module `$paramod\GTP_LUT4\INIT=16'1011011101001000'.
Parameter \INIT = 64'1110111011101111110011001100111010001000100011000000000000001000
Found cached RTLIL representation for module `$paramod$ba5b7173d63688aef01bb71a72821be0a07f9a87\GTP_LUT6'.
Parameter \INIT = 61943
Found cached RTLIL representation for module `$paramod\GTP_LUT5\INIT=32'00000000000000001111000111110111'.
Parameter \INIT = 64'0000000000010000001100000111000000010000001100000111000011110000
Found cached RTLIL representation for module `$paramod$0c75d9771d8390715aca7af4db20ea1c312fb822\GTP_LUT6'.
Parameter \INIT = 64'1110111011101111110011001100111010001000100011000000000000001000
Found cached RTLIL representation for module `$paramod$ba5b7173d63688aef01bb71a72821be0a07f9a87\GTP_LUT6'.
Parameter \INIT = 32'11111111110011001011001101000000
Found cached RTLIL representation for module `$paramod\GTP_LUT5\INIT=32'11111111110011001011001101000000'.
Parameter \INIT = 32'11001000100000001111111011101100
Found cached RTLIL representation for module `$paramod\GTP_LUT5\INIT=32'11001000100000001111111011101100'.
Parameter \INIT = 64'1110111011101111110011001100111010001000100011000000000000001000
Found cached RTLIL representation for module `$paramod$ba5b7173d63688aef01bb71a72821be0a07f9a87\GTP_LUT6'.
Parameter \INIT = 64'1110111011101111110011001100111010001000100011000000000000001000
Found cached RTLIL representation for module `$paramod$ba5b7173d63688aef01bb71a72821be0a07f9a87\GTP_LUT6'.
Parameter \INIT = 64'1110111011101111110011001100111010001000100011000000000000001000
Found cached RTLIL representation for module `$paramod$ba5b7173d63688aef01bb71a72821be0a07f9a87\GTP_LUT6'.
Parameter \INIT = 64'1110111011101111110011001100111010001000100011000000000000001000
Found cached RTLIL representation for module `$paramod$ba5b7173d63688aef01bb71a72821be0a07f9a87\GTP_LUT6'.
Parameter \INIT = 32'11111110110010001110110010000000
Found cached RTLIL representation for module `$paramod\GTP_LUT5\INIT=32'11111110110010001110110010000000'.
Parameter \INIT = 64'1100111110011111001100000110000010011111001111110110000011000000
Found cached RTLIL representation for module `$paramod$951d9341ccd051e40ea46f5cef9c619fbabbc7fe\GTP_LUT6'.
Parameter \INIT = 16'1011011101001000
Found cached RTLIL representation for module `$paramod\GTP_LUT4\INIT=16'1011011101001000'.
Parameter \INIT = 64'0000000000010000001100000111000000010000001100000111000011110000
Found cached RTLIL representation for module `$paramod$0c75d9771d8390715aca7af4db20ea1c312fb822\GTP_LUT6'.
Parameter \INIT = 64'0000000000010000001100000111000000010000001100000111000011110000
Found cached RTLIL representation for module `$paramod$0c75d9771d8390715aca7af4db20ea1c312fb822\GTP_LUT6'.
Parameter \INIT = 64'0000000000010000001100000111000000010000001100000111000011110000
Found cached RTLIL representation for module `$paramod$0c75d9771d8390715aca7af4db20ea1c312fb822\GTP_LUT6'.
Parameter \INIT = 64'0111100001111000011110000111100010110100101101000111100010110100
Found cached RTLIL representation for module `$paramod$b38e8ed8580593830ba5c5520eac2b6518fe48a2\GTP_LUT6'.
Parameter \INIT = 64'1110111011101111110011001100111010001000100011000000000000001000
Found cached RTLIL representation for module `$paramod$ba5b7173d63688aef01bb71a72821be0a07f9a87\GTP_LUT6'.
Parameter \INIT = 32'11111110110010001110110010000000
Found cached RTLIL representation for module `$paramod\GTP_LUT5\INIT=32'11111110110010001110110010000000'.
Parameter \INIT = 64'1100111110011111001100000110000010011111001111110110000011000000
Found cached RTLIL representation for module `$paramod$951d9341ccd051e40ea46f5cef9c619fbabbc7fe\GTP_LUT6'.
Parameter \INIT = 64'1100111110011111100111110011111100110000011000000110000011000000
Found cached RTLIL representation for module `$paramod$56887f0f5cf82d055e02966d1bd52eb3edcc0195\GTP_LUT6'.
Parameter \INIT = 64'1100111110011111001100000110000010011111001111110110000011000000
Found cached RTLIL representation for module `$paramod$951d9341ccd051e40ea46f5cef9c619fbabbc7fe\GTP_LUT6'.
Parameter \INIT = 64'0000000000010000001100000111000000010000001100000111000011110000
Found cached RTLIL representation for module `$paramod$0c75d9771d8390715aca7af4db20ea1c312fb822\GTP_LUT6'.
Parameter \INIT = 64'0000000000010000001100000111000000010000001100000111000011110000
Found cached RTLIL representation for module `$paramod$0c75d9771d8390715aca7af4db20ea1c312fb822\GTP_LUT6'.
Parameter \INIT = 16'0111001011011000

3.164. Executing AST frontend in derive mode using pre-parsed AST for module `\GTP_LUT4'.
Parameter \INIT = 16'0111001011011000
Generating RTLIL representation for module `$paramod\GTP_LUT4\INIT=16'0111001011011000'.
Parameter \INIT = 64'1110111011101111110011001100111010001000100011000000000000001000
Found cached RTLIL representation for module `$paramod$ba5b7173d63688aef01bb71a72821be0a07f9a87\GTP_LUT6'.
Parameter \INIT = 16'1011011101001000
Found cached RTLIL representation for module `$paramod\GTP_LUT4\INIT=16'1011011101001000'.
Parameter \INIT = 64'0000000000010000001100000111000000010000001100000111000011110000
Found cached RTLIL representation for module `$paramod$0c75d9771d8390715aca7af4db20ea1c312fb822\GTP_LUT6'.
Parameter \INIT = 64'1100111110011111100111110011111100110000011000000110000011000000
Found cached RTLIL representation for module `$paramod$56887f0f5cf82d055e02966d1bd52eb3edcc0195\GTP_LUT6'.
Parameter \INIT = 64'1100111110011111100111110011111100110000011000000110000011000000
Found cached RTLIL representation for module `$paramod$56887f0f5cf82d055e02966d1bd52eb3edcc0195\GTP_LUT6'.
Parameter \INIT = 32'10001000100010001110111010001110
Found cached RTLIL representation for module `$paramod\GTP_LUT5\INIT=32'10001000100010001110111010001110'.
Parameter \INIT = 64'1100111100110000100111110110000010011111011000000011111111000000
Found cached RTLIL representation for module `$paramod$b52a007edf2fe88b13dd6c5b929b773b8f5b4e73\GTP_LUT6'.
Parameter \INIT = 64'0000000000010000001100000111000000010000001100000111000011110000
Found cached RTLIL representation for module `$paramod$0c75d9771d8390715aca7af4db20ea1c312fb822\GTP_LUT6'.
Parameter \INIT = 64'0000000000010000000100000011000000110011001100110011001100110011
Found cached RTLIL representation for module `$paramod$47129716f55bca087ad4ae2bfb763c97f945d2d8\GTP_LUT6'.
Parameter \INIT = 64'0000000000010000001100000111000000010000001100000111000011110000
Found cached RTLIL representation for module `$paramod$0c75d9771d8390715aca7af4db20ea1c312fb822\GTP_LUT6'.
Parameter \INIT = 64'1100111110011111100111110011111100110000011000000110000011000000
Found cached RTLIL representation for module `$paramod$56887f0f5cf82d055e02966d1bd52eb3edcc0195\GTP_LUT6'.
Parameter \INIT = 64'1100111110011111100111110011111100110000011000000110000011000000
Found cached RTLIL representation for module `$paramod$56887f0f5cf82d055e02966d1bd52eb3edcc0195\GTP_LUT6'.
Parameter \INIT = 64'1100111110011111001100000110000010011111001111110110000011000000
Found cached RTLIL representation for module `$paramod$951d9341ccd051e40ea46f5cef9c619fbabbc7fe\GTP_LUT6'.
Parameter \INIT = 16'1110111011101010

3.165. Executing AST frontend in derive mode using pre-parsed AST for module `\GTP_LUT4'.
Parameter \INIT = 16'1110111011101010
Generating RTLIL representation for module `$paramod\GTP_LUT4\INIT=16'1110111011101010'.
Parameter \INIT = 16'1011011101001000
Found cached RTLIL representation for module `$paramod\GTP_LUT4\INIT=16'1011011101001000'.
Parameter \INIT = 64'1100111110011111001100000110000010011111001111110110000011000000
Found cached RTLIL representation for module `$paramod$951d9341ccd051e40ea46f5cef9c619fbabbc7fe\GTP_LUT6'.
Parameter \INIT = 64'1110111011101111110011001100111010001000100011000000000000001000
Found cached RTLIL representation for module `$paramod$ba5b7173d63688aef01bb71a72821be0a07f9a87\GTP_LUT6'.
Parameter \INIT = 64'1100111110011111001100000110000010011111001111110110000011000000
Found cached RTLIL representation for module `$paramod$951d9341ccd051e40ea46f5cef9c619fbabbc7fe\GTP_LUT6'.
Parameter \INIT = 64'0100010101000101010001010000010100000000000000000000000000000000
Found cached RTLIL representation for module `$paramod$b2ef3add4eb53705176e99a262fd81a24b6813d1\GTP_LUT6'.
Parameter \INIT = 64'0000000000010000001100000111000000010000001100000111000011110000
Found cached RTLIL representation for module `$paramod$0c75d9771d8390715aca7af4db20ea1c312fb822\GTP_LUT6'.
Parameter \INIT = 16'1011011101001000
Found cached RTLIL representation for module `$paramod\GTP_LUT4\INIT=16'1011011101001000'.
Parameter \INIT = 64'1100111110011111001100000110000010011111001111110110000011000000
Found cached RTLIL representation for module `$paramod$951d9341ccd051e40ea46f5cef9c619fbabbc7fe\GTP_LUT6'.
Parameter \INIT = 64'1100111110011111001100000110000010011111001111110110000011000000
Found cached RTLIL representation for module `$paramod$951d9341ccd051e40ea46f5cef9c619fbabbc7fe\GTP_LUT6'.
Parameter \INIT = 64'1100111110011111001100000110000010011111001111110110000011000000
Found cached RTLIL representation for module `$paramod$951d9341ccd051e40ea46f5cef9c619fbabbc7fe\GTP_LUT6'.
Parameter \INIT = 64'0000000000010000001100000111000000010000001100000111000011110000
Found cached RTLIL representation for module `$paramod$0c75d9771d8390715aca7af4db20ea1c312fb822\GTP_LUT6'.
Parameter \INIT = 64'1100111110011111100111110011111100110000011000000110000011000000
Found cached RTLIL representation for module `$paramod$56887f0f5cf82d055e02966d1bd52eb3edcc0195\GTP_LUT6'.
Parameter \INIT = 64'1100111110011111100111110011111100110000011000000110000011000000
Found cached RTLIL representation for module `$paramod$56887f0f5cf82d055e02966d1bd52eb3edcc0195\GTP_LUT6'.
Parameter \INIT = 16'1011011101001000
Found cached RTLIL representation for module `$paramod\GTP_LUT4\INIT=16'1011011101001000'.
Parameter \INIT = 64'1110111011101111110011001100111010001000100011000000000000001000
Found cached RTLIL representation for module `$paramod$ba5b7173d63688aef01bb71a72821be0a07f9a87\GTP_LUT6'.
Parameter \INIT = 64'0000000000010000001100000111000000010000001100000111000011110000
Found cached RTLIL representation for module `$paramod$0c75d9771d8390715aca7af4db20ea1c312fb822\GTP_LUT6'.
Parameter \INIT = 64'1100111110011111001100000110000010011111001111110110000011000000
Found cached RTLIL representation for module `$paramod$951d9341ccd051e40ea46f5cef9c619fbabbc7fe\GTP_LUT6'.
Parameter \INIT = 16'1011011101001000
Found cached RTLIL representation for module `$paramod\GTP_LUT4\INIT=16'1011011101001000'.
Parameter \INIT = 64'0000000000010000001100000111000000010000001100000111000011110000
Found cached RTLIL representation for module `$paramod$0c75d9771d8390715aca7af4db20ea1c312fb822\GTP_LUT6'.
Parameter \INIT = 64'1110111011101111110011001100111010001000100011000000000000001000
Found cached RTLIL representation for module `$paramod$ba5b7173d63688aef01bb71a72821be0a07f9a87\GTP_LUT6'.
Parameter \INIT = 64'1100111110011111001100000110000010011111001111110110000011000000
Found cached RTLIL representation for module `$paramod$951d9341ccd051e40ea46f5cef9c619fbabbc7fe\GTP_LUT6'.
Parameter \INIT = 32'11111110110010001110110010000000
Found cached RTLIL representation for module `$paramod\GTP_LUT5\INIT=32'11111110110010001110110010000000'.
Parameter \INIT = 16'1011011101001000
Found cached RTLIL representation for module `$paramod\GTP_LUT4\INIT=16'1011011101001000'.
Parameter \INIT = 64'1100111110011111100111110011111100110000011000000110000011000000
Found cached RTLIL representation for module `$paramod$56887f0f5cf82d055e02966d1bd52eb3edcc0195\GTP_LUT6'.
Parameter \INIT = 16'1011011101001000
Found cached RTLIL representation for module `$paramod\GTP_LUT4\INIT=16'1011011101001000'.
Parameter \INIT = 64'1100111110011111001100000110000010011111001111110110000011000000
Found cached RTLIL representation for module `$paramod$951d9341ccd051e40ea46f5cef9c619fbabbc7fe\GTP_LUT6'.
Parameter \INIT = 64'1100111110011111100111110011111100110000011000000110000011000000
Found cached RTLIL representation for module `$paramod$56887f0f5cf82d055e02966d1bd52eb3edcc0195\GTP_LUT6'.
Parameter \INIT = 16'1011011101001000
Found cached RTLIL representation for module `$paramod\GTP_LUT4\INIT=16'1011011101001000'.
Parameter \INIT = 64'1100111110011111001100000110000010011111001111110110000011000000
Found cached RTLIL representation for module `$paramod$951d9341ccd051e40ea46f5cef9c619fbabbc7fe\GTP_LUT6'.
Parameter \INIT = 64'1100111110011111001100000110000010011111001111110110000011000000
Found cached RTLIL representation for module `$paramod$951d9341ccd051e40ea46f5cef9c619fbabbc7fe\GTP_LUT6'.
Parameter \INIT = 16'1011010001111000
Found cached RTLIL representation for module `$paramod\GTP_LUT4\INIT=16'1011010001111000'.
Parameter \INIT = 16'1011011101001000
Found cached RTLIL representation for module `$paramod\GTP_LUT4\INIT=16'1011011101001000'.
Parameter \INIT = 64'0001000000110000000000000001000001110000111100000011000001110000
Found cached RTLIL representation for module `$paramod$704f8042eefb99c5e76c6f22d96562ed7be56313\GTP_LUT6'.
Parameter \INIT = 16'1011011101001000
Found cached RTLIL representation for module `$paramod\GTP_LUT4\INIT=16'1011011101001000'.
Parameter \INIT = 64'0000000000010000001100000111000000010000001100000111000011110000
Found cached RTLIL representation for module `$paramod$0c75d9771d8390715aca7af4db20ea1c312fb822\GTP_LUT6'.
Parameter \INIT = 64'1100111110011111001100000110000010011111001111110110000011000000
Found cached RTLIL representation for module `$paramod$951d9341ccd051e40ea46f5cef9c619fbabbc7fe\GTP_LUT6'.
Parameter \INIT = 64'0000000000010000001100000111000000010000001100000111000011110000
Found cached RTLIL representation for module `$paramod$0c75d9771d8390715aca7af4db20ea1c312fb822\GTP_LUT6'.
Parameter \INIT = 64'1110111011101111110011001100111010001000100011000000000000001000
Found cached RTLIL representation for module `$paramod$ba5b7173d63688aef01bb71a72821be0a07f9a87\GTP_LUT6'.
Parameter \INIT = 32'10001000100010001110111010001110
Found cached RTLIL representation for module `$paramod\GTP_LUT5\INIT=32'10001000100010001110111010001110'.
Parameter \INIT = 64'0000000000010000001100000111000000010000001100000111000011110000
Found cached RTLIL representation for module `$paramod$0c75d9771d8390715aca7af4db20ea1c312fb822\GTP_LUT6'.
Parameter \INIT = 64'0000000000010000001100000111000000010000001100000111000011110000
Found cached RTLIL representation for module `$paramod$0c75d9771d8390715aca7af4db20ea1c312fb822\GTP_LUT6'.
Parameter \INIT = 64'1100111110011111001100000110000010011111001111110110000011000000
Found cached RTLIL representation for module `$paramod$951d9341ccd051e40ea46f5cef9c619fbabbc7fe\GTP_LUT6'.
Parameter \INIT = 64'0000000000010000001100000111000000010000001100000111000011110000
Found cached RTLIL representation for module `$paramod$0c75d9771d8390715aca7af4db20ea1c312fb822\GTP_LUT6'.
Parameter \INIT = 64'1100111110011111001100000110000010011111001111110110000011000000
Found cached RTLIL representation for module `$paramod$951d9341ccd051e40ea46f5cef9c619fbabbc7fe\GTP_LUT6'.
Parameter \INIT = 16'1011011101001000
Found cached RTLIL representation for module `$paramod\GTP_LUT4\INIT=16'1011011101001000'.
Parameter \INIT = 64'0001000000110000000000000001000001110000111100000011000001110000
Found cached RTLIL representation for module `$paramod$704f8042eefb99c5e76c6f22d96562ed7be56313\GTP_LUT6'.
Parameter \INIT = 16'1011011101001000
Found cached RTLIL representation for module `$paramod\GTP_LUT4\INIT=16'1011011101001000'.
Parameter \INIT = 16'1110111011101010
Found cached RTLIL representation for module `$paramod\GTP_LUT4\INIT=16'1110111011101010'.
Parameter \INIT = 64'1100111110011111001100000110000010011111001111110110000011000000
Found cached RTLIL representation for module `$paramod$951d9341ccd051e40ea46f5cef9c619fbabbc7fe\GTP_LUT6'.
Parameter \INIT = 64'1100111110011111001100000110000010011111001111110110000011000000
Found cached RTLIL representation for module `$paramod$951d9341ccd051e40ea46f5cef9c619fbabbc7fe\GTP_LUT6'.
Parameter \INIT = 8'01111000
Found cached RTLIL representation for module `$paramod\GTP_LUT3\INIT=8'01111000'.
Parameter \INIT = 2004584580
Found cached RTLIL representation for module `$paramod\GTP_LUT5\INIT=32'01110111011110111000100010000100'.
Parameter \INIT = 64'0000000000010000001100000111000000010000001100000111000011110000
Found cached RTLIL representation for module `$paramod$0c75d9771d8390715aca7af4db20ea1c312fb822\GTP_LUT6'.
Parameter \INIT = 64'0000000000010000001100000111000000010000001100000111000011110000
Found cached RTLIL representation for module `$paramod$0c75d9771d8390715aca7af4db20ea1c312fb822\GTP_LUT6'.
Parameter \INIT = 64'1100111110011111001100000110000010011111001111110110000011000000
Found cached RTLIL representation for module `$paramod$951d9341ccd051e40ea46f5cef9c619fbabbc7fe\GTP_LUT6'.
Parameter \INIT = 64'1100111110011111100111110011111100110000011000000110000011000000
Found cached RTLIL representation for module `$paramod$56887f0f5cf82d055e02966d1bd52eb3edcc0195\GTP_LUT6'.
Parameter \INIT = 16'1011011101001000
Found cached RTLIL representation for module `$paramod\GTP_LUT4\INIT=16'1011011101001000'.
Parameter \INIT = 16'1011011101001000
Found cached RTLIL representation for module `$paramod\GTP_LUT4\INIT=16'1011011101001000'.
Parameter \INIT = 64'0000000000010000001100000111000000010000001100000111000011110000
Found cached RTLIL representation for module `$paramod$0c75d9771d8390715aca7af4db20ea1c312fb822\GTP_LUT6'.
Parameter \INIT = 64'0000000000010000001100000111000000010000001100000111000011110000
Found cached RTLIL representation for module `$paramod$0c75d9771d8390715aca7af4db20ea1c312fb822\GTP_LUT6'.
Parameter \INIT = 32'11111110110010001110110010000000
Found cached RTLIL representation for module `$paramod\GTP_LUT5\INIT=32'11111110110010001110110010000000'.
Parameter \INIT = 64'0000000000010000001100000111000000010000001100000111000011110000
Found cached RTLIL representation for module `$paramod$0c75d9771d8390715aca7af4db20ea1c312fb822\GTP_LUT6'.
Parameter \INIT = 32'11111110110010001110110010000000
Found cached RTLIL representation for module `$paramod\GTP_LUT5\INIT=32'11111110110010001110110010000000'.
Parameter \INIT = 2004584580
Found cached RTLIL representation for module `$paramod\GTP_LUT5\INIT=32'01110111011110111000100010000100'.
Parameter \INIT = 16'1011011101001000
Found cached RTLIL representation for module `$paramod\GTP_LUT4\INIT=16'1011011101001000'.
Parameter \INIT = 16'1011011101001000
Found cached RTLIL representation for module `$paramod\GTP_LUT4\INIT=16'1011011101001000'.
Parameter \INIT = 64'0001000000000000001100000001000000110011001100110011001100110011

3.166. Executing AST frontend in derive mode using pre-parsed AST for module `\GTP_LUT6'.
Parameter \INIT = 64'0001000000000000001100000001000000110011001100110011001100110011
Generating RTLIL representation for module `$paramod$2086b9f12758d8b18f4a3f2de66b6aa02007324e\GTP_LUT6'.
Parameter \INIT = 64'1000100010001100000000000000100011101110111011111100110011001110
Found cached RTLIL representation for module `$paramod$a118d3480dbade809b76bf838f3c3004c354f711\GTP_LUT6'.
Parameter \INIT = 64'0000000000010000001100000111000000010000001100000111000011110000
Found cached RTLIL representation for module `$paramod$0c75d9771d8390715aca7af4db20ea1c312fb822\GTP_LUT6'.
Parameter \INIT = 16'1011010001111000
Found cached RTLIL representation for module `$paramod\GTP_LUT4\INIT=16'1011010001111000'.
Parameter \INIT = 64'0000000000010000001100000111000000010000001100000111000011110000
Found cached RTLIL representation for module `$paramod$0c75d9771d8390715aca7af4db20ea1c312fb822\GTP_LUT6'.
Parameter \INIT = 64'1100111110011111100111110011111100110000011000000110000011000000
Found cached RTLIL representation for module `$paramod$56887f0f5cf82d055e02966d1bd52eb3edcc0195\GTP_LUT6'.
Parameter \INIT = 16'1011010001111000
Found cached RTLIL representation for module `$paramod\GTP_LUT4\INIT=16'1011010001111000'.
Parameter \INIT = 64'0011000001110100011101001111110011111100101110001011100000110000

3.167. Executing AST frontend in derive mode using pre-parsed AST for module `\GTP_LUT6'.
Parameter \INIT = 64'0011000001110100011101001111110011111100101110001011100000110000
Generating RTLIL representation for module `$paramod$9b485b3ed553813ee1a23748acdb6144e26a35b8\GTP_LUT6'.
Parameter \INIT = 64'0000000000010000001100000111000000010000001100000111000011110000
Found cached RTLIL representation for module `$paramod$0c75d9771d8390715aca7af4db20ea1c312fb822\GTP_LUT6'.
Parameter \INIT = 64'0100110001001100010011000100110000000100000001000100110000000100
Found cached RTLIL representation for module `$paramod$6788864a5ba2f165a6c227010cdf709df1c0e01d\GTP_LUT6'.
Parameter \INIT = 16'1011011101001000
Found cached RTLIL representation for module `$paramod\GTP_LUT4\INIT=16'1011011101001000'.
Parameter \INIT = 16'1011010001111000
Found cached RTLIL representation for module `$paramod\GTP_LUT4\INIT=16'1011010001111000'.
Parameter \INIT = 64'0000000000010000001100000111000000010000001100000111000011110000
Found cached RTLIL representation for module `$paramod$0c75d9771d8390715aca7af4db20ea1c312fb822\GTP_LUT6'.
Parameter \INIT = 64'1110111011101111110011001100111010001000100011000000000000001000
Found cached RTLIL representation for module `$paramod$ba5b7173d63688aef01bb71a72821be0a07f9a87\GTP_LUT6'.
Parameter \INIT = 64'1110111011101111110011001100111010001000100011000000000000001000
Found cached RTLIL representation for module `$paramod$ba5b7173d63688aef01bb71a72821be0a07f9a87\GTP_LUT6'.
Parameter \INIT = 16'1011011101001000
Found cached RTLIL representation for module `$paramod\GTP_LUT4\INIT=16'1011011101001000'.
Parameter \INIT = 64'1100111110011111001100000110000010011111001111110110000011000000
Found cached RTLIL representation for module `$paramod$951d9341ccd051e40ea46f5cef9c619fbabbc7fe\GTP_LUT6'.
Parameter \INIT = 32'10001000100010001110111010001110
Found cached RTLIL representation for module `$paramod\GTP_LUT5\INIT=32'10001000100010001110111010001110'.
Parameter \INIT = 16'1011011101001000
Found cached RTLIL representation for module `$paramod\GTP_LUT4\INIT=16'1011011101001000'.
Parameter \INIT = 64'1110111011101111110011001100111010001000100011000000000000001000
Found cached RTLIL representation for module `$paramod$ba5b7173d63688aef01bb71a72821be0a07f9a87\GTP_LUT6'.
Parameter \INIT = 64'0011000001100000110011111001111101100000110000001001111100111111
Found cached RTLIL representation for module `$paramod$b0d6733f8287b1f4519ab27fafdb29d794eb5ff3\GTP_LUT6'.
Parameter \INIT = 64'0000000000010000001100000111000000010000001100000111000011110000
Found cached RTLIL representation for module `$paramod$0c75d9771d8390715aca7af4db20ea1c312fb822\GTP_LUT6'.
Parameter \INIT = 64'0000000000010000001100000111000000010000001100000111000011110000
Found cached RTLIL representation for module `$paramod$0c75d9771d8390715aca7af4db20ea1c312fb822\GTP_LUT6'.
Parameter \INIT = 64'0000111100011110001111000111100000011110001111000111100011110000
Found cached RTLIL representation for module `$paramod$f15b9bf9cb8861ef7216179fbd2df4c7c6441f64\GTP_LUT6'.
Parameter \INIT = 16'1011011101001000
Found cached RTLIL representation for module `$paramod\GTP_LUT4\INIT=16'1011011101001000'.
Parameter \INIT = 16'1111110010101000
Found cached RTLIL representation for module `$paramod\GTP_LUT4\INIT=16'1111110010101000'.
Parameter \INIT = 16'1011010001111000
Found cached RTLIL representation for module `$paramod\GTP_LUT4\INIT=16'1011010001111000'.
Parameter \INIT = 8'01110010
Found cached RTLIL representation for module `$paramod\GTP_LUT3\INIT=8'01110010'.
Parameter \INIT = 64'0111100001111000011110000111100010110100101101000111100010110100
Found cached RTLIL representation for module `$paramod$b38e8ed8580593830ba5c5520eac2b6518fe48a2\GTP_LUT6'.
Parameter \INIT = 64'0111000011110000001100000111000000010000001100000000000000010000
Found cached RTLIL representation for module `$paramod$a2bc838eb55497e2e16d2aff53382db9fc474773\GTP_LUT6'.
Parameter \INIT = 32'11001000111111101000000011101100
Found cached RTLIL representation for module `$paramod\GTP_LUT5\INIT=32'11001000111111101000000011101100'.
Parameter \INIT = 32'11111110110010001110110010000000
Found cached RTLIL representation for module `$paramod\GTP_LUT5\INIT=32'11111110110010001110110010000000'.
Parameter \INIT = 64'0000000100000001000100010000000100000000000000000000000000000000

3.168. Executing AST frontend in derive mode using pre-parsed AST for module `\GTP_LUT6'.
Parameter \INIT = 64'0000000100000001000100010000000100000000000000000000000000000000
Generating RTLIL representation for module `$paramod$9ecfc6cc0b920925b36be3f5ead14270438096a2\GTP_LUT6'.
Parameter \INIT = 32'11111110110010001110110010000000
Found cached RTLIL representation for module `$paramod\GTP_LUT5\INIT=32'11111110110010001110110010000000'.
Parameter \INIT = 16'1011011101001000
Found cached RTLIL representation for module `$paramod\GTP_LUT4\INIT=16'1011011101001000'.
Parameter \INIT = 64'1100111110011111100111110011111100110000011000000110000011000000
Found cached RTLIL representation for module `$paramod$56887f0f5cf82d055e02966d1bd52eb3edcc0195\GTP_LUT6'.
Parameter \INIT = 251727623

3.169. Executing AST frontend in derive mode using pre-parsed AST for module `\GTP_LUT5'.
Parameter \INIT = 251727623
Generating RTLIL representation for module `$paramod\GTP_LUT5\INIT=32'00001111000000010000111100000111'.
Parameter \INIT = 64'0000000000010000001100000111000000010000001100000111000011110000
Found cached RTLIL representation for module `$paramod$0c75d9771d8390715aca7af4db20ea1c312fb822\GTP_LUT6'.
Parameter \INIT = 16'1011010001111000
Found cached RTLIL representation for module `$paramod\GTP_LUT4\INIT=16'1011010001111000'.
Parameter \INIT = 16'0111001011011000
Found cached RTLIL representation for module `$paramod\GTP_LUT4\INIT=16'0111001011011000'.
Parameter \INIT = 16'1011010001111000
Found cached RTLIL representation for module `$paramod\GTP_LUT4\INIT=16'1011010001111000'.
Parameter \INIT = 16'1011011101001000
Found cached RTLIL representation for module `$paramod\GTP_LUT4\INIT=16'1011011101001000'.
Parameter \INIT = 16'0100100010110111
Found cached RTLIL representation for module `$paramod\GTP_LUT4\INIT=16'0100100010110111'.
Parameter \INIT = 16'1011011101001000
Found cached RTLIL representation for module `$paramod\GTP_LUT4\INIT=16'1011011101001000'.
Parameter \INIT = 16'1011011101001000
Found cached RTLIL representation for module `$paramod\GTP_LUT4\INIT=16'1011011101001000'.
Parameter \INIT = 64'1111000011100001110000111000011111100001110000111000011100001111
Found cached RTLIL representation for module `$paramod$1f07c78b7596ae3cc784bc1b7b3088e6f009fa10\GTP_LUT6'.
Parameter \INIT = 16'1011010001111000
Found cached RTLIL representation for module `$paramod\GTP_LUT4\INIT=16'1011010001111000'.
Parameter \INIT = 64'1110111011101111110011001100111010001000100011000000000000001000
Found cached RTLIL representation for module `$paramod$ba5b7173d63688aef01bb71a72821be0a07f9a87\GTP_LUT6'.
Parameter \INIT = 64'0000000000010000001100000111000000010000001100000111000011110000
Found cached RTLIL representation for module `$paramod$0c75d9771d8390715aca7af4db20ea1c312fb822\GTP_LUT6'.
Parameter \INIT = 64'1110111011101111110011001100111010001000100011000000000000001000
Found cached RTLIL representation for module `$paramod$ba5b7173d63688aef01bb71a72821be0a07f9a87\GTP_LUT6'.
Parameter \INIT = 64'0000000000010000001100000111000000010000001100000111000011110000
Found cached RTLIL representation for module `$paramod$0c75d9771d8390715aca7af4db20ea1c312fb822\GTP_LUT6'.
Parameter \INIT = 16'1011011101001000
Found cached RTLIL representation for module `$paramod\GTP_LUT4\INIT=16'1011011101001000'.
Parameter \INIT = 16'1011011101001000
Found cached RTLIL representation for module `$paramod\GTP_LUT4\INIT=16'1011011101001000'.
Parameter \INIT = 64'1100111110011111001100000110000010011111001111110110000011000000
Found cached RTLIL representation for module `$paramod$951d9341ccd051e40ea46f5cef9c619fbabbc7fe\GTP_LUT6'.
Parameter \INIT = 64'0011000001110000011100001111000000000000000100000001000000110000
Found cached RTLIL representation for module `$paramod$d656a6df532c1cc5662fe0a7afafccded88153c2\GTP_LUT6'.
Parameter \INIT = 64'1100111110011111001100000110000010011111001111110110000011000000
Found cached RTLIL representation for module `$paramod$951d9341ccd051e40ea46f5cef9c619fbabbc7fe\GTP_LUT6'.
Parameter \INIT = 64'1100111110011111100111110011111100110000011000000110000011000000
Found cached RTLIL representation for module `$paramod$56887f0f5cf82d055e02966d1bd52eb3edcc0195\GTP_LUT6'.
Parameter \INIT = 16'1011011101001000
Found cached RTLIL representation for module `$paramod\GTP_LUT4\INIT=16'1011011101001000'.
Parameter \INIT = 16'1011010001111000
Found cached RTLIL representation for module `$paramod\GTP_LUT4\INIT=16'1011010001111000'.
Parameter \INIT = 16'1011011101001000
Found cached RTLIL representation for module `$paramod\GTP_LUT4\INIT=16'1011011101001000'.
Parameter \INIT = 16'1011011101001000
Found cached RTLIL representation for module `$paramod\GTP_LUT4\INIT=16'1011011101001000'.
Parameter \INIT = 64'1010101010100010101010101010001010100010101000101010101010100010
Found cached RTLIL representation for module `$paramod$424d2f8f1ee0b36a9f3af771bdb6a9d93b5c1c55\GTP_LUT6'.
Parameter \INIT = 16'1011011101001000
Found cached RTLIL representation for module `$paramod\GTP_LUT4\INIT=16'1011011101001000'.
Parameter \INIT = 64'1110111011101111110011001100111010001000100011000000000000001000
Found cached RTLIL representation for module `$paramod$ba5b7173d63688aef01bb71a72821be0a07f9a87\GTP_LUT6'.
Parameter \INIT = 16'1011011101001000
Found cached RTLIL representation for module `$paramod\GTP_LUT4\INIT=16'1011011101001000'.
Parameter \INIT = 64'0000000000001000000000000000100000001000000010000000000000001000

3.170. Executing AST frontend in derive mode using pre-parsed AST for module `\GTP_LUT6'.
Parameter \INIT = 64'0000000000001000000000000000100000001000000010000000000000001000
Generating RTLIL representation for module `$paramod$3397340bd2e8680376c6f7b93d19510d7234d3a2\GTP_LUT6'.
Parameter \INIT = 16'1011010001111000
Found cached RTLIL representation for module `$paramod\GTP_LUT4\INIT=16'1011010001111000'.
Parameter \INIT = 16'1011010001111000
Found cached RTLIL representation for module `$paramod\GTP_LUT4\INIT=16'1011010001111000'.
Parameter \INIT = 16'0010001010100010

3.171. Executing AST frontend in derive mode using pre-parsed AST for module `\GTP_LUT4'.
Parameter \INIT = 16'0010001010100010
Generating RTLIL representation for module `$paramod\GTP_LUT4\INIT=16'0010001010100010'.
Parameter \INIT = 64'0101010111000101010101010101010101010101110001010101010111000101

3.172. Executing AST frontend in derive mode using pre-parsed AST for module `\GTP_LUT6'.
Parameter \INIT = 64'0101010111000101010101010101010101010101110001010101010111000101
Generating RTLIL representation for module `$paramod$750375634bdacfa865b218a9fe4cdce7812ef43a\GTP_LUT6'.
Parameter \INIT = 16'1011011101001000
Found cached RTLIL representation for module `$paramod\GTP_LUT4\INIT=16'1011011101001000'.
Parameter \INIT = 16'1011011101001000
Found cached RTLIL representation for module `$paramod\GTP_LUT4\INIT=16'1011011101001000'.
Parameter \INIT = 64'0000000000010000001100000111000000010000001100000111000011110000
Found cached RTLIL representation for module `$paramod$0c75d9771d8390715aca7af4db20ea1c312fb822\GTP_LUT6'.
Parameter \INIT = 16'1011011101001000
Found cached RTLIL representation for module `$paramod\GTP_LUT4\INIT=16'1011011101001000'.
Parameter \INIT = 32'11001100100010001100111110001010

3.173. Executing AST frontend in derive mode using pre-parsed AST for module `\GTP_LUT5'.
Parameter \INIT = 32'11001100100010001100111110001010
Generating RTLIL representation for module `$paramod\GTP_LUT5\INIT=32'11001100100010001100111110001010'.
Parameter \INIT = 64'0101000000000000010100000000000011011111010000001111111101010000

3.174. Executing AST frontend in derive mode using pre-parsed AST for module `\GTP_LUT6'.
Parameter \INIT = 64'0101000000000000010100000000000011011111010000001111111101010000
Generating RTLIL representation for module `$paramod$04e78a26c4a3c9f49ddae81658f0cb6d4377d9ed\GTP_LUT6'.
Parameter \INIT = 16'1011011101001000
Found cached RTLIL representation for module `$paramod\GTP_LUT4\INIT=16'1011011101001000'.
Parameter \INIT = 16'1011011101001000
Found cached RTLIL representation for module `$paramod\GTP_LUT4\INIT=16'1011011101001000'.
Parameter \INIT = 64'1100111110011111100111110011111100110000011000000110000011000000
Found cached RTLIL representation for module `$paramod$56887f0f5cf82d055e02966d1bd52eb3edcc0195\GTP_LUT6'.
Parameter \INIT = 64'0001000000110000000000000001000001110000111100000011000001110000
Found cached RTLIL representation for module `$paramod$704f8042eefb99c5e76c6f22d96562ed7be56313\GTP_LUT6'.
Parameter \INIT = 8'00100111

3.175. Executing AST frontend in derive mode using pre-parsed AST for module `\GTP_LUT3'.
Parameter \INIT = 8'00100111
Generating RTLIL representation for module `$paramod\GTP_LUT3\INIT=8'00100111'.
Parameter \INIT = 64'1100111110011111001100000110000010011111001111110110000011000000
Found cached RTLIL representation for module `$paramod$951d9341ccd051e40ea46f5cef9c619fbabbc7fe\GTP_LUT6'.
Parameter \INIT = 64'1110111011101111110011001100111010001000100011000000000000001000
Found cached RTLIL representation for module `$paramod$ba5b7173d63688aef01bb71a72821be0a07f9a87\GTP_LUT6'.
Parameter \INIT = 64'1100111110011111001100000110000010011111001111110110000011000000
Found cached RTLIL representation for module `$paramod$951d9341ccd051e40ea46f5cef9c619fbabbc7fe\GTP_LUT6'.
Parameter \INIT = 16'1011010001111000
Found cached RTLIL representation for module `$paramod\GTP_LUT4\INIT=16'1011010001111000'.
Parameter \INIT = 32'11001000110010001100100011111010
Found cached RTLIL representation for module `$paramod\GTP_LUT5\INIT=32'11001000110010001100100011111010'.
Parameter \INIT = 16'1011010001111000
Found cached RTLIL representation for module `$paramod\GTP_LUT4\INIT=16'1011010001111000'.
Parameter \INIT = 16'1011010001111000
Found cached RTLIL representation for module `$paramod\GTP_LUT4\INIT=16'1011010001111000'.
Parameter \INIT = 16'1011011101001000
Found cached RTLIL representation for module `$paramod\GTP_LUT4\INIT=16'1011011101001000'.
Parameter \INIT = 64'0000000000010000000100000011000000110000011100000111000011110000
Found cached RTLIL representation for module `$paramod$ee1263cc1ddc67832d9e0851e42d909bf9eef3cd\GTP_LUT6'.
Parameter \INIT = 8'01010001
Found cached RTLIL representation for module `$paramod\GTP_LUT3\INIT=8'01010001'.
Parameter \INIT = 16'1011011101001000
Found cached RTLIL representation for module `$paramod\GTP_LUT4\INIT=16'1011011101001000'.
Parameter \INIT = 16'1011010001111000
Found cached RTLIL representation for module `$paramod\GTP_LUT4\INIT=16'1011010001111000'.
Parameter \INIT = 64'1101001101000000110100110100000011010011010000000111001100010000
Found cached RTLIL representation for module `$paramod$5ffe8ef32f3e30892f465aaf1cda4d491f9f7ca4\GTP_LUT6'.
Parameter \INIT = 16'1011011101001000
Found cached RTLIL representation for module `$paramod\GTP_LUT4\INIT=16'1011011101001000'.
Parameter \INIT = 16'1011010001111000
Found cached RTLIL representation for module `$paramod\GTP_LUT4\INIT=16'1011010001111000'.
Parameter \INIT = 16'1011010001111000
Found cached RTLIL representation for module `$paramod\GTP_LUT4\INIT=16'1011010001111000'.
Parameter \INIT = 64'1010101010101010001000000000000010101010111111110010000000000000

3.176. Executing AST frontend in derive mode using pre-parsed AST for module `\GTP_LUT6'.
Parameter \INIT = 64'1010101010101010001000000000000010101010111111110010000000000000
Generating RTLIL representation for module `$paramod$277a0137731c4471cc31791c9c5b4b05f6b0219c\GTP_LUT6'.
Parameter \INIT = 16'0100000001010001
Found cached RTLIL representation for module `$paramod\GTP_LUT4\INIT=16'0100000001010001'.
Parameter \INIT = 64'1001001101101100001111000011110001100011100111001100110011001100
Found cached RTLIL representation for module `$paramod$1774b298c8b4a8467a2e086a655eca9723a36b76\GTP_LUT6'.
Parameter \INIT = 64'1001001101101100001111000011110001100011100111001100110011001100
Found cached RTLIL representation for module `$paramod$1774b298c8b4a8467a2e086a655eca9723a36b76\GTP_LUT6'.
Parameter \INIT = 64'1011010001001011000000001111111101001011101101001111111100000000

3.177. Executing AST frontend in derive mode using pre-parsed AST for module `\GTP_LUT6'.
Parameter \INIT = 64'1011010001001011000000001111111101001011101101001111111100000000
Generating RTLIL representation for module `$paramod$2a1d8ade6ff6178768bbcab252b94773bc50736d\GTP_LUT6'.
Parameter \INIT = 32'11100100000000000000000000000000

3.178. Executing AST frontend in derive mode using pre-parsed AST for module `\GTP_LUT5'.
Parameter \INIT = 32'11100100000000000000000000000000
Generating RTLIL representation for module `$paramod\GTP_LUT5\INIT=32'11100100000000000000000000000000'.
Parameter \INIT = 32'11010011010000000111001100010000
Found cached RTLIL representation for module `$paramod\GTP_LUT5\INIT=32'11010011010000000111001100010000'.
Parameter \INIT = 16'1011010001001011
Found cached RTLIL representation for module `$paramod\GTP_LUT4\INIT=16'1011010001001011'.
Parameter \INIT = 64'0000010001001100111111111111111100000100010011000000010001001100

3.179. Executing AST frontend in derive mode using pre-parsed AST for module `\GTP_LUT6'.
Parameter \INIT = 64'0000010001001100111111111111111100000100010011000000010001001100
Generating RTLIL representation for module `$paramod$ca525c6e0ecf033812d4b07dad396017e2535a90\GTP_LUT6'.
Parameter \INIT = 64'0000000000000000000000000000000011011101110111001111111111111101

3.180. Executing AST frontend in derive mode using pre-parsed AST for module `\GTP_LUT6'.
Parameter \INIT = 64'0000000000000000000000000000000011011101110111001111111111111101
Generating RTLIL representation for module `$paramod$6d396c6c2d94ee9992ea7d5450d3b683a78456a9\GTP_LUT6'.
Parameter \INIT = 64'0000000000000001000000110000011100000001000000110000011100001111

3.181. Executing AST frontend in derive mode using pre-parsed AST for module `\GTP_LUT6'.
Parameter \INIT = 64'0000000000000001000000110000011100000001000000110000011100001111
Generating RTLIL representation for module `$paramod$40e370adfa6bb0622a98ad9e31f679f8f4ce2b18\GTP_LUT6'.
Parameter \INIT = 64'1100111110011111001100000110000010011111001111110110000011000000
Found cached RTLIL representation for module `$paramod$951d9341ccd051e40ea46f5cef9c619fbabbc7fe\GTP_LUT6'.
Parameter \INIT = 64'1111111111111111000001000100110000000100010011000000010001001100
Found cached RTLIL representation for module `$paramod$cdf1292afeccbd18b37e05ea1a59042b0b9336ab\GTP_LUT6'.
Parameter \INIT = 64'1110111011101111110011001100111010001000100011000000000000001000
Found cached RTLIL representation for module `$paramod$ba5b7173d63688aef01bb71a72821be0a07f9a87\GTP_LUT6'.
Parameter \INIT = 64'1110111011101111110011001100111010001000100011000000000000001000
Found cached RTLIL representation for module `$paramod$ba5b7173d63688aef01bb71a72821be0a07f9a87\GTP_LUT6'.
Parameter \INIT = 64'1110111011101111110011001100111010001000100011000000000000001000
Found cached RTLIL representation for module `$paramod$ba5b7173d63688aef01bb71a72821be0a07f9a87\GTP_LUT6'.
Parameter \INIT = 64'1110111011101111110011001100111010001000100011000000000000001000
Found cached RTLIL representation for module `$paramod$ba5b7173d63688aef01bb71a72821be0a07f9a87\GTP_LUT6'.
Parameter \INIT = 64'1110111011101111110011001100111010001000100011000000000000001000
Found cached RTLIL representation for module `$paramod$ba5b7173d63688aef01bb71a72821be0a07f9a87\GTP_LUT6'.
Parameter \INIT = 64'1100110011001100110011001100110000000000010000000100000011000000
Found cached RTLIL representation for module `$paramod$c89604e91de683c14486dd9c1cf554a82342b2d7\GTP_LUT6'.
Parameter \INIT = 64'1110111011101111110011001100111010001000100011000000000000001000
Found cached RTLIL representation for module `$paramod$ba5b7173d63688aef01bb71a72821be0a07f9a87\GTP_LUT6'.
Parameter \INIT = 64'1110111011101111110011001100111010001000100011000000000000001000
Found cached RTLIL representation for module `$paramod$ba5b7173d63688aef01bb71a72821be0a07f9a87\GTP_LUT6'.
Parameter \INIT = 64'1110111011101111110011001100111010001000100011000000000000001000
Found cached RTLIL representation for module `$paramod$ba5b7173d63688aef01bb71a72821be0a07f9a87\GTP_LUT6'.
Parameter \INIT = 32'11111010111110100101000011011000
Found cached RTLIL representation for module `$paramod\GTP_LUT5\INIT=32'11111010111110100101000011011000'.
Parameter \INIT = 64'1110111011101111110011001100111010001000100011000000000000001000
Found cached RTLIL representation for module `$paramod$ba5b7173d63688aef01bb71a72821be0a07f9a87\GTP_LUT6'.
Parameter \INIT = 64'0000010001001100111111111111111100000100010011000000010001001100
Found cached RTLIL representation for module `$paramod$ca525c6e0ecf033812d4b07dad396017e2535a90\GTP_LUT6'.
Parameter \INIT = 64'1110111011101111110011001100111010001000100011000000000000001000
Found cached RTLIL representation for module `$paramod$ba5b7173d63688aef01bb71a72821be0a07f9a87\GTP_LUT6'.
Parameter \INIT = 16'1011011101001000
Found cached RTLIL representation for module `$paramod\GTP_LUT4\INIT=16'1011011101001000'.
Parameter \INIT = 64'1110111011101111110011001100111010001000100011000000000000001000
Found cached RTLIL representation for module `$paramod$ba5b7173d63688aef01bb71a72821be0a07f9a87\GTP_LUT6'.
Parameter \INIT = 64'1110111011101111110011001100111010001000100011000000000000001000
Found cached RTLIL representation for module `$paramod$ba5b7173d63688aef01bb71a72821be0a07f9a87\GTP_LUT6'.
Parameter \INIT = 64'1110111011101111110011001100111010001000100011000000000000001000
Found cached RTLIL representation for module `$paramod$ba5b7173d63688aef01bb71a72821be0a07f9a87\GTP_LUT6'.
Parameter \INIT = 64'1110111011101111110011001100111010001000100011000000000000001000
Found cached RTLIL representation for module `$paramod$ba5b7173d63688aef01bb71a72821be0a07f9a87\GTP_LUT6'.
Parameter \INIT = 64'1100111110011111100111110011111100110000011000000110000011000000
Found cached RTLIL representation for module `$paramod$56887f0f5cf82d055e02966d1bd52eb3edcc0195\GTP_LUT6'.
Parameter \INIT = 64'1110111011101111110011001100111010001000100011000000000000001000
Found cached RTLIL representation for module `$paramod$ba5b7173d63688aef01bb71a72821be0a07f9a87\GTP_LUT6'.
Parameter \INIT = 64'1100111110011111100111110011111100110000011000000110000011000000
Found cached RTLIL representation for module `$paramod$56887f0f5cf82d055e02966d1bd52eb3edcc0195\GTP_LUT6'.
Parameter \INIT = 16'1011011101001000
Found cached RTLIL representation for module `$paramod\GTP_LUT4\INIT=16'1011011101001000'.
Parameter \INIT = 64'1100111110011111100111110011111100110000011000000110000011000000
Found cached RTLIL representation for module `$paramod$56887f0f5cf82d055e02966d1bd52eb3edcc0195\GTP_LUT6'.
Parameter \INIT = 16'1011011101001000
Found cached RTLIL representation for module `$paramod\GTP_LUT4\INIT=16'1011011101001000'.
Parameter \INIT = 16'1011011101001000
Found cached RTLIL representation for module `$paramod\GTP_LUT4\INIT=16'1011011101001000'.
Parameter \INIT = 64'0000000000010000001100000111000000010000001100000111000011110000
Found cached RTLIL representation for module `$paramod$0c75d9771d8390715aca7af4db20ea1c312fb822\GTP_LUT6'.
Parameter \INIT = 32'11111010111110100101000011011000
Found cached RTLIL representation for module `$paramod\GTP_LUT5\INIT=32'11111010111110100101000011011000'.
Parameter \INIT = 64'1110111011101111110011001100111010001000100011000000000000001000
Found cached RTLIL representation for module `$paramod$ba5b7173d63688aef01bb71a72821be0a07f9a87\GTP_LUT6'.
Parameter \INIT = 64'1110111011101111110011001100111010001000100011000000000000001000
Found cached RTLIL representation for module `$paramod$ba5b7173d63688aef01bb71a72821be0a07f9a87\GTP_LUT6'.
Parameter \INIT = 64'1110111011101111110011001100111010001000100011000000000000001000
Found cached RTLIL representation for module `$paramod$ba5b7173d63688aef01bb71a72821be0a07f9a87\GTP_LUT6'.
Parameter \INIT = 64'1100111110011111100111110011111100110000011000000110000011000000
Found cached RTLIL representation for module `$paramod$56887f0f5cf82d055e02966d1bd52eb3edcc0195\GTP_LUT6'.
Parameter \INIT = 64'1110111011101111110011001100111010001000100011000000000000001000
Found cached RTLIL representation for module `$paramod$ba5b7173d63688aef01bb71a72821be0a07f9a87\GTP_LUT6'.
Parameter \INIT = 64'0000000000010000001100000111000000010000001100000111000011110000
Found cached RTLIL representation for module `$paramod$0c75d9771d8390715aca7af4db20ea1c312fb822\GTP_LUT6'.
Parameter \INIT = 64'1100111110011111100111110011111100110000011000000110000011000000
Found cached RTLIL representation for module `$paramod$56887f0f5cf82d055e02966d1bd52eb3edcc0195\GTP_LUT6'.
Parameter \INIT = 32'10010110100101101001011011110000

3.182. Executing AST frontend in derive mode using pre-parsed AST for module `\GTP_LUT5'.
Parameter \INIT = 32'10010110100101101001011011110000
Generating RTLIL representation for module `$paramod\GTP_LUT5\INIT=32'10010110100101101001011011110000'.
Parameter \INIT = 64'1100111110011111100111110011111100110000011000000110000011000000
Found cached RTLIL representation for module `$paramod$56887f0f5cf82d055e02966d1bd52eb3edcc0195\GTP_LUT6'.
Parameter \INIT = 64'0100110001001100010011000100110000000100000001000100110000000100
Found cached RTLIL representation for module `$paramod$6788864a5ba2f165a6c227010cdf709df1c0e01d\GTP_LUT6'.
Parameter \INIT = 64'0000000000010000001100000111000000010000001100000111000011110000
Found cached RTLIL representation for module `$paramod$0c75d9771d8390715aca7af4db20ea1c312fb822\GTP_LUT6'.
Parameter \INIT = 16'1111101011011000
Found cached RTLIL representation for module `$paramod\GTP_LUT4\INIT=16'1111101011011000'.
Parameter \INIT = 64'1110111011101111110011001100111010001000100011000000000000001000
Found cached RTLIL representation for module `$paramod$ba5b7173d63688aef01bb71a72821be0a07f9a87\GTP_LUT6'.
Parameter \INIT = 64'1110111011101111110011001100111010001000100011000000000000001000
Found cached RTLIL representation for module `$paramod$ba5b7173d63688aef01bb71a72821be0a07f9a87\GTP_LUT6'.
Parameter \INIT = 64'1100111100110000100111110110000010011111011000000011111111000000
Found cached RTLIL representation for module `$paramod$b52a007edf2fe88b13dd6c5b929b773b8f5b4e73\GTP_LUT6'.
Parameter \INIT = 64'1110111011101111110011001100111010001000100011000000000000001000
Found cached RTLIL representation for module `$paramod$ba5b7173d63688aef01bb71a72821be0a07f9a87\GTP_LUT6'.
Parameter \INIT = 64'1100111110011111100111110011111100110000011000000110000011000000
Found cached RTLIL representation for module `$paramod$56887f0f5cf82d055e02966d1bd52eb3edcc0195\GTP_LUT6'.
Parameter \INIT = 32'11111111110011001011001101000000
Found cached RTLIL representation for module `$paramod\GTP_LUT5\INIT=32'11111111110011001011001101000000'.
Parameter \INIT = 64'0000000000010000001100000111000000010000001100000111000011110000
Found cached RTLIL representation for module `$paramod$0c75d9771d8390715aca7af4db20ea1c312fb822\GTP_LUT6'.
Parameter \INIT = 2004584580
Found cached RTLIL representation for module `$paramod\GTP_LUT5\INIT=32'01110111011110111000100010000100'.
Parameter \INIT = 16'0100100010110111
Found cached RTLIL representation for module `$paramod\GTP_LUT4\INIT=16'0100100010110111'.
Parameter \INIT = 64'1100111110011111100111110011111100110000011000000110000011000000
Found cached RTLIL representation for module `$paramod$56887f0f5cf82d055e02966d1bd52eb3edcc0195\GTP_LUT6'.
Parameter \INIT = 16'1011011101001000
Found cached RTLIL representation for module `$paramod\GTP_LUT4\INIT=16'1011011101001000'.
Parameter \INIT = 64'1110111011101111110011001100111010001000100011000000000000001000
Found cached RTLIL representation for module `$paramod$ba5b7173d63688aef01bb71a72821be0a07f9a87\GTP_LUT6'.
Parameter \INIT = 64'1100111110011111001100000110000010011111001111110110000011000000
Found cached RTLIL representation for module `$paramod$951d9341ccd051e40ea46f5cef9c619fbabbc7fe\GTP_LUT6'.
Parameter \INIT = 32'11111110110010001110110010000000
Found cached RTLIL representation for module `$paramod\GTP_LUT5\INIT=32'11111110110010001110110010000000'.
Parameter \INIT = 64'0000000000010000001100000111000000010000001100000111000011110000
Found cached RTLIL representation for module `$paramod$0c75d9771d8390715aca7af4db20ea1c312fb822\GTP_LUT6'.
Parameter \INIT = 64'1110111011101111110011001100111010001000100011000000000000001000
Found cached RTLIL representation for module `$paramod$ba5b7173d63688aef01bb71a72821be0a07f9a87\GTP_LUT6'.
Parameter \INIT = 64'0000000000010000001100000111000000010000001100000111000011110000
Found cached RTLIL representation for module `$paramod$0c75d9771d8390715aca7af4db20ea1c312fb822\GTP_LUT6'.
Parameter \INIT = 64'1110111011101111110011001100111010001000100011000000000000001000
Found cached RTLIL representation for module `$paramod$ba5b7173d63688aef01bb71a72821be0a07f9a87\GTP_LUT6'.
Parameter \INIT = 64'0000000000010000001100000111000000010000001100000111000011110000
Found cached RTLIL representation for module `$paramod$0c75d9771d8390715aca7af4db20ea1c312fb822\GTP_LUT6'.
Parameter \INIT = 64'1110111011101111110011001100111010001000100011000000000000001000
Found cached RTLIL representation for module `$paramod$ba5b7173d63688aef01bb71a72821be0a07f9a87\GTP_LUT6'.
Parameter \INIT = 16'1011011101001000
Found cached RTLIL representation for module `$paramod\GTP_LUT4\INIT=16'1011011101001000'.
Parameter \INIT = 64'0000000000010000001100000111000000010000001100000111000011110000
Found cached RTLIL representation for module `$paramod$0c75d9771d8390715aca7af4db20ea1c312fb822\GTP_LUT6'.
Parameter \INIT = 64'1110111011101111110011001100111010001000100011000000000000001000
Found cached RTLIL representation for module `$paramod$ba5b7173d63688aef01bb71a72821be0a07f9a87\GTP_LUT6'.
Parameter \INIT = 64'1110111011101111110011001100111010001000100011000000000000001000
Found cached RTLIL representation for module `$paramod$ba5b7173d63688aef01bb71a72821be0a07f9a87\GTP_LUT6'.
Parameter \INIT = 61943
Found cached RTLIL representation for module `$paramod\GTP_LUT5\INIT=32'00000000000000001111000111110111'.
Parameter \INIT = 64'1100111110011111100111110011111100110000011000000110000011000000
Found cached RTLIL representation for module `$paramod$56887f0f5cf82d055e02966d1bd52eb3edcc0195\GTP_LUT6'.
Parameter \INIT = 64'1111111111111111000000010001001100000000000000000000000000000000

3.183. Executing AST frontend in derive mode using pre-parsed AST for module `\GTP_LUT6'.
Parameter \INIT = 64'1111111111111111000000010001001100000000000000000000000000000000
Generating RTLIL representation for module `$paramod$2c13d5acce4c7fd2df879c281671ed02bcc5a3fe\GTP_LUT6'.
Parameter \INIT = 64'1100111110011111001100000110000010011111001111110110000011000000
Found cached RTLIL representation for module `$paramod$951d9341ccd051e40ea46f5cef9c619fbabbc7fe\GTP_LUT6'.
Parameter \INIT = 64'1100111110011111001100000110000010011111001111110110000011000000
Found cached RTLIL representation for module `$paramod$951d9341ccd051e40ea46f5cef9c619fbabbc7fe\GTP_LUT6'.
Parameter \INIT = 64'1100111110011111100111110011111100110000011000000110000011000000
Found cached RTLIL representation for module `$paramod$56887f0f5cf82d055e02966d1bd52eb3edcc0195\GTP_LUT6'.
Parameter \INIT = 32'11111110110010001110110010000000
Found cached RTLIL representation for module `$paramod\GTP_LUT5\INIT=32'11111110110010001110110010000000'.
Parameter \INIT = 64'1110111011101111110011001100111010001000100011000000000000001000
Found cached RTLIL representation for module `$paramod$ba5b7173d63688aef01bb71a72821be0a07f9a87\GTP_LUT6'.
Parameter \INIT = 16'1011011101001000
Found cached RTLIL representation for module `$paramod\GTP_LUT4\INIT=16'1011011101001000'.
Parameter \INIT = 16'1011011101001000
Found cached RTLIL representation for module `$paramod\GTP_LUT4\INIT=16'1011011101001000'.
Parameter \INIT = 64'1110111011101111110011001100111010001000100011000000000000001000
Found cached RTLIL representation for module `$paramod$ba5b7173d63688aef01bb71a72821be0a07f9a87\GTP_LUT6'.
Parameter \INIT = 64'1110111011101111110011001100111010001000100011000000000000001000
Found cached RTLIL representation for module `$paramod$ba5b7173d63688aef01bb71a72821be0a07f9a87\GTP_LUT6'.
Parameter \INIT = 64'0000111100011110001111000111100000011110001111000111100011110000
Found cached RTLIL representation for module `$paramod$f15b9bf9cb8861ef7216179fbd2df4c7c6441f64\GTP_LUT6'.
Parameter \INIT = 64'1110111011101111110011001100111010001000100011000000000000001000
Found cached RTLIL representation for module `$paramod$ba5b7173d63688aef01bb71a72821be0a07f9a87\GTP_LUT6'.
Parameter \INIT = 64'0000000000010000001100000111000000010000001100000111000011110000
Found cached RTLIL representation for module `$paramod$0c75d9771d8390715aca7af4db20ea1c312fb822\GTP_LUT6'.
Parameter \INIT = 64'1100111110011111001100000110000010011111001111110110000011000000
Found cached RTLIL representation for module `$paramod$951d9341ccd051e40ea46f5cef9c619fbabbc7fe\GTP_LUT6'.
Parameter \INIT = 16'1011011101001000
Found cached RTLIL representation for module `$paramod\GTP_LUT4\INIT=16'1011011101001000'.
Parameter \INIT = 16'0000000101010101
Found cached RTLIL representation for module `$paramod\GTP_LUT4\INIT=16'0000000101010101'.
Parameter \INIT = 64'0000000000010000001100000111000000010000001100000111000011110000
Found cached RTLIL representation for module `$paramod$0c75d9771d8390715aca7af4db20ea1c312fb822\GTP_LUT6'.
Parameter \INIT = 16'1011011101001000
Found cached RTLIL representation for module `$paramod\GTP_LUT4\INIT=16'1011011101001000'.
Parameter \INIT = 64'1100111110011111100111110011111100110000011000000110000011000000
Found cached RTLIL representation for module `$paramod$56887f0f5cf82d055e02966d1bd52eb3edcc0195\GTP_LUT6'.
Parameter \INIT = 64'0000000000010000001100000111000000010000001100000111000011110000
Found cached RTLIL representation for module `$paramod$0c75d9771d8390715aca7af4db20ea1c312fb822\GTP_LUT6'.
Parameter \INIT = 64'0000000000010000001100000111000000010000001100000111000011110000
Found cached RTLIL representation for module `$paramod$0c75d9771d8390715aca7af4db20ea1c312fb822\GTP_LUT6'.
Parameter \INIT = 64'0011000011111100011101001011100001110100101110001111110000110000

3.184. Executing AST frontend in derive mode using pre-parsed AST for module `\GTP_LUT6'.
Parameter \INIT = 64'0011000011111100011101001011100001110100101110001111110000110000
Generating RTLIL representation for module `$paramod$89be66fbf504c1fed8175540d9091fe33b7af204\GTP_LUT6'.
Parameter \INIT = 64'0000000000010000001100000111000000010000001100000111000011110000
Found cached RTLIL representation for module `$paramod$0c75d9771d8390715aca7af4db20ea1c312fb822\GTP_LUT6'.
Parameter \INIT = 32'11100100111001001110010001001110
Found cached RTLIL representation for module `$paramod\GTP_LUT5\INIT=32'11100100111001001110010001001110'.
Parameter \INIT = 64'1100111110011111001100000110000010011111001111110110000011000000
Found cached RTLIL representation for module `$paramod$951d9341ccd051e40ea46f5cef9c619fbabbc7fe\GTP_LUT6'.
Parameter \INIT = 64'1100111110011111100111110011111100110000011000000110000011000000
Found cached RTLIL representation for module `$paramod$56887f0f5cf82d055e02966d1bd52eb3edcc0195\GTP_LUT6'.
Parameter \INIT = 64'0100110001001100010011000100110000000100000001000100110000000100
Found cached RTLIL representation for module `$paramod$6788864a5ba2f165a6c227010cdf709df1c0e01d\GTP_LUT6'.
Parameter \INIT = 64'1110111011101111110011001100111010001000100011000000000000001000
Found cached RTLIL representation for module `$paramod$ba5b7173d63688aef01bb71a72821be0a07f9a87\GTP_LUT6'.
Parameter \INIT = 64'1110111011101111110011001100111010001000100011000000000000001000
Found cached RTLIL representation for module `$paramod$ba5b7173d63688aef01bb71a72821be0a07f9a87\GTP_LUT6'.
Parameter \INIT = 64'1100111110011111100111110011111100110000011000000110000011000000
Found cached RTLIL representation for module `$paramod$56887f0f5cf82d055e02966d1bd52eb3edcc0195\GTP_LUT6'.
Parameter \INIT = 64'1110111011101111110011001100111010001000100011000000000000001000
Found cached RTLIL representation for module `$paramod$ba5b7173d63688aef01bb71a72821be0a07f9a87\GTP_LUT6'.
Parameter \INIT = 8'01110010
Found cached RTLIL representation for module `$paramod\GTP_LUT3\INIT=8'01110010'.
Parameter \INIT = 32'11111110110010001110110010000000
Found cached RTLIL representation for module `$paramod\GTP_LUT5\INIT=32'11111110110010001110110010000000'.
Parameter \INIT = 64'0000000000010000001100000111000000010000001100000111000011110000
Found cached RTLIL representation for module `$paramod$0c75d9771d8390715aca7af4db20ea1c312fb822\GTP_LUT6'.
Parameter \INIT = 16'1011010001111000
Found cached RTLIL representation for module `$paramod\GTP_LUT4\INIT=16'1011010001111000'.
Parameter \INIT = 16'1011011101001000
Found cached RTLIL representation for module `$paramod\GTP_LUT4\INIT=16'1011011101001000'.
Parameter \INIT = 32'11111110110010001110110010000000
Found cached RTLIL representation for module `$paramod\GTP_LUT5\INIT=32'11111110110010001110110010000000'.
Parameter \INIT = 64'0000000000010000001100000111000000010000001100000111000011110000
Found cached RTLIL representation for module `$paramod$0c75d9771d8390715aca7af4db20ea1c312fb822\GTP_LUT6'.
Parameter \INIT = 64'1110111011101111110011001100111010001000100011000000000000001000
Found cached RTLIL representation for module `$paramod$ba5b7173d63688aef01bb71a72821be0a07f9a87\GTP_LUT6'.
Parameter \INIT = 64'0000000000010000001100000111000000010000001100000111000011110000
Found cached RTLIL representation for module `$paramod$0c75d9771d8390715aca7af4db20ea1c312fb822\GTP_LUT6'.
Parameter \INIT = 64'1110111011101111110011001100111010001000100011000000000000001000
Found cached RTLIL representation for module `$paramod$ba5b7173d63688aef01bb71a72821be0a07f9a87\GTP_LUT6'.
Parameter \INIT = 64'1100111110011111100111110011111100110000011000000110000011000000
Found cached RTLIL representation for module `$paramod$56887f0f5cf82d055e02966d1bd52eb3edcc0195\GTP_LUT6'.
Parameter \INIT = 64'1100111110011111001100000110000010011111001111110110000011000000
Found cached RTLIL representation for module `$paramod$951d9341ccd051e40ea46f5cef9c619fbabbc7fe\GTP_LUT6'.
Parameter \INIT = 64'0000000000010000001100000111000000010000001100000111000011110000
Found cached RTLIL representation for module `$paramod$0c75d9771d8390715aca7af4db20ea1c312fb822\GTP_LUT6'.
Parameter \INIT = 64'0000000000010000001100000111000000010000001100000111000011110000
Found cached RTLIL representation for module `$paramod$0c75d9771d8390715aca7af4db20ea1c312fb822\GTP_LUT6'.
Parameter \INIT = 16'1011010001111000
Found cached RTLIL representation for module `$paramod\GTP_LUT4\INIT=16'1011010001111000'.
Parameter \INIT = 32'11101110111001000100010001001110

3.185. Executing AST frontend in derive mode using pre-parsed AST for module `\GTP_LUT5'.
Parameter \INIT = 32'11101110111001000100010001001110
Generating RTLIL representation for module `$paramod\GTP_LUT5\INIT=32'11101110111001000100010001001110'.
Parameter \INIT = 32'11111110110010001110110010000000
Found cached RTLIL representation for module `$paramod\GTP_LUT5\INIT=32'11111110110010001110110010000000'.
Parameter \INIT = 64'0000000000010000001100000111000000010000001100000111000011110000
Found cached RTLIL representation for module `$paramod$0c75d9771d8390715aca7af4db20ea1c312fb822\GTP_LUT6'.
Parameter \INIT = 64'0111100001111000011110000111100010110100101101000111100010110100
Found cached RTLIL representation for module `$paramod$b38e8ed8580593830ba5c5520eac2b6518fe48a2\GTP_LUT6'.
Parameter \INIT = 64'1100111110011111100111110011111100110000011000000110000011000000
Found cached RTLIL representation for module `$paramod$56887f0f5cf82d055e02966d1bd52eb3edcc0195\GTP_LUT6'.
Parameter \INIT = 16'1011010001111000
Found cached RTLIL representation for module `$paramod\GTP_LUT4\INIT=16'1011010001111000'.
Parameter \INIT = 2004584580
Found cached RTLIL representation for module `$paramod\GTP_LUT5\INIT=32'01110111011110111000100010000100'.
Parameter \INIT = 64'0000111100011110001111000111100000011110001111000111100011110000
Found cached RTLIL representation for module `$paramod$f15b9bf9cb8861ef7216179fbd2df4c7c6441f64\GTP_LUT6'.
Parameter \INIT = 16'1011011101001000
Found cached RTLIL representation for module `$paramod\GTP_LUT4\INIT=16'1011011101001000'.
Parameter \INIT = 64'1100111110011111100111110011111100110000011000000110000011000000
Found cached RTLIL representation for module `$paramod$56887f0f5cf82d055e02966d1bd52eb3edcc0195\GTP_LUT6'.
Parameter \INIT = 64'1100111110011111001100000110000010011111001111110110000011000000
Found cached RTLIL representation for module `$paramod$951d9341ccd051e40ea46f5cef9c619fbabbc7fe\GTP_LUT6'.
Parameter \INIT = 64'1100111110011111100111110011111100110000011000000110000011000000
Found cached RTLIL representation for module `$paramod$56887f0f5cf82d055e02966d1bd52eb3edcc0195\GTP_LUT6'.
Parameter \INIT = 64'0000000000010000001100000111000000010000001100000111000011110000
Found cached RTLIL representation for module `$paramod$0c75d9771d8390715aca7af4db20ea1c312fb822\GTP_LUT6'.
Parameter \INIT = 64'1110111011101111110011001100111010001000100011000000000000001000
Found cached RTLIL representation for module `$paramod$ba5b7173d63688aef01bb71a72821be0a07f9a87\GTP_LUT6'.
Parameter \INIT = 64'1100111110011111001100000110000010011111001111110110000011000000
Found cached RTLIL representation for module `$paramod$951d9341ccd051e40ea46f5cef9c619fbabbc7fe\GTP_LUT6'.
Parameter \INIT = 64'0000000000010000001100000111000000010000001100000111000011110000
Found cached RTLIL representation for module `$paramod$0c75d9771d8390715aca7af4db20ea1c312fb822\GTP_LUT6'.
Parameter \INIT = 64'0010000000100010001000000010001000100000001000100000000000100010
Found cached RTLIL representation for module `$paramod$2f958ce0214b28f5901173f5fc8c66b503d9e587\GTP_LUT6'.
Parameter \INIT = 64'1110111011101111110011001100111010001000100011000000000000001000
Found cached RTLIL representation for module `$paramod$ba5b7173d63688aef01bb71a72821be0a07f9a87\GTP_LUT6'.
Parameter \INIT = 64'1010100101010110101010010101011010101001010101101111110011111100

3.186. Executing AST frontend in derive mode using pre-parsed AST for module `\GTP_LUT6'.
Parameter \INIT = 64'1010100101010110101010010101011010101001010101101111110011111100
Generating RTLIL representation for module `$paramod$bc963ac03b9d94612ed827fbd207a8640a48e4a2\GTP_LUT6'.
Parameter \INIT = 16'0001000101010001

3.187. Executing AST frontend in derive mode using pre-parsed AST for module `\GTP_LUT4'.
Parameter \INIT = 16'0001000101010001
Generating RTLIL representation for module `$paramod\GTP_LUT4\INIT=16'0001000101010001'.
Parameter \INIT = 64'0000000000010000001100000111000000010000001100000111000011110000
Found cached RTLIL representation for module `$paramod$0c75d9771d8390715aca7af4db20ea1c312fb822\GTP_LUT6'.
Parameter \INIT = 64'0000000000010000001100000111000000010000001100000111000011110000
Found cached RTLIL representation for module `$paramod$0c75d9771d8390715aca7af4db20ea1c312fb822\GTP_LUT6'.
Parameter \INIT = 64'1100111110011111001100000110000010011111001111110110000011000000
Found cached RTLIL representation for module `$paramod$951d9341ccd051e40ea46f5cef9c619fbabbc7fe\GTP_LUT6'.
Parameter \INIT = 16'1011011101001000
Found cached RTLIL representation for module `$paramod\GTP_LUT4\INIT=16'1011011101001000'.
Parameter \INIT = 64'0101010101011001010101010101100101011001010110010101010101011001
Found cached RTLIL representation for module `$paramod$f250f2215e5f2c3a3f2a6ba09def96725fd973d0\GTP_LUT6'.
Parameter \INIT = 16'1011011101001000
Found cached RTLIL representation for module `$paramod\GTP_LUT4\INIT=16'1011011101001000'.
Parameter \INIT = 16'1011011101001000
Found cached RTLIL representation for module `$paramod\GTP_LUT4\INIT=16'1011011101001000'.
Parameter \INIT = 64'0000000000010000001100000111000000010000001100000111000011110000
Found cached RTLIL representation for module `$paramod$0c75d9771d8390715aca7af4db20ea1c312fb822\GTP_LUT6'.
Parameter \INIT = 16'1011011101001000
Found cached RTLIL representation for module `$paramod\GTP_LUT4\INIT=16'1011011101001000'.
Parameter \INIT = 64'0000000000010000001100000111000000010000001100000111000011110000
Found cached RTLIL representation for module `$paramod$0c75d9771d8390715aca7af4db20ea1c312fb822\GTP_LUT6'.
Parameter \INIT = 64'0000000000010000001100000111000000010000001100000111000011110000
Found cached RTLIL representation for module `$paramod$0c75d9771d8390715aca7af4db20ea1c312fb822\GTP_LUT6'.
Parameter \INIT = 64'0111010010111000001100001111110011111100001100000111010010111000

3.188. Executing AST frontend in derive mode using pre-parsed AST for module `\GTP_LUT6'.
Parameter \INIT = 64'0111010010111000001100001111110011111100001100000111010010111000
Generating RTLIL representation for module `$paramod$ead06842ec65f642bc887c86d63c3366000b86a2\GTP_LUT6'.
Parameter \INIT = 64'0000000000010000001100000111000000010000001100000111000011110000
Found cached RTLIL representation for module `$paramod$0c75d9771d8390715aca7af4db20ea1c312fb822\GTP_LUT6'.
Parameter \INIT = 16'1011011101001000
Found cached RTLIL representation for module `$paramod\GTP_LUT4\INIT=16'1011011101001000'.
Parameter \INIT = 16'1011010001111000
Found cached RTLIL representation for module `$paramod\GTP_LUT4\INIT=16'1011010001111000'.
Parameter \INIT = 16'1011010001111000
Found cached RTLIL representation for module `$paramod\GTP_LUT4\INIT=16'1011010001111000'.
Parameter \INIT = 64'1110111011101111110011001100111010001000100011000000000000001000
Found cached RTLIL representation for module `$paramod$ba5b7173d63688aef01bb71a72821be0a07f9a87\GTP_LUT6'.
Parameter \INIT = 64'1000011110000111100001111000011101001011010010111000011101001011

3.189. Executing AST frontend in derive mode using pre-parsed AST for module `\GTP_LUT6'.
Parameter \INIT = 64'1000011110000111100001111000011101001011010010111000011101001011
Generating RTLIL representation for module `$paramod$7ca2f787c7043c9a5065be9fa7772b07e0fc7eb1\GTP_LUT6'.
Parameter \INIT = 64'0011000001100000011000001100000011001111100111111001111100111111
Found cached RTLIL representation for module `$paramod$bc6de2df570eae61bfd8035a14e07bf943960444\GTP_LUT6'.
Parameter \INIT = 64'0000000000010000001100000111000000010000001100000111000011110000
Found cached RTLIL representation for module `$paramod$0c75d9771d8390715aca7af4db20ea1c312fb822\GTP_LUT6'.
Parameter \INIT = 16'1011011101001000
Found cached RTLIL representation for module `$paramod\GTP_LUT4\INIT=16'1011011101001000'.
Parameter \INIT = 16'1011011101001000
Found cached RTLIL representation for module `$paramod\GTP_LUT4\INIT=16'1011011101001000'.
Parameter \INIT = 64'1100111110011111001100000110000010011111001111110110000011000000
Found cached RTLIL representation for module `$paramod$951d9341ccd051e40ea46f5cef9c619fbabbc7fe\GTP_LUT6'.
Parameter \INIT = 64'1100111110011111001100000110000010011111001111110110000011000000
Found cached RTLIL representation for module `$paramod$951d9341ccd051e40ea46f5cef9c619fbabbc7fe\GTP_LUT6'.
Parameter \INIT = 16'1011011101001000
Found cached RTLIL representation for module `$paramod\GTP_LUT4\INIT=16'1011011101001000'.
Parameter \INIT = 16'1011010001111000
Found cached RTLIL representation for module `$paramod\GTP_LUT4\INIT=16'1011010001111000'.
Parameter \INIT = 64'1100111110011111001100000110000010011111001111110110000011000000
Found cached RTLIL representation for module `$paramod$951d9341ccd051e40ea46f5cef9c619fbabbc7fe\GTP_LUT6'.
Parameter \INIT = 64'0000000000010000001100000111000000010000001100000111000011110000
Found cached RTLIL representation for module `$paramod$0c75d9771d8390715aca7af4db20ea1c312fb822\GTP_LUT6'.
Parameter \INIT = 64'1110110011101100100000001000000011101100111111101000000011001000

3.190. Executing AST frontend in derive mode using pre-parsed AST for module `\GTP_LUT6'.
Parameter \INIT = 64'1110110011101100100000001000000011101100111111101000000011001000
Generating RTLIL representation for module `$paramod$e241f7cc97967b7ed42e1b86ff1ff545d8304b5a\GTP_LUT6'.
Parameter \INIT = 64'1100111110011111001100000110000010011111001111110110000011000000
Found cached RTLIL representation for module `$paramod$951d9341ccd051e40ea46f5cef9c619fbabbc7fe\GTP_LUT6'.
Parameter \INIT = 64'1100111110011111001100000110000010011111001111110110000011000000
Found cached RTLIL representation for module `$paramod$951d9341ccd051e40ea46f5cef9c619fbabbc7fe\GTP_LUT6'.
Parameter \INIT = 64'1110111011101111110011001100111010001000100011000000000000001000
Found cached RTLIL representation for module `$paramod$ba5b7173d63688aef01bb71a72821be0a07f9a87\GTP_LUT6'.
Parameter \INIT = 8'11011000

3.191. Executing AST frontend in derive mode using pre-parsed AST for module `\GTP_LUT3'.
Parameter \INIT = 8'11011000
Generating RTLIL representation for module `$paramod\GTP_LUT3\INIT=8'11011000'.
Parameter \INIT = 16'1011011101001000
Found cached RTLIL representation for module `$paramod\GTP_LUT4\INIT=16'1011011101001000'.
Parameter \INIT = 16'1010101100000010

3.192. Executing AST frontend in derive mode using pre-parsed AST for module `\GTP_LUT4'.
Parameter \INIT = 16'1010101100000010
Generating RTLIL representation for module `$paramod\GTP_LUT4\INIT=16'1010101100000010'.
Parameter \INIT = 16'1011010001111000
Found cached RTLIL representation for module `$paramod\GTP_LUT4\INIT=16'1011010001111000'.
Parameter \INIT = 64'1110111011101111110011001100111010001000100011000000000000001000
Found cached RTLIL representation for module `$paramod$ba5b7173d63688aef01bb71a72821be0a07f9a87\GTP_LUT6'.
Parameter \INIT = 16'1011011101001000
Found cached RTLIL representation for module `$paramod\GTP_LUT4\INIT=16'1011011101001000'.
Parameter \INIT = 16'1011011101001000
Found cached RTLIL representation for module `$paramod\GTP_LUT4\INIT=16'1011011101001000'.
Parameter \INIT = 64'1110111011101111110011001100111010001000100011000000000000001000
Found cached RTLIL representation for module `$paramod$ba5b7173d63688aef01bb71a72821be0a07f9a87\GTP_LUT6'.
Parameter \INIT = 64'0101010111000101010101010101010101010101110001010101010111000101
Found cached RTLIL representation for module `$paramod$750375634bdacfa865b218a9fe4cdce7812ef43a\GTP_LUT6'.
Parameter \INIT = 64'1100111110011111100111110011111100110000011000000110000011000000
Found cached RTLIL representation for module `$paramod$56887f0f5cf82d055e02966d1bd52eb3edcc0195\GTP_LUT6'.
Parameter \INIT = 64'0011000011111100011101001011100001110100101110001111110000110000
Found cached RTLIL representation for module `$paramod$89be66fbf504c1fed8175540d9091fe33b7af204\GTP_LUT6'.
Parameter \INIT = 16'1011011101001000
Found cached RTLIL representation for module `$paramod\GTP_LUT4\INIT=16'1011011101001000'.
Parameter \INIT = 16'1111110010101000
Found cached RTLIL representation for module `$paramod\GTP_LUT4\INIT=16'1111110010101000'.
Parameter \INIT = 32'10100110101010101010011010100110

3.193. Executing AST frontend in derive mode using pre-parsed AST for module `\GTP_LUT5'.
Parameter \INIT = 32'10100110101010101010011010100110
Generating RTLIL representation for module `$paramod\GTP_LUT5\INIT=32'10100110101010101010011010100110'.
Parameter \INIT = 64'0000000000010000001100000111000000010000001100000111000011110000
Found cached RTLIL representation for module `$paramod$0c75d9771d8390715aca7af4db20ea1c312fb822\GTP_LUT6'.
Parameter \INIT = 16'1011010001111000
Found cached RTLIL representation for module `$paramod\GTP_LUT4\INIT=16'1011010001111000'.
Parameter \INIT = 64'0000000000010000001100000111000000010000001100000111000011110000
Found cached RTLIL representation for module `$paramod$0c75d9771d8390715aca7af4db20ea1c312fb822\GTP_LUT6'.
Parameter \INIT = 64'1111000011100001110000111000011111100001110000111000011100001111
Found cached RTLIL representation for module `$paramod$1f07c78b7596ae3cc784bc1b7b3088e6f009fa10\GTP_LUT6'.
Parameter \INIT = 64'1100111110011111001100000110000010011111001111110110000011000000
Found cached RTLIL representation for module `$paramod$951d9341ccd051e40ea46f5cef9c619fbabbc7fe\GTP_LUT6'.
Parameter \INIT = 16'1011011101001000
Found cached RTLIL representation for module `$paramod\GTP_LUT4\INIT=16'1011011101001000'.
Parameter \INIT = 16'1011011101001000
Found cached RTLIL representation for module `$paramod\GTP_LUT4\INIT=16'1011011101001000'.
Parameter \INIT = 64'1011010001001011101101000100101110110100010010110000000011111111
Found cached RTLIL representation for module `$paramod$56ec69f5ad3f14b094fc128e37422ac7ba4b7984\GTP_LUT6'.
Parameter \INIT = 16'1011011101001000
Found cached RTLIL representation for module `$paramod\GTP_LUT4\INIT=16'1011011101001000'.
Parameter \INIT = 32'11111110110010001110110010000000
Found cached RTLIL representation for module `$paramod\GTP_LUT5\INIT=32'11111110110010001110110010000000'.
Parameter \INIT = 16'1011011101001000
Found cached RTLIL representation for module `$paramod\GTP_LUT4\INIT=16'1011011101001000'.
Parameter \INIT = 16'1011011101001000
Found cached RTLIL representation for module `$paramod\GTP_LUT4\INIT=16'1011011101001000'.
Parameter \INIT = 64'0000000000010000000100000011000000110000011100000111000011110000
Found cached RTLIL representation for module `$paramod$ee1263cc1ddc67832d9e0851e42d909bf9eef3cd\GTP_LUT6'.
Parameter \INIT = 64'1101001101000000110100110100000011010011010000000111001100010000
Found cached RTLIL representation for module `$paramod$5ffe8ef32f3e30892f465aaf1cda4d491f9f7ca4\GTP_LUT6'.
Parameter \INIT = 8'01110010
Found cached RTLIL representation for module `$paramod\GTP_LUT3\INIT=8'01110010'.
Parameter \INIT = 33694210

3.194. Executing AST frontend in derive mode using pre-parsed AST for module `\GTP_LUT5'.
Parameter \INIT = 33694210
Generating RTLIL representation for module `$paramod\GTP_LUT5\INIT=32'00000010000000100010001000000010'.
Parameter \INIT = 64'0000000000010000001100000111000000010000001100000111000011110000
Found cached RTLIL representation for module `$paramod$0c75d9771d8390715aca7af4db20ea1c312fb822\GTP_LUT6'.
Parameter \INIT = 16'1011011101001000
Found cached RTLIL representation for module `$paramod\GTP_LUT4\INIT=16'1011011101001000'.
Parameter \INIT = 64'1100111110011111001100000110000010011111001111110110000011000000
Found cached RTLIL representation for module `$paramod$951d9341ccd051e40ea46f5cef9c619fbabbc7fe\GTP_LUT6'.
Parameter \INIT = 32'11111110110010001110110010000000
Found cached RTLIL representation for module `$paramod\GTP_LUT5\INIT=32'11111110110010001110110010000000'.
Parameter \INIT = 64'0001000000110000000000000001000001110000111100000011000001110000
Found cached RTLIL representation for module `$paramod$704f8042eefb99c5e76c6f22d96562ed7be56313\GTP_LUT6'.
Parameter \INIT = 64'1100111110011111001100000110000010011111001111110110000011000000
Found cached RTLIL representation for module `$paramod$951d9341ccd051e40ea46f5cef9c619fbabbc7fe\GTP_LUT6'.
Parameter \INIT = 16'1011010001111000
Found cached RTLIL representation for module `$paramod\GTP_LUT4\INIT=16'1011010001111000'.
Parameter \INIT = 64'1101100001010000100111001101100000101000101000000110110000101000

3.195. Executing AST frontend in derive mode using pre-parsed AST for module `\GTP_LUT6'.
Parameter \INIT = 64'1101100001010000100111001101100000101000101000000110110000101000
Generating RTLIL representation for module `$paramod$de0a76b91ca2e525bc99cc8505514d27f3686634\GTP_LUT6'.
Parameter \INIT = 32'11001100100010001100111110001010
Found cached RTLIL representation for module `$paramod\GTP_LUT5\INIT=32'11001100100010001100111110001010'.
Parameter \INIT = 32'11111110110010001110110010000000
Found cached RTLIL representation for module `$paramod\GTP_LUT5\INIT=32'11111110110010001110110010000000'.
Parameter \INIT = 64'1101001101000000110100110100000011010011010000000111001100010000
Found cached RTLIL representation for module `$paramod$5ffe8ef32f3e30892f465aaf1cda4d491f9f7ca4\GTP_LUT6'.
Parameter \INIT = 32'11001100100010001100111110001010
Found cached RTLIL representation for module `$paramod\GTP_LUT5\INIT=32'11001100100010001100111110001010'.
Parameter \INIT = 16'1011010001111000
Found cached RTLIL representation for module `$paramod\GTP_LUT4\INIT=16'1011010001111000'.
Parameter \INIT = 16'1011010001111000
Found cached RTLIL representation for module `$paramod\GTP_LUT4\INIT=16'1011010001111000'.
Parameter \INIT = 64'0110110010010011110000111100001110011100011000110011001100110011
Found cached RTLIL representation for module `$paramod$fb059cea1f34c1df93b32ef7ecd9318417c53d0f\GTP_LUT6'.
Parameter \INIT = 64'1001001101101100001111000011110001100011100111001100110011001100
Found cached RTLIL representation for module `$paramod$1774b298c8b4a8467a2e086a655eca9723a36b76\GTP_LUT6'.
Parameter \INIT = 64'0000001000000000000000000000000000000010000000010000000000000000

3.196. Executing AST frontend in derive mode using pre-parsed AST for module `\GTP_LUT6'.
Parameter \INIT = 64'0000001000000000000000000000000000000010000000010000000000000000
Generating RTLIL representation for module `$paramod$f76e654aca212731ea7d862169097b53e601cdf3\GTP_LUT6'.
Parameter \INIT = 64'0000000100000011000000010000000100000000000000000000000000000000

3.197. Executing AST frontend in derive mode using pre-parsed AST for module `\GTP_LUT6'.
Parameter \INIT = 64'0000000100000011000000010000000100000000000000000000000000000000
Generating RTLIL representation for module `$paramod$296a0638ffff8421f7ebc8172bdf027696c1a1ea\GTP_LUT6'.
Parameter \INIT = 715827882

3.198. Executing AST frontend in derive mode using pre-parsed AST for module `\GTP_LUT5'.
Parameter \INIT = 715827882
Generating RTLIL representation for module `$paramod\GTP_LUT5\INIT=32'00101010101010101010101010101010'.
Parameter \INIT = 64'0000000000000001000000000000000000000000000000000000000000000000

3.199. Executing AST frontend in derive mode using pre-parsed AST for module `\GTP_LUT6'.
Parameter \INIT = 64'0000000000000001000000000000000000000000000000000000000000000000
Generating RTLIL representation for module `$paramod$039e92055ef86e268e8bf7db71f846021a777eda\GTP_LUT6'.
Parameter \INIT = 64'0000000000000000000000000000000000000000000000000000000000000001

3.200. Executing AST frontend in derive mode using pre-parsed AST for module `\GTP_LUT6'.
Parameter \INIT = 64'0000000000000000000000000000000000000000000000000000000000000001
Generating RTLIL representation for module `$paramod$20246d5e7b6bcf137d425da26da5fdd90dad3f52\GTP_LUT6'.
Parameter \INIT = 16'1011010001001011
Found cached RTLIL representation for module `$paramod\GTP_LUT4\INIT=16'1011010001001011'.
Parameter \INIT = 8'00010000

3.201. Executing AST frontend in derive mode using pre-parsed AST for module `\GTP_LUT3'.
Parameter \INIT = 8'00010000
Generating RTLIL representation for module `$paramod\GTP_LUT3\INIT=8'00010000'.
Parameter \INIT = 32'11111010111110100101000011011000
Found cached RTLIL representation for module `$paramod\GTP_LUT5\INIT=32'11111010111110100101000011011000'.
Parameter \INIT = 64'1110111011101111110011001100111010001000100011000000000000001000
Found cached RTLIL representation for module `$paramod$ba5b7173d63688aef01bb71a72821be0a07f9a87\GTP_LUT6'.
Parameter \INIT = 64'1110111011101111110011001100111010001000100011000000000000001000
Found cached RTLIL representation for module `$paramod$ba5b7173d63688aef01bb71a72821be0a07f9a87\GTP_LUT6'.
Parameter \INIT = 64'1110111011101111110011001100111010001000100011000000000000001000
Found cached RTLIL representation for module `$paramod$ba5b7173d63688aef01bb71a72821be0a07f9a87\GTP_LUT6'.
Parameter \INIT = 64'1110111011101111110011001100111010001000100011000000000000001000
Found cached RTLIL representation for module `$paramod$ba5b7173d63688aef01bb71a72821be0a07f9a87\GTP_LUT6'.
Parameter \INIT = 64'1110111011101111110011001100111010001000100011000000000000001000
Found cached RTLIL representation for module `$paramod$ba5b7173d63688aef01bb71a72821be0a07f9a87\GTP_LUT6'.
Parameter \INIT = 32'11111111111111110000010001001100

3.202. Executing AST frontend in derive mode using pre-parsed AST for module `\GTP_LUT5'.
Parameter \INIT = 32'11111111111111110000010001001100
Generating RTLIL representation for module `$paramod\GTP_LUT5\INIT=32'11111111111111110000010001001100'.
Parameter \INIT = 64'1110111011101111110011001100111010001000100011000000000000001000
Found cached RTLIL representation for module `$paramod$ba5b7173d63688aef01bb71a72821be0a07f9a87\GTP_LUT6'.
Parameter \INIT = 64'0000000000010000001100000111000000010000001100000111000011110000
Found cached RTLIL representation for module `$paramod$0c75d9771d8390715aca7af4db20ea1c312fb822\GTP_LUT6'.
Parameter \INIT = 64'1111000011100001110000111000011111100001110000111000011100001111
Found cached RTLIL representation for module `$paramod$1f07c78b7596ae3cc784bc1b7b3088e6f009fa10\GTP_LUT6'.
Parameter \INIT = 64'1110111011101111110011001100111010001000100011000000000000001000
Found cached RTLIL representation for module `$paramod$ba5b7173d63688aef01bb71a72821be0a07f9a87\GTP_LUT6'.
Parameter \INIT = 64'0000000000010000001100000111000000010000001100000111000011110000
Found cached RTLIL representation for module `$paramod$0c75d9771d8390715aca7af4db20ea1c312fb822\GTP_LUT6'.
Parameter \INIT = 64'1100111110011111100111110011111100110000011000000110000011000000
Found cached RTLIL representation for module `$paramod$56887f0f5cf82d055e02966d1bd52eb3edcc0195\GTP_LUT6'.
Parameter \INIT = 16'1011011101001000
Found cached RTLIL representation for module `$paramod\GTP_LUT4\INIT=16'1011011101001000'.
Parameter \INIT = 64'1110111011101111110011001100111010001000100011000000000000001000
Found cached RTLIL representation for module `$paramod$ba5b7173d63688aef01bb71a72821be0a07f9a87\GTP_LUT6'.
Parameter \INIT = 64'1100111110011111100111110011111100110000011000000110000011000000
Found cached RTLIL representation for module `$paramod$56887f0f5cf82d055e02966d1bd52eb3edcc0195\GTP_LUT6'.
Parameter \INIT = 64'0000000001000000010000001100000011001100110011001100110011001100

3.203. Executing AST frontend in derive mode using pre-parsed AST for module `\GTP_LUT6'.
Parameter \INIT = 64'0000000001000000010000001100000011001100110011001100110011001100
Generating RTLIL representation for module `$paramod$17ce79986d1bc174123b0ed208dcaf06e228507d\GTP_LUT6'.
Parameter \INIT = 64'1110111011101111110011001100111010001000100011000000000000001000
Found cached RTLIL representation for module `$paramod$ba5b7173d63688aef01bb71a72821be0a07f9a87\GTP_LUT6'.
Parameter \INIT = 64'1010000010100000101000001011001010110010101100101011001010110010
Found cached RTLIL representation for module `$paramod$b1fb4677aea079d4c03eebaa7bc1f97787dfc032\GTP_LUT6'.
Parameter \INIT = 64'1100111110011111100111110011111100110000011000000110000011000000
Found cached RTLIL representation for module `$paramod$56887f0f5cf82d055e02966d1bd52eb3edcc0195\GTP_LUT6'.
Parameter \INIT = 64'0000000000010000001100000111000000010000001100000111000011110000
Found cached RTLIL representation for module `$paramod$0c75d9771d8390715aca7af4db20ea1c312fb822\GTP_LUT6'.
Parameter \INIT = 64'0000000001000000010000001100000011001100110011001100110011001100
Found cached RTLIL representation for module `$paramod$17ce79986d1bc174123b0ed208dcaf06e228507d\GTP_LUT6'.
Parameter \INIT = 16'1011011101001000
Found cached RTLIL representation for module `$paramod\GTP_LUT4\INIT=16'1011011101001000'.
Parameter \INIT = 16'1011011101001000
Found cached RTLIL representation for module `$paramod\GTP_LUT4\INIT=16'1011011101001000'.
Parameter \INIT = 64'0000000000010000001100000111000000010000001100000111000011110000
Found cached RTLIL representation for module `$paramod$0c75d9771d8390715aca7af4db20ea1c312fb822\GTP_LUT6'.
Parameter \INIT = 64'1100111100110000100111110110000010011111011000000011111111000000
Found cached RTLIL representation for module `$paramod$b52a007edf2fe88b13dd6c5b929b773b8f5b4e73\GTP_LUT6'.
Parameter \INIT = 64'1110111011101111110011001100111010001000100011000000000000001000
Found cached RTLIL representation for module `$paramod$ba5b7173d63688aef01bb71a72821be0a07f9a87\GTP_LUT6'.
Parameter \INIT = 64'1101110111011100111111111111110111001100110011001100110011001100

3.204. Executing AST frontend in derive mode using pre-parsed AST for module `\GTP_LUT6'.
Parameter \INIT = 64'1101110111011100111111111111110111001100110011001100110011001100
Generating RTLIL representation for module `$paramod$e401d81069f970eb7d982db63e49955cb5ffef8c\GTP_LUT6'.
Parameter \INIT = 64'1100110011001100110011001100110000000000010000000100000011000000
Found cached RTLIL representation for module `$paramod$c89604e91de683c14486dd9c1cf554a82342b2d7\GTP_LUT6'.
Parameter \INIT = 64'1110111011101111110011001100111010001000100011000000000000001000
Found cached RTLIL representation for module `$paramod$ba5b7173d63688aef01bb71a72821be0a07f9a87\GTP_LUT6'.
Parameter \INIT = 64'1110111011101111110011001100111010001000100011000000000000001000
Found cached RTLIL representation for module `$paramod$ba5b7173d63688aef01bb71a72821be0a07f9a87\GTP_LUT6'.
Parameter \INIT = 64'1100111110011111001100000110000010011111001111110110000011000000
Found cached RTLIL representation for module `$paramod$951d9341ccd051e40ea46f5cef9c619fbabbc7fe\GTP_LUT6'.
Parameter \INIT = 64'0000000000010000001100000111000000010000001100000111000011110000
Found cached RTLIL representation for module `$paramod$0c75d9771d8390715aca7af4db20ea1c312fb822\GTP_LUT6'.
Parameter \INIT = 64'0000000000010000001100000111000000010000001100000111000011110000
Found cached RTLIL representation for module `$paramod$0c75d9771d8390715aca7af4db20ea1c312fb822\GTP_LUT6'.
Parameter \INIT = 64'0000000000010000001100000111000000010000001100000111000011110000
Found cached RTLIL representation for module `$paramod$0c75d9771d8390715aca7af4db20ea1c312fb822\GTP_LUT6'.
Parameter \INIT = 64'1111000011100001110000111000011111100001110000111000011100001111
Found cached RTLIL representation for module `$paramod$1f07c78b7596ae3cc784bc1b7b3088e6f009fa10\GTP_LUT6'.
Parameter \INIT = 64'1100111110011111100111110011111100110000011000000110000011000000
Found cached RTLIL representation for module `$paramod$56887f0f5cf82d055e02966d1bd52eb3edcc0195\GTP_LUT6'.
Parameter \INIT = 64'0000000000010000001100000111000000010000001100000111000011110000
Found cached RTLIL representation for module `$paramod$0c75d9771d8390715aca7af4db20ea1c312fb822\GTP_LUT6'.
Parameter \INIT = 64'1000100010001100000000000000100011001100110011001100110011001100
Found cached RTLIL representation for module `$paramod$8cd7e9b161dad2ff8eac52b3a80a757c3d59bd4e\GTP_LUT6'.
Parameter \INIT = 64'0000000000010000001100000111000000010000001100000111000011110000
Found cached RTLIL representation for module `$paramod$0c75d9771d8390715aca7af4db20ea1c312fb822\GTP_LUT6'.
Parameter \INIT = 64'0000000000010000001100000111000000010000001100000111000011110000
Found cached RTLIL representation for module `$paramod$0c75d9771d8390715aca7af4db20ea1c312fb822\GTP_LUT6'.
Parameter \INIT = 64'1100111110011111001100000110000010011111001111110110000011000000
Found cached RTLIL representation for module `$paramod$951d9341ccd051e40ea46f5cef9c619fbabbc7fe\GTP_LUT6'.
Parameter \INIT = 32'11111111110011001011001101000000
Found cached RTLIL representation for module `$paramod\GTP_LUT5\INIT=32'11111111110011001011001101000000'.
Parameter \INIT = 64'1110111011101111110011001100111010001000100011000000000000001000
Found cached RTLIL representation for module `$paramod$ba5b7173d63688aef01bb71a72821be0a07f9a87\GTP_LUT6'.
Parameter \INIT = 64'0000111100011110001111000111100000011110001111000111100011110000
Found cached RTLIL representation for module `$paramod$f15b9bf9cb8861ef7216179fbd2df4c7c6441f64\GTP_LUT6'.
Parameter \INIT = 64'0000000000010000001100000111000000010000001100000111000011110000
Found cached RTLIL representation for module `$paramod$0c75d9771d8390715aca7af4db20ea1c312fb822\GTP_LUT6'.
Parameter \INIT = 16'1011011101001000
Found cached RTLIL representation for module `$paramod\GTP_LUT4\INIT=16'1011011101001000'.
Parameter \INIT = 64'0000000000010000001100000111000000010000001100000111000011110000
Found cached RTLIL representation for module `$paramod$0c75d9771d8390715aca7af4db20ea1c312fb822\GTP_LUT6'.
Parameter \INIT = 64'1100111110011111001100000110000010011111001111110110000011000000
Found cached RTLIL representation for module `$paramod$951d9341ccd051e40ea46f5cef9c619fbabbc7fe\GTP_LUT6'.
Parameter \INIT = 64'0000000000010000001100000111000000010000001100000111000011110000
Found cached RTLIL representation for module `$paramod$0c75d9771d8390715aca7af4db20ea1c312fb822\GTP_LUT6'.
Parameter \INIT = 64'1110111011101111110011001100111010001000100011000000000000001000
Found cached RTLIL representation for module `$paramod$ba5b7173d63688aef01bb71a72821be0a07f9a87\GTP_LUT6'.
Parameter \INIT = 64'0000000000010000001100000111000000010000001100000111000011110000
Found cached RTLIL representation for module `$paramod$0c75d9771d8390715aca7af4db20ea1c312fb822\GTP_LUT6'.
Parameter \INIT = 64'1110111011101111110011001100111010001000100011000000000000001000
Found cached RTLIL representation for module `$paramod$ba5b7173d63688aef01bb71a72821be0a07f9a87\GTP_LUT6'.
Parameter \INIT = 64'0000000000010000001100000111000000010000001100000111000011110000
Found cached RTLIL representation for module `$paramod$0c75d9771d8390715aca7af4db20ea1c312fb822\GTP_LUT6'.
Parameter \INIT = 64'1100111110011111001100000110000010011111001111110110000011000000
Found cached RTLIL representation for module `$paramod$951d9341ccd051e40ea46f5cef9c619fbabbc7fe\GTP_LUT6'.
Parameter \INIT = 64'1100111110011111100111110011111100110000011000000110000011000000
Found cached RTLIL representation for module `$paramod$56887f0f5cf82d055e02966d1bd52eb3edcc0195\GTP_LUT6'.
Parameter \INIT = 8'01111000
Found cached RTLIL representation for module `$paramod\GTP_LUT3\INIT=8'01111000'.
Parameter \INIT = 32'11111110110010001110110010000000
Found cached RTLIL representation for module `$paramod\GTP_LUT5\INIT=32'11111110110010001110110010000000'.
Parameter \INIT = 64'0000000000010000001100000111000000010000001100000111000011110000
Found cached RTLIL representation for module `$paramod$0c75d9771d8390715aca7af4db20ea1c312fb822\GTP_LUT6'.
Parameter \INIT = 64'1100111110011111001100000110000010011111001111110110000011000000
Found cached RTLIL representation for module `$paramod$951d9341ccd051e40ea46f5cef9c619fbabbc7fe\GTP_LUT6'.
Parameter \INIT = 64'0000000000010000001100000111000000010000001100000111000011110000
Found cached RTLIL representation for module `$paramod$0c75d9771d8390715aca7af4db20ea1c312fb822\GTP_LUT6'.
Parameter \INIT = 64'1100111110011111001100000110000010011111001111110110000011000000
Found cached RTLIL representation for module `$paramod$951d9341ccd051e40ea46f5cef9c619fbabbc7fe\GTP_LUT6'.
Parameter \INIT = 64'1100111110011111001100000110000010011111001111110110000011000000
Found cached RTLIL representation for module `$paramod$951d9341ccd051e40ea46f5cef9c619fbabbc7fe\GTP_LUT6'.
Parameter \INIT = 64'0000000100110111000000000000000000010011011111110000000000000000
Found cached RTLIL representation for module `$paramod$d21812dac985055b32b3eca39f691c7445670fb1\GTP_LUT6'.
Parameter \INIT = 64'1110111011101111110011001100111010001000100011000000000000001000
Found cached RTLIL representation for module `$paramod$ba5b7173d63688aef01bb71a72821be0a07f9a87\GTP_LUT6'.
Parameter \INIT = 64'1100110011000101110011001100010111000101110001011100110011000101

3.205. Executing AST frontend in derive mode using pre-parsed AST for module `\GTP_LUT6'.
Parameter \INIT = 64'1100110011000101110011001100010111000101110001011100110011000101
Generating RTLIL representation for module `$paramod$9fbc780b78da318befae6258e9becc20ce94f16c\GTP_LUT6'.
Parameter \INIT = 64'1110111011101111110011001100111010001000100011000000000000001000
Found cached RTLIL representation for module `$paramod$ba5b7173d63688aef01bb71a72821be0a07f9a87\GTP_LUT6'.
Parameter \INIT = 64'1110111011101111110011001100111010001000100011000000000000001000
Found cached RTLIL representation for module `$paramod$ba5b7173d63688aef01bb71a72821be0a07f9a87\GTP_LUT6'.
Parameter \INIT = 64'1110111011101111110011001100111010001000100011000000000000001000
Found cached RTLIL representation for module `$paramod$ba5b7173d63688aef01bb71a72821be0a07f9a87\GTP_LUT6'.
Parameter \INIT = 32'11111110110010001110110010000000
Found cached RTLIL representation for module `$paramod\GTP_LUT5\INIT=32'11111110110010001110110010000000'.
Parameter \INIT = 32'11111110110010001110110010000000
Found cached RTLIL representation for module `$paramod\GTP_LUT5\INIT=32'11111110110010001110110010000000'.
Parameter \INIT = 64'1100111110011111100111110011111100110000011000000110000011000000
Found cached RTLIL representation for module `$paramod$56887f0f5cf82d055e02966d1bd52eb3edcc0195\GTP_LUT6'.
Parameter \INIT = 64'0000000000010000001100000111000000010000001100000111000011110000
Found cached RTLIL representation for module `$paramod$0c75d9771d8390715aca7af4db20ea1c312fb822\GTP_LUT6'.
Parameter \INIT = 64'1100111110011111001100000110000010011111001111110110000011000000
Found cached RTLIL representation for module `$paramod$951d9341ccd051e40ea46f5cef9c619fbabbc7fe\GTP_LUT6'.
Parameter \INIT = 64'1100111110011111100111110011111100110000011000000110000011000000
Found cached RTLIL representation for module `$paramod$56887f0f5cf82d055e02966d1bd52eb3edcc0195\GTP_LUT6'.
Parameter \INIT = 64'1010100010100000101010001010000010101000101010001010100010100000
Found cached RTLIL representation for module `$paramod$05bf28522bbfbd204985901a35739be4c355ccc5\GTP_LUT6'.
Parameter \INIT = 64'0100110001001100010011000100110000000100000001000100110000000100
Found cached RTLIL representation for module `$paramod$6788864a5ba2f165a6c227010cdf709df1c0e01d\GTP_LUT6'.
Parameter \INIT = 16'1011010001111000
Found cached RTLIL representation for module `$paramod\GTP_LUT4\INIT=16'1011010001111000'.
Parameter \INIT = 16'1011011101001000
Found cached RTLIL representation for module `$paramod\GTP_LUT4\INIT=16'1011011101001000'.
Parameter \INIT = 64'0011000001110000000000000001000001110000111100000001000000110000
Found cached RTLIL representation for module `$paramod$09259db225d769ce8527a5eada93fb5a1409294b\GTP_LUT6'.
Parameter \INIT = 32'11111010111110100101000011011000
Found cached RTLIL representation for module `$paramod\GTP_LUT5\INIT=32'11111010111110100101000011011000'.
Parameter \INIT = 16'1011010001111000
Found cached RTLIL representation for module `$paramod\GTP_LUT4\INIT=16'1011010001111000'.
Parameter \INIT = 16'1011011101001000
Found cached RTLIL representation for module `$paramod\GTP_LUT4\INIT=16'1011011101001000'.
Parameter \INIT = 64'0101010101011100010101010101110001010101010111000101110001011100

3.206. Executing AST frontend in derive mode using pre-parsed AST for module `\GTP_LUT6'.
Parameter \INIT = 64'0101010101011100010101010101110001010101010111000101110001011100
Generating RTLIL representation for module `$paramod$0deb6b081de45add357b6fe75f0862b3d4ca0f20\GTP_LUT6'.
Parameter \INIT = 16'1011011101001000
Found cached RTLIL representation for module `$paramod\GTP_LUT4\INIT=16'1011011101001000'.
Parameter \INIT = 64'1100111110011111001100000110000010011111001111110110000011000000
Found cached RTLIL representation for module `$paramod$951d9341ccd051e40ea46f5cef9c619fbabbc7fe\GTP_LUT6'.
Parameter \INIT = 64'1100111110011111100111110011111100110000011000000110000011000000
Found cached RTLIL representation for module `$paramod$56887f0f5cf82d055e02966d1bd52eb3edcc0195\GTP_LUT6'.
Parameter \INIT = 16'1011010001111000
Found cached RTLIL representation for module `$paramod\GTP_LUT4\INIT=16'1011010001111000'.
Parameter \INIT = 64'1001100110010101100110011001010110011001100101011001010110010101
Found cached RTLIL representation for module `$paramod$07860755a17736dd23243d1cf61e0b72a7347191\GTP_LUT6'.
Parameter \INIT = 16'1011011101001000
Found cached RTLIL representation for module `$paramod\GTP_LUT4\INIT=16'1011011101001000'.
Parameter \INIT = 16'1011011101001000
Found cached RTLIL representation for module `$paramod\GTP_LUT4\INIT=16'1011011101001000'.
Parameter \INIT = 64'0000000000010000001100000111000000010000001100000111000011110000
Found cached RTLIL representation for module `$paramod$0c75d9771d8390715aca7af4db20ea1c312fb822\GTP_LUT6'.
Parameter \INIT = 16'1011010001111000
Found cached RTLIL representation for module `$paramod\GTP_LUT4\INIT=16'1011010001111000'.
Parameter \INIT = 16'0001000101010001
Found cached RTLIL representation for module `$paramod\GTP_LUT4\INIT=16'0001000101010001'.
Parameter \INIT = 64'0000000000010000001100000111000000010000001100000111000011110000
Found cached RTLIL representation for module `$paramod$0c75d9771d8390715aca7af4db20ea1c312fb822\GTP_LUT6'.
Parameter \INIT = 64'1111000011100001110000111000011111100001110000111000011100001111
Found cached RTLIL representation for module `$paramod$1f07c78b7596ae3cc784bc1b7b3088e6f009fa10\GTP_LUT6'.
Parameter \INIT = 64'0011111111001111001111111001111111000000001100001100000001100000

3.207. Executing AST frontend in derive mode using pre-parsed AST for module `\GTP_LUT6'.
Parameter \INIT = 64'0011111111001111001111111001111111000000001100001100000001100000
Generating RTLIL representation for module `$paramod$972f1714d1dc6b1e3355683168162df4d0a61ad5\GTP_LUT6'.
Parameter \INIT = 64'0000000000010000001100000111000000010000001100000111000011110000
Found cached RTLIL representation for module `$paramod$0c75d9771d8390715aca7af4db20ea1c312fb822\GTP_LUT6'.
Parameter \INIT = 16'1011011101001000
Found cached RTLIL representation for module `$paramod\GTP_LUT4\INIT=16'1011011101001000'.
Parameter \INIT = 16'1011010001111000
Found cached RTLIL representation for module `$paramod\GTP_LUT4\INIT=16'1011010001111000'.
Parameter \INIT = 16'1011010001111000
Found cached RTLIL representation for module `$paramod\GTP_LUT4\INIT=16'1011010001111000'.
Parameter \INIT = 32'11111110110010001110110010000000
Found cached RTLIL representation for module `$paramod\GTP_LUT5\INIT=32'11111110110010001110110010000000'.
Parameter \INIT = 32'11111010111110100101000011011000
Found cached RTLIL representation for module `$paramod\GTP_LUT5\INIT=32'11111010111110100101000011011000'.
Parameter \INIT = 1010580565

3.208. Executing AST frontend in derive mode using pre-parsed AST for module `\GTP_LUT5'.
Parameter \INIT = 1010580565
Generating RTLIL representation for module `$paramod\GTP_LUT5\INIT=32'00111100001111000011110001010101'.
Parameter \INIT = 16'1011011101001000
Found cached RTLIL representation for module `$paramod\GTP_LUT4\INIT=16'1011011101001000'.
Parameter \INIT = 64'0000000000010000001100000111000000010000001100000111000011110000
Found cached RTLIL representation for module `$paramod$0c75d9771d8390715aca7af4db20ea1c312fb822\GTP_LUT6'.
Parameter \INIT = 64'1111111110101010110011001000100011111111101010101111110010101000

3.209. Executing AST frontend in derive mode using pre-parsed AST for module `\GTP_LUT6'.
Parameter \INIT = 64'1111111110101010110011001000100011111111101010101111110010101000
Generating RTLIL representation for module `$paramod$ef38d92811a8e30fc4d3c7f90ccf5820d12a27ee\GTP_LUT6'.
Parameter \INIT = 64'0000000000010000001100000111000000010000001100000111000011110000
Found cached RTLIL representation for module `$paramod$0c75d9771d8390715aca7af4db20ea1c312fb822\GTP_LUT6'.
Parameter \INIT = 16'1011011101001000
Found cached RTLIL representation for module `$paramod\GTP_LUT4\INIT=16'1011011101001000'.
Parameter \INIT = 16'1011011101001000
Found cached RTLIL representation for module `$paramod\GTP_LUT4\INIT=16'1011011101001000'.
Parameter \INIT = 32'11001100100010001100111110001010
Found cached RTLIL representation for module `$paramod\GTP_LUT5\INIT=32'11001100100010001100111110001010'.
Parameter \INIT = 1074024725

3.210. Executing AST frontend in derive mode using pre-parsed AST for module `\GTP_LUT5'.
Parameter \INIT = 1074024725
Generating RTLIL representation for module `$paramod\GTP_LUT5\INIT=32'01000000000001000101000100010101'.
Parameter \INIT = 16'1011010001111000
Found cached RTLIL representation for module `$paramod\GTP_LUT4\INIT=16'1011010001111000'.
Parameter \INIT = 32'11111110110010001110110010000000
Found cached RTLIL representation for module `$paramod\GTP_LUT5\INIT=32'11111110110010001110110010000000'.
Parameter \INIT = 64'0000000000010000000100000011000000110000011100000111000011110000
Found cached RTLIL representation for module `$paramod$ee1263cc1ddc67832d9e0851e42d909bf9eef3cd\GTP_LUT6'.
Parameter \INIT = 16'1110111011101010
Found cached RTLIL representation for module `$paramod\GTP_LUT4\INIT=16'1110111011101010'.
Parameter \INIT = 16'0010000000100010

3.211. Executing AST frontend in derive mode using pre-parsed AST for module `\GTP_LUT4'.
Parameter \INIT = 16'0010000000100010
Generating RTLIL representation for module `$paramod\GTP_LUT4\INIT=16'0010000000100010'.
Parameter \INIT = 64'1000101010101010000010101000101010101010101010101010101010101010

3.212. Executing AST frontend in derive mode using pre-parsed AST for module `\GTP_LUT6'.
Parameter \INIT = 64'1000101010101010000010101000101010101010101010101010101010101010
Generating RTLIL representation for module `$paramod$46f5c0954ad311b7243b5d5291dd3968304cb6e6\GTP_LUT6'.
Parameter \INIT = 64'1101110111011101111111011101110101000100010001001100010001000100

3.213. Executing AST frontend in derive mode using pre-parsed AST for module `\GTP_LUT6'.
Parameter \INIT = 64'1101110111011101111111011101110101000100010001001100010001000100
Generating RTLIL representation for module `$paramod$6c28fc7d1c1b33ea74b310404e7e7972defc560c\GTP_LUT6'.
Parameter \INIT = 64'0100000010000000000000000000000011001100110011001100110011001100

3.214. Executing AST frontend in derive mode using pre-parsed AST for module `\GTP_LUT6'.
Parameter \INIT = 64'0100000010000000000000000000000011001100110011001100110011001100
Generating RTLIL representation for module `$paramod$6bd9a88cca82382d8955092182c81d7fe192acf9\GTP_LUT6'.
Parameter \INIT = 64'0000001000000000000000000000000000000010000000010000000000000000
Found cached RTLIL representation for module `$paramod$f76e654aca212731ea7d862169097b53e601cdf3\GTP_LUT6'.
Parameter \INIT = 64'0000001000000000000000000000000000000010000000010000000000000000
Found cached RTLIL representation for module `$paramod$f76e654aca212731ea7d862169097b53e601cdf3\GTP_LUT6'.
Parameter \INIT = 64'0000001000000000000000000000000000000010000000010000000000000000
Found cached RTLIL representation for module `$paramod$f76e654aca212731ea7d862169097b53e601cdf3\GTP_LUT6'.
Parameter \INIT = 64'0000000000000000000000000000000100000000000000000000000000000000

3.215. Executing AST frontend in derive mode using pre-parsed AST for module `\GTP_LUT6'.
Parameter \INIT = 64'0000000000000000000000000000000100000000000000000000000000000000
Generating RTLIL representation for module `$paramod$f5d0c8e1c3a7898bd818c9cc8dd705ac654e75d6\GTP_LUT6'.
Parameter \INIT = 1073791040

3.216. Executing AST frontend in derive mode using pre-parsed AST for module `\GTP_LUT5'.
Parameter \INIT = 1073791040
Generating RTLIL representation for module `$paramod\GTP_LUT5\INIT=32'01000000000000001100000001000000'.
Parameter \INIT = 1364263936

3.217. Executing AST frontend in derive mode using pre-parsed AST for module `\GTP_LUT5'.
Parameter \INIT = 1364263936
Generating RTLIL representation for module `$paramod\GTP_LUT5\INIT=32'01010001010100010000010000000000'.
Parameter \INIT = 16'1010001010101010

3.218. Executing AST frontend in derive mode using pre-parsed AST for module `\GTP_LUT4'.
Parameter \INIT = 16'1010001010101010
Generating RTLIL representation for module `$paramod\GTP_LUT4\INIT=16'1010001010101010'.
Parameter \INIT = 8'01110010
Found cached RTLIL representation for module `$paramod\GTP_LUT3\INIT=8'01110010'.
Parameter \INIT = 64'1110111011101111110011001100111010001000100011000000000000001000
Found cached RTLIL representation for module `$paramod$ba5b7173d63688aef01bb71a72821be0a07f9a87\GTP_LUT6'.
Parameter \INIT = 64'1110111011101111110011001100111010001000100011000000000000001000
Found cached RTLIL representation for module `$paramod$ba5b7173d63688aef01bb71a72821be0a07f9a87\GTP_LUT6'.
Parameter \INIT = 64'1110111011101111110011001100111010001000100011000000000000001000
Found cached RTLIL representation for module `$paramod$ba5b7173d63688aef01bb71a72821be0a07f9a87\GTP_LUT6'.
Parameter \INIT = 64'1100111110011111100111110011111100110000011000000110000011000000
Found cached RTLIL representation for module `$paramod$56887f0f5cf82d055e02966d1bd52eb3edcc0195\GTP_LUT6'.
Parameter \INIT = 32'11111010111110100101000011011000
Found cached RTLIL representation for module `$paramod\GTP_LUT5\INIT=32'11111010111110100101000011011000'.
Parameter \INIT = 64'1100111110011111100111110011111100110000011000000110000011000000
Found cached RTLIL representation for module `$paramod$56887f0f5cf82d055e02966d1bd52eb3edcc0195\GTP_LUT6'.
Parameter \INIT = 64'1110111011101111110011001100111010001000100011000000000000001000
Found cached RTLIL representation for module `$paramod$ba5b7173d63688aef01bb71a72821be0a07f9a87\GTP_LUT6'.
Parameter \INIT = 64'1010000010100000101000001011001010110010101100101011001010110010
Found cached RTLIL representation for module `$paramod$b1fb4677aea079d4c03eebaa7bc1f97787dfc032\GTP_LUT6'.
Parameter \INIT = 16'1011011101001000
Found cached RTLIL representation for module `$paramod\GTP_LUT4\INIT=16'1011011101001000'.
Parameter \INIT = 64'1110111011101111110011001100111010001000100011000000000000001000
Found cached RTLIL representation for module `$paramod$ba5b7173d63688aef01bb71a72821be0a07f9a87\GTP_LUT6'.
Parameter \INIT = 64'1100111110011111100111110011111100110000011000000110000011000000
Found cached RTLIL representation for module `$paramod$56887f0f5cf82d055e02966d1bd52eb3edcc0195\GTP_LUT6'.
Parameter \INIT = 64'1110111011101111110011001100111010001000100011000000000000001000
Found cached RTLIL representation for module `$paramod$ba5b7173d63688aef01bb71a72821be0a07f9a87\GTP_LUT6'.
Parameter \INIT = 64'0000000000010000001100000111000000010000001100000111000011110000
Found cached RTLIL representation for module `$paramod$0c75d9771d8390715aca7af4db20ea1c312fb822\GTP_LUT6'.
Parameter \INIT = 64'1111000011100001110000111000011111100001110000111000011100001111
Found cached RTLIL representation for module `$paramod$1f07c78b7596ae3cc784bc1b7b3088e6f009fa10\GTP_LUT6'.
Parameter \INIT = 64'1010000010100000101000001011001010110010101100101011001010110010
Found cached RTLIL representation for module `$paramod$b1fb4677aea079d4c03eebaa7bc1f97787dfc032\GTP_LUT6'.
Parameter \INIT = 64'1100111110011111100111110011111100110000011000000110000011000000
Found cached RTLIL representation for module `$paramod$56887f0f5cf82d055e02966d1bd52eb3edcc0195\GTP_LUT6'.
Parameter \INIT = 16'1011011101001000
Found cached RTLIL representation for module `$paramod\GTP_LUT4\INIT=16'1011011101001000'.
Parameter \INIT = 64'0101010101011100010101010101110001010101010111000101110001011100
Found cached RTLIL representation for module `$paramod$0deb6b081de45add357b6fe75f0862b3d4ca0f20\GTP_LUT6'.
Parameter \INIT = 64'1110111011101111110011001100111010001000100011000000000000001000
Found cached RTLIL representation for module `$paramod$ba5b7173d63688aef01bb71a72821be0a07f9a87\GTP_LUT6'.
Parameter \INIT = 61943
Found cached RTLIL representation for module `$paramod\GTP_LUT5\INIT=32'00000000000000001111000111110111'.
Parameter \INIT = 64'1110111011101111110011001100111010001000100011000000000000001000
Found cached RTLIL representation for module `$paramod$ba5b7173d63688aef01bb71a72821be0a07f9a87\GTP_LUT6'.
Parameter \INIT = 64'0000000000010000001100000111000000010000001100000111000011110000
Found cached RTLIL representation for module `$paramod$0c75d9771d8390715aca7af4db20ea1c312fb822\GTP_LUT6'.
Parameter \INIT = 64'1110111011101111110011001100111010001000100011000000000000001000
Found cached RTLIL representation for module `$paramod$ba5b7173d63688aef01bb71a72821be0a07f9a87\GTP_LUT6'.
Parameter \INIT = 64'1110111011101111110011001100111010001000100011000000000000001000
Found cached RTLIL representation for module `$paramod$ba5b7173d63688aef01bb71a72821be0a07f9a87\GTP_LUT6'.
Parameter \INIT = 16'1011011101001000
Found cached RTLIL representation for module `$paramod\GTP_LUT4\INIT=16'1011011101001000'.
Parameter \INIT = 64'1100111110011111001100000110000010011111001111110110000011000000
Found cached RTLIL representation for module `$paramod$951d9341ccd051e40ea46f5cef9c619fbabbc7fe\GTP_LUT6'.
Parameter \INIT = 64'0000000000010000001100000111000000010000001100000111000011110000
Found cached RTLIL representation for module `$paramod$0c75d9771d8390715aca7af4db20ea1c312fb822\GTP_LUT6'.
Parameter \INIT = 32'11111110111011001100100010000000
Found cached RTLIL representation for module `$paramod\GTP_LUT5\INIT=32'11111110111011001100100010000000'.
Parameter \INIT = 64'1100111110011111100111110011111100110000011000000110000011000000
Found cached RTLIL representation for module `$paramod$56887f0f5cf82d055e02966d1bd52eb3edcc0195\GTP_LUT6'.
Parameter \INIT = 64'1100111110011111001100000110000010011111001111110110000011000000
Found cached RTLIL representation for module `$paramod$951d9341ccd051e40ea46f5cef9c619fbabbc7fe\GTP_LUT6'.
Parameter \INIT = 64'0000000000000001000000110000011100000001000000110000011100001111
Found cached RTLIL representation for module `$paramod$40e370adfa6bb0622a98ad9e31f679f8f4ce2b18\GTP_LUT6'.
Parameter \INIT = 64'1100111110011111001100000110000010011111001111110110000011000000
Found cached RTLIL representation for module `$paramod$951d9341ccd051e40ea46f5cef9c619fbabbc7fe\GTP_LUT6'.
Parameter \INIT = 64'1110111011101111110011001100111010001000100011000000000000001000
Found cached RTLIL representation for module `$paramod$ba5b7173d63688aef01bb71a72821be0a07f9a87\GTP_LUT6'.
Parameter \INIT = 64'0000000000010000001100000111000000010000001100000111000011110000
Found cached RTLIL representation for module `$paramod$0c75d9771d8390715aca7af4db20ea1c312fb822\GTP_LUT6'.
Parameter \INIT = 64'1100111110011111001100000110000010011111001111110110000011000000
Found cached RTLIL representation for module `$paramod$951d9341ccd051e40ea46f5cef9c619fbabbc7fe\GTP_LUT6'.
Parameter \INIT = 64'1100111110011111001100000110000010011111001111110110000011000000
Found cached RTLIL representation for module `$paramod$951d9341ccd051e40ea46f5cef9c619fbabbc7fe\GTP_LUT6'.
Parameter \INIT = 64'0000000000000001000000110000011100000001000000110000011100001111
Found cached RTLIL representation for module `$paramod$40e370adfa6bb0622a98ad9e31f679f8f4ce2b18\GTP_LUT6'.
Parameter \INIT = 32'11111110110010001110110010000000
Found cached RTLIL representation for module `$paramod\GTP_LUT5\INIT=32'11111110110010001110110010000000'.
Parameter \INIT = 64'1100111110011111100111110011111100110000011000000110000011000000
Found cached RTLIL representation for module `$paramod$56887f0f5cf82d055e02966d1bd52eb3edcc0195\GTP_LUT6'.
Parameter \INIT = 64'1100111110011111100111110011111100110000011000000110000011000000
Found cached RTLIL representation for module `$paramod$56887f0f5cf82d055e02966d1bd52eb3edcc0195\GTP_LUT6'.
Parameter \INIT = 32'10101011000000100101010011111101
Found cached RTLIL representation for module `$paramod\GTP_LUT5\INIT=32'10101011000000100101010011111101'.
Parameter \INIT = 64'0000000000000001000000110000011100000001000000110000011100001111
Found cached RTLIL representation for module `$paramod$40e370adfa6bb0622a98ad9e31f679f8f4ce2b18\GTP_LUT6'.
Parameter \INIT = 64'1001100110010101100110011001010110011001100101011001010110010101
Found cached RTLIL representation for module `$paramod$07860755a17736dd23243d1cf61e0b72a7347191\GTP_LUT6'.
Parameter \INIT = 32'11111110110010001110110010000000
Found cached RTLIL representation for module `$paramod\GTP_LUT5\INIT=32'11111110110010001110110010000000'.
Parameter \INIT = 64'1100111110011111001100000110000010011111001111110110000011000000
Found cached RTLIL representation for module `$paramod$951d9341ccd051e40ea46f5cef9c619fbabbc7fe\GTP_LUT6'.
Parameter \INIT = 64'1100111110011111001100000110000010011111001111110110000011000000
Found cached RTLIL representation for module `$paramod$951d9341ccd051e40ea46f5cef9c619fbabbc7fe\GTP_LUT6'.
Parameter \INIT = 64'1100111110011111001100000110000010011111001111110110000011000000
Found cached RTLIL representation for module `$paramod$951d9341ccd051e40ea46f5cef9c619fbabbc7fe\GTP_LUT6'.
Parameter \INIT = 64'1110111011101111110011001100111010001000100011000000000000001000
Found cached RTLIL representation for module `$paramod$ba5b7173d63688aef01bb71a72821be0a07f9a87\GTP_LUT6'.
Parameter \INIT = 64'1110111011101111110011001100111010001000100011000000000000001000
Found cached RTLIL representation for module `$paramod$ba5b7173d63688aef01bb71a72821be0a07f9a87\GTP_LUT6'.
Parameter \INIT = 16'1110111011101010
Found cached RTLIL representation for module `$paramod\GTP_LUT4\INIT=16'1110111011101010'.
Parameter \INIT = 32'11111110110010001110110010000000
Found cached RTLIL representation for module `$paramod\GTP_LUT5\INIT=32'11111110110010001110110010000000'.
Parameter \INIT = 64'1100111110011111001100000110000010011111001111110110000011000000
Found cached RTLIL representation for module `$paramod$951d9341ccd051e40ea46f5cef9c619fbabbc7fe\GTP_LUT6'.
Parameter \INIT = 64'0000000000000001000000110000011100000001000000110000011100001111
Found cached RTLIL representation for module `$paramod$40e370adfa6bb0622a98ad9e31f679f8f4ce2b18\GTP_LUT6'.
Parameter \INIT = 64'0000000100000000000000110000000100000111000000110000111100000111

3.219. Executing AST frontend in derive mode using pre-parsed AST for module `\GTP_LUT6'.
Parameter \INIT = 64'0000000100000000000000110000000100000111000000110000111100000111
Generating RTLIL representation for module `$paramod$4ba17415a97c4465417eade04661ea889ecb893b\GTP_LUT6'.
Parameter \INIT = 32'11111110110010001110110010000000
Found cached RTLIL representation for module `$paramod\GTP_LUT5\INIT=32'11111110110010001110110010000000'.
Parameter \INIT = 32'11111110110010001110110010000000
Found cached RTLIL representation for module `$paramod\GTP_LUT5\INIT=32'11111110110010001110110010000000'.
Parameter \INIT = 32'11111110110010001110110010000000
Found cached RTLIL representation for module `$paramod\GTP_LUT5\INIT=32'11111110110010001110110010000000'.
Parameter \INIT = 64'0000000000000001000000110000011100000001000000110000011100001111
Found cached RTLIL representation for module `$paramod$40e370adfa6bb0622a98ad9e31f679f8f4ce2b18\GTP_LUT6'.
Parameter \INIT = 16'1011011101001000
Found cached RTLIL representation for module `$paramod\GTP_LUT4\INIT=16'1011011101001000'.
Parameter \INIT = 16'1011011101001000
Found cached RTLIL representation for module `$paramod\GTP_LUT4\INIT=16'1011011101001000'.
Parameter \INIT = 16'1011011101001000
Found cached RTLIL representation for module `$paramod\GTP_LUT4\INIT=16'1011011101001000'.
Parameter \INIT = 16'1011010001111000
Found cached RTLIL representation for module `$paramod\GTP_LUT4\INIT=16'1011010001111000'.
Parameter \INIT = 64'1100111110011111001100000110000010011111001111110110000011000000
Found cached RTLIL representation for module `$paramod$951d9341ccd051e40ea46f5cef9c619fbabbc7fe\GTP_LUT6'.
Parameter \INIT = 64'1101110111011100111111111111110111001100110011001100110011001100
Found cached RTLIL representation for module `$paramod$e401d81069f970eb7d982db63e49955cb5ffef8c\GTP_LUT6'.
Parameter \INIT = 64'1100111110011111100111110011111100110000011000000110000011000000
Found cached RTLIL representation for module `$paramod$56887f0f5cf82d055e02966d1bd52eb3edcc0195\GTP_LUT6'.
Parameter \INIT = 64'1100111110011111100111110011111100110000011000000110000011000000
Found cached RTLIL representation for module `$paramod$56887f0f5cf82d055e02966d1bd52eb3edcc0195\GTP_LUT6'.
Parameter \INIT = 16'1011011101001000
Found cached RTLIL representation for module `$paramod\GTP_LUT4\INIT=16'1011011101001000'.
Parameter \INIT = 16'1011010001111000
Found cached RTLIL representation for module `$paramod\GTP_LUT4\INIT=16'1011010001111000'.
Parameter \INIT = 16'1110111011101010
Found cached RTLIL representation for module `$paramod\GTP_LUT4\INIT=16'1110111011101010'.
Parameter \INIT = 16'1110111011101010
Found cached RTLIL representation for module `$paramod\GTP_LUT4\INIT=16'1110111011101010'.
Parameter \INIT = 64'0000111100011110001111000111100000011110001111000111100011110000
Found cached RTLIL representation for module `$paramod$f15b9bf9cb8861ef7216179fbd2df4c7c6441f64\GTP_LUT6'.
Parameter \INIT = 16'1011010001111000
Found cached RTLIL representation for module `$paramod\GTP_LUT4\INIT=16'1011010001111000'.
Parameter \INIT = 32'11111110110010001110110010000000
Found cached RTLIL representation for module `$paramod\GTP_LUT5\INIT=32'11111110110010001110110010000000'.
Parameter \INIT = 16'1011010001111000
Found cached RTLIL representation for module `$paramod\GTP_LUT4\INIT=16'1011010001111000'.
Parameter \INIT = 64'0000000111111110001101111100100000010011111011000111111110000000

3.220. Executing AST frontend in derive mode using pre-parsed AST for module `\GTP_LUT6'.
Parameter \INIT = 64'0000000111111110001101111100100000010011111011000111111110000000
Generating RTLIL representation for module `$paramod$1e710aa23d2a0db3699fbbcb4ecb4d47f094383c\GTP_LUT6'.
Parameter \INIT = 16'1011010001111000
Found cached RTLIL representation for module `$paramod\GTP_LUT4\INIT=16'1011010001111000'.
Parameter \INIT = 32'11111010111110100101000011011000
Found cached RTLIL representation for module `$paramod\GTP_LUT5\INIT=32'11111010111110100101000011011000'.
Parameter \INIT = 16'1011011101001000
Found cached RTLIL representation for module `$paramod\GTP_LUT4\INIT=16'1011011101001000'.
Parameter \INIT = 64'1100111110011111100111110011111100110000011000000110000011000000
Found cached RTLIL representation for module `$paramod$56887f0f5cf82d055e02966d1bd52eb3edcc0195\GTP_LUT6'.
Parameter \INIT = 16'1011010001111000
Found cached RTLIL representation for module `$paramod\GTP_LUT4\INIT=16'1011010001111000'.
Parameter \INIT = 16'1011011101001000
Found cached RTLIL representation for module `$paramod\GTP_LUT4\INIT=16'1011011101001000'.
Parameter \INIT = 64'1110111011101111110011001100111010001000100011000000000000001000
Found cached RTLIL representation for module `$paramod$ba5b7173d63688aef01bb71a72821be0a07f9a87\GTP_LUT6'.
Parameter \INIT = 8'01010001
Found cached RTLIL representation for module `$paramod\GTP_LUT3\INIT=8'01010001'.
Parameter \INIT = 16'0010001010100010
Found cached RTLIL representation for module `$paramod\GTP_LUT4\INIT=16'0010001010100010'.
Parameter \INIT = 16'1011010001111000
Found cached RTLIL representation for module `$paramod\GTP_LUT4\INIT=16'1011010001111000'.
Parameter \INIT = 16'1011010001111000
Found cached RTLIL representation for module `$paramod\GTP_LUT4\INIT=16'1011010001111000'.
Parameter \INIT = 16'1011011101001000
Found cached RTLIL representation for module `$paramod\GTP_LUT4\INIT=16'1011011101001000'.
Parameter \INIT = 16'1011011101001000
Found cached RTLIL representation for module `$paramod\GTP_LUT4\INIT=16'1011011101001000'.
Parameter \INIT = 16'0010000000100010
Found cached RTLIL representation for module `$paramod\GTP_LUT4\INIT=16'0010000000100010'.
Parameter \INIT = 64'0011001000110010001100100011001100110000001100000011000000110010

3.221. Executing AST frontend in derive mode using pre-parsed AST for module `\GTP_LUT6'.
Parameter \INIT = 64'0011001000110010001100100011001100110000001100000011000000110010
Generating RTLIL representation for module `$paramod$897ceff9abc933fc69feb3339855ec8df366be97\GTP_LUT6'.
Parameter \INIT = 64'0100000000000000000000000000000000000000000000000000000000000000

3.222. Executing AST frontend in derive mode using pre-parsed AST for module `\GTP_LUT6'.
Parameter \INIT = 64'0100000000000000000000000000000000000000000000000000000000000000
Generating RTLIL representation for module `$paramod$f6c47a76618f374dcca6e4616ee4064fb2f0cd5e\GTP_LUT6'.
Parameter \INIT = 64'0000000000000000000000000000000100000000000000000000000000000000
Found cached RTLIL representation for module `$paramod$f5d0c8e1c3a7898bd818c9cc8dd705ac654e75d6\GTP_LUT6'.
Parameter \INIT = 64'1101110111011100111111111111110100000000000000000000000000000000
Found cached RTLIL representation for module `$paramod$93a26f0a26dec189488b3872d45eec18d34b8b43\GTP_LUT6'.
Parameter \INIT = 2004584580
Found cached RTLIL representation for module `$paramod\GTP_LUT5\INIT=32'01110111011110111000100010000100'.
Parameter \INIT = 64'1110111011101111110011001100111010001000100011000000000000001000
Found cached RTLIL representation for module `$paramod$ba5b7173d63688aef01bb71a72821be0a07f9a87\GTP_LUT6'.
Parameter \INIT = 64'1110111011101111110011001100111010001000100011000000000000001000
Found cached RTLIL representation for module `$paramod$ba5b7173d63688aef01bb71a72821be0a07f9a87\GTP_LUT6'.
Parameter \INIT = 64'1110111011101111110011001100111010001000100011000000000000001000
Found cached RTLIL representation for module `$paramod$ba5b7173d63688aef01bb71a72821be0a07f9a87\GTP_LUT6'.
Parameter \INIT = 64'1110111011101111110011001100111010001000100011000000000000001000
Found cached RTLIL representation for module `$paramod$ba5b7173d63688aef01bb71a72821be0a07f9a87\GTP_LUT6'.
Parameter \INIT = 64'0000000000000001000000110000011100000001000000110000011100001111
Found cached RTLIL representation for module `$paramod$40e370adfa6bb0622a98ad9e31f679f8f4ce2b18\GTP_LUT6'.
Parameter \INIT = 64'1110111011101111110011001100111010001000100011000000000000001000
Found cached RTLIL representation for module `$paramod$ba5b7173d63688aef01bb71a72821be0a07f9a87\GTP_LUT6'.
Parameter \INIT = 64'1110111011101111110011001100111010001000100011000000000000001000
Found cached RTLIL representation for module `$paramod$ba5b7173d63688aef01bb71a72821be0a07f9a87\GTP_LUT6'.
Parameter \INIT = 64'1110111011101111110011001100111010001000100011000000000000001000
Found cached RTLIL representation for module `$paramod$ba5b7173d63688aef01bb71a72821be0a07f9a87\GTP_LUT6'.
Parameter \INIT = 64'0000000000000001000000110000011100000001000000110000011100001111
Found cached RTLIL representation for module `$paramod$40e370adfa6bb0622a98ad9e31f679f8f4ce2b18\GTP_LUT6'.
Parameter \INIT = 64'1110111011101111110011001100111010001000100011000000000000001000
Found cached RTLIL representation for module `$paramod$ba5b7173d63688aef01bb71a72821be0a07f9a87\GTP_LUT6'.
Parameter \INIT = 16'1011011101001000
Found cached RTLIL representation for module `$paramod\GTP_LUT4\INIT=16'1011011101001000'.
Parameter \INIT = 64'0000000100010011000000010001001100000101010111110011011101111111

3.223. Executing AST frontend in derive mode using pre-parsed AST for module `\GTP_LUT6'.
Parameter \INIT = 64'0000000100010011000000010001001100000101010111110011011101111111
Generating RTLIL representation for module `$paramod$5a80f1f509bd6ce309411a66a79bd87e225c5832\GTP_LUT6'.
Parameter \INIT = 64'1110111011101111110011001100111010001000100011000000000000001000
Found cached RTLIL representation for module `$paramod$ba5b7173d63688aef01bb71a72821be0a07f9a87\GTP_LUT6'.
Parameter \INIT = 64'0000000000000001000000110000011100000001000000110000011100001111
Found cached RTLIL representation for module `$paramod$40e370adfa6bb0622a98ad9e31f679f8f4ce2b18\GTP_LUT6'.
Parameter \INIT = 64'0000000000000001000000110000011100000001000000110000011100001111
Found cached RTLIL representation for module `$paramod$40e370adfa6bb0622a98ad9e31f679f8f4ce2b18\GTP_LUT6'.
Parameter \INIT = 16'1011011101001000
Found cached RTLIL representation for module `$paramod\GTP_LUT4\INIT=16'1011011101001000'.
Parameter \INIT = 64'0000000000000001000000110000011100000001000000110000011100001111
Found cached RTLIL representation for module `$paramod$40e370adfa6bb0622a98ad9e31f679f8f4ce2b18\GTP_LUT6'.
Parameter \INIT = 64'1110111011101111110011001100111010001000100011000000000000001000
Found cached RTLIL representation for module `$paramod$ba5b7173d63688aef01bb71a72821be0a07f9a87\GTP_LUT6'.
Parameter \INIT = 64'1110111011101111110011001100111010001000100011000000000000001000
Found cached RTLIL representation for module `$paramod$ba5b7173d63688aef01bb71a72821be0a07f9a87\GTP_LUT6'.
Parameter \INIT = 16'1011011101001000
Found cached RTLIL representation for module `$paramod\GTP_LUT4\INIT=16'1011011101001000'.
Parameter \INIT = 64'0000000000000001000000110000011100000001000000110000011100001111
Found cached RTLIL representation for module `$paramod$40e370adfa6bb0622a98ad9e31f679f8f4ce2b18\GTP_LUT6'.
Parameter \INIT = 64'1100111110011111100111110011111100110000011000000110000011000000
Found cached RTLIL representation for module `$paramod$56887f0f5cf82d055e02966d1bd52eb3edcc0195\GTP_LUT6'.
Parameter \INIT = 32'11111110110010001110110010000000
Found cached RTLIL representation for module `$paramod\GTP_LUT5\INIT=32'11111110110010001110110010000000'.
Parameter \INIT = 64'1110111011101111110011001100111010001000100011000000000000001000
Found cached RTLIL representation for module `$paramod$ba5b7173d63688aef01bb71a72821be0a07f9a87\GTP_LUT6'.
Parameter \INIT = 64'1100111110011111001100000110000010011111001111110110000011000000
Found cached RTLIL representation for module `$paramod$951d9341ccd051e40ea46f5cef9c619fbabbc7fe\GTP_LUT6'.
Parameter \INIT = 32'11111110110010001110110010000000
Found cached RTLIL representation for module `$paramod\GTP_LUT5\INIT=32'11111110110010001110110010000000'.
Parameter \INIT = 16'1011011101001000
Found cached RTLIL representation for module `$paramod\GTP_LUT4\INIT=16'1011011101001000'.
Parameter \INIT = 64'1100111110011111100111110011111100110000011000000110000011000000
Found cached RTLIL representation for module `$paramod$56887f0f5cf82d055e02966d1bd52eb3edcc0195\GTP_LUT6'.
Parameter \INIT = 64'1100111110011111100111110011111100110000011000000110000011000000
Found cached RTLIL representation for module `$paramod$56887f0f5cf82d055e02966d1bd52eb3edcc0195\GTP_LUT6'.
Parameter \INIT = 64'1100111110011111001100000110000010011111001111110110000011000000
Found cached RTLIL representation for module `$paramod$951d9341ccd051e40ea46f5cef9c619fbabbc7fe\GTP_LUT6'.
Parameter \INIT = 16'1011011101001000
Found cached RTLIL representation for module `$paramod\GTP_LUT4\INIT=16'1011011101001000'.
Parameter \INIT = 64'0010001111101111000100111101111100010000110111000010000011101100

3.224. Executing AST frontend in derive mode using pre-parsed AST for module `\GTP_LUT6'.
Parameter \INIT = 64'0010001111101111000100111101111100010000110111000010000011101100
Generating RTLIL representation for module `$paramod$8b59de913fa422fdebc207d9c7134c76e328e21b\GTP_LUT6'.
Parameter \INIT = 64'1100111110011111001100000110000010011111001111110110000011000000
Found cached RTLIL representation for module `$paramod$951d9341ccd051e40ea46f5cef9c619fbabbc7fe\GTP_LUT6'.
Parameter \INIT = 64'1100111110011111100111110011111100110000011000000110000011000000
Found cached RTLIL representation for module `$paramod$56887f0f5cf82d055e02966d1bd52eb3edcc0195\GTP_LUT6'.
Parameter \INIT = 64'1100111110011111100111110011111100110000011000000110000011000000
Found cached RTLIL representation for module `$paramod$56887f0f5cf82d055e02966d1bd52eb3edcc0195\GTP_LUT6'.
Parameter \INIT = 64'1100111110011111001100000110000010011111001111110110000011000000
Found cached RTLIL representation for module `$paramod$951d9341ccd051e40ea46f5cef9c619fbabbc7fe\GTP_LUT6'.
Parameter \INIT = 64'0011011101111111111110111011001100000100010011001100100010000000
Found cached RTLIL representation for module `$paramod$32b78369625acb113aa9d87af649528f5f47b981\GTP_LUT6'.
Parameter \INIT = 16'1011010001111000
Found cached RTLIL representation for module `$paramod\GTP_LUT4\INIT=16'1011010001111000'.
Parameter \INIT = 64'0010001111101111000100111101111100010000110111000010000011101100
Found cached RTLIL representation for module `$paramod$8b59de913fa422fdebc207d9c7134c76e328e21b\GTP_LUT6'.
Parameter \INIT = 64'1100111110011111001100000110000010011111001111110110000011000000
Found cached RTLIL representation for module `$paramod$951d9341ccd051e40ea46f5cef9c619fbabbc7fe\GTP_LUT6'.
Parameter \INIT = 64'1100111110011111001100000110000010011111001111110110000011000000
Found cached RTLIL representation for module `$paramod$951d9341ccd051e40ea46f5cef9c619fbabbc7fe\GTP_LUT6'.
Parameter \INIT = 16'1011011101001000
Found cached RTLIL representation for module `$paramod\GTP_LUT4\INIT=16'1011011101001000'.
Parameter \INIT = 64'1100111110011111100111110011111100110000011000000110000011000000
Found cached RTLIL representation for module `$paramod$56887f0f5cf82d055e02966d1bd52eb3edcc0195\GTP_LUT6'.
Parameter \INIT = 16'1011010001111000
Found cached RTLIL representation for module `$paramod\GTP_LUT4\INIT=16'1011010001111000'.
Parameter \INIT = 16'1011010001111000
Found cached RTLIL representation for module `$paramod\GTP_LUT4\INIT=16'1011010001111000'.
Parameter \INIT = 64'1100111110011111100111110011111100110000011000000110000011000000
Found cached RTLIL representation for module `$paramod$56887f0f5cf82d055e02966d1bd52eb3edcc0195\GTP_LUT6'.
Parameter \INIT = 16'1011010001111000
Found cached RTLIL representation for module `$paramod\GTP_LUT4\INIT=16'1011010001111000'.
Parameter \INIT = 16'1011010001111000
Found cached RTLIL representation for module `$paramod\GTP_LUT4\INIT=16'1011010001111000'.
Parameter \INIT = 16'1011010001111000
Found cached RTLIL representation for module `$paramod\GTP_LUT4\INIT=16'1011010001111000'.
Parameter \INIT = 16'1011010001111000
Found cached RTLIL representation for module `$paramod\GTP_LUT4\INIT=16'1011010001111000'.
Parameter \INIT = 16'1011011101001000
Found cached RTLIL representation for module `$paramod\GTP_LUT4\INIT=16'1011011101001000'.
Parameter \INIT = 16'1011010001111000
Found cached RTLIL representation for module `$paramod\GTP_LUT4\INIT=16'1011010001111000'.
Parameter \INIT = 8'01111000
Found cached RTLIL representation for module `$paramod\GTP_LUT3\INIT=8'01111000'.
Parameter \INIT = 16'1011011101001000
Found cached RTLIL representation for module `$paramod\GTP_LUT4\INIT=16'1011011101001000'.
Parameter \INIT = 16'1011011101001000
Found cached RTLIL representation for module `$paramod\GTP_LUT4\INIT=16'1011011101001000'.
Parameter \INIT = 16'1011010001111000
Found cached RTLIL representation for module `$paramod\GTP_LUT4\INIT=16'1011010001111000'.
Parameter \INIT = 8'11011000
Found cached RTLIL representation for module `$paramod\GTP_LUT3\INIT=8'11011000'.
Parameter \INIT = 16'1011011101001000
Found cached RTLIL representation for module `$paramod\GTP_LUT4\INIT=16'1011011101001000'.
Parameter \INIT = 16'1011011101001000
Found cached RTLIL representation for module `$paramod\GTP_LUT4\INIT=16'1011011101001000'.
Parameter \INIT = 16'1011011101001000
Found cached RTLIL representation for module `$paramod\GTP_LUT4\INIT=16'1011011101001000'.
Parameter \INIT = 16'1011011101001000
Found cached RTLIL representation for module `$paramod\GTP_LUT4\INIT=16'1011011101001000'.
Parameter \INIT = 16'1011011101001000
Found cached RTLIL representation for module `$paramod\GTP_LUT4\INIT=16'1011011101001000'.
Parameter \INIT = 64'0001000000000000000000000000000000000000000000000000000000000000

3.225. Executing AST frontend in derive mode using pre-parsed AST for module `\GTP_LUT6'.
Parameter \INIT = 64'0001000000000000000000000000000000000000000000000000000000000000
Generating RTLIL representation for module `$paramod$e21ef922631554a2b1e65f958db833b8d8f2d51d\GTP_LUT6'.
Parameter \INIT = 64'1000000000000000000000000000000000000000000000000000000000000000

3.226. Executing AST frontend in derive mode using pre-parsed AST for module `\GTP_LUT6'.
Parameter \INIT = 64'1000000000000000000000000000000000000000000000000000000000000000
Generating RTLIL representation for module `$paramod$492504319aaaedd247a3255e8ac4e753d3714520\GTP_LUT6'.
Parameter \INIT = 64'0001000000000000000000000000000000000000000000000000000000000000
Found cached RTLIL representation for module `$paramod$e21ef922631554a2b1e65f958db833b8d8f2d51d\GTP_LUT6'.
Parameter \INIT = 750750959

3.227. Executing AST frontend in derive mode using pre-parsed AST for module `\GTP_LUT5'.
Parameter \INIT = 750750959
Generating RTLIL representation for module `$paramod\GTP_LUT5\INIT=32'00101100101111111000110011101111'.
Parameter \INIT = 8'00110001

3.228. Executing AST frontend in derive mode using pre-parsed AST for module `\GTP_LUT3'.
Parameter \INIT = 8'00110001
Generating RTLIL representation for module `$paramod\GTP_LUT3\INIT=8'00110001'.
Parameter \INIT = 16'1000010001111011

3.229. Executing AST frontend in derive mode using pre-parsed AST for module `\GTP_LUT4'.
Parameter \INIT = 16'1000010001111011
Generating RTLIL representation for module `$paramod\GTP_LUT4\INIT=16'1000010001111011'.
Parameter \INIT = 64'0011000001100000110011111001111101100000110000001001111100111111
Found cached RTLIL representation for module `$paramod$b0d6733f8287b1f4519ab27fafdb29d794eb5ff3\GTP_LUT6'.
Parameter \INIT = 64'0011000001100000011000001100000011001111100111111001111100111111
Found cached RTLIL representation for module `$paramod$bc6de2df570eae61bfd8035a14e07bf943960444\GTP_LUT6'.
Parameter \INIT = 16'0100100010110111
Found cached RTLIL representation for module `$paramod\GTP_LUT4\INIT=16'0100100010110111'.
Parameter \INIT = 16'0100100010110111
Found cached RTLIL representation for module `$paramod\GTP_LUT4\INIT=16'0100100010110111'.
Parameter \INIT = 64'1111111111111111111111111111111111001000100000000000000000000000

3.230. Executing AST frontend in derive mode using pre-parsed AST for module `\GTP_LUT6'.
Parameter \INIT = 64'1111111111111111111111111111111111001000100000000000000000000000
Generating RTLIL representation for module `$paramod$9a524fe595fd76f4b217526508da8ecbec10199a\GTP_LUT6'.
Parameter \INIT = 16'0100101110000111
Found cached RTLIL representation for module `$paramod\GTP_LUT4\INIT=16'0100101110000111'.
Parameter \INIT = 16'0100100010110111
Found cached RTLIL representation for module `$paramod\GTP_LUT4\INIT=16'0100100010110111'.
Parameter \INIT = 64'0011000001100000110011111001111101100000110000001001111100111111
Found cached RTLIL representation for module `$paramod$b0d6733f8287b1f4519ab27fafdb29d794eb5ff3\GTP_LUT6'.
Parameter \INIT = 16'0100100010110111
Found cached RTLIL representation for module `$paramod\GTP_LUT4\INIT=16'0100100010110111'.
Parameter \INIT = 64'0011000001100000110011111001111101100000110000001001111100111111
Found cached RTLIL representation for module `$paramod$b0d6733f8287b1f4519ab27fafdb29d794eb5ff3\GTP_LUT6'.
Parameter \INIT = 64'0011000001100000110011111001111101100000110000001001111100111111
Found cached RTLIL representation for module `$paramod$b0d6733f8287b1f4519ab27fafdb29d794eb5ff3\GTP_LUT6'.
Parameter \INIT = 64'0011000001100000110011111001111101100000110000001001111100111111
Found cached RTLIL representation for module `$paramod$b0d6733f8287b1f4519ab27fafdb29d794eb5ff3\GTP_LUT6'.
Parameter \INIT = 64'0011000001100000011000001100000011001111100111111001111100111111
Found cached RTLIL representation for module `$paramod$bc6de2df570eae61bfd8035a14e07bf943960444\GTP_LUT6'.
Parameter \INIT = 16'0100100010110111
Found cached RTLIL representation for module `$paramod\GTP_LUT4\INIT=16'0100100010110111'.
Parameter \INIT = 64'0011000001100000011000001100000011001111100111111001111100111111
Found cached RTLIL representation for module `$paramod$bc6de2df570eae61bfd8035a14e07bf943960444\GTP_LUT6'.
Parameter \INIT = 16'0100100010110111
Found cached RTLIL representation for module `$paramod\GTP_LUT4\INIT=16'0100100010110111'.
Parameter \INIT = 64'0011000001100000110011111001111101100000110000001001111100111111
Found cached RTLIL representation for module `$paramod$b0d6733f8287b1f4519ab27fafdb29d794eb5ff3\GTP_LUT6'.
Parameter \INIT = 64'0011000001100000110011111001111101100000110000001001111100111111
Found cached RTLIL representation for module `$paramod$b0d6733f8287b1f4519ab27fafdb29d794eb5ff3\GTP_LUT6'.
Parameter \INIT = 64'0011000001100000011000001100000011001111100111111001111100111111
Found cached RTLIL representation for module `$paramod$bc6de2df570eae61bfd8035a14e07bf943960444\GTP_LUT6'.
Parameter \INIT = 64'0011000001100000011000001100000011001111100111111001111100111111
Found cached RTLIL representation for module `$paramod$bc6de2df570eae61bfd8035a14e07bf943960444\GTP_LUT6'.
Parameter \INIT = 64'0011000001100000110011111001111101100000110000001001111100111111
Found cached RTLIL representation for module `$paramod$b0d6733f8287b1f4519ab27fafdb29d794eb5ff3\GTP_LUT6'.
Parameter \INIT = 64'0011000001100000011000001100000011001111100111111001111100111111
Found cached RTLIL representation for module `$paramod$bc6de2df570eae61bfd8035a14e07bf943960444\GTP_LUT6'.
Parameter \INIT = 64'0011000001100000110011111001111101100000110000001001111100111111
Found cached RTLIL representation for module `$paramod$b0d6733f8287b1f4519ab27fafdb29d794eb5ff3\GTP_LUT6'.
Parameter \INIT = 64'0011000001100000011000001100000011001111100111111001111100111111
Found cached RTLIL representation for module `$paramod$bc6de2df570eae61bfd8035a14e07bf943960444\GTP_LUT6'.
Parameter \INIT = 64'0011000001100000110011111001111101100000110000001001111100111111
Found cached RTLIL representation for module `$paramod$b0d6733f8287b1f4519ab27fafdb29d794eb5ff3\GTP_LUT6'.
Parameter \INIT = 64'0011000001100000110011111001111101100000110000001001111100111111
Found cached RTLIL representation for module `$paramod$b0d6733f8287b1f4519ab27fafdb29d794eb5ff3\GTP_LUT6'.
Parameter \INIT = 16'0100101110000111
Found cached RTLIL representation for module `$paramod\GTP_LUT4\INIT=16'0100101110000111'.
Parameter \INIT = 16'0100101110000111
Found cached RTLIL representation for module `$paramod\GTP_LUT4\INIT=16'0100101110000111'.
Parameter \INIT = 16'0100100010110111
Found cached RTLIL representation for module `$paramod\GTP_LUT4\INIT=16'0100100010110111'.
Parameter \INIT = 64'1001001101101100001111000011110001100011100111001100110011001100
Found cached RTLIL representation for module `$paramod$1774b298c8b4a8467a2e086a655eca9723a36b76\GTP_LUT6'.
Parameter \INIT = 720896

3.231. Executing AST frontend in derive mode using pre-parsed AST for module `\GTP_LUT5'.
Parameter \INIT = 720896
Generating RTLIL representation for module `$paramod\GTP_LUT5\INIT=32'00000000000010110000000000000000'.
Parameter \INIT = 64'1110100011101000111010001110100011111111101010101010101000000000

3.232. Executing AST frontend in derive mode using pre-parsed AST for module `\GTP_LUT6D'.
Parameter \INIT = 64'1110100011101000111010001110100011111111101010101010101000000000
Generating RTLIL representation for module `$paramod$bd4ba035eee670a503520688efe5c345253c9d5f\GTP_LUT6D'.
Parameter \INIT = 64'1110100011101000111010001110100011111111101010101010101000000000
Found cached RTLIL representation for module `$paramod$bd4ba035eee670a503520688efe5c345253c9d5f\GTP_LUT6D'.
Parameter \INIT = 64'1110100011101000111010001110100011111111101010101010101000000000
Found cached RTLIL representation for module `$paramod$bd4ba035eee670a503520688efe5c345253c9d5f\GTP_LUT6D'.
Parameter \INIT = 64'0110100101101001011010010110100101010101101010101010101001010101

3.233. Executing AST frontend in derive mode using pre-parsed AST for module `\GTP_LUT6D'.
Parameter \INIT = 64'0110100101101001011010010110100101010101101010101010101001010101
Generating RTLIL representation for module `$paramod$11fed1dd198f80ed0d4318b8012f68678e60c535\GTP_LUT6D'.
Parameter \INIT = 64'0111011100100010011101110010001001011111010111110000101000001010

3.234. Executing AST frontend in derive mode using pre-parsed AST for module `\GTP_LUT6D'.
Parameter \INIT = 64'0111011100100010011101110010001001011111010111110000101000001010
Generating RTLIL representation for module `$paramod$c545c456c9be78860fb6a8fb7b7d2cb9c1393b6e\GTP_LUT6D'.
Parameter \INIT = 64'1110100011101000111010001110100011111111101010101010101000000000
Found cached RTLIL representation for module `$paramod$bd4ba035eee670a503520688efe5c345253c9d5f\GTP_LUT6D'.
Parameter \INIT = 64'0000000000000000111110101111101001110111001000100111011100100010

3.235. Executing AST frontend in derive mode using pre-parsed AST for module `\GTP_LUT6D'.
Parameter \INIT = 64'0000000000000000111110101111101001110111001000100111011100100010
Generating RTLIL representation for module `$paramod$f0e6c605184ad8cf9f568956b13b1861b06941fb\GTP_LUT6D'.
Parameter \INIT = 64'0101111100001010010111110000101001110111011101111000100010001000

3.236. Executing AST frontend in derive mode using pre-parsed AST for module `\GTP_LUT6D'.
Parameter \INIT = 64'0101111100001010010111110000101001110111011101111000100010001000
Generating RTLIL representation for module `$paramod$ede8dedfe9dee0f1663bc944cf9e611acc0161ca\GTP_LUT6D'.
Parameter \INIT = 64'0101111101011111000010100000101001110111001000100111011100100010

3.237. Executing AST frontend in derive mode using pre-parsed AST for module `\GTP_LUT6D'.
Parameter \INIT = 64'0101111101011111000010100000101001110111001000100111011100100010
Generating RTLIL representation for module `$paramod$0dae4d9e1ca50c63fdcb1cefb89e918433b5868e\GTP_LUT6D'.
Parameter \INIT = 64'0101111100001010010111110000101001110111011101111000100010001000
Found cached RTLIL representation for module `$paramod$ede8dedfe9dee0f1663bc944cf9e611acc0161ca\GTP_LUT6D'.
Parameter \INIT = 64'0111011100100010011101110010001001011111010111110000101000001010
Found cached RTLIL representation for module `$paramod$c545c456c9be78860fb6a8fb7b7d2cb9c1393b6e\GTP_LUT6D'.
Parameter \INIT = 64'0101010101010101010100000101000001110111001000100111011100100010

3.238. Executing AST frontend in derive mode using pre-parsed AST for module `\GTP_LUT6D'.
Parameter \INIT = 64'0101010101010101010100000101000001110111001000100111011100100010
Generating RTLIL representation for module `$paramod$1e34627ef1ff08cc201b27d74d787a2796046a50\GTP_LUT6D'.
Parameter \INIT = 64'0101111100001010010111110000101001110111011101111000100010001000
Found cached RTLIL representation for module `$paramod$ede8dedfe9dee0f1663bc944cf9e611acc0161ca\GTP_LUT6D'.
Parameter \INIT = 64'0101111101011111000010100000101001110111001000100111011100100010
Found cached RTLIL representation for module `$paramod$0dae4d9e1ca50c63fdcb1cefb89e918433b5868e\GTP_LUT6D'.
Parameter \INIT = 64'0011111111000000001111111100000001011111010111111010000010100000

3.239. Executing AST frontend in derive mode using pre-parsed AST for module `\GTP_LUT6D'.
Parameter \INIT = 64'0011111111000000001111111100000001011111010111111010000010100000
Generating RTLIL representation for module `$paramod$461eaa86925925867c7891a8b1d576a5f57f5c80\GTP_LUT6D'.
Parameter \INIT = 64'0101010101010101010100000101000001110111100010000111011110001000

3.240. Executing AST frontend in derive mode using pre-parsed AST for module `\GTP_LUT6D'.
Parameter \INIT = 64'0101010101010101010100000101000001110111100010000111011110001000
Generating RTLIL representation for module `$paramod$3a1123eb827210e7e6d4e8c5070450fe78e8b3d0\GTP_LUT6D'.
Parameter \INIT = 64'0101111100001010010111110000101001110111011101111000100010001000
Found cached RTLIL representation for module `$paramod$ede8dedfe9dee0f1663bc944cf9e611acc0161ca\GTP_LUT6D'.
Parameter \INIT = 64'0111011101110111100010001000100001011111000010100101111100001010

3.241. Executing AST frontend in derive mode using pre-parsed AST for module `\GTP_LUT6D'.
Parameter \INIT = 64'0111011101110111100010001000100001011111000010100101111100001010
Generating RTLIL representation for module `$paramod$9ebd56b4eba57b8f2f994356054d4653f724c6b8\GTP_LUT6D'.
Parameter \INIT = 64'0111011101110111001000100010001001011111000010100101111100001010

3.242. Executing AST frontend in derive mode using pre-parsed AST for module `\GTP_LUT6D'.
Parameter \INIT = 64'0111011101110111001000100010001001011111000010100101111100001010
Generating RTLIL representation for module `$paramod$1eb48d280aff69d02b517631fd17ff353de70488\GTP_LUT6D'.
Parameter \INIT = 64'0111011100100010011101110010001001011111010111110000101000001010
Found cached RTLIL representation for module `$paramod$c545c456c9be78860fb6a8fb7b7d2cb9c1393b6e\GTP_LUT6D'.
Parameter \INIT = 64'0101101010101010010110101010101011000011110000110011001100110011

3.243. Executing AST frontend in derive mode using pre-parsed AST for module `\GTP_LUT6D'.
Parameter \INIT = 64'0101101010101010010110101010101011000011110000110011001100110011
Generating RTLIL representation for module `$paramod$10e85ce6d4539d806c535cd386d328e47857f938\GTP_LUT6D'.
Parameter \INIT = 1010587050

3.244. Executing AST frontend in derive mode using pre-parsed AST for module `\GTP_LUT5D'.
Parameter \INIT = 1010587050
Generating RTLIL representation for module `$paramod\GTP_LUT5D\INIT=32'00111100001111000101010110101010'.
Parameter \INIT = 1010587050
Found cached RTLIL representation for module `$paramod\GTP_LUT5D\INIT=32'00111100001111000101010110101010'.
Parameter \INIT = 1010587050
Found cached RTLIL representation for module `$paramod\GTP_LUT5D\INIT=32'00111100001111000101010110101010'.
Parameter \INIT = 1009254

3.245. Executing AST frontend in derive mode using pre-parsed AST for module `\GTP_LUT5D'.
Parameter \INIT = 1009254
Generating RTLIL representation for module `$paramod\GTP_LUT5D\INIT=32'00000000000011110110011001100110'.
Parameter \INIT = 1010587050
Found cached RTLIL representation for module `$paramod\GTP_LUT5D\INIT=32'00111100001111000101010110101010'.
Parameter \INIT = 3365466

3.246. Executing AST frontend in derive mode using pre-parsed AST for module `\GTP_LUT5D'.
Parameter \INIT = 3365466
Generating RTLIL representation for module `$paramod\GTP_LUT5D\INIT=32'00000000001100110101101001011010'.
Parameter \INIT = 1009254
Found cached RTLIL representation for module `$paramod\GTP_LUT5D\INIT=32'00000000000011110110011001100110'.
Parameter \INIT = 50550186

3.247. Executing AST frontend in derive mode using pre-parsed AST for module `\GTP_LUT5D'.
Parameter \INIT = 50550186
Generating RTLIL representation for module `$paramod\GTP_LUT5D\INIT=32'00000011000000110101010110101010'.
Parameter \INIT = 286326799

3.248. Executing AST frontend in derive mode using pre-parsed AST for module `\GTP_LUT5D'.
Parameter \INIT = 286326799
Generating RTLIL representation for module `$paramod\GTP_LUT5D\INIT=32'00010001000100010000000000001111'.
Parameter \INIT = 286326799
Found cached RTLIL representation for module `$paramod\GTP_LUT5D\INIT=32'00010001000100010000000000001111'.
Parameter \INIT = 32'11111010101000001011010001111000

3.249. Executing AST frontend in derive mode using pre-parsed AST for module `\GTP_LUT5D'.
Parameter \INIT = 32'11111010101000001011010001111000
Generating RTLIL representation for module `$paramod\GTP_LUT5D\INIT=32'11111010101000001011010001111000'.
Parameter \INIT = 987409

3.250. Executing AST frontend in derive mode using pre-parsed AST for module `\GTP_LUT5D'.
Parameter \INIT = 987409
Generating RTLIL representation for module `$paramod\GTP_LUT5D\INIT=32'00000000000011110001000100010001'.
Parameter \INIT = 64'1111111111110000111100000000000001000100010001000100010001000100

3.251. Executing AST frontend in derive mode using pre-parsed AST for module `\GTP_LUT6D'.
Parameter \INIT = 64'1111111111110000111100000000000001000100010001000100010001000100
Generating RTLIL representation for module `$paramod$32b392105320d590b0d1335929706f03bc62a2bd\GTP_LUT6D'.
Parameter \INIT = 16'0001000101100110

3.252. Executing AST frontend in derive mode using pre-parsed AST for module `\GTP_LUT4D'.
Parameter \INIT = 16'0001000101100110
Generating RTLIL representation for module `$paramod\GTP_LUT4D\INIT=16'0001000101100110'.
Parameter \INIT = 64'1111111110101010101010100000000000000011000000110000001100000011

3.253. Executing AST frontend in derive mode using pre-parsed AST for module `\GTP_LUT6D'.
Parameter \INIT = 64'1111111110101010101010100000000000000011000000110000001100000011
Generating RTLIL representation for module `$paramod$e7c8afd08dcc13fdf8d16a963571f44a049e6371\GTP_LUT6D'.
Parameter \INIT = 16'0001000101100110
Found cached RTLIL representation for module `$paramod\GTP_LUT4D\INIT=16'0001000101100110'.
Parameter \INIT = 16'0100010010011001

3.254. Executing AST frontend in derive mode using pre-parsed AST for module `\GTP_LUT4D'.
Parameter \INIT = 16'0100010010011001
Generating RTLIL representation for module `$paramod\GTP_LUT4D\INIT=16'0100010010011001'.
Parameter \INIT = 32'11111010101000001011010001111000
Found cached RTLIL representation for module `$paramod\GTP_LUT5D\INIT=32'11111010101000001011010001111000'.
Parameter \INIT = 16'0001000101100110
Found cached RTLIL representation for module `$paramod\GTP_LUT4D\INIT=16'0001000101100110'.
Parameter \INIT = 32'10010101101001100100000001010001

3.255. Executing AST frontend in derive mode using pre-parsed AST for module `\GTP_LUT5D'.
Parameter \INIT = 32'10010101101001100100000001010001
Generating RTLIL representation for module `$paramod\GTP_LUT5D\INIT=32'10010101101001100100000001010001'.
Parameter \INIT = 987409
Found cached RTLIL representation for module `$paramod\GTP_LUT5D\INIT=32'00000000000011110001000100010001'.
Parameter \INIT = 32'10110111010010001111101010100000

3.256. Executing AST frontend in derive mode using pre-parsed AST for module `\GTP_LUT5D'.
Parameter \INIT = 32'10110111010010001111101010100000
Generating RTLIL representation for module `$paramod\GTP_LUT5D\INIT=32'10110111010010001111101010100000'.
Parameter \INIT = 987409
Found cached RTLIL representation for module `$paramod\GTP_LUT5D\INIT=32'00000000000011110001000100010001'.
Parameter \INIT = 987409
Found cached RTLIL representation for module `$paramod\GTP_LUT5D\INIT=32'00000000000011110001000100010001'.
Parameter \INIT = 987409
Found cached RTLIL representation for module `$paramod\GTP_LUT5D\INIT=32'00000000000011110001000100010001'.
Parameter \INIT = 286326799
Found cached RTLIL representation for module `$paramod\GTP_LUT5D\INIT=32'00010001000100010000000000001111'.
Parameter \INIT = 64'1011101101110111010001001000100000000101000001010000010100000101

3.257. Executing AST frontend in derive mode using pre-parsed AST for module `\GTP_LUT6D'.
Parameter \INIT = 64'1011101101110111010001001000100000000101000001010000010100000101
Generating RTLIL representation for module `$paramod$b2d8d094daeff0d143ffecf0d194c6d45d8cacba\GTP_LUT6D'.
Parameter \INIT = 64'0101101010100101010110101010010101000100010001001000100010001000

3.258. Executing AST frontend in derive mode using pre-parsed AST for module `\GTP_LUT6D'.
Parameter \INIT = 64'0101101010100101010110101010010101000100010001001000100010001000
Generating RTLIL representation for module `$paramod$6514437ebc2be36887225f7108438a1e1b3b6b65\GTP_LUT6D'.
Parameter \INIT = 64'1011110001001011011100001000011111110000000011111111000000001111

3.259. Executing AST frontend in derive mode using pre-parsed AST for module `\GTP_LUT6D'.
Parameter \INIT = 64'1011110001001011011100001000011111110000000011111111000000001111
Generating RTLIL representation for module `$paramod$e3b286f9852b83380f3099e0461d08a5bfaa9537\GTP_LUT6D'.
Parameter \INIT = 64'0101010110101010101010100101010100000011000000110000001100000011

3.260. Executing AST frontend in derive mode using pre-parsed AST for module `\GTP_LUT6D'.
Parameter \INIT = 64'0101010110101010101010100101010100000011000000110000001100000011
Generating RTLIL representation for module `$paramod$7b3927fcfc7d364b2fa99b56bc684bba3a49d49a\GTP_LUT6D'.
Parameter \INIT = 64'1011101101110111010001001000100001011010010110100101101001011010

3.261. Executing AST frontend in derive mode using pre-parsed AST for module `\GTP_LUT6D'.
Parameter \INIT = 64'1011101101110111010001001000100001011010010110100101101001011010
Generating RTLIL representation for module `$paramod$9a608af8a229124ec13d555cb65a5726544533ab\GTP_LUT6D'.
Parameter \INIT = 64'1100100110010011001101100110110001011010101001010101101010100101

3.262. Executing AST frontend in derive mode using pre-parsed AST for module `\GTP_LUT6D'.
Parameter \INIT = 64'1100100110010011001101100110110001011010101001010101101010100101
Generating RTLIL representation for module `$paramod$3017076a7215a4248c66152b38e5b848a74e5447\GTP_LUT6D'.
Parameter \INIT = 1145356288

3.263. Executing AST frontend in derive mode using pre-parsed AST for module `\GTP_LUT5D'.
Parameter \INIT = 1145356288
Generating RTLIL representation for module `$paramod\GTP_LUT5D\INIT=32'01000100010001001100000000000000'.
Parameter \INIT = 1145353291

3.264. Executing AST frontend in derive mode using pre-parsed AST for module `\GTP_LUT5D'.
Parameter \INIT = 1145353291
Generating RTLIL representation for module `$paramod\GTP_LUT5D\INIT=32'01000100010001001011010001001011'.
Parameter \INIT = 570433536

3.265. Executing AST frontend in derive mode using pre-parsed AST for module `\GTP_LUT5D'.
Parameter \INIT = 570433536
Generating RTLIL representation for module `$paramod\GTP_LUT5D\INIT=32'00100010000000000010000000000000'.
Parameter \INIT = 64'1011101101110111010001001000100001011010010110100101101001011010
Found cached RTLIL representation for module `$paramod$9a608af8a229124ec13d555cb65a5726544533ab\GTP_LUT6D'.
Parameter \INIT = 64'1010111101011111010100001010000001100011100100111001110001101100

3.266. Executing AST frontend in derive mode using pre-parsed AST for module `\GTP_LUT6D'.
Parameter \INIT = 64'1010111101011111010100001010000001100011100100111001110001101100
Generating RTLIL representation for module `$paramod$4c6ef7381bb67b6b840ee6d5a82d90ba71d74959\GTP_LUT6D'.
Parameter \INIT = 64'1001110001101100011000111001001100100011000100110001000000100000

3.267. Executing AST frontend in derive mode using pre-parsed AST for module `\GTP_LUT6D'.
Parameter \INIT = 64'1001110001101100011000111001001100100011000100110001000000100000
Generating RTLIL representation for module `$paramod$59dac5a12dea57aa537d5305bcb2ec66cfd5e691\GTP_LUT6D'.
Parameter \INIT = 16'0001000101100110
Found cached RTLIL representation for module `$paramod\GTP_LUT4D\INIT=16'0001000101100110'.
Parameter \INIT = 64'1110100011101000111010001110100000000000000000000000000011111111

3.268. Executing AST frontend in derive mode using pre-parsed AST for module `\GTP_LUT6D'.
Parameter \INIT = 64'1110100011101000111010001110100000000000000000000000000011111111
Generating RTLIL representation for module `$paramod$f47193e463bbfbc950dcc5908fe3774c076e228f\GTP_LUT6D'.
Parameter \INIT = 16'0001000101100110
Found cached RTLIL representation for module `$paramod\GTP_LUT4D\INIT=16'0001000101100110'.
Parameter \INIT = 64'0110001110010011100111000110110000010000001000000010001100010011

3.269. Executing AST frontend in derive mode using pre-parsed AST for module `\GTP_LUT6D'.
Parameter \INIT = 64'0110001110010011100111000110110000010000001000000010001100010011
Generating RTLIL representation for module `$paramod$e0894153598e13decf16633393e7d60a8ab0ea6f\GTP_LUT6D'.
Parameter \INIT = 987409
Found cached RTLIL representation for module `$paramod\GTP_LUT5D\INIT=32'00000000000011110001000100010001'.
Parameter \INIT = 64'1111001100111111110000000000110010100110011010101001010101011001

3.270. Executing AST frontend in derive mode using pre-parsed AST for module `\GTP_LUT6D'.
Parameter \INIT = 64'1111001100111111110000000000110010100110011010101001010101011001
Generating RTLIL representation for module `$paramod$4eeb3443e0af2151210db3ed41c7abc97d098c91\GTP_LUT6D'.
Parameter \INIT = 16'0001000101100110
Found cached RTLIL representation for module `$paramod\GTP_LUT4D\INIT=16'0001000101100110'.
Parameter \INIT = 64'0100010011101110111011100100010000001111000011110000000000001111

3.271. Executing AST frontend in derive mode using pre-parsed AST for module `\GTP_LUT6D'.
Parameter \INIT = 64'0100010011101110111011100100010000001111000011110000000000001111
Generating RTLIL representation for module `$paramod$1c707079d13527cf3ef76d5ba573813b6df56197\GTP_LUT6D'.
Parameter \INIT = 987409
Found cached RTLIL representation for module `$paramod\GTP_LUT5D\INIT=32'00000000000011110001000100010001'.
Parameter \INIT = 32'10110100011110001111101010100000

3.272. Executing AST frontend in derive mode using pre-parsed AST for module `\GTP_LUT5D'.
Parameter \INIT = 32'10110100011110001111101010100000
Generating RTLIL representation for module `$paramod\GTP_LUT5D\INIT=32'10110100011110001111101010100000'.
Parameter \INIT = 16'0001000101100110
Found cached RTLIL representation for module `$paramod\GTP_LUT4D\INIT=16'0001000101100110'.
Parameter \INIT = 286326799
Found cached RTLIL representation for module `$paramod\GTP_LUT5D\INIT=32'00010001000100010000000000001111'.
Parameter \INIT = 32'10110100011110001111101010100000
Found cached RTLIL representation for module `$paramod\GTP_LUT5D\INIT=32'10110100011110001111101010100000'.
Parameter \INIT = 32'10110100011110001111101010100000
Found cached RTLIL representation for module `$paramod\GTP_LUT5D\INIT=32'10110100011110001111101010100000'.
Parameter \INIT = 16'0001000101100110
Found cached RTLIL representation for module `$paramod\GTP_LUT4D\INIT=16'0001000101100110'.
Parameter \INIT = 16'0001000101100110
Found cached RTLIL representation for module `$paramod\GTP_LUT4D\INIT=16'0001000101100110'.
Parameter \INIT = 205476160

3.273. Executing AST frontend in derive mode using pre-parsed AST for module `\GTP_LUT5D'.
Parameter \INIT = 205476160
Generating RTLIL representation for module `$paramod\GTP_LUT5D\INIT=32'00001100001111110101000101000000'.
Parameter \INIT = 987409
Found cached RTLIL representation for module `$paramod\GTP_LUT5D\INIT=32'00000000000011110001000100010001'.
Parameter \INIT = 32'10110100011110001111101010100000
Found cached RTLIL representation for module `$paramod\GTP_LUT5D\INIT=32'10110100011110001111101010100000'.
Parameter \INIT = 64'0000000000000000111100001111111100010001000100010001000100010001

3.274. Executing AST frontend in derive mode using pre-parsed AST for module `\GTP_LUT6D'.
Parameter \INIT = 64'0000000000000000111100001111111100010001000100010001000100010001
Generating RTLIL representation for module `$paramod$01951d3ac7eb2934808406de7a90f73a28bce76c\GTP_LUT6D'.
Parameter \INIT = 64'0000000000000000111100001111111100010001000100010001000100010001
Found cached RTLIL representation for module `$paramod$01951d3ac7eb2934808406de7a90f73a28bce76c\GTP_LUT6D'.
Parameter \INIT = 16'1100001101010001

3.275. Executing AST frontend in derive mode using pre-parsed AST for module `\GTP_LUT4D'.
Parameter \INIT = 16'1100001101010001
Generating RTLIL representation for module `$paramod\GTP_LUT4D\INIT=16'1100001101010001'.
Parameter \INIT = 64'1100100010000000111111101110110011001001100100110011011001101100

3.276. Executing AST frontend in derive mode using pre-parsed AST for module `\GTP_LUT6D'.
Parameter \INIT = 64'1100100010000000111111101110110011001001100100110011011001101100
Generating RTLIL representation for module `$paramod$304965d5399b3b25a551af9bdfc77638657c8c9c\GTP_LUT6D'.
Parameter \INIT = 32'11111010101000001011011101001000

3.277. Executing AST frontend in derive mode using pre-parsed AST for module `\GTP_LUT5D'.
Parameter \INIT = 32'11111010101000001011011101001000
Generating RTLIL representation for module `$paramod\GTP_LUT5D\INIT=32'11111010101000001011011101001000'.
Parameter \INIT = 32'10110111010010001111101010100000
Found cached RTLIL representation for module `$paramod\GTP_LUT5D\INIT=32'10110111010010001111101010100000'.
Parameter \INIT = 987409
Found cached RTLIL representation for module `$paramod\GTP_LUT5D\INIT=32'00000000000011110001000100010001'.
Parameter \INIT = 32'11111010101000001011010001111000
Found cached RTLIL representation for module `$paramod\GTP_LUT5D\INIT=32'11111010101000001011010001111000'.
Parameter \INIT = 32'10110111010010001111101010100000
Found cached RTLIL representation for module `$paramod\GTP_LUT5D\INIT=32'10110111010010001111101010100000'.
Parameter \INIT = 32'11111010101000001011010001111000
Found cached RTLIL representation for module `$paramod\GTP_LUT5D\INIT=32'11111010101000001011010001111000'.
Parameter \INIT = 32'11111010101000001011010001111000
Found cached RTLIL representation for module `$paramod\GTP_LUT5D\INIT=32'11111010101000001011010001111000'.
Parameter \INIT = 32'11111010101000001011011101001000
Found cached RTLIL representation for module `$paramod\GTP_LUT5D\INIT=32'11111010101000001011011101001000'.
Parameter \INIT = 987409
Found cached RTLIL representation for module `$paramod\GTP_LUT5D\INIT=32'00000000000011110001000100010001'.
Parameter \INIT = 987409
Found cached RTLIL representation for module `$paramod\GTP_LUT5D\INIT=32'00000000000011110001000100010001'.
Parameter \INIT = 32'10110100011110001111101010100000
Found cached RTLIL representation for module `$paramod\GTP_LUT5D\INIT=32'10110100011110001111101010100000'.
Parameter \INIT = 32'11111010101000001011010001111000
Found cached RTLIL representation for module `$paramod\GTP_LUT5D\INIT=32'11111010101000001011010001111000'.
Parameter \INIT = 987409
Found cached RTLIL representation for module `$paramod\GTP_LUT5D\INIT=32'00000000000011110001000100010001'.
Parameter \INIT = 32'10110100011110001111101010100000
Found cached RTLIL representation for module `$paramod\GTP_LUT5D\INIT=32'10110100011110001111101010100000'.
Parameter \INIT = 286326799
Found cached RTLIL representation for module `$paramod\GTP_LUT5D\INIT=32'00010001000100010000000000001111'.
Parameter \INIT = 286326799
Found cached RTLIL representation for module `$paramod\GTP_LUT5D\INIT=32'00010001000100010000000000001111'.
Parameter \INIT = 987409
Found cached RTLIL representation for module `$paramod\GTP_LUT5D\INIT=32'00000000000011110001000100010001'.
Parameter \INIT = 64'1011101101110111010001001000100000000101000001010000010100000101
Found cached RTLIL representation for module `$paramod$b2d8d094daeff0d143ffecf0d194c6d45d8cacba\GTP_LUT6D'.
Parameter \INIT = 64'1011101101110111010001001000100001011010010110100101101001011010
Found cached RTLIL representation for module `$paramod$9a608af8a229124ec13d555cb65a5726544533ab\GTP_LUT6D'.
Parameter \INIT = 64'1011101101110111010001001000100000000101000001010000010100000101
Found cached RTLIL representation for module `$paramod$b2d8d094daeff0d143ffecf0d194c6d45d8cacba\GTP_LUT6D'.
Parameter \INIT = 64'1011011101001000101101110100100001010101010101011010101010101010

3.278. Executing AST frontend in derive mode using pre-parsed AST for module `\GTP_LUT6D'.
Parameter \INIT = 64'1011011101001000101101110100100001010101010101011010101010101010
Generating RTLIL representation for module `$paramod$4423c194664bf0335d103333460b31b1b13d03ba\GTP_LUT6D'.
Parameter \INIT = 64'1011011101001000101101110100100000000000000000000101010101010101

3.279. Executing AST frontend in derive mode using pre-parsed AST for module `\GTP_LUT6D'.
Parameter \INIT = 64'1011011101001000101101110100100000000000000000000101010101010101
Generating RTLIL representation for module `$paramod$3162d1c10e3b1a49aee26fa976ae76b3fa987b59\GTP_LUT6D'.
Parameter \INIT = 64'1011011101001000101101110100100001010101010101011010101010101010
Found cached RTLIL representation for module `$paramod$4423c194664bf0335d103333460b31b1b13d03ba\GTP_LUT6D'.
Parameter \INIT = 64'1011011101001000101101110100100000000000000000000101010101010101
Found cached RTLIL representation for module `$paramod$3162d1c10e3b1a49aee26fa976ae76b3fa987b59\GTP_LUT6D'.
Parameter \INIT = 64'1011011110110111010010000100100000000000010101010000000001010101

3.280. Executing AST frontend in derive mode using pre-parsed AST for module `\GTP_LUT6D'.
Parameter \INIT = 64'1011011110110111010010000100100000000000010101010000000001010101
Generating RTLIL representation for module `$paramod$4bc40d86a52c1e63c4562b2dc449fde362de88e5\GTP_LUT6D'.
Parameter \INIT = 64'1001100101010101100110010101010100001111000011111111000011110000

3.281. Executing AST frontend in derive mode using pre-parsed AST for module `\GTP_LUT6D'.
Parameter \INIT = 64'1001100101010101100110010101010100001111000011111111000011110000
Generating RTLIL representation for module `$paramod$dd9c8722e62662f993db2ba8b20ad11b332ab942\GTP_LUT6D'.
Parameter \INIT = 64'1011011110110111010010000100100001010101101010100101010110101010

3.282. Executing AST frontend in derive mode using pre-parsed AST for module `\GTP_LUT6D'.
Parameter \INIT = 64'1011011110110111010010000100100001010101101010100101010110101010
Generating RTLIL representation for module `$paramod$dca40f54523b286918dfcf57a009f40043243f8d\GTP_LUT6D'.
Parameter \INIT = 64'0011000000110000001100000011000010101111111111110000010101010101

3.283. Executing AST frontend in derive mode using pre-parsed AST for module `\GTP_LUT6D'.
Parameter \INIT = 64'0011000000110000001100000011000010101111111111110000010101010101
Generating RTLIL representation for module `$paramod$46d3e16c04bfe1b4f0b58b14a125a24e207cc06d\GTP_LUT6D'.
Parameter \INIT = 64'0011000000110000001100000011000010101111010100000101000010101111

3.284. Executing AST frontend in derive mode using pre-parsed AST for module `\GTP_LUT6D'.
Parameter \INIT = 64'0011000000110000001100000011000010101111010100000101000010101111
Generating RTLIL representation for module `$paramod$f72c46f961b2bac3a99f2a52f7748c06e246eef3\GTP_LUT6D'.
Parameter \INIT = 64'1011010001001011101101000100101110101010101010100101010101010101

3.285. Executing AST frontend in derive mode using pre-parsed AST for module `\GTP_LUT6D'.
Parameter \INIT = 64'1011010001001011101101000100101110101010101010100101010101010101
Generating RTLIL representation for module `$paramod$0de14bd6f4af05587059e88ad7395a3915bd6356\GTP_LUT6D'.
Parameter \INIT = 32'10100000111110100100100010110111

3.286. Executing AST frontend in derive mode using pre-parsed AST for module `\GTP_LUT5D'.
Parameter \INIT = 32'10100000111110100100100010110111
Generating RTLIL representation for module `$paramod\GTP_LUT5D\INIT=32'10100000111110100100100010110111'.
Parameter \INIT = 64'0011000000110000001100000011000010101111010100000101000010101111
Found cached RTLIL representation for module `$paramod$f72c46f961b2bac3a99f2a52f7748c06e246eef3\GTP_LUT6D'.
Parameter \INIT = 64'0011000000110000001100000011000000000000000000001010111111111111

3.287. Executing AST frontend in derive mode using pre-parsed AST for module `\GTP_LUT6D'.
Parameter \INIT = 64'0011000000110000001100000011000000000000000000001010111111111111
Generating RTLIL representation for module `$paramod$82dd2479de6336a0732397f62a310ecb806c2a00\GTP_LUT6D'.
Parameter \INIT = 64'0001000000010000000100000001000000000000000000000000000011111111

3.288. Executing AST frontend in derive mode using pre-parsed AST for module `\GTP_LUT6D'.
Parameter \INIT = 64'0001000000010000000100000001000000000000000000000000000011111111
Generating RTLIL representation for module `$paramod$39d688e45d1638d2eb5939d97c31487604773b85\GTP_LUT6D'.
Parameter \INIT = 32'11110011110000000101000101000000

3.289. Executing AST frontend in derive mode using pre-parsed AST for module `\GTP_LUT5D'.
Parameter \INIT = 32'11110011110000000101000101000000
Generating RTLIL representation for module `$paramod\GTP_LUT5D\INIT=32'11110011110000000101000101000000'.
Parameter \INIT = 64'1000100001000100000000000000000011110000000000001111000000000000

3.290. Executing AST frontend in derive mode using pre-parsed AST for module `\GTP_LUT6D'.
Parameter \INIT = 64'1000100001000100000000000000000011110000000000001111000000000000
Generating RTLIL representation for module `$paramod$fe9af186da0a26d9485325ca6423ff8ce486f310\GTP_LUT6D'.
Parameter \INIT = 64'1011101101110111010001001000100000000101000001010000010100000101
Found cached RTLIL representation for module `$paramod$b2d8d094daeff0d143ffecf0d194c6d45d8cacba\GTP_LUT6D'.
Parameter \INIT = 64'0101111110100000101011110101000000010011011011001010001100011100

3.291. Executing AST frontend in derive mode using pre-parsed AST for module `\GTP_LUT6D'.
Parameter \INIT = 64'0101111110100000101011110101000000010011011011001010001100011100
Generating RTLIL representation for module `$paramod$46a7fd9fa76703893bf91e173298242d6f7b4900\GTP_LUT6D'.
Parameter \INIT = 64'0011000000110011001100000011001110101010101010100101010101010101

3.292. Executing AST frontend in derive mode using pre-parsed AST for module `\GTP_LUT6D'.
Parameter \INIT = 64'0011000000110011001100000011001110101010101010100101010101010101
Generating RTLIL representation for module `$paramod$58755af4624e26311566875bbd5a883b5ba73ac5\GTP_LUT6D'.
Parameter \INIT = 205498005

3.293. Executing AST frontend in derive mode using pre-parsed AST for module `\GTP_LUT5D'.
Parameter \INIT = 205498005
Generating RTLIL representation for module `$paramod\GTP_LUT5D\INIT=32'00001100001111111010011010010101'.
Parameter \INIT = 64'1010111101010000010111111010000001100011100111001001001101101100

3.294. Executing AST frontend in derive mode using pre-parsed AST for module `\GTP_LUT6D'.
Parameter \INIT = 64'1010111101010000010111111010000001100011100111001001001101101100
Generating RTLIL representation for module `$paramod$a1085436c2c545ad5d7960f5b9338d229974b180\GTP_LUT6D'.
Parameter \INIT = 1453916931

3.295. Executing AST frontend in derive mode using pre-parsed AST for module `\GTP_LUT5D'.
Parameter \INIT = 1453916931
Generating RTLIL representation for module `$paramod\GTP_LUT5D\INIT=32'01010110101010010000001100000011'.
Parameter \INIT = 32'10100000111110100100100010110111
Found cached RTLIL representation for module `$paramod\GTP_LUT5D\INIT=32'10100000111110100100100010110111'.
Parameter \INIT = 64'0110001110010011100111000110110000010000001000000010001100010011
Found cached RTLIL representation for module `$paramod$e0894153598e13decf16633393e7d60a8ab0ea6f\GTP_LUT6D'.
Parameter \INIT = 64'1001110001101100011000111001001100100011000100110001000000100000
Found cached RTLIL representation for module `$paramod$59dac5a12dea57aa537d5305bcb2ec66cfd5e691\GTP_LUT6D'.
Parameter \INIT = 16'0001000101100110
Found cached RTLIL representation for module `$paramod\GTP_LUT4D\INIT=16'0001000101100110'.
Parameter \INIT = 32'10110111010010001011011101001000

3.296. Executing AST frontend in derive mode using pre-parsed AST for module `\GTP_LUT5D'.
Parameter \INIT = 32'10110111010010001011011101001000
Generating RTLIL representation for module `$paramod\GTP_LUT5D\INIT=32'10110111010010001011011101001000'.
Parameter \INIT = 16'0001000101100110
Found cached RTLIL representation for module `$paramod\GTP_LUT4D\INIT=16'0001000101100110'.
Parameter \INIT = 16'0001000101100110
Found cached RTLIL representation for module `$paramod\GTP_LUT4D\INIT=16'0001000101100110'.
Parameter \INIT = 64'1110110111011101100001000100010010100101010101011010010101010101

3.297. Executing AST frontend in derive mode using pre-parsed AST for module `\GTP_LUT6D'.
Parameter \INIT = 64'1110110111011101100001000100010010100101010101011010010101010101
Generating RTLIL representation for module `$paramod$776f34e3342868272505654f9782970af7cda005\GTP_LUT6D'.
Parameter \INIT = 1363151935

3.298. Executing AST frontend in derive mode using pre-parsed AST for module `\GTP_LUT5D'.
Parameter \INIT = 1363151935
Generating RTLIL representation for module `$paramod\GTP_LUT5D\INIT=32'01010001010000000000110000111111'.
Parameter \INIT = 987409
Found cached RTLIL representation for module `$paramod\GTP_LUT5D\INIT=32'00000000000011110001000100010001'.
Parameter \INIT = 16'1001100100001011

3.299. Executing AST frontend in derive mode using pre-parsed AST for module `\GTP_LUT4D'.
Parameter \INIT = 16'1001100100001011
Generating RTLIL representation for module `$paramod\GTP_LUT4D\INIT=16'1001100100001011'.
Parameter \INIT = 32'11111010101000001011010001111000
Found cached RTLIL representation for module `$paramod\GTP_LUT5D\INIT=32'11111010101000001011010001111000'.
Parameter \INIT = 16'0001000101100110
Found cached RTLIL representation for module `$paramod\GTP_LUT4D\INIT=16'0001000101100110'.
Parameter \INIT = 16'0001000101100110
Found cached RTLIL representation for module `$paramod\GTP_LUT4D\INIT=16'0001000101100110'.
Parameter \INIT = 64'1100100010000000111111101110110011001001100100110011011001101100
Found cached RTLIL representation for module `$paramod$304965d5399b3b25a551af9bdfc77638657c8c9c\GTP_LUT6D'.
Parameter \INIT = 16'0001000101100110
Found cached RTLIL representation for module `$paramod\GTP_LUT4D\INIT=16'0001000101100110'.
Parameter \INIT = 1363151935
Found cached RTLIL representation for module `$paramod\GTP_LUT5D\INIT=32'01010001010000000000110000111111'.
Parameter \INIT = 16'0001000101100110
Found cached RTLIL representation for module `$paramod\GTP_LUT4D\INIT=16'0001000101100110'.
Parameter \INIT = 32'11111010101000001011010001111000
Found cached RTLIL representation for module `$paramod\GTP_LUT5D\INIT=32'11111010101000001011010001111000'.
Parameter \INIT = 16'0001000101100110
Found cached RTLIL representation for module `$paramod\GTP_LUT4D\INIT=16'0001000101100110'.
Parameter \INIT = 1219993850

3.300. Executing AST frontend in derive mode using pre-parsed AST for module `\GTP_LUT5D'.
Parameter \INIT = 1219993850
Generating RTLIL representation for module `$paramod\GTP_LUT5D\INIT=32'01001000101101111010000011111010'.
Parameter \INIT = 286326799
Found cached RTLIL representation for module `$paramod\GTP_LUT5D\INIT=32'00010001000100010000000000001111'.
Parameter \INIT = 64'1010101000000000111111111010101000000011000000110000001100000011

3.301. Executing AST frontend in derive mode using pre-parsed AST for module `\GTP_LUT6D'.
Parameter \INIT = 64'1010101000000000111111111010101000000011000000110000001100000011
Generating RTLIL representation for module `$paramod$93553d21b6759e4d55145c4be4f5e4ec7042e2d8\GTP_LUT6D'.
Parameter \INIT = 16'0001000101100110
Found cached RTLIL representation for module `$paramod\GTP_LUT4D\INIT=16'0001000101100110'.
Parameter \INIT = 64'1100100110010011001101100110110011001000100000001111111011101100

3.302. Executing AST frontend in derive mode using pre-parsed AST for module `\GTP_LUT6D'.
Parameter \INIT = 64'1100100110010011001101100110110011001000100000001111111011101100
Generating RTLIL representation for module `$paramod$3aef9a5ff6b5a39bea648b2b7fec2c8f8f33ca29\GTP_LUT6D'.
Parameter \INIT = 16'0001000101100110
Found cached RTLIL representation for module `$paramod\GTP_LUT4D\INIT=16'0001000101100110'.
Parameter \INIT = 1219999560

3.303. Executing AST frontend in derive mode using pre-parsed AST for module `\GTP_LUT5D'.
Parameter \INIT = 1219999560
Generating RTLIL representation for module `$paramod\GTP_LUT5D\INIT=32'01001000101101111011011101001000'.
Parameter \INIT = 987409
Found cached RTLIL representation for module `$paramod\GTP_LUT5D\INIT=32'00000000000011110001000100010001'.
Parameter \INIT = 32'10110100011110001111101010100000
Found cached RTLIL representation for module `$paramod\GTP_LUT5D\INIT=32'10110100011110001111101010100000'.
Parameter \INIT = 286326799
Found cached RTLIL representation for module `$paramod\GTP_LUT5D\INIT=32'00010001000100010000000000001111'.
Parameter \INIT = 32'10110100011110001111101010100000
Found cached RTLIL representation for module `$paramod\GTP_LUT5D\INIT=32'10110100011110001111101010100000'.
Parameter \INIT = 286326799
Found cached RTLIL representation for module `$paramod\GTP_LUT5D\INIT=32'00010001000100010000000000001111'.
Parameter \INIT = 16'0001000101100110
Found cached RTLIL representation for module `$paramod\GTP_LUT4D\INIT=16'0001000101100110'.
Parameter \INIT = 32'11111010101000001011010001111000
Found cached RTLIL representation for module `$paramod\GTP_LUT5D\INIT=32'11111010101000001011010001111000'.
Parameter \INIT = 16'0100010010011001
Found cached RTLIL representation for module `$paramod\GTP_LUT4D\INIT=16'0100010010011001'.
Parameter \INIT = 286326799
Found cached RTLIL representation for module `$paramod\GTP_LUT5D\INIT=32'00010001000100010000000000001111'.
Parameter \INIT = 286326799
Found cached RTLIL representation for module `$paramod\GTP_LUT5D\INIT=32'00010001000100010000000000001111'.
Parameter \INIT = 32'11111010101000001011010001111000
Found cached RTLIL representation for module `$paramod\GTP_LUT5D\INIT=32'11111010101000001011010001111000'.
Parameter \INIT = 286326799
Found cached RTLIL representation for module `$paramod\GTP_LUT5D\INIT=32'00010001000100010000000000001111'.
Parameter \INIT = 286326799
Found cached RTLIL representation for module `$paramod\GTP_LUT5D\INIT=32'00010001000100010000000000001111'.
Parameter \INIT = 32'10110100011110001111101010100000
Found cached RTLIL representation for module `$paramod\GTP_LUT5D\INIT=32'10110100011110001111101010100000'.
Parameter \INIT = 987409
Found cached RTLIL representation for module `$paramod\GTP_LUT5D\INIT=32'00000000000011110001000100010001'.
Parameter \INIT = 32'11111010101000001011010001111000
Found cached RTLIL representation for module `$paramod\GTP_LUT5D\INIT=32'11111010101000001011010001111000'.
Parameter \INIT = 32'11111010101000001011010001111000
Found cached RTLIL representation for module `$paramod\GTP_LUT5D\INIT=32'11111010101000001011010001111000'.
Parameter \INIT = 987409
Found cached RTLIL representation for module `$paramod\GTP_LUT5D\INIT=32'00000000000011110001000100010001'.
Parameter \INIT = 32'11111010101000001011010001111000
Found cached RTLIL representation for module `$paramod\GTP_LUT5D\INIT=32'11111010101000001011010001111000'.
Parameter \INIT = 64'0111011101111011100010001000010010101010101011110000000000001010

3.304. Executing AST frontend in derive mode using pre-parsed AST for module `\GTP_LUT6D'.
Parameter \INIT = 64'0111011101111011100010001000010010101010101011110000000000001010
Generating RTLIL representation for module `$paramod$e4f4b2bf6e54a8eae6b25fbe48bbe66bc4c5f7a4\GTP_LUT6D'.
Parameter \INIT = 987409
Found cached RTLIL representation for module `$paramod\GTP_LUT5D\INIT=32'00000000000011110001000100010001'.
Parameter \INIT = 32'11111010101000001011010001111000
Found cached RTLIL representation for module `$paramod\GTP_LUT5D\INIT=32'11111010101000001011010001111000'.
Parameter \INIT = 32'10100000111110100100100010110111
Found cached RTLIL representation for module `$paramod\GTP_LUT5D\INIT=32'10100000111110100100100010110111'.
Parameter \INIT = 32'10110100011110001111101010100000
Found cached RTLIL representation for module `$paramod\GTP_LUT5D\INIT=32'10110100011110001111101010100000'.
Parameter \INIT = 32'11111010101000001011010001111000
Found cached RTLIL representation for module `$paramod\GTP_LUT5D\INIT=32'11111010101000001011010001111000'.
Parameter \INIT = 64'0111011101111011100010001000010010101010101011110000000000001010
Found cached RTLIL representation for module `$paramod$e4f4b2bf6e54a8eae6b25fbe48bbe66bc4c5f7a4\GTP_LUT6D'.
Parameter \INIT = 286326799
Found cached RTLIL representation for module `$paramod\GTP_LUT5D\INIT=32'00010001000100010000000000001111'.
Parameter \INIT = 987409
Found cached RTLIL representation for module `$paramod\GTP_LUT5D\INIT=32'00000000000011110001000100010001'.
Parameter \INIT = 32'10110100011110001111101010100000
Found cached RTLIL representation for module `$paramod\GTP_LUT5D\INIT=32'10110100011110001111101010100000'.
Parameter \INIT = 32'11111010101000001011010001111000
Found cached RTLIL representation for module `$paramod\GTP_LUT5D\INIT=32'11111010101000001011010001111000'.
Parameter \INIT = 987409
Found cached RTLIL representation for module `$paramod\GTP_LUT5D\INIT=32'00000000000011110001000100010001'.
Parameter \INIT = 64'1010111101010000010111111010000001100011100111001001001101101100
Found cached RTLIL representation for module `$paramod$a1085436c2c545ad5d7960f5b9338d229974b180\GTP_LUT6D'.
Parameter \INIT = 64'0111011101111011100010001000010010101010101011110000000000001010
Found cached RTLIL representation for module `$paramod$e4f4b2bf6e54a8eae6b25fbe48bbe66bc4c5f7a4\GTP_LUT6D'.
Parameter \INIT = 64'1010101010101111000000000000101001110111011110111000100010000100

3.305. Executing AST frontend in derive mode using pre-parsed AST for module `\GTP_LUT6D'.
Parameter \INIT = 64'1010101010101111000000000000101001110111011110111000100010000100
Generating RTLIL representation for module `$paramod$9d91eab03c9a808f611edae1403c6044cce351fe\GTP_LUT6D'.
Parameter \INIT = 64'1011011101001000101101110100100001010101010101011010101010101010
Found cached RTLIL representation for module `$paramod$4423c194664bf0335d103333460b31b1b13d03ba\GTP_LUT6D'.
Parameter \INIT = 64'1011011101001000101101110100100000000000000000001010101010101010

3.306. Executing AST frontend in derive mode using pre-parsed AST for module `\GTP_LUT6D'.
Parameter \INIT = 64'1011011101001000101101110100100000000000000000001010101010101010
Generating RTLIL representation for module `$paramod$c03cda98268425c6f945503e7b43676891c0fb93\GTP_LUT6D'.
Parameter \INIT = 64'1011101101110111010001001000100000000101000001010000010100000101
Found cached RTLIL representation for module `$paramod$b2d8d094daeff0d143ffecf0d194c6d45d8cacba\GTP_LUT6D'.
Parameter \INIT = 64'1011011101001000101101110100100001010101010101011010101010101010
Found cached RTLIL representation for module `$paramod$4423c194664bf0335d103333460b31b1b13d03ba\GTP_LUT6D'.
Parameter \INIT = 32'11000011001100110101000001010000

3.307. Executing AST frontend in derive mode using pre-parsed AST for module `\GTP_LUT5D'.
Parameter \INIT = 32'11000011001100110101000001010000
Generating RTLIL representation for module `$paramod\GTP_LUT5D\INIT=32'11000011001100110101000001010000'.
Parameter \INIT = 64'1111111100000011111111110000000000000101000001010000000000000000

3.308. Executing AST frontend in derive mode using pre-parsed AST for module `\GTP_LUT6D'.
Parameter \INIT = 64'1111111100000011111111110000000000000101000001010000000000000000
Generating RTLIL representation for module `$paramod$77aec33ec33d7449abdc42d285cfff46d68bcf3b\GTP_LUT6D'.
Parameter \INIT = 64'1101001101000000011100110001000011000011110000110011001100110011

3.309. Executing AST frontend in derive mode using pre-parsed AST for module `\GTP_LUT6D'.
Parameter \INIT = 64'1101001101000000011100110001000011000011110000110011001100110011
Generating RTLIL representation for module `$paramod$6056785a1d9475f059826fae593357e1c74dd68c\GTP_LUT6D'.
Parameter \INIT = 64'1101001101000000011100110001000011000011110000110011001100110011
Found cached RTLIL representation for module `$paramod$6056785a1d9475f059826fae593357e1c74dd68c\GTP_LUT6D'.
Parameter \INIT = 64'0000001100000011000000110000001111111111101010101010101000000000

3.310. Executing AST frontend in derive mode using pre-parsed AST for module `\GTP_LUT6D'.
Parameter \INIT = 64'0000001100000011000000110000001111111111101010101010101000000000
Generating RTLIL representation for module `$paramod$59cbfe4d8728420fa4924df8369b2dd674690ac7\GTP_LUT6D'.
Parameter \INIT = 64'1001100101010101101010100110011000000101000001010000010100000101

3.311. Executing AST frontend in derive mode using pre-parsed AST for module `\GTP_LUT6D'.
Parameter \INIT = 64'1001100101010101101010100110011000000101000001010000010100000101
Generating RTLIL representation for module `$paramod$352ab638bbb343bd92cd1284894d83060e311f7b\GTP_LUT6D'.
Parameter \INIT = 64'1011011101001000101101110100100000000000000000000101010101010101
Found cached RTLIL representation for module `$paramod$3162d1c10e3b1a49aee26fa976ae76b3fa987b59\GTP_LUT6D'.
Parameter \INIT = 64'1011101101110111010001001000100000000101000001010000010100000101
Found cached RTLIL representation for module `$paramod$b2d8d094daeff0d143ffecf0d194c6d45d8cacba\GTP_LUT6D'.
Parameter \INIT = 32'10110111010010000000000001010101

3.312. Executing AST frontend in derive mode using pre-parsed AST for module `\GTP_LUT5D'.
Parameter \INIT = 32'10110111010010000000000001010101
Generating RTLIL representation for module `$paramod\GTP_LUT5D\INIT=32'10110111010010000000000001010101'.
Parameter \INIT = 64'1011011101001000101101110100100010101010101010100101010101010101

3.313. Executing AST frontend in derive mode using pre-parsed AST for module `\GTP_LUT6D'.
Parameter \INIT = 64'1011011101001000101101110100100010101010101010100101010101010101
Generating RTLIL representation for module `$paramod$9fb831f112f3bae4e835a96ef36553ef43fb62e5\GTP_LUT6D'.
Parameter \INIT = 64'1011101101110111010001001000100000000101000001010000010100000101
Found cached RTLIL representation for module `$paramod$b2d8d094daeff0d143ffecf0d194c6d45d8cacba\GTP_LUT6D'.
Parameter \INIT = 64'0100100010110111010010001011011100000000000000000101010101010101

3.314. Executing AST frontend in derive mode using pre-parsed AST for module `\GTP_LUT6D'.
Parameter \INIT = 64'0100100010110111010010001011011100000000000000000101010101010101
Generating RTLIL representation for module `$paramod$ee2f5b754302182e418215b57e061374c268c6a9\GTP_LUT6D'.
Parameter \INIT = 64'0101010101010101101010101010101010110111010010001011011101001000

3.315. Executing AST frontend in derive mode using pre-parsed AST for module `\GTP_LUT6D'.
Parameter \INIT = 64'0101010101010101101010101010101010110111010010001011011101001000
Generating RTLIL representation for module `$paramod$dba629db9204b9121d4538245f5b467b5498f66e\GTP_LUT6D'.
Parameter \INIT = 1437264104

3.316. Executing AST frontend in derive mode using pre-parsed AST for module `\GTP_LUT5D'.
Parameter \INIT = 1437264104
Generating RTLIL representation for module `$paramod\GTP_LUT5D\INIT=32'01010101101010101110100011101000'.
Parameter \INIT = 16'0101000000110000

3.317. Executing AST frontend in derive mode using pre-parsed AST for module `\GTP_LUT4D'.
Parameter \INIT = 16'0101000000110000
Generating RTLIL representation for module `$paramod\GTP_LUT4D\INIT=16'0101000000110000'.
Parameter \INIT = 16'0101000000110000
Found cached RTLIL representation for module `$paramod\GTP_LUT4D\INIT=16'0101000000110000'.
Parameter \INIT = 1145356288
Found cached RTLIL representation for module `$paramod\GTP_LUT5D\INIT=32'01000100010001001100000000000000'.
Parameter \INIT = 1363151935
Found cached RTLIL representation for module `$paramod\GTP_LUT5D\INIT=32'01010001010000000000110000111111'.
Parameter \INIT = 64'1011011101001000101101110100100000000000000000000101010101010101
Found cached RTLIL representation for module `$paramod$3162d1c10e3b1a49aee26fa976ae76b3fa987b59\GTP_LUT6D'.
Parameter \INIT = 64'0011011001101100110010011001001111111110111011001100100010000000

3.318. Executing AST frontend in derive mode using pre-parsed AST for module `\GTP_LUT6D'.
Parameter \INIT = 64'0011011001101100110010011001001111111110111011001100100010000000
Generating RTLIL representation for module `$paramod$94dc1036ca84a684dd91d5d88db838f4dce1a55d\GTP_LUT6D'.
Parameter \INIT = 64'0100010001000100010001000100010011110000000000001111111111110000

3.319. Executing AST frontend in derive mode using pre-parsed AST for module `\GTP_LUT6D'.
Parameter \INIT = 64'0100010001000100010001000100010011110000000000001111111111110000
Generating RTLIL representation for module `$paramod$28ca4db1e013af619b3afc51725620bc78d0b6ed\GTP_LUT6D'.
Parameter \INIT = 64'0000000001010101000000000101010110110111101101110100100001001000

3.320. Executing AST frontend in derive mode using pre-parsed AST for module `\GTP_LUT6D'.
Parameter \INIT = 64'0000000001010101000000000101010110110111101101110100100001001000
Generating RTLIL representation for module `$paramod$b244ab0e33bb0fbf46a33baeed5c1272f5080ab2\GTP_LUT6D'.
Parameter \INIT = 64'0000000000000000110011001100110001011010101001010101101010100101

3.321. Executing AST frontend in derive mode using pre-parsed AST for module `\GTP_LUT6D'.
Parameter \INIT = 64'0000000000000000110011001100110001011010101001010101101010100101
Generating RTLIL representation for module `$paramod$e05e84a0c7b5acdffd97c38d3966a2482d4a374e\GTP_LUT6D'.
Parameter \INIT = 64'1111111110101010101010100000000011101000111010001110100011101000

3.322. Executing AST frontend in derive mode using pre-parsed AST for module `\GTP_LUT6D'.
Parameter \INIT = 64'1111111110101010101010100000000011101000111010001110100011101000
Generating RTLIL representation for module `$paramod$a6e605327cfae1ccfc6de811818bd3ac91f8d77f\GTP_LUT6D'.
Parameter \INIT = 64'0101010101010101101010101010101010110111010010001011011101001000
Found cached RTLIL representation for module `$paramod$dba629db9204b9121d4538245f5b467b5498f66e\GTP_LUT6D'.
Parameter \INIT = 64'0101010101010101101010101010101010110111010010001011011101001000
Found cached RTLIL representation for module `$paramod$dba629db9204b9121d4538245f5b467b5498f66e\GTP_LUT6D'.
Parameter \INIT = 987409
Found cached RTLIL representation for module `$paramod\GTP_LUT5D\INIT=32'00000000000011110001000100010001'.
Parameter \INIT = 32'10100000111110100100100010110111
Found cached RTLIL representation for module `$paramod\GTP_LUT5D\INIT=32'10100000111110100100100010110111'.
Parameter \INIT = 64'1001011011110110100101101111000000000101000001010000010100000101

3.323. Executing AST frontend in derive mode using pre-parsed AST for module `\GTP_LUT6D'.
Parameter \INIT = 64'1001011011110110100101101111000000000101000001010000010100000101
Generating RTLIL representation for module `$paramod$cf72d1efd965e869eff71f577e3455a0ac52f7bb\GTP_LUT6D'.
Parameter \INIT = 16'0001000101100110
Found cached RTLIL representation for module `$paramod\GTP_LUT4D\INIT=16'0001000101100110'.
Parameter \INIT = 64'1011101101110111010001001000100001011010010110100101101001011010
Found cached RTLIL representation for module `$paramod$9a608af8a229124ec13d555cb65a5726544533ab\GTP_LUT6D'.
Parameter \INIT = 64'1001110001101100011000111001001100100011000100110001000000100000
Found cached RTLIL representation for module `$paramod$59dac5a12dea57aa537d5305bcb2ec66cfd5e691\GTP_LUT6D'.
Parameter \INIT = 16'0001000101100110
Found cached RTLIL representation for module `$paramod\GTP_LUT4D\INIT=16'0001000101100110'.
Parameter \INIT = 64'0101010101010101101010101010101000000000110011110000000011001111

3.324. Executing AST frontend in derive mode using pre-parsed AST for module `\GTP_LUT6D'.
Parameter \INIT = 64'0101010101010101101010101010101000000000110011110000000011001111
Generating RTLIL representation for module `$paramod$419bc977273285d5c468449cd3807d80893c7736\GTP_LUT6D'.
Parameter \INIT = 64'0000110000000000000011000000110000001000000000000000100000001000

3.325. Executing AST frontend in derive mode using pre-parsed AST for module `\GTP_LUT6D'.
Parameter \INIT = 64'0000110000000000000011000000110000001000000000000000100000001000
Generating RTLIL representation for module `$paramod$761b1a5f3c7100d216e346a5a27c24826812ef9a\GTP_LUT6D'.
Parameter \INIT = 64'0000000001010101000000000101010110110111101101110100100001001000
Found cached RTLIL representation for module `$paramod$b244ab0e33bb0fbf46a33baeed5c1272f5080ab2\GTP_LUT6D'.
Parameter \INIT = 32'11111010101000001011011101001000
Found cached RTLIL representation for module `$paramod\GTP_LUT5D\INIT=32'11111010101000001011011101001000'.
Parameter \INIT = 64'1010111101010000010111111010000001100011100111001001001101101100
Found cached RTLIL representation for module `$paramod$a1085436c2c545ad5d7960f5b9338d229974b180\GTP_LUT6D'.
Parameter \INIT = 32'10110111010010000000000001010101
Found cached RTLIL representation for module `$paramod\GTP_LUT5D\INIT=32'10110111010010000000000001010101'.
Parameter \INIT = 32'10110100010010111111010001000000

3.326. Executing AST frontend in derive mode using pre-parsed AST for module `\GTP_LUT5D'.
Parameter \INIT = 32'10110100010010111111010001000000
Generating RTLIL representation for module `$paramod\GTP_LUT5D\INIT=32'10110100010010111111010001000000'.
Parameter \INIT = 64'1010111101010000010111111010000001100011100111001001001101101100
Found cached RTLIL representation for module `$paramod$a1085436c2c545ad5d7960f5b9338d229974b180\GTP_LUT6D'.
Parameter \INIT = 64'1111110011111100111111001100110010101000101010001010100010001000

3.327. Executing AST frontend in derive mode using pre-parsed AST for module `\GTP_LUT6D'.
Parameter \INIT = 64'1111110011111100111111001100110010101000101010001010100010001000
Generating RTLIL representation for module `$paramod$ba2536d5b59d5e2dcd507e45e350d0d2a3f2c60f\GTP_LUT6D'.
Parameter \INIT = 16'0001000101100110
Found cached RTLIL representation for module `$paramod\GTP_LUT4D\INIT=16'0001000101100110'.
Parameter \INIT = 64'1010101000000000111111111010101000000011000000110000001100000011
Found cached RTLIL representation for module `$paramod$93553d21b6759e4d55145c4be4f5e4ec7042e2d8\GTP_LUT6D'.
Parameter \INIT = 64'1111111110101010101010100000000000000011000000110000001100000011
Found cached RTLIL representation for module `$paramod$e7c8afd08dcc13fdf8d16a963571f44a049e6371\GTP_LUT6D'.
Parameter \INIT = 32'10110111010010001111101010100000
Found cached RTLIL representation for module `$paramod\GTP_LUT5D\INIT=32'10110111010010001111101010100000'.
Parameter \INIT = 16'0001000101100110
Found cached RTLIL representation for module `$paramod\GTP_LUT4D\INIT=16'0001000101100110'.
Parameter \INIT = 1057767505

3.328. Executing AST frontend in derive mode using pre-parsed AST for module `\GTP_LUT5D'.
Parameter \INIT = 1057767505
Generating RTLIL representation for module `$paramod\GTP_LUT5D\INIT=32'00111111000011000100000001010001'.
Parameter \INIT = 16'0001000101100110
Found cached RTLIL representation for module `$paramod\GTP_LUT4D\INIT=16'0001000101100110'.
Parameter \INIT = 64'0110001110010011100111000110110000010000001000000010001100010011
Found cached RTLIL representation for module `$paramod$e0894153598e13decf16633393e7d60a8ab0ea6f\GTP_LUT6D'.
Parameter \INIT = 64'0000000000001111000000000000111100110011001100110001000100010001

3.329. Executing AST frontend in derive mode using pre-parsed AST for module `\GTP_LUT6D'.
Parameter \INIT = 64'0000000000001111000000000000111100110011001100110001000100010001
Generating RTLIL representation for module `$paramod$c7b346bbd2f0df0cccd2ed121d3cb16c7165b909\GTP_LUT6D'.
Parameter \INIT = 286326799
Found cached RTLIL representation for module `$paramod\GTP_LUT5D\INIT=32'00010001000100010000000000001111'.
Parameter \INIT = 64'1010101000000000101011110000101001110111100010000111101110000100

3.330. Executing AST frontend in derive mode using pre-parsed AST for module `\GTP_LUT6D'.
Parameter \INIT = 64'1010101000000000101011110000101001110111100010000111101110000100
Generating RTLIL representation for module `$paramod$85612a076d8785ad7e1f1eaeb315585cb83008bb\GTP_LUT6D'.
Parameter \INIT = 64'0110001110010011100111000110110000010000001000000010001100010011
Found cached RTLIL representation for module `$paramod$e0894153598e13decf16633393e7d60a8ab0ea6f\GTP_LUT6D'.
Parameter \INIT = 32'10110100011110001111101010100000
Found cached RTLIL representation for module `$paramod\GTP_LUT5D\INIT=32'10110100011110001111101010100000'.
Parameter \INIT = 16'0001000101100110
Found cached RTLIL representation for module `$paramod\GTP_LUT4D\INIT=16'0001000101100110'.
Parameter \INIT = 64'1010101000000000000000001010101000000011000000110000001100000011

3.331. Executing AST frontend in derive mode using pre-parsed AST for module `\GTP_LUT6D'.
Parameter \INIT = 64'1010101000000000000000001010101000000011000000110000001100000011
Generating RTLIL representation for module `$paramod$a5ec8848426eae4b21060a294613ecf0a5a1306e\GTP_LUT6D'.
Parameter \INIT = 286326799
Found cached RTLIL representation for module `$paramod\GTP_LUT5D\INIT=32'00010001000100010000000000001111'.
Parameter \INIT = 987409
Found cached RTLIL representation for module `$paramod\GTP_LUT5D\INIT=32'00000000000011110001000100010001'.
Parameter \INIT = 32'11111010101000001011011101001000
Found cached RTLIL representation for module `$paramod\GTP_LUT5D\INIT=32'11111010101000001011011101001000'.
Parameter \INIT = 16'0110100111101000

3.332. Executing AST frontend in derive mode using pre-parsed AST for module `\GTP_LUT4D'.
Parameter \INIT = 16'0110100111101000
Generating RTLIL representation for module `$paramod\GTP_LUT4D\INIT=16'0110100111101000'.
Parameter \INIT = 16'0001000101100110
Found cached RTLIL representation for module `$paramod\GTP_LUT4D\INIT=16'0001000101100110'.
Parameter \INIT = 16'0001000101100110
Found cached RTLIL representation for module `$paramod\GTP_LUT4D\INIT=16'0001000101100110'.
Parameter \INIT = 205476160
Found cached RTLIL representation for module `$paramod\GTP_LUT5D\INIT=32'00001100001111110101000101000000'.
Parameter \INIT = 16'0001000101100110
Found cached RTLIL representation for module `$paramod\GTP_LUT4D\INIT=16'0001000101100110'.
Parameter \INIT = 16'0001000101100110
Found cached RTLIL representation for module `$paramod\GTP_LUT4D\INIT=16'0001000101100110'.
Parameter \INIT = 286326799
Found cached RTLIL representation for module `$paramod\GTP_LUT5D\INIT=32'00010001000100010000000000001111'.
Parameter \INIT = 64'0110001110011100100100110110110010101111010100000101111110100000

3.333. Executing AST frontend in derive mode using pre-parsed AST for module `\GTP_LUT6D'.
Parameter \INIT = 64'0110001110011100100100110110110010101111010100000101111110100000
Generating RTLIL representation for module `$paramod$a539beea428dd852da75b307728919d27a5e23c1\GTP_LUT6D'.
Parameter \INIT = 64'1010111101010000010111111010000001100011100111001001001101101100
Found cached RTLIL representation for module `$paramod$a1085436c2c545ad5d7960f5b9338d229974b180\GTP_LUT6D'.
Parameter \INIT = 1157732950

3.334. Executing AST frontend in derive mode using pre-parsed AST for module `\GTP_LUT5D'.
Parameter \INIT = 1157732950
Generating RTLIL representation for module `$paramod\GTP_LUT5D\INIT=32'01000101000000011001101001010110'.
Parameter \INIT = 16'0001000101100110
Found cached RTLIL representation for module `$paramod\GTP_LUT4D\INIT=16'0001000101100110'.
Parameter \INIT = 32'10110100011110001111101010100000
Found cached RTLIL representation for module `$paramod\GTP_LUT5D\INIT=32'10110100011110001111101010100000'.
Parameter \INIT = 32'11111010101000001011010001111000
Found cached RTLIL representation for module `$paramod\GTP_LUT5D\INIT=32'11111010101000001011010001111000'.
Parameter \INIT = 64'1001101001010110010101101001101000110000111111001111110000110000

3.335. Executing AST frontend in derive mode using pre-parsed AST for module `\GTP_LUT6D'.
Parameter \INIT = 64'1001101001010110010101101001101000110000111111001111110000110000
Generating RTLIL representation for module `$paramod$52b627f09d6b0920ef46021e89d8ea59bd039ea8\GTP_LUT6D'.
Parameter \INIT = 64'1010101010101111000000000000101001110111011110111000100010000100
Found cached RTLIL representation for module `$paramod$9d91eab03c9a808f611edae1403c6044cce351fe\GTP_LUT6D'.
Parameter \INIT = 32'10110100011110001111101010100000
Found cached RTLIL representation for module `$paramod\GTP_LUT5D\INIT=32'10110100011110001111101010100000'.
Parameter \INIT = 16'0001000101100110
Found cached RTLIL representation for module `$paramod\GTP_LUT4D\INIT=16'0001000101100110'.
Parameter \INIT = 32'11111010101000001011010001111000
Found cached RTLIL representation for module `$paramod\GTP_LUT5D\INIT=32'11111010101000001011010001111000'.
Parameter \INIT = 1057789350

3.336. Executing AST frontend in derive mode using pre-parsed AST for module `\GTP_LUT5D'.
Parameter \INIT = 1057789350
Generating RTLIL representation for module `$paramod\GTP_LUT5D\INIT=32'00111111000011001001010110100110'.
Parameter \INIT = 32'11111010101000001011010001111000
Found cached RTLIL representation for module `$paramod\GTP_LUT5D\INIT=32'11111010101000001011010001111000'.
Parameter \INIT = 32'10110111010010001111101010100000
Found cached RTLIL representation for module `$paramod\GTP_LUT5D\INIT=32'10110111010010001111101010100000'.
Parameter \INIT = 32'11111010101000001011010001111000
Found cached RTLIL representation for module `$paramod\GTP_LUT5D\INIT=32'11111010101000001011010001111000'.
Parameter \INIT = 64'1010111101010000010111111010000001100011100111001001001101101100
Found cached RTLIL representation for module `$paramod$a1085436c2c545ad5d7960f5b9338d229974b180\GTP_LUT6D'.
Parameter \INIT = 32'10110100011110001111101010100000
Found cached RTLIL representation for module `$paramod\GTP_LUT5D\INIT=32'10110100011110001111101010100000'.
Parameter \INIT = 286326799
Found cached RTLIL representation for module `$paramod\GTP_LUT5D\INIT=32'00010001000100010000000000001111'.
Parameter \INIT = 16'0001000101100110
Found cached RTLIL representation for module `$paramod\GTP_LUT4D\INIT=16'0001000101100110'.
Parameter \INIT = 32'10110100011110001111101010100000
Found cached RTLIL representation for module `$paramod\GTP_LUT5D\INIT=32'10110100011110001111101010100000'.
Parameter \INIT = 32'10110100011110001111101010100000
Found cached RTLIL representation for module `$paramod\GTP_LUT5D\INIT=32'10110100011110001111101010100000'.
Parameter \INIT = 32'10110100011110001111101010100000
Found cached RTLIL representation for module `$paramod\GTP_LUT5D\INIT=32'10110100011110001111101010100000'.
Parameter \INIT = 286326799
Found cached RTLIL representation for module `$paramod\GTP_LUT5D\INIT=32'00010001000100010000000000001111'.
Parameter \INIT = 32'11111010101000001011011101001000
Found cached RTLIL representation for module `$paramod\GTP_LUT5D\INIT=32'11111010101000001011011101001000'.
Parameter \INIT = 32'10110100011110001111101010100000
Found cached RTLIL representation for module `$paramod\GTP_LUT5D\INIT=32'10110100011110001111101010100000'.
Parameter \INIT = 286326799
Found cached RTLIL representation for module `$paramod\GTP_LUT5D\INIT=32'00010001000100010000000000001111'.
Parameter \INIT = 32'11111010101000001011010001111000
Found cached RTLIL representation for module `$paramod\GTP_LUT5D\INIT=32'11111010101000001011010001111000'.
Parameter \INIT = 32'11111010101000001011010001111000
Found cached RTLIL representation for module `$paramod\GTP_LUT5D\INIT=32'11111010101000001011010001111000'.
Parameter \INIT = 286326799
Found cached RTLIL representation for module `$paramod\GTP_LUT5D\INIT=32'00010001000100010000000000001111'.
Parameter \INIT = 32'10110100011110001111101010100000
Found cached RTLIL representation for module `$paramod\GTP_LUT5D\INIT=32'10110100011110001111101010100000'.
Parameter \INIT = 32'10110100011110001111101010100000
Found cached RTLIL representation for module `$paramod\GTP_LUT5D\INIT=32'10110100011110001111101010100000'.
Parameter \INIT = 32'10110100011110001111101010100000
Found cached RTLIL representation for module `$paramod\GTP_LUT5D\INIT=32'10110100011110001111101010100000'.
Parameter \INIT = 64'1010101010101111000000000000101001110111011110111000100010000100
Found cached RTLIL representation for module `$paramod$9d91eab03c9a808f611edae1403c6044cce351fe\GTP_LUT6D'.
Parameter \INIT = 32'11111010101000001011010001111000
Found cached RTLIL representation for module `$paramod\GTP_LUT5D\INIT=32'11111010101000001011010001111000'.
Parameter \INIT = 32'11111010101000001011010001111000
Found cached RTLIL representation for module `$paramod\GTP_LUT5D\INIT=32'11111010101000001011010001111000'.
Parameter \INIT = 987409
Found cached RTLIL representation for module `$paramod\GTP_LUT5D\INIT=32'00000000000011110001000100010001'.
Parameter \INIT = 32'11111010101000001011010001111000
Found cached RTLIL representation for module `$paramod\GTP_LUT5D\INIT=32'11111010101000001011010001111000'.
Parameter \INIT = 32'10110111010010001111101010100000
Found cached RTLIL representation for module `$paramod\GTP_LUT5D\INIT=32'10110111010010001111101010100000'.
Parameter \INIT = 987409
Found cached RTLIL representation for module `$paramod\GTP_LUT5D\INIT=32'00000000000011110001000100010001'.
Parameter \INIT = 32'11111010101000001011011101001000
Found cached RTLIL representation for module `$paramod\GTP_LUT5D\INIT=32'11111010101000001011011101001000'.
Parameter \INIT = 32'11111010101000001011010001111000
Found cached RTLIL representation for module `$paramod\GTP_LUT5D\INIT=32'11111010101000001011010001111000'.
Parameter \INIT = 32'11111010101000001011011101001000
Found cached RTLIL representation for module `$paramod\GTP_LUT5D\INIT=32'11111010101000001011011101001000'.
Parameter \INIT = 987409
Found cached RTLIL representation for module `$paramod\GTP_LUT5D\INIT=32'00000000000011110001000100010001'.
Parameter \INIT = 32'11111010101000001011011101001000
Found cached RTLIL representation for module `$paramod\GTP_LUT5D\INIT=32'11111010101000001011011101001000'.
Parameter \INIT = 64'0111011101111011100010001000010010101010101011110000000000001010
Found cached RTLIL representation for module `$paramod$e4f4b2bf6e54a8eae6b25fbe48bbe66bc4c5f7a4\GTP_LUT6D'.
Parameter \INIT = 32'10110111010010001111101010100000
Found cached RTLIL representation for module `$paramod\GTP_LUT5D\INIT=32'10110111010010001111101010100000'.
Parameter \INIT = 32'11111010101000001011010001111000
Found cached RTLIL representation for module `$paramod\GTP_LUT5D\INIT=32'11111010101000001011010001111000'.
Parameter \INIT = 64'1011011110110111010010000100100000000000111110100000000010100000

3.337. Executing AST frontend in derive mode using pre-parsed AST for module `\GTP_LUT6D'.
Parameter \INIT = 64'1011011110110111010010000100100000000000111110100000000010100000
Generating RTLIL representation for module `$paramod$0ddfef0da1d639aedacc105a538f694a27a5e664\GTP_LUT6D'.
Parameter \INIT = 987409
Found cached RTLIL representation for module `$paramod\GTP_LUT5D\INIT=32'00000000000011110001000100010001'.
Parameter \INIT = 32'10110111010010001111101010100000
Found cached RTLIL representation for module `$paramod\GTP_LUT5D\INIT=32'10110111010010001111101010100000'.
Parameter \INIT = 32'11111010101000001011010001111000
Found cached RTLIL representation for module `$paramod\GTP_LUT5D\INIT=32'11111010101000001011010001111000'.
Parameter \INIT = 32'10110100011110001111101010100000
Found cached RTLIL representation for module `$paramod\GTP_LUT5D\INIT=32'10110100011110001111101010100000'.
Parameter \INIT = 64'0111011101111011100010001000010010101010101011110000000000001010
Found cached RTLIL representation for module `$paramod$e4f4b2bf6e54a8eae6b25fbe48bbe66bc4c5f7a4\GTP_LUT6D'.
Parameter \INIT = 32'11111010101000001011011101001000
Found cached RTLIL representation for module `$paramod\GTP_LUT5D\INIT=32'11111010101000001011011101001000'.
Parameter \INIT = 32'10110111010010001111101010100000
Found cached RTLIL representation for module `$paramod\GTP_LUT5D\INIT=32'10110111010010001111101010100000'.
Parameter \INIT = 987409
Found cached RTLIL representation for module `$paramod\GTP_LUT5D\INIT=32'00000000000011110001000100010001'.
Parameter \INIT = 32'10110111010010001111101010100000
Found cached RTLIL representation for module `$paramod\GTP_LUT5D\INIT=32'10110111010010001111101010100000'.
Parameter \INIT = 32'11111010101000001011010001111000
Found cached RTLIL representation for module `$paramod\GTP_LUT5D\INIT=32'11111010101000001011010001111000'.
Parameter \INIT = 32'10110100011110001111101010100000
Found cached RTLIL representation for module `$paramod\GTP_LUT5D\INIT=32'10110100011110001111101010100000'.
Parameter \INIT = 64'1010101010101111000000000000101001110111011110111000100010000100
Found cached RTLIL representation for module `$paramod$9d91eab03c9a808f611edae1403c6044cce351fe\GTP_LUT6D'.
Parameter \INIT = 32'11111010101000001011011101001000
Found cached RTLIL representation for module `$paramod\GTP_LUT5D\INIT=32'11111010101000001011011101001000'.
Parameter \INIT = 64'0111011101111011100010001000010010101010101011110000000000001010
Found cached RTLIL representation for module `$paramod$e4f4b2bf6e54a8eae6b25fbe48bbe66bc4c5f7a4\GTP_LUT6D'.
Parameter \INIT = 32'11111010101000001011010001111000
Found cached RTLIL representation for module `$paramod\GTP_LUT5D\INIT=32'11111010101000001011010001111000'.
Parameter \INIT = 286326799
Found cached RTLIL representation for module `$paramod\GTP_LUT5D\INIT=32'00010001000100010000000000001111'.
Parameter \INIT = 64'1010101010101111000000000000101001110111011110111000100010000100
Found cached RTLIL representation for module `$paramod$9d91eab03c9a808f611edae1403c6044cce351fe\GTP_LUT6D'.
Parameter \INIT = 64'0111011101111011100010001000010010101010101011110000000000001010
Found cached RTLIL representation for module `$paramod$e4f4b2bf6e54a8eae6b25fbe48bbe66bc4c5f7a4\GTP_LUT6D'.
Parameter \INIT = 32'11111010101000001011011101001000
Found cached RTLIL representation for module `$paramod\GTP_LUT5D\INIT=32'11111010101000001011011101001000'.
Parameter \INIT = 64'0111011101111011100010001000010010101010101011110000000000001010
Found cached RTLIL representation for module `$paramod$e4f4b2bf6e54a8eae6b25fbe48bbe66bc4c5f7a4\GTP_LUT6D'.
Parameter \INIT = 64'0111011101111011100010001000010010101010101011110000000000001010
Found cached RTLIL representation for module `$paramod$e4f4b2bf6e54a8eae6b25fbe48bbe66bc4c5f7a4\GTP_LUT6D'.
Parameter \INIT = 32'10110111010010001111101010100000
Found cached RTLIL representation for module `$paramod\GTP_LUT5D\INIT=32'10110111010010001111101010100000'.
Parameter \INIT = 64'0111011101111011100010001000010010101010101011110000000000001010
Found cached RTLIL representation for module `$paramod$e4f4b2bf6e54a8eae6b25fbe48bbe66bc4c5f7a4\GTP_LUT6D'.
Parameter \INIT = 64'1011101101110111010001001000100001011010010110100101101001011010
Found cached RTLIL representation for module `$paramod$9a608af8a229124ec13d555cb65a5726544533ab\GTP_LUT6D'.
Parameter \INIT = 64'1011010001111000101101000111100001010101010101011010101010101010

3.338. Executing AST frontend in derive mode using pre-parsed AST for module `\GTP_LUT6D'.
Parameter \INIT = 64'1011010001111000101101000111100001010101010101011010101010101010
Generating RTLIL representation for module `$paramod$f6add88f191142434273a409efe890d742a64484\GTP_LUT6D'.
Parameter \INIT = 64'1011011101001000101101110100100000000000000000000101010101010101
Found cached RTLIL representation for module `$paramod$3162d1c10e3b1a49aee26fa976ae76b3fa987b59\GTP_LUT6D'.
Parameter \INIT = 64'1011011101001000101101110100100000000000000000000101010101010101
Found cached RTLIL representation for module `$paramod$3162d1c10e3b1a49aee26fa976ae76b3fa987b59\GTP_LUT6D'.
Parameter \INIT = 64'0100000001010001010000000101000100000000000000000101010101010101

3.339. Executing AST frontend in derive mode using pre-parsed AST for module `\GTP_LUT6D'.
Parameter \INIT = 64'0100000001010001010000000101000100000000000000000101010101010101
Generating RTLIL representation for module `$paramod$2b92ac9405ffb9373a00b54e21e900bd604e75e1\GTP_LUT6D'.
Parameter \INIT = 64'0000010100000101000001010000010110111011011101110100010010001000

3.340. Executing AST frontend in derive mode using pre-parsed AST for module `\GTP_LUT6D'.
Parameter \INIT = 64'0000010100000101000001010000010110111011011101110100010010001000
Generating RTLIL representation for module `$paramod$b081a393d5a3e42729c829b3fcc8f327e2c8c8f7\GTP_LUT6D'.
Parameter \INIT = 64'1011011110110111010010000100100000000000010101010000000001010101
Found cached RTLIL representation for module `$paramod$4bc40d86a52c1e63c4562b2dc449fde362de88e5\GTP_LUT6D'.
Parameter \INIT = 64'1011011101001000101101110100100001010101010101011010101010101010
Found cached RTLIL representation for module `$paramod$4423c194664bf0335d103333460b31b1b13d03ba\GTP_LUT6D'.
Parameter \INIT = 64'1011011110110111010010000100100001010101101010100101010110101010
Found cached RTLIL representation for module `$paramod$dca40f54523b286918dfcf57a009f40043243f8d\GTP_LUT6D'.
Parameter \INIT = 64'1011101101110111010001001000100001011010010110100101101001011010
Found cached RTLIL representation for module `$paramod$9a608af8a229124ec13d555cb65a5726544533ab\GTP_LUT6D'.
Parameter \INIT = 64'1101001101000000011100110001000011000011110000110011001100110011
Found cached RTLIL representation for module `$paramod$6056785a1d9475f059826fae593357e1c74dd68c\GTP_LUT6D'.
Parameter \INIT = 64'1011011101001000101101110100100000000000000000000101010101010101
Found cached RTLIL representation for module `$paramod$3162d1c10e3b1a49aee26fa976ae76b3fa987b59\GTP_LUT6D'.
Parameter \INIT = 64'1011011110110111010010000100100001010101101010100101010110101010
Found cached RTLIL representation for module `$paramod$dca40f54523b286918dfcf57a009f40043243f8d\GTP_LUT6D'.
Parameter \INIT = 64'1100001111000011001100110011001111010011010000000111001100010000

3.341. Executing AST frontend in derive mode using pre-parsed AST for module `\GTP_LUT6D'.
Parameter \INIT = 64'1100001111000011001100110011001111010011010000000111001100010000
Generating RTLIL representation for module `$paramod$63e3a099bf4aa34f8bbc84ef3629f928a98451f1\GTP_LUT6D'.
Parameter \INIT = 32'10110111010010000101010110101010

3.342. Executing AST frontend in derive mode using pre-parsed AST for module `\GTP_LUT5D'.
Parameter \INIT = 32'10110111010010000101010110101010
Generating RTLIL representation for module `$paramod\GTP_LUT5D\INIT=32'10110111010010000101010110101010'.
Parameter \INIT = 16'0101101000010001

3.343. Executing AST frontend in derive mode using pre-parsed AST for module `\GTP_LUT4D'.
Parameter \INIT = 16'0101101000010001
Generating RTLIL representation for module `$paramod\GTP_LUT4D\INIT=16'0101101000010001'.
Parameter \INIT = 32'10110111010010000101010110101010
Found cached RTLIL representation for module `$paramod\GTP_LUT5D\INIT=32'10110111010010000101010110101010'.
Parameter \INIT = 32'10110111010010000101010110101010
Found cached RTLIL representation for module `$paramod\GTP_LUT5D\INIT=32'10110111010010000101010110101010'.
Parameter \INIT = 16'0101101001100110

3.344. Executing AST frontend in derive mode using pre-parsed AST for module `\GTP_LUT4D'.
Parameter \INIT = 16'0101101001100110
Generating RTLIL representation for module `$paramod\GTP_LUT4D\INIT=16'0101101001100110'.
Parameter \INIT = 64'1011101101110111010001001000100001011010010110100101101001011010
Found cached RTLIL representation for module `$paramod$9a608af8a229124ec13d555cb65a5726544533ab\GTP_LUT6D'.
Parameter \INIT = 32'10110111010010001010000011111010

3.345. Executing AST frontend in derive mode using pre-parsed AST for module `\GTP_LUT5D'.
Parameter \INIT = 32'10110111010010001010000011111010
Generating RTLIL representation for module `$paramod\GTP_LUT5D\INIT=32'10110111010010001010000011111010'.
Parameter \INIT = 64'1011101101000100011101111000100000000101000001010000010100000101

3.346. Executing AST frontend in derive mode using pre-parsed AST for module `\GTP_LUT6D'.
Parameter \INIT = 64'1011101101000100011101111000100000000101000001010000010100000101
Generating RTLIL representation for module `$paramod$e4bb2aa5b0473a0bd78138f85a1040901e5523fc\GTP_LUT6D'.
Parameter \INIT = 64'1011101101110111010001001000100000000101000001010000010100000101
Found cached RTLIL representation for module `$paramod$b2d8d094daeff0d143ffecf0d194c6d45d8cacba\GTP_LUT6D'.
Parameter \INIT = 64'1011011110110111010010000100100001010101101010100101010110101010
Found cached RTLIL representation for module `$paramod$dca40f54523b286918dfcf57a009f40043243f8d\GTP_LUT6D'.
Parameter \INIT = 1426092658

3.347. Executing AST frontend in derive mode using pre-parsed AST for module `\GTP_LUT5D'.
Parameter \INIT = 1426092658
Generating RTLIL representation for module `$paramod\GTP_LUT5D\INIT=32'01010101000000000111001001110010'.
Parameter \INIT = 64'0000101000000000000010100000000000100010001000100000000000000000

3.348. Executing AST frontend in derive mode using pre-parsed AST for module `\GTP_LUT6D'.
Parameter \INIT = 64'0000101000000000000010100000000000100010001000100000000000000000
Generating RTLIL representation for module `$paramod$7e398d6468573a65b02e9c0be68ae4e1da6cfa55\GTP_LUT6D'.
Parameter \INIT = 64'1011101101110111010001001000100001011010010110100101101001011010
Found cached RTLIL representation for module `$paramod$9a608af8a229124ec13d555cb65a5726544533ab\GTP_LUT6D'.
Parameter \INIT = 5607054

3.349. Executing AST frontend in derive mode using pre-parsed AST for module `\GTP_LUT5D'.
Parameter \INIT = 5607054
Generating RTLIL representation for module `$paramod\GTP_LUT5D\INIT=32'00000000010101011000111010001110'.
Parameter \INIT = 16'0101000000110000
Found cached RTLIL representation for module `$paramod\GTP_LUT4D\INIT=16'0101000000110000'.
Parameter \INIT = 64'0000110000111111000011000011111100000000000000001010101010101010

3.350. Executing AST frontend in derive mode using pre-parsed AST for module `\GTP_LUT6D'.
Parameter \INIT = 64'0000110000111111000011000011111100000000000000001010101010101010
Generating RTLIL representation for module `$paramod$891299a0410f8687d5b6b611c4e48c4caf3226f4\GTP_LUT6D'.
Parameter \INIT = 64'1011101101110111010001001000100001011010010110100101101001011010
Found cached RTLIL representation for module `$paramod$9a608af8a229124ec13d555cb65a5726544533ab\GTP_LUT6D'.
Parameter \INIT = 64'1011101101110111010001001000100000000101000001010000010100000101
Found cached RTLIL representation for module `$paramod$b2d8d094daeff0d143ffecf0d194c6d45d8cacba\GTP_LUT6D'.
Parameter \INIT = 64'0101101001011010010110100101101010111011011101110100010010001000

3.351. Executing AST frontend in derive mode using pre-parsed AST for module `\GTP_LUT6D'.
Parameter \INIT = 64'0101101001011010010110100101101010111011011101110100010010001000
Generating RTLIL representation for module `$paramod$cfffbcf8f6fea5f6e9eb5d1b747cfd89ba47eca7\GTP_LUT6D'.
Parameter \INIT = 84274824

3.352. Executing AST frontend in derive mode using pre-parsed AST for module `\GTP_LUT5D'.
Parameter \INIT = 84274824
Generating RTLIL representation for module `$paramod\GTP_LUT5D\INIT=32'00000101000001011110111010001000'.
Parameter \INIT = 64'0101101001011010010110100101101011001000110010001100100011111010

3.353. Executing AST frontend in derive mode using pre-parsed AST for module `\GTP_LUT6D'.
Parameter \INIT = 64'0101101001011010010110100101101011001000110010001100100011111010
Generating RTLIL representation for module `$paramod$783c0079b19367fefff1edd7a821473b3f23c731\GTP_LUT6D'.
Parameter \INIT = 32'10110111010010001111101010100000
Found cached RTLIL representation for module `$paramod\GTP_LUT5D\INIT=32'10110111010010001111101010100000'.
Parameter \INIT = 64'1011101101110111010001001000100001011010010110100101101001011010
Found cached RTLIL representation for module `$paramod$9a608af8a229124ec13d555cb65a5726544533ab\GTP_LUT6D'.
Parameter \INIT = 64'0001000000100011001000000001001110101111010100000101111110100000

3.354. Executing AST frontend in derive mode using pre-parsed AST for module `\GTP_LUT6D'.
Parameter \INIT = 64'0001000000100011001000000001001110101111010100000101111110100000
Generating RTLIL representation for module `$paramod$c4454b0e4354d3c7441d2471345e640b0ccd9f5e\GTP_LUT6D'.
Parameter \INIT = 64'1010111101011111010100001010000001100011100100111001110001101100
Found cached RTLIL representation for module `$paramod$4c6ef7381bb67b6b840ee6d5a82d90ba71d74959\GTP_LUT6D'.
Parameter \INIT = 64'0100111011100100010011101110010001010101010101010000000000000000

3.355. Executing AST frontend in derive mode using pre-parsed AST for module `\GTP_LUT6D'.
Parameter \INIT = 64'0100111011100100010011101110010001010101010101010000000000000000
Generating RTLIL representation for module `$paramod$919dafd4d6060ea8147d79013184d62c114e0bcd\GTP_LUT6D'.
Parameter \INIT = 16'1110100001101001

3.356. Executing AST frontend in derive mode using pre-parsed AST for module `\GTP_LUT4D'.
Parameter \INIT = 16'1110100001101001
Generating RTLIL representation for module `$paramod\GTP_LUT4D\INIT=16'1110100001101001'.
Parameter \INIT = 64'1010111101010000010111111010000001100011100111001001001101101100
Found cached RTLIL representation for module `$paramod$a1085436c2c545ad5d7960f5b9338d229974b180\GTP_LUT6D'.
Parameter \INIT = 32'11111010101000001011011101001000
Found cached RTLIL representation for module `$paramod\GTP_LUT5D\INIT=32'11111010101000001011011101001000'.
Parameter \INIT = 32'10110111010010000101010110101010
Found cached RTLIL representation for module `$paramod\GTP_LUT5D\INIT=32'10110111010010000101010110101010'.
Parameter \INIT = 64'0000000000000000001100110011001110100000000000001010010100000000

3.357. Executing AST frontend in derive mode using pre-parsed AST for module `\GTP_LUT6D'.
Parameter \INIT = 64'0000000000000000001100110011001110100000000000001010010100000000
Generating RTLIL representation for module `$paramod$1bfdfb965b95178fdd9bde7f36851bd5a4042e7c\GTP_LUT6D'.
Parameter \INIT = 16'0001000101100110
Found cached RTLIL representation for module `$paramod\GTP_LUT4D\INIT=16'0001000101100110'.
Parameter \INIT = 64'1011101101110111010001001000100000000101000001010000010100000101
Found cached RTLIL representation for module `$paramod$b2d8d094daeff0d143ffecf0d194c6d45d8cacba\GTP_LUT6D'.
Parameter \INIT = 64'1011101101110111010001001000100001011010010110100101101001011010
Found cached RTLIL representation for module `$paramod$9a608af8a229124ec13d555cb65a5726544533ab\GTP_LUT6D'.
Parameter \INIT = 285232640

3.358. Executing AST frontend in derive mode using pre-parsed AST for module `\GTP_LUT5D'.
Parameter \INIT = 285232640
Generating RTLIL representation for module `$paramod\GTP_LUT5D\INIT=32'00010001000000000100111000000000'.
Parameter \INIT = 64'1100111011111111110011101111111100000000000000000000111100001111

3.359. Executing AST frontend in derive mode using pre-parsed AST for module `\GTP_LUT6D'.
Parameter \INIT = 64'1100111011111111110011101111111100000000000000000000111100001111
Generating RTLIL representation for module `$paramod$3aa8899ca34b6fc36c1f623b34eba44ab14683fc\GTP_LUT6D'.
Parameter \INIT = 32'10110111010010001111101010100000
Found cached RTLIL representation for module `$paramod\GTP_LUT5D\INIT=32'10110111010010001111101010100000'.
Parameter \INIT = 16'0110100111101000
Found cached RTLIL representation for module `$paramod\GTP_LUT4D\INIT=16'0110100111101000'.
Parameter \INIT = 64'1011101101110111010001001000100001011010010110100101101001011010
Found cached RTLIL representation for module `$paramod$9a608af8a229124ec13d555cb65a5726544533ab\GTP_LUT6D'.
Parameter \INIT = 16'0001000101100110
Found cached RTLIL representation for module `$paramod\GTP_LUT4D\INIT=16'0001000101100110'.
Parameter \INIT = 64'0011111111110011000011001100000000000000000000000101010101010101

3.360. Executing AST frontend in derive mode using pre-parsed AST for module `\GTP_LUT6D'.
Parameter \INIT = 64'0011111111110011000011001100000000000000000000000101010101010101
Generating RTLIL representation for module `$paramod$e290f9703e478db497e7d0a6924026c213e86c1a\GTP_LUT6D'.
Parameter \INIT = 16'0001000101100110
Found cached RTLIL representation for module `$paramod\GTP_LUT4D\INIT=16'0001000101100110'.
Parameter \INIT = 32'11111010101000001011011101001000
Found cached RTLIL representation for module `$paramod\GTP_LUT5D\INIT=32'11111010101000001011011101001000'.
Parameter \INIT = 16'0001000101100110
Found cached RTLIL representation for module `$paramod\GTP_LUT4D\INIT=16'0001000101100110'.
Parameter \INIT = 64'0110001110010011100111000110110000010000001000000010001100010011
Found cached RTLIL representation for module `$paramod$e0894153598e13decf16633393e7d60a8ab0ea6f\GTP_LUT6D'.
Parameter \INIT = 64'1011010000000000010010111111111111110100111101000100000001000000

3.361. Executing AST frontend in derive mode using pre-parsed AST for module `\GTP_LUT6D'.
Parameter \INIT = 64'1011010000000000010010111111111111110100111101000100000001000000
Generating RTLIL representation for module `$paramod$b248236ecd8a38f2041324a2eff8e2f70d76b378\GTP_LUT6D'.
Parameter \INIT = 64'1011011110110111010010000100100001010101101010100101010110101010
Found cached RTLIL representation for module `$paramod$dca40f54523b286918dfcf57a009f40043243f8d\GTP_LUT6D'.
Parameter \INIT = 32'10110111010010000000000001010101
Found cached RTLIL representation for module `$paramod\GTP_LUT5D\INIT=32'10110111010010000000000001010101'.
Parameter \INIT = 64'0110001110011100100100110110110010101111010100000101111110100000
Found cached RTLIL representation for module `$paramod$a539beea428dd852da75b307728919d27a5e23c1\GTP_LUT6D'.
Parameter \INIT = 16'0001000101100110
Found cached RTLIL representation for module `$paramod\GTP_LUT4D\INIT=16'0001000101100110'.
Parameter \INIT = 16'1001011010001110

3.362. Executing AST frontend in derive mode using pre-parsed AST for module `\GTP_LUT4D'.
Parameter \INIT = 16'1001011010001110
Generating RTLIL representation for module `$paramod\GTP_LUT4D\INIT=16'1001011010001110'.
Parameter \INIT = 16'0001000101100110
Found cached RTLIL representation for module `$paramod\GTP_LUT4D\INIT=16'0001000101100110'.
Parameter \INIT = 16'0110100111101000
Found cached RTLIL representation for module `$paramod\GTP_LUT4D\INIT=16'0110100111101000'.
Parameter \INIT = 16'0001000101100110
Found cached RTLIL representation for module `$paramod\GTP_LUT4D\INIT=16'0001000101100110'.
Parameter \INIT = 16'1000111010010110

3.363. Executing AST frontend in derive mode using pre-parsed AST for module `\GTP_LUT4D'.
Parameter \INIT = 16'1000111010010110
Generating RTLIL representation for module `$paramod\GTP_LUT4D\INIT=16'1000111010010110'.
Parameter \INIT = 16'0001000101100110
Found cached RTLIL representation for module `$paramod\GTP_LUT4D\INIT=16'0001000101100110'.
Parameter \INIT = 16'0001000101100110
Found cached RTLIL representation for module `$paramod\GTP_LUT4D\INIT=16'0001000101100110'.
Parameter \INIT = 16'0001000101100110
Found cached RTLIL representation for module `$paramod\GTP_LUT4D\INIT=16'0001000101100110'.
Parameter \INIT = 64'0000000000000000000000001111111110001110100011101000111010001110

3.364. Executing AST frontend in derive mode using pre-parsed AST for module `\GTP_LUT6D'.
Parameter \INIT = 64'0000000000000000000000001111111110001110100011101000111010001110
Generating RTLIL representation for module `$paramod$808609738dbf605878142e9f73d8b48ae4b396ce\GTP_LUT6D'.
Parameter \INIT = 16'0001000101100110
Found cached RTLIL representation for module `$paramod\GTP_LUT4D\INIT=16'0001000101100110'.
Parameter \INIT = 32'11111010101000001011011101001000
Found cached RTLIL representation for module `$paramod\GTP_LUT5D\INIT=32'11111010101000001011011101001000'.
Parameter \INIT = 64'0000000000110011000000000011001110110111101101110100100001001000

3.365. Executing AST frontend in derive mode using pre-parsed AST for module `\GTP_LUT6D'.
Parameter \INIT = 64'0000000000110011000000000011001110110111101101110100100001001000
Generating RTLIL representation for module `$paramod$8ba87c856ea6b3f75921816dbfbf420ac80aee3b\GTP_LUT6D'.
Parameter \INIT = 32'10110111010010000000000001010101
Found cached RTLIL representation for module `$paramod\GTP_LUT5D\INIT=32'10110111010010000000000001010101'.
Parameter \INIT = 64'1111111110101010101010100000000000010000001000000010001100010011

3.366. Executing AST frontend in derive mode using pre-parsed AST for module `\GTP_LUT6D'.
Parameter \INIT = 64'1111111110101010101010100000000000010000001000000010001100010011
Generating RTLIL representation for module `$paramod$a14369cde6b8c479e94ca7e3eef900b1179f636f\GTP_LUT6D'.
Parameter \INIT = 32'11111010101000001011011101001000
Found cached RTLIL representation for module `$paramod\GTP_LUT5D\INIT=32'11111010101000001011011101001000'.
Parameter \INIT = 16'0001000101100110
Found cached RTLIL representation for module `$paramod\GTP_LUT4D\INIT=16'0001000101100110'.
Parameter \INIT = 16'0001000101100110
Found cached RTLIL representation for module `$paramod\GTP_LUT4D\INIT=16'0001000101100110'.
Parameter \INIT = 64'1011011101001000101101110100100001010101010101011010101010101010
Found cached RTLIL representation for module `$paramod$4423c194664bf0335d103333460b31b1b13d03ba\GTP_LUT6D'.
Parameter \INIT = 16'0001000101100110
Found cached RTLIL representation for module `$paramod\GTP_LUT4D\INIT=16'0001000101100110'.
Parameter \INIT = 1057789350
Found cached RTLIL representation for module `$paramod\GTP_LUT5D\INIT=32'00111111000011001001010110100110'.
Parameter \INIT = 16'0001000101100110
Found cached RTLIL representation for module `$paramod\GTP_LUT4D\INIT=16'0001000101100110'.
Parameter \INIT = 16'0001000101100110
Found cached RTLIL representation for module `$paramod\GTP_LUT4D\INIT=16'0001000101100110'.
Parameter \INIT = 16'0001000101100110
Found cached RTLIL representation for module `$paramod\GTP_LUT4D\INIT=16'0001000101100110'.
Parameter \INIT = 16'0000111000010001

3.367. Executing AST frontend in derive mode using pre-parsed AST for module `\GTP_LUT4D'.
Parameter \INIT = 16'0000111000010001
Generating RTLIL representation for module `$paramod\GTP_LUT4D\INIT=16'0000111000010001'.
Parameter \INIT = 32'10110100011110001111101010100000
Found cached RTLIL representation for module `$paramod\GTP_LUT5D\INIT=32'10110100011110001111101010100000'.
Parameter \INIT = 16'0001000101100110
Found cached RTLIL representation for module `$paramod\GTP_LUT4D\INIT=16'0001000101100110'.
Parameter \INIT = 64'1011011110110111010010000100100000000000001100110000000000110011

3.368. Executing AST frontend in derive mode using pre-parsed AST for module `\GTP_LUT6D'.
Parameter \INIT = 64'1011011110110111010010000100100000000000001100110000000000110011
Generating RTLIL representation for module `$paramod$f3b4af0ae34e8e68b373e23283513b58f17baf07\GTP_LUT6D'.
Parameter \INIT = 1717960719

3.369. Executing AST frontend in derive mode using pre-parsed AST for module `\GTP_LUT5D'.
Parameter \INIT = 1717960719
Generating RTLIL representation for module `$paramod\GTP_LUT5D\INIT=32'01100110011001100000000000001111'.
Parameter \INIT = 32'10100110100101010101000101000000

3.370. Executing AST frontend in derive mode using pre-parsed AST for module `\GTP_LUT5D'.
Parameter \INIT = 32'10100110100101010101000101000000
Generating RTLIL representation for module `$paramod\GTP_LUT5D\INIT=32'10100110100101010101000101000000'.
Parameter \INIT = 32'10100110100101010101000101000000
Found cached RTLIL representation for module `$paramod\GTP_LUT5D\INIT=32'10100110100101010101000101000000'.
Parameter \INIT = 64'0000000000001111000000000000111111101110111011101000100010001000

3.371. Executing AST frontend in derive mode using pre-parsed AST for module `\GTP_LUT6D'.
Parameter \INIT = 64'0000000000001111000000000000111111101110111011101000100010001000
Generating RTLIL representation for module `$paramod$bd38dc096d4975e13f80d639afc7ec1bd6e55ef2\GTP_LUT6D'.
Parameter \INIT = 16'0001000101100110
Found cached RTLIL representation for module `$paramod\GTP_LUT4D\INIT=16'0001000101100110'.
Parameter \INIT = 16'0001000101100110
Found cached RTLIL representation for module `$paramod\GTP_LUT4D\INIT=16'0001000101100110'.
Parameter \INIT = 16'0001000101100110
Found cached RTLIL representation for module `$paramod\GTP_LUT4D\INIT=16'0001000101100110'.
Parameter \INIT = 64'1111010011110100010000000100000010110100000000000100101111111111

3.372. Executing AST frontend in derive mode using pre-parsed AST for module `\GTP_LUT6D'.
Parameter \INIT = 64'1111010011110100010000000100000010110100000000000100101111111111
Generating RTLIL representation for module `$paramod$3002544ab743a76dced6c531f8c82b6fb23d8ce2\GTP_LUT6D'.
Parameter \INIT = 16'0001000101100110
Found cached RTLIL representation for module `$paramod\GTP_LUT4D\INIT=16'0001000101100110'.
Parameter \INIT = 16'0001000101100110
Found cached RTLIL representation for module `$paramod\GTP_LUT4D\INIT=16'0001000101100110'.
Parameter \INIT = 16'0001000101100110
Found cached RTLIL representation for module `$paramod\GTP_LUT4D\INIT=16'0001000101100110'.
Parameter \INIT = 64'1010111101010000010111111010000001100011100111001001001101101100
Found cached RTLIL representation for module `$paramod$a1085436c2c545ad5d7960f5b9338d229974b180\GTP_LUT6D'.
Parameter \INIT = 32'10110100011110001111101010100000
Found cached RTLIL representation for module `$paramod\GTP_LUT5D\INIT=32'10110100011110001111101010100000'.
Parameter \INIT = 32'11111010101000001011010001111000
Found cached RTLIL representation for module `$paramod\GTP_LUT5D\INIT=32'11111010101000001011010001111000'.
Parameter \INIT = 32'10110111010010001111101010100000
Found cached RTLIL representation for module `$paramod\GTP_LUT5D\INIT=32'10110111010010001111101010100000'.
Parameter \INIT = 1219999560
Found cached RTLIL representation for module `$paramod\GTP_LUT5D\INIT=32'01001000101101111011011101001000'.
Parameter \INIT = 16'0001000101100110
Found cached RTLIL representation for module `$paramod\GTP_LUT4D\INIT=16'0001000101100110'.
Parameter \INIT = 32'10110100011110001111101010100000
Found cached RTLIL representation for module `$paramod\GTP_LUT5D\INIT=32'10110100011110001111101010100000'.
Parameter \INIT = 32'11111010101000001011010001111000
Found cached RTLIL representation for module `$paramod\GTP_LUT5D\INIT=32'11111010101000001011010001111000'.
Parameter \INIT = 16'0001000101100110
Found cached RTLIL representation for module `$paramod\GTP_LUT4D\INIT=16'0001000101100110'.
Parameter \INIT = 32'10110100011110001111101010100000
Found cached RTLIL representation for module `$paramod\GTP_LUT5D\INIT=32'10110100011110001111101010100000'.
Parameter \INIT = 16'0001000101100110
Found cached RTLIL representation for module `$paramod\GTP_LUT4D\INIT=16'0001000101100110'.
Parameter \INIT = 32'10110100011110001111101010100000
Found cached RTLIL representation for module `$paramod\GTP_LUT5D\INIT=32'10110100011110001111101010100000'.
Parameter \INIT = 64'1010101010101111000000000000101001110111011110111000100010000100
Found cached RTLIL representation for module `$paramod$9d91eab03c9a808f611edae1403c6044cce351fe\GTP_LUT6D'.
Parameter \INIT = 64'0000000000000000000000001111111111101000111010001110100011101000

3.373. Executing AST frontend in derive mode using pre-parsed AST for module `\GTP_LUT6D'.
Parameter \INIT = 64'0000000000000000000000001111111111101000111010001110100011101000
Generating RTLIL representation for module `$paramod$2076b67a8ccb11bb5b04f4aabf4a5edf366037cc\GTP_LUT6D'.
Parameter \INIT = 987409
Found cached RTLIL representation for module `$paramod\GTP_LUT5D\INIT=32'00000000000011110001000100010001'.
Parameter \INIT = 64'1110111011101110100010001000100000000000000011110000000000001111

3.374. Executing AST frontend in derive mode using pre-parsed AST for module `\GTP_LUT6D'.
Parameter \INIT = 64'1110111011101110100010001000100000000000000011110000000000001111
Generating RTLIL representation for module `$paramod$269dbc4d18de413397023930f1495595138dd86c\GTP_LUT6D'.
Parameter \INIT = 32'10110100011110001111101010100000
Found cached RTLIL representation for module `$paramod\GTP_LUT5D\INIT=32'10110100011110001111101010100000'.
Parameter \INIT = 64'1010101010101111000000000000101001110111011110111000100010000100
Found cached RTLIL representation for module `$paramod$9d91eab03c9a808f611edae1403c6044cce351fe\GTP_LUT6D'.
Parameter \INIT = 32'10110111010010001111101010100000
Found cached RTLIL representation for module `$paramod\GTP_LUT5D\INIT=32'10110111010010001111101010100000'.
Parameter \INIT = 64'1100100110010011001101100110110011001000100000001111111011101100
Found cached RTLIL representation for module `$paramod$3aef9a5ff6b5a39bea648b2b7fec2c8f8f33ca29\GTP_LUT6D'.
Parameter \INIT = 64'1111111111001100101010101000100001011010010110100101101001011010

3.375. Executing AST frontend in derive mode using pre-parsed AST for module `\GTP_LUT6D'.
Parameter \INIT = 64'1111111111001100101010101000100001011010010110100101101001011010
Generating RTLIL representation for module `$paramod$2f97fb51e63cfd000ccfed931cf5c1379253b252\GTP_LUT6D'.
Parameter \INIT = 64'1010111101011111010100001010000001100011100100111001110001101100
Found cached RTLIL representation for module `$paramod$4c6ef7381bb67b6b840ee6d5a82d90ba71d74959\GTP_LUT6D'.
Parameter \INIT = 32'11111100101010000101010110101010

3.376. Executing AST frontend in derive mode using pre-parsed AST for module `\GTP_LUT5D'.
Parameter \INIT = 32'11111100101010000101010110101010
Generating RTLIL representation for module `$paramod\GTP_LUT5D\INIT=32'11111100101010000101010110101010'.
Parameter \INIT = 32'11111010101000001011010001111000
Found cached RTLIL representation for module `$paramod\GTP_LUT5D\INIT=32'11111010101000001011010001111000'.
Parameter \INIT = 32'11111010101000001011011101001000
Found cached RTLIL representation for module `$paramod\GTP_LUT5D\INIT=32'11111010101000001011011101001000'.
Parameter \INIT = 987409
Found cached RTLIL representation for module `$paramod\GTP_LUT5D\INIT=32'00000000000011110001000100010001'.
Parameter \INIT = 32'11111010101000001011010001111000
Found cached RTLIL representation for module `$paramod\GTP_LUT5D\INIT=32'11111010101000001011010001111000'.
Parameter \INIT = 32'10110111010010001111101010100000
Found cached RTLIL representation for module `$paramod\GTP_LUT5D\INIT=32'10110111010010001111101010100000'.
Parameter \INIT = 1717960719
Found cached RTLIL representation for module `$paramod\GTP_LUT5D\INIT=32'01100110011001100000000000001111'.
Parameter \INIT = 32'11111010101000001011010001111000
Found cached RTLIL representation for module `$paramod\GTP_LUT5D\INIT=32'11111010101000001011010001111000'.
Parameter \INIT = 32'10110100011110001111101010100000
Found cached RTLIL representation for module `$paramod\GTP_LUT5D\INIT=32'10110100011110001111101010100000'.
Parameter \INIT = 32'10110100011110001111101010100000
Found cached RTLIL representation for module `$paramod\GTP_LUT5D\INIT=32'10110100011110001111101010100000'.
Parameter \INIT = 286326799
Found cached RTLIL representation for module `$paramod\GTP_LUT5D\INIT=32'00010001000100010000000000001111'.
Parameter \INIT = 32'10110100011110001111101010100000
Found cached RTLIL representation for module `$paramod\GTP_LUT5D\INIT=32'10110100011110001111101010100000'.
Parameter \INIT = 32'11111010101000001011011101001000
Found cached RTLIL representation for module `$paramod\GTP_LUT5D\INIT=32'11111010101000001011011101001000'.
Parameter \INIT = 32'10110100011110001111101010100000
Found cached RTLIL representation for module `$paramod\GTP_LUT5D\INIT=32'10110100011110001111101010100000'.
Parameter \INIT = 32'11111010101000001011010001111000
Found cached RTLIL representation for module `$paramod\GTP_LUT5D\INIT=32'11111010101000001011010001111000'.
Parameter \INIT = 987409
Found cached RTLIL representation for module `$paramod\GTP_LUT5D\INIT=32'00000000000011110001000100010001'.
Parameter \INIT = 32'11111010101000001011010001111000
Found cached RTLIL representation for module `$paramod\GTP_LUT5D\INIT=32'11111010101000001011010001111000'.
Parameter \INIT = 16'0001000101100110
Found cached RTLIL representation for module `$paramod\GTP_LUT4D\INIT=16'0001000101100110'.
Parameter \INIT = 32'10110100011110001111101010100000
Found cached RTLIL representation for module `$paramod\GTP_LUT5D\INIT=32'10110100011110001111101010100000'.
Parameter \INIT = 987409
Found cached RTLIL representation for module `$paramod\GTP_LUT5D\INIT=32'00000000000011110001000100010001'.
Parameter \INIT = 32'10110100011110001111101010100000
Found cached RTLIL representation for module `$paramod\GTP_LUT5D\INIT=32'10110100011110001111101010100000'.
Parameter \INIT = 32'11111010101000001011011101001000
Found cached RTLIL representation for module `$paramod\GTP_LUT5D\INIT=32'11111010101000001011011101001000'.
Parameter \INIT = 286326799
Found cached RTLIL representation for module `$paramod\GTP_LUT5D\INIT=32'00010001000100010000000000001111'.
Parameter \INIT = 32'11111010101000001011010001111000
Found cached RTLIL representation for module `$paramod\GTP_LUT5D\INIT=32'11111010101000001011010001111000'.
Parameter \INIT = 32'10110111010010001111101010100000
Found cached RTLIL representation for module `$paramod\GTP_LUT5D\INIT=32'10110111010010001111101010100000'.
Parameter \INIT = 64'0111011101111011100010001000010010101010101011110000000000001010
Found cached RTLIL representation for module `$paramod$e4f4b2bf6e54a8eae6b25fbe48bbe66bc4c5f7a4\GTP_LUT6D'.
Parameter \INIT = 32'10110100011110001111101010100000
Found cached RTLIL representation for module `$paramod\GTP_LUT5D\INIT=32'10110100011110001111101010100000'.
Parameter \INIT = 32'11111010101000001011010001111000
Found cached RTLIL representation for module `$paramod\GTP_LUT5D\INIT=32'11111010101000001011010001111000'.
Parameter \INIT = 16'0001000101100110
Found cached RTLIL representation for module `$paramod\GTP_LUT4D\INIT=16'0001000101100110'.
Parameter \INIT = 32'10110100011110001111101010100000
Found cached RTLIL representation for module `$paramod\GTP_LUT5D\INIT=32'10110100011110001111101010100000'.
Parameter \INIT = 64'1010111101010000010111111010000001100011100111001001001101101100
Found cached RTLIL representation for module `$paramod$a1085436c2c545ad5d7960f5b9338d229974b180\GTP_LUT6D'.
Parameter \INIT = 32'11111010101000001011011101001000
Found cached RTLIL representation for module `$paramod\GTP_LUT5D\INIT=32'11111010101000001011011101001000'.
Parameter \INIT = 32'11111010101000001011010001111000
Found cached RTLIL representation for module `$paramod\GTP_LUT5D\INIT=32'11111010101000001011010001111000'.
Parameter \INIT = 32'11111010101000001011011101001000
Found cached RTLIL representation for module `$paramod\GTP_LUT5D\INIT=32'11111010101000001011011101001000'.
Parameter \INIT = 32'11111010101000001011010001111000
Found cached RTLIL representation for module `$paramod\GTP_LUT5D\INIT=32'11111010101000001011010001111000'.
Parameter \INIT = 32'10110100011110001111101010100000
Found cached RTLIL representation for module `$paramod\GTP_LUT5D\INIT=32'10110100011110001111101010100000'.
Parameter \INIT = 64'1010101010101111000000000000101001110111011110111000100010000100
Found cached RTLIL representation for module `$paramod$9d91eab03c9a808f611edae1403c6044cce351fe\GTP_LUT6D'.
Parameter \INIT = 32'11111010101000001011010001111000
Found cached RTLIL representation for module `$paramod\GTP_LUT5D\INIT=32'11111010101000001011010001111000'.
Parameter \INIT = 64'1010101010101111000000000000101001110111011110111000100010000100
Found cached RTLIL representation for module `$paramod$9d91eab03c9a808f611edae1403c6044cce351fe\GTP_LUT6D'.
Parameter \INIT = 64'1010101010101111000000000000101001110111011110111000100010000100
Found cached RTLIL representation for module `$paramod$9d91eab03c9a808f611edae1403c6044cce351fe\GTP_LUT6D'.
Parameter \INIT = 64'1010101010101111000000000000101001110111011110111000100010000100
Found cached RTLIL representation for module `$paramod$9d91eab03c9a808f611edae1403c6044cce351fe\GTP_LUT6D'.
Parameter \INIT = 32'11111010101000001011010001111000
Found cached RTLIL representation for module `$paramod\GTP_LUT5D\INIT=32'11111010101000001011010001111000'.
Parameter \INIT = 64'1010101010101111000000000000101001110111011110111000100010000100
Found cached RTLIL representation for module `$paramod$9d91eab03c9a808f611edae1403c6044cce351fe\GTP_LUT6D'.
Parameter \INIT = 32'11111010101000001011010001111000
Found cached RTLIL representation for module `$paramod\GTP_LUT5D\INIT=32'11111010101000001011010001111000'.
Parameter \INIT = 987409
Found cached RTLIL representation for module `$paramod\GTP_LUT5D\INIT=32'00000000000011110001000100010001'.
Parameter \INIT = 286326799
Found cached RTLIL representation for module `$paramod\GTP_LUT5D\INIT=32'00010001000100010000000000001111'.
Parameter \INIT = 32'11111010101000001011010001111000
Found cached RTLIL representation for module `$paramod\GTP_LUT5D\INIT=32'11111010101000001011010001111000'.
Parameter \INIT = 987409
Found cached RTLIL representation for module `$paramod\GTP_LUT5D\INIT=32'00000000000011110001000100010001'.
Parameter \INIT = 32'11111010101000000100100010110111

3.377. Executing AST frontend in derive mode using pre-parsed AST for module `\GTP_LUT5D'.
Parameter \INIT = 32'11111010101000000100100010110111
Generating RTLIL representation for module `$paramod\GTP_LUT5D\INIT=32'11111010101000000100100010110111'.
Parameter \INIT = 32'11111010101000001011010001111000
Found cached RTLIL representation for module `$paramod\GTP_LUT5D\INIT=32'11111010101000001011010001111000'.
Parameter \INIT = 32'11111010101000001011010001111000
Found cached RTLIL representation for module `$paramod\GTP_LUT5D\INIT=32'11111010101000001011010001111000'.
Parameter \INIT = 32'10110100011110001111101010100000
Found cached RTLIL representation for module `$paramod\GTP_LUT5D\INIT=32'10110100011110001111101010100000'.
Parameter \INIT = 32'10110100011110001111101010100000
Found cached RTLIL representation for module `$paramod\GTP_LUT5D\INIT=32'10110100011110001111101010100000'.
Parameter \INIT = 32'11111010101000001011010001111000
Found cached RTLIL representation for module `$paramod\GTP_LUT5D\INIT=32'11111010101000001011010001111000'.
Parameter \INIT = 32'11111010101000001011011101001000
Found cached RTLIL representation for module `$paramod\GTP_LUT5D\INIT=32'11111010101000001011011101001000'.
Parameter \INIT = 64'0000101100001011000010110000101100000000000000000000000011111111

3.378. Executing AST frontend in derive mode using pre-parsed AST for module `\GTP_LUT6D'.
Parameter \INIT = 64'0000101100001011000010110000101100000000000000000000000011111111
Generating RTLIL representation for module `$paramod$191c892ad98296c1621c5c18716088609e6716d6\GTP_LUT6D'.
Parameter \INIT = 32'10110100011110001111101010100000
Found cached RTLIL representation for module `$paramod\GTP_LUT5D\INIT=32'10110100011110001111101010100000'.
Parameter \INIT = 32'10110100011110001111101010100000
Found cached RTLIL representation for module `$paramod\GTP_LUT5D\INIT=32'10110100011110001111101010100000'.
Parameter \INIT = 32'11111010101000001011010001111000
Found cached RTLIL representation for module `$paramod\GTP_LUT5D\INIT=32'11111010101000001011010001111000'.
Parameter \INIT = 32'11111010101000001011011101001000
Found cached RTLIL representation for module `$paramod\GTP_LUT5D\INIT=32'11111010101000001011011101001000'.
Parameter \INIT = 32'10110111010010001111101010100000
Found cached RTLIL representation for module `$paramod\GTP_LUT5D\INIT=32'10110111010010001111101010100000'.
Parameter \INIT = 32'10110111010010001111101010100000
Found cached RTLIL representation for module `$paramod\GTP_LUT5D\INIT=32'10110111010010001111101010100000'.
Parameter \INIT = 32'10110111010010001111101010100000
Found cached RTLIL representation for module `$paramod\GTP_LUT5D\INIT=32'10110111010010001111101010100000'.
Parameter \INIT = 32'10110100011110001111101010100000
Found cached RTLIL representation for module `$paramod\GTP_LUT5D\INIT=32'10110100011110001111101010100000'.
Parameter \INIT = 286326799
Found cached RTLIL representation for module `$paramod\GTP_LUT5D\INIT=32'00010001000100010000000000001111'.
Parameter \INIT = 64'0111011101111011100010001000010010101010101011110000000000001010
Found cached RTLIL representation for module `$paramod$e4f4b2bf6e54a8eae6b25fbe48bbe66bc4c5f7a4\GTP_LUT6D'.
Parameter \INIT = 64'0111011101111011100010001000010010101010101011110000000000001010
Found cached RTLIL representation for module `$paramod$e4f4b2bf6e54a8eae6b25fbe48bbe66bc4c5f7a4\GTP_LUT6D'.
Parameter \INIT = 987409
Found cached RTLIL representation for module `$paramod\GTP_LUT5D\INIT=32'00000000000011110001000100010001'.
Parameter \INIT = 32'10110100011110001111101010100000
Found cached RTLIL representation for module `$paramod\GTP_LUT5D\INIT=32'10110100011110001111101010100000'.
Parameter \INIT = 32'10110100011110001111101010100000
Found cached RTLIL representation for module `$paramod\GTP_LUT5D\INIT=32'10110100011110001111101010100000'.
Parameter \INIT = 64'0111011101111011100010001000010010101010101011110000000000001010
Found cached RTLIL representation for module `$paramod$e4f4b2bf6e54a8eae6b25fbe48bbe66bc4c5f7a4\GTP_LUT6D'.
Parameter \INIT = 64'1110111011100001100010001000011100000000000011110000000000001111

3.379. Executing AST frontend in derive mode using pre-parsed AST for module `\GTP_LUT6D'.
Parameter \INIT = 64'1110111011100001100010001000011100000000000011110000000000001111
Generating RTLIL representation for module `$paramod$9d1b2407f1beb944f8e921ec2b1337b6a7c57915\GTP_LUT6D'.
Parameter \INIT = 64'0111011101111011100010001000010010101010101011110000000000001010
Found cached RTLIL representation for module `$paramod$e4f4b2bf6e54a8eae6b25fbe48bbe66bc4c5f7a4\GTP_LUT6D'.
Parameter \INIT = 32'11111010101000001011010001111000
Found cached RTLIL representation for module `$paramod\GTP_LUT5D\INIT=32'11111010101000001011010001111000'.
Parameter \INIT = 64'1010101010101111000000000000101001110111011110111000100010000100
Found cached RTLIL representation for module `$paramod$9d91eab03c9a808f611edae1403c6044cce351fe\GTP_LUT6D'.
Parameter \INIT = 64'1010101010101111000000000000101001110111011110111000100010000100
Found cached RTLIL representation for module `$paramod$9d91eab03c9a808f611edae1403c6044cce351fe\GTP_LUT6D'.
Parameter \INIT = 32'10110100011110001111101010100000
Found cached RTLIL representation for module `$paramod\GTP_LUT5D\INIT=32'10110100011110001111101010100000'.
Parameter \INIT = 32'11111010101000001011010001111000
Found cached RTLIL representation for module `$paramod\GTP_LUT5D\INIT=32'11111010101000001011010001111000'.
Parameter \INIT = 32'11111010101000001011010001111000
Found cached RTLIL representation for module `$paramod\GTP_LUT5D\INIT=32'11111010101000001011010001111000'.
Parameter \INIT = 16'0001000101100110
Found cached RTLIL representation for module `$paramod\GTP_LUT4D\INIT=16'0001000101100110'.
Parameter \INIT = 32'10110100011110001111101010100000
Found cached RTLIL representation for module `$paramod\GTP_LUT5D\INIT=32'10110100011110001111101010100000'.
Parameter \INIT = 64'1010101010101111000000000000101001110111011110111000100010000100
Found cached RTLIL representation for module `$paramod$9d91eab03c9a808f611edae1403c6044cce351fe\GTP_LUT6D'.
Parameter \INIT = 64'1010101010101111000000000000101001110111011110111000100010000100
Found cached RTLIL representation for module `$paramod$9d91eab03c9a808f611edae1403c6044cce351fe\GTP_LUT6D'.
Parameter \INIT = 64'1010101010101111000000000000101001110111011110111000100010000100
Found cached RTLIL representation for module `$paramod$9d91eab03c9a808f611edae1403c6044cce351fe\GTP_LUT6D'.
Parameter \INIT = 32'11111010101000001011010001111000
Found cached RTLIL representation for module `$paramod\GTP_LUT5D\INIT=32'11111010101000001011010001111000'.
Parameter \INIT = 32'11111010101000001011011101001000
Found cached RTLIL representation for module `$paramod\GTP_LUT5D\INIT=32'11111010101000001011011101001000'.
Parameter \INIT = 32'10110100011110001111101010100000
Found cached RTLIL representation for module `$paramod\GTP_LUT5D\INIT=32'10110100011110001111101010100000'.
Parameter \INIT = 32'11111010101000001011011101001000
Found cached RTLIL representation for module `$paramod\GTP_LUT5D\INIT=32'11111010101000001011011101001000'.
Parameter \INIT = 64'1010101010101111000000000000101001110111011110111000100010000100
Found cached RTLIL representation for module `$paramod$9d91eab03c9a808f611edae1403c6044cce351fe\GTP_LUT6D'.
Parameter \INIT = 32'11111010101000001011011101001000
Found cached RTLIL representation for module `$paramod\GTP_LUT5D\INIT=32'11111010101000001011011101001000'.
Parameter \INIT = 64'0111011101111011100010001000010010101010101011110000000000001010
Found cached RTLIL representation for module `$paramod$e4f4b2bf6e54a8eae6b25fbe48bbe66bc4c5f7a4\GTP_LUT6D'.
Parameter \INIT = 64'1010101010101111000000000000101001110111011110111000100010000100
Found cached RTLIL representation for module `$paramod$9d91eab03c9a808f611edae1403c6044cce351fe\GTP_LUT6D'.
Parameter \INIT = 64'0111011101111011100010001000010010101010101011110000000000001010
Found cached RTLIL representation for module `$paramod$e4f4b2bf6e54a8eae6b25fbe48bbe66bc4c5f7a4\GTP_LUT6D'.
Parameter \INIT = 64'1010101010101111000000000000101001110111011110111000100010000100
Found cached RTLIL representation for module `$paramod$9d91eab03c9a808f611edae1403c6044cce351fe\GTP_LUT6D'.
Parameter \INIT = 64'0111011101111011100010001000010010101010101011110000000000001010
Found cached RTLIL representation for module `$paramod$e4f4b2bf6e54a8eae6b25fbe48bbe66bc4c5f7a4\GTP_LUT6D'.
Parameter \INIT = 64'1010101010101111000000000000101001110111011110111000100010000100
Found cached RTLIL representation for module `$paramod$9d91eab03c9a808f611edae1403c6044cce351fe\GTP_LUT6D'.
Parameter \INIT = 64'0111011101111011100010001000010010101010101011110000000000001010
Found cached RTLIL representation for module `$paramod$e4f4b2bf6e54a8eae6b25fbe48bbe66bc4c5f7a4\GTP_LUT6D'.
Parameter \INIT = 32'10110111010010000101010110101010
Found cached RTLIL representation for module `$paramod\GTP_LUT5D\INIT=32'10110111010010000101010110101010'.
Parameter \INIT = 32'10110111010010000000000001010101
Found cached RTLIL representation for module `$paramod\GTP_LUT5D\INIT=32'10110111010010000000000001010101'.
Parameter \INIT = 64'1011101101110111010001001000100000000101000001010000010100000101
Found cached RTLIL representation for module `$paramod$b2d8d094daeff0d143ffecf0d194c6d45d8cacba\GTP_LUT6D'.
Parameter \INIT = 64'1011101101110111010001001000100000000101000001010000010100000101
Found cached RTLIL representation for module `$paramod$b2d8d094daeff0d143ffecf0d194c6d45d8cacba\GTP_LUT6D'.
Parameter \INIT = 64'1011011101001000101101110100100001010101010101011010101010101010
Found cached RTLIL representation for module `$paramod$4423c194664bf0335d103333460b31b1b13d03ba\GTP_LUT6D'.
Parameter \INIT = 32'10110111010010000000000001010101
Found cached RTLIL representation for module `$paramod\GTP_LUT5D\INIT=32'10110111010010000000000001010101'.
Parameter \INIT = 64'0000111100001111000000000000111100010001000100010001000100010001

3.380. Executing AST frontend in derive mode using pre-parsed AST for module `\GTP_LUT6D'.
Parameter \INIT = 64'0000111100001111000000000000111100010001000100010001000100010001
Generating RTLIL representation for module `$paramod$63e73573a24b8f50725dd1864e87a003ff66f512\GTP_LUT6D'.
Parameter \INIT = 64'1011011110110111010010000100100000000000001100110000000000110011
Found cached RTLIL representation for module `$paramod$f3b4af0ae34e8e68b373e23283513b58f17baf07\GTP_LUT6D'.
Parameter \INIT = 64'1011101101110111010001001000100001011010010110100101101001011010
Found cached RTLIL representation for module `$paramod$9a608af8a229124ec13d555cb65a5726544533ab\GTP_LUT6D'.
Parameter \INIT = 1057772970

3.381. Executing AST frontend in derive mode using pre-parsed AST for module `\GTP_LUT5D'.
Parameter \INIT = 1057772970
Generating RTLIL representation for module `$paramod\GTP_LUT5D\INIT=32'00111111000011000101010110101010'.
Parameter \INIT = 64'1010010101010101101001010101010111000011110000110011001100110011

3.382. Executing AST frontend in derive mode using pre-parsed AST for module `\GTP_LUT6D'.
Parameter \INIT = 64'1010010101010101101001010101010111000011110000110011001100110011
Generating RTLIL representation for module `$paramod$ebe47d53bd374cf0b162fd1f9cf99f0282b635d3\GTP_LUT6D'.
Parameter \INIT = 64'1011011101001000101101110100100000000000000000001010101010101010
Found cached RTLIL representation for module `$paramod$c03cda98268425c6f945503e7b43676891c0fb93\GTP_LUT6D'.
Parameter \INIT = 32'10110111010010000000000001010101
Found cached RTLIL representation for module `$paramod\GTP_LUT5D\INIT=32'10110111010010000000000001010101'.
Parameter \INIT = 64'0100010010001000101110110111011101011010010110100101101001011010

3.383. Executing AST frontend in derive mode using pre-parsed AST for module `\GTP_LUT6D'.
Parameter \INIT = 64'0100010010001000101110110111011101011010010110100101101001011010
Generating RTLIL representation for module `$paramod$6e281213e2f046e6f39dbb04a3e6dadbd7fb5f4d\GTP_LUT6D'.
Parameter \INIT = 64'1011101101110111010001001000100001011010010110100101101001011010
Found cached RTLIL representation for module `$paramod$9a608af8a229124ec13d555cb65a5726544533ab\GTP_LUT6D'.
Parameter \INIT = 64'1101001101000000011100110001000011000011110000110011001100110011
Found cached RTLIL representation for module `$paramod$6056785a1d9475f059826fae593357e1c74dd68c\GTP_LUT6D'.
Parameter \INIT = 32'10110111010010000101010110101010
Found cached RTLIL representation for module `$paramod\GTP_LUT5D\INIT=32'10110111010010000101010110101010'.
Parameter \INIT = 64'1011101101110111010001001000100001011010010110100101101001011010
Found cached RTLIL representation for module `$paramod$9a608af8a229124ec13d555cb65a5726544533ab\GTP_LUT6D'.
Parameter \INIT = 32'10110111010010000000000001010101
Found cached RTLIL representation for module `$paramod\GTP_LUT5D\INIT=32'10110111010010000000000001010101'.
Parameter \INIT = 64'1101001101000000011100110001000011000011110000110011001100110011
Found cached RTLIL representation for module `$paramod$6056785a1d9475f059826fae593357e1c74dd68c\GTP_LUT6D'.
Parameter \INIT = 64'1010101010101010010101010101010110110111010010001011011101001000

3.384. Executing AST frontend in derive mode using pre-parsed AST for module `\GTP_LUT6D'.
Parameter \INIT = 64'1010101010101010010101010101010110110111010010001011011101001000
Generating RTLIL representation for module `$paramod$90534322c002f536767bd6e88113cbd81e837f32\GTP_LUT6D'.
Parameter \INIT = 64'1011101101110111010001001000100010100101101001011010010110100101

3.385. Executing AST frontend in derive mode using pre-parsed AST for module `\GTP_LUT6D'.
Parameter \INIT = 64'1011101101110111010001001000100010100101101001011010010110100101
Generating RTLIL representation for module `$paramod$9bd9addbe5604d3604804de2b30910b3b68388a6\GTP_LUT6D'.
Parameter \INIT = 32'10110111010010000000000001010101
Found cached RTLIL representation for module `$paramod\GTP_LUT5D\INIT=32'10110111010010000000000001010101'.
Parameter \INIT = 64'1001010110010101100101011001010100001111111111110000000011110000

3.386. Executing AST frontend in derive mode using pre-parsed AST for module `\GTP_LUT6D'.
Parameter \INIT = 64'1001010110010101100101011001010100001111111111110000000011110000
Generating RTLIL representation for module `$paramod$f659a1b60edee2b522e21b6730b008d28af6dd55\GTP_LUT6D'.
Parameter \INIT = 64'1011101101110111010001001000100000000101000001010000010100000101
Found cached RTLIL representation for module `$paramod$b2d8d094daeff0d143ffecf0d194c6d45d8cacba\GTP_LUT6D'.
Parameter \INIT = 64'1101001101000000011100110001000011000011110000110011001100110011
Found cached RTLIL representation for module `$paramod$6056785a1d9475f059826fae593357e1c74dd68c\GTP_LUT6D'.
Parameter \INIT = 64'0011001100110011001100110000000000000000101011110000000010101111

3.387. Executing AST frontend in derive mode using pre-parsed AST for module `\GTP_LUT6D'.
Parameter \INIT = 64'0011001100110011001100110000000000000000101011110000000010101111
Generating RTLIL representation for module `$paramod$3efc35ac6384a74634f578aed4e5e03acf8d9ce2\GTP_LUT6D'.
Parameter \INIT = 64'1011101101110111010001001000100000000101000001010000010100000101
Found cached RTLIL representation for module `$paramod$b2d8d094daeff0d143ffecf0d194c6d45d8cacba\GTP_LUT6D'.
Parameter \INIT = 64'1011011110110111010010000100100000000000010101010000000001010101
Found cached RTLIL representation for module `$paramod$4bc40d86a52c1e63c4562b2dc449fde362de88e5\GTP_LUT6D'.
Parameter \INIT = 64'1011101101110111010001001000100000000101000001010000010100000101
Found cached RTLIL representation for module `$paramod$b2d8d094daeff0d143ffecf0d194c6d45d8cacba\GTP_LUT6D'.
Parameter \INIT = 64'1011101101110111010001001000100000000101000001010000010100000101
Found cached RTLIL representation for module `$paramod$b2d8d094daeff0d143ffecf0d194c6d45d8cacba\GTP_LUT6D'.
Parameter \INIT = 64'0101010101010101010001000100010001011111000010100101111100001010

3.388. Executing AST frontend in derive mode using pre-parsed AST for module `\GTP_LUT6D'.
Parameter \INIT = 64'0101010101010101010001000100010001011111000010100101111100001010
Generating RTLIL representation for module `$paramod$ac7dc6d55c00c11fa06aa17ae2d0a4f440403d1b\GTP_LUT6D'.
Parameter \INIT = 64'1011011110110111010010000100100000000000001100110000000000110011
Found cached RTLIL representation for module `$paramod$f3b4af0ae34e8e68b373e23283513b58f17baf07\GTP_LUT6D'.
Parameter \INIT = 64'0000010100000101000001010000010100000000000000001100110011111111

3.389. Executing AST frontend in derive mode using pre-parsed AST for module `\GTP_LUT6D'.
Parameter \INIT = 64'0000010100000101000001010000010100000000000000001100110011111111
Generating RTLIL representation for module `$paramod$b1f2acdd99e2fa148cba3ab4bca5b2198e913d8b\GTP_LUT6D'.
Parameter \INIT = 64'0100010001000100010001000100010000000000000011110000000000000000

3.390. Executing AST frontend in derive mode using pre-parsed AST for module `\GTP_LUT6D'.
Parameter \INIT = 64'0100010001000100010001000100010000000000000011110000000000000000
Generating RTLIL representation for module `$paramod$73dcf68930de2b50197c1e13d1de42971cc68e5a\GTP_LUT6D'.
Parameter \INIT = 64'1111111110101010101010100000000000010000001000110010000000010011

3.391. Executing AST frontend in derive mode using pre-parsed AST for module `\GTP_LUT6D'.
Parameter \INIT = 64'1111111110101010101010100000000000010000001000110010000000010011
Generating RTLIL representation for module `$paramod$49dac5eb76cdd460868ba9a993363fd77f4a8fdd\GTP_LUT6D'.
Parameter \INIT = 64'0000001100000000000000110000000001010101010101010000000000000000

3.392. Executing AST frontend in derive mode using pre-parsed AST for module `\GTP_LUT6D'.
Parameter \INIT = 64'0000001100000000000000110000000001010101010101010000000000000000
Generating RTLIL representation for module `$paramod$eb4b7a6109a08959342fec27225c36803509f253\GTP_LUT6D'.
Parameter \INIT = 16'0101000000110000
Found cached RTLIL representation for module `$paramod\GTP_LUT4D\INIT=16'0101000000110000'.
Parameter \INIT = 1363151935
Found cached RTLIL representation for module `$paramod\GTP_LUT5D\INIT=32'01010001010000000000110000111111'.
Parameter \INIT = 83899136

3.393. Executing AST frontend in derive mode using pre-parsed AST for module `\GTP_LUT5D'.
Parameter \INIT = 83899136
Generating RTLIL representation for module `$paramod\GTP_LUT5D\INIT=32'00000101000000000011001100000000'.
Parameter \INIT = 64'0000000000000000001100110011001110110111010010001011011101001000

3.394. Executing AST frontend in derive mode using pre-parsed AST for module `\GTP_LUT6D'.
Parameter \INIT = 64'0000000000000000001100110011001110110111010010001011011101001000
Generating RTLIL representation for module `$paramod$572fd2e96507bcc6f5e165ee9db501d8bd09fc7c\GTP_LUT6D'.
Parameter \INIT = 1771498884

3.395. Executing AST frontend in derive mode using pre-parsed AST for module `\GTP_LUT5D'.
Parameter \INIT = 1771498884
Generating RTLIL representation for module `$paramod\GTP_LUT5D\INIT=32'01101001100101101110110110000100'.
Parameter \INIT = 64'0101010100000000111111110000000000000011000000110000001100000011

3.396. Executing AST frontend in derive mode using pre-parsed AST for module `\GTP_LUT6D'.
Parameter \INIT = 64'0101010100000000111111110000000000000011000000110000001100000011
Generating RTLIL representation for module `$paramod$7861db8c83ce66b32415fec10dd47c0ab7f9f909\GTP_LUT6D'.
Parameter \INIT = 64'1011011101001000101101110100100000000000000000000101010101010101
Found cached RTLIL representation for module `$paramod$3162d1c10e3b1a49aee26fa976ae76b3fa987b59\GTP_LUT6D'.
Parameter \INIT = 64'0000000000000000000000001111111101101001011010010110100101101001

3.397. Executing AST frontend in derive mode using pre-parsed AST for module `\GTP_LUT6D'.
Parameter \INIT = 64'0000000000000000000000001111111101101001011010010110100101101001
Generating RTLIL representation for module `$paramod$346efba650ab58ed1d5d6bbf517510fb35e990e9\GTP_LUT6D'.
Parameter \INIT = 64'1010010110100101101001011010010100000000000000001111111111001100

3.398. Executing AST frontend in derive mode using pre-parsed AST for module `\GTP_LUT6D'.
Parameter \INIT = 64'1010010110100101101001011010010100000000000000001111111111001100
Generating RTLIL representation for module `$paramod$e395ced5df0be5ca9974b542360fa91b45bd7eaa\GTP_LUT6D'.
Parameter \INIT = 1593848576

3.399. Executing AST frontend in derive mode using pre-parsed AST for module `\GTP_LUT5D'.
Parameter \INIT = 1593848576
Generating RTLIL representation for module `$paramod\GTP_LUT5D\INIT=32'01011111000000000011001100000000'.
Parameter \INIT = 64'1000111010001110100011101000111010101010000000001111111110101010

3.400. Executing AST frontend in derive mode using pre-parsed AST for module `\GTP_LUT6D'.
Parameter \INIT = 64'1000111010001110100011101000111010101010000000001111111110101010
Generating RTLIL representation for module `$paramod$7bc5c9b97359aae15d373341a71701ec7d6cc5e3\GTP_LUT6D'.
Parameter \INIT = 1219993850
Found cached RTLIL representation for module `$paramod\GTP_LUT5D\INIT=32'01001000101101111010000011111010'.
Parameter \INIT = 64'1011101101110111010001001000100000000101000001010000010100000101
Found cached RTLIL representation for module `$paramod$b2d8d094daeff0d143ffecf0d194c6d45d8cacba\GTP_LUT6D'.
Parameter \INIT = 64'1011011101001000101101110100100000000000000000000101010101010101
Found cached RTLIL representation for module `$paramod$3162d1c10e3b1a49aee26fa976ae76b3fa987b59\GTP_LUT6D'.
Parameter \INIT = 64'1011011101001000101101110100100000000000000000000101010101010101
Found cached RTLIL representation for module `$paramod$3162d1c10e3b1a49aee26fa976ae76b3fa987b59\GTP_LUT6D'.
Parameter \INIT = 64'1011011101001000101101110100100000000000000000000101010101010101
Found cached RTLIL representation for module `$paramod$3162d1c10e3b1a49aee26fa976ae76b3fa987b59\GTP_LUT6D'.
Parameter \INIT = 64'1000111010001110100011101000111010010110100101101001011011110000

3.401. Executing AST frontend in derive mode using pre-parsed AST for module `\GTP_LUT6D'.
Parameter \INIT = 64'1000111010001110100011101000111010010110100101101001011011110000
Generating RTLIL representation for module `$paramod$e70a70875ab49b165e7d3403c74a80c999ee71bc\GTP_LUT6D'.
Parameter \INIT = 64'1011010000000000010010111111111111110100111101000100000001000000
Found cached RTLIL representation for module `$paramod$b248236ecd8a38f2041324a2eff8e2f70d76b378\GTP_LUT6D'.
Parameter \INIT = 64'1011011101001000101101110100100000000000000000000101010101010101
Found cached RTLIL representation for module `$paramod$3162d1c10e3b1a49aee26fa976ae76b3fa987b59\GTP_LUT6D'.
Parameter \INIT = 64'0001000100000000000100010000000000100000000000000010000100000000

3.402. Executing AST frontend in derive mode using pre-parsed AST for module `\GTP_LUT6D'.
Parameter \INIT = 64'0001000100000000000100010000000000100000000000000010000100000000
Generating RTLIL representation for module `$paramod$dce501fd9ba37fce5167db90be9cf9df4c081983\GTP_LUT6D'.
Parameter \INIT = 16'0110100111101000
Found cached RTLIL representation for module `$paramod\GTP_LUT4D\INIT=16'0110100111101000'.
Parameter \INIT = 64'1011101101110111010001001000100001011010010110100101101001011010
Found cached RTLIL representation for module `$paramod$9a608af8a229124ec13d555cb65a5726544533ab\GTP_LUT6D'.
Parameter \INIT = 32'11010000110100000000000000110011

3.403. Executing AST frontend in derive mode using pre-parsed AST for module `\GTP_LUT5D'.
Parameter \INIT = 32'11010000110100000000000000110011
Generating RTLIL representation for module `$paramod\GTP_LUT5D\INIT=32'11010000110100000000000000110011'.
Parameter \INIT = 16'0001000101100110
Found cached RTLIL representation for module `$paramod\GTP_LUT4D\INIT=16'0001000101100110'.
Parameter \INIT = 64'0011111111110011000011001100000000000000000000000101010101010101
Found cached RTLIL representation for module `$paramod$e290f9703e478db497e7d0a6924026c213e86c1a\GTP_LUT6D'.
Parameter \INIT = 32'10110111010010000000000001010101
Found cached RTLIL representation for module `$paramod\GTP_LUT5D\INIT=32'10110111010010000000000001010101'.
Parameter \INIT = 16'0001000101100110
Found cached RTLIL representation for module `$paramod\GTP_LUT4D\INIT=16'0001000101100110'.
Parameter \INIT = 64'1011011101001000101101110100100000000000000000000101010101010101
Found cached RTLIL representation for module `$paramod$3162d1c10e3b1a49aee26fa976ae76b3fa987b59\GTP_LUT6D'.
Parameter \INIT = 64'1011101101110111010001001000100000000101000001010000010100000101
Found cached RTLIL representation for module `$paramod$b2d8d094daeff0d143ffecf0d194c6d45d8cacba\GTP_LUT6D'.
Parameter \INIT = 32'10100000111110100100100010110111
Found cached RTLIL representation for module `$paramod\GTP_LUT5D\INIT=32'10100000111110100100100010110111'.
Parameter \INIT = 64'1011101101110111010001001000100001011010010110100101101001011010
Found cached RTLIL representation for module `$paramod$9a608af8a229124ec13d555cb65a5726544533ab\GTP_LUT6D'.
Parameter \INIT = 32'10000000100100000000000000110011

3.404. Executing AST frontend in derive mode using pre-parsed AST for module `\GTP_LUT5D'.
Parameter \INIT = 32'10000000100100000000000000110011
Generating RTLIL representation for module `$paramod\GTP_LUT5D\INIT=32'10000000100100000000000000110011'.
Parameter \INIT = 168488584

3.405. Executing AST frontend in derive mode using pre-parsed AST for module `\GTP_LUT5D'.
Parameter \INIT = 168488584
Generating RTLIL representation for module `$paramod\GTP_LUT5D\INIT=32'00001010000010101110111010001000'.
Parameter \INIT = 64'1011101101110111010001001000100000000101000001010000010100000101
Found cached RTLIL representation for module `$paramod$b2d8d094daeff0d143ffecf0d194c6d45d8cacba\GTP_LUT6D'.
Parameter \INIT = 16'0001000101100110
Found cached RTLIL representation for module `$paramod\GTP_LUT4D\INIT=16'0001000101100110'.
Parameter \INIT = 3375248

3.406. Executing AST frontend in derive mode using pre-parsed AST for module `\GTP_LUT5D'.
Parameter \INIT = 3375248
Generating RTLIL representation for module `$paramod\GTP_LUT5D\INIT=32'00000000001100111000000010010000'.
Parameter \INIT = 64'0010000000000000001000010000000000000000000000000000111100001111

3.407. Executing AST frontend in derive mode using pre-parsed AST for module `\GTP_LUT6D'.
Parameter \INIT = 64'0010000000000000001000010000000000000000000000000000111100001111
Generating RTLIL representation for module `$paramod$b72b119d921819da53eb99d11a6a20ec69efb451\GTP_LUT6D'.
Parameter \INIT = 16'0110011000010001

3.408. Executing AST frontend in derive mode using pre-parsed AST for module `\GTP_LUT4D'.
Parameter \INIT = 16'0110011000010001
Generating RTLIL representation for module `$paramod\GTP_LUT4D\INIT=16'0110011000010001'.
Parameter \INIT = 64'1011101101110111010001001000100001011010010110100101101001011010
Found cached RTLIL representation for module `$paramod$9a608af8a229124ec13d555cb65a5726544533ab\GTP_LUT6D'.
Parameter \INIT = 64'1001110001101100011000111001001100100011000100110001000000100000
Found cached RTLIL representation for module `$paramod$59dac5a12dea57aa537d5305bcb2ec66cfd5e691\GTP_LUT6D'.
Parameter \INIT = 16'0001000101100110
Found cached RTLIL representation for module `$paramod\GTP_LUT4D\INIT=16'0001000101100110'.
Parameter \INIT = 64'0000010100000101000001010000010100110000111111001111110000110000

3.409. Executing AST frontend in derive mode using pre-parsed AST for module `\GTP_LUT6D'.
Parameter \INIT = 64'0000010100000101000001010000010100110000111111001111110000110000
Generating RTLIL representation for module `$paramod$50f711fe3c34176ffb1a61d160f20ce13f72534e\GTP_LUT6D'.
Parameter \INIT = 16'0001000101100110
Found cached RTLIL representation for module `$paramod\GTP_LUT4D\INIT=16'0001000101100110'.
Parameter \INIT = 64'1010111101011111010100001010000001100011100100111001110001101100
Found cached RTLIL representation for module `$paramod$4c6ef7381bb67b6b840ee6d5a82d90ba71d74959\GTP_LUT6D'.
Parameter \INIT = 16'0101101000010001
Found cached RTLIL representation for module `$paramod\GTP_LUT4D\INIT=16'0101101000010001'.
Parameter \INIT = 64'1011011110110111010010000100100000000000001100110000000000110011
Found cached RTLIL representation for module `$paramod$f3b4af0ae34e8e68b373e23283513b58f17baf07\GTP_LUT6D'.
Parameter \INIT = 16'0001000101100110
Found cached RTLIL representation for module `$paramod\GTP_LUT4D\INIT=16'0001000101100110'.
Parameter \INIT = 64'0000000000000000111111110000111101001110111001000100111011100100

3.410. Executing AST frontend in derive mode using pre-parsed AST for module `\GTP_LUT6D'.
Parameter \INIT = 64'0000000000000000111111110000111101001110111001000100111011100100
Generating RTLIL representation for module `$paramod$f3017bc913b77418fb61f65917e82f9dd0b4e79c\GTP_LUT6D'.
Parameter \INIT = 32'11111010101000001011011101001000
Found cached RTLIL representation for module `$paramod\GTP_LUT5D\INIT=32'11111010101000001011011101001000'.
Parameter \INIT = 64'1010111101011111010100001010000001100011100100111001110001101100
Found cached RTLIL representation for module `$paramod$4c6ef7381bb67b6b840ee6d5a82d90ba71d74959\GTP_LUT6D'.
Parameter \INIT = 987409
Found cached RTLIL representation for module `$paramod\GTP_LUT5D\INIT=32'00000000000011110001000100010001'.
Parameter \INIT = 1219993850
Found cached RTLIL representation for module `$paramod\GTP_LUT5D\INIT=32'01001000101101111010000011111010'.
Parameter \INIT = 16'0001000101100110
Found cached RTLIL representation for module `$paramod\GTP_LUT4D\INIT=16'0001000101100110'.
Parameter \INIT = 16'0001000101100110
Found cached RTLIL representation for module `$paramod\GTP_LUT4D\INIT=16'0001000101100110'.
Parameter \INIT = 16'0001000101100110
Found cached RTLIL representation for module `$paramod\GTP_LUT4D\INIT=16'0001000101100110'.
Parameter \INIT = 16'0001000101100110
Found cached RTLIL representation for module `$paramod\GTP_LUT4D\INIT=16'0001000101100110'.
Parameter \INIT = 64'1010111101011111010100001010000001100011100100111001110001101100
Found cached RTLIL representation for module `$paramod$4c6ef7381bb67b6b840ee6d5a82d90ba71d74959\GTP_LUT6D'.
Parameter \INIT = 64'1010111101010000010111111010000001100011100111001001001101101100
Found cached RTLIL representation for module `$paramod$a1085436c2c545ad5d7960f5b9338d229974b180\GTP_LUT6D'.
Parameter \INIT = 16'0001000101100110
Found cached RTLIL representation for module `$paramod\GTP_LUT4D\INIT=16'0001000101100110'.
Parameter \INIT = 32'10110111010010001111101010100000
Found cached RTLIL representation for module `$paramod\GTP_LUT5D\INIT=32'10110111010010001111101010100000'.
Parameter \INIT = 64'1100110011101110111111111111111100111100001111000011110000111100

3.411. Executing AST frontend in derive mode using pre-parsed AST for module `\GTP_LUT6D'.
Parameter \INIT = 64'1100110011101110111111111111111100111100001111000011110000111100
Generating RTLIL representation for module `$paramod$51aa13dbc6b934988bdd595f61f32077d037ef8a\GTP_LUT6D'.
Parameter \INIT = 16'0001000101100110
Found cached RTLIL representation for module `$paramod\GTP_LUT4D\INIT=16'0001000101100110'.
Parameter \INIT = 32'10110111010010001111101010100000
Found cached RTLIL representation for module `$paramod\GTP_LUT5D\INIT=32'10110111010010001111101010100000'.
Parameter \INIT = 16'0001000101100110
Found cached RTLIL representation for module `$paramod\GTP_LUT4D\INIT=16'0001000101100110'.
Parameter \INIT = 64'0010011100100111001001110010011111001100110011001100110011110000

3.412. Executing AST frontend in derive mode using pre-parsed AST for module `\GTP_LUT6D'.
Parameter \INIT = 64'0010011100100111001001110010011111001100110011001100110011110000
Generating RTLIL representation for module `$paramod$abbb4fe101854bc078a580c5a97fffe78066538c\GTP_LUT6D'.
Parameter \INIT = 64'1011101101110111010001001000100000000101000001010000010100000101
Found cached RTLIL representation for module `$paramod$b2d8d094daeff0d143ffecf0d194c6d45d8cacba\GTP_LUT6D'.
Parameter \INIT = 64'1011101101110111010001001000100000000101000001010000010100000101
Found cached RTLIL representation for module `$paramod$b2d8d094daeff0d143ffecf0d194c6d45d8cacba\GTP_LUT6D'.
Parameter \INIT = 16'0001000101100110
Found cached RTLIL representation for module `$paramod\GTP_LUT4D\INIT=16'0001000101100110'.
Parameter \INIT = 16'0001000101100110
Found cached RTLIL representation for module `$paramod\GTP_LUT4D\INIT=16'0001000101100110'.
Parameter \INIT = 16'0001000101100110
Found cached RTLIL representation for module `$paramod\GTP_LUT4D\INIT=16'0001000101100110'.
Parameter \INIT = 16'0001000101100110
Found cached RTLIL representation for module `$paramod\GTP_LUT4D\INIT=16'0001000101100110'.
Parameter \INIT = 32'10110100011110001111101010100000
Found cached RTLIL representation for module `$paramod\GTP_LUT5D\INIT=32'10110100011110001111101010100000'.
Parameter \INIT = 16'0001000101100110
Found cached RTLIL representation for module `$paramod\GTP_LUT4D\INIT=16'0001000101100110'.
Parameter \INIT = 64'1010111101011111010100001010000001100011100100111001110001101100
Found cached RTLIL representation for module `$paramod$4c6ef7381bb67b6b840ee6d5a82d90ba71d74959\GTP_LUT6D'.
Parameter \INIT = 16'0000111000010001
Found cached RTLIL representation for module `$paramod\GTP_LUT4D\INIT=16'0000111000010001'.
Parameter \INIT = 16'0001000101100110
Found cached RTLIL representation for module `$paramod\GTP_LUT4D\INIT=16'0001000101100110'.
Parameter \INIT = 32'10110100011110001111101010100000
Found cached RTLIL representation for module `$paramod\GTP_LUT5D\INIT=32'10110100011110001111101010100000'.
Parameter \INIT = 64'1010111101011111010100001010000001100011100100111001110001101100
Found cached RTLIL representation for module `$paramod$4c6ef7381bb67b6b840ee6d5a82d90ba71d74959\GTP_LUT6D'.
Parameter \INIT = 64'0000000000000000101010101111111100000011000000110000001100000011

3.413. Executing AST frontend in derive mode using pre-parsed AST for module `\GTP_LUT6D'.
Parameter \INIT = 64'0000000000000000101010101111111100000011000000110000001100000011
Generating RTLIL representation for module `$paramod$a734f22af2dfca9be655d0187ee622acd1d6d5dc\GTP_LUT6D'.
Parameter \INIT = 16'0001000101100110
Found cached RTLIL representation for module `$paramod\GTP_LUT4D\INIT=16'0001000101100110'.
Parameter \INIT = 32'10110100011110001111101010100000
Found cached RTLIL representation for module `$paramod\GTP_LUT5D\INIT=32'10110100011110001111101010100000'.
Parameter \INIT = 16'0001000101100110
Found cached RTLIL representation for module `$paramod\GTP_LUT4D\INIT=16'0001000101100110'.
Parameter \INIT = 64'0110001110011100100100110110110010101111010100000101111110100000
Found cached RTLIL representation for module `$paramod$a539beea428dd852da75b307728919d27a5e23c1\GTP_LUT6D'.
Parameter \INIT = 50528341

3.414. Executing AST frontend in derive mode using pre-parsed AST for module `\GTP_LUT5D'.
Parameter \INIT = 50528341
Generating RTLIL representation for module `$paramod\GTP_LUT5D\INIT=32'00000011000000110000000001010101'.
Parameter \INIT = 16'0001000101100110
Found cached RTLIL representation for module `$paramod\GTP_LUT4D\INIT=16'0001000101100110'.
Parameter \INIT = 32'10110100011110001111101010100000
Found cached RTLIL representation for module `$paramod\GTP_LUT5D\INIT=32'10110100011110001111101010100000'.
Parameter \INIT = 16'0110011000010001
Found cached RTLIL representation for module `$paramod\GTP_LUT4D\INIT=16'0110011000010001'.
Parameter \INIT = 16'0110011000010001
Found cached RTLIL representation for module `$paramod\GTP_LUT4D\INIT=16'0110011000010001'.
Parameter \INIT = 16'0001000101100110
Found cached RTLIL representation for module `$paramod\GTP_LUT4D\INIT=16'0001000101100110'.
Parameter \INIT = 16'0110011000010001
Found cached RTLIL representation for module `$paramod\GTP_LUT4D\INIT=16'0110011000010001'.
Parameter \INIT = 16'0001000101100110
Found cached RTLIL representation for module `$paramod\GTP_LUT4D\INIT=16'0001000101100110'.
Parameter \INIT = 32'11111010101000001011010001111000
Found cached RTLIL representation for module `$paramod\GTP_LUT5D\INIT=32'11111010101000001011010001111000'.
Parameter \INIT = 16'0001000101100110
Found cached RTLIL representation for module `$paramod\GTP_LUT4D\INIT=16'0001000101100110'.
Parameter \INIT = 32'11111010101000000100101110000111

3.415. Executing AST frontend in derive mode using pre-parsed AST for module `\GTP_LUT5D'.
Parameter \INIT = 32'11111010101000000100101110000111
Generating RTLIL representation for module `$paramod\GTP_LUT5D\INIT=32'11111010101000000100101110000111'.
Parameter \INIT = 16'0001000101100110
Found cached RTLIL representation for module `$paramod\GTP_LUT4D\INIT=16'0001000101100110'.
Parameter \INIT = 32'10110111010010001111101010100000
Found cached RTLIL representation for module `$paramod\GTP_LUT5D\INIT=32'10110111010010001111101010100000'.
Parameter \INIT = 16'0001000101100110
Found cached RTLIL representation for module `$paramod\GTP_LUT4D\INIT=16'0001000101100110'.
Parameter \INIT = 32'10100000111110100100100010110111
Found cached RTLIL representation for module `$paramod\GTP_LUT5D\INIT=32'10100000111110100100100010110111'.
Parameter \INIT = 16'0001000101100110
Found cached RTLIL representation for module `$paramod\GTP_LUT4D\INIT=16'0001000101100110'.
Parameter \INIT = 987409
Found cached RTLIL representation for module `$paramod\GTP_LUT5D\INIT=32'00000000000011110001000100010001'.
Parameter \INIT = 32'11111010101000001011010001111000
Found cached RTLIL representation for module `$paramod\GTP_LUT5D\INIT=32'11111010101000001011010001111000'.
Parameter \INIT = 32'11111100101010000101010110101010
Found cached RTLIL representation for module `$paramod\GTP_LUT5D\INIT=32'11111100101010000101010110101010'.
Parameter \INIT = 64'1111000011110000111111111111000010010101100101011001100110010101

3.416. Executing AST frontend in derive mode using pre-parsed AST for module `\GTP_LUT6D'.
Parameter \INIT = 64'1111000011110000111111111111000010010101100101011001100110010101
Generating RTLIL representation for module `$paramod$2ccb2fb00dc8535ec60b652e34a993fe4c752074\GTP_LUT6D'.
Parameter \INIT = 32'10110100011110001111101010100000
Found cached RTLIL representation for module `$paramod\GTP_LUT5D\INIT=32'10110100011110001111101010100000'.
Parameter \INIT = 64'0011111111110011000011001100000010010101010110011010011001101010

3.417. Executing AST frontend in derive mode using pre-parsed AST for module `\GTP_LUT6D'.
Parameter \INIT = 64'0011111111110011000011001100000010010101010110011010011001101010
Generating RTLIL representation for module `$paramod$bf22a6bb885232c788ff347ce7a0a82c51abd768\GTP_LUT6D'.
Parameter \INIT = 987409
Found cached RTLIL representation for module `$paramod\GTP_LUT5D\INIT=32'00000000000011110001000100010001'.
Parameter \INIT = 32'11111010101000001011011101001000
Found cached RTLIL representation for module `$paramod\GTP_LUT5D\INIT=32'11111010101000001011011101001000'.
Parameter \INIT = 64'0111011101111011100010001000010010101010101011110000000000001010
Found cached RTLIL representation for module `$paramod$e4f4b2bf6e54a8eae6b25fbe48bbe66bc4c5f7a4\GTP_LUT6D'.
Parameter \INIT = 32'10110100011110001111101010100000
Found cached RTLIL representation for module `$paramod\GTP_LUT5D\INIT=32'10110100011110001111101010100000'.
Parameter \INIT = 32'11111010101000001011010001111000
Found cached RTLIL representation for module `$paramod\GTP_LUT5D\INIT=32'11111010101000001011010001111000'.
Parameter \INIT = 32'10110100011110001111101010100000
Found cached RTLIL representation for module `$paramod\GTP_LUT5D\INIT=32'10110100011110001111101010100000'.
Parameter \INIT = 64'1010101010101111000000000000101001110111011110111000100010000100
Found cached RTLIL representation for module `$paramod$9d91eab03c9a808f611edae1403c6044cce351fe\GTP_LUT6D'.
Parameter \INIT = 32'10110100011110001111101010100000
Found cached RTLIL representation for module `$paramod\GTP_LUT5D\INIT=32'10110100011110001111101010100000'.
Parameter \INIT = 64'1010101010101111000000000000101001110111011110111000100010000100
Found cached RTLIL representation for module `$paramod$9d91eab03c9a808f611edae1403c6044cce351fe\GTP_LUT6D'.
Parameter \INIT = 32'11111010101000001011010001111000
Found cached RTLIL representation for module `$paramod\GTP_LUT5D\INIT=32'11111010101000001011010001111000'.
Parameter \INIT = 32'10110111010010001111101010100000
Found cached RTLIL representation for module `$paramod\GTP_LUT5D\INIT=32'10110111010010001111101010100000'.
Parameter \INIT = 32'10110100011110001111101010100000
Found cached RTLIL representation for module `$paramod\GTP_LUT5D\INIT=32'10110100011110001111101010100000'.
Parameter \INIT = 16'0001000101100110
Found cached RTLIL representation for module `$paramod\GTP_LUT4D\INIT=16'0001000101100110'.
Parameter \INIT = 987409
Found cached RTLIL representation for module `$paramod\GTP_LUT5D\INIT=32'00000000000011110001000100010001'.
Parameter \INIT = 64'1010101010101111000000000000101001110111011110111000100010000100
Found cached RTLIL representation for module `$paramod$9d91eab03c9a808f611edae1403c6044cce351fe\GTP_LUT6D'.
Parameter \INIT = 64'1111111111001100101100110100000000000000010101010000000001010101

3.418. Executing AST frontend in derive mode using pre-parsed AST for module `\GTP_LUT6D'.
Parameter \INIT = 64'1111111111001100101100110100000000000000010101010000000001010101
Generating RTLIL representation for module `$paramod$8d0f787be834cd86c6369789c7156f7ae53bb38b\GTP_LUT6D'.
Parameter \INIT = 64'0000000000000000000000001111111110000010100000101000001010000010

3.419. Executing AST frontend in derive mode using pre-parsed AST for module `\GTP_LUT6D'.
Parameter \INIT = 64'0000000000000000000000001111111110000010100000101000001010000010
Generating RTLIL representation for module `$paramod$898db1103637797985510ae3fdd352ce059f8bdf\GTP_LUT6D'.
Parameter \INIT = 64'1100100110010011001101100110110011001000100000001111111011101100
Found cached RTLIL representation for module `$paramod$3aef9a5ff6b5a39bea648b2b7fec2c8f8f33ca29\GTP_LUT6D'.
Parameter \INIT = 1437251400

3.420. Executing AST frontend in derive mode using pre-parsed AST for module `\GTP_LUT5D'.
Parameter \INIT = 1437251400
Generating RTLIL representation for module `$paramod\GTP_LUT5D\INIT=32'01010101101010101011011101001000'.
Parameter \INIT = 16'0001000101100110
Found cached RTLIL representation for module `$paramod\GTP_LUT4D\INIT=16'0001000101100110'.
Parameter \INIT = 32'11111010101000001011010001111000
Found cached RTLIL representation for module `$paramod\GTP_LUT5D\INIT=32'11111010101000001011010001111000'.
Parameter \INIT = 987409
Found cached RTLIL representation for module `$paramod\GTP_LUT5D\INIT=32'00000000000011110001000100010001'.
Parameter \INIT = 64'0000111100000000000011110000111101011001010101010101100101011001

3.421. Executing AST frontend in derive mode using pre-parsed AST for module `\GTP_LUT6D'.
Parameter \INIT = 64'0000111100000000000011110000111101011001010101010101100101011001
Generating RTLIL representation for module `$paramod$66743718386e2257724bd701a92f768e66b081fc\GTP_LUT6D'.
Parameter \INIT = 32'10110100011110001111101010100000
Found cached RTLIL representation for module `$paramod\GTP_LUT5D\INIT=32'10110100011110001111101010100000'.
Parameter \INIT = 32'11111010101000001011010001111000
Found cached RTLIL representation for module `$paramod\GTP_LUT5D\INIT=32'11111010101000001011010001111000'.
Parameter \INIT = 16'0001000101100110
Found cached RTLIL representation for module `$paramod\GTP_LUT4D\INIT=16'0001000101100110'.
Parameter \INIT = 64'1010101010101111000000000000101010001000100001000111011101111011

3.422. Executing AST frontend in derive mode using pre-parsed AST for module `\GTP_LUT6D'.
Parameter \INIT = 64'1010101010101111000000000000101010001000100001000111011101111011
Generating RTLIL representation for module `$paramod$678bec6b5e266887d8ea816efbbcaa8192f2db75\GTP_LUT6D'.
Parameter \INIT = 32'11111010101000001011010001111000
Found cached RTLIL representation for module `$paramod\GTP_LUT5D\INIT=32'11111010101000001011010001111000'.
Parameter \INIT = 50528341
Found cached RTLIL representation for module `$paramod\GTP_LUT5D\INIT=32'00000011000000110000000001010101'.
Parameter \INIT = 16'0110011000010001
Found cached RTLIL representation for module `$paramod\GTP_LUT4D\INIT=16'0110011000010001'.
Parameter \INIT = 32'10110100011110001111101010100000
Found cached RTLIL representation for module `$paramod\GTP_LUT5D\INIT=32'10110100011110001111101010100000'.
Parameter \INIT = 32'11111010101000001011010001111000
Found cached RTLIL representation for module `$paramod\GTP_LUT5D\INIT=32'11111010101000001011010001111000'.
Parameter \INIT = 16'0110011000010001
Found cached RTLIL representation for module `$paramod\GTP_LUT4D\INIT=16'0110011000010001'.
Parameter \INIT = 32'11111010101000001011010001111000
Found cached RTLIL representation for module `$paramod\GTP_LUT5D\INIT=32'11111010101000001011010001111000'.
Parameter \INIT = 32'10110100011110001111101010100000
Found cached RTLIL representation for module `$paramod\GTP_LUT5D\INIT=32'10110100011110001111101010100000'.
Parameter \INIT = 1437269160

3.423. Executing AST frontend in derive mode using pre-parsed AST for module `\GTP_LUT5D'.
Parameter \INIT = 1437269160
Generating RTLIL representation for module `$paramod\GTP_LUT5D\INIT=32'01010101101010101111110010101000'.
Parameter \INIT = 64'0111011101111011100010001000010010101010101011110000000000001010
Found cached RTLIL representation for module `$paramod$e4f4b2bf6e54a8eae6b25fbe48bbe66bc4c5f7a4\GTP_LUT6D'.
Parameter \INIT = 32'11111010101000001011010001111000
Found cached RTLIL representation for module `$paramod\GTP_LUT5D\INIT=32'11111010101000001011010001111000'.
Parameter \INIT = 64'1010101010101111000000000000101001110111011110111000100010000100
Found cached RTLIL representation for module `$paramod$9d91eab03c9a808f611edae1403c6044cce351fe\GTP_LUT6D'.
Parameter \INIT = 987409
Found cached RTLIL representation for module `$paramod\GTP_LUT5D\INIT=32'00000000000011110001000100010001'.
Parameter \INIT = 64'1010101010101111000000000000101001110111011110111000100010000100
Found cached RTLIL representation for module `$paramod$9d91eab03c9a808f611edae1403c6044cce351fe\GTP_LUT6D'.
Parameter \INIT = 16'0001000101100110
Found cached RTLIL representation for module `$paramod\GTP_LUT4D\INIT=16'0001000101100110'.
Parameter \INIT = 987409
Found cached RTLIL representation for module `$paramod\GTP_LUT5D\INIT=32'00000000000011110001000100010001'.
Parameter \INIT = 32'10110111010010001111101010100000
Found cached RTLIL representation for module `$paramod\GTP_LUT5D\INIT=32'10110111010010001111101010100000'.
Parameter \INIT = 32'11111010101000001011010001111000
Found cached RTLIL representation for module `$paramod\GTP_LUT5D\INIT=32'11111010101000001011010001111000'.
Parameter \INIT = 32'11111010101000001011010001111000
Found cached RTLIL representation for module `$paramod\GTP_LUT5D\INIT=32'11111010101000001011010001111000'.
Parameter \INIT = 32'10110100011110001111101010100000
Found cached RTLIL representation for module `$paramod\GTP_LUT5D\INIT=32'10110100011110001111101010100000'.
Parameter \INIT = 32'11111010101000001011010001111000
Found cached RTLIL representation for module `$paramod\GTP_LUT5D\INIT=32'11111010101000001011010001111000'.
Parameter \INIT = 987409
Found cached RTLIL representation for module `$paramod\GTP_LUT5D\INIT=32'00000000000011110001000100010001'.
Parameter \INIT = 32'11111010101000001011010001111000
Found cached RTLIL representation for module `$paramod\GTP_LUT5D\INIT=32'11111010101000001011010001111000'.
Parameter \INIT = 32'11111010101000001011010001111000
Found cached RTLIL representation for module `$paramod\GTP_LUT5D\INIT=32'11111010101000001011010001111000'.
Parameter \INIT = 64'0111011101111011100010001000010010101010101011110000000000001010
Found cached RTLIL representation for module `$paramod$e4f4b2bf6e54a8eae6b25fbe48bbe66bc4c5f7a4\GTP_LUT6D'.
Parameter \INIT = 32'10110111010010001111101010100000
Found cached RTLIL representation for module `$paramod\GTP_LUT5D\INIT=32'10110111010010001111101010100000'.
Parameter \INIT = 32'10110111010010001111101010100000
Found cached RTLIL representation for module `$paramod\GTP_LUT5D\INIT=32'10110111010010001111101010100000'.
Parameter \INIT = 32'11111010101000001011011101001000
Found cached RTLIL representation for module `$paramod\GTP_LUT5D\INIT=32'11111010101000001011011101001000'.
Parameter \INIT = 64'1010101010101111000000000000101001110111011110111000100010000100
Found cached RTLIL representation for module `$paramod$9d91eab03c9a808f611edae1403c6044cce351fe\GTP_LUT6D'.
Parameter \INIT = 32'11111010101000001011011101001000
Found cached RTLIL representation for module `$paramod\GTP_LUT5D\INIT=32'11111010101000001011011101001000'.
Parameter \INIT = 32'11111010101000001011011101001000
Found cached RTLIL representation for module `$paramod\GTP_LUT5D\INIT=32'11111010101000001011011101001000'.
Parameter \INIT = 16'0110011000010001
Found cached RTLIL representation for module `$paramod\GTP_LUT4D\INIT=16'0110011000010001'.
Parameter \INIT = 1437251400
Found cached RTLIL representation for module `$paramod\GTP_LUT5D\INIT=32'01010101101010101011011101001000'.
Parameter \INIT = 64'0111011101111011100010001000010010101010101011110000000000001010
Found cached RTLIL representation for module `$paramod$e4f4b2bf6e54a8eae6b25fbe48bbe66bc4c5f7a4\GTP_LUT6D'.
Parameter \INIT = 32'11111010101000001011010001111000
Found cached RTLIL representation for module `$paramod\GTP_LUT5D\INIT=32'11111010101000001011010001111000'.
Parameter \INIT = 32'11111010101000001011010001111000
Found cached RTLIL representation for module `$paramod\GTP_LUT5D\INIT=32'11111010101000001011010001111000'.
Parameter \INIT = 32'10110100011110001111101010100000
Found cached RTLIL representation for module `$paramod\GTP_LUT5D\INIT=32'10110100011110001111101010100000'.
Parameter \INIT = 32'10110100011110001111101010100000
Found cached RTLIL representation for module `$paramod\GTP_LUT5D\INIT=32'10110100011110001111101010100000'.
Parameter \INIT = 32'11111010101000001011010001111000
Found cached RTLIL representation for module `$paramod\GTP_LUT5D\INIT=32'11111010101000001011010001111000'.
Parameter \INIT = 16'0001000101100110
Found cached RTLIL representation for module `$paramod\GTP_LUT4D\INIT=16'0001000101100110'.
Parameter \INIT = 32'10110111010010001111101010100000
Found cached RTLIL representation for module `$paramod\GTP_LUT5D\INIT=32'10110111010010001111101010100000'.
Parameter \INIT = 32'11111010101000001011011101001000
Found cached RTLIL representation for module `$paramod\GTP_LUT5D\INIT=32'11111010101000001011011101001000'.
Parameter \INIT = 32'10110111010010001111101010100000
Found cached RTLIL representation for module `$paramod\GTP_LUT5D\INIT=32'10110111010010001111101010100000'.
Parameter \INIT = 32'10110100011110001111101010100000
Found cached RTLIL representation for module `$paramod\GTP_LUT5D\INIT=32'10110100011110001111101010100000'.
Parameter \INIT = 64'1000100010000100011101110111101100000000000010101010101010101111

3.424. Executing AST frontend in derive mode using pre-parsed AST for module `\GTP_LUT6D'.
Parameter \INIT = 64'1000100010000100011101110111101100000000000010101010101010101111
Generating RTLIL representation for module `$paramod$6013f1ae9251bea9ec836135941c6ef585c155c1\GTP_LUT6D'.
Parameter \INIT = 32'11111010101000001011010001111000
Found cached RTLIL representation for module `$paramod\GTP_LUT5D\INIT=32'11111010101000001011010001111000'.
Parameter \INIT = 32'10110111010010001111101010100000
Found cached RTLIL representation for module `$paramod\GTP_LUT5D\INIT=32'10110111010010001111101010100000'.
Parameter \INIT = 32'10110100011110001111101010100000
Found cached RTLIL representation for module `$paramod\GTP_LUT5D\INIT=32'10110100011110001111101010100000'.
Parameter \INIT = 64'0111011101111011100010001000010010101010101011110000000000001010
Found cached RTLIL representation for module `$paramod$e4f4b2bf6e54a8eae6b25fbe48bbe66bc4c5f7a4\GTP_LUT6D'.
Parameter \INIT = 32'11111010101000001011010001111000
Found cached RTLIL representation for module `$paramod\GTP_LUT5D\INIT=32'11111010101000001011010001111000'.
Parameter \INIT = 64'1010101010101111000000000000101001110111011110111000100010000100
Found cached RTLIL representation for module `$paramod$9d91eab03c9a808f611edae1403c6044cce351fe\GTP_LUT6D'.
Parameter \INIT = 64'0111011101111011100010001000010010101010101011110000000000001010
Found cached RTLIL representation for module `$paramod$e4f4b2bf6e54a8eae6b25fbe48bbe66bc4c5f7a4\GTP_LUT6D'.
Parameter \INIT = 64'1010101010101111000000000000101001110111011110111000100010000100
Found cached RTLIL representation for module `$paramod$9d91eab03c9a808f611edae1403c6044cce351fe\GTP_LUT6D'.
Parameter \INIT = 64'0000000000000000111111110000111101001110111001000100111011100100
Found cached RTLIL representation for module `$paramod$f3017bc913b77418fb61f65917e82f9dd0b4e79c\GTP_LUT6D'.
Parameter \INIT = 32'11111010101000001011011101001000
Found cached RTLIL representation for module `$paramod\GTP_LUT5D\INIT=32'11111010101000001011011101001000'.
Parameter \INIT = 64'0111011101111011100010001000010010101010101011110000000000001010
Found cached RTLIL representation for module `$paramod$e4f4b2bf6e54a8eae6b25fbe48bbe66bc4c5f7a4\GTP_LUT6D'.
Parameter \INIT = 64'0111011101111011100010001000010010101010101011110000000000001010
Found cached RTLIL representation for module `$paramod$e4f4b2bf6e54a8eae6b25fbe48bbe66bc4c5f7a4\GTP_LUT6D'.
Parameter \INIT = 64'0111011101111011100010001000010010101010101011110000000000001010
Found cached RTLIL representation for module `$paramod$e4f4b2bf6e54a8eae6b25fbe48bbe66bc4c5f7a4\GTP_LUT6D'.
Parameter \INIT = 32'10110111010010001111101010100000
Found cached RTLIL representation for module `$paramod\GTP_LUT5D\INIT=32'10110111010010001111101010100000'.
Parameter \INIT = 32'10110111010010001111101010100000
Found cached RTLIL representation for module `$paramod\GTP_LUT5D\INIT=32'10110111010010001111101010100000'.
Parameter \INIT = 64'1010101010101111000000000000101001110111011110111000100010000100
Found cached RTLIL representation for module `$paramod$9d91eab03c9a808f611edae1403c6044cce351fe\GTP_LUT6D'.
Parameter \INIT = 32'11111010101000001011011101001000
Found cached RTLIL representation for module `$paramod\GTP_LUT5D\INIT=32'11111010101000001011011101001000'.
Parameter \INIT = 32'10110100011110001111101010100000
Found cached RTLIL representation for module `$paramod\GTP_LUT5D\INIT=32'10110100011110001111101010100000'.
Parameter \INIT = 64'1010101010101111000000000000101001110111011110111000100010000100
Found cached RTLIL representation for module `$paramod$9d91eab03c9a808f611edae1403c6044cce351fe\GTP_LUT6D'.
Parameter \INIT = 32'10110111010010001111101010100000
Found cached RTLIL representation for module `$paramod\GTP_LUT5D\INIT=32'10110111010010001111101010100000'.
Parameter \INIT = 32'10110111010010001111101010100000
Found cached RTLIL representation for module `$paramod\GTP_LUT5D\INIT=32'10110111010010001111101010100000'.
Parameter \INIT = 32'10110111010010001111101010100000
Found cached RTLIL representation for module `$paramod\GTP_LUT5D\INIT=32'10110111010010001111101010100000'.
Parameter \INIT = 64'1010101010101111000000000000101001110111011110111000100010000100
Found cached RTLIL representation for module `$paramod$9d91eab03c9a808f611edae1403c6044cce351fe\GTP_LUT6D'.
Parameter \INIT = 64'0111011101111011100010001000010010101010101011110000000000001010
Found cached RTLIL representation for module `$paramod$e4f4b2bf6e54a8eae6b25fbe48bbe66bc4c5f7a4\GTP_LUT6D'.
Parameter \INIT = 64'1011011101001000101101110100100000000000000000000101010101010101
Found cached RTLIL representation for module `$paramod$3162d1c10e3b1a49aee26fa976ae76b3fa987b59\GTP_LUT6D'.
Parameter \INIT = 64'1011011101001000101101110100100000000000000000000101010101010101
Found cached RTLIL representation for module `$paramod$3162d1c10e3b1a49aee26fa976ae76b3fa987b59\GTP_LUT6D'.
Parameter \INIT = 64'1011011101001000101101110100100001010101010101011010101010101010
Found cached RTLIL representation for module `$paramod$4423c194664bf0335d103333460b31b1b13d03ba\GTP_LUT6D'.
Parameter \INIT = 64'0100010010111011100010000111011101011010010110100101101001011010

3.425. Executing AST frontend in derive mode using pre-parsed AST for module `\GTP_LUT6D'.
Parameter \INIT = 64'0100010010111011100010000111011101011010010110100101101001011010
Generating RTLIL representation for module `$paramod$98676e193062bf4a8d0ca15052c1ef0506b3dde4\GTP_LUT6D'.
Parameter \INIT = 64'0100010010001000101110110111011100000101000001010000010100000101

3.426. Executing AST frontend in derive mode using pre-parsed AST for module `\GTP_LUT6D'.
Parameter \INIT = 64'0100010010001000101110110111011100000101000001010000010100000101
Generating RTLIL representation for module `$paramod$451ba40b9f0947b7dc011d751b2623a59ba6f97f\GTP_LUT6D'.
Parameter \INIT = 64'1011101101110111010001001000100000000101000001010000010100000101
Found cached RTLIL representation for module `$paramod$b2d8d094daeff0d143ffecf0d194c6d45d8cacba\GTP_LUT6D'.
Parameter \INIT = 64'1011011101001000101101110100100001010101010101011010101010101010
Found cached RTLIL representation for module `$paramod$4423c194664bf0335d103333460b31b1b13d03ba\GTP_LUT6D'.
Parameter \INIT = 64'1011011101001000101101110100100000000000000000000101010101010101
Found cached RTLIL representation for module `$paramod$3162d1c10e3b1a49aee26fa976ae76b3fa987b59\GTP_LUT6D'.
Parameter \INIT = 64'1011011101001000101101110100100000000000000000000101010101010101
Found cached RTLIL representation for module `$paramod$3162d1c10e3b1a49aee26fa976ae76b3fa987b59\GTP_LUT6D'.
Parameter \INIT = 64'1011011101001000101101110100100001010101010101011010101010101010
Found cached RTLIL representation for module `$paramod$4423c194664bf0335d103333460b31b1b13d03ba\GTP_LUT6D'.
Parameter \INIT = 64'0101010101010101101010101010101010110111010010001011011101001000
Found cached RTLIL representation for module `$paramod$dba629db9204b9121d4538245f5b467b5498f66e\GTP_LUT6D'.
Parameter \INIT = 64'1011011101001000101101110100100001010101010101011010101010101010
Found cached RTLIL representation for module `$paramod$4423c194664bf0335d103333460b31b1b13d03ba\GTP_LUT6D'.
Parameter \INIT = 64'0000010100000101000000010000000100000000000000000000000011111111

3.427. Executing AST frontend in derive mode using pre-parsed AST for module `\GTP_LUT6D'.
Parameter \INIT = 64'0000010100000101000000010000000100000000000000000000000011111111
Generating RTLIL representation for module `$paramod$71038ecb1b827f633d55430369f9cd6070f76bdf\GTP_LUT6D'.
Parameter \INIT = 251895968

3.428. Executing AST frontend in derive mode using pre-parsed AST for module `\GTP_LUT5D'.
Parameter \INIT = 251895968
Generating RTLIL representation for module `$paramod\GTP_LUT5D\INIT=32'00001111000000111010000010100000'.
Parameter \INIT = 64'1101001101000000011100110001000011000011110000110011001100110011
Found cached RTLIL representation for module `$paramod$6056785a1d9475f059826fae593357e1c74dd68c\GTP_LUT6D'.
Parameter \INIT = 64'1011101101110111010001001000100000000101000001010000010100000101
Found cached RTLIL representation for module `$paramod$b2d8d094daeff0d143ffecf0d194c6d45d8cacba\GTP_LUT6D'.
Parameter \INIT = 64'1011101101110111010001001000100000000101000001010000010100000101
Found cached RTLIL representation for module `$paramod$b2d8d094daeff0d143ffecf0d194c6d45d8cacba\GTP_LUT6D'.
Parameter \INIT = 64'1010101000000000111111111010101010010110100101101001011010010110

3.429. Executing AST frontend in derive mode using pre-parsed AST for module `\GTP_LUT6D'.
Parameter \INIT = 64'1010101000000000111111111010101010010110100101101001011010010110
Generating RTLIL representation for module `$paramod$50f28117bc4b0a88635e10b4bf513904030337a2\GTP_LUT6D'.
Parameter \INIT = 64'1011101101110111010001001000100001011010010110100101101001011010
Found cached RTLIL representation for module `$paramod$9a608af8a229124ec13d555cb65a5726544533ab\GTP_LUT6D'.
Parameter \INIT = 64'0101010101010101101010101010101010110111010010001011011101001000
Found cached RTLIL representation for module `$paramod$dba629db9204b9121d4538245f5b467b5498f66e\GTP_LUT6D'.
Parameter \INIT = 64'1011011101001000101101110100100001010101010101011010101010101010
Found cached RTLIL representation for module `$paramod$4423c194664bf0335d103333460b31b1b13d03ba\GTP_LUT6D'.
Parameter \INIT = 32'10110111010010000101010110101010
Found cached RTLIL representation for module `$paramod\GTP_LUT5D\INIT=32'10110111010010000101010110101010'.
Parameter \INIT = 64'1011011110110111010010000100100000000000001100110000000000110011
Found cached RTLIL representation for module `$paramod$f3b4af0ae34e8e68b373e23283513b58f17baf07\GTP_LUT6D'.
Parameter \INIT = 858805584

3.430. Executing AST frontend in derive mode using pre-parsed AST for module `\GTP_LUT5D'.
Parameter \INIT = 858805584
Generating RTLIL representation for module `$paramod\GTP_LUT5D\INIT=32'00110011001100000101010101010000'.
Parameter \INIT = 64'0000000000000000000000000000000010110100000000000100101111111111

3.431. Executing AST frontend in derive mode using pre-parsed AST for module `\GTP_LUT6D'.
Parameter \INIT = 64'0000000000000000000000000000000010110100000000000100101111111111
Generating RTLIL representation for module `$paramod$8e772b5223b80c620077c62fc1264e5b8c3139d0\GTP_LUT6D'.
Parameter \INIT = 64'1011010001111000101101000111100001010101010101011010101010101010
Found cached RTLIL representation for module `$paramod$f6add88f191142434273a409efe890d742a64484\GTP_LUT6D'.
Parameter \INIT = 32'10111111000101010100010001000100

3.432. Executing AST frontend in derive mode using pre-parsed AST for module `\GTP_LUT5D'.
Parameter \INIT = 32'10111111000101010100010001000100
Generating RTLIL representation for module `$paramod\GTP_LUT5D\INIT=32'10111111000101010100010001000100'.
Parameter \INIT = 64'1011011101001000101101110100100001010101010101011010101010101010
Found cached RTLIL representation for module `$paramod$4423c194664bf0335d103333460b31b1b13d03ba\GTP_LUT6D'.
Parameter \INIT = 64'0011001100110011001100110000000000000101000001010000010100000101

3.433. Executing AST frontend in derive mode using pre-parsed AST for module `\GTP_LUT6D'.
Parameter \INIT = 64'0011001100110011001100110000000000000101000001010000010100000101
Generating RTLIL representation for module `$paramod$8d1795a21a772c823f68f33d05eb24ba2e91e34e\GTP_LUT6D'.
Parameter \INIT = 64'0100000001010001010000000101000100000000000000000101010101010101
Found cached RTLIL representation for module `$paramod$2b92ac9405ffb9373a00b54e21e900bd604e75e1\GTP_LUT6D'.
Parameter \INIT = 64'0000000000110011000000000011001100000000000000001010111110101111

3.434. Executing AST frontend in derive mode using pre-parsed AST for module `\GTP_LUT6D'.
Parameter \INIT = 64'0000000000110011000000000011001100000000000000001010111110101111
Generating RTLIL representation for module `$paramod$77e87cc0a91ca09614d872a208927bb8eea4f41a\GTP_LUT6D'.
Parameter \INIT = 251675716

3.435. Executing AST frontend in derive mode using pre-parsed AST for module `\GTP_LUT5D'.
Parameter \INIT = 251675716
Generating RTLIL representation for module `$paramod\GTP_LUT5D\INIT=32'00001111000000000100010001000100'.
Parameter \INIT = 1057767505
Found cached RTLIL representation for module `$paramod\GTP_LUT5D\INIT=32'00111111000011000100000001010001'.
Parameter \INIT = 16'0101000000110000
Found cached RTLIL representation for module `$paramod\GTP_LUT4D\INIT=16'0101000000110000'.
Parameter \INIT = 16'0101000000110000
Found cached RTLIL representation for module `$paramod\GTP_LUT4D\INIT=16'0101000000110000'.
Parameter \INIT = 64'1001010110010101100101011001010100000000000000000000000011111111

3.436. Executing AST frontend in derive mode using pre-parsed AST for module `\GTP_LUT6D'.
Parameter \INIT = 64'1001010110010101100101011001010100000000000000000000000011111111
Generating RTLIL representation for module `$paramod$3372b805c4447e7509739373168e7ee211f9f10a\GTP_LUT6D'.
Parameter \INIT = 64'0101010101010101101010101010101010101011000000101010101100000010

3.437. Executing AST frontend in derive mode using pre-parsed AST for module `\GTP_LUT6D'.
Parameter \INIT = 64'0101010101010101101010101010101010101011000000101010101100000010
Generating RTLIL representation for module `$paramod$b9a6e1b5711f8d41d74ab53a75e84e102168e310\GTP_LUT6D'.
Parameter \INIT = 16'1010000010000000

3.438. Executing AST frontend in derive mode using pre-parsed AST for module `\GTP_LUT4D'.
Parameter \INIT = 16'1010000010000000
Generating RTLIL representation for module `$paramod\GTP_LUT4D\INIT=16'1010000010000000'.
Parameter \INIT = 16'1110100001101001
Found cached RTLIL representation for module `$paramod\GTP_LUT4D\INIT=16'1110100001101001'.
Parameter \INIT = 64'0110011001100110011001100110011010101010101011110000000000001010

3.439. Executing AST frontend in derive mode using pre-parsed AST for module `\GTP_LUT6D'.
Parameter \INIT = 64'0110011001100110011001100110011010101010101011110000000000001010
Generating RTLIL representation for module `$paramod$e2f8fe7d389feb0c108bf811f6c815c9addc3179\GTP_LUT6D'.
Parameter \INIT = 64'1011011101001000101101110100100000000000000000000101010101010101
Found cached RTLIL representation for module `$paramod$3162d1c10e3b1a49aee26fa976ae76b3fa987b59\GTP_LUT6D'.
Parameter \INIT = 64'1011101101110111010001001000100000000101000001010000010100000101
Found cached RTLIL representation for module `$paramod$b2d8d094daeff0d143ffecf0d194c6d45d8cacba\GTP_LUT6D'.
Parameter \INIT = 16'0000010100010001

3.440. Executing AST frontend in derive mode using pre-parsed AST for module `\GTP_LUT4D'.
Parameter \INIT = 16'0000010100010001
Generating RTLIL representation for module `$paramod\GTP_LUT4D\INIT=16'0000010100010001'.
Parameter \INIT = 64'1011011110110111010010000100100000000000010101010000000001010101
Found cached RTLIL representation for module `$paramod$4bc40d86a52c1e63c4562b2dc449fde362de88e5\GTP_LUT6D'.
Parameter \INIT = 64'1011011101001000101101110100100001010101010101010000000000000000

3.441. Executing AST frontend in derive mode using pre-parsed AST for module `\GTP_LUT6D'.
Parameter \INIT = 64'1011011101001000101101110100100001010101010101010000000000000000
Generating RTLIL representation for module `$paramod$784f8c59ba8e24177f481fa55fd738de456306cf\GTP_LUT6D'.
Parameter \INIT = 32'11110000000000000100010001000100

3.442. Executing AST frontend in derive mode using pre-parsed AST for module `\GTP_LUT5D'.
Parameter \INIT = 32'11110000000000000100010001000100
Generating RTLIL representation for module `$paramod\GTP_LUT5D\INIT=32'11110000000000000100010001000100'.
Parameter \INIT = 32'10100000000000001000000000000000

3.443. Executing AST frontend in derive mode using pre-parsed AST for module `\GTP_LUT5D'.
Parameter \INIT = 32'10100000000000001000000000000000
Generating RTLIL representation for module `$paramod\GTP_LUT5D\INIT=32'10100000000000001000000000000000'.
Parameter \INIT = 16'1000000010100000

3.444. Executing AST frontend in derive mode using pre-parsed AST for module `\GTP_LUT4D'.
Parameter \INIT = 16'1000000010100000
Generating RTLIL representation for module `$paramod\GTP_LUT4D\INIT=16'1000000010100000'.
Parameter \INIT = 64'1011011110110111010010000100100000000000010101010000000001010101
Found cached RTLIL representation for module `$paramod$4bc40d86a52c1e63c4562b2dc449fde362de88e5\GTP_LUT6D'.
Parameter \INIT = 64'1011010001111000101101000111100000000000000000000101010101010101

3.445. Executing AST frontend in derive mode using pre-parsed AST for module `\GTP_LUT6D'.
Parameter \INIT = 64'1011010001111000101101000111100000000000000000000101010101010101
Generating RTLIL representation for module `$paramod$542e61601eba76f43206fff3414d9b8796b89b39\GTP_LUT6D'.
Parameter \INIT = 32'10110111010010000000000001010101
Found cached RTLIL representation for module `$paramod\GTP_LUT5D\INIT=32'10110111010010000000000001010101'.
Parameter \INIT = 64'1011011110110111010010000100100000000000001100110000000000110011
Found cached RTLIL representation for module `$paramod$f3b4af0ae34e8e68b373e23283513b58f17baf07\GTP_LUT6D'.
Parameter \INIT = 32'10110111010010000000000001010101
Found cached RTLIL representation for module `$paramod\GTP_LUT5D\INIT=32'10110111010010000000000001010101'.
Parameter \INIT = 168440624

3.446. Executing AST frontend in derive mode using pre-parsed AST for module `\GTP_LUT5D'.
Parameter \INIT = 168440624
Generating RTLIL representation for module `$paramod\GTP_LUT5D\INIT=32'00001010000010100011001100110000'.
Parameter \INIT = 16'0001000101100110
Found cached RTLIL representation for module `$paramod\GTP_LUT4D\INIT=16'0001000101100110'.
Parameter \INIT = 286326799
Found cached RTLIL representation for module `$paramod\GTP_LUT5D\INIT=32'00010001000100010000000000001111'.
Parameter \INIT = 858818698

3.447. Executing AST frontend in derive mode using pre-parsed AST for module `\GTP_LUT5D'.
Parameter \INIT = 858818698
Generating RTLIL representation for module `$paramod\GTP_LUT5D\INIT=32'00110011001100001000100010001010'.
Parameter \INIT = 64'1011011101001000101101110100100000000000000000000101010101010101
Found cached RTLIL representation for module `$paramod$3162d1c10e3b1a49aee26fa976ae76b3fa987b59\GTP_LUT6D'.
Parameter \INIT = 32'10110111010010001010000011111010
Found cached RTLIL representation for module `$paramod\GTP_LUT5D\INIT=32'10110111010010001010000011111010'.
Parameter \INIT = 5617480

3.448. Executing AST frontend in derive mode using pre-parsed AST for module `\GTP_LUT5D'.
Parameter \INIT = 5617480
Generating RTLIL representation for module `$paramod\GTP_LUT5D\INIT=32'00000000010101011011011101001000'.
Parameter \INIT = 16'0000001100000101

3.449. Executing AST frontend in derive mode using pre-parsed AST for module `\GTP_LUT4D'.
Parameter \INIT = 16'0000001100000101
Generating RTLIL representation for module `$paramod\GTP_LUT4D\INIT=16'0000001100000101'.
Parameter \INIT = 64'1011011110110111010010000100100000000000101010100000000010101010

3.450. Executing AST frontend in derive mode using pre-parsed AST for module `\GTP_LUT6D'.
Parameter \INIT = 64'1011011110110111010010000100100000000000101010100000000010101010
Generating RTLIL representation for module `$paramod$3b071bb02062c7d0c7ca8f9c692686ae7c5b017d\GTP_LUT6D'.
Parameter \INIT = 16'0001000101100110
Found cached RTLIL representation for module `$paramod\GTP_LUT4D\INIT=16'0001000101100110'.
Parameter \INIT = 64'1100110011111111111011101111111100111100001111000011110000111100

3.451. Executing AST frontend in derive mode using pre-parsed AST for module `\GTP_LUT6D'.
Parameter \INIT = 64'1100110011111111111011101111111100111100001111000011110000111100
Generating RTLIL representation for module `$paramod$12b9c95366ab3c8e96a67460acaac5e357649a2b\GTP_LUT6D'.
Parameter \INIT = 791609395

3.452. Executing AST frontend in derive mode using pre-parsed AST for module `\GTP_LUT5D'.
Parameter \INIT = 791609395
Generating RTLIL representation for module `$paramod\GTP_LUT5D\INIT=32'00101111001011110000000000110011'.
Parameter \INIT = 64'0000101011111010000001011111010111000110001101101100100100111001

3.453. Executing AST frontend in derive mode using pre-parsed AST for module `\GTP_LUT6D'.
Parameter \INIT = 64'0000101011111010000001011111010111000110001101101100100100111001
Generating RTLIL representation for module `$paramod$7eb94523ee7a75697bb1af5132b49d348e5b4d84\GTP_LUT6D'.
Parameter \INIT = 64'0010000000000000001000010000000000000000000000000000111100001111
Found cached RTLIL representation for module `$paramod$b72b119d921819da53eb99d11a6a20ec69efb451\GTP_LUT6D'.
Parameter \INIT = 64'1011011101001000101101110100100001010101010101011010101010101010
Found cached RTLIL representation for module `$paramod$4423c194664bf0335d103333460b31b1b13d03ba\GTP_LUT6D'.
Parameter \INIT = 16'0100010000001011

3.454. Executing AST frontend in derive mode using pre-parsed AST for module `\GTP_LUT4D'.
Parameter \INIT = 16'0100010000001011
Generating RTLIL representation for module `$paramod\GTP_LUT4D\INIT=16'0100010000001011'.
Parameter \INIT = 16'0110100111101000
Found cached RTLIL representation for module `$paramod\GTP_LUT4D\INIT=16'0110100111101000'.
Parameter \INIT = 64'1111111100000000000000000000000001101001000011110000111100001111

3.455. Executing AST frontend in derive mode using pre-parsed AST for module `\GTP_LUT6D'.
Parameter \INIT = 64'1111111100000000000000000000000001101001000011110000111100001111
Generating RTLIL representation for module `$paramod$59edc63714849d4f256280c0535236ff65261822\GTP_LUT6D'.
Parameter \INIT = 32'10110100011110000101101001011010

3.456. Executing AST frontend in derive mode using pre-parsed AST for module `\GTP_LUT5D'.
Parameter \INIT = 32'10110100011110000101101001011010
Generating RTLIL representation for module `$paramod\GTP_LUT5D\INIT=32'10110100011110000101101001011010'.
Parameter \INIT = 64'1100100110010011001101100110110001011010101001010101101010100101
Found cached RTLIL representation for module `$paramod$3017076a7215a4248c66152b38e5b848a74e5447\GTP_LUT6D'.
Parameter \INIT = 286326799
Found cached RTLIL representation for module `$paramod\GTP_LUT5D\INIT=32'00010001000100010000000000001111'.
Parameter \INIT = 64'1011011101001000101101110100100001010101010101011010101010101010
Found cached RTLIL representation for module `$paramod$4423c194664bf0335d103333460b31b1b13d03ba\GTP_LUT6D'.
Parameter \INIT = 64'0000000000110011000000000011001110110111101101110100100001001000
Found cached RTLIL representation for module `$paramod$8ba87c856ea6b3f75921816dbfbf420ac80aee3b\GTP_LUT6D'.
Parameter \INIT = 16'0001000101100110
Found cached RTLIL representation for module `$paramod\GTP_LUT4D\INIT=16'0001000101100110'.
Parameter \INIT = 64'1010111101010000010111111010000001100011100111001001001101101100
Found cached RTLIL representation for module `$paramod$a1085436c2c545ad5d7960f5b9338d229974b180\GTP_LUT6D'.
Parameter \INIT = 16'0001000101100110
Found cached RTLIL representation for module `$paramod\GTP_LUT4D\INIT=16'0001000101100110'.
Parameter \INIT = 32'11111010101000001011011101001000
Found cached RTLIL representation for module `$paramod\GTP_LUT5D\INIT=32'11111010101000001011011101001000'.
Parameter \INIT = 869030490

3.457. Executing AST frontend in derive mode using pre-parsed AST for module `\GTP_LUT5D'.
Parameter \INIT = 869030490
Generating RTLIL representation for module `$paramod\GTP_LUT5D\INIT=32'00110011110011000101101001011010'.
Parameter \INIT = 16'0001000101100110
Found cached RTLIL representation for module `$paramod\GTP_LUT4D\INIT=16'0001000101100110'.
Parameter \INIT = 1219993850
Found cached RTLIL representation for module `$paramod\GTP_LUT5D\INIT=32'01001000101101111010000011111010'.
Parameter \INIT = 64'1011011110110111010010000100100000000000001100110000000000110011
Found cached RTLIL representation for module `$paramod$f3b4af0ae34e8e68b373e23283513b58f17baf07\GTP_LUT6D'.
Parameter \INIT = 16'0001000101100110
Found cached RTLIL representation for module `$paramod\GTP_LUT4D\INIT=16'0001000101100110'.
Parameter \INIT = 16'0001000101100110
Found cached RTLIL representation for module `$paramod\GTP_LUT4D\INIT=16'0001000101100110'.
Parameter \INIT = 64'1011011110110111010010000100100001010101101010100101010110101010
Found cached RTLIL representation for module `$paramod$dca40f54523b286918dfcf57a009f40043243f8d\GTP_LUT6D'.
Parameter \INIT = 16'0110100111101000
Found cached RTLIL representation for module `$paramod\GTP_LUT4D\INIT=16'0110100111101000'.
Parameter \INIT = 64'1011101101110111010001001000100001011010010110100101101001011010
Found cached RTLIL representation for module `$paramod$9a608af8a229124ec13d555cb65a5726544533ab\GTP_LUT6D'.
Parameter \INIT = 64'0110100101101001011010010000111111111111111111111111111100000000

3.458. Executing AST frontend in derive mode using pre-parsed AST for module `\GTP_LUT6D'.
Parameter \INIT = 64'0110100101101001011010010000111111111111111111111111111100000000
Generating RTLIL representation for module `$paramod$60c00189886601115d63617fd634e0f608d391d4\GTP_LUT6D'.
Parameter \INIT = 16'0001000101100110
Found cached RTLIL representation for module `$paramod\GTP_LUT4D\INIT=16'0001000101100110'.
Parameter \INIT = 16'0101101011101000

3.459. Executing AST frontend in derive mode using pre-parsed AST for module `\GTP_LUT4D'.
Parameter \INIT = 16'0101101011101000
Generating RTLIL representation for module `$paramod\GTP_LUT4D\INIT=16'0101101011101000'.
Parameter \INIT = 64'0000000000000000001100110011001110110111010010001011011101001000
Found cached RTLIL representation for module `$paramod$572fd2e96507bcc6f5e165ee9db501d8bd09fc7c\GTP_LUT6D'.
Parameter \INIT = 11200744

3.460. Executing AST frontend in derive mode using pre-parsed AST for module `\GTP_LUT5D'.
Parameter \INIT = 11200744
Generating RTLIL representation for module `$paramod\GTP_LUT5D\INIT=32'00000000101010101110100011101000'.
Parameter \INIT = 64'1100111100111111001100001100000000010001000100010001000100010001

3.461. Executing AST frontend in derive mode using pre-parsed AST for module `\GTP_LUT6D'.
Parameter \INIT = 64'1100111100111111001100001100000000010001000100010001000100010001
Generating RTLIL representation for module `$paramod$3766f85f60b36477d069376c2915f63562f1daa1\GTP_LUT6D'.
Parameter \INIT = 285213443

3.462. Executing AST frontend in derive mode using pre-parsed AST for module `\GTP_LUT5D'.
Parameter \INIT = 285213443
Generating RTLIL representation for module `$paramod\GTP_LUT5D\INIT=32'00010001000000000000001100000011'.
Parameter \INIT = 16'0001000101100110
Found cached RTLIL representation for module `$paramod\GTP_LUT4D\INIT=16'0001000101100110'.
Parameter \INIT = 64'0000000000110011000000000011001110110111101101110100100001001000
Found cached RTLIL representation for module `$paramod$8ba87c856ea6b3f75921816dbfbf420ac80aee3b\GTP_LUT6D'.
Parameter \INIT = 16'0001000101100110
Found cached RTLIL representation for module `$paramod\GTP_LUT4D\INIT=16'0001000101100110'.
Parameter \INIT = 16'0001000101100110
Found cached RTLIL representation for module `$paramod\GTP_LUT4D\INIT=16'0001000101100110'.
Parameter \INIT = 16'0001000101100110
Found cached RTLIL representation for module `$paramod\GTP_LUT4D\INIT=16'0001000101100110'.
Parameter \INIT = 64'0000000000000000111111110000111101001110111001000100111011100100
Found cached RTLIL representation for module `$paramod$f3017bc913b77418fb61f65917e82f9dd0b4e79c\GTP_LUT6D'.
Parameter \INIT = 32'10110111010010000000000001010101
Found cached RTLIL representation for module `$paramod\GTP_LUT5D\INIT=32'10110111010010000000000001010101'.
Parameter \INIT = 16'0001000101100110
Found cached RTLIL representation for module `$paramod\GTP_LUT4D\INIT=16'0001000101100110'.
Parameter \INIT = 1437257610

3.463. Executing AST frontend in derive mode using pre-parsed AST for module `\GTP_LUT5D'.
Parameter \INIT = 1437257610
Generating RTLIL representation for module `$paramod\GTP_LUT5D\INIT=32'01010101101010101100111110001010'.
Parameter \INIT = 16'0001000101100110
Found cached RTLIL representation for module `$paramod\GTP_LUT4D\INIT=16'0001000101100110'.
Parameter \INIT = 16'0001000101100110
Found cached RTLIL representation for module `$paramod\GTP_LUT4D\INIT=16'0001000101100110'.
Parameter \INIT = 16'0001000101100110
Found cached RTLIL representation for module `$paramod\GTP_LUT4D\INIT=16'0001000101100110'.
Parameter \INIT = 1267184760

3.464. Executing AST frontend in derive mode using pre-parsed AST for module `\GTP_LUT5D'.
Parameter \INIT = 1267184760
Generating RTLIL representation for module `$paramod\GTP_LUT5D\INIT=32'01001011100001111011010001111000'.
Parameter \INIT = 64'0000000000000000000000001111111110010110100101101001011010010110

3.465. Executing AST frontend in derive mode using pre-parsed AST for module `\GTP_LUT6D'.
Parameter \INIT = 64'0000000000000000000000001111111110010110100101101001011010010110
Generating RTLIL representation for module `$paramod$48cc97e326bc9f84204dc6f8a85904aa424ef5d4\GTP_LUT6D'.
Parameter \INIT = 16'1001100100001011
Found cached RTLIL representation for module `$paramod\GTP_LUT4D\INIT=16'1001100100001011'.
Parameter \INIT = 16'0001000101100110
Found cached RTLIL representation for module `$paramod\GTP_LUT4D\INIT=16'0001000101100110'.
Parameter \INIT = 16'0001000101100110
Found cached RTLIL representation for module `$paramod\GTP_LUT4D\INIT=16'0001000101100110'.
Parameter \INIT = 16'0001000101100110
Found cached RTLIL representation for module `$paramod\GTP_LUT4D\INIT=16'0001000101100110'.
Parameter \INIT = 64'1011010001111000101101000111100000000000000000000011001100110011

3.466. Executing AST frontend in derive mode using pre-parsed AST for module `\GTP_LUT6D'.
Parameter \INIT = 64'1011010001111000101101000111100000000000000000000011001100110011
Generating RTLIL representation for module `$paramod$f9f54caa0ee9036984bae1b6f230566417950fb5\GTP_LUT6D'.
Parameter \INIT = 16'0001000101100110
Found cached RTLIL representation for module `$paramod\GTP_LUT4D\INIT=16'0001000101100110'.
Parameter \INIT = 64'1010111101011111010100001010000001100011100100111001110001101100
Found cached RTLIL representation for module `$paramod$4c6ef7381bb67b6b840ee6d5a82d90ba71d74959\GTP_LUT6D'.
Parameter \INIT = 16'0001000101100110
Found cached RTLIL representation for module `$paramod\GTP_LUT4D\INIT=16'0001000101100110'.
Parameter \INIT = 16'0001000101100110
Found cached RTLIL representation for module `$paramod\GTP_LUT4D\INIT=16'0001000101100110'.
Parameter \INIT = 16'0001000101100110
Found cached RTLIL representation for module `$paramod\GTP_LUT4D\INIT=16'0001000101100110'.
Parameter \INIT = 64'0101101001011010010110100101101011001000110010001100100011111010
Found cached RTLIL representation for module `$paramod$783c0079b19367fefff1edd7a821473b3f23c731\GTP_LUT6D'.
Parameter \INIT = 16'0001000101100110
Found cached RTLIL representation for module `$paramod\GTP_LUT4D\INIT=16'0001000101100110'.
Parameter \INIT = 64'0111011101111011100010001000010010101010101011110000000000001010
Found cached RTLIL representation for module `$paramod$e4f4b2bf6e54a8eae6b25fbe48bbe66bc4c5f7a4\GTP_LUT6D'.
Parameter \INIT = 16'0110011000010001
Found cached RTLIL representation for module `$paramod\GTP_LUT4D\INIT=16'0110011000010001'.
Parameter \INIT = 32'10110111010010000000000001010101
Found cached RTLIL representation for module `$paramod\GTP_LUT5D\INIT=32'10110111010010000000000001010101'.
Parameter \INIT = 16'0001000101100110
Found cached RTLIL representation for module `$paramod\GTP_LUT4D\INIT=16'0001000101100110'.
Parameter \INIT = 286387726

3.467. Executing AST frontend in derive mode using pre-parsed AST for module `\GTP_LUT5D'.
Parameter \INIT = 286387726
Generating RTLIL representation for module `$paramod\GTP_LUT5D\INIT=32'00010001000100011110111000001110'.
Parameter \INIT = 32'10110111010010001111101010100000
Found cached RTLIL representation for module `$paramod\GTP_LUT5D\INIT=32'10110111010010001111101010100000'.
Parameter \INIT = 16'0001000101100110
Found cached RTLIL representation for module `$paramod\GTP_LUT4D\INIT=16'0001000101100110'.
Parameter \INIT = 16'0001000101100110
Found cached RTLIL representation for module `$paramod\GTP_LUT4D\INIT=16'0001000101100110'.
Parameter \INIT = 16'0001000101100110
Found cached RTLIL representation for module `$paramod\GTP_LUT4D\INIT=16'0001000101100110'.
Parameter \INIT = 16'0001000101100110
Found cached RTLIL representation for module `$paramod\GTP_LUT4D\INIT=16'0001000101100110'.
Parameter \INIT = 32'10110100011110001111101010100000
Found cached RTLIL representation for module `$paramod\GTP_LUT5D\INIT=32'10110100011110001111101010100000'.
Parameter \INIT = 16'0001000101100110
Found cached RTLIL representation for module `$paramod\GTP_LUT4D\INIT=16'0001000101100110'.
Parameter \INIT = 32'10110100011110001111101010100000
Found cached RTLIL representation for module `$paramod\GTP_LUT5D\INIT=32'10110100011110001111101010100000'.
Parameter \INIT = 64'1111000011110000100101101111000000000000000000001111111100000000

3.468. Executing AST frontend in derive mode using pre-parsed AST for module `\GTP_LUT6D'.
Parameter \INIT = 64'1111000011110000100101101111000000000000000000001111111100000000
Generating RTLIL representation for module `$paramod$0ba7d7f32a4de969b8da2da23b7655bf370040d9\GTP_LUT6D'.
Parameter \INIT = 64'0101101001011010010110100101101011001000110010001100100011111010
Found cached RTLIL representation for module `$paramod$783c0079b19367fefff1edd7a821473b3f23c731\GTP_LUT6D'.
Parameter \INIT = 16'0001000100001110

3.469. Executing AST frontend in derive mode using pre-parsed AST for module `\GTP_LUT4D'.
Parameter \INIT = 16'0001000100001110
Generating RTLIL representation for module `$paramod\GTP_LUT4D\INIT=16'0001000100001110'.
Parameter \INIT = 64'0111011101111011100010001000010010101010101011110000000000001010
Found cached RTLIL representation for module `$paramod$e4f4b2bf6e54a8eae6b25fbe48bbe66bc4c5f7a4\GTP_LUT6D'.
Parameter \INIT = 16'0001000101100110
Found cached RTLIL representation for module `$paramod\GTP_LUT4D\INIT=16'0001000101100110'.
Parameter \INIT = 64'0110011001100110011001100110011010101010101011110000000000001010
Found cached RTLIL representation for module `$paramod$e2f8fe7d389feb0c108bf811f6c815c9addc3179\GTP_LUT6D'.
Parameter \INIT = 987409
Found cached RTLIL representation for module `$paramod\GTP_LUT5D\INIT=32'00000000000011110001000100010001'.
Parameter \INIT = 32'10110100011110001111101010100000
Found cached RTLIL representation for module `$paramod\GTP_LUT5D\INIT=32'10110100011110001111101010100000'.
Parameter \INIT = 32'10100000111110100100100010110111
Found cached RTLIL representation for module `$paramod\GTP_LUT5D\INIT=32'10100000111110100100100010110111'.
Parameter \INIT = 16'0001000101100110
Found cached RTLIL representation for module `$paramod\GTP_LUT4D\INIT=16'0001000101100110'.
Parameter \INIT = 16'0110011000010001
Found cached RTLIL representation for module `$paramod\GTP_LUT4D\INIT=16'0110011000010001'.
Parameter \INIT = 84259960

3.470. Executing AST frontend in derive mode using pre-parsed AST for module `\GTP_LUT5D'.
Parameter \INIT = 84259960
Generating RTLIL representation for module `$paramod\GTP_LUT5D\INIT=32'00000101000001011011010001111000'.
Parameter \INIT = 32'10100000111110100100100010110111
Found cached RTLIL representation for module `$paramod\GTP_LUT5D\INIT=32'10100000111110100100100010110111'.
Parameter \INIT = 32'11111010101000001011010001111000
Found cached RTLIL representation for module `$paramod\GTP_LUT5D\INIT=32'11111010101000001011010001111000'.
Parameter \INIT = 16'0001000101100110
Found cached RTLIL representation for module `$paramod\GTP_LUT4D\INIT=16'0001000101100110'.
Parameter \INIT = 32'10110100011110001111101010100000
Found cached RTLIL representation for module `$paramod\GTP_LUT5D\INIT=32'10110100011110001111101010100000'.
Parameter \INIT = 32'10110100011110001111101010100000
Found cached RTLIL representation for module `$paramod\GTP_LUT5D\INIT=32'10110100011110001111101010100000'.
Parameter \INIT = 32'11111010101000001011010001111000
Found cached RTLIL representation for module `$paramod\GTP_LUT5D\INIT=32'11111010101000001011010001111000'.
Parameter \INIT = 16'0001000101100110
Found cached RTLIL representation for module `$paramod\GTP_LUT4D\INIT=16'0001000101100110'.
Parameter \INIT = 16'0001000101100110
Found cached RTLIL representation for module `$paramod\GTP_LUT4D\INIT=16'0001000101100110'.
Parameter \INIT = 64'1010111101010000010111111010000001100011100111001001001101101100
Found cached RTLIL representation for module `$paramod$a1085436c2c545ad5d7960f5b9338d229974b180\GTP_LUT6D'.
Parameter \INIT = 32'10110100011110001111101010100000
Found cached RTLIL representation for module `$paramod\GTP_LUT5D\INIT=32'10110100011110001111101010100000'.
Parameter \INIT = 32'10110100011110001111101010100000
Found cached RTLIL representation for module `$paramod\GTP_LUT5D\INIT=32'10110100011110001111101010100000'.
Parameter \INIT = 32'10110100011110001111101010100000
Found cached RTLIL representation for module `$paramod\GTP_LUT5D\INIT=32'10110100011110001111101010100000'.
Parameter \INIT = 64'1010101010101111000000000000101001110111011110111000100010000100
Found cached RTLIL representation for module `$paramod$9d91eab03c9a808f611edae1403c6044cce351fe\GTP_LUT6D'.
Parameter \INIT = 32'11111010101000001011010001111000
Found cached RTLIL representation for module `$paramod\GTP_LUT5D\INIT=32'11111010101000001011010001111000'.
Parameter \INIT = 16'0001000100001110
Found cached RTLIL representation for module `$paramod\GTP_LUT4D\INIT=16'0001000100001110'.
Parameter \INIT = 16'0001000101100110
Found cached RTLIL representation for module `$paramod\GTP_LUT4D\INIT=16'0001000101100110'.
Parameter \INIT = 205498005
Found cached RTLIL representation for module `$paramod\GTP_LUT5D\INIT=32'00001100001111111010011010010101'.
Parameter \INIT = 32'11111010101000001011010001111000
Found cached RTLIL representation for module `$paramod\GTP_LUT5D\INIT=32'11111010101000001011010001111000'.
Parameter \INIT = 32'10110100011110001111101010100000
Found cached RTLIL representation for module `$paramod\GTP_LUT5D\INIT=32'10110100011110001111101010100000'.
Parameter \INIT = 32'10110100011110001111101010100000
Found cached RTLIL representation for module `$paramod\GTP_LUT5D\INIT=32'10110100011110001111101010100000'.
Parameter \INIT = 32'10110111010010001111101010100000
Found cached RTLIL representation for module `$paramod\GTP_LUT5D\INIT=32'10110111010010001111101010100000'.
Parameter \INIT = 32'10110100011110001111101010100000
Found cached RTLIL representation for module `$paramod\GTP_LUT5D\INIT=32'10110100011110001111101010100000'.
Parameter \INIT = 64'1010101010101111000000000000101001110111011110111000100010000100
Found cached RTLIL representation for module `$paramod$9d91eab03c9a808f611edae1403c6044cce351fe\GTP_LUT6D'.
Parameter \INIT = 32'10110111010010000101010110101010
Found cached RTLIL representation for module `$paramod\GTP_LUT5D\INIT=32'10110111010010000101010110101010'.
Parameter \INIT = 64'1011101101000100011101111000100000000011000000110000001100000011

3.471. Executing AST frontend in derive mode using pre-parsed AST for module `\GTP_LUT6D'.
Parameter \INIT = 64'1011101101000100011101111000100000000011000000110000001100000011
Generating RTLIL representation for module `$paramod$72da5402a30f6816b4d02abc053f219b7c900a26\GTP_LUT6D'.
Parameter \INIT = 286326799
Found cached RTLIL representation for module `$paramod\GTP_LUT5D\INIT=32'00010001000100010000000000001111'.
Parameter \INIT = 32'11111010101000001011011101001000
Found cached RTLIL representation for module `$paramod\GTP_LUT5D\INIT=32'11111010101000001011011101001000'.
Parameter \INIT = 32'11111010101000001011010001111000
Found cached RTLIL representation for module `$paramod\GTP_LUT5D\INIT=32'11111010101000001011010001111000'.
Parameter \INIT = 16'0001000101100110
Found cached RTLIL representation for module `$paramod\GTP_LUT4D\INIT=16'0001000101100110'.
Parameter \INIT = 64'1111110011111100111111001100110010101000101010001010100010001000
Found cached RTLIL representation for module `$paramod$ba2536d5b59d5e2dcd507e45e350d0d2a3f2c60f\GTP_LUT6D'.
Parameter \INIT = 1267183370

3.472. Executing AST frontend in derive mode using pre-parsed AST for module `\GTP_LUT5D'.
Parameter \INIT = 1267183370
Generating RTLIL representation for module `$paramod\GTP_LUT5D\INIT=32'01001011100001111010111100001010'.
Parameter \INIT = 32'10110111010010001111101010100000
Found cached RTLIL representation for module `$paramod\GTP_LUT5D\INIT=32'10110111010010001111101010100000'.
Parameter \INIT = 32'10110111010010001111101010100000
Found cached RTLIL representation for module `$paramod\GTP_LUT5D\INIT=32'10110111010010001111101010100000'.
Parameter \INIT = 32'10110100011110001111101010100000
Found cached RTLIL representation for module `$paramod\GTP_LUT5D\INIT=32'10110100011110001111101010100000'.
Parameter \INIT = 32'11111010101000001011010001111000
Found cached RTLIL representation for module `$paramod\GTP_LUT5D\INIT=32'11111010101000001011010001111000'.
Parameter \INIT = 32'11111010101000001011011101001000
Found cached RTLIL representation for module `$paramod\GTP_LUT5D\INIT=32'11111010101000001011011101001000'.
Parameter \INIT = 286326799
Found cached RTLIL representation for module `$paramod\GTP_LUT5D\INIT=32'00010001000100010000000000001111'.
Parameter \INIT = 64'0111011101111011100010001000010010101010101011110000000000001010
Found cached RTLIL representation for module `$paramod$e4f4b2bf6e54a8eae6b25fbe48bbe66bc4c5f7a4\GTP_LUT6D'.
Parameter \INIT = 32'11111010101000001011010001111000
Found cached RTLIL representation for module `$paramod\GTP_LUT5D\INIT=32'11111010101000001011010001111000'.
Parameter \INIT = 32'10110111010010001111101010100000
Found cached RTLIL representation for module `$paramod\GTP_LUT5D\INIT=32'10110111010010001111101010100000'.
Parameter \INIT = 16'0110011000010001
Found cached RTLIL representation for module `$paramod\GTP_LUT4D\INIT=16'0110011000010001'.
Parameter \INIT = 32'10110111010010001111101010100000
Found cached RTLIL representation for module `$paramod\GTP_LUT5D\INIT=32'10110111010010001111101010100000'.
Parameter \INIT = 987409
Found cached RTLIL representation for module `$paramod\GTP_LUT5D\INIT=32'00000000000011110001000100010001'.
Parameter \INIT = 64'1010101010101111000000000000101001110111011110111000100010000100
Found cached RTLIL representation for module `$paramod$9d91eab03c9a808f611edae1403c6044cce351fe\GTP_LUT6D'.
Parameter \INIT = 64'0011000011111100111111000011000000000101000001010000010100000101

3.473. Executing AST frontend in derive mode using pre-parsed AST for module `\GTP_LUT6D'.
Parameter \INIT = 64'0011000011111100111111000011000000000101000001010000010100000101
Generating RTLIL representation for module `$paramod$7ffc21dca415f5ebaefb27615e98a6cdf497fda0\GTP_LUT6D'.
Parameter \INIT = 64'1010101010101111000000000000101001110111011110111000100010000100
Found cached RTLIL representation for module `$paramod$9d91eab03c9a808f611edae1403c6044cce351fe\GTP_LUT6D'.
Parameter \INIT = 32'10110100011110001111101010100000
Found cached RTLIL representation for module `$paramod\GTP_LUT5D\INIT=32'10110100011110001111101010100000'.
Parameter \INIT = 32'10110100011110001111101010100000
Found cached RTLIL representation for module `$paramod\GTP_LUT5D\INIT=32'10110100011110001111101010100000'.
Parameter \INIT = 32'11111010101000001011010001111000
Found cached RTLIL representation for module `$paramod\GTP_LUT5D\INIT=32'11111010101000001011010001111000'.
Parameter \INIT = 32'11111010101000001011010001111000
Found cached RTLIL representation for module `$paramod\GTP_LUT5D\INIT=32'11111010101000001011010001111000'.
Parameter \INIT = 64'1010101010101111000000000000101001110111011110111000100010000100
Found cached RTLIL representation for module `$paramod$9d91eab03c9a808f611edae1403c6044cce351fe\GTP_LUT6D'.
Parameter \INIT = 32'10110111010010000101010110101010
Found cached RTLIL representation for module `$paramod\GTP_LUT5D\INIT=32'10110111010010000101010110101010'.
Parameter \INIT = 64'0111011101111011100010001000010010101010101011110000000000001010
Found cached RTLIL representation for module `$paramod$e4f4b2bf6e54a8eae6b25fbe48bbe66bc4c5f7a4\GTP_LUT6D'.
Parameter \INIT = 987409
Found cached RTLIL representation for module `$paramod\GTP_LUT5D\INIT=32'00000000000011110001000100010001'.
Parameter \INIT = 32'10110111010010001111101010100000
Found cached RTLIL representation for module `$paramod\GTP_LUT5D\INIT=32'10110111010010001111101010100000'.
Parameter \INIT = 32'11111010101000001011011101001000
Found cached RTLIL representation for module `$paramod\GTP_LUT5D\INIT=32'11111010101000001011011101001000'.
Parameter \INIT = 64'0111011101111011100010001000010010101010101011110000000000001010
Found cached RTLIL representation for module `$paramod$e4f4b2bf6e54a8eae6b25fbe48bbe66bc4c5f7a4\GTP_LUT6D'.
Parameter \INIT = 1437251400
Found cached RTLIL representation for module `$paramod\GTP_LUT5D\INIT=32'01010101101010101011011101001000'.
Parameter \INIT = 64'1011011101001000101101110100100000001111000011110000000000000000

3.474. Executing AST frontend in derive mode using pre-parsed AST for module `\GTP_LUT6D'.
Parameter \INIT = 64'1011011101001000101101110100100000001111000011110000000000000000
Generating RTLIL representation for module `$paramod$9b559803d11cc526362c72f67a861d9e66ab7458\GTP_LUT6D'.
Parameter \INIT = 32'10110100011110001111101010100000
Found cached RTLIL representation for module `$paramod\GTP_LUT5D\INIT=32'10110100011110001111101010100000'.
Parameter \INIT = 64'0111011101111011100010001000010010101010101011110000000000001010
Found cached RTLIL representation for module `$paramod$e4f4b2bf6e54a8eae6b25fbe48bbe66bc4c5f7a4\GTP_LUT6D'.
Parameter \INIT = 32'10110111010010001111101010100000
Found cached RTLIL representation for module `$paramod\GTP_LUT5D\INIT=32'10110111010010001111101010100000'.
Parameter \INIT = 64'1011010010110100011110000111100000000000001100110000000000110011

3.475. Executing AST frontend in derive mode using pre-parsed AST for module `\GTP_LUT6D'.
Parameter \INIT = 64'1011010010110100011110000111100000000000001100110000000000110011
Generating RTLIL representation for module `$paramod$f424b3d877c8985a86095cf2952488dfc160621e\GTP_LUT6D'.
Parameter \INIT = 32'11111010101000001011011101001000
Found cached RTLIL representation for module `$paramod\GTP_LUT5D\INIT=32'11111010101000001011011101001000'.
Parameter \INIT = 64'1010101010101111000000000000101001110111011110111000100010000100
Found cached RTLIL representation for module `$paramod$9d91eab03c9a808f611edae1403c6044cce351fe\GTP_LUT6D'.
Parameter \INIT = 64'1010101010101111000000000000101001110111011110111000100010000100
Found cached RTLIL representation for module `$paramod$9d91eab03c9a808f611edae1403c6044cce351fe\GTP_LUT6D'.
Parameter \INIT = 64'1110111011100001100010001000011100000000000011110000000000001111
Found cached RTLIL representation for module `$paramod$9d1b2407f1beb944f8e921ec2b1337b6a7c57915\GTP_LUT6D'.
Parameter \INIT = 32'10110111010010001111101010100000
Found cached RTLIL representation for module `$paramod\GTP_LUT5D\INIT=32'10110111010010001111101010100000'.
Parameter \INIT = 64'0111011101111011100010001000010010101010101011110000000000001010
Found cached RTLIL representation for module `$paramod$e4f4b2bf6e54a8eae6b25fbe48bbe66bc4c5f7a4\GTP_LUT6D'.
Parameter \INIT = 32'10110100011110001111101010100000
Found cached RTLIL representation for module `$paramod\GTP_LUT5D\INIT=32'10110100011110001111101010100000'.
Parameter \INIT = 64'0111011101111011100010001000010010101010101011110000000000001010
Found cached RTLIL representation for module `$paramod$e4f4b2bf6e54a8eae6b25fbe48bbe66bc4c5f7a4\GTP_LUT6D'.
Parameter \INIT = 32'10110100011110001111101010100000
Found cached RTLIL representation for module `$paramod\GTP_LUT5D\INIT=32'10110100011110001111101010100000'.
Parameter \INIT = 64'1010101010101111000000000000101001110111011110111000100010000100
Found cached RTLIL representation for module `$paramod$9d91eab03c9a808f611edae1403c6044cce351fe\GTP_LUT6D'.
Parameter \INIT = 64'1010101010101111000000000000101001110111011110111000100010000100
Found cached RTLIL representation for module `$paramod$9d91eab03c9a808f611edae1403c6044cce351fe\GTP_LUT6D'.
Parameter \INIT = 64'0111011101111011100010001000010010101010101011110000000000001010
Found cached RTLIL representation for module `$paramod$e4f4b2bf6e54a8eae6b25fbe48bbe66bc4c5f7a4\GTP_LUT6D'.
Parameter \INIT = 32'10110111010010001111101010100000
Found cached RTLIL representation for module `$paramod\GTP_LUT5D\INIT=32'10110111010010001111101010100000'.
Parameter \INIT = 32'10110111010010001111101010100000
Found cached RTLIL representation for module `$paramod\GTP_LUT5D\INIT=32'10110111010010001111101010100000'.
Parameter \INIT = 32'10110111010010001111101010100000
Found cached RTLIL representation for module `$paramod\GTP_LUT5D\INIT=32'10110111010010001111101010100000'.
Parameter \INIT = 32'11111010101000001011010001111000
Found cached RTLIL representation for module `$paramod\GTP_LUT5D\INIT=32'11111010101000001011010001111000'.
Parameter \INIT = 32'10110111010010001111101010100000
Found cached RTLIL representation for module `$paramod\GTP_LUT5D\INIT=32'10110111010010001111101010100000'.
Parameter \INIT = 64'1010101010101111000000000000101001110111011110111000100010000100
Found cached RTLIL representation for module `$paramod$9d91eab03c9a808f611edae1403c6044cce351fe\GTP_LUT6D'.
Parameter \INIT = 64'1010101010101111000000000000101001110111011110111000100010000100
Found cached RTLIL representation for module `$paramod$9d91eab03c9a808f611edae1403c6044cce351fe\GTP_LUT6D'.
Parameter \INIT = 64'0111011101111011100010001000010010101010101011110000000000001010
Found cached RTLIL representation for module `$paramod$e4f4b2bf6e54a8eae6b25fbe48bbe66bc4c5f7a4\GTP_LUT6D'.
Parameter \INIT = 64'0111011101111011100010001000010010101010101011110000000000001010
Found cached RTLIL representation for module `$paramod$e4f4b2bf6e54a8eae6b25fbe48bbe66bc4c5f7a4\GTP_LUT6D'.
Parameter \INIT = 64'1011010001111000101101000111100000000000000000000101010101010101
Found cached RTLIL representation for module `$paramod$542e61601eba76f43206fff3414d9b8796b89b39\GTP_LUT6D'.
Parameter \INIT = 64'1011011101001000101101110100100000000000000000000101010101010101
Found cached RTLIL representation for module `$paramod$3162d1c10e3b1a49aee26fa976ae76b3fa987b59\GTP_LUT6D'.
Parameter \INIT = 64'1011011110110111010010000100100000000000101010100000000010101010
Found cached RTLIL representation for module `$paramod$3b071bb02062c7d0c7ca8f9c692686ae7c5b017d\GTP_LUT6D'.
Parameter \INIT = 64'1011011110110111010010000100100001010101101010100101010110101010
Found cached RTLIL representation for module `$paramod$dca40f54523b286918dfcf57a009f40043243f8d\GTP_LUT6D'.
Parameter \INIT = 64'0000000001010101000000000001000100000000000000000000111100001111

3.476. Executing AST frontend in derive mode using pre-parsed AST for module `\GTP_LUT6D'.
Parameter \INIT = 64'0000000001010101000000000001000100000000000000000000111100001111
Generating RTLIL representation for module `$paramod$53a632b7bfb0f4529f6760db4ebd292313ccd83a\GTP_LUT6D'.
Parameter \INIT = 64'1011101101110111010001001000100000000101000001010000010100000101
Found cached RTLIL representation for module `$paramod$b2d8d094daeff0d143ffecf0d194c6d45d8cacba\GTP_LUT6D'.
Parameter \INIT = 64'1011011110110111010010000100100000000000001100110000000000110011
Found cached RTLIL representation for module `$paramod$f3b4af0ae34e8e68b373e23283513b58f17baf07\GTP_LUT6D'.
Parameter \INIT = 64'1011011101001000101101110100100000000000000000000101010101010101
Found cached RTLIL representation for module `$paramod$3162d1c10e3b1a49aee26fa976ae76b3fa987b59\GTP_LUT6D'.
Parameter \INIT = 64'1111111111001100101010101000100000111100001111000011110000111100

3.477. Executing AST frontend in derive mode using pre-parsed AST for module `\GTP_LUT6D'.
Parameter \INIT = 64'1111111111001100101010101000100000111100001111000011110000111100
Generating RTLIL representation for module `$paramod$5a9fcdf298383e0faf16840eda3bb9df1acdb59c\GTP_LUT6D'.
Parameter \INIT = 64'0000000000000000111110101111101001110111001000100111011100100010
Found cached RTLIL representation for module `$paramod$f0e6c605184ad8cf9f568956b13b1861b06941fb\GTP_LUT6D'.
Parameter \INIT = 64'1101001101000000011100110001000011000011110000110011001100110011
Found cached RTLIL representation for module `$paramod$6056785a1d9475f059826fae593357e1c74dd68c\GTP_LUT6D'.
Parameter \INIT = 64'0101010101010101010100000101000000100010011101110010001001110111

3.478. Executing AST frontend in derive mode using pre-parsed AST for module `\GTP_LUT6D'.
Parameter \INIT = 64'0101010101010101010100000101000000100010011101110010001001110111
Generating RTLIL representation for module `$paramod$32a4057e8153aaf4e449d8ee737cc3a5a4b92c5c\GTP_LUT6D'.
Parameter \INIT = 64'1111111110101010101010100000000011101000111010001110100011101000
Found cached RTLIL representation for module `$paramod$a6e605327cfae1ccfc6de811818bd3ac91f8d77f\GTP_LUT6D'.
Parameter \INIT = 64'1011011110110111010010000100100001010101101010100101010110101010
Found cached RTLIL representation for module `$paramod$dca40f54523b286918dfcf57a009f40043243f8d\GTP_LUT6D'.
Parameter \INIT = 64'1011011101001000101101110100100000000000000000000101010101010101
Found cached RTLIL representation for module `$paramod$3162d1c10e3b1a49aee26fa976ae76b3fa987b59\GTP_LUT6D'.
Parameter \INIT = 285213443
Found cached RTLIL representation for module `$paramod\GTP_LUT5D\INIT=32'00010001000000000000001100000011'.
Parameter \INIT = 64'1101001101000000011100110001000011000011110000110011001100110011
Found cached RTLIL representation for module `$paramod$6056785a1d9475f059826fae593357e1c74dd68c\GTP_LUT6D'.
Parameter \INIT = 64'1011011101001000101101110100100001010101010101011010101010101010
Found cached RTLIL representation for module `$paramod$4423c194664bf0335d103333460b31b1b13d03ba\GTP_LUT6D'.
Parameter \INIT = 168440576

3.479. Executing AST frontend in derive mode using pre-parsed AST for module `\GTP_LUT5D'.
Parameter \INIT = 168440576
Generating RTLIL representation for module `$paramod\GTP_LUT5D\INIT=32'00001010000010100011001100000000'.
Parameter \INIT = 64'0101010101010101010100000101000000110011000000000011001100000000

3.480. Executing AST frontend in derive mode using pre-parsed AST for module `\GTP_LUT6D'.
Parameter \INIT = 64'0101010101010101010100000101000000110011000000000011001100000000
Generating RTLIL representation for module `$paramod$0ec4963f1c19d7d8c6db0225b8ec4aa475553212\GTP_LUT6D'.
Parameter \INIT = 3346181

3.481. Executing AST frontend in derive mode using pre-parsed AST for module `\GTP_LUT5D'.
Parameter \INIT = 3346181
Generating RTLIL representation for module `$paramod\GTP_LUT5D\INIT=32'00000000001100110000111100000101'.
Parameter \INIT = 1145307151

3.482. Executing AST frontend in derive mode using pre-parsed AST for module `\GTP_LUT5D'.
Parameter \INIT = 1145307151
Generating RTLIL representation for module `$paramod\GTP_LUT5D\INIT=32'01000100010001000000000000001111'.
Parameter \INIT = 1219993850
Found cached RTLIL representation for module `$paramod\GTP_LUT5D\INIT=32'01001000101101111010000011111010'.
Parameter \INIT = 808473856

3.483. Executing AST frontend in derive mode using pre-parsed AST for module `\GTP_LUT5D'.
Parameter \INIT = 808473856
Generating RTLIL representation for module `$paramod\GTP_LUT5D\INIT=32'00110000001100000101010100000000'.
Parameter \INIT = 64'0010000000000000001000010000000000000000000000000000111100001111
Found cached RTLIL representation for module `$paramod$b72b119d921819da53eb99d11a6a20ec69efb451\GTP_LUT6D'.
Parameter \INIT = 16'0101000000110000
Found cached RTLIL representation for module `$paramod\GTP_LUT4D\INIT=16'0101000000110000'.
Parameter \INIT = 16'0101000000110000
Found cached RTLIL representation for module `$paramod\GTP_LUT4D\INIT=16'0101000000110000'.
Parameter \INIT = 64'1011011101001000101101110100100000000000000000000101010101010101
Found cached RTLIL representation for module `$paramod$3162d1c10e3b1a49aee26fa976ae76b3fa987b59\GTP_LUT6D'.
Parameter \INIT = 32'11001100000000000101000001010000

3.484. Executing AST frontend in derive mode using pre-parsed AST for module `\GTP_LUT5D'.
Parameter \INIT = 32'11001100000000000101000001010000
Generating RTLIL representation for module `$paramod\GTP_LUT5D\INIT=32'11001100000000000101000001010000'.
Parameter \INIT = 1077988352

3.485. Executing AST frontend in derive mode using pre-parsed AST for module `\GTP_LUT5D'.
Parameter \INIT = 1077988352
Generating RTLIL representation for module `$paramod\GTP_LUT5D\INIT=32'01000000010000001100110000000000'.
Parameter \INIT = 1057767505
Found cached RTLIL representation for module `$paramod\GTP_LUT5D\INIT=32'00111111000011000100000001010001'.
Parameter \INIT = 64'0101010101010101010001000100010001011111000010100101111100001010
Found cached RTLIL representation for module `$paramod$ac7dc6d55c00c11fa06aa17ae2d0a4f440403d1b\GTP_LUT6D'.
Parameter \INIT = 50528341
Found cached RTLIL representation for module `$paramod\GTP_LUT5D\INIT=32'00000011000000110000000001010101'.
Parameter \INIT = 32'10110111010010000101010110101010
Found cached RTLIL representation for module `$paramod\GTP_LUT5D\INIT=32'10110111010010000101010110101010'.
Parameter \INIT = 64'1111111111111111111111110000000010011001100110011001100110100101

3.486. Executing AST frontend in derive mode using pre-parsed AST for module `\GTP_LUT6D'.
Parameter \INIT = 64'1111111111111111111111110000000010011001100110011001100110100101
Generating RTLIL representation for module `$paramod$5dfc391f8b87984c885240b517768dfeb9c5a700\GTP_LUT6D'.
Parameter \INIT = 16'0101000000010001

3.487. Executing AST frontend in derive mode using pre-parsed AST for module `\GTP_LUT4D'.
Parameter \INIT = 16'0101000000010001
Generating RTLIL representation for module `$paramod\GTP_LUT4D\INIT=16'0101000000010001'.
Parameter \INIT = 32'10100000101000000000000000110011

3.488. Executing AST frontend in derive mode using pre-parsed AST for module `\GTP_LUT5D'.
Parameter \INIT = 32'10100000101000000000000000110011
Generating RTLIL representation for module `$paramod\GTP_LUT5D\INIT=32'10100000101000000000000000110011'.
Parameter \INIT = 16'0000001100000101
Found cached RTLIL representation for module `$paramod\GTP_LUT4D\INIT=16'0000001100000101'.
Parameter \INIT = 1219974400

3.489. Executing AST frontend in derive mode using pre-parsed AST for module `\GTP_LUT5D'.
Parameter \INIT = 1219974400
Generating RTLIL representation for module `$paramod\GTP_LUT5D\INIT=32'01001000101101110101010100000000'.
Parameter \INIT = 64'1011011101001000101101110100100000000000000000000101010101010101
Found cached RTLIL representation for module `$paramod$3162d1c10e3b1a49aee26fa976ae76b3fa987b59\GTP_LUT6D'.
Parameter \INIT = 3375248
Found cached RTLIL representation for module `$paramod\GTP_LUT5D\INIT=32'00000000001100111000000010010000'.
Parameter \INIT = 64'1111111100000000000000000000000000111100010101010101010101010101

3.490. Executing AST frontend in derive mode using pre-parsed AST for module `\GTP_LUT6D'.
Parameter \INIT = 64'1111111100000000000000000000000000111100010101010101010101010101
Generating RTLIL representation for module `$paramod$2e81a97bfcfef014e179d7dd32ecc1d1eaa9a2d5\GTP_LUT6D'.
Parameter \INIT = 64'1011011101001000101101110100100001010101010101011010101010101010
Found cached RTLIL representation for module `$paramod$4423c194664bf0335d103333460b31b1b13d03ba\GTP_LUT6D'.
Parameter \INIT = 1426118656

3.491. Executing AST frontend in derive mode using pre-parsed AST for module `\GTP_LUT5D'.
Parameter \INIT = 1426118656
Generating RTLIL representation for module `$paramod\GTP_LUT5D\INIT=32'01010101000000001101100000000000'.
Parameter \INIT = 64'1100111011111111110011101111111100000000000000000000111100001111
Found cached RTLIL representation for module `$paramod$3aa8899ca34b6fc36c1f623b34eba44ab14683fc\GTP_LUT6D'.
Parameter \INIT = 32'10110111010010000000000001010101
Found cached RTLIL representation for module `$paramod\GTP_LUT5D\INIT=32'10110111010010000000000001010101'.
Parameter \INIT = 64'0011001100000000001100110000000010110111101101110100100001001000

3.492. Executing AST frontend in derive mode using pre-parsed AST for module `\GTP_LUT6D'.
Parameter \INIT = 64'0011001100000000001100110000000010110111101101110100100001001000
Generating RTLIL representation for module `$paramod$7800fce30dce7a1b8b4b587c12d4cb71b5d4b4b0\GTP_LUT6D'.
Parameter \INIT = 64'1111111111001100101100110100000000000000010101010000000001010101
Found cached RTLIL representation for module `$paramod$8d0f787be834cd86c6369789c7156f7ae53bb38b\GTP_LUT6D'.
Parameter \INIT = 64'0000000000110011000000000011001110110111101101110100100001001000
Found cached RTLIL representation for module `$paramod$8ba87c856ea6b3f75921816dbfbf420ac80aee3b\GTP_LUT6D'.
Parameter \INIT = 64'1011011101001000101101110100100000000000000000000101010101010101
Found cached RTLIL representation for module `$paramod$3162d1c10e3b1a49aee26fa976ae76b3fa987b59\GTP_LUT6D'.
Parameter \INIT = 3374959

3.493. Executing AST frontend in derive mode using pre-parsed AST for module `\GTP_LUT5D'.
Parameter \INIT = 3374959
Generating RTLIL representation for module `$paramod\GTP_LUT5D\INIT=32'00000000001100110111111101101111'.
Parameter \INIT = 16'0110011000000101

3.494. Executing AST frontend in derive mode using pre-parsed AST for module `\GTP_LUT4D'.
Parameter \INIT = 16'0110011000000101
Generating RTLIL representation for module `$paramod\GTP_LUT4D\INIT=16'0110011000000101'.
Parameter \INIT = 64'0011000000110011000000000000000000100000001000100000000000000000

3.495. Executing AST frontend in derive mode using pre-parsed AST for module `\GTP_LUT6D'.
Parameter \INIT = 64'0011000000110011000000000000000000100000001000100000000000000000
Generating RTLIL representation for module `$paramod$dfbf1900e883fc9f5cd58475b0c9fee29c18c8c7\GTP_LUT6D'.
Parameter \INIT = 64'0101010101010101000000000000000010110111010010001011011101001000

3.496. Executing AST frontend in derive mode using pre-parsed AST for module `\GTP_LUT6D'.
Parameter \INIT = 64'0101010101010101000000000000000010110111010010001011011101001000
Generating RTLIL representation for module `$paramod$2b2d0355fee9dda7011318f18cce6136d6901ebf\GTP_LUT6D'.
Parameter \INIT = 64'1011011101001000101101110100100001010101010101011010101010101010
Found cached RTLIL representation for module `$paramod$4423c194664bf0335d103333460b31b1b13d03ba\GTP_LUT6D'.
Parameter \INIT = 16'0001000101100110
Found cached RTLIL representation for module `$paramod\GTP_LUT4D\INIT=16'0001000101100110'.
Parameter \INIT = 16'0001000101100110
Found cached RTLIL representation for module `$paramod\GTP_LUT4D\INIT=16'0001000101100110'.
Parameter \INIT = 64'1011011101001000101101110100100001010101010101011010101010101010
Found cached RTLIL representation for module `$paramod$4423c194664bf0335d103333460b31b1b13d03ba\GTP_LUT6D'.
Parameter \INIT = 16'0110100111101000
Found cached RTLIL representation for module `$paramod\GTP_LUT4D\INIT=16'0110100111101000'.
Parameter \INIT = 16'0001000101100110
Found cached RTLIL representation for module `$paramod\GTP_LUT4D\INIT=16'0001000101100110'.
Parameter \INIT = 64'1010111101010000010111111010000001100011100111001001001101101100
Found cached RTLIL representation for module `$paramod$a1085436c2c545ad5d7960f5b9338d229974b180\GTP_LUT6D'.
Parameter \INIT = 1057789350
Found cached RTLIL representation for module `$paramod\GTP_LUT5D\INIT=32'00111111000011001001010110100110'.
Parameter \INIT = 64'0101010101010101000000000000000010110111010010001011011101001000
Found cached RTLIL representation for module `$paramod$2b2d0355fee9dda7011318f18cce6136d6901ebf\GTP_LUT6D'.
Parameter \INIT = 16'0001000101100110
Found cached RTLIL representation for module `$paramod\GTP_LUT4D\INIT=16'0001000101100110'.
Parameter \INIT = 16'0001000101100110
Found cached RTLIL representation for module `$paramod\GTP_LUT4D\INIT=16'0001000101100110'.
Parameter \INIT = 64'1010111101010000010111111010000001100011100111001001001101101100
Found cached RTLIL representation for module `$paramod$a1085436c2c545ad5d7960f5b9338d229974b180\GTP_LUT6D'.
Parameter \INIT = 83912294

3.497. Executing AST frontend in derive mode using pre-parsed AST for module `\GTP_LUT5D'.
Parameter \INIT = 83912294
Generating RTLIL representation for module `$paramod\GTP_LUT5D\INIT=32'00000101000000000110011001100110'.
Parameter \INIT = 16'0001000101100110
Found cached RTLIL representation for module `$paramod\GTP_LUT4D\INIT=16'0001000101100110'.
Parameter \INIT = 64'1010000000000000101001010000000000010001000100010001000100010001

3.498. Executing AST frontend in derive mode using pre-parsed AST for module `\GTP_LUT6D'.
Parameter \INIT = 64'1010000000000000101001010000000000010001000100010001000100010001
Generating RTLIL representation for module `$paramod$bdfed1ab71c1791d54e3057ea019b450c40b44aa\GTP_LUT6D'.
Parameter \INIT = 64'1011011101001000101101110100100000000000000000000101010101010101
Found cached RTLIL representation for module `$paramod$3162d1c10e3b1a49aee26fa976ae76b3fa987b59\GTP_LUT6D'.
Parameter \INIT = 64'0101010110101010010101011010101011001100100010001100111110001010

3.499. Executing AST frontend in derive mode using pre-parsed AST for module `\GTP_LUT6D'.
Parameter \INIT = 64'0101010110101010010101011010101011001100100010001100111110001010
Generating RTLIL representation for module `$paramod$d87103036883ea0862af15c2505dcfbefeed85e6\GTP_LUT6D'.
Parameter \INIT = 64'0101000010101111101000000101111101100011100111001001001101101100

3.500. Executing AST frontend in derive mode using pre-parsed AST for module `\GTP_LUT6D'.
Parameter \INIT = 64'0101000010101111101000000101111101100011100111001001001101101100
Generating RTLIL representation for module `$paramod$3ab13c8532fbbeaa3447af4dc4e36c7a43cd44a3\GTP_LUT6D'.
Parameter \INIT = 32'11110101000000000001000100010001

3.501. Executing AST frontend in derive mode using pre-parsed AST for module `\GTP_LUT5D'.
Parameter \INIT = 32'11110101000000000001000100010001
Generating RTLIL representation for module `$paramod\GTP_LUT5D\INIT=32'11110101000000000001000100010001'.
Parameter \INIT = 32'10110111010010001011011101001000
Found cached RTLIL representation for module `$paramod\GTP_LUT5D\INIT=32'10110111010010001011011101001000'.
Parameter \INIT = 64'0110001110010011100111000110110010101111010111110101000010100000

3.502. Executing AST frontend in derive mode using pre-parsed AST for module `\GTP_LUT6D'.
Parameter \INIT = 64'0110001110010011100111000110110010101111010111110101000010100000
Generating RTLIL representation for module `$paramod$58a09d49cad41580899d986d931c3ce731a25c83\GTP_LUT6D'.
Parameter \INIT = 64'0101000010100000101011110101111110011100011011000110001110010011

3.503. Executing AST frontend in derive mode using pre-parsed AST for module `\GTP_LUT6D'.
Parameter \INIT = 64'0101000010100000101011110101111110011100011011000110001110010011
Generating RTLIL representation for module `$paramod$f61abeea0eeab4a62e7e20a2cd0dea398211c160\GTP_LUT6D'.
Parameter \INIT = 64'0000000100000001000000000000000001010101101010100101010110101010

3.504. Executing AST frontend in derive mode using pre-parsed AST for module `\GTP_LUT6D'.
Parameter \INIT = 64'0000000100000001000000000000000001010101101010100101010110101010
Generating RTLIL representation for module `$paramod$76f3b233d5483f30c064f4c54b04a746658c1245\GTP_LUT6D'.
Parameter \INIT = 16'0001000101100110
Found cached RTLIL representation for module `$paramod\GTP_LUT4D\INIT=16'0001000101100110'.
Parameter \INIT = 16'0001000101100110
Found cached RTLIL representation for module `$paramod\GTP_LUT4D\INIT=16'0001000101100110'.
Parameter \INIT = 64'1111111100000000000000000000000001101001000011110000111100001111
Found cached RTLIL representation for module `$paramod$59edc63714849d4f256280c0535236ff65261822\GTP_LUT6D'.
Parameter \INIT = 32'10110111010010000101010110101010
Found cached RTLIL representation for module `$paramod\GTP_LUT5D\INIT=32'10110111010010000101010110101010'.
Parameter \INIT = 16'0001000101100110
Found cached RTLIL representation for module `$paramod\GTP_LUT4D\INIT=16'0001000101100110'.
Parameter \INIT = 16'0001000101100110
Found cached RTLIL representation for module `$paramod\GTP_LUT4D\INIT=16'0001000101100110'.
Parameter \INIT = 16'0001000101100110
Found cached RTLIL representation for module `$paramod\GTP_LUT4D\INIT=16'0001000101100110'.
Parameter \INIT = 64'1011011101001000101101110100100001010101010101011010101010101010
Found cached RTLIL representation for module `$paramod$4423c194664bf0335d103333460b31b1b13d03ba\GTP_LUT6D'.
Parameter \INIT = 50528341
Found cached RTLIL representation for module `$paramod\GTP_LUT5D\INIT=32'00000011000000110000000001010101'.
Parameter \INIT = 1219993850
Found cached RTLIL representation for module `$paramod\GTP_LUT5D\INIT=32'01001000101101111010000011111010'.
Parameter \INIT = 16'0001000101100110
Found cached RTLIL representation for module `$paramod\GTP_LUT4D\INIT=16'0001000101100110'.
Parameter \INIT = 64'0000000000110011000000000011001110110111101101110100100001001000
Found cached RTLIL representation for module `$paramod$8ba87c856ea6b3f75921816dbfbf420ac80aee3b\GTP_LUT6D'.
Parameter \INIT = 16'0001000101100110
Found cached RTLIL representation for module `$paramod\GTP_LUT4D\INIT=16'0001000101100110'.
Parameter \INIT = 64'1111111111001100101010101000100000000011000000110000001100000011

3.505. Executing AST frontend in derive mode using pre-parsed AST for module `\GTP_LUT6D'.
Parameter \INIT = 64'1111111111001100101010101000100000000011000000110000001100000011
Generating RTLIL representation for module `$paramod$21601f98742800264a2ea63e2605e61e07480f68\GTP_LUT6D'.
Parameter \INIT = 16'0001000101100110
Found cached RTLIL representation for module `$paramod\GTP_LUT4D\INIT=16'0001000101100110'.
Parameter \INIT = 32'10110100011110000101101001011010
Found cached RTLIL representation for module `$paramod\GTP_LUT5D\INIT=32'10110100011110000101101001011010'.
Parameter \INIT = 32'10110100011110000101101001011010
Found cached RTLIL representation for module `$paramod\GTP_LUT5D\INIT=32'10110100011110000101101001011010'.
Parameter \INIT = 16'0001000101100110
Found cached RTLIL representation for module `$paramod\GTP_LUT4D\INIT=16'0001000101100110'.
Parameter \INIT = 1437251400
Found cached RTLIL representation for module `$paramod\GTP_LUT5D\INIT=32'01010101101010101011011101001000'.
Parameter \INIT = 16'0110011000010001
Found cached RTLIL representation for module `$paramod\GTP_LUT4D\INIT=16'0110011000010001'.
Parameter \INIT = 16'0001000101100110
Found cached RTLIL representation for module `$paramod\GTP_LUT4D\INIT=16'0001000101100110'.
Parameter \INIT = 64'0110011001100110011001100110011010101010101011110000000000001010
Found cached RTLIL representation for module `$paramod$e2f8fe7d389feb0c108bf811f6c815c9addc3179\GTP_LUT6D'.
Parameter \INIT = 16'0001000101100110
Found cached RTLIL representation for module `$paramod\GTP_LUT4D\INIT=16'0001000101100110'.
Parameter \INIT = 32'10110111010010000000000001010101
Found cached RTLIL representation for module `$paramod\GTP_LUT5D\INIT=32'10110111010010000000000001010101'.
Parameter \INIT = 16'0001000101100110
Found cached RTLIL representation for module `$paramod\GTP_LUT4D\INIT=16'0001000101100110'.
Parameter \INIT = 32'10110100011110001111101010100000
Found cached RTLIL representation for module `$paramod\GTP_LUT5D\INIT=32'10110100011110001111101010100000'.
Parameter \INIT = 16'1001100100001011
Found cached RTLIL representation for module `$paramod\GTP_LUT4D\INIT=16'1001100100001011'.
Parameter \INIT = 16'0001000101100110
Found cached RTLIL representation for module `$paramod\GTP_LUT4D\INIT=16'0001000101100110'.
Parameter \INIT = 16'0001000101100110
Found cached RTLIL representation for module `$paramod\GTP_LUT4D\INIT=16'0001000101100110'.
Parameter \INIT = 64'0000110000000000000011000000110000001000000000000000100000001000
Found cached RTLIL representation for module `$paramod$761b1a5f3c7100d216e346a5a27c24826812ef9a\GTP_LUT6D'.
Parameter \INIT = 1717960719
Found cached RTLIL representation for module `$paramod\GTP_LUT5D\INIT=32'01100110011001100000000000001111'.
Parameter \INIT = 16'0001000101100110
Found cached RTLIL representation for module `$paramod\GTP_LUT4D\INIT=16'0001000101100110'.
Parameter \INIT = 64'0000001100000011000000110000001110111011010001000111011110001000

3.506. Executing AST frontend in derive mode using pre-parsed AST for module `\GTP_LUT6D'.
Parameter \INIT = 64'0000001100000011000000110000001110111011010001000111011110001000
Generating RTLIL representation for module `$paramod$c50597adf1136bdef15bb903a70944ec72c9c9e7\GTP_LUT6D'.
Parameter \INIT = 32'10110100011110001111101010100000
Found cached RTLIL representation for module `$paramod\GTP_LUT5D\INIT=32'10110100011110001111101010100000'.
Parameter \INIT = 16'0000111000010001
Found cached RTLIL representation for module `$paramod\GTP_LUT4D\INIT=16'0000111000010001'.
Parameter \INIT = 16'0001000101100110
Found cached RTLIL representation for module `$paramod\GTP_LUT4D\INIT=16'0001000101100110'.
Parameter \INIT = 32'10110100011110001111101010100000
Found cached RTLIL representation for module `$paramod\GTP_LUT5D\INIT=32'10110100011110001111101010100000'.
Parameter \INIT = 16'0001000101100110
Found cached RTLIL representation for module `$paramod\GTP_LUT4D\INIT=16'0001000101100110'.
Parameter \INIT = 32'10110100011110001111101010100000
Found cached RTLIL representation for module `$paramod\GTP_LUT5D\INIT=32'10110100011110001111101010100000'.
Parameter \INIT = 32'10110100011110001111101010100000
Found cached RTLIL representation for module `$paramod\GTP_LUT5D\INIT=32'10110100011110001111101010100000'.
Parameter \INIT = 64'1100110011000000110011001100000011011101110101111000100010000010

3.507. Executing AST frontend in derive mode using pre-parsed AST for module `\GTP_LUT6D'.
Parameter \INIT = 64'1100110011000000110011001100000011011101110101111000100010000010
Generating RTLIL representation for module `$paramod$275918b888d76be95acac57e850a055770a40e11\GTP_LUT6D'.
Parameter \INIT = 286326799
Found cached RTLIL representation for module `$paramod\GTP_LUT5D\INIT=32'00010001000100010000000000001111'.
Parameter \INIT = 32'10110100011110001111101010100000
Found cached RTLIL representation for module `$paramod\GTP_LUT5D\INIT=32'10110100011110001111101010100000'.
Parameter \INIT = 64'0011111111110011000011001100000010010101010110011010011001101010
Found cached RTLIL representation for module `$paramod$bf22a6bb885232c788ff347ce7a0a82c51abd768\GTP_LUT6D'.
Parameter \INIT = 32'10110111010010001111101010100000
Found cached RTLIL representation for module `$paramod\GTP_LUT5D\INIT=32'10110111010010001111101010100000'.
Parameter \INIT = 286326799
Found cached RTLIL representation for module `$paramod\GTP_LUT5D\INIT=32'00010001000100010000000000001111'.
Parameter \INIT = 32'10110100011110001111101010100000
Found cached RTLIL representation for module `$paramod\GTP_LUT5D\INIT=32'10110100011110001111101010100000'.
Parameter \INIT = 32'11111010101000001011010001111000
Found cached RTLIL representation for module `$paramod\GTP_LUT5D\INIT=32'11111010101000001011010001111000'.
Parameter \INIT = 32'11111010101000001011011101001000
Found cached RTLIL representation for module `$paramod\GTP_LUT5D\INIT=32'11111010101000001011011101001000'.
Parameter \INIT = 32'11111010101000001011011101001000
Found cached RTLIL representation for module `$paramod\GTP_LUT5D\INIT=32'11111010101000001011011101001000'.
Parameter \INIT = 32'11111010101000001011010001111000
Found cached RTLIL representation for module `$paramod\GTP_LUT5D\INIT=32'11111010101000001011010001111000'.
Parameter \INIT = 32'10110100011110001111101010100000
Found cached RTLIL representation for module `$paramod\GTP_LUT5D\INIT=32'10110100011110001111101010100000'.
Parameter \INIT = 32'10110111010010001111101010100000
Found cached RTLIL representation for module `$paramod\GTP_LUT5D\INIT=32'10110111010010001111101010100000'.
Parameter \INIT = 32'10110100011110001111101010100000
Found cached RTLIL representation for module `$paramod\GTP_LUT5D\INIT=32'10110100011110001111101010100000'.
Parameter \INIT = 32'10110111010010001111101010100000
Found cached RTLIL representation for module `$paramod\GTP_LUT5D\INIT=32'10110111010010001111101010100000'.
Parameter \INIT = 987409
Found cached RTLIL representation for module `$paramod\GTP_LUT5D\INIT=32'00000000000011110001000100010001'.
Parameter \INIT = 64'0011000011111100111111000011000010011010010101100101011010011010

3.508. Executing AST frontend in derive mode using pre-parsed AST for module `\GTP_LUT6D'.
Parameter \INIT = 64'0011000011111100111111000011000010011010010101100101011010011010
Generating RTLIL representation for module `$paramod$d84cbc7171e03b8185712df3ed0828d551909f41\GTP_LUT6D'.
Parameter \INIT = 64'1010101010101111000000000000101001110111011110111000100010000100
Found cached RTLIL representation for module `$paramod$9d91eab03c9a808f611edae1403c6044cce351fe\GTP_LUT6D'.
Parameter \INIT = 32'10110100011110001111101010100000
Found cached RTLIL representation for module `$paramod\GTP_LUT5D\INIT=32'10110100011110001111101010100000'.
Parameter \INIT = 64'1010101010101111000000000000101001110111011110111000100010000100
Found cached RTLIL representation for module `$paramod$9d91eab03c9a808f611edae1403c6044cce351fe\GTP_LUT6D'.
Parameter \INIT = 16'0110011000010001
Found cached RTLIL representation for module `$paramod\GTP_LUT4D\INIT=16'0110011000010001'.
Parameter \INIT = 32'10110100011110001111101010100000
Found cached RTLIL representation for module `$paramod\GTP_LUT5D\INIT=32'10110100011110001111101010100000'.
Parameter \INIT = 286326799
Found cached RTLIL representation for module `$paramod\GTP_LUT5D\INIT=32'00010001000100010000000000001111'.
Parameter \INIT = 64'0000010100000101000001010000010101111000011110000111100010110100

3.509. Executing AST frontend in derive mode using pre-parsed AST for module `\GTP_LUT6D'.
Parameter \INIT = 64'0000010100000101000001010000010101111000011110000111100010110100
Generating RTLIL representation for module `$paramod$2c45859be4e53033513f5ec4b6f5bfe127459cd5\GTP_LUT6D'.
Parameter \INIT = 32'10110111010010001111101010100000
Found cached RTLIL representation for module `$paramod\GTP_LUT5D\INIT=32'10110111010010001111101010100000'.
Parameter \INIT = 32'11111010101000001011011101001000
Found cached RTLIL representation for module `$paramod\GTP_LUT5D\INIT=32'11111010101000001011011101001000'.
Parameter \INIT = 64'0111011101111011100010001000010010101010101011110000000000001010
Found cached RTLIL representation for module `$paramod$e4f4b2bf6e54a8eae6b25fbe48bbe66bc4c5f7a4\GTP_LUT6D'.
Parameter \INIT = 32'10110100011110001111101010100000
Found cached RTLIL representation for module `$paramod\GTP_LUT5D\INIT=32'10110100011110001111101010100000'.
Parameter \INIT = 32'10110100011110001111101010100000
Found cached RTLIL representation for module `$paramod\GTP_LUT5D\INIT=32'10110100011110001111101010100000'.
Parameter \INIT = 64'0111011101111011100010001000010010101010101011110000000000001010
Found cached RTLIL representation for module `$paramod$e4f4b2bf6e54a8eae6b25fbe48bbe66bc4c5f7a4\GTP_LUT6D'.
Parameter \INIT = 32'11111010101000001011011101001000
Found cached RTLIL representation for module `$paramod\GTP_LUT5D\INIT=32'11111010101000001011011101001000'.
Parameter \INIT = 1267184760
Found cached RTLIL representation for module `$paramod\GTP_LUT5D\INIT=32'01001011100001111011010001111000'.
Parameter \INIT = 64'0111011101111011100010001000010010101010101011110000000000001010
Found cached RTLIL representation for module `$paramod$e4f4b2bf6e54a8eae6b25fbe48bbe66bc4c5f7a4\GTP_LUT6D'.
Parameter \INIT = 64'0111011101111011100010001000010010101010101011110000000000001010
Found cached RTLIL representation for module `$paramod$e4f4b2bf6e54a8eae6b25fbe48bbe66bc4c5f7a4\GTP_LUT6D'.
Parameter \INIT = 64'0111011101111011100010001000010010101010101011110000000000001010
Found cached RTLIL representation for module `$paramod$e4f4b2bf6e54a8eae6b25fbe48bbe66bc4c5f7a4\GTP_LUT6D'.
Parameter \INIT = 64'1010101010101111000000000000101001110111011110111000100010000100
Found cached RTLIL representation for module `$paramod$9d91eab03c9a808f611edae1403c6044cce351fe\GTP_LUT6D'.
Parameter \INIT = 64'1011011110110111010010000100100000000000111110100000000010100000
Found cached RTLIL representation for module `$paramod$0ddfef0da1d639aedacc105a538f694a27a5e664\GTP_LUT6D'.
Parameter \INIT = 64'1010101010101111000000000000101001110111011110111000100010000100
Found cached RTLIL representation for module `$paramod$9d91eab03c9a808f611edae1403c6044cce351fe\GTP_LUT6D'.
Parameter \INIT = 64'0111011101111011100010001000010010101010101011110000000000001010
Found cached RTLIL representation for module `$paramod$e4f4b2bf6e54a8eae6b25fbe48bbe66bc4c5f7a4\GTP_LUT6D'.
Parameter \INIT = 64'1011011110110111010010000100100000000000001100110000000000110011
Found cached RTLIL representation for module `$paramod$f3b4af0ae34e8e68b373e23283513b58f17baf07\GTP_LUT6D'.
Parameter \INIT = 64'1011011110110111010010000100100000000000101010100000000010101010
Found cached RTLIL representation for module `$paramod$3b071bb02062c7d0c7ca8f9c692686ae7c5b017d\GTP_LUT6D'.
Parameter \INIT = 1057772970
Found cached RTLIL representation for module `$paramod\GTP_LUT5D\INIT=32'00111111000011000101010110101010'.
Parameter \INIT = 64'1011011101001000101101110100100001010101010101011010101010101010
Found cached RTLIL representation for module `$paramod$4423c194664bf0335d103333460b31b1b13d03ba\GTP_LUT6D'.
Parameter \INIT = 64'1000011110000111011110000111100000000000010101010000000001010101

3.510. Executing AST frontend in derive mode using pre-parsed AST for module `\GTP_LUT6D'.
Parameter \INIT = 64'1000011110000111011110000111100000000000010101010000000001010101
Generating RTLIL representation for module `$paramod$4ffac8cbca55bc5517f11270c4c27759e47e5513\GTP_LUT6D'.
Parameter \INIT = 64'1011101101110111010001001000100000000101000001010000010100000101
Found cached RTLIL representation for module `$paramod$b2d8d094daeff0d143ffecf0d194c6d45d8cacba\GTP_LUT6D'.
Parameter \INIT = 64'1011011101001000101101110100100001010101010101011010101010101010
Found cached RTLIL representation for module `$paramod$4423c194664bf0335d103333460b31b1b13d03ba\GTP_LUT6D'.
Parameter \INIT = 64'1011011101001000101101110100100000000000000000000101010101010101
Found cached RTLIL representation for module `$paramod$3162d1c10e3b1a49aee26fa976ae76b3fa987b59\GTP_LUT6D'.
Parameter \INIT = 64'1011011101001000101101110100100001010101010101011010101010101010
Found cached RTLIL representation for module `$paramod$4423c194664bf0335d103333460b31b1b13d03ba\GTP_LUT6D'.
Parameter \INIT = 64'0000001000000000000000100000000100000001000000010000000100000001

3.511. Executing AST frontend in derive mode using pre-parsed AST for module `\GTP_LUT6D'.
Parameter \INIT = 64'0000001000000000000000100000000100000001000000010000000100000001
Generating RTLIL representation for module `$paramod$ebb82dc3855472d0b86f0c0ff1b8e1cbc3d78096\GTP_LUT6D'.
Parameter \INIT = 64'1011010001111000101101000111100000000000000000000101010101010101
Found cached RTLIL representation for module `$paramod$542e61601eba76f43206fff3414d9b8796b89b39\GTP_LUT6D'.
Parameter \INIT = 32'10110111010010000101010110101010
Found cached RTLIL representation for module `$paramod\GTP_LUT5D\INIT=32'10110111010010000101010110101010'.
Parameter \INIT = 64'0011000100000000001100010000000000000000000000000000111100001111

3.512. Executing AST frontend in derive mode using pre-parsed AST for module `\GTP_LUT6D'.
Parameter \INIT = 64'0011000100000000001100010000000000000000000000000000111100001111
Generating RTLIL representation for module `$paramod$70a2d26bb56610680f041c671d895f5618a5d8a1\GTP_LUT6D'.
Parameter \INIT = 64'0001000100010001000100010001000110101010101011110000000000001010

3.513. Executing AST frontend in derive mode using pre-parsed AST for module `\GTP_LUT6D'.
Parameter \INIT = 64'0001000100010001000100010001000110101010101011110000000000001010
Generating RTLIL representation for module `$paramod$a68141fa2d8467c2a27792425de28c20706391d3\GTP_LUT6D'.
Parameter \INIT = 286326799
Found cached RTLIL representation for module `$paramod\GTP_LUT5D\INIT=32'00010001000100010000000000001111'.
Parameter \INIT = 64'0001000100010001000100010001000100000000000011110000000000000000

3.514. Executing AST frontend in derive mode using pre-parsed AST for module `\GTP_LUT6D'.
Parameter \INIT = 64'0001000100010001000100010001000100000000000011110000000000000000
Generating RTLIL representation for module `$paramod$85cbdcd77837fc9edc5f4a62f755d79e9ef6c0ea\GTP_LUT6D'.
Parameter \INIT = 64'0000000000000001000000000000000101010101010101011010101010101010

3.515. Executing AST frontend in derive mode using pre-parsed AST for module `\GTP_LUT6D'.
Parameter \INIT = 64'0000000000000001000000000000000101010101010101011010101010101010
Generating RTLIL representation for module `$paramod$c2735287c6441c4c5244e38e10bed0c044f6e951\GTP_LUT6D'.
Parameter \INIT = 64'1011011101001000101101110100100001010101010101011010101010101010
Found cached RTLIL representation for module `$paramod$4423c194664bf0335d103333460b31b1b13d03ba\GTP_LUT6D'.
Parameter \INIT = 16'0101000010001000

3.516. Executing AST frontend in derive mode using pre-parsed AST for module `\GTP_LUT4D'.
Parameter \INIT = 16'0101000010001000
Generating RTLIL representation for module `$paramod\GTP_LUT4D\INIT=16'0101000010001000'.
Parameter \INIT = 64'1111111100000000110011000000000000000101000001010000010100000101

3.517. Executing AST frontend in derive mode using pre-parsed AST for module `\GTP_LUT6D'.
Parameter \INIT = 64'1111111100000000110011000000000000000101000001010000010100000101
Generating RTLIL representation for module `$paramod$693341626b0779a994c5023cc90c4f386a420463\GTP_LUT6D'.
Parameter \INIT = 64'0011000000110000001100000011000001010101111111110000000000000000

3.518. Executing AST frontend in derive mode using pre-parsed AST for module `\GTP_LUT6D'.
Parameter \INIT = 64'0011000000110000001100000011000001010101111111110000000000000000
Generating RTLIL representation for module `$paramod$62461b6ccb286b04d0b5eee465a113c441e80660\GTP_LUT6D'.
Parameter \INIT = 64'0000110000000000000000000000000001000100010001000100010001000100

3.519. Executing AST frontend in derive mode using pre-parsed AST for module `\GTP_LUT6D'.
Parameter \INIT = 64'0000110000000000000000000000000001000100010001000100010001000100
Generating RTLIL representation for module `$paramod$4e3f5c4b82cd44413fc52931cd942d8f4729031a\GTP_LUT6D'.
Parameter \INIT = 64'1011011101001000101101110100100000000000000000000101010101010101
Found cached RTLIL representation for module `$paramod$3162d1c10e3b1a49aee26fa976ae76b3fa987b59\GTP_LUT6D'.
Parameter \INIT = 1347472384

3.520. Executing AST frontend in derive mode using pre-parsed AST for module `\GTP_LUT5D'.
Parameter \INIT = 1347472384
Generating RTLIL representation for module `$paramod\GTP_LUT5D\INIT=32'01010000010100001100110000000000'.
Parameter \INIT = 32'11110000110000000000000001010101

3.521. Executing AST frontend in derive mode using pre-parsed AST for module `\GTP_LUT5D'.
Parameter \INIT = 32'11110000110000000000000001010101
Generating RTLIL representation for module `$paramod\GTP_LUT5D\INIT=32'11110000110000000000000001010101'.
Parameter \INIT = 64'1011011110110111010010000100100000000000001100110000000000110011
Found cached RTLIL representation for module `$paramod$f3b4af0ae34e8e68b373e23283513b58f17baf07\GTP_LUT6D'.
Parameter \INIT = 64'1011011101001000101101110100100000000000000000000101010101010101
Found cached RTLIL representation for module `$paramod$3162d1c10e3b1a49aee26fa976ae76b3fa987b59\GTP_LUT6D'.
Parameter \INIT = 64'1011011101001000101101110100100000000000000000000101010101010101
Found cached RTLIL representation for module `$paramod$3162d1c10e3b1a49aee26fa976ae76b3fa987b59\GTP_LUT6D'.
Parameter \INIT = 32'11101000111010000000000001010101

3.522. Executing AST frontend in derive mode using pre-parsed AST for module `\GTP_LUT5D'.
Parameter \INIT = 32'11101000111010000000000001010101
Generating RTLIL representation for module `$paramod\GTP_LUT5D\INIT=32'11101000111010000000000001010101'.
Parameter \INIT = 64'1011011101001000101101110100100000000000000000000101010101010101
Found cached RTLIL representation for module `$paramod$3162d1c10e3b1a49aee26fa976ae76b3fa987b59\GTP_LUT6D'.
Parameter \INIT = 1088426000

3.523. Executing AST frontend in derive mode using pre-parsed AST for module `\GTP_LUT5D'.
Parameter \INIT = 1088426000
Generating RTLIL representation for module `$paramod\GTP_LUT5D\INIT=32'01000000111000000001000000010000'.
Parameter \INIT = 1346404496

3.524. Executing AST frontend in derive mode using pre-parsed AST for module `\GTP_LUT5D'.
Parameter \INIT = 1346404496
Generating RTLIL representation for module `$paramod\GTP_LUT5D\INIT=32'01010000010000001000000010010000'.
Parameter \INIT = 16'0000001100000101
Found cached RTLIL representation for module `$paramod\GTP_LUT4D\INIT=16'0000001100000101'.
Parameter \INIT = 32'11000000110000000000000001010101

3.525. Executing AST frontend in derive mode using pre-parsed AST for module `\GTP_LUT5D'.
Parameter \INIT = 32'11000000110000000000000001010101
Generating RTLIL representation for module `$paramod\GTP_LUT5D\INIT=32'11000000110000000000000001010101'.
Parameter \INIT = 64'1011011101001000101101110100100000000000000000000101010101010101
Found cached RTLIL representation for module `$paramod$3162d1c10e3b1a49aee26fa976ae76b3fa987b59\GTP_LUT6D'.
Parameter \INIT = 64'1011011101001000101101110100100000000000000000000101010101010101
Found cached RTLIL representation for module `$paramod$3162d1c10e3b1a49aee26fa976ae76b3fa987b59\GTP_LUT6D'.
Parameter \INIT = 64'1011011101001000101101110100100001010101010101011010101010101010
Found cached RTLIL representation for module `$paramod$4423c194664bf0335d103333460b31b1b13d03ba\GTP_LUT6D'.
Parameter \INIT = 64'0001000100010001000100010001000110101111010111110101000010100000

3.526. Executing AST frontend in derive mode using pre-parsed AST for module `\GTP_LUT6D'.
Parameter \INIT = 64'0001000100010001000100010001000110101111010111110101000010100000
Generating RTLIL representation for module `$paramod$71bcfafb996c77cfff7aebc2fcde573b1d5a12ba\GTP_LUT6D'.
Parameter \INIT = 64'0101010101010101000000000000000010110100011110001011010001111000

3.527. Executing AST frontend in derive mode using pre-parsed AST for module `\GTP_LUT6D'.
Parameter \INIT = 64'0101010101010101000000000000000010110100011110001011010001111000
Generating RTLIL representation for module `$paramod$67993d83b49bbbf7dd4d483b2897d8b75308f7e0\GTP_LUT6D'.
Parameter \INIT = 64'1011011101001000101101110100100000000000000000000101010101010101
Found cached RTLIL representation for module `$paramod$3162d1c10e3b1a49aee26fa976ae76b3fa987b59\GTP_LUT6D'.
Parameter \INIT = 32'10110111010010000000000001010101
Found cached RTLIL representation for module `$paramod\GTP_LUT5D\INIT=32'10110111010010000000000001010101'.
Parameter \INIT = 16'0110011000010001
Found cached RTLIL representation for module `$paramod\GTP_LUT4D\INIT=16'0110011000010001'.
Parameter \INIT = 64'1011011101001000101101110100100000000000000000000101010101010101
Found cached RTLIL representation for module `$paramod$3162d1c10e3b1a49aee26fa976ae76b3fa987b59\GTP_LUT6D'.
Parameter \INIT = 64'1111111111111111111111110000000010011001100110011001100101011010

3.528. Executing AST frontend in derive mode using pre-parsed AST for module `\GTP_LUT6D'.
Parameter \INIT = 64'1111111111111111111111110000000010011001100110011001100101011010
Generating RTLIL representation for module `$paramod$6c836088c11853061b8fd2dc48d8d354e13fd726\GTP_LUT6D'.
Parameter \INIT = 16'0001000101100110
Found cached RTLIL representation for module `$paramod\GTP_LUT4D\INIT=16'0001000101100110'.
Parameter \INIT = 16'0001000101100110
Found cached RTLIL representation for module `$paramod\GTP_LUT4D\INIT=16'0001000101100110'.
Parameter \INIT = 16'0001000101100110
Found cached RTLIL representation for module `$paramod\GTP_LUT4D\INIT=16'0001000101100110'.
Parameter \INIT = 64'1011011110110111010010000100100000000000001100110000000000110011
Found cached RTLIL representation for module `$paramod$f3b4af0ae34e8e68b373e23283513b58f17baf07\GTP_LUT6D'.
Parameter \INIT = 16'0001000101100110
Found cached RTLIL representation for module `$paramod\GTP_LUT4D\INIT=16'0001000101100110'.
Parameter \INIT = 16'0001000101100110
Found cached RTLIL representation for module `$paramod\GTP_LUT4D\INIT=16'0001000101100110'.
Parameter \INIT = 64'0010001000100010001000100010001010101010101011110000000000001010

3.529. Executing AST frontend in derive mode using pre-parsed AST for module `\GTP_LUT6D'.
Parameter \INIT = 64'0010001000100010001000100010001010101010101011110000000000001010
Generating RTLIL representation for module `$paramod$74b257859fe0cc40fbdf2a894fae235c77c4baf8\GTP_LUT6D'.
Parameter \INIT = 16'0110011000000101
Found cached RTLIL representation for module `$paramod\GTP_LUT4D\INIT=16'0110011000000101'.
Parameter \INIT = 32'10110111010010000000000001010101
Found cached RTLIL representation for module `$paramod\GTP_LUT5D\INIT=32'10110111010010000000000001010101'.
Parameter \INIT = 16'1000111010010110
Found cached RTLIL representation for module `$paramod\GTP_LUT4D\INIT=16'1000111010010110'.
Parameter \INIT = 64'1011011101001000101101110100100000000000000000000101010101010101
Found cached RTLIL representation for module `$paramod$3162d1c10e3b1a49aee26fa976ae76b3fa987b59\GTP_LUT6D'.
Parameter \INIT = 64'1100110011101110111111111111111100000101000001010000010100000101

3.530. Executing AST frontend in derive mode using pre-parsed AST for module `\GTP_LUT6D'.
Parameter \INIT = 64'1100110011101110111111111111111100000101000001010000010100000101
Generating RTLIL representation for module `$paramod$1c39c46bd434b7369a1d3c021979f845bc163207\GTP_LUT6D'.
Parameter \INIT = 64'0011001100000000000100010000000001011010010110100101101001011010

3.531. Executing AST frontend in derive mode using pre-parsed AST for module `\GTP_LUT6D'.
Parameter \INIT = 64'0011001100000000000100010000000001011010010110100101101001011010
Generating RTLIL representation for module `$paramod$588bec7c1e24f4775b9e97d4a518f4b5af570582\GTP_LUT6D'.
Parameter \INIT = 64'1011011101001000101101110100100001010101010101011010101010101010
Found cached RTLIL representation for module `$paramod$4423c194664bf0335d103333460b31b1b13d03ba\GTP_LUT6D'.
Parameter \INIT = 64'1111111110101010101010100000000000010000001000000010001100010011
Found cached RTLIL representation for module `$paramod$a14369cde6b8c479e94ca7e3eef900b1179f636f\GTP_LUT6D'.
Parameter \INIT = 64'0011001100110011110011001100110011111110111011001100100010000000

3.532. Executing AST frontend in derive mode using pre-parsed AST for module `\GTP_LUT6D'.
Parameter \INIT = 64'0011001100110011110011001100110011111110111011001100100010000000
Generating RTLIL representation for module `$paramod$5cc119d527a0aff5ab168ab952b732de937b294f\GTP_LUT6D'.
Parameter \INIT = 16'0001000101100110
Found cached RTLIL representation for module `$paramod\GTP_LUT4D\INIT=16'0001000101100110'.
Parameter \INIT = 32'10110111010010000000000001010101
Found cached RTLIL representation for module `$paramod\GTP_LUT5D\INIT=32'10110111010010000000000001010101'.
Parameter \INIT = 16'0001000101100110
Found cached RTLIL representation for module `$paramod\GTP_LUT4D\INIT=16'0001000101100110'.
Parameter \INIT = 64'0110011001100110011001100110011010101010101011110000000000001010
Found cached RTLIL representation for module `$paramod$e2f8fe7d389feb0c108bf811f6c815c9addc3179\GTP_LUT6D'.
Parameter \INIT = 987409
Found cached RTLIL representation for module `$paramod\GTP_LUT5D\INIT=32'00000000000011110001000100010001'.
Parameter \INIT = 64'1011011101001000101101110100100001010101010101011010101010101010
Found cached RTLIL representation for module `$paramod$4423c194664bf0335d103333460b31b1b13d03ba\GTP_LUT6D'.
Parameter \INIT = 32'10100110100101010101000101000000
Found cached RTLIL representation for module `$paramod\GTP_LUT5D\INIT=32'10100110100101010101000101000000'.
Parameter \INIT = 64'0110011001100110011001100110011010101010101011110000000000001010
Found cached RTLIL representation for module `$paramod$e2f8fe7d389feb0c108bf811f6c815c9addc3179\GTP_LUT6D'.
Parameter \INIT = 64'1000000011001000111011001111111010100101010110101010010101011010

3.533. Executing AST frontend in derive mode using pre-parsed AST for module `\GTP_LUT6D'.
Parameter \INIT = 64'1000000011001000111011001111111010100101010110101010010101011010
Generating RTLIL representation for module `$paramod$c3442f09e5c81fe5737f6d87cde644063d2f1505\GTP_LUT6D'.
Parameter \INIT = 1426064131

3.534. Executing AST frontend in derive mode using pre-parsed AST for module `\GTP_LUT5D'.
Parameter \INIT = 1426064131
Generating RTLIL representation for module `$paramod\GTP_LUT5D\INIT=32'01010101000000000000001100000011'.
Parameter \INIT = 64'1011011110110111010010000100100000000000010101010000000001010101
Found cached RTLIL representation for module `$paramod$4bc40d86a52c1e63c4562b2dc449fde362de88e5\GTP_LUT6D'.
Parameter \INIT = 64'0000110000000000000011000000110000001000000000000000100000001000
Found cached RTLIL representation for module `$paramod$761b1a5f3c7100d216e346a5a27c24826812ef9a\GTP_LUT6D'.
Parameter \INIT = 16'0001000101100110
Found cached RTLIL representation for module `$paramod\GTP_LUT4D\INIT=16'0001000101100110'.
Parameter \INIT = 16'0001000101100110
Found cached RTLIL representation for module `$paramod\GTP_LUT4D\INIT=16'0001000101100110'.
Parameter \INIT = 64'1111111111111111111111110000000001101001011010010110100100001111

3.535. Executing AST frontend in derive mode using pre-parsed AST for module `\GTP_LUT6D'.
Parameter \INIT = 64'1111111111111111111111110000000001101001011010010110100100001111
Generating RTLIL representation for module `$paramod$a5bf1ce9ed552fe9878a0ef5518757849eaad9a7\GTP_LUT6D'.
Parameter \INIT = 16'0001000101100110
Found cached RTLIL representation for module `$paramod\GTP_LUT4D\INIT=16'0001000101100110'.
Parameter \INIT = 16'0110011000010001
Found cached RTLIL representation for module `$paramod\GTP_LUT4D\INIT=16'0110011000010001'.
Parameter \INIT = 64'1111110011111100111111001100110010101000101010001010100010001000
Found cached RTLIL representation for module `$paramod$ba2536d5b59d5e2dcd507e45e350d0d2a3f2c60f\GTP_LUT6D'.
Parameter \INIT = 16'0110100111101000
Found cached RTLIL representation for module `$paramod\GTP_LUT4D\INIT=16'0110100111101000'.
Parameter \INIT = 16'0001000101100110
Found cached RTLIL representation for module `$paramod\GTP_LUT4D\INIT=16'0001000101100110'.
Parameter \INIT = 32'11111010101000001011010001111000
Found cached RTLIL representation for module `$paramod\GTP_LUT5D\INIT=32'11111010101000001011010001111000'.
Parameter \INIT = 1267183370
Found cached RTLIL representation for module `$paramod\GTP_LUT5D\INIT=32'01001011100001111010111100001010'.
Parameter \INIT = 1437269160
Found cached RTLIL representation for module `$paramod\GTP_LUT5D\INIT=32'01010101101010101111110010101000'.
Parameter \INIT = 32'11111100101010000101010110101010
Found cached RTLIL representation for module `$paramod\GTP_LUT5D\INIT=32'11111100101010000101010110101010'.
Parameter \INIT = 64'1111111111001100101100110100000000000000010101010000000001010101
Found cached RTLIL representation for module `$paramod$8d0f787be834cd86c6369789c7156f7ae53bb38b\GTP_LUT6D'.
Parameter \INIT = 32'10110100011110001111101010100000
Found cached RTLIL representation for module `$paramod\GTP_LUT5D\INIT=32'10110100011110001111101010100000'.
Parameter \INIT = 32'11111010101000001011010001111000
Found cached RTLIL representation for module `$paramod\GTP_LUT5D\INIT=32'11111010101000001011010001111000'.
Parameter \INIT = 1437257610
Found cached RTLIL representation for module `$paramod\GTP_LUT5D\INIT=32'01010101101010101100111110001010'.
Parameter \INIT = 16'0001000101100110
Found cached RTLIL representation for module `$paramod\GTP_LUT4D\INIT=16'0001000101100110'.
Parameter \INIT = 16'0001000101100110
Found cached RTLIL representation for module `$paramod\GTP_LUT4D\INIT=16'0001000101100110'.
Parameter \INIT = 64'1010111101010000010111111010000001100011100111001001001101101100
Found cached RTLIL representation for module `$paramod$a1085436c2c545ad5d7960f5b9338d229974b180\GTP_LUT6D'.
Parameter \INIT = 64'0110001110010011100111000110110000010000001000000010001100010011
Found cached RTLIL representation for module `$paramod$e0894153598e13decf16633393e7d60a8ab0ea6f\GTP_LUT6D'.
Parameter \INIT = 1219993850
Found cached RTLIL representation for module `$paramod\GTP_LUT5D\INIT=32'01001000101101111010000011111010'.
Parameter \INIT = 32'11111010101000001011010001111000
Found cached RTLIL representation for module `$paramod\GTP_LUT5D\INIT=32'11111010101000001011010001111000'.
Parameter \INIT = 32'10110100011110001111101010100000
Found cached RTLIL representation for module `$paramod\GTP_LUT5D\INIT=32'10110100011110001111101010100000'.
Parameter \INIT = 32'10110100011110001111101010100000
Found cached RTLIL representation for module `$paramod\GTP_LUT5D\INIT=32'10110100011110001111101010100000'.
Parameter \INIT = 32'11111010101000001011010001111000
Found cached RTLIL representation for module `$paramod\GTP_LUT5D\INIT=32'11111010101000001011010001111000'.
Parameter \INIT = 286326799
Found cached RTLIL representation for module `$paramod\GTP_LUT5D\INIT=32'00010001000100010000000000001111'.
Parameter \INIT = 64'1111101010100000111110101010000011111110111011001100100010000000

3.536. Executing AST frontend in derive mode using pre-parsed AST for module `\GTP_LUT6D'.
Parameter \INIT = 64'1111101010100000111110101010000011111110111011001100100010000000
Generating RTLIL representation for module `$paramod$f7bd20e88346df039e51959763f66284aa9b7815\GTP_LUT6D'.
Parameter \INIT = 32'11111010101000001011010001111000
Found cached RTLIL representation for module `$paramod\GTP_LUT5D\INIT=32'11111010101000001011010001111000'.
Parameter \INIT = 32'10110100011110001111101010100000
Found cached RTLIL representation for module `$paramod\GTP_LUT5D\INIT=32'10110100011110001111101010100000'.
Parameter \INIT = 286326799
Found cached RTLIL representation for module `$paramod\GTP_LUT5D\INIT=32'00010001000100010000000000001111'.
Parameter \INIT = 32'11111100101010000101010110101010
Found cached RTLIL representation for module `$paramod\GTP_LUT5D\INIT=32'11111100101010000101010110101010'.
Parameter \INIT = 32'10110111010010001111101010100000
Found cached RTLIL representation for module `$paramod\GTP_LUT5D\INIT=32'10110111010010001111101010100000'.
Parameter \INIT = 32'11111100101010000101010110101010
Found cached RTLIL representation for module `$paramod\GTP_LUT5D\INIT=32'11111100101010000101010110101010'.
Parameter \INIT = 32'10110100011110001111101010100000
Found cached RTLIL representation for module `$paramod\GTP_LUT5D\INIT=32'10110100011110001111101010100000'.
Parameter \INIT = 32'11111010101000001011010001111000
Found cached RTLIL representation for module `$paramod\GTP_LUT5D\INIT=32'11111010101000001011010001111000'.
Parameter \INIT = 64'0111011101111011100010001000010010101010101011110000000000001010
Found cached RTLIL representation for module `$paramod$e4f4b2bf6e54a8eae6b25fbe48bbe66bc4c5f7a4\GTP_LUT6D'.
Parameter \INIT = 286326799
Found cached RTLIL representation for module `$paramod\GTP_LUT5D\INIT=32'00010001000100010000000000001111'.
Parameter \INIT = 64'0110001110010011100111000110110000010000001000000010001100010011
Found cached RTLIL representation for module `$paramod$e0894153598e13decf16633393e7d60a8ab0ea6f\GTP_LUT6D'.
Parameter \INIT = 32'10110100011110001111101010100000
Found cached RTLIL representation for module `$paramod\GTP_LUT5D\INIT=32'10110100011110001111101010100000'.
Parameter \INIT = 64'0111011101111011100010001000010010101010101011110000000000001010
Found cached RTLIL representation for module `$paramod$e4f4b2bf6e54a8eae6b25fbe48bbe66bc4c5f7a4\GTP_LUT6D'.
Parameter \INIT = 32'10110100011110001111101010100000
Found cached RTLIL representation for module `$paramod\GTP_LUT5D\INIT=32'10110100011110001111101010100000'.
Parameter \INIT = 64'0111011101111011100010001000010010101010101011110000000000001010
Found cached RTLIL representation for module `$paramod$e4f4b2bf6e54a8eae6b25fbe48bbe66bc4c5f7a4\GTP_LUT6D'.
Parameter \INIT = 32'10110100011110001111101010100000
Found cached RTLIL representation for module `$paramod\GTP_LUT5D\INIT=32'10110100011110001111101010100000'.
Parameter \INIT = 32'10110111010010001111101010100000
Found cached RTLIL representation for module `$paramod\GTP_LUT5D\INIT=32'10110111010010001111101010100000'.
Parameter \INIT = 286326799
Found cached RTLIL representation for module `$paramod\GTP_LUT5D\INIT=32'00010001000100010000000000001111'.
Parameter \INIT = 16'0001000101100110
Found cached RTLIL representation for module `$paramod\GTP_LUT4D\INIT=16'0001000101100110'.
Parameter \INIT = 32'10110100011110001111101010100000
Found cached RTLIL representation for module `$paramod\GTP_LUT5D\INIT=32'10110100011110001111101010100000'.
Parameter \INIT = 16'0001000101100110
Found cached RTLIL representation for module `$paramod\GTP_LUT4D\INIT=16'0001000101100110'.
Parameter \INIT = 32'10110100011110001111101010100000
Found cached RTLIL representation for module `$paramod\GTP_LUT5D\INIT=32'10110100011110001111101010100000'.
Parameter \INIT = 64'1010101010101111000000000000101001110111011110111000100010000100
Found cached RTLIL representation for module `$paramod$9d91eab03c9a808f611edae1403c6044cce351fe\GTP_LUT6D'.
Parameter \INIT = 32'11111010101000001011010001111000
Found cached RTLIL representation for module `$paramod\GTP_LUT5D\INIT=32'11111010101000001011010001111000'.
Parameter \INIT = 64'0111011101111011100010001000010010101010101011110000000000001010
Found cached RTLIL representation for module `$paramod$e4f4b2bf6e54a8eae6b25fbe48bbe66bc4c5f7a4\GTP_LUT6D'.
Parameter \INIT = 32'11111010101000001011010001111000
Found cached RTLIL representation for module `$paramod\GTP_LUT5D\INIT=32'11111010101000001011010001111000'.
Parameter \INIT = 64'0111011101111011100010001000010010101010101011110000000000001010
Found cached RTLIL representation for module `$paramod$e4f4b2bf6e54a8eae6b25fbe48bbe66bc4c5f7a4\GTP_LUT6D'.
Parameter \INIT = 64'1010101010101111000000000000101001110111011110111000100010000100
Found cached RTLIL representation for module `$paramod$9d91eab03c9a808f611edae1403c6044cce351fe\GTP_LUT6D'.
Parameter \INIT = 16'0001000101100110
Found cached RTLIL representation for module `$paramod\GTP_LUT4D\INIT=16'0001000101100110'.
Parameter \INIT = 64'0111011101111011100010001000010010101010101011110000000000001010
Found cached RTLIL representation for module `$paramod$e4f4b2bf6e54a8eae6b25fbe48bbe66bc4c5f7a4\GTP_LUT6D'.
Parameter \INIT = 64'0111011101111011100010001000010010101010101011110000000000001010
Found cached RTLIL representation for module `$paramod$e4f4b2bf6e54a8eae6b25fbe48bbe66bc4c5f7a4\GTP_LUT6D'.
Parameter \INIT = 64'1010101010101111000000000000101001110111011110111000100010000100
Found cached RTLIL representation for module `$paramod$9d91eab03c9a808f611edae1403c6044cce351fe\GTP_LUT6D'.
Parameter \INIT = 64'1011011101001000101101110100100000000000000000001010101010101010
Found cached RTLIL representation for module `$paramod$c03cda98268425c6f945503e7b43676891c0fb93\GTP_LUT6D'.
Parameter \INIT = 32'10110111010010000000000001010101
Found cached RTLIL representation for module `$paramod\GTP_LUT5D\INIT=32'10110111010010000000000001010101'.
Parameter \INIT = 64'0000001000000000000000100000000000110011001100111100110011001100

3.537. Executing AST frontend in derive mode using pre-parsed AST for module `\GTP_LUT6D'.
Parameter \INIT = 64'0000001000000000000000100000000000110011001100111100110011001100
Generating RTLIL representation for module `$paramod$90e0a57bb572b95cc2b8e199282d44515484e77c\GTP_LUT6D'.
Parameter \INIT = 64'0000110000000000000011000000110010001000100010001000100010001000

3.538. Executing AST frontend in derive mode using pre-parsed AST for module `\GTP_LUT6D'.
Parameter \INIT = 64'0000110000000000000011000000110010001000100010001000100010001000
Generating RTLIL representation for module `$paramod$5c2c56c5de0470bb04d91a88d553e128080692f4\GTP_LUT6D'.
Parameter \INIT = 32'10110111010010000101010110101010
Found cached RTLIL representation for module `$paramod\GTP_LUT5D\INIT=32'10110111010010000101010110101010'.
Parameter \INIT = 64'0001000100010001000100010001000100000000000011110000000000000000
Found cached RTLIL representation for module `$paramod$85cbdcd77837fc9edc5f4a62f755d79e9ef6c0ea\GTP_LUT6D'.
Parameter \INIT = 64'0000000100000001000000000000000000001111111100000000111111110000

3.539. Executing AST frontend in derive mode using pre-parsed AST for module `\GTP_LUT6D'.
Parameter \INIT = 64'0000000100000001000000000000000000001111111100000000111111110000
Generating RTLIL representation for module `$paramod$845264ad4355709340aab3c130e09fe33904d344\GTP_LUT6D'.
Parameter \INIT = 64'1011011101001000101101110100100000000000000000000101010101010101
Found cached RTLIL representation for module `$paramod$3162d1c10e3b1a49aee26fa976ae76b3fa987b59\GTP_LUT6D'.
Parameter \INIT = 16'0100010000001100

3.540. Executing AST frontend in derive mode using pre-parsed AST for module `\GTP_LUT4D'.
Parameter \INIT = 16'0100010000001100
Generating RTLIL representation for module `$paramod\GTP_LUT4D\INIT=16'0100010000001100'.
Parameter \INIT = 286327552

3.541. Executing AST frontend in derive mode using pre-parsed AST for module `\GTP_LUT5D'.
Parameter \INIT = 286327552
Generating RTLIL representation for module `$paramod\GTP_LUT5D\INIT=32'00010001000100010000001100000000'.
Parameter \INIT = 64'0011000100110001001100010011000100000000000000000000000011111111

3.542. Executing AST frontend in derive mode using pre-parsed AST for module `\GTP_LUT6D'.
Parameter \INIT = 64'0011000100110001001100010011000100000000000000000000000011111111
Generating RTLIL representation for module `$paramod$29b5ea379911db924f97cb2eb0a92d18ebd96634\GTP_LUT6D'.
Parameter \INIT = 64'0000110000000000000011000000110001000100010001000100010001000100

3.543. Executing AST frontend in derive mode using pre-parsed AST for module `\GTP_LUT6D'.
Parameter \INIT = 64'0000110000000000000011000000110001000100010001000100010001000100
Generating RTLIL representation for module `$paramod$4a4b22b9610b2934279d5edc33cbe3705f44a8b8\GTP_LUT6D'.
Parameter \INIT = 64'0000000000110011000000000011001110110111101101110100100001001000
Found cached RTLIL representation for module `$paramod$8ba87c856ea6b3f75921816dbfbf420ac80aee3b\GTP_LUT6D'.
Parameter \INIT = 64'1011011101001000101101110100100000000000000000000101010101010101
Found cached RTLIL representation for module `$paramod$3162d1c10e3b1a49aee26fa976ae76b3fa987b59\GTP_LUT6D'.
Parameter \INIT = 858805520

3.544. Executing AST frontend in derive mode using pre-parsed AST for module `\GTP_LUT5D'.
Parameter \INIT = 858805520
Generating RTLIL representation for module `$paramod\GTP_LUT5D\INIT=32'00110011001100000101010100010000'.
Parameter \INIT = 64'0100010000000000010001000000000011000000000000000000000000000000

3.545. Executing AST frontend in derive mode using pre-parsed AST for module `\GTP_LUT6D'.
Parameter \INIT = 64'0100010000000000010001000000000011000000000000000000000000000000
Generating RTLIL representation for module `$paramod$14e276464802fe9bec09baf1739fab86cec09ab4\GTP_LUT6D'.
Parameter \INIT = 32'10110000011100000100000011000100

3.546. Executing AST frontend in derive mode using pre-parsed AST for module `\GTP_LUT5D'.
Parameter \INIT = 32'10110000011100000100000011000100
Generating RTLIL representation for module `$paramod\GTP_LUT5D\INIT=32'10110000011100000100000011000100'.
Parameter \INIT = 16'0000001101010100

3.547. Executing AST frontend in derive mode using pre-parsed AST for module `\GTP_LUT4D'.
Parameter \INIT = 16'0000001101010100
Generating RTLIL representation for module `$paramod\GTP_LUT4D\INIT=16'0000001101010100'.
Parameter \INIT = 64'0000000011110011000000001111001100000000000000000101010101010101

3.548. Executing AST frontend in derive mode using pre-parsed AST for module `\GTP_LUT6D'.
Parameter \INIT = 64'0000000011110011000000001111001100000000000000000101010101010101
Generating RTLIL representation for module `$paramod$88dc3a256339dd14ffb45e3877f0d61bf07626bb\GTP_LUT6D'.
Parameter \INIT = 64'1011011110110111010010000100100000000000001100110000000000110011
Found cached RTLIL representation for module `$paramod$f3b4af0ae34e8e68b373e23283513b58f17baf07\GTP_LUT6D'.
Parameter \INIT = 64'1011011101001000101101110100100001010101010101011010101010101010
Found cached RTLIL representation for module `$paramod$4423c194664bf0335d103333460b31b1b13d03ba\GTP_LUT6D'.
Parameter \INIT = 64'0001000100010001000000000000000011111100110000001111110011000000

3.549. Executing AST frontend in derive mode using pre-parsed AST for module `\GTP_LUT6D'.
Parameter \INIT = 64'0001000100010001000000000000000011111100110000001111110011000000
Generating RTLIL representation for module `$paramod$20df331212b024e7343875ce3a91b09ebdf6eba9\GTP_LUT6D'.
Parameter \INIT = 64'0000000000000001000000000000000100000000000000000101010101010101

3.550. Executing AST frontend in derive mode using pre-parsed AST for module `\GTP_LUT6D'.
Parameter \INIT = 64'0000000000000001000000000000000100000000000000000101010101010101
Generating RTLIL representation for module `$paramod$3a0ad712c78af1ce202728cf0d932f451af534ee\GTP_LUT6D'.
Parameter \INIT = 64'1011011101001000101101110100100010101010101010100101010101010101
Found cached RTLIL representation for module `$paramod$9fb831f112f3bae4e835a96ef36553ef43fb62e5\GTP_LUT6D'.
Parameter \INIT = 1057772970
Found cached RTLIL representation for module `$paramod\GTP_LUT5D\INIT=32'00111111000011000101010110101010'.
Parameter \INIT = 16842803

3.551. Executing AST frontend in derive mode using pre-parsed AST for module `\GTP_LUT5D'.
Parameter \INIT = 16842803
Generating RTLIL representation for module `$paramod\GTP_LUT5D\INIT=32'00000001000000010000000000110011'.
Parameter \INIT = 16'0001000100111100

3.552. Executing AST frontend in derive mode using pre-parsed AST for module `\GTP_LUT4D'.
Parameter \INIT = 16'0001000100111100
Generating RTLIL representation for module `$paramod\GTP_LUT4D\INIT=16'0001000100111100'.
Parameter \INIT = 32'10110111010010000000000001010101
Found cached RTLIL representation for module `$paramod\GTP_LUT5D\INIT=32'10110111010010000000000001010101'.
Parameter \INIT = 64'1010111101011111010100001010000001100011100100111001110001101100
Found cached RTLIL representation for module `$paramod$4c6ef7381bb67b6b840ee6d5a82d90ba71d74959\GTP_LUT6D'.
Parameter \INIT = 64'1010111101011111010100001010000001100011100100111001110001101100
Found cached RTLIL representation for module `$paramod$4c6ef7381bb67b6b840ee6d5a82d90ba71d74959\GTP_LUT6D'.
Parameter \INIT = 64'1001011011110110100101101111000000000101000001010000010100000101
Found cached RTLIL representation for module `$paramod$cf72d1efd965e869eff71f577e3455a0ac52f7bb\GTP_LUT6D'.
Parameter \INIT = 16'0001000110001000

3.553. Executing AST frontend in derive mode using pre-parsed AST for module `\GTP_LUT4D'.
Parameter \INIT = 16'0001000110001000
Generating RTLIL representation for module `$paramod\GTP_LUT4D\INIT=16'0001000110001000'.
Parameter \INIT = 16'0001000110001000
Found cached RTLIL representation for module `$paramod\GTP_LUT4D\INIT=16'0001000110001000'.
Parameter \INIT = 1219999560
Found cached RTLIL representation for module `$paramod\GTP_LUT5D\INIT=32'01001000101101111011011101001000'.
Parameter \INIT = 16'0001000110001000
Found cached RTLIL representation for module `$paramod\GTP_LUT4D\INIT=16'0001000110001000'.
Parameter \INIT = 64'1111000011110000111111111111000010010101100101011001100110010101
Found cached RTLIL representation for module `$paramod$2ccb2fb00dc8535ec60b652e34a993fe4c752074\GTP_LUT6D'.
Parameter \INIT = 64'0000000000000000111111110000000011110000111100001001011011110000

3.554. Executing AST frontend in derive mode using pre-parsed AST for module `\GTP_LUT6D'.
Parameter \INIT = 64'0000000000000000111111110000000011110000111100001001011011110000
Generating RTLIL representation for module `$paramod$d801a6c61eb95ede719e7d9e5014eb164283faa8\GTP_LUT6D'.
Parameter \INIT = 16'0001000110001000
Found cached RTLIL representation for module `$paramod\GTP_LUT4D\INIT=16'0001000110001000'.
Parameter \INIT = 64'1111111111001100101100110100000000000000010101010000000001010101
Found cached RTLIL representation for module `$paramod$8d0f787be834cd86c6369789c7156f7ae53bb38b\GTP_LUT6D'.
Parameter \INIT = 286326799
Found cached RTLIL representation for module `$paramod\GTP_LUT5D\INIT=32'00010001000100010000000000001111'.
Parameter \INIT = 64'0011111111110011000011001100000010010101010110011010011001101010
Found cached RTLIL representation for module `$paramod$bf22a6bb885232c788ff347ce7a0a82c51abd768\GTP_LUT6D'.
Parameter \INIT = 32'10110100011110001111101010100000
Found cached RTLIL representation for module `$paramod\GTP_LUT5D\INIT=32'10110100011110001111101010100000'.
Parameter \INIT = 64'1111000000000000111100001111000010010101010101011001010110010101

3.555. Executing AST frontend in derive mode using pre-parsed AST for module `\GTP_LUT6D'.
Parameter \INIT = 64'1111000000000000111100001111000010010101010101011001010110010101
Generating RTLIL representation for module `$paramod$99c1d4b59baebec24ee55507765d823177106adf\GTP_LUT6D'.
Parameter \INIT = 64'0000111100000000000011110000111101011001010101010101100101011001
Found cached RTLIL representation for module `$paramod$66743718386e2257724bd701a92f768e66b081fc\GTP_LUT6D'.
Parameter \INIT = 64'0000101100001011000010110000101100000000000000000000000011111111
Found cached RTLIL representation for module `$paramod$191c892ad98296c1621c5c18716088609e6716d6\GTP_LUT6D'.
Parameter \INIT = 64'1111111111001100101100110100000000000000010101010000000001010101
Found cached RTLIL representation for module `$paramod$8d0f787be834cd86c6369789c7156f7ae53bb38b\GTP_LUT6D'.
Parameter \INIT = 32'10110100011110001111101010100000
Found cached RTLIL representation for module `$paramod\GTP_LUT5D\INIT=32'10110100011110001111101010100000'.
Parameter \INIT = 32'10110100011110001111101010100000
Found cached RTLIL representation for module `$paramod\GTP_LUT5D\INIT=32'10110100011110001111101010100000'.
Parameter \INIT = 32'10110100011110001111101010100000
Found cached RTLIL representation for module `$paramod\GTP_LUT5D\INIT=32'10110100011110001111101010100000'.
Parameter \INIT = 16'0001000101100110
Found cached RTLIL representation for module `$paramod\GTP_LUT4D\INIT=16'0001000101100110'.
Parameter \INIT = 286326799
Found cached RTLIL representation for module `$paramod\GTP_LUT5D\INIT=32'00010001000100010000000000001111'.
Parameter \INIT = 32'10110111010010001111101010100000
Found cached RTLIL representation for module `$paramod\GTP_LUT5D\INIT=32'10110111010010001111101010100000'.
Parameter \INIT = 32'10110100011110001111101010100000
Found cached RTLIL representation for module `$paramod\GTP_LUT5D\INIT=32'10110100011110001111101010100000'.
Parameter \INIT = 32'11111010101000001011011101001000
Found cached RTLIL representation for module `$paramod\GTP_LUT5D\INIT=32'11111010101000001011011101001000'.
Parameter \INIT = 32'10110111010010001111101010100000
Found cached RTLIL representation for module `$paramod\GTP_LUT5D\INIT=32'10110111010010001111101010100000'.
Parameter \INIT = 32'11111010101000001011011101001000
Found cached RTLIL representation for module `$paramod\GTP_LUT5D\INIT=32'11111010101000001011011101001000'.
Parameter \INIT = 32'10110100011110001111101010100000
Found cached RTLIL representation for module `$paramod\GTP_LUT5D\INIT=32'10110100011110001111101010100000'.
Parameter \INIT = 32'10110111010010001111101010100000
Found cached RTLIL representation for module `$paramod\GTP_LUT5D\INIT=32'10110111010010001111101010100000'.
Parameter \INIT = 64'1010101010101111000000000000101001110111011110111000100010000100
Found cached RTLIL representation for module `$paramod$9d91eab03c9a808f611edae1403c6044cce351fe\GTP_LUT6D'.
Parameter \INIT = 32'10110100011110001111101010100000
Found cached RTLIL representation for module `$paramod\GTP_LUT5D\INIT=32'10110100011110001111101010100000'.
Parameter \INIT = 64'0111011101111011100010001000010010101010101011110000000000001010
Found cached RTLIL representation for module `$paramod$e4f4b2bf6e54a8eae6b25fbe48bbe66bc4c5f7a4\GTP_LUT6D'.
Parameter \INIT = 64'0111011101111011100010001000010010101010101011110000000000001010
Found cached RTLIL representation for module `$paramod$e4f4b2bf6e54a8eae6b25fbe48bbe66bc4c5f7a4\GTP_LUT6D'.
Parameter \INIT = 66847061

3.556. Executing AST frontend in derive mode using pre-parsed AST for module `\GTP_LUT5D'.
Parameter \INIT = 66847061
Generating RTLIL representation for module `$paramod\GTP_LUT5D\INIT=32'00000011111111000000000101010101'.
Parameter \INIT = 64'0111011101111011100010001000010010101010101011110000000000001010
Found cached RTLIL representation for module `$paramod$e4f4b2bf6e54a8eae6b25fbe48bbe66bc4c5f7a4\GTP_LUT6D'.
Parameter \INIT = 66847061
Found cached RTLIL representation for module `$paramod\GTP_LUT5D\INIT=32'00000011111111000000000101010101'.
Parameter \INIT = 32'11111010101000001011011101001000
Found cached RTLIL representation for module `$paramod\GTP_LUT5D\INIT=32'11111010101000001011011101001000'.
Parameter \INIT = 64'1010101010101111000000000000101001110111011110111000100010000100
Found cached RTLIL representation for module `$paramod$9d91eab03c9a808f611edae1403c6044cce351fe\GTP_LUT6D'.
Parameter \INIT = 64'1011011101001000101101110100100001010101010101011010101010101010
Found cached RTLIL representation for module `$paramod$4423c194664bf0335d103333460b31b1b13d03ba\GTP_LUT6D'.
Parameter \INIT = 32'10110111010010000000000001010101
Found cached RTLIL representation for module `$paramod\GTP_LUT5D\INIT=32'10110111010010000000000001010101'.
Parameter \INIT = 64'1100111100111111001100001100000000010001000100010001000100010001
Found cached RTLIL representation for module `$paramod$3766f85f60b36477d069376c2915f63562f1daa1\GTP_LUT6D'.
Parameter \INIT = 64'1011011101001000101101110100100001010101010101011010101010101010
Found cached RTLIL representation for module `$paramod$4423c194664bf0335d103333460b31b1b13d03ba\GTP_LUT6D'.
Parameter \INIT = 64'0000000000000000000000001011111100001011000010110000101100001011

3.557. Executing AST frontend in derive mode using pre-parsed AST for module `\GTP_LUT6D'.
Parameter \INIT = 64'0000000000000000000000001011111100001011000010110000101100001011
Generating RTLIL representation for module `$paramod$2878de34372b989a8db7685be6bea4a072c704d9\GTP_LUT6D'.
Parameter \INIT = 64'1011011101001000101101110100100000000000000000001010101010101010
Found cached RTLIL representation for module `$paramod$c03cda98268425c6f945503e7b43676891c0fb93\GTP_LUT6D'.
Parameter \INIT = 13565962

3.558. Executing AST frontend in derive mode using pre-parsed AST for module `\GTP_LUT5D'.
Parameter \INIT = 13565962
Generating RTLIL representation for module `$paramod\GTP_LUT5D\INIT=32'00000000110011110000000000001010'.
Parameter \INIT = 64'1011011101001000101101110100100001010101010101011010101010101010
Found cached RTLIL representation for module `$paramod$4423c194664bf0335d103333460b31b1b13d03ba\GTP_LUT6D'.
Parameter \INIT = 32'10110111010010000000000001010101
Found cached RTLIL representation for module `$paramod\GTP_LUT5D\INIT=32'10110111010010000000000001010101'.
Parameter \INIT = 16'0101010000001011

3.559. Executing AST frontend in derive mode using pre-parsed AST for module `\GTP_LUT4D'.
Parameter \INIT = 16'0101010000001011
Generating RTLIL representation for module `$paramod\GTP_LUT4D\INIT=16'0101010000001011'.
Parameter \INIT = 16'1000000011000000

3.560. Executing AST frontend in derive mode using pre-parsed AST for module `\GTP_LUT4D'.
Parameter \INIT = 16'1000000011000000
Generating RTLIL representation for module `$paramod\GTP_LUT4D\INIT=16'1000000011000000'.
Parameter \INIT = 268464144

3.561. Executing AST frontend in derive mode using pre-parsed AST for module `\GTP_LUT5D'.
Parameter \INIT = 268464144
Generating RTLIL representation for module `$paramod\GTP_LUT5D\INIT=32'00010000000000000111000000010000'.
Parameter \INIT = 32'10110111010010000000000001010101
Found cached RTLIL representation for module `$paramod\GTP_LUT5D\INIT=32'10110111010010000000000001010101'.
Parameter \INIT = 32'10110111010010000000000001010101
Found cached RTLIL representation for module `$paramod\GTP_LUT5D\INIT=32'10110111010010000000000001010101'.
Parameter \INIT = 64'1011011110110111010010000100100000000000010101010000000001010101
Found cached RTLIL representation for module `$paramod$4bc40d86a52c1e63c4562b2dc449fde362de88e5\GTP_LUT6D'.
Parameter \INIT = 32'10110111010010000000000001010101
Found cached RTLIL representation for module `$paramod\GTP_LUT5D\INIT=32'10110111010010000000000001010101'.
Parameter \INIT = 64'1011010001111000101101000111100000000000000000000101010101010101
Found cached RTLIL representation for module `$paramod$542e61601eba76f43206fff3414d9b8796b89b39\GTP_LUT6D'.
Parameter \INIT = 64'0000000000110011000000000011001110110111101101110100100001001000
Found cached RTLIL representation for module `$paramod$8ba87c856ea6b3f75921816dbfbf420ac80aee3b\GTP_LUT6D'.
Parameter \INIT = 64'1011011101001000101101110100100000000000000000001100110011001100

3.562. Executing AST frontend in derive mode using pre-parsed AST for module `\GTP_LUT6D'.
Parameter \INIT = 64'1011011101001000101101110100100000000000000000001100110011001100
Generating RTLIL representation for module `$paramod$4745887ab72f1a99ae70eaeb2c570ef1ba6154a5\GTP_LUT6D'.
Parameter \INIT = 64'1010111101010000010111111010000001100011100111001001001101101100
Found cached RTLIL representation for module `$paramod$a1085436c2c545ad5d7960f5b9338d229974b180\GTP_LUT6D'.
Parameter \INIT = 32'10110100011110001111101010100000
Found cached RTLIL representation for module `$paramod\GTP_LUT5D\INIT=32'10110100011110001111101010100000'.
Parameter \INIT = 16'0001000110001000
Found cached RTLIL representation for module `$paramod\GTP_LUT4D\INIT=16'0001000110001000'.
Parameter \INIT = 16'0001000110001000
Found cached RTLIL representation for module `$paramod\GTP_LUT4D\INIT=16'0001000110001000'.
Parameter \INIT = 32'10110100011110001111101010100000
Found cached RTLIL representation for module `$paramod\GTP_LUT5D\INIT=32'10110100011110001111101010100000'.
Parameter \INIT = 16'0001000110001000
Found cached RTLIL representation for module `$paramod\GTP_LUT4D\INIT=16'0001000110001000'.
Parameter \INIT = 16'0001000110001000
Found cached RTLIL representation for module `$paramod\GTP_LUT4D\INIT=16'0001000110001000'.
Parameter \INIT = 32'10110100011110001111101010100000
Found cached RTLIL representation for module `$paramod\GTP_LUT5D\INIT=32'10110100011110001111101010100000'.
Parameter \INIT = 16'0001000110001000
Found cached RTLIL representation for module `$paramod\GTP_LUT4D\INIT=16'0001000110001000'.
Parameter \INIT = 64'1011101101110111010001001000100000000101000001010000010100000101
Found cached RTLIL representation for module `$paramod$b2d8d094daeff0d143ffecf0d194c6d45d8cacba\GTP_LUT6D'.
Parameter \INIT = 32'10110100011110001111101010100000
Found cached RTLIL representation for module `$paramod\GTP_LUT5D\INIT=32'10110100011110001111101010100000'.
Parameter \INIT = 16'0001000110001000
Found cached RTLIL representation for module `$paramod\GTP_LUT4D\INIT=16'0001000110001000'.
Parameter \INIT = 32'10110100011110001111101010100000
Found cached RTLIL representation for module `$paramod\GTP_LUT5D\INIT=32'10110100011110001111101010100000'.
Parameter \INIT = 286326799
Found cached RTLIL representation for module `$paramod\GTP_LUT5D\INIT=32'00010001000100010000000000001111'.
Parameter \INIT = 32'10110100011110001111101010100000
Found cached RTLIL representation for module `$paramod\GTP_LUT5D\INIT=32'10110100011110001111101010100000'.
Parameter \INIT = 64'0011000011111100111111000011000000100000101010001010100000100000

3.563. Executing AST frontend in derive mode using pre-parsed AST for module `\GTP_LUT6D'.
Parameter \INIT = 64'0011000011111100111111000011000000100000101010001010100000100000
Generating RTLIL representation for module `$paramod$66ec245bec32698b977094073224279ebe008b87\GTP_LUT6D'.
Parameter \INIT = 32'10110111010010001111101010100000
Found cached RTLIL representation for module `$paramod\GTP_LUT5D\INIT=32'10110111010010001111101010100000'.
Parameter \INIT = 286326799
Found cached RTLIL representation for module `$paramod\GTP_LUT5D\INIT=32'00010001000100010000000000001111'.
Parameter \INIT = 32'10110100011110001111101010100000
Found cached RTLIL representation for module `$paramod\GTP_LUT5D\INIT=32'10110100011110001111101010100000'.
Parameter \INIT = 286326799
Found cached RTLIL representation for module `$paramod\GTP_LUT5D\INIT=32'00010001000100010000000000001111'.
Parameter \INIT = 32'10110111010010001111101010100000
Found cached RTLIL representation for module `$paramod\GTP_LUT5D\INIT=32'10110111010010001111101010100000'.
Parameter \INIT = 32'10110111010010001111101010100000
Found cached RTLIL representation for module `$paramod\GTP_LUT5D\INIT=32'10110111010010001111101010100000'.
Parameter \INIT = 64'0111011101111011100010001000010010101010101011110000000000001010
Found cached RTLIL representation for module `$paramod$e4f4b2bf6e54a8eae6b25fbe48bbe66bc4c5f7a4\GTP_LUT6D'.
Parameter \INIT = 64'0111011101111011100010001000010010101010101011110000000000001010
Found cached RTLIL representation for module `$paramod$e4f4b2bf6e54a8eae6b25fbe48bbe66bc4c5f7a4\GTP_LUT6D'.
Parameter \INIT = 64'0111011101111011100010001000010010101010101011110000000000001010
Found cached RTLIL representation for module `$paramod$e4f4b2bf6e54a8eae6b25fbe48bbe66bc4c5f7a4\GTP_LUT6D'.
Parameter \INIT = 64'0100100010110111010010001011011101010101010101011010101010101010

3.564. Executing AST frontend in derive mode using pre-parsed AST for module `\GTP_LUT6D'.
Parameter \INIT = 64'0100100010110111010010001011011101010101010101011010101010101010
Generating RTLIL representation for module `$paramod$a454a08009cea41cf0af1317298abd1749bc14eb\GTP_LUT6D'.
Parameter \INIT = 64'0100100010110111010010001011011100000000000000000101010101010101
Found cached RTLIL representation for module `$paramod$ee2f5b754302182e418215b57e061374c268c6a9\GTP_LUT6D'.
Parameter \INIT = 64'0100100010110111010010001011011100000000000000000101010101010101
Found cached RTLIL representation for module `$paramod$ee2f5b754302182e418215b57e061374c268c6a9\GTP_LUT6D'.
Parameter \INIT = 64'0100100010110111010010001011011100000000000000000101010101010101
Found cached RTLIL representation for module `$paramod$ee2f5b754302182e418215b57e061374c268c6a9\GTP_LUT6D'.
Parameter \INIT = 64'0100100010110111010010001011011100000000000000000101010101010101
Found cached RTLIL representation for module `$paramod$ee2f5b754302182e418215b57e061374c268c6a9\GTP_LUT6D'.
Parameter \INIT = 64'0100100010110111010010001011011100000000000000000101010101010101
Found cached RTLIL representation for module `$paramod$ee2f5b754302182e418215b57e061374c268c6a9\GTP_LUT6D'.
Parameter \INIT = 64'0100100010110111010010001011011100000000000000000101010101010101
Found cached RTLIL representation for module `$paramod$ee2f5b754302182e418215b57e061374c268c6a9\GTP_LUT6D'.
Parameter \INIT = 64'0100100010110111010010001011011100000000000000000101010101010101
Found cached RTLIL representation for module `$paramod$ee2f5b754302182e418215b57e061374c268c6a9\GTP_LUT6D'.
Parameter \INIT = 64'0100100010110111010010001011011110101010101010100000000000000000

3.565. Executing AST frontend in derive mode using pre-parsed AST for module `\GTP_LUT6D'.
Parameter \INIT = 64'0100100010110111010010001011011110101010101010100000000000000000
Generating RTLIL representation for module `$paramod$315b5e749556fd81975f0744a4192f08ae919c69\GTP_LUT6D'.
Parameter \INIT = 64'0000000000000000110011000000000010101010101010100000101010101010

3.566. Executing AST frontend in derive mode using pre-parsed AST for module `\GTP_LUT6D'.
Parameter \INIT = 64'0000000000000000110011000000000010101010101010100000101010101010
Generating RTLIL representation for module `$paramod$8a924c94477439bd154f74f37d45d6d62091803c\GTP_LUT6D'.
Parameter \INIT = 64'0100100010110111010010001011011101010101010101010000000000000000

3.567. Executing AST frontend in derive mode using pre-parsed AST for module `\GTP_LUT6D'.
Parameter \INIT = 64'0100100010110111010010001011011101010101010101010000000000000000
Generating RTLIL representation for module `$paramod$88f0a8c5139857d4eef9d3a6c19ca69c2e877611\GTP_LUT6D'.
Parameter \INIT = 64'0100100010110111010010001011011100000000000000000101010101010101
Found cached RTLIL representation for module `$paramod$ee2f5b754302182e418215b57e061374c268c6a9\GTP_LUT6D'.
Parameter \INIT = 64'0100100010110111010010001011011100000000000000000101010101010101
Found cached RTLIL representation for module `$paramod$ee2f5b754302182e418215b57e061374c268c6a9\GTP_LUT6D'.
Parameter \INIT = 64'0100100010110111010010001011011100000000000000001010101010101010

3.568. Executing AST frontend in derive mode using pre-parsed AST for module `\GTP_LUT6D'.
Parameter \INIT = 64'0100100010110111010010001011011100000000000000001010101010101010
Generating RTLIL representation for module `$paramod$59e29f78275868193c0ff80851eebf9f38cc8095\GTP_LUT6D'.
Parameter \INIT = 64'0100100010110111010010001011011100000000000000000101010101010101
Found cached RTLIL representation for module `$paramod$ee2f5b754302182e418215b57e061374c268c6a9\GTP_LUT6D'.
Parameter \INIT = 32'10000100011110111010111100001010

3.569. Executing AST frontend in derive mode using pre-parsed AST for module `\GTP_LUT5D'.
Parameter \INIT = 32'10000100011110111010111100001010
Generating RTLIL representation for module `$paramod\GTP_LUT5D\INIT=32'10000100011110111010111100001010'.
Parameter \INIT = 64'0100100010110111010010001011011100000000000000000101010101010101
Found cached RTLIL representation for module `$paramod$ee2f5b754302182e418215b57e061374c268c6a9\GTP_LUT6D'.
Parameter \INIT = 64'0100100010110111010010001011011101010101010101011010101010101010
Found cached RTLIL representation for module `$paramod$a454a08009cea41cf0af1317298abd1749bc14eb\GTP_LUT6D'.
Parameter \INIT = 1267202720

3.570. Executing AST frontend in derive mode using pre-parsed AST for module `\GTP_LUT5D'.
Parameter \INIT = 1267202720
Generating RTLIL representation for module `$paramod\GTP_LUT5D\INIT=32'01001011100001111111101010100000'.
Parameter \INIT = 1267202720
Found cached RTLIL representation for module `$paramod\GTP_LUT5D\INIT=32'01001011100001111111101010100000'.
Parameter \INIT = 1267202720
Found cached RTLIL representation for module `$paramod\GTP_LUT5D\INIT=32'01001011100001111111101010100000'.
Parameter \INIT = 1267202720
Found cached RTLIL representation for module `$paramod\GTP_LUT5D\INIT=32'01001011100001111111101010100000'.
Parameter \INIT = 1267202720
Found cached RTLIL representation for module `$paramod\GTP_LUT5D\INIT=32'01001011100001111111101010100000'.
Parameter \INIT = 1267202720
Found cached RTLIL representation for module `$paramod\GTP_LUT5D\INIT=32'01001011100001111111101010100000'.
Parameter \INIT = 1267202720
Found cached RTLIL representation for module `$paramod\GTP_LUT5D\INIT=32'01001011100001111111101010100000'.
Parameter \INIT = 64'1000100010000100011101110111101110101010101011110000000000001010

3.571. Executing AST frontend in derive mode using pre-parsed AST for module `\GTP_LUT6D'.
Parameter \INIT = 64'1000100010000100011101110111101110101010101011110000000000001010
Generating RTLIL representation for module `$paramod$dcb57f3257ae135565aa99a01538050e3fc3f89e\GTP_LUT6D'.
Parameter \INIT = 64'1000100010000100011101110111101110101010101011110000000000001010
Found cached RTLIL representation for module `$paramod$dcb57f3257ae135565aa99a01538050e3fc3f89e\GTP_LUT6D'.
Parameter \INIT = 1267202720
Found cached RTLIL representation for module `$paramod\GTP_LUT5D\INIT=32'01001011100001111111101010100000'.
Parameter \INIT = 1267202720
Found cached RTLIL representation for module `$paramod\GTP_LUT5D\INIT=32'01001011100001111111101010100000'.
Parameter \INIT = 64'1000100010000100011101110111101110101010101011110000000000001010
Found cached RTLIL representation for module `$paramod$dcb57f3257ae135565aa99a01538050e3fc3f89e\GTP_LUT6D'.
Parameter \INIT = 64'1000100010000100011101110111101110101010101011110000000000001010
Found cached RTLIL representation for module `$paramod$dcb57f3257ae135565aa99a01538050e3fc3f89e\GTP_LUT6D'.
Parameter \INIT = 64'1000100010000100011101110111101110101010101011110000000000001010
Found cached RTLIL representation for module `$paramod$dcb57f3257ae135565aa99a01538050e3fc3f89e\GTP_LUT6D'.
Parameter \INIT = 64'1000100010000100011101110111101101010101010100001111111111110101

3.572. Executing AST frontend in derive mode using pre-parsed AST for module `\GTP_LUT6D'.
Parameter \INIT = 64'1000100010000100011101110111101101010101010100001111111111110101
Generating RTLIL representation for module `$paramod$359f172a897fa1c15c7fd0ec0c418668d0ea5ddc\GTP_LUT6D'.

3.573. Analyzing design hierarchy..
Top module:  \/Users/yoyowang/Desktop/benchmark/div.aig
Used module:     $paramod$951d9341ccd051e40ea46f5cef9c619fbabbc7fe\GTP_LUT6
Used module:     $paramod$0c75d9771d8390715aca7af4db20ea1c312fb822\GTP_LUT6
Used module:     $paramod$ba5b7173d63688aef01bb71a72821be0a07f9a87\GTP_LUT6
Used module:     $paramod\GTP_LUT4\INIT=16'1011011101001000
Used module:     $paramod$56887f0f5cf82d055e02966d1bd52eb3edcc0195\GTP_LUT6
Used module:     $paramod$41d307e6037aef0f6de8e94c2e50d77d8b6bb709\GTP_LUT6
Used module:     $paramod$7d0454c1babd540f4c4fe7907783493abc2113ae\GTP_LUT6
Used module:     $paramod\GTP_LUT4\INIT=16'1011010001001011
Used module:     $paramod$09259db225d769ce8527a5eada93fb5a1409294b\GTP_LUT6
Used module:     $paramod$e165c77f34c53f7ad5d54584a3c2c9586ae667f8\GTP_LUT6
Used module:     $paramod$1371f7acbb776edffbc3d61b6a56038ab548d7cb\GTP_LUT6
Used module:     $paramod$d656a6df532c1cc5662fe0a7afafccded88153c2\GTP_LUT6
Used module:     $paramod$96d4fd28579311011ec539e1b8cf13e5d774a2ec\GTP_LUT6
Used module:     $paramod\GTP_LUT5\INIT=32'01010001000101010100000000000100
Used module:     $paramod\GTP_LUT5\INIT=32'00010000001000000010001100010011
Used module:     $paramod\GTP_LUT4\INIT=16'0100000001010001
Used module:     $paramod$a118d3480dbade809b76bf838f3c3004c354f711\GTP_LUT6
Used module:     $paramod$bc6de2df570eae61bfd8035a14e07bf943960444\GTP_LUT6
Used module:     $paramod$05bf28522bbfbd204985901a35739be4c355ccc5\GTP_LUT6
Used module:     $paramod$ee1263cc1ddc67832d9e0851e42d909bf9eef3cd\GTP_LUT6
Used module:     $paramod\GTP_LUT5\INIT=32'00000000000000001111011111110001
Used module:     $paramod$5621a9cd48690f411228f0b6bdb270fa1a2d7e6c\GTP_LUT6
Used module:     $paramod\GTP_LUT4\INIT=16'0010100001111101
Used module:     $paramod\GTP_LUT4\INIT=16'0100100010110111
Used module:     $paramod$ccdd5a9a364248962fb863abd884fb447863184b\GTP_LUT6
Used module:     $paramod$13dae6cbd4564de771554ee22fdad6d345146db4\GTP_LUT6
Used module:     $paramod$e7416ded73550b1fbfd92c093bfbda4c30ad2c1d\GTP_LUT6
Used module:     $paramod\GTP_LUT5\INIT=32'10100101101001011001100110100101
Used module:     $paramod\GTP_LUT5\INIT=32'11111110111011001100100010000000
Used module:     $paramod\GTP_LUT4\INIT=16'1001010110100110
Used module:     $paramod$704f8042eefb99c5e76c6f22d96562ed7be56313\GTP_LUT6
Used module:     $paramod\GTP_LUT4\INIT=16'1011010001111000
Used module:     $paramod\GTP_LUT5\INIT=32'01100011100111001001001101101100
Used module:     $paramod$1a32a839c2615bdf0bae045c1db1e8d8ecb43fec\GTP_LUT6
Used module:     $paramod\GTP_LUT5\INIT=32'01010101010101010100010001010100
Used module:     $paramod\GTP_LUT5\INIT=32'00010000001000110010000000010011
Used module:     $paramod$994453de08275820de6999780eab8046cb11efa5\GTP_LUT6
Used module:     $paramod\GTP_LUT4\INIT=16'0101000101000000
Used module:     $paramod\GTP_LUT5\INIT=32'10000000101010101010100010101010
Used module:     $paramod\GTP_LUT5\INIT=32'11001100110000001100110010000000
Used module:     $paramod\GTP_LUT5\INIT=32'01110000000000000001000000000000
Used module:     $paramod$d9e9e614e54cc4c4358748ac1cf287279f49bea3\GTP_LUT6
Used module:     $paramod$b0d6733f8287b1f4519ab27fafdb29d794eb5ff3\GTP_LUT6
Used module:     $paramod$bed7f8e658c16542ac4e752a74b7ba29ebc0ad33\GTP_LUT6
Used module:     $paramod\GTP_LUT5\INIT=32'11111110110010001110110010000000
Used module:     $paramod$07860755a17736dd23243d1cf61e0b72a7347191\GTP_LUT6
Used module:     $paramod$b546be785baa12ed14b2175671e7c30a36d86266\GTP_LUT6
Used module:     $paramod$fc0d4ce59fd72224ec9737e28af8b5f3ed19c3eb\GTP_LUT6
Used module:     $paramod$dedcf4d9656f109d1eaec0cc15e13898817c1faa\GTP_LUT6
Used module:     $paramod$d052d25dc0bd6ad9ff7c9a26eacd3ea162ef961e\GTP_LUT6
Used module:     $paramod$3a4d0958b94a7cc7ae6840327ae5a3d4f6bdba69\GTP_LUT6
Used module:     $paramod$68948508929cf1b45292f1f9ec21ba12479e8234\GTP_LUT6
Used module:     $paramod$2d2b969be87441559eb459c999b8c8149bfe3c61\GTP_LUT6
Used module:     $paramod$f91aa6aa10c1df60576f8d480ff6a18a03e2f50d\GTP_LUT6
Used module:     $paramod$475d43747dd2d1cb5da6e8339b266a0c7e8685b1\GTP_LUT6
Used module:     $paramod$56ec69f5ad3f14b094fc128e37422ac7ba4b7984\GTP_LUT6
Used module:     $paramod\GTP_LUT5\INIT=32'00000000000000001111000111110111
Used module:     $paramod$1f80f9c53ec516ec2fe8c15365d505e814741623\GTP_LUT6
Used module:     $paramod$1b0920de6a7e68fb65e46a6ad96fe488b5da9be0\GTP_LUT6
Used module:     $paramod$f5e91dc1f96a466b43e2ea62cdda4c4f6c654a3c\GTP_LUT6
Used module:     $paramod$1a23fcdc77056cddef73e02f71c6f11d4a7f2c75\GTP_LUT6
Used module:     $paramod\GTP_LUT5\INIT=32'10100010101010101010001010100010
Used module:     $paramod\GTP_LUT4\INIT=16'0100101110000111
Used module:     $paramod$5ffe8ef32f3e30892f465aaf1cda4d491f9f7ca4\GTP_LUT6
Used module:     $paramod$fb68d1b93b6343b7a7dddb6e4be19d3395b2f7b2\GTP_LUT6
Used module:     $paramod$1774b298c8b4a8467a2e086a655eca9723a36b76\GTP_LUT6
Used module:     $paramod\GTP_LUT4\INIT=16'1100100011111010
Used module:     $paramod\GTP_LUT5\INIT=32'11010011010000000111001100010000
Used module:     $paramod\GTP_LUT4\INIT=16'0001000000000000
Used module:     $paramod\GTP_LUT5\INIT=32'11111010111110100101000011011000
Used module:     $paramod$1f07c78b7596ae3cc784bc1b7b3088e6f009fa10\GTP_LUT6
Used module:     $paramod$f15b9bf9cb8861ef7216179fbd2df4c7c6441f64\GTP_LUT6
Used module:     $paramod$a6005f0362de039403b8edd691a8c592fb652db1\GTP_LUT6
Used module:     $paramod$f250f2215e5f2c3a3f2a6ba09def96725fd973d0\GTP_LUT6
Used module:     $paramod$ce1831b0d031955412f7beb8faa3d1e6f6da5dc2\GTP_LUT6
Used module:     $paramod\GTP_LUT4\INIT=16'1111101011011000
Used module:     $paramod$32b78369625acb113aa9d87af649528f5f47b981\GTP_LUT6
Used module:     $paramod$d21812dac985055b32b3eca39f691c7445670fb1\GTP_LUT6
Used module:     $paramod$7e2ac04157a091c3b8a12e0cff2a72bd6e4261c7\GTP_LUT6
Used module:     $paramod$6c94083ddc07122c1401e63ff0ad5cfb427d062f\GTP_LUT6
Used module:     $paramod$c103504dff926e66c59921f10489f9ae5d25b733\GTP_LUT6
Used module:     $paramod$c89604e91de683c14486dd9c1cf554a82342b2d7\GTP_LUT6
Used module:     $paramod$c758c6bfc61f8e37dcd7a7f48e34ad23eb8f6f77\GTP_LUT6
Used module:     $paramod$85f251445b3a4f7d3ed70f371bd462fba397ce2f\GTP_LUT6
Used module:     $paramod$dc0e78ce81fab0b2e4e927aaa22737ed9b952ead\GTP_LUT6
Used module:     $paramod$d0786e5f061f671afea1f46920fb14bc9c07fd28\GTP_LUT6
Used module:     $paramod$1296b162177a75336e86b66b1e8244dba2f42a83\GTP_LUT6
Used module:     $paramod\GTP_LUT5\INIT=32'11011000110110001111101011011000
Used module:     $paramod\GTP_LUT5\INIT=32'10011001100110011001100101011010
Used module:     $paramod$0923cfa06370e3823e7c272e66356f48cb185299\GTP_LUT6
Used module:     $paramod$12b956d2bfe85f86462d2c685784f36cd1735d0b\GTP_LUT6
Used module:     $paramod$67d66995a90fb8f1acfec5d90247fa6057927000\GTP_LUT6
Used module:     $paramod$a2bc838eb55497e2e16d2aff53382db9fc474773\GTP_LUT6
Used module:     $paramod\GTP_LUT5\INIT=32'11001000110010001100100011111010
Used module:     $paramod$ba327f2f01e84494aa5cda6f72ec86ddb332b16c\GTP_LUT6
Used module:     $paramod$0fc4a3ce8e7e82c8b538b3e41d4a8d8581b02549\GTP_LUT6
Used module:     $paramod\GTP_LUT3\INIT=8'00001011
Used module:     $paramod$06f6fd3eedef20662989266ce101c6c76a6efff4\GTP_LUT6
Used module:     $paramod$fb059cea1f34c1df93b32ef7ecd9318417c53d0f\GTP_LUT6
Used module:     $paramod\GTP_LUT3\INIT=8'01010001
Used module:     $paramod$e217d00130b23f9657bb05d8b9062f6ed8c27733\GTP_LUT6
Used module:     $paramod$6788864a5ba2f165a6c227010cdf709df1c0e01d\GTP_LUT6
Used module:     $paramod\GTP_LUT3\INIT=8'01111000
Used module:     $paramod\GTP_LUT3\INIT=8'01110010
Used module:     $paramod\GTP_LUT5\INIT=32'01110111011110111000100010000100
Used module:     $paramod$bfde43f9375641a8be061bcf417c25d0e8103358\GTP_LUT6
Used module:     $paramod$5687794a905ddabec7142ca1f414d229e855f3bc\GTP_LUT6
Used module:     $paramod\GTP_LUT5\INIT=32'11001000100000001111111011101100
Used module:     $paramod$390a1399a6fc91c2e4ff254709cc600940b89e63\GTP_LUT6
Used module:     $paramod$4b2239dd3344a8ff3422dccce18769027b8a192e\GTP_LUT6
Used module:     $paramod$69c6b83f5c699bf5e17cea92274928f44d304629\GTP_LUT6
Used module:     $paramod$11ad22dd741c8e5bca22c1b643c18f9d805d6ae6\GTP_LUT6
Used module:     $paramod$a6f464deed30c7746a66d1d42feb92dbfecc19d4\GTP_LUT6
Used module:     $paramod$85213762418d52be3bc2283a5f4bd45ceb8af43b\GTP_LUT6
Used module:     $paramod$b2ef3add4eb53705176e99a262fd81a24b6813d1\GTP_LUT6
Used module:     $paramod$339d5456bc04eada5134358929b5309c6253e25d\GTP_LUT6
Used module:     $paramod$3d73145d84fc0f4fe12d071624ee958d2a34ad61\GTP_LUT6
Used module:     $paramod$12a4f35fd903bf646a3e593c2869a3c6a562316c\GTP_LUT6
Used module:     $paramod$420f2c7153f156ae085510c99ee54f35ace6c1f9\GTP_LUT6
Used module:     $paramod$4ab64a9cad038af67431c74c463f51d0500de987\GTP_LUT6
Used module:     $paramod$4c3faea74aef4abaf79ddc4f8a1615e26857e466\GTP_LUT6
Used module:     $paramod\GTP_LUT5\INIT=32'10010011010111111010000001101100
Used module:     $paramod$ab62f3409345c37b7cfd12793497f65fc667fc2f\GTP_LUT6
Used module:     $paramod$41d159e28863b08419671248d537e89131d10f6a\GTP_LUT6
Used module:     $paramod$be96578f7bb2910608aeb462f0a29246a35a6677\GTP_LUT6
Used module:     $paramod\GTP_LUT4\INIT=16'0111110100101000
Used module:     $paramod$b52a007edf2fe88b13dd6c5b929b773b8f5b4e73\GTP_LUT6
Used module:     $paramod$29b23bb86a3bab872b65412e2bbfe72509203217\GTP_LUT6
Used module:     $paramod\GTP_LUT5\INIT=32'10011001101001011010010110100101
Used module:     $paramod\GTP_LUT5\INIT=32'01100011100100111001110001101100
Used module:     $paramod\GTP_LUT4\INIT=16'1000000010010000
Used module:     $paramod\GTP_LUT5\INIT=32'10010110111101101001011011110000
Used module:     $paramod$8cd7e9b161dad2ff8eac52b3a80a757c3d59bd4e\GTP_LUT6
Used module:     $paramod\GTP_LUT5\INIT=32'00000000000000001111101110110011
Used module:     $paramod\GTP_LUT5\INIT=32'11001000111111101000000011101100
Used module:     $paramod\GTP_LUT5\INIT=32'10101011000000100101010011111101
Used module:     $paramod\GTP_LUT5\INIT=32'11111111110011001011001101000000
Used module:     $paramod$b1fb4677aea079d4c03eebaa7bc1f97787dfc032\GTP_LUT6
Used module:     $paramod$2f958ce0214b28f5901173f5fc8c66b503d9e587\GTP_LUT6
Used module:     $paramod\GTP_LUT4\INIT=16'0000000101010101
Used module:     $paramod\GTP_LUT5\INIT=32'01111000011110000111100010110100
Used module:     $paramod$424d2f8f1ee0b36a9f3af771bdb6a9d93b5c1c55\GTP_LUT6
Used module:     $paramod$3e2db026235381543a840dcfa5b2c53cbd48cb47\GTP_LUT6
Used module:     $paramod$b38e8ed8580593830ba5c5520eac2b6518fe48a2\GTP_LUT6
Used module:     $paramod\GTP_LUT5\INIT=32'10001000100010001110111010001110
Used module:     $paramod\GTP_LUT5\INIT=32'00001111000011110110100100001111
Used module:     $paramod$47129716f55bca087ad4ae2bfb763c97f945d2d8\GTP_LUT6
Used module:     $paramod\GTP_LUT5\INIT=32'00110001001100000011001100110001
Used module:     $paramod\GTP_LUT5\INIT=32'11100100111001001110010001001110
Used module:     $paramod\GTP_LUT5\INIT=32'01011010010110101001100101011010
Used module:     $paramod$2865b5cc516b09fe35b4c4eafb13abc1dc5cdaab\GTP_LUT6
Used module:     $paramod\GTP_LUT4\INIT=16'1111110010101000
Used module:     $paramod$874bc5030e9be49fdd45b9d00944f87dd13d8c67\GTP_LUT6
Used module:     $paramod\GTP_LUT5\INIT=32'10011001010110100101101001011010
Used module:     $paramod\GTP_LUT5\INIT=32'00110001000000010011001000000010
Used module:     $paramod$f436d6db3d03e7f9df643a0433bf12f0cf64e1aa\GTP_LUT6
Used module:     $paramod\GTP_LUT4\INIT=16'0000010100000001
Used module:     $paramod$a6caff50665e5fc1707f18f8083d784a5cfc2361\GTP_LUT6
Used module:     $paramod$af046cc46087bf0b0924fadb497d1e35a60695cd\GTP_LUT6
Used module:     $paramod$cdf1292afeccbd18b37e05ea1a59042b0b9336ab\GTP_LUT6
Used module:     $paramod$61e78ce1860ea3a4ebd61d490c52f3fe996c0831\GTP_LUT6
Used module:     $paramod$93a26f0a26dec189488b3872d45eec18d34b8b43\GTP_LUT6
Used module:     $paramod\GTP_LUT4\INIT=16'0111001011011000
Used module:     $paramod\GTP_LUT4\INIT=16'1110111011101010
Used module:     $paramod$2086b9f12758d8b18f4a3f2de66b6aa02007324e\GTP_LUT6
Used module:     $paramod$9b485b3ed553813ee1a23748acdb6144e26a35b8\GTP_LUT6
Used module:     $paramod$9ecfc6cc0b920925b36be3f5ead14270438096a2\GTP_LUT6
Used module:     $paramod\GTP_LUT5\INIT=32'00001111000000010000111100000111
Used module:     $paramod$3397340bd2e8680376c6f7b93d19510d7234d3a2\GTP_LUT6
Used module:     $paramod\GTP_LUT4\INIT=16'0010001010100010
Used module:     $paramod$750375634bdacfa865b218a9fe4cdce7812ef43a\GTP_LUT6
Used module:     $paramod\GTP_LUT5\INIT=32'11001100100010001100111110001010
Used module:     $paramod$04e78a26c4a3c9f49ddae81658f0cb6d4377d9ed\GTP_LUT6
Used module:     $paramod\GTP_LUT3\INIT=8'00100111
Used module:     $paramod$277a0137731c4471cc31791c9c5b4b05f6b0219c\GTP_LUT6
Used module:     $paramod$2a1d8ade6ff6178768bbcab252b94773bc50736d\GTP_LUT6
Used module:     $paramod\GTP_LUT5\INIT=32'11100100000000000000000000000000
Used module:     $paramod$ca525c6e0ecf033812d4b07dad396017e2535a90\GTP_LUT6
Used module:     $paramod$6d396c6c2d94ee9992ea7d5450d3b683a78456a9\GTP_LUT6
Used module:     $paramod$40e370adfa6bb0622a98ad9e31f679f8f4ce2b18\GTP_LUT6
Used module:     $paramod\GTP_LUT5\INIT=32'10010110100101101001011011110000
Used module:     $paramod$2c13d5acce4c7fd2df879c281671ed02bcc5a3fe\GTP_LUT6
Used module:     $paramod$89be66fbf504c1fed8175540d9091fe33b7af204\GTP_LUT6
Used module:     $paramod\GTP_LUT5\INIT=32'11101110111001000100010001001110
Used module:     $paramod$bc963ac03b9d94612ed827fbd207a8640a48e4a2\GTP_LUT6
Used module:     $paramod\GTP_LUT4\INIT=16'0001000101010001
Used module:     $paramod$ead06842ec65f642bc887c86d63c3366000b86a2\GTP_LUT6
Used module:     $paramod$7ca2f787c7043c9a5065be9fa7772b07e0fc7eb1\GTP_LUT6
Used module:     $paramod$e241f7cc97967b7ed42e1b86ff1ff545d8304b5a\GTP_LUT6
Used module:     $paramod\GTP_LUT3\INIT=8'11011000
Used module:     $paramod\GTP_LUT4\INIT=16'1010101100000010
Used module:     $paramod\GTP_LUT5\INIT=32'10100110101010101010011010100110
Used module:     $paramod\GTP_LUT5\INIT=32'00000010000000100010001000000010
Used module:     $paramod$de0a76b91ca2e525bc99cc8505514d27f3686634\GTP_LUT6
Used module:     $paramod$f76e654aca212731ea7d862169097b53e601cdf3\GTP_LUT6
Used module:     $paramod$296a0638ffff8421f7ebc8172bdf027696c1a1ea\GTP_LUT6
Used module:     $paramod\GTP_LUT5\INIT=32'00101010101010101010101010101010
Used module:     $paramod$039e92055ef86e268e8bf7db71f846021a777eda\GTP_LUT6
Used module:     $paramod$20246d5e7b6bcf137d425da26da5fdd90dad3f52\GTP_LUT6
Used module:     $paramod\GTP_LUT3\INIT=8'00010000
Used module:     $paramod\GTP_LUT5\INIT=32'11111111111111110000010001001100
Used module:     $paramod$17ce79986d1bc174123b0ed208dcaf06e228507d\GTP_LUT6
Used module:     $paramod$e401d81069f970eb7d982db63e49955cb5ffef8c\GTP_LUT6
Used module:     $paramod$9fbc780b78da318befae6258e9becc20ce94f16c\GTP_LUT6
Used module:     $paramod$0deb6b081de45add357b6fe75f0862b3d4ca0f20\GTP_LUT6
Used module:     $paramod$972f1714d1dc6b1e3355683168162df4d0a61ad5\GTP_LUT6
Used module:     $paramod\GTP_LUT5\INIT=32'00111100001111000011110001010101
Used module:     $paramod$ef38d92811a8e30fc4d3c7f90ccf5820d12a27ee\GTP_LUT6
Used module:     $paramod\GTP_LUT5\INIT=32'01000000000001000101000100010101
Used module:     $paramod\GTP_LUT4\INIT=16'0010000000100010
Used module:     $paramod$46f5c0954ad311b7243b5d5291dd3968304cb6e6\GTP_LUT6
Used module:     $paramod$6c28fc7d1c1b33ea74b310404e7e7972defc560c\GTP_LUT6
Used module:     $paramod$6bd9a88cca82382d8955092182c81d7fe192acf9\GTP_LUT6
Used module:     $paramod$f5d0c8e1c3a7898bd818c9cc8dd705ac654e75d6\GTP_LUT6
Used module:     $paramod\GTP_LUT5\INIT=32'01000000000000001100000001000000
Used module:     $paramod\GTP_LUT5\INIT=32'01010001010100010000010000000000
Used module:     $paramod\GTP_LUT4\INIT=16'1010001010101010
Used module:     $paramod$4ba17415a97c4465417eade04661ea889ecb893b\GTP_LUT6
Used module:     $paramod$1e710aa23d2a0db3699fbbcb4ecb4d47f094383c\GTP_LUT6
Used module:     $paramod$897ceff9abc933fc69feb3339855ec8df366be97\GTP_LUT6
Used module:     $paramod$f6c47a76618f374dcca6e4616ee4064fb2f0cd5e\GTP_LUT6
Used module:     $paramod$5a80f1f509bd6ce309411a66a79bd87e225c5832\GTP_LUT6
Used module:     $paramod$8b59de913fa422fdebc207d9c7134c76e328e21b\GTP_LUT6
Used module:     $paramod$e21ef922631554a2b1e65f958db833b8d8f2d51d\GTP_LUT6
Used module:     $paramod$492504319aaaedd247a3255e8ac4e753d3714520\GTP_LUT6
Used module:     $paramod\GTP_LUT5\INIT=32'00101100101111111000110011101111
Used module:     $paramod\GTP_LUT3\INIT=8'00110001
Used module:     $paramod\GTP_LUT4\INIT=16'1000010001111011
Used module:     $paramod$9a524fe595fd76f4b217526508da8ecbec10199a\GTP_LUT6
Used module:     $paramod\GTP_LUT5\INIT=32'00000000000010110000000000000000
Used module:     $paramod$bd4ba035eee670a503520688efe5c345253c9d5f\GTP_LUT6D
Used module:     $paramod$11fed1dd198f80ed0d4318b8012f68678e60c535\GTP_LUT6D
Used module:     $paramod$c545c456c9be78860fb6a8fb7b7d2cb9c1393b6e\GTP_LUT6D
Used module:     $paramod$f0e6c605184ad8cf9f568956b13b1861b06941fb\GTP_LUT6D
Used module:     $paramod$ede8dedfe9dee0f1663bc944cf9e611acc0161ca\GTP_LUT6D
Used module:     $paramod$0dae4d9e1ca50c63fdcb1cefb89e918433b5868e\GTP_LUT6D
Used module:     $paramod$1e34627ef1ff08cc201b27d74d787a2796046a50\GTP_LUT6D
Used module:     $paramod$461eaa86925925867c7891a8b1d576a5f57f5c80\GTP_LUT6D
Used module:     $paramod$3a1123eb827210e7e6d4e8c5070450fe78e8b3d0\GTP_LUT6D
Used module:     $paramod$9ebd56b4eba57b8f2f994356054d4653f724c6b8\GTP_LUT6D
Used module:     $paramod$1eb48d280aff69d02b517631fd17ff353de70488\GTP_LUT6D
Used module:     $paramod$10e85ce6d4539d806c535cd386d328e47857f938\GTP_LUT6D
Used module:     $paramod\GTP_LUT5D\INIT=32'00111100001111000101010110101010
Used module:     $paramod\GTP_LUT5D\INIT=32'00000000000011110110011001100110
Used module:     $paramod\GTP_LUT5D\INIT=32'00000000001100110101101001011010
Used module:     $paramod\GTP_LUT5D\INIT=32'00000011000000110101010110101010
Used module:     $paramod\GTP_LUT5D\INIT=32'00010001000100010000000000001111
Used module:     $paramod\GTP_LUT5D\INIT=32'11111010101000001011010001111000
Used module:     $paramod\GTP_LUT5D\INIT=32'00000000000011110001000100010001
Used module:     $paramod$32b392105320d590b0d1335929706f03bc62a2bd\GTP_LUT6D
Used module:     $paramod\GTP_LUT4D\INIT=16'0001000101100110
Used module:     $paramod$e7c8afd08dcc13fdf8d16a963571f44a049e6371\GTP_LUT6D
Used module:     $paramod\GTP_LUT4D\INIT=16'0100010010011001
Used module:     $paramod\GTP_LUT5D\INIT=32'10010101101001100100000001010001
Used module:     $paramod\GTP_LUT5D\INIT=32'10110111010010001111101010100000
Used module:     $paramod$b2d8d094daeff0d143ffecf0d194c6d45d8cacba\GTP_LUT6D
Used module:     $paramod$6514437ebc2be36887225f7108438a1e1b3b6b65\GTP_LUT6D
Used module:     $paramod$e3b286f9852b83380f3099e0461d08a5bfaa9537\GTP_LUT6D
Used module:     $paramod$7b3927fcfc7d364b2fa99b56bc684bba3a49d49a\GTP_LUT6D
Used module:     $paramod$9a608af8a229124ec13d555cb65a5726544533ab\GTP_LUT6D
Used module:     $paramod$3017076a7215a4248c66152b38e5b848a74e5447\GTP_LUT6D
Used module:     $paramod\GTP_LUT5D\INIT=32'01000100010001001100000000000000
Used module:     $paramod\GTP_LUT5D\INIT=32'01000100010001001011010001001011
Used module:     $paramod\GTP_LUT5D\INIT=32'00100010000000000010000000000000
Used module:     $paramod$4c6ef7381bb67b6b840ee6d5a82d90ba71d74959\GTP_LUT6D
Used module:     $paramod$59dac5a12dea57aa537d5305bcb2ec66cfd5e691\GTP_LUT6D
Used module:     $paramod$f47193e463bbfbc950dcc5908fe3774c076e228f\GTP_LUT6D
Used module:     $paramod$e0894153598e13decf16633393e7d60a8ab0ea6f\GTP_LUT6D
Used module:     $paramod$4eeb3443e0af2151210db3ed41c7abc97d098c91\GTP_LUT6D
Used module:     $paramod$1c707079d13527cf3ef76d5ba573813b6df56197\GTP_LUT6D
Used module:     $paramod\GTP_LUT5D\INIT=32'10110100011110001111101010100000
Used module:     $paramod\GTP_LUT5D\INIT=32'00001100001111110101000101000000
Used module:     $paramod$01951d3ac7eb2934808406de7a90f73a28bce76c\GTP_LUT6D
Used module:     $paramod\GTP_LUT4D\INIT=16'1100001101010001
Used module:     $paramod$304965d5399b3b25a551af9bdfc77638657c8c9c\GTP_LUT6D
Used module:     $paramod\GTP_LUT5D\INIT=32'11111010101000001011011101001000
Used module:     $paramod$4423c194664bf0335d103333460b31b1b13d03ba\GTP_LUT6D
Used module:     $paramod$3162d1c10e3b1a49aee26fa976ae76b3fa987b59\GTP_LUT6D
Used module:     $paramod$4bc40d86a52c1e63c4562b2dc449fde362de88e5\GTP_LUT6D
Used module:     $paramod$dd9c8722e62662f993db2ba8b20ad11b332ab942\GTP_LUT6D
Used module:     $paramod$dca40f54523b286918dfcf57a009f40043243f8d\GTP_LUT6D
Used module:     $paramod$46d3e16c04bfe1b4f0b58b14a125a24e207cc06d\GTP_LUT6D
Used module:     $paramod$f72c46f961b2bac3a99f2a52f7748c06e246eef3\GTP_LUT6D
Used module:     $paramod$0de14bd6f4af05587059e88ad7395a3915bd6356\GTP_LUT6D
Used module:     $paramod\GTP_LUT5D\INIT=32'10100000111110100100100010110111
Used module:     $paramod$82dd2479de6336a0732397f62a310ecb806c2a00\GTP_LUT6D
Used module:     $paramod$39d688e45d1638d2eb5939d97c31487604773b85\GTP_LUT6D
Used module:     $paramod\GTP_LUT5D\INIT=32'11110011110000000101000101000000
Used module:     $paramod$fe9af186da0a26d9485325ca6423ff8ce486f310\GTP_LUT6D
Used module:     $paramod$46a7fd9fa76703893bf91e173298242d6f7b4900\GTP_LUT6D
Used module:     $paramod$58755af4624e26311566875bbd5a883b5ba73ac5\GTP_LUT6D
Used module:     $paramod\GTP_LUT5D\INIT=32'00001100001111111010011010010101
Used module:     $paramod$a1085436c2c545ad5d7960f5b9338d229974b180\GTP_LUT6D
Used module:     $paramod\GTP_LUT5D\INIT=32'01010110101010010000001100000011
Used module:     $paramod\GTP_LUT5D\INIT=32'10110111010010001011011101001000
Used module:     $paramod$776f34e3342868272505654f9782970af7cda005\GTP_LUT6D
Used module:     $paramod\GTP_LUT5D\INIT=32'01010001010000000000110000111111
Used module:     $paramod\GTP_LUT4D\INIT=16'1001100100001011
Used module:     $paramod\GTP_LUT5D\INIT=32'01001000101101111010000011111010
Used module:     $paramod$93553d21b6759e4d55145c4be4f5e4ec7042e2d8\GTP_LUT6D
Used module:     $paramod$3aef9a5ff6b5a39bea648b2b7fec2c8f8f33ca29\GTP_LUT6D
Used module:     $paramod\GTP_LUT5D\INIT=32'01001000101101111011011101001000
Used module:     $paramod$e4f4b2bf6e54a8eae6b25fbe48bbe66bc4c5f7a4\GTP_LUT6D
Used module:     $paramod$9d91eab03c9a808f611edae1403c6044cce351fe\GTP_LUT6D
Used module:     $paramod$c03cda98268425c6f945503e7b43676891c0fb93\GTP_LUT6D
Used module:     $paramod\GTP_LUT5D\INIT=32'11000011001100110101000001010000
Used module:     $paramod$77aec33ec33d7449abdc42d285cfff46d68bcf3b\GTP_LUT6D
Used module:     $paramod$6056785a1d9475f059826fae593357e1c74dd68c\GTP_LUT6D
Used module:     $paramod$59cbfe4d8728420fa4924df8369b2dd674690ac7\GTP_LUT6D
Used module:     $paramod$352ab638bbb343bd92cd1284894d83060e311f7b\GTP_LUT6D
Used module:     $paramod\GTP_LUT5D\INIT=32'10110111010010000000000001010101
Used module:     $paramod$9fb831f112f3bae4e835a96ef36553ef43fb62e5\GTP_LUT6D
Used module:     $paramod$ee2f5b754302182e418215b57e061374c268c6a9\GTP_LUT6D
Used module:     $paramod$dba629db9204b9121d4538245f5b467b5498f66e\GTP_LUT6D
Used module:     $paramod\GTP_LUT5D\INIT=32'01010101101010101110100011101000
Used module:     $paramod\GTP_LUT4D\INIT=16'0101000000110000
Used module:     $paramod$94dc1036ca84a684dd91d5d88db838f4dce1a55d\GTP_LUT6D
Used module:     $paramod$28ca4db1e013af619b3afc51725620bc78d0b6ed\GTP_LUT6D
Used module:     $paramod$b244ab0e33bb0fbf46a33baeed5c1272f5080ab2\GTP_LUT6D
Used module:     $paramod$e05e84a0c7b5acdffd97c38d3966a2482d4a374e\GTP_LUT6D
Used module:     $paramod$a6e605327cfae1ccfc6de811818bd3ac91f8d77f\GTP_LUT6D
Used module:     $paramod$cf72d1efd965e869eff71f577e3455a0ac52f7bb\GTP_LUT6D
Used module:     $paramod$419bc977273285d5c468449cd3807d80893c7736\GTP_LUT6D
Used module:     $paramod$761b1a5f3c7100d216e346a5a27c24826812ef9a\GTP_LUT6D
Used module:     $paramod\GTP_LUT5D\INIT=32'10110100010010111111010001000000
Used module:     $paramod$ba2536d5b59d5e2dcd507e45e350d0d2a3f2c60f\GTP_LUT6D
Used module:     $paramod\GTP_LUT5D\INIT=32'00111111000011000100000001010001
Used module:     $paramod$c7b346bbd2f0df0cccd2ed121d3cb16c7165b909\GTP_LUT6D
Used module:     $paramod$85612a076d8785ad7e1f1eaeb315585cb83008bb\GTP_LUT6D
Used module:     $paramod$a5ec8848426eae4b21060a294613ecf0a5a1306e\GTP_LUT6D
Used module:     $paramod\GTP_LUT4D\INIT=16'0110100111101000
Used module:     $paramod$a539beea428dd852da75b307728919d27a5e23c1\GTP_LUT6D
Used module:     $paramod\GTP_LUT5D\INIT=32'01000101000000011001101001010110
Used module:     $paramod$52b627f09d6b0920ef46021e89d8ea59bd039ea8\GTP_LUT6D
Used module:     $paramod\GTP_LUT5D\INIT=32'00111111000011001001010110100110
Used module:     $paramod$0ddfef0da1d639aedacc105a538f694a27a5e664\GTP_LUT6D
Used module:     $paramod$f6add88f191142434273a409efe890d742a64484\GTP_LUT6D
Used module:     $paramod$2b92ac9405ffb9373a00b54e21e900bd604e75e1\GTP_LUT6D
Used module:     $paramod$b081a393d5a3e42729c829b3fcc8f327e2c8c8f7\GTP_LUT6D
Used module:     $paramod$63e3a099bf4aa34f8bbc84ef3629f928a98451f1\GTP_LUT6D
Used module:     $paramod\GTP_LUT5D\INIT=32'10110111010010000101010110101010
Used module:     $paramod\GTP_LUT4D\INIT=16'0101101000010001
Used module:     $paramod\GTP_LUT4D\INIT=16'0101101001100110
Used module:     $paramod\GTP_LUT5D\INIT=32'10110111010010001010000011111010
Used module:     $paramod$e4bb2aa5b0473a0bd78138f85a1040901e5523fc\GTP_LUT6D
Used module:     $paramod\GTP_LUT5D\INIT=32'01010101000000000111001001110010
Used module:     $paramod$7e398d6468573a65b02e9c0be68ae4e1da6cfa55\GTP_LUT6D
Used module:     $paramod\GTP_LUT5D\INIT=32'00000000010101011000111010001110
Used module:     $paramod$891299a0410f8687d5b6b611c4e48c4caf3226f4\GTP_LUT6D
Used module:     $paramod$cfffbcf8f6fea5f6e9eb5d1b747cfd89ba47eca7\GTP_LUT6D
Used module:     $paramod\GTP_LUT5D\INIT=32'00000101000001011110111010001000
Used module:     $paramod$783c0079b19367fefff1edd7a821473b3f23c731\GTP_LUT6D
Used module:     $paramod$c4454b0e4354d3c7441d2471345e640b0ccd9f5e\GTP_LUT6D
Used module:     $paramod$919dafd4d6060ea8147d79013184d62c114e0bcd\GTP_LUT6D
Used module:     $paramod\GTP_LUT4D\INIT=16'1110100001101001
Used module:     $paramod$1bfdfb965b95178fdd9bde7f36851bd5a4042e7c\GTP_LUT6D
Used module:     $paramod\GTP_LUT5D\INIT=32'00010001000000000100111000000000
Used module:     $paramod$3aa8899ca34b6fc36c1f623b34eba44ab14683fc\GTP_LUT6D
Used module:     $paramod$e290f9703e478db497e7d0a6924026c213e86c1a\GTP_LUT6D
Used module:     $paramod$b248236ecd8a38f2041324a2eff8e2f70d76b378\GTP_LUT6D
Used module:     $paramod\GTP_LUT4D\INIT=16'1001011010001110
Used module:     $paramod\GTP_LUT4D\INIT=16'1000111010010110
Used module:     $paramod$808609738dbf605878142e9f73d8b48ae4b396ce\GTP_LUT6D
Used module:     $paramod$8ba87c856ea6b3f75921816dbfbf420ac80aee3b\GTP_LUT6D
Used module:     $paramod$a14369cde6b8c479e94ca7e3eef900b1179f636f\GTP_LUT6D
Used module:     $paramod\GTP_LUT4D\INIT=16'0000111000010001
Used module:     $paramod$f3b4af0ae34e8e68b373e23283513b58f17baf07\GTP_LUT6D
Used module:     $paramod\GTP_LUT5D\INIT=32'01100110011001100000000000001111
Used module:     $paramod\GTP_LUT5D\INIT=32'10100110100101010101000101000000
Used module:     $paramod$bd38dc096d4975e13f80d639afc7ec1bd6e55ef2\GTP_LUT6D
Used module:     $paramod$3002544ab743a76dced6c531f8c82b6fb23d8ce2\GTP_LUT6D
Used module:     $paramod$2076b67a8ccb11bb5b04f4aabf4a5edf366037cc\GTP_LUT6D
Used module:     $paramod$269dbc4d18de413397023930f1495595138dd86c\GTP_LUT6D
Used module:     $paramod$2f97fb51e63cfd000ccfed931cf5c1379253b252\GTP_LUT6D
Used module:     $paramod\GTP_LUT5D\INIT=32'11111100101010000101010110101010
Used module:     $paramod\GTP_LUT5D\INIT=32'11111010101000000100100010110111
Used module:     $paramod$191c892ad98296c1621c5c18716088609e6716d6\GTP_LUT6D
Used module:     $paramod$9d1b2407f1beb944f8e921ec2b1337b6a7c57915\GTP_LUT6D
Used module:     $paramod$63e73573a24b8f50725dd1864e87a003ff66f512\GTP_LUT6D
Used module:     $paramod\GTP_LUT5D\INIT=32'00111111000011000101010110101010
Used module:     $paramod$ebe47d53bd374cf0b162fd1f9cf99f0282b635d3\GTP_LUT6D
Used module:     $paramod$6e281213e2f046e6f39dbb04a3e6dadbd7fb5f4d\GTP_LUT6D
Used module:     $paramod$90534322c002f536767bd6e88113cbd81e837f32\GTP_LUT6D
Used module:     $paramod$9bd9addbe5604d3604804de2b30910b3b68388a6\GTP_LUT6D
Used module:     $paramod$f659a1b60edee2b522e21b6730b008d28af6dd55\GTP_LUT6D
Used module:     $paramod$3efc35ac6384a74634f578aed4e5e03acf8d9ce2\GTP_LUT6D
Used module:     $paramod$ac7dc6d55c00c11fa06aa17ae2d0a4f440403d1b\GTP_LUT6D
Used module:     $paramod$b1f2acdd99e2fa148cba3ab4bca5b2198e913d8b\GTP_LUT6D
Used module:     $paramod$73dcf68930de2b50197c1e13d1de42971cc68e5a\GTP_LUT6D
Used module:     $paramod$49dac5eb76cdd460868ba9a993363fd77f4a8fdd\GTP_LUT6D
Used module:     $paramod$eb4b7a6109a08959342fec27225c36803509f253\GTP_LUT6D
Used module:     $paramod\GTP_LUT5D\INIT=32'00000101000000000011001100000000
Used module:     $paramod$572fd2e96507bcc6f5e165ee9db501d8bd09fc7c\GTP_LUT6D
Used module:     $paramod\GTP_LUT5D\INIT=32'01101001100101101110110110000100
Used module:     $paramod$7861db8c83ce66b32415fec10dd47c0ab7f9f909\GTP_LUT6D
Used module:     $paramod$346efba650ab58ed1d5d6bbf517510fb35e990e9\GTP_LUT6D
Used module:     $paramod$e395ced5df0be5ca9974b542360fa91b45bd7eaa\GTP_LUT6D
Used module:     $paramod\GTP_LUT5D\INIT=32'01011111000000000011001100000000
Used module:     $paramod$7bc5c9b97359aae15d373341a71701ec7d6cc5e3\GTP_LUT6D
Used module:     $paramod$e70a70875ab49b165e7d3403c74a80c999ee71bc\GTP_LUT6D
Used module:     $paramod$dce501fd9ba37fce5167db90be9cf9df4c081983\GTP_LUT6D
Used module:     $paramod\GTP_LUT5D\INIT=32'11010000110100000000000000110011
Used module:     $paramod\GTP_LUT5D\INIT=32'10000000100100000000000000110011
Used module:     $paramod\GTP_LUT5D\INIT=32'00001010000010101110111010001000
Used module:     $paramod\GTP_LUT5D\INIT=32'00000000001100111000000010010000
Used module:     $paramod$b72b119d921819da53eb99d11a6a20ec69efb451\GTP_LUT6D
Used module:     $paramod\GTP_LUT4D\INIT=16'0110011000010001
Used module:     $paramod$50f711fe3c34176ffb1a61d160f20ce13f72534e\GTP_LUT6D
Used module:     $paramod$f3017bc913b77418fb61f65917e82f9dd0b4e79c\GTP_LUT6D
Used module:     $paramod$51aa13dbc6b934988bdd595f61f32077d037ef8a\GTP_LUT6D
Used module:     $paramod$abbb4fe101854bc078a580c5a97fffe78066538c\GTP_LUT6D
Used module:     $paramod$a734f22af2dfca9be655d0187ee622acd1d6d5dc\GTP_LUT6D
Used module:     $paramod\GTP_LUT5D\INIT=32'00000011000000110000000001010101
Used module:     $paramod\GTP_LUT5D\INIT=32'11111010101000000100101110000111
Used module:     $paramod$2ccb2fb00dc8535ec60b652e34a993fe4c752074\GTP_LUT6D
Used module:     $paramod$bf22a6bb885232c788ff347ce7a0a82c51abd768\GTP_LUT6D
Used module:     $paramod$8d0f787be834cd86c6369789c7156f7ae53bb38b\GTP_LUT6D
Used module:     $paramod$898db1103637797985510ae3fdd352ce059f8bdf\GTP_LUT6D
Used module:     $paramod\GTP_LUT5D\INIT=32'01010101101010101011011101001000
Used module:     $paramod$66743718386e2257724bd701a92f768e66b081fc\GTP_LUT6D
Used module:     $paramod$678bec6b5e266887d8ea816efbbcaa8192f2db75\GTP_LUT6D
Used module:     $paramod\GTP_LUT5D\INIT=32'01010101101010101111110010101000
Used module:     $paramod$6013f1ae9251bea9ec836135941c6ef585c155c1\GTP_LUT6D
Used module:     $paramod$98676e193062bf4a8d0ca15052c1ef0506b3dde4\GTP_LUT6D
Used module:     $paramod$451ba40b9f0947b7dc011d751b2623a59ba6f97f\GTP_LUT6D
Used module:     $paramod$71038ecb1b827f633d55430369f9cd6070f76bdf\GTP_LUT6D
Used module:     $paramod\GTP_LUT5D\INIT=32'00001111000000111010000010100000
Used module:     $paramod$50f28117bc4b0a88635e10b4bf513904030337a2\GTP_LUT6D
Used module:     $paramod\GTP_LUT5D\INIT=32'00110011001100000101010101010000
Used module:     $paramod$8e772b5223b80c620077c62fc1264e5b8c3139d0\GTP_LUT6D
Used module:     $paramod\GTP_LUT5D\INIT=32'10111111000101010100010001000100
Used module:     $paramod$8d1795a21a772c823f68f33d05eb24ba2e91e34e\GTP_LUT6D
Used module:     $paramod$77e87cc0a91ca09614d872a208927bb8eea4f41a\GTP_LUT6D
Used module:     $paramod\GTP_LUT5D\INIT=32'00001111000000000100010001000100
Used module:     $paramod$3372b805c4447e7509739373168e7ee211f9f10a\GTP_LUT6D
Used module:     $paramod$b9a6e1b5711f8d41d74ab53a75e84e102168e310\GTP_LUT6D
Used module:     $paramod\GTP_LUT4D\INIT=16'1010000010000000
Used module:     $paramod$e2f8fe7d389feb0c108bf811f6c815c9addc3179\GTP_LUT6D
Used module:     $paramod\GTP_LUT4D\INIT=16'0000010100010001
Used module:     $paramod$784f8c59ba8e24177f481fa55fd738de456306cf\GTP_LUT6D
Used module:     $paramod\GTP_LUT5D\INIT=32'11110000000000000100010001000100
Used module:     $paramod\GTP_LUT5D\INIT=32'10100000000000001000000000000000
Used module:     $paramod\GTP_LUT4D\INIT=16'1000000010100000
Used module:     $paramod$542e61601eba76f43206fff3414d9b8796b89b39\GTP_LUT6D
Used module:     $paramod\GTP_LUT5D\INIT=32'00001010000010100011001100110000
Used module:     $paramod\GTP_LUT5D\INIT=32'00110011001100001000100010001010
Used module:     $paramod\GTP_LUT5D\INIT=32'00000000010101011011011101001000
Used module:     $paramod\GTP_LUT4D\INIT=16'0000001100000101
Used module:     $paramod$3b071bb02062c7d0c7ca8f9c692686ae7c5b017d\GTP_LUT6D
Used module:     $paramod$12b9c95366ab3c8e96a67460acaac5e357649a2b\GTP_LUT6D
Used module:     $paramod\GTP_LUT5D\INIT=32'00101111001011110000000000110011
Used module:     $paramod$7eb94523ee7a75697bb1af5132b49d348e5b4d84\GTP_LUT6D
Used module:     $paramod\GTP_LUT4D\INIT=16'0100010000001011
Used module:     $paramod$59edc63714849d4f256280c0535236ff65261822\GTP_LUT6D
Used module:     $paramod\GTP_LUT5D\INIT=32'10110100011110000101101001011010
Used module:     $paramod\GTP_LUT5D\INIT=32'00110011110011000101101001011010
Used module:     $paramod$60c00189886601115d63617fd634e0f608d391d4\GTP_LUT6D
Used module:     $paramod\GTP_LUT4D\INIT=16'0101101011101000
Used module:     $paramod\GTP_LUT5D\INIT=32'00000000101010101110100011101000
Used module:     $paramod$3766f85f60b36477d069376c2915f63562f1daa1\GTP_LUT6D
Used module:     $paramod\GTP_LUT5D\INIT=32'00010001000000000000001100000011
Used module:     $paramod\GTP_LUT5D\INIT=32'01010101101010101100111110001010
Used module:     $paramod\GTP_LUT5D\INIT=32'01001011100001111011010001111000
Used module:     $paramod$48cc97e326bc9f84204dc6f8a85904aa424ef5d4\GTP_LUT6D
Used module:     $paramod$f9f54caa0ee9036984bae1b6f230566417950fb5\GTP_LUT6D
Used module:     $paramod\GTP_LUT5D\INIT=32'00010001000100011110111000001110
Used module:     $paramod$0ba7d7f32a4de969b8da2da23b7655bf370040d9\GTP_LUT6D
Used module:     $paramod\GTP_LUT4D\INIT=16'0001000100001110
Used module:     $paramod\GTP_LUT5D\INIT=32'00000101000001011011010001111000
Used module:     $paramod$72da5402a30f6816b4d02abc053f219b7c900a26\GTP_LUT6D
Used module:     $paramod\GTP_LUT5D\INIT=32'01001011100001111010111100001010
Used module:     $paramod$7ffc21dca415f5ebaefb27615e98a6cdf497fda0\GTP_LUT6D
Used module:     $paramod$9b559803d11cc526362c72f67a861d9e66ab7458\GTP_LUT6D
Used module:     $paramod$f424b3d877c8985a86095cf2952488dfc160621e\GTP_LUT6D
Used module:     $paramod$53a632b7bfb0f4529f6760db4ebd292313ccd83a\GTP_LUT6D
Used module:     $paramod$5a9fcdf298383e0faf16840eda3bb9df1acdb59c\GTP_LUT6D
Used module:     $paramod$32a4057e8153aaf4e449d8ee737cc3a5a4b92c5c\GTP_LUT6D
Used module:     $paramod\GTP_LUT5D\INIT=32'00001010000010100011001100000000
Used module:     $paramod$0ec4963f1c19d7d8c6db0225b8ec4aa475553212\GTP_LUT6D
Used module:     $paramod\GTP_LUT5D\INIT=32'00000000001100110000111100000101
Used module:     $paramod\GTP_LUT5D\INIT=32'01000100010001000000000000001111
Used module:     $paramod\GTP_LUT5D\INIT=32'00110000001100000101010100000000
Used module:     $paramod\GTP_LUT5D\INIT=32'11001100000000000101000001010000
Used module:     $paramod\GTP_LUT5D\INIT=32'01000000010000001100110000000000
Used module:     $paramod$5dfc391f8b87984c885240b517768dfeb9c5a700\GTP_LUT6D
Used module:     $paramod\GTP_LUT4D\INIT=16'0101000000010001
Used module:     $paramod\GTP_LUT5D\INIT=32'10100000101000000000000000110011
Used module:     $paramod\GTP_LUT5D\INIT=32'01001000101101110101010100000000
Used module:     $paramod$2e81a97bfcfef014e179d7dd32ecc1d1eaa9a2d5\GTP_LUT6D
Used module:     $paramod\GTP_LUT5D\INIT=32'01010101000000001101100000000000
Used module:     $paramod$7800fce30dce7a1b8b4b587c12d4cb71b5d4b4b0\GTP_LUT6D
Used module:     $paramod\GTP_LUT5D\INIT=32'00000000001100110111111101101111
Used module:     $paramod\GTP_LUT4D\INIT=16'0110011000000101
Used module:     $paramod$dfbf1900e883fc9f5cd58475b0c9fee29c18c8c7\GTP_LUT6D
Used module:     $paramod$2b2d0355fee9dda7011318f18cce6136d6901ebf\GTP_LUT6D
Used module:     $paramod\GTP_LUT5D\INIT=32'00000101000000000110011001100110
Used module:     $paramod$bdfed1ab71c1791d54e3057ea019b450c40b44aa\GTP_LUT6D
Used module:     $paramod$d87103036883ea0862af15c2505dcfbefeed85e6\GTP_LUT6D
Used module:     $paramod$3ab13c8532fbbeaa3447af4dc4e36c7a43cd44a3\GTP_LUT6D
Used module:     $paramod\GTP_LUT5D\INIT=32'11110101000000000001000100010001
Used module:     $paramod$58a09d49cad41580899d986d931c3ce731a25c83\GTP_LUT6D
Used module:     $paramod$f61abeea0eeab4a62e7e20a2cd0dea398211c160\GTP_LUT6D
Used module:     $paramod$76f3b233d5483f30c064f4c54b04a746658c1245\GTP_LUT6D
Used module:     $paramod$21601f98742800264a2ea63e2605e61e07480f68\GTP_LUT6D
Used module:     $paramod$c50597adf1136bdef15bb903a70944ec72c9c9e7\GTP_LUT6D
Used module:     $paramod$275918b888d76be95acac57e850a055770a40e11\GTP_LUT6D
Used module:     $paramod$d84cbc7171e03b8185712df3ed0828d551909f41\GTP_LUT6D
Used module:     $paramod$2c45859be4e53033513f5ec4b6f5bfe127459cd5\GTP_LUT6D
Used module:     $paramod$4ffac8cbca55bc5517f11270c4c27759e47e5513\GTP_LUT6D
Used module:     $paramod$ebb82dc3855472d0b86f0c0ff1b8e1cbc3d78096\GTP_LUT6D
Used module:     $paramod$70a2d26bb56610680f041c671d895f5618a5d8a1\GTP_LUT6D
Used module:     $paramod$a68141fa2d8467c2a27792425de28c20706391d3\GTP_LUT6D
Used module:     $paramod$85cbdcd77837fc9edc5f4a62f755d79e9ef6c0ea\GTP_LUT6D
Used module:     $paramod$c2735287c6441c4c5244e38e10bed0c044f6e951\GTP_LUT6D
Used module:     $paramod\GTP_LUT4D\INIT=16'0101000010001000
Used module:     $paramod$693341626b0779a994c5023cc90c4f386a420463\GTP_LUT6D
Used module:     $paramod$62461b6ccb286b04d0b5eee465a113c441e80660\GTP_LUT6D
Used module:     $paramod$4e3f5c4b82cd44413fc52931cd942d8f4729031a\GTP_LUT6D
Used module:     $paramod\GTP_LUT5D\INIT=32'01010000010100001100110000000000
Used module:     $paramod\GTP_LUT5D\INIT=32'11110000110000000000000001010101
Used module:     $paramod\GTP_LUT5D\INIT=32'11101000111010000000000001010101
Used module:     $paramod\GTP_LUT5D\INIT=32'01000000111000000001000000010000
Used module:     $paramod\GTP_LUT5D\INIT=32'01010000010000001000000010010000
Used module:     $paramod\GTP_LUT5D\INIT=32'11000000110000000000000001010101
Used module:     $paramod$71bcfafb996c77cfff7aebc2fcde573b1d5a12ba\GTP_LUT6D
Used module:     $paramod$67993d83b49bbbf7dd4d483b2897d8b75308f7e0\GTP_LUT6D
Used module:     $paramod$6c836088c11853061b8fd2dc48d8d354e13fd726\GTP_LUT6D
Used module:     $paramod$74b257859fe0cc40fbdf2a894fae235c77c4baf8\GTP_LUT6D
Used module:     $paramod$1c39c46bd434b7369a1d3c021979f845bc163207\GTP_LUT6D
Used module:     $paramod$588bec7c1e24f4775b9e97d4a518f4b5af570582\GTP_LUT6D
Used module:     $paramod$5cc119d527a0aff5ab168ab952b732de937b294f\GTP_LUT6D
Used module:     $paramod$c3442f09e5c81fe5737f6d87cde644063d2f1505\GTP_LUT6D
Used module:     $paramod\GTP_LUT5D\INIT=32'01010101000000000000001100000011
Used module:     $paramod$a5bf1ce9ed552fe9878a0ef5518757849eaad9a7\GTP_LUT6D
Used module:     $paramod$f7bd20e88346df039e51959763f66284aa9b7815\GTP_LUT6D
Used module:     $paramod$90e0a57bb572b95cc2b8e199282d44515484e77c\GTP_LUT6D
Used module:     $paramod$5c2c56c5de0470bb04d91a88d553e128080692f4\GTP_LUT6D
Used module:     $paramod$845264ad4355709340aab3c130e09fe33904d344\GTP_LUT6D
Used module:     $paramod\GTP_LUT4D\INIT=16'0100010000001100
Used module:     $paramod\GTP_LUT5D\INIT=32'00010001000100010000001100000000
Used module:     $paramod$29b5ea379911db924f97cb2eb0a92d18ebd96634\GTP_LUT6D
Used module:     $paramod$4a4b22b9610b2934279d5edc33cbe3705f44a8b8\GTP_LUT6D
Used module:     $paramod\GTP_LUT5D\INIT=32'00110011001100000101010100010000
Used module:     $paramod$14e276464802fe9bec09baf1739fab86cec09ab4\GTP_LUT6D
Used module:     $paramod\GTP_LUT5D\INIT=32'10110000011100000100000011000100
Used module:     $paramod\GTP_LUT4D\INIT=16'0000001101010100
Used module:     $paramod$88dc3a256339dd14ffb45e3877f0d61bf07626bb\GTP_LUT6D
Used module:     $paramod$20df331212b024e7343875ce3a91b09ebdf6eba9\GTP_LUT6D
Used module:     $paramod$3a0ad712c78af1ce202728cf0d932f451af534ee\GTP_LUT6D
Used module:     $paramod\GTP_LUT5D\INIT=32'00000001000000010000000000110011
Used module:     $paramod\GTP_LUT4D\INIT=16'0001000100111100
Used module:     $paramod\GTP_LUT4D\INIT=16'0001000110001000
Used module:     $paramod$d801a6c61eb95ede719e7d9e5014eb164283faa8\GTP_LUT6D
Used module:     $paramod$99c1d4b59baebec24ee55507765d823177106adf\GTP_LUT6D
Used module:     $paramod\GTP_LUT5D\INIT=32'00000011111111000000000101010101
Used module:     $paramod$2878de34372b989a8db7685be6bea4a072c704d9\GTP_LUT6D
Used module:     $paramod\GTP_LUT5D\INIT=32'00000000110011110000000000001010
Used module:     $paramod\GTP_LUT4D\INIT=16'0101010000001011
Used module:     $paramod\GTP_LUT4D\INIT=16'1000000011000000
Used module:     $paramod\GTP_LUT5D\INIT=32'00010000000000000111000000010000
Used module:     $paramod$4745887ab72f1a99ae70eaeb2c570ef1ba6154a5\GTP_LUT6D
Used module:     $paramod$66ec245bec32698b977094073224279ebe008b87\GTP_LUT6D
Used module:     $paramod$a454a08009cea41cf0af1317298abd1749bc14eb\GTP_LUT6D
Used module:     $paramod$315b5e749556fd81975f0744a4192f08ae919c69\GTP_LUT6D
Used module:     $paramod$8a924c94477439bd154f74f37d45d6d62091803c\GTP_LUT6D
Used module:     $paramod$88f0a8c5139857d4eef9d3a6c19ca69c2e877611\GTP_LUT6D
Used module:     $paramod$59e29f78275868193c0ff80851eebf9f38cc8095\GTP_LUT6D
Used module:     $paramod\GTP_LUT5D\INIT=32'10000100011110111010111100001010
Used module:     $paramod\GTP_LUT5D\INIT=32'01001011100001111111101010100000
Used module:     $paramod$dcb57f3257ae135565aa99a01538050e3fc3f89e\GTP_LUT6D
Used module:     $paramod$359f172a897fa1c15c7fd0ec0c418668d0ea5ddc\GTP_LUT6D

3.574. Analyzing design hierarchy..
Top module:  \/Users/yoyowang/Desktop/benchmark/div.aig
Used module:     $paramod$951d9341ccd051e40ea46f5cef9c619fbabbc7fe\GTP_LUT6
Used module:     $paramod$0c75d9771d8390715aca7af4db20ea1c312fb822\GTP_LUT6
Used module:     $paramod$ba5b7173d63688aef01bb71a72821be0a07f9a87\GTP_LUT6
Used module:     $paramod\GTP_LUT4\INIT=16'1011011101001000
Used module:     $paramod$56887f0f5cf82d055e02966d1bd52eb3edcc0195\GTP_LUT6
Used module:     $paramod$41d307e6037aef0f6de8e94c2e50d77d8b6bb709\GTP_LUT6
Used module:     $paramod$7d0454c1babd540f4c4fe7907783493abc2113ae\GTP_LUT6
Used module:     $paramod\GTP_LUT4\INIT=16'1011010001001011
Used module:     $paramod$09259db225d769ce8527a5eada93fb5a1409294b\GTP_LUT6
Used module:     $paramod$e165c77f34c53f7ad5d54584a3c2c9586ae667f8\GTP_LUT6
Used module:     $paramod$1371f7acbb776edffbc3d61b6a56038ab548d7cb\GTP_LUT6
Used module:     $paramod$d656a6df532c1cc5662fe0a7afafccded88153c2\GTP_LUT6
Used module:     $paramod$96d4fd28579311011ec539e1b8cf13e5d774a2ec\GTP_LUT6
Used module:     $paramod\GTP_LUT5\INIT=32'01010001000101010100000000000100
Used module:     $paramod\GTP_LUT5\INIT=32'00010000001000000010001100010011
Used module:     $paramod\GTP_LUT4\INIT=16'0100000001010001
Used module:     $paramod$a118d3480dbade809b76bf838f3c3004c354f711\GTP_LUT6
Used module:     $paramod$bc6de2df570eae61bfd8035a14e07bf943960444\GTP_LUT6
Used module:     $paramod$05bf28522bbfbd204985901a35739be4c355ccc5\GTP_LUT6
Used module:     $paramod$ee1263cc1ddc67832d9e0851e42d909bf9eef3cd\GTP_LUT6
Used module:     $paramod\GTP_LUT5\INIT=32'00000000000000001111011111110001
Used module:     $paramod$5621a9cd48690f411228f0b6bdb270fa1a2d7e6c\GTP_LUT6
Used module:     $paramod\GTP_LUT4\INIT=16'0010100001111101
Used module:     $paramod\GTP_LUT4\INIT=16'0100100010110111
Used module:     $paramod$ccdd5a9a364248962fb863abd884fb447863184b\GTP_LUT6
Used module:     $paramod$13dae6cbd4564de771554ee22fdad6d345146db4\GTP_LUT6
Used module:     $paramod$e7416ded73550b1fbfd92c093bfbda4c30ad2c1d\GTP_LUT6
Used module:     $paramod\GTP_LUT5\INIT=32'10100101101001011001100110100101
Used module:     $paramod\GTP_LUT5\INIT=32'11111110111011001100100010000000
Used module:     $paramod\GTP_LUT4\INIT=16'1001010110100110
Used module:     $paramod$704f8042eefb99c5e76c6f22d96562ed7be56313\GTP_LUT6
Used module:     $paramod\GTP_LUT4\INIT=16'1011010001111000
Used module:     $paramod\GTP_LUT5\INIT=32'01100011100111001001001101101100
Used module:     $paramod$1a32a839c2615bdf0bae045c1db1e8d8ecb43fec\GTP_LUT6
Used module:     $paramod\GTP_LUT5\INIT=32'01010101010101010100010001010100
Used module:     $paramod\GTP_LUT5\INIT=32'00010000001000110010000000010011
Used module:     $paramod$994453de08275820de6999780eab8046cb11efa5\GTP_LUT6
Used module:     $paramod\GTP_LUT4\INIT=16'0101000101000000
Used module:     $paramod\GTP_LUT5\INIT=32'10000000101010101010100010101010
Used module:     $paramod\GTP_LUT5\INIT=32'11001100110000001100110010000000
Used module:     $paramod\GTP_LUT5\INIT=32'01110000000000000001000000000000
Used module:     $paramod$d9e9e614e54cc4c4358748ac1cf287279f49bea3\GTP_LUT6
Used module:     $paramod$b0d6733f8287b1f4519ab27fafdb29d794eb5ff3\GTP_LUT6
Used module:     $paramod$bed7f8e658c16542ac4e752a74b7ba29ebc0ad33\GTP_LUT6
Used module:     $paramod\GTP_LUT5\INIT=32'11111110110010001110110010000000
Used module:     $paramod$07860755a17736dd23243d1cf61e0b72a7347191\GTP_LUT6
Used module:     $paramod$b546be785baa12ed14b2175671e7c30a36d86266\GTP_LUT6
Used module:     $paramod$fc0d4ce59fd72224ec9737e28af8b5f3ed19c3eb\GTP_LUT6
Used module:     $paramod$dedcf4d9656f109d1eaec0cc15e13898817c1faa\GTP_LUT6
Used module:     $paramod$d052d25dc0bd6ad9ff7c9a26eacd3ea162ef961e\GTP_LUT6
Used module:     $paramod$3a4d0958b94a7cc7ae6840327ae5a3d4f6bdba69\GTP_LUT6
Used module:     $paramod$68948508929cf1b45292f1f9ec21ba12479e8234\GTP_LUT6
Used module:     $paramod$2d2b969be87441559eb459c999b8c8149bfe3c61\GTP_LUT6
Used module:     $paramod$f91aa6aa10c1df60576f8d480ff6a18a03e2f50d\GTP_LUT6
Used module:     $paramod$475d43747dd2d1cb5da6e8339b266a0c7e8685b1\GTP_LUT6
Used module:     $paramod$56ec69f5ad3f14b094fc128e37422ac7ba4b7984\GTP_LUT6
Used module:     $paramod\GTP_LUT5\INIT=32'00000000000000001111000111110111
Used module:     $paramod$1f80f9c53ec516ec2fe8c15365d505e814741623\GTP_LUT6
Used module:     $paramod$1b0920de6a7e68fb65e46a6ad96fe488b5da9be0\GTP_LUT6
Used module:     $paramod$f5e91dc1f96a466b43e2ea62cdda4c4f6c654a3c\GTP_LUT6
Used module:     $paramod$1a23fcdc77056cddef73e02f71c6f11d4a7f2c75\GTP_LUT6
Used module:     $paramod\GTP_LUT5\INIT=32'10100010101010101010001010100010
Used module:     $paramod\GTP_LUT4\INIT=16'0100101110000111
Used module:     $paramod$5ffe8ef32f3e30892f465aaf1cda4d491f9f7ca4\GTP_LUT6
Used module:     $paramod$fb68d1b93b6343b7a7dddb6e4be19d3395b2f7b2\GTP_LUT6
Used module:     $paramod$1774b298c8b4a8467a2e086a655eca9723a36b76\GTP_LUT6
Used module:     $paramod\GTP_LUT4\INIT=16'1100100011111010
Used module:     $paramod\GTP_LUT5\INIT=32'11010011010000000111001100010000
Used module:     $paramod\GTP_LUT4\INIT=16'0001000000000000
Used module:     $paramod\GTP_LUT5\INIT=32'11111010111110100101000011011000
Used module:     $paramod$1f07c78b7596ae3cc784bc1b7b3088e6f009fa10\GTP_LUT6
Used module:     $paramod$f15b9bf9cb8861ef7216179fbd2df4c7c6441f64\GTP_LUT6
Used module:     $paramod$a6005f0362de039403b8edd691a8c592fb652db1\GTP_LUT6
Used module:     $paramod$f250f2215e5f2c3a3f2a6ba09def96725fd973d0\GTP_LUT6
Used module:     $paramod$ce1831b0d031955412f7beb8faa3d1e6f6da5dc2\GTP_LUT6
Used module:     $paramod\GTP_LUT4\INIT=16'1111101011011000
Used module:     $paramod$32b78369625acb113aa9d87af649528f5f47b981\GTP_LUT6
Used module:     $paramod$d21812dac985055b32b3eca39f691c7445670fb1\GTP_LUT6
Used module:     $paramod$7e2ac04157a091c3b8a12e0cff2a72bd6e4261c7\GTP_LUT6
Used module:     $paramod$6c94083ddc07122c1401e63ff0ad5cfb427d062f\GTP_LUT6
Used module:     $paramod$c103504dff926e66c59921f10489f9ae5d25b733\GTP_LUT6
Used module:     $paramod$c89604e91de683c14486dd9c1cf554a82342b2d7\GTP_LUT6
Used module:     $paramod$c758c6bfc61f8e37dcd7a7f48e34ad23eb8f6f77\GTP_LUT6
Used module:     $paramod$85f251445b3a4f7d3ed70f371bd462fba397ce2f\GTP_LUT6
Used module:     $paramod$dc0e78ce81fab0b2e4e927aaa22737ed9b952ead\GTP_LUT6
Used module:     $paramod$d0786e5f061f671afea1f46920fb14bc9c07fd28\GTP_LUT6
Used module:     $paramod$1296b162177a75336e86b66b1e8244dba2f42a83\GTP_LUT6
Used module:     $paramod\GTP_LUT5\INIT=32'11011000110110001111101011011000
Used module:     $paramod\GTP_LUT5\INIT=32'10011001100110011001100101011010
Used module:     $paramod$0923cfa06370e3823e7c272e66356f48cb185299\GTP_LUT6
Used module:     $paramod$12b956d2bfe85f86462d2c685784f36cd1735d0b\GTP_LUT6
Used module:     $paramod$67d66995a90fb8f1acfec5d90247fa6057927000\GTP_LUT6
Used module:     $paramod$a2bc838eb55497e2e16d2aff53382db9fc474773\GTP_LUT6
Used module:     $paramod\GTP_LUT5\INIT=32'11001000110010001100100011111010
Used module:     $paramod$ba327f2f01e84494aa5cda6f72ec86ddb332b16c\GTP_LUT6
Used module:     $paramod$0fc4a3ce8e7e82c8b538b3e41d4a8d8581b02549\GTP_LUT6
Used module:     $paramod\GTP_LUT3\INIT=8'00001011
Used module:     $paramod$06f6fd3eedef20662989266ce101c6c76a6efff4\GTP_LUT6
Used module:     $paramod$fb059cea1f34c1df93b32ef7ecd9318417c53d0f\GTP_LUT6
Used module:     $paramod\GTP_LUT3\INIT=8'01010001
Used module:     $paramod$e217d00130b23f9657bb05d8b9062f6ed8c27733\GTP_LUT6
Used module:     $paramod$6788864a5ba2f165a6c227010cdf709df1c0e01d\GTP_LUT6
Used module:     $paramod\GTP_LUT3\INIT=8'01111000
Used module:     $paramod\GTP_LUT3\INIT=8'01110010
Used module:     $paramod\GTP_LUT5\INIT=32'01110111011110111000100010000100
Used module:     $paramod$bfde43f9375641a8be061bcf417c25d0e8103358\GTP_LUT6
Used module:     $paramod$5687794a905ddabec7142ca1f414d229e855f3bc\GTP_LUT6
Used module:     $paramod\GTP_LUT5\INIT=32'11001000100000001111111011101100
Used module:     $paramod$390a1399a6fc91c2e4ff254709cc600940b89e63\GTP_LUT6
Used module:     $paramod$4b2239dd3344a8ff3422dccce18769027b8a192e\GTP_LUT6
Used module:     $paramod$69c6b83f5c699bf5e17cea92274928f44d304629\GTP_LUT6
Used module:     $paramod$11ad22dd741c8e5bca22c1b643c18f9d805d6ae6\GTP_LUT6
Used module:     $paramod$a6f464deed30c7746a66d1d42feb92dbfecc19d4\GTP_LUT6
Used module:     $paramod$85213762418d52be3bc2283a5f4bd45ceb8af43b\GTP_LUT6
Used module:     $paramod$b2ef3add4eb53705176e99a262fd81a24b6813d1\GTP_LUT6
Used module:     $paramod$339d5456bc04eada5134358929b5309c6253e25d\GTP_LUT6
Used module:     $paramod$3d73145d84fc0f4fe12d071624ee958d2a34ad61\GTP_LUT6
Used module:     $paramod$12a4f35fd903bf646a3e593c2869a3c6a562316c\GTP_LUT6
Used module:     $paramod$420f2c7153f156ae085510c99ee54f35ace6c1f9\GTP_LUT6
Used module:     $paramod$4ab64a9cad038af67431c74c463f51d0500de987\GTP_LUT6
Used module:     $paramod$4c3faea74aef4abaf79ddc4f8a1615e26857e466\GTP_LUT6
Used module:     $paramod\GTP_LUT5\INIT=32'10010011010111111010000001101100
Used module:     $paramod$ab62f3409345c37b7cfd12793497f65fc667fc2f\GTP_LUT6
Used module:     $paramod$41d159e28863b08419671248d537e89131d10f6a\GTP_LUT6
Used module:     $paramod$be96578f7bb2910608aeb462f0a29246a35a6677\GTP_LUT6
Used module:     $paramod\GTP_LUT4\INIT=16'0111110100101000
Used module:     $paramod$b52a007edf2fe88b13dd6c5b929b773b8f5b4e73\GTP_LUT6
Used module:     $paramod$29b23bb86a3bab872b65412e2bbfe72509203217\GTP_LUT6
Used module:     $paramod\GTP_LUT5\INIT=32'10011001101001011010010110100101
Used module:     $paramod\GTP_LUT5\INIT=32'01100011100100111001110001101100
Used module:     $paramod\GTP_LUT4\INIT=16'1000000010010000
Used module:     $paramod\GTP_LUT5\INIT=32'10010110111101101001011011110000
Used module:     $paramod$8cd7e9b161dad2ff8eac52b3a80a757c3d59bd4e\GTP_LUT6
Used module:     $paramod\GTP_LUT5\INIT=32'00000000000000001111101110110011
Used module:     $paramod\GTP_LUT5\INIT=32'11001000111111101000000011101100
Used module:     $paramod\GTP_LUT5\INIT=32'10101011000000100101010011111101
Used module:     $paramod\GTP_LUT5\INIT=32'11111111110011001011001101000000
Used module:     $paramod$b1fb4677aea079d4c03eebaa7bc1f97787dfc032\GTP_LUT6
Used module:     $paramod$2f958ce0214b28f5901173f5fc8c66b503d9e587\GTP_LUT6
Used module:     $paramod\GTP_LUT4\INIT=16'0000000101010101
Used module:     $paramod\GTP_LUT5\INIT=32'01111000011110000111100010110100
Used module:     $paramod$424d2f8f1ee0b36a9f3af771bdb6a9d93b5c1c55\GTP_LUT6
Used module:     $paramod$3e2db026235381543a840dcfa5b2c53cbd48cb47\GTP_LUT6
Used module:     $paramod$b38e8ed8580593830ba5c5520eac2b6518fe48a2\GTP_LUT6
Used module:     $paramod\GTP_LUT5\INIT=32'10001000100010001110111010001110
Used module:     $paramod\GTP_LUT5\INIT=32'00001111000011110110100100001111
Used module:     $paramod$47129716f55bca087ad4ae2bfb763c97f945d2d8\GTP_LUT6
Used module:     $paramod\GTP_LUT5\INIT=32'00110001001100000011001100110001
Used module:     $paramod\GTP_LUT5\INIT=32'11100100111001001110010001001110
Used module:     $paramod\GTP_LUT5\INIT=32'01011010010110101001100101011010
Used module:     $paramod$2865b5cc516b09fe35b4c4eafb13abc1dc5cdaab\GTP_LUT6
Used module:     $paramod\GTP_LUT4\INIT=16'1111110010101000
Used module:     $paramod$874bc5030e9be49fdd45b9d00944f87dd13d8c67\GTP_LUT6
Used module:     $paramod\GTP_LUT5\INIT=32'10011001010110100101101001011010
Used module:     $paramod\GTP_LUT5\INIT=32'00110001000000010011001000000010
Used module:     $paramod$f436d6db3d03e7f9df643a0433bf12f0cf64e1aa\GTP_LUT6
Used module:     $paramod\GTP_LUT4\INIT=16'0000010100000001
Used module:     $paramod$a6caff50665e5fc1707f18f8083d784a5cfc2361\GTP_LUT6
Used module:     $paramod$af046cc46087bf0b0924fadb497d1e35a60695cd\GTP_LUT6
Used module:     $paramod$cdf1292afeccbd18b37e05ea1a59042b0b9336ab\GTP_LUT6
Used module:     $paramod$61e78ce1860ea3a4ebd61d490c52f3fe996c0831\GTP_LUT6
Used module:     $paramod$93a26f0a26dec189488b3872d45eec18d34b8b43\GTP_LUT6
Used module:     $paramod\GTP_LUT4\INIT=16'0111001011011000
Used module:     $paramod\GTP_LUT4\INIT=16'1110111011101010
Used module:     $paramod$2086b9f12758d8b18f4a3f2de66b6aa02007324e\GTP_LUT6
Used module:     $paramod$9b485b3ed553813ee1a23748acdb6144e26a35b8\GTP_LUT6
Used module:     $paramod$9ecfc6cc0b920925b36be3f5ead14270438096a2\GTP_LUT6
Used module:     $paramod\GTP_LUT5\INIT=32'00001111000000010000111100000111
Used module:     $paramod$3397340bd2e8680376c6f7b93d19510d7234d3a2\GTP_LUT6
Used module:     $paramod\GTP_LUT4\INIT=16'0010001010100010
Used module:     $paramod$750375634bdacfa865b218a9fe4cdce7812ef43a\GTP_LUT6
Used module:     $paramod\GTP_LUT5\INIT=32'11001100100010001100111110001010
Used module:     $paramod$04e78a26c4a3c9f49ddae81658f0cb6d4377d9ed\GTP_LUT6
Used module:     $paramod\GTP_LUT3\INIT=8'00100111
Used module:     $paramod$277a0137731c4471cc31791c9c5b4b05f6b0219c\GTP_LUT6
Used module:     $paramod$2a1d8ade6ff6178768bbcab252b94773bc50736d\GTP_LUT6
Used module:     $paramod\GTP_LUT5\INIT=32'11100100000000000000000000000000
Used module:     $paramod$ca525c6e0ecf033812d4b07dad396017e2535a90\GTP_LUT6
Used module:     $paramod$6d396c6c2d94ee9992ea7d5450d3b683a78456a9\GTP_LUT6
Used module:     $paramod$40e370adfa6bb0622a98ad9e31f679f8f4ce2b18\GTP_LUT6
Used module:     $paramod\GTP_LUT5\INIT=32'10010110100101101001011011110000
Used module:     $paramod$2c13d5acce4c7fd2df879c281671ed02bcc5a3fe\GTP_LUT6
Used module:     $paramod$89be66fbf504c1fed8175540d9091fe33b7af204\GTP_LUT6
Used module:     $paramod\GTP_LUT5\INIT=32'11101110111001000100010001001110
Used module:     $paramod$bc963ac03b9d94612ed827fbd207a8640a48e4a2\GTP_LUT6
Used module:     $paramod\GTP_LUT4\INIT=16'0001000101010001
Used module:     $paramod$ead06842ec65f642bc887c86d63c3366000b86a2\GTP_LUT6
Used module:     $paramod$7ca2f787c7043c9a5065be9fa7772b07e0fc7eb1\GTP_LUT6
Used module:     $paramod$e241f7cc97967b7ed42e1b86ff1ff545d8304b5a\GTP_LUT6
Used module:     $paramod\GTP_LUT3\INIT=8'11011000
Used module:     $paramod\GTP_LUT4\INIT=16'1010101100000010
Used module:     $paramod\GTP_LUT5\INIT=32'10100110101010101010011010100110
Used module:     $paramod\GTP_LUT5\INIT=32'00000010000000100010001000000010
Used module:     $paramod$de0a76b91ca2e525bc99cc8505514d27f3686634\GTP_LUT6
Used module:     $paramod$f76e654aca212731ea7d862169097b53e601cdf3\GTP_LUT6
Used module:     $paramod$296a0638ffff8421f7ebc8172bdf027696c1a1ea\GTP_LUT6
Used module:     $paramod\GTP_LUT5\INIT=32'00101010101010101010101010101010
Used module:     $paramod$039e92055ef86e268e8bf7db71f846021a777eda\GTP_LUT6
Used module:     $paramod$20246d5e7b6bcf137d425da26da5fdd90dad3f52\GTP_LUT6
Used module:     $paramod\GTP_LUT3\INIT=8'00010000
Used module:     $paramod\GTP_LUT5\INIT=32'11111111111111110000010001001100
Used module:     $paramod$17ce79986d1bc174123b0ed208dcaf06e228507d\GTP_LUT6
Used module:     $paramod$e401d81069f970eb7d982db63e49955cb5ffef8c\GTP_LUT6
Used module:     $paramod$9fbc780b78da318befae6258e9becc20ce94f16c\GTP_LUT6
Used module:     $paramod$0deb6b081de45add357b6fe75f0862b3d4ca0f20\GTP_LUT6
Used module:     $paramod$972f1714d1dc6b1e3355683168162df4d0a61ad5\GTP_LUT6
Used module:     $paramod\GTP_LUT5\INIT=32'00111100001111000011110001010101
Used module:     $paramod$ef38d92811a8e30fc4d3c7f90ccf5820d12a27ee\GTP_LUT6
Used module:     $paramod\GTP_LUT5\INIT=32'01000000000001000101000100010101
Used module:     $paramod\GTP_LUT4\INIT=16'0010000000100010
Used module:     $paramod$46f5c0954ad311b7243b5d5291dd3968304cb6e6\GTP_LUT6
Used module:     $paramod$6c28fc7d1c1b33ea74b310404e7e7972defc560c\GTP_LUT6
Used module:     $paramod$6bd9a88cca82382d8955092182c81d7fe192acf9\GTP_LUT6
Used module:     $paramod$f5d0c8e1c3a7898bd818c9cc8dd705ac654e75d6\GTP_LUT6
Used module:     $paramod\GTP_LUT5\INIT=32'01000000000000001100000001000000
Used module:     $paramod\GTP_LUT5\INIT=32'01010001010100010000010000000000
Used module:     $paramod\GTP_LUT4\INIT=16'1010001010101010
Used module:     $paramod$4ba17415a97c4465417eade04661ea889ecb893b\GTP_LUT6
Used module:     $paramod$1e710aa23d2a0db3699fbbcb4ecb4d47f094383c\GTP_LUT6
Used module:     $paramod$897ceff9abc933fc69feb3339855ec8df366be97\GTP_LUT6
Used module:     $paramod$f6c47a76618f374dcca6e4616ee4064fb2f0cd5e\GTP_LUT6
Used module:     $paramod$5a80f1f509bd6ce309411a66a79bd87e225c5832\GTP_LUT6
Used module:     $paramod$8b59de913fa422fdebc207d9c7134c76e328e21b\GTP_LUT6
Used module:     $paramod$e21ef922631554a2b1e65f958db833b8d8f2d51d\GTP_LUT6
Used module:     $paramod$492504319aaaedd247a3255e8ac4e753d3714520\GTP_LUT6
Used module:     $paramod\GTP_LUT5\INIT=32'00101100101111111000110011101111
Used module:     $paramod\GTP_LUT3\INIT=8'00110001
Used module:     $paramod\GTP_LUT4\INIT=16'1000010001111011
Used module:     $paramod$9a524fe595fd76f4b217526508da8ecbec10199a\GTP_LUT6
Used module:     $paramod\GTP_LUT5\INIT=32'00000000000010110000000000000000
Used module:     $paramod$bd4ba035eee670a503520688efe5c345253c9d5f\GTP_LUT6D
Used module:     $paramod$11fed1dd198f80ed0d4318b8012f68678e60c535\GTP_LUT6D
Used module:     $paramod$c545c456c9be78860fb6a8fb7b7d2cb9c1393b6e\GTP_LUT6D
Used module:     $paramod$f0e6c605184ad8cf9f568956b13b1861b06941fb\GTP_LUT6D
Used module:     $paramod$ede8dedfe9dee0f1663bc944cf9e611acc0161ca\GTP_LUT6D
Used module:     $paramod$0dae4d9e1ca50c63fdcb1cefb89e918433b5868e\GTP_LUT6D
Used module:     $paramod$1e34627ef1ff08cc201b27d74d787a2796046a50\GTP_LUT6D
Used module:     $paramod$461eaa86925925867c7891a8b1d576a5f57f5c80\GTP_LUT6D
Used module:     $paramod$3a1123eb827210e7e6d4e8c5070450fe78e8b3d0\GTP_LUT6D
Used module:     $paramod$9ebd56b4eba57b8f2f994356054d4653f724c6b8\GTP_LUT6D
Used module:     $paramod$1eb48d280aff69d02b517631fd17ff353de70488\GTP_LUT6D
Used module:     $paramod$10e85ce6d4539d806c535cd386d328e47857f938\GTP_LUT6D
Used module:     $paramod\GTP_LUT5D\INIT=32'00111100001111000101010110101010
Used module:     $paramod\GTP_LUT5D\INIT=32'00000000000011110110011001100110
Used module:     $paramod\GTP_LUT5D\INIT=32'00000000001100110101101001011010
Used module:     $paramod\GTP_LUT5D\INIT=32'00000011000000110101010110101010
Used module:     $paramod\GTP_LUT5D\INIT=32'00010001000100010000000000001111
Used module:     $paramod\GTP_LUT5D\INIT=32'11111010101000001011010001111000
Used module:     $paramod\GTP_LUT5D\INIT=32'00000000000011110001000100010001
Used module:     $paramod$32b392105320d590b0d1335929706f03bc62a2bd\GTP_LUT6D
Used module:     $paramod\GTP_LUT4D\INIT=16'0001000101100110
Used module:     $paramod$e7c8afd08dcc13fdf8d16a963571f44a049e6371\GTP_LUT6D
Used module:     $paramod\GTP_LUT4D\INIT=16'0100010010011001
Used module:     $paramod\GTP_LUT5D\INIT=32'10010101101001100100000001010001
Used module:     $paramod\GTP_LUT5D\INIT=32'10110111010010001111101010100000
Used module:     $paramod$b2d8d094daeff0d143ffecf0d194c6d45d8cacba\GTP_LUT6D
Used module:     $paramod$6514437ebc2be36887225f7108438a1e1b3b6b65\GTP_LUT6D
Used module:     $paramod$e3b286f9852b83380f3099e0461d08a5bfaa9537\GTP_LUT6D
Used module:     $paramod$7b3927fcfc7d364b2fa99b56bc684bba3a49d49a\GTP_LUT6D
Used module:     $paramod$9a608af8a229124ec13d555cb65a5726544533ab\GTP_LUT6D
Used module:     $paramod$3017076a7215a4248c66152b38e5b848a74e5447\GTP_LUT6D
Used module:     $paramod\GTP_LUT5D\INIT=32'01000100010001001100000000000000
Used module:     $paramod\GTP_LUT5D\INIT=32'01000100010001001011010001001011
Used module:     $paramod\GTP_LUT5D\INIT=32'00100010000000000010000000000000
Used module:     $paramod$4c6ef7381bb67b6b840ee6d5a82d90ba71d74959\GTP_LUT6D
Used module:     $paramod$59dac5a12dea57aa537d5305bcb2ec66cfd5e691\GTP_LUT6D
Used module:     $paramod$f47193e463bbfbc950dcc5908fe3774c076e228f\GTP_LUT6D
Used module:     $paramod$e0894153598e13decf16633393e7d60a8ab0ea6f\GTP_LUT6D
Used module:     $paramod$4eeb3443e0af2151210db3ed41c7abc97d098c91\GTP_LUT6D
Used module:     $paramod$1c707079d13527cf3ef76d5ba573813b6df56197\GTP_LUT6D
Used module:     $paramod\GTP_LUT5D\INIT=32'10110100011110001111101010100000
Used module:     $paramod\GTP_LUT5D\INIT=32'00001100001111110101000101000000
Used module:     $paramod$01951d3ac7eb2934808406de7a90f73a28bce76c\GTP_LUT6D
Used module:     $paramod\GTP_LUT4D\INIT=16'1100001101010001
Used module:     $paramod$304965d5399b3b25a551af9bdfc77638657c8c9c\GTP_LUT6D
Used module:     $paramod\GTP_LUT5D\INIT=32'11111010101000001011011101001000
Used module:     $paramod$4423c194664bf0335d103333460b31b1b13d03ba\GTP_LUT6D
Used module:     $paramod$3162d1c10e3b1a49aee26fa976ae76b3fa987b59\GTP_LUT6D
Used module:     $paramod$4bc40d86a52c1e63c4562b2dc449fde362de88e5\GTP_LUT6D
Used module:     $paramod$dd9c8722e62662f993db2ba8b20ad11b332ab942\GTP_LUT6D
Used module:     $paramod$dca40f54523b286918dfcf57a009f40043243f8d\GTP_LUT6D
Used module:     $paramod$46d3e16c04bfe1b4f0b58b14a125a24e207cc06d\GTP_LUT6D
Used module:     $paramod$f72c46f961b2bac3a99f2a52f7748c06e246eef3\GTP_LUT6D
Used module:     $paramod$0de14bd6f4af05587059e88ad7395a3915bd6356\GTP_LUT6D
Used module:     $paramod\GTP_LUT5D\INIT=32'10100000111110100100100010110111
Used module:     $paramod$82dd2479de6336a0732397f62a310ecb806c2a00\GTP_LUT6D
Used module:     $paramod$39d688e45d1638d2eb5939d97c31487604773b85\GTP_LUT6D
Used module:     $paramod\GTP_LUT5D\INIT=32'11110011110000000101000101000000
Used module:     $paramod$fe9af186da0a26d9485325ca6423ff8ce486f310\GTP_LUT6D
Used module:     $paramod$46a7fd9fa76703893bf91e173298242d6f7b4900\GTP_LUT6D
Used module:     $paramod$58755af4624e26311566875bbd5a883b5ba73ac5\GTP_LUT6D
Used module:     $paramod\GTP_LUT5D\INIT=32'00001100001111111010011010010101
Used module:     $paramod$a1085436c2c545ad5d7960f5b9338d229974b180\GTP_LUT6D
Used module:     $paramod\GTP_LUT5D\INIT=32'01010110101010010000001100000011
Used module:     $paramod\GTP_LUT5D\INIT=32'10110111010010001011011101001000
Used module:     $paramod$776f34e3342868272505654f9782970af7cda005\GTP_LUT6D
Used module:     $paramod\GTP_LUT5D\INIT=32'01010001010000000000110000111111
Used module:     $paramod\GTP_LUT4D\INIT=16'1001100100001011
Used module:     $paramod\GTP_LUT5D\INIT=32'01001000101101111010000011111010
Used module:     $paramod$93553d21b6759e4d55145c4be4f5e4ec7042e2d8\GTP_LUT6D
Used module:     $paramod$3aef9a5ff6b5a39bea648b2b7fec2c8f8f33ca29\GTP_LUT6D
Used module:     $paramod\GTP_LUT5D\INIT=32'01001000101101111011011101001000
Used module:     $paramod$e4f4b2bf6e54a8eae6b25fbe48bbe66bc4c5f7a4\GTP_LUT6D
Used module:     $paramod$9d91eab03c9a808f611edae1403c6044cce351fe\GTP_LUT6D
Used module:     $paramod$c03cda98268425c6f945503e7b43676891c0fb93\GTP_LUT6D
Used module:     $paramod\GTP_LUT5D\INIT=32'11000011001100110101000001010000
Used module:     $paramod$77aec33ec33d7449abdc42d285cfff46d68bcf3b\GTP_LUT6D
Used module:     $paramod$6056785a1d9475f059826fae593357e1c74dd68c\GTP_LUT6D
Used module:     $paramod$59cbfe4d8728420fa4924df8369b2dd674690ac7\GTP_LUT6D
Used module:     $paramod$352ab638bbb343bd92cd1284894d83060e311f7b\GTP_LUT6D
Used module:     $paramod\GTP_LUT5D\INIT=32'10110111010010000000000001010101
Used module:     $paramod$9fb831f112f3bae4e835a96ef36553ef43fb62e5\GTP_LUT6D
Used module:     $paramod$ee2f5b754302182e418215b57e061374c268c6a9\GTP_LUT6D
Used module:     $paramod$dba629db9204b9121d4538245f5b467b5498f66e\GTP_LUT6D
Used module:     $paramod\GTP_LUT5D\INIT=32'01010101101010101110100011101000
Used module:     $paramod\GTP_LUT4D\INIT=16'0101000000110000
Used module:     $paramod$94dc1036ca84a684dd91d5d88db838f4dce1a55d\GTP_LUT6D
Used module:     $paramod$28ca4db1e013af619b3afc51725620bc78d0b6ed\GTP_LUT6D
Used module:     $paramod$b244ab0e33bb0fbf46a33baeed5c1272f5080ab2\GTP_LUT6D
Used module:     $paramod$e05e84a0c7b5acdffd97c38d3966a2482d4a374e\GTP_LUT6D
Used module:     $paramod$a6e605327cfae1ccfc6de811818bd3ac91f8d77f\GTP_LUT6D
Used module:     $paramod$cf72d1efd965e869eff71f577e3455a0ac52f7bb\GTP_LUT6D
Used module:     $paramod$419bc977273285d5c468449cd3807d80893c7736\GTP_LUT6D
Used module:     $paramod$761b1a5f3c7100d216e346a5a27c24826812ef9a\GTP_LUT6D
Used module:     $paramod\GTP_LUT5D\INIT=32'10110100010010111111010001000000
Used module:     $paramod$ba2536d5b59d5e2dcd507e45e350d0d2a3f2c60f\GTP_LUT6D
Used module:     $paramod\GTP_LUT5D\INIT=32'00111111000011000100000001010001
Used module:     $paramod$c7b346bbd2f0df0cccd2ed121d3cb16c7165b909\GTP_LUT6D
Used module:     $paramod$85612a076d8785ad7e1f1eaeb315585cb83008bb\GTP_LUT6D
Used module:     $paramod$a5ec8848426eae4b21060a294613ecf0a5a1306e\GTP_LUT6D
Used module:     $paramod\GTP_LUT4D\INIT=16'0110100111101000
Used module:     $paramod$a539beea428dd852da75b307728919d27a5e23c1\GTP_LUT6D
Used module:     $paramod\GTP_LUT5D\INIT=32'01000101000000011001101001010110
Used module:     $paramod$52b627f09d6b0920ef46021e89d8ea59bd039ea8\GTP_LUT6D
Used module:     $paramod\GTP_LUT5D\INIT=32'00111111000011001001010110100110
Used module:     $paramod$0ddfef0da1d639aedacc105a538f694a27a5e664\GTP_LUT6D
Used module:     $paramod$f6add88f191142434273a409efe890d742a64484\GTP_LUT6D
Used module:     $paramod$2b92ac9405ffb9373a00b54e21e900bd604e75e1\GTP_LUT6D
Used module:     $paramod$b081a393d5a3e42729c829b3fcc8f327e2c8c8f7\GTP_LUT6D
Used module:     $paramod$63e3a099bf4aa34f8bbc84ef3629f928a98451f1\GTP_LUT6D
Used module:     $paramod\GTP_LUT5D\INIT=32'10110111010010000101010110101010
Used module:     $paramod\GTP_LUT4D\INIT=16'0101101000010001
Used module:     $paramod\GTP_LUT4D\INIT=16'0101101001100110
Used module:     $paramod\GTP_LUT5D\INIT=32'10110111010010001010000011111010
Used module:     $paramod$e4bb2aa5b0473a0bd78138f85a1040901e5523fc\GTP_LUT6D
Used module:     $paramod\GTP_LUT5D\INIT=32'01010101000000000111001001110010
Used module:     $paramod$7e398d6468573a65b02e9c0be68ae4e1da6cfa55\GTP_LUT6D
Used module:     $paramod\GTP_LUT5D\INIT=32'00000000010101011000111010001110
Used module:     $paramod$891299a0410f8687d5b6b611c4e48c4caf3226f4\GTP_LUT6D
Used module:     $paramod$cfffbcf8f6fea5f6e9eb5d1b747cfd89ba47eca7\GTP_LUT6D
Used module:     $paramod\GTP_LUT5D\INIT=32'00000101000001011110111010001000
Used module:     $paramod$783c0079b19367fefff1edd7a821473b3f23c731\GTP_LUT6D
Used module:     $paramod$c4454b0e4354d3c7441d2471345e640b0ccd9f5e\GTP_LUT6D
Used module:     $paramod$919dafd4d6060ea8147d79013184d62c114e0bcd\GTP_LUT6D
Used module:     $paramod\GTP_LUT4D\INIT=16'1110100001101001
Used module:     $paramod$1bfdfb965b95178fdd9bde7f36851bd5a4042e7c\GTP_LUT6D
Used module:     $paramod\GTP_LUT5D\INIT=32'00010001000000000100111000000000
Used module:     $paramod$3aa8899ca34b6fc36c1f623b34eba44ab14683fc\GTP_LUT6D
Used module:     $paramod$e290f9703e478db497e7d0a6924026c213e86c1a\GTP_LUT6D
Used module:     $paramod$b248236ecd8a38f2041324a2eff8e2f70d76b378\GTP_LUT6D
Used module:     $paramod\GTP_LUT4D\INIT=16'1001011010001110
Used module:     $paramod\GTP_LUT4D\INIT=16'1000111010010110
Used module:     $paramod$808609738dbf605878142e9f73d8b48ae4b396ce\GTP_LUT6D
Used module:     $paramod$8ba87c856ea6b3f75921816dbfbf420ac80aee3b\GTP_LUT6D
Used module:     $paramod$a14369cde6b8c479e94ca7e3eef900b1179f636f\GTP_LUT6D
Used module:     $paramod\GTP_LUT4D\INIT=16'0000111000010001
Used module:     $paramod$f3b4af0ae34e8e68b373e23283513b58f17baf07\GTP_LUT6D
Used module:     $paramod\GTP_LUT5D\INIT=32'01100110011001100000000000001111
Used module:     $paramod\GTP_LUT5D\INIT=32'10100110100101010101000101000000
Used module:     $paramod$bd38dc096d4975e13f80d639afc7ec1bd6e55ef2\GTP_LUT6D
Used module:     $paramod$3002544ab743a76dced6c531f8c82b6fb23d8ce2\GTP_LUT6D
Used module:     $paramod$2076b67a8ccb11bb5b04f4aabf4a5edf366037cc\GTP_LUT6D
Used module:     $paramod$269dbc4d18de413397023930f1495595138dd86c\GTP_LUT6D
Used module:     $paramod$2f97fb51e63cfd000ccfed931cf5c1379253b252\GTP_LUT6D
Used module:     $paramod\GTP_LUT5D\INIT=32'11111100101010000101010110101010
Used module:     $paramod\GTP_LUT5D\INIT=32'11111010101000000100100010110111
Used module:     $paramod$191c892ad98296c1621c5c18716088609e6716d6\GTP_LUT6D
Used module:     $paramod$9d1b2407f1beb944f8e921ec2b1337b6a7c57915\GTP_LUT6D
Used module:     $paramod$63e73573a24b8f50725dd1864e87a003ff66f512\GTP_LUT6D
Used module:     $paramod\GTP_LUT5D\INIT=32'00111111000011000101010110101010
Used module:     $paramod$ebe47d53bd374cf0b162fd1f9cf99f0282b635d3\GTP_LUT6D
Used module:     $paramod$6e281213e2f046e6f39dbb04a3e6dadbd7fb5f4d\GTP_LUT6D
Used module:     $paramod$90534322c002f536767bd6e88113cbd81e837f32\GTP_LUT6D
Used module:     $paramod$9bd9addbe5604d3604804de2b30910b3b68388a6\GTP_LUT6D
Used module:     $paramod$f659a1b60edee2b522e21b6730b008d28af6dd55\GTP_LUT6D
Used module:     $paramod$3efc35ac6384a74634f578aed4e5e03acf8d9ce2\GTP_LUT6D
Used module:     $paramod$ac7dc6d55c00c11fa06aa17ae2d0a4f440403d1b\GTP_LUT6D
Used module:     $paramod$b1f2acdd99e2fa148cba3ab4bca5b2198e913d8b\GTP_LUT6D
Used module:     $paramod$73dcf68930de2b50197c1e13d1de42971cc68e5a\GTP_LUT6D
Used module:     $paramod$49dac5eb76cdd460868ba9a993363fd77f4a8fdd\GTP_LUT6D
Used module:     $paramod$eb4b7a6109a08959342fec27225c36803509f253\GTP_LUT6D
Used module:     $paramod\GTP_LUT5D\INIT=32'00000101000000000011001100000000
Used module:     $paramod$572fd2e96507bcc6f5e165ee9db501d8bd09fc7c\GTP_LUT6D
Used module:     $paramod\GTP_LUT5D\INIT=32'01101001100101101110110110000100
Used module:     $paramod$7861db8c83ce66b32415fec10dd47c0ab7f9f909\GTP_LUT6D
Used module:     $paramod$346efba650ab58ed1d5d6bbf517510fb35e990e9\GTP_LUT6D
Used module:     $paramod$e395ced5df0be5ca9974b542360fa91b45bd7eaa\GTP_LUT6D
Used module:     $paramod\GTP_LUT5D\INIT=32'01011111000000000011001100000000
Used module:     $paramod$7bc5c9b97359aae15d373341a71701ec7d6cc5e3\GTP_LUT6D
Used module:     $paramod$e70a70875ab49b165e7d3403c74a80c999ee71bc\GTP_LUT6D
Used module:     $paramod$dce501fd9ba37fce5167db90be9cf9df4c081983\GTP_LUT6D
Used module:     $paramod\GTP_LUT5D\INIT=32'11010000110100000000000000110011
Used module:     $paramod\GTP_LUT5D\INIT=32'10000000100100000000000000110011
Used module:     $paramod\GTP_LUT5D\INIT=32'00001010000010101110111010001000
Used module:     $paramod\GTP_LUT5D\INIT=32'00000000001100111000000010010000
Used module:     $paramod$b72b119d921819da53eb99d11a6a20ec69efb451\GTP_LUT6D
Used module:     $paramod\GTP_LUT4D\INIT=16'0110011000010001
Used module:     $paramod$50f711fe3c34176ffb1a61d160f20ce13f72534e\GTP_LUT6D
Used module:     $paramod$f3017bc913b77418fb61f65917e82f9dd0b4e79c\GTP_LUT6D
Used module:     $paramod$51aa13dbc6b934988bdd595f61f32077d037ef8a\GTP_LUT6D
Used module:     $paramod$abbb4fe101854bc078a580c5a97fffe78066538c\GTP_LUT6D
Used module:     $paramod$a734f22af2dfca9be655d0187ee622acd1d6d5dc\GTP_LUT6D
Used module:     $paramod\GTP_LUT5D\INIT=32'00000011000000110000000001010101
Used module:     $paramod\GTP_LUT5D\INIT=32'11111010101000000100101110000111
Used module:     $paramod$2ccb2fb00dc8535ec60b652e34a993fe4c752074\GTP_LUT6D
Used module:     $paramod$bf22a6bb885232c788ff347ce7a0a82c51abd768\GTP_LUT6D
Used module:     $paramod$8d0f787be834cd86c6369789c7156f7ae53bb38b\GTP_LUT6D
Used module:     $paramod$898db1103637797985510ae3fdd352ce059f8bdf\GTP_LUT6D
Used module:     $paramod\GTP_LUT5D\INIT=32'01010101101010101011011101001000
Used module:     $paramod$66743718386e2257724bd701a92f768e66b081fc\GTP_LUT6D
Used module:     $paramod$678bec6b5e266887d8ea816efbbcaa8192f2db75\GTP_LUT6D
Used module:     $paramod\GTP_LUT5D\INIT=32'01010101101010101111110010101000
Used module:     $paramod$6013f1ae9251bea9ec836135941c6ef585c155c1\GTP_LUT6D
Used module:     $paramod$98676e193062bf4a8d0ca15052c1ef0506b3dde4\GTP_LUT6D
Used module:     $paramod$451ba40b9f0947b7dc011d751b2623a59ba6f97f\GTP_LUT6D
Used module:     $paramod$71038ecb1b827f633d55430369f9cd6070f76bdf\GTP_LUT6D
Used module:     $paramod\GTP_LUT5D\INIT=32'00001111000000111010000010100000
Used module:     $paramod$50f28117bc4b0a88635e10b4bf513904030337a2\GTP_LUT6D
Used module:     $paramod\GTP_LUT5D\INIT=32'00110011001100000101010101010000
Used module:     $paramod$8e772b5223b80c620077c62fc1264e5b8c3139d0\GTP_LUT6D
Used module:     $paramod\GTP_LUT5D\INIT=32'10111111000101010100010001000100
Used module:     $paramod$8d1795a21a772c823f68f33d05eb24ba2e91e34e\GTP_LUT6D
Used module:     $paramod$77e87cc0a91ca09614d872a208927bb8eea4f41a\GTP_LUT6D
Used module:     $paramod\GTP_LUT5D\INIT=32'00001111000000000100010001000100
Used module:     $paramod$3372b805c4447e7509739373168e7ee211f9f10a\GTP_LUT6D
Used module:     $paramod$b9a6e1b5711f8d41d74ab53a75e84e102168e310\GTP_LUT6D
Used module:     $paramod\GTP_LUT4D\INIT=16'1010000010000000
Used module:     $paramod$e2f8fe7d389feb0c108bf811f6c815c9addc3179\GTP_LUT6D
Used module:     $paramod\GTP_LUT4D\INIT=16'0000010100010001
Used module:     $paramod$784f8c59ba8e24177f481fa55fd738de456306cf\GTP_LUT6D
Used module:     $paramod\GTP_LUT5D\INIT=32'11110000000000000100010001000100
Used module:     $paramod\GTP_LUT5D\INIT=32'10100000000000001000000000000000
Used module:     $paramod\GTP_LUT4D\INIT=16'1000000010100000
Used module:     $paramod$542e61601eba76f43206fff3414d9b8796b89b39\GTP_LUT6D
Used module:     $paramod\GTP_LUT5D\INIT=32'00001010000010100011001100110000
Used module:     $paramod\GTP_LUT5D\INIT=32'00110011001100001000100010001010
Used module:     $paramod\GTP_LUT5D\INIT=32'00000000010101011011011101001000
Used module:     $paramod\GTP_LUT4D\INIT=16'0000001100000101
Used module:     $paramod$3b071bb02062c7d0c7ca8f9c692686ae7c5b017d\GTP_LUT6D
Used module:     $paramod$12b9c95366ab3c8e96a67460acaac5e357649a2b\GTP_LUT6D
Used module:     $paramod\GTP_LUT5D\INIT=32'00101111001011110000000000110011
Used module:     $paramod$7eb94523ee7a75697bb1af5132b49d348e5b4d84\GTP_LUT6D
Used module:     $paramod\GTP_LUT4D\INIT=16'0100010000001011
Used module:     $paramod$59edc63714849d4f256280c0535236ff65261822\GTP_LUT6D
Used module:     $paramod\GTP_LUT5D\INIT=32'10110100011110000101101001011010
Used module:     $paramod\GTP_LUT5D\INIT=32'00110011110011000101101001011010
Used module:     $paramod$60c00189886601115d63617fd634e0f608d391d4\GTP_LUT6D
Used module:     $paramod\GTP_LUT4D\INIT=16'0101101011101000
Used module:     $paramod\GTP_LUT5D\INIT=32'00000000101010101110100011101000
Used module:     $paramod$3766f85f60b36477d069376c2915f63562f1daa1\GTP_LUT6D
Used module:     $paramod\GTP_LUT5D\INIT=32'00010001000000000000001100000011
Used module:     $paramod\GTP_LUT5D\INIT=32'01010101101010101100111110001010
Used module:     $paramod\GTP_LUT5D\INIT=32'01001011100001111011010001111000
Used module:     $paramod$48cc97e326bc9f84204dc6f8a85904aa424ef5d4\GTP_LUT6D
Used module:     $paramod$f9f54caa0ee9036984bae1b6f230566417950fb5\GTP_LUT6D
Used module:     $paramod\GTP_LUT5D\INIT=32'00010001000100011110111000001110
Used module:     $paramod$0ba7d7f32a4de969b8da2da23b7655bf370040d9\GTP_LUT6D
Used module:     $paramod\GTP_LUT4D\INIT=16'0001000100001110
Used module:     $paramod\GTP_LUT5D\INIT=32'00000101000001011011010001111000
Used module:     $paramod$72da5402a30f6816b4d02abc053f219b7c900a26\GTP_LUT6D
Used module:     $paramod\GTP_LUT5D\INIT=32'01001011100001111010111100001010
Used module:     $paramod$7ffc21dca415f5ebaefb27615e98a6cdf497fda0\GTP_LUT6D
Used module:     $paramod$9b559803d11cc526362c72f67a861d9e66ab7458\GTP_LUT6D
Used module:     $paramod$f424b3d877c8985a86095cf2952488dfc160621e\GTP_LUT6D
Used module:     $paramod$53a632b7bfb0f4529f6760db4ebd292313ccd83a\GTP_LUT6D
Used module:     $paramod$5a9fcdf298383e0faf16840eda3bb9df1acdb59c\GTP_LUT6D
Used module:     $paramod$32a4057e8153aaf4e449d8ee737cc3a5a4b92c5c\GTP_LUT6D
Used module:     $paramod\GTP_LUT5D\INIT=32'00001010000010100011001100000000
Used module:     $paramod$0ec4963f1c19d7d8c6db0225b8ec4aa475553212\GTP_LUT6D
Used module:     $paramod\GTP_LUT5D\INIT=32'00000000001100110000111100000101
Used module:     $paramod\GTP_LUT5D\INIT=32'01000100010001000000000000001111
Used module:     $paramod\GTP_LUT5D\INIT=32'00110000001100000101010100000000
Used module:     $paramod\GTP_LUT5D\INIT=32'11001100000000000101000001010000
Used module:     $paramod\GTP_LUT5D\INIT=32'01000000010000001100110000000000
Used module:     $paramod$5dfc391f8b87984c885240b517768dfeb9c5a700\GTP_LUT6D
Used module:     $paramod\GTP_LUT4D\INIT=16'0101000000010001
Used module:     $paramod\GTP_LUT5D\INIT=32'10100000101000000000000000110011
Used module:     $paramod\GTP_LUT5D\INIT=32'01001000101101110101010100000000
Used module:     $paramod$2e81a97bfcfef014e179d7dd32ecc1d1eaa9a2d5\GTP_LUT6D
Used module:     $paramod\GTP_LUT5D\INIT=32'01010101000000001101100000000000
Used module:     $paramod$7800fce30dce7a1b8b4b587c12d4cb71b5d4b4b0\GTP_LUT6D
Used module:     $paramod\GTP_LUT5D\INIT=32'00000000001100110111111101101111
Used module:     $paramod\GTP_LUT4D\INIT=16'0110011000000101
Used module:     $paramod$dfbf1900e883fc9f5cd58475b0c9fee29c18c8c7\GTP_LUT6D
Used module:     $paramod$2b2d0355fee9dda7011318f18cce6136d6901ebf\GTP_LUT6D
Used module:     $paramod\GTP_LUT5D\INIT=32'00000101000000000110011001100110
Used module:     $paramod$bdfed1ab71c1791d54e3057ea019b450c40b44aa\GTP_LUT6D
Used module:     $paramod$d87103036883ea0862af15c2505dcfbefeed85e6\GTP_LUT6D
Used module:     $paramod$3ab13c8532fbbeaa3447af4dc4e36c7a43cd44a3\GTP_LUT6D
Used module:     $paramod\GTP_LUT5D\INIT=32'11110101000000000001000100010001
Used module:     $paramod$58a09d49cad41580899d986d931c3ce731a25c83\GTP_LUT6D
Used module:     $paramod$f61abeea0eeab4a62e7e20a2cd0dea398211c160\GTP_LUT6D
Used module:     $paramod$76f3b233d5483f30c064f4c54b04a746658c1245\GTP_LUT6D
Used module:     $paramod$21601f98742800264a2ea63e2605e61e07480f68\GTP_LUT6D
Used module:     $paramod$c50597adf1136bdef15bb903a70944ec72c9c9e7\GTP_LUT6D
Used module:     $paramod$275918b888d76be95acac57e850a055770a40e11\GTP_LUT6D
Used module:     $paramod$d84cbc7171e03b8185712df3ed0828d551909f41\GTP_LUT6D
Used module:     $paramod$2c45859be4e53033513f5ec4b6f5bfe127459cd5\GTP_LUT6D
Used module:     $paramod$4ffac8cbca55bc5517f11270c4c27759e47e5513\GTP_LUT6D
Used module:     $paramod$ebb82dc3855472d0b86f0c0ff1b8e1cbc3d78096\GTP_LUT6D
Used module:     $paramod$70a2d26bb56610680f041c671d895f5618a5d8a1\GTP_LUT6D
Used module:     $paramod$a68141fa2d8467c2a27792425de28c20706391d3\GTP_LUT6D
Used module:     $paramod$85cbdcd77837fc9edc5f4a62f755d79e9ef6c0ea\GTP_LUT6D
Used module:     $paramod$c2735287c6441c4c5244e38e10bed0c044f6e951\GTP_LUT6D
Used module:     $paramod\GTP_LUT4D\INIT=16'0101000010001000
Used module:     $paramod$693341626b0779a994c5023cc90c4f386a420463\GTP_LUT6D
Used module:     $paramod$62461b6ccb286b04d0b5eee465a113c441e80660\GTP_LUT6D
Used module:     $paramod$4e3f5c4b82cd44413fc52931cd942d8f4729031a\GTP_LUT6D
Used module:     $paramod\GTP_LUT5D\INIT=32'01010000010100001100110000000000
Used module:     $paramod\GTP_LUT5D\INIT=32'11110000110000000000000001010101
Used module:     $paramod\GTP_LUT5D\INIT=32'11101000111010000000000001010101
Used module:     $paramod\GTP_LUT5D\INIT=32'01000000111000000001000000010000
Used module:     $paramod\GTP_LUT5D\INIT=32'01010000010000001000000010010000
Used module:     $paramod\GTP_LUT5D\INIT=32'11000000110000000000000001010101
Used module:     $paramod$71bcfafb996c77cfff7aebc2fcde573b1d5a12ba\GTP_LUT6D
Used module:     $paramod$67993d83b49bbbf7dd4d483b2897d8b75308f7e0\GTP_LUT6D
Used module:     $paramod$6c836088c11853061b8fd2dc48d8d354e13fd726\GTP_LUT6D
Used module:     $paramod$74b257859fe0cc40fbdf2a894fae235c77c4baf8\GTP_LUT6D
Used module:     $paramod$1c39c46bd434b7369a1d3c021979f845bc163207\GTP_LUT6D
Used module:     $paramod$588bec7c1e24f4775b9e97d4a518f4b5af570582\GTP_LUT6D
Used module:     $paramod$5cc119d527a0aff5ab168ab952b732de937b294f\GTP_LUT6D
Used module:     $paramod$c3442f09e5c81fe5737f6d87cde644063d2f1505\GTP_LUT6D
Used module:     $paramod\GTP_LUT5D\INIT=32'01010101000000000000001100000011
Used module:     $paramod$a5bf1ce9ed552fe9878a0ef5518757849eaad9a7\GTP_LUT6D
Used module:     $paramod$f7bd20e88346df039e51959763f66284aa9b7815\GTP_LUT6D
Used module:     $paramod$90e0a57bb572b95cc2b8e199282d44515484e77c\GTP_LUT6D
Used module:     $paramod$5c2c56c5de0470bb04d91a88d553e128080692f4\GTP_LUT6D
Used module:     $paramod$845264ad4355709340aab3c130e09fe33904d344\GTP_LUT6D
Used module:     $paramod\GTP_LUT4D\INIT=16'0100010000001100
Used module:     $paramod\GTP_LUT5D\INIT=32'00010001000100010000001100000000
Used module:     $paramod$29b5ea379911db924f97cb2eb0a92d18ebd96634\GTP_LUT6D
Used module:     $paramod$4a4b22b9610b2934279d5edc33cbe3705f44a8b8\GTP_LUT6D
Used module:     $paramod\GTP_LUT5D\INIT=32'00110011001100000101010100010000
Used module:     $paramod$14e276464802fe9bec09baf1739fab86cec09ab4\GTP_LUT6D
Used module:     $paramod\GTP_LUT5D\INIT=32'10110000011100000100000011000100
Used module:     $paramod\GTP_LUT4D\INIT=16'0000001101010100
Used module:     $paramod$88dc3a256339dd14ffb45e3877f0d61bf07626bb\GTP_LUT6D
Used module:     $paramod$20df331212b024e7343875ce3a91b09ebdf6eba9\GTP_LUT6D
Used module:     $paramod$3a0ad712c78af1ce202728cf0d932f451af534ee\GTP_LUT6D
Used module:     $paramod\GTP_LUT5D\INIT=32'00000001000000010000000000110011
Used module:     $paramod\GTP_LUT4D\INIT=16'0001000100111100
Used module:     $paramod\GTP_LUT4D\INIT=16'0001000110001000
Used module:     $paramod$d801a6c61eb95ede719e7d9e5014eb164283faa8\GTP_LUT6D
Used module:     $paramod$99c1d4b59baebec24ee55507765d823177106adf\GTP_LUT6D
Used module:     $paramod\GTP_LUT5D\INIT=32'00000011111111000000000101010101
Used module:     $paramod$2878de34372b989a8db7685be6bea4a072c704d9\GTP_LUT6D
Used module:     $paramod\GTP_LUT5D\INIT=32'00000000110011110000000000001010
Used module:     $paramod\GTP_LUT4D\INIT=16'0101010000001011
Used module:     $paramod\GTP_LUT4D\INIT=16'1000000011000000
Used module:     $paramod\GTP_LUT5D\INIT=32'00010000000000000111000000010000
Used module:     $paramod$4745887ab72f1a99ae70eaeb2c570ef1ba6154a5\GTP_LUT6D
Used module:     $paramod$66ec245bec32698b977094073224279ebe008b87\GTP_LUT6D
Used module:     $paramod$a454a08009cea41cf0af1317298abd1749bc14eb\GTP_LUT6D
Used module:     $paramod$315b5e749556fd81975f0744a4192f08ae919c69\GTP_LUT6D
Used module:     $paramod$8a924c94477439bd154f74f37d45d6d62091803c\GTP_LUT6D
Used module:     $paramod$88f0a8c5139857d4eef9d3a6c19ca69c2e877611\GTP_LUT6D
Used module:     $paramod$59e29f78275868193c0ff80851eebf9f38cc8095\GTP_LUT6D
Used module:     $paramod\GTP_LUT5D\INIT=32'10000100011110111010111100001010
Used module:     $paramod\GTP_LUT5D\INIT=32'01001011100001111111101010100000
Used module:     $paramod$dcb57f3257ae135565aa99a01538050e3fc3f89e\GTP_LUT6D
Used module:     $paramod$359f172a897fa1c15c7fd0ec0c418668d0ea5ddc\GTP_LUT6D
Removing unused module `\GTP_LUT4D'.
Removing unused module `\GTP_LUT5D'.
Removing unused module `\GTP_LUT6D'.
Removing unused module `\GTP_LUT6'.
Removing unused module `\GTP_LUT5'.
Removing unused module `\GTP_LUT4'.
Removing unused module `\GTP_LUT3'.
Removing unused module `\GTP_LUT2'.
Removing unused module `\GTP_LUT1'.
Removed 9 unused modules.

4. Executing FLATTEN pass (flatten design).
Deleting now unused module $paramod$66ec245bec32698b977094073224279ebe008b87\GTP_LUT6D.
Deleting now unused module $paramod$4745887ab72f1a99ae70eaeb2c570ef1ba6154a5\GTP_LUT6D.
Deleting now unused module $paramod\GTP_LUT5D\INIT=32'00010000000000000111000000010000.
Deleting now unused module $paramod\GTP_LUT4D\INIT=16'1000000011000000.
Deleting now unused module $paramod\GTP_LUT4D\INIT=16'0101010000001011.
Deleting now unused module $paramod\GTP_LUT5D\INIT=32'00000000110011110000000000001010.
Deleting now unused module $paramod$2878de34372b989a8db7685be6bea4a072c704d9\GTP_LUT6D.
Deleting now unused module $paramod\GTP_LUT5D\INIT=32'00000011111111000000000101010101.
Deleting now unused module $paramod$99c1d4b59baebec24ee55507765d823177106adf\GTP_LUT6D.
Deleting now unused module $paramod$d801a6c61eb95ede719e7d9e5014eb164283faa8\GTP_LUT6D.
Deleting now unused module $paramod\GTP_LUT4D\INIT=16'0001000110001000.
Deleting now unused module $paramod\GTP_LUT4D\INIT=16'0001000100111100.
Deleting now unused module $paramod\GTP_LUT5D\INIT=32'00000001000000010000000000110011.
Deleting now unused module $paramod$3a0ad712c78af1ce202728cf0d932f451af534ee\GTP_LUT6D.
Deleting now unused module $paramod$20df331212b024e7343875ce3a91b09ebdf6eba9\GTP_LUT6D.
Deleting now unused module $paramod$88dc3a256339dd14ffb45e3877f0d61bf07626bb\GTP_LUT6D.
Deleting now unused module $paramod\GTP_LUT4D\INIT=16'0000001101010100.
Deleting now unused module $paramod\GTP_LUT5D\INIT=32'10110000011100000100000011000100.
Deleting now unused module $paramod$14e276464802fe9bec09baf1739fab86cec09ab4\GTP_LUT6D.
Deleting now unused module $paramod\GTP_LUT5D\INIT=32'00110011001100000101010100010000.
Deleting now unused module $paramod$4a4b22b9610b2934279d5edc33cbe3705f44a8b8\GTP_LUT6D.
Deleting now unused module $paramod$29b5ea379911db924f97cb2eb0a92d18ebd96634\GTP_LUT6D.
Deleting now unused module $paramod\GTP_LUT5D\INIT=32'00010001000100010000001100000000.
Deleting now unused module $paramod\GTP_LUT4D\INIT=16'0100010000001100.
Deleting now unused module $paramod$845264ad4355709340aab3c130e09fe33904d344\GTP_LUT6D.
Deleting now unused module $paramod$5c2c56c5de0470bb04d91a88d553e128080692f4\GTP_LUT6D.
Deleting now unused module $paramod$90e0a57bb572b95cc2b8e199282d44515484e77c\GTP_LUT6D.
Deleting now unused module $paramod$f7bd20e88346df039e51959763f66284aa9b7815\GTP_LUT6D.
Deleting now unused module $paramod$a5bf1ce9ed552fe9878a0ef5518757849eaad9a7\GTP_LUT6D.
Deleting now unused module $paramod\GTP_LUT5D\INIT=32'01010101000000000000001100000011.
Deleting now unused module $paramod$c3442f09e5c81fe5737f6d87cde644063d2f1505\GTP_LUT6D.
Deleting now unused module $paramod$5cc119d527a0aff5ab168ab952b732de937b294f\GTP_LUT6D.
Deleting now unused module $paramod$588bec7c1e24f4775b9e97d4a518f4b5af570582\GTP_LUT6D.
Deleting now unused module $paramod$1c39c46bd434b7369a1d3c021979f845bc163207\GTP_LUT6D.
Deleting now unused module $paramod$74b257859fe0cc40fbdf2a894fae235c77c4baf8\GTP_LUT6D.
Deleting now unused module $paramod$6c836088c11853061b8fd2dc48d8d354e13fd726\GTP_LUT6D.
Deleting now unused module $paramod$67993d83b49bbbf7dd4d483b2897d8b75308f7e0\GTP_LUT6D.
Deleting now unused module $paramod$71bcfafb996c77cfff7aebc2fcde573b1d5a12ba\GTP_LUT6D.
Deleting now unused module $paramod\GTP_LUT5D\INIT=32'11000000110000000000000001010101.
Deleting now unused module $paramod\GTP_LUT5D\INIT=32'01010000010000001000000010010000.
Deleting now unused module $paramod\GTP_LUT5D\INIT=32'01000000111000000001000000010000.
Deleting now unused module $paramod\GTP_LUT5D\INIT=32'11101000111010000000000001010101.
Deleting now unused module $paramod\GTP_LUT5D\INIT=32'11110000110000000000000001010101.
Deleting now unused module $paramod\GTP_LUT5D\INIT=32'01010000010100001100110000000000.
Deleting now unused module $paramod$4e3f5c4b82cd44413fc52931cd942d8f4729031a\GTP_LUT6D.
Deleting now unused module $paramod$62461b6ccb286b04d0b5eee465a113c441e80660\GTP_LUT6D.
Deleting now unused module $paramod$693341626b0779a994c5023cc90c4f386a420463\GTP_LUT6D.
Deleting now unused module $paramod\GTP_LUT4D\INIT=16'0101000010001000.
Deleting now unused module $paramod$c2735287c6441c4c5244e38e10bed0c044f6e951\GTP_LUT6D.
Deleting now unused module $paramod$85cbdcd77837fc9edc5f4a62f755d79e9ef6c0ea\GTP_LUT6D.
Deleting now unused module $paramod$a68141fa2d8467c2a27792425de28c20706391d3\GTP_LUT6D.
Deleting now unused module $paramod$70a2d26bb56610680f041c671d895f5618a5d8a1\GTP_LUT6D.
Deleting now unused module $paramod$ebb82dc3855472d0b86f0c0ff1b8e1cbc3d78096\GTP_LUT6D.
Deleting now unused module $paramod$4ffac8cbca55bc5517f11270c4c27759e47e5513\GTP_LUT6D.
Deleting now unused module $paramod$2c45859be4e53033513f5ec4b6f5bfe127459cd5\GTP_LUT6D.
Deleting now unused module $paramod$d84cbc7171e03b8185712df3ed0828d551909f41\GTP_LUT6D.
Deleting now unused module $paramod$275918b888d76be95acac57e850a055770a40e11\GTP_LUT6D.
Deleting now unused module $paramod$c50597adf1136bdef15bb903a70944ec72c9c9e7\GTP_LUT6D.
Deleting now unused module $paramod$21601f98742800264a2ea63e2605e61e07480f68\GTP_LUT6D.
Deleting now unused module $paramod$76f3b233d5483f30c064f4c54b04a746658c1245\GTP_LUT6D.
Deleting now unused module $paramod$f61abeea0eeab4a62e7e20a2cd0dea398211c160\GTP_LUT6D.
Deleting now unused module $paramod$58a09d49cad41580899d986d931c3ce731a25c83\GTP_LUT6D.
Deleting now unused module $paramod\GTP_LUT5D\INIT=32'11110101000000000001000100010001.
Deleting now unused module $paramod$3ab13c8532fbbeaa3447af4dc4e36c7a43cd44a3\GTP_LUT6D.
Deleting now unused module $paramod$d87103036883ea0862af15c2505dcfbefeed85e6\GTP_LUT6D.
Deleting now unused module $paramod$bdfed1ab71c1791d54e3057ea019b450c40b44aa\GTP_LUT6D.
Deleting now unused module $paramod\GTP_LUT5D\INIT=32'00000101000000000110011001100110.
Deleting now unused module $paramod$2b2d0355fee9dda7011318f18cce6136d6901ebf\GTP_LUT6D.
Deleting now unused module $paramod$dfbf1900e883fc9f5cd58475b0c9fee29c18c8c7\GTP_LUT6D.
Deleting now unused module $paramod\GTP_LUT4D\INIT=16'0110011000000101.
Deleting now unused module $paramod\GTP_LUT5D\INIT=32'00000000001100110111111101101111.
Deleting now unused module $paramod$7800fce30dce7a1b8b4b587c12d4cb71b5d4b4b0\GTP_LUT6D.
Deleting now unused module $paramod\GTP_LUT5D\INIT=32'01010101000000001101100000000000.
Deleting now unused module $paramod$2e81a97bfcfef014e179d7dd32ecc1d1eaa9a2d5\GTP_LUT6D.
Deleting now unused module $paramod\GTP_LUT5D\INIT=32'01001000101101110101010100000000.
Deleting now unused module $paramod\GTP_LUT5D\INIT=32'10100000101000000000000000110011.
Deleting now unused module $paramod\GTP_LUT4D\INIT=16'0101000000010001.
Deleting now unused module $paramod$5dfc391f8b87984c885240b517768dfeb9c5a700\GTP_LUT6D.
Deleting now unused module $paramod\GTP_LUT5D\INIT=32'01000000010000001100110000000000.
Deleting now unused module $paramod\GTP_LUT5D\INIT=32'11001100000000000101000001010000.
Deleting now unused module $paramod\GTP_LUT5D\INIT=32'00110000001100000101010100000000.
Deleting now unused module $paramod\GTP_LUT5D\INIT=32'01000100010001000000000000001111.
Deleting now unused module $paramod\GTP_LUT5D\INIT=32'00000000001100110000111100000101.
Deleting now unused module $paramod$0ec4963f1c19d7d8c6db0225b8ec4aa475553212\GTP_LUT6D.
Deleting now unused module $paramod\GTP_LUT5D\INIT=32'00001010000010100011001100000000.
Deleting now unused module $paramod$32a4057e8153aaf4e449d8ee737cc3a5a4b92c5c\GTP_LUT6D.
Deleting now unused module $paramod$5a9fcdf298383e0faf16840eda3bb9df1acdb59c\GTP_LUT6D.
Deleting now unused module $paramod$53a632b7bfb0f4529f6760db4ebd292313ccd83a\GTP_LUT6D.
Deleting now unused module $paramod$f424b3d877c8985a86095cf2952488dfc160621e\GTP_LUT6D.
Deleting now unused module $paramod$9b559803d11cc526362c72f67a861d9e66ab7458\GTP_LUT6D.
Deleting now unused module $paramod$7ffc21dca415f5ebaefb27615e98a6cdf497fda0\GTP_LUT6D.
Deleting now unused module $paramod\GTP_LUT5D\INIT=32'01001011100001111010111100001010.
Deleting now unused module $paramod$72da5402a30f6816b4d02abc053f219b7c900a26\GTP_LUT6D.
Deleting now unused module $paramod\GTP_LUT5D\INIT=32'00000101000001011011010001111000.
Deleting now unused module $paramod\GTP_LUT4D\INIT=16'0001000100001110.
Deleting now unused module $paramod$0ba7d7f32a4de969b8da2da23b7655bf370040d9\GTP_LUT6D.
Deleting now unused module $paramod\GTP_LUT5D\INIT=32'00010001000100011110111000001110.
Deleting now unused module $paramod$f9f54caa0ee9036984bae1b6f230566417950fb5\GTP_LUT6D.
Deleting now unused module $paramod$48cc97e326bc9f84204dc6f8a85904aa424ef5d4\GTP_LUT6D.
Deleting now unused module $paramod\GTP_LUT5D\INIT=32'01001011100001111011010001111000.
Deleting now unused module $paramod\GTP_LUT5D\INIT=32'01010101101010101100111110001010.
Deleting now unused module $paramod\GTP_LUT5D\INIT=32'00010001000000000000001100000011.
Deleting now unused module $paramod$3766f85f60b36477d069376c2915f63562f1daa1\GTP_LUT6D.
Deleting now unused module $paramod\GTP_LUT5D\INIT=32'00000000101010101110100011101000.
Deleting now unused module $paramod\GTP_LUT4D\INIT=16'0101101011101000.
Deleting now unused module $paramod$60c00189886601115d63617fd634e0f608d391d4\GTP_LUT6D.
Deleting now unused module $paramod\GTP_LUT5D\INIT=32'00110011110011000101101001011010.
Deleting now unused module $paramod\GTP_LUT5D\INIT=32'10110100011110000101101001011010.
Deleting now unused module $paramod$59edc63714849d4f256280c0535236ff65261822\GTP_LUT6D.
Deleting now unused module $paramod\GTP_LUT4D\INIT=16'0100010000001011.
Deleting now unused module $paramod$7eb94523ee7a75697bb1af5132b49d348e5b4d84\GTP_LUT6D.
Deleting now unused module $paramod\GTP_LUT5D\INIT=32'00101111001011110000000000110011.
Deleting now unused module $paramod$12b9c95366ab3c8e96a67460acaac5e357649a2b\GTP_LUT6D.
Deleting now unused module $paramod$3b071bb02062c7d0c7ca8f9c692686ae7c5b017d\GTP_LUT6D.
Deleting now unused module $paramod\GTP_LUT4D\INIT=16'0000001100000101.
Deleting now unused module $paramod\GTP_LUT5D\INIT=32'00000000010101011011011101001000.
Deleting now unused module $paramod\GTP_LUT5D\INIT=32'00110011001100001000100010001010.
Deleting now unused module $paramod\GTP_LUT5D\INIT=32'00001010000010100011001100110000.
Deleting now unused module $paramod$542e61601eba76f43206fff3414d9b8796b89b39\GTP_LUT6D.
Deleting now unused module $paramod\GTP_LUT4D\INIT=16'1000000010100000.
Deleting now unused module $paramod\GTP_LUT5D\INIT=32'10100000000000001000000000000000.
Deleting now unused module $paramod\GTP_LUT5D\INIT=32'11110000000000000100010001000100.
Deleting now unused module $paramod$784f8c59ba8e24177f481fa55fd738de456306cf\GTP_LUT6D.
Deleting now unused module $paramod\GTP_LUT4D\INIT=16'0000010100010001.
Deleting now unused module $paramod$e2f8fe7d389feb0c108bf811f6c815c9addc3179\GTP_LUT6D.
Deleting now unused module $paramod\GTP_LUT4D\INIT=16'1010000010000000.
Deleting now unused module $paramod$b9a6e1b5711f8d41d74ab53a75e84e102168e310\GTP_LUT6D.
Deleting now unused module $paramod$3372b805c4447e7509739373168e7ee211f9f10a\GTP_LUT6D.
Deleting now unused module $paramod\GTP_LUT5D\INIT=32'00001111000000000100010001000100.
Deleting now unused module $paramod$77e87cc0a91ca09614d872a208927bb8eea4f41a\GTP_LUT6D.
Deleting now unused module $paramod$8d1795a21a772c823f68f33d05eb24ba2e91e34e\GTP_LUT6D.
Deleting now unused module $paramod\GTP_LUT5D\INIT=32'10111111000101010100010001000100.
Deleting now unused module $paramod$8e772b5223b80c620077c62fc1264e5b8c3139d0\GTP_LUT6D.
Deleting now unused module $paramod\GTP_LUT5D\INIT=32'00110011001100000101010101010000.
Deleting now unused module $paramod$50f28117bc4b0a88635e10b4bf513904030337a2\GTP_LUT6D.
Deleting now unused module $paramod\GTP_LUT5D\INIT=32'00001111000000111010000010100000.
Deleting now unused module $paramod$71038ecb1b827f633d55430369f9cd6070f76bdf\GTP_LUT6D.
Deleting now unused module $paramod$451ba40b9f0947b7dc011d751b2623a59ba6f97f\GTP_LUT6D.
Deleting now unused module $paramod$98676e193062bf4a8d0ca15052c1ef0506b3dde4\GTP_LUT6D.
Deleting now unused module $paramod$6013f1ae9251bea9ec836135941c6ef585c155c1\GTP_LUT6D.
Deleting now unused module $paramod\GTP_LUT5D\INIT=32'01010101101010101111110010101000.
Deleting now unused module $paramod$678bec6b5e266887d8ea816efbbcaa8192f2db75\GTP_LUT6D.
Deleting now unused module $paramod$66743718386e2257724bd701a92f768e66b081fc\GTP_LUT6D.
Deleting now unused module $paramod\GTP_LUT5D\INIT=32'01010101101010101011011101001000.
Deleting now unused module $paramod$898db1103637797985510ae3fdd352ce059f8bdf\GTP_LUT6D.
Deleting now unused module $paramod$8d0f787be834cd86c6369789c7156f7ae53bb38b\GTP_LUT6D.
Deleting now unused module $paramod$bf22a6bb885232c788ff347ce7a0a82c51abd768\GTP_LUT6D.
Deleting now unused module $paramod$2ccb2fb00dc8535ec60b652e34a993fe4c752074\GTP_LUT6D.
Deleting now unused module $paramod\GTP_LUT5D\INIT=32'11111010101000000100101110000111.
Deleting now unused module $paramod\GTP_LUT5D\INIT=32'00000011000000110000000001010101.
Deleting now unused module $paramod$a734f22af2dfca9be655d0187ee622acd1d6d5dc\GTP_LUT6D.
Deleting now unused module $paramod$abbb4fe101854bc078a580c5a97fffe78066538c\GTP_LUT6D.
Deleting now unused module $paramod$51aa13dbc6b934988bdd595f61f32077d037ef8a\GTP_LUT6D.
Deleting now unused module $paramod$f3017bc913b77418fb61f65917e82f9dd0b4e79c\GTP_LUT6D.
Deleting now unused module $paramod$50f711fe3c34176ffb1a61d160f20ce13f72534e\GTP_LUT6D.
Deleting now unused module $paramod\GTP_LUT4D\INIT=16'0110011000010001.
Deleting now unused module $paramod$b72b119d921819da53eb99d11a6a20ec69efb451\GTP_LUT6D.
Deleting now unused module $paramod\GTP_LUT5D\INIT=32'00000000001100111000000010010000.
Deleting now unused module $paramod\GTP_LUT5D\INIT=32'00001010000010101110111010001000.
Deleting now unused module $paramod\GTP_LUT5D\INIT=32'10000000100100000000000000110011.
Deleting now unused module $paramod\GTP_LUT5D\INIT=32'11010000110100000000000000110011.
Deleting now unused module $paramod$dce501fd9ba37fce5167db90be9cf9df4c081983\GTP_LUT6D.
Deleting now unused module $paramod$e70a70875ab49b165e7d3403c74a80c999ee71bc\GTP_LUT6D.
Deleting now unused module $paramod$7bc5c9b97359aae15d373341a71701ec7d6cc5e3\GTP_LUT6D.
Deleting now unused module $paramod\GTP_LUT5D\INIT=32'01011111000000000011001100000000.
Deleting now unused module $paramod$e395ced5df0be5ca9974b542360fa91b45bd7eaa\GTP_LUT6D.
Deleting now unused module $paramod$346efba650ab58ed1d5d6bbf517510fb35e990e9\GTP_LUT6D.
Deleting now unused module $paramod$7861db8c83ce66b32415fec10dd47c0ab7f9f909\GTP_LUT6D.
Deleting now unused module $paramod\GTP_LUT5D\INIT=32'01101001100101101110110110000100.
Deleting now unused module $paramod$572fd2e96507bcc6f5e165ee9db501d8bd09fc7c\GTP_LUT6D.
Deleting now unused module $paramod\GTP_LUT5D\INIT=32'00000101000000000011001100000000.
Deleting now unused module $paramod$eb4b7a6109a08959342fec27225c36803509f253\GTP_LUT6D.
Deleting now unused module $paramod$49dac5eb76cdd460868ba9a993363fd77f4a8fdd\GTP_LUT6D.
Deleting now unused module $paramod$73dcf68930de2b50197c1e13d1de42971cc68e5a\GTP_LUT6D.
Deleting now unused module $paramod$b1f2acdd99e2fa148cba3ab4bca5b2198e913d8b\GTP_LUT6D.
Deleting now unused module $paramod$ac7dc6d55c00c11fa06aa17ae2d0a4f440403d1b\GTP_LUT6D.
Deleting now unused module $paramod$3efc35ac6384a74634f578aed4e5e03acf8d9ce2\GTP_LUT6D.
Deleting now unused module $paramod$f659a1b60edee2b522e21b6730b008d28af6dd55\GTP_LUT6D.
Deleting now unused module $paramod$9bd9addbe5604d3604804de2b30910b3b68388a6\GTP_LUT6D.
Deleting now unused module $paramod$90534322c002f536767bd6e88113cbd81e837f32\GTP_LUT6D.
Deleting now unused module $paramod$6e281213e2f046e6f39dbb04a3e6dadbd7fb5f4d\GTP_LUT6D.
Deleting now unused module $paramod$ebe47d53bd374cf0b162fd1f9cf99f0282b635d3\GTP_LUT6D.
Deleting now unused module $paramod\GTP_LUT5D\INIT=32'00111111000011000101010110101010.
Deleting now unused module $paramod$63e73573a24b8f50725dd1864e87a003ff66f512\GTP_LUT6D.
Deleting now unused module $paramod$9d1b2407f1beb944f8e921ec2b1337b6a7c57915\GTP_LUT6D.
Deleting now unused module $paramod$191c892ad98296c1621c5c18716088609e6716d6\GTP_LUT6D.
Deleting now unused module $paramod\GTP_LUT5D\INIT=32'11111010101000000100100010110111.
Deleting now unused module $paramod\GTP_LUT5D\INIT=32'11111100101010000101010110101010.
Deleting now unused module $paramod$2f97fb51e63cfd000ccfed931cf5c1379253b252\GTP_LUT6D.
Deleting now unused module $paramod$269dbc4d18de413397023930f1495595138dd86c\GTP_LUT6D.
Deleting now unused module $paramod$2076b67a8ccb11bb5b04f4aabf4a5edf366037cc\GTP_LUT6D.
Deleting now unused module $paramod$3002544ab743a76dced6c531f8c82b6fb23d8ce2\GTP_LUT6D.
Deleting now unused module $paramod$bd38dc096d4975e13f80d639afc7ec1bd6e55ef2\GTP_LUT6D.
Deleting now unused module $paramod\GTP_LUT5D\INIT=32'10100110100101010101000101000000.
Deleting now unused module $paramod\GTP_LUT5D\INIT=32'01100110011001100000000000001111.
Deleting now unused module $paramod$f3b4af0ae34e8e68b373e23283513b58f17baf07\GTP_LUT6D.
Deleting now unused module $paramod\GTP_LUT4D\INIT=16'0000111000010001.
Deleting now unused module $paramod$a14369cde6b8c479e94ca7e3eef900b1179f636f\GTP_LUT6D.
Deleting now unused module $paramod$8ba87c856ea6b3f75921816dbfbf420ac80aee3b\GTP_LUT6D.
Deleting now unused module $paramod$808609738dbf605878142e9f73d8b48ae4b396ce\GTP_LUT6D.
Deleting now unused module $paramod\GTP_LUT4D\INIT=16'1000111010010110.
Deleting now unused module $paramod\GTP_LUT4D\INIT=16'1001011010001110.
Deleting now unused module $paramod$b248236ecd8a38f2041324a2eff8e2f70d76b378\GTP_LUT6D.
Deleting now unused module $paramod$e290f9703e478db497e7d0a6924026c213e86c1a\GTP_LUT6D.
Deleting now unused module $paramod$3aa8899ca34b6fc36c1f623b34eba44ab14683fc\GTP_LUT6D.
Deleting now unused module $paramod\GTP_LUT5D\INIT=32'00010001000000000100111000000000.
Deleting now unused module $paramod$1bfdfb965b95178fdd9bde7f36851bd5a4042e7c\GTP_LUT6D.
Deleting now unused module $paramod\GTP_LUT4D\INIT=16'1110100001101001.
Deleting now unused module $paramod$919dafd4d6060ea8147d79013184d62c114e0bcd\GTP_LUT6D.
Deleting now unused module $paramod$c4454b0e4354d3c7441d2471345e640b0ccd9f5e\GTP_LUT6D.
Deleting now unused module $paramod$783c0079b19367fefff1edd7a821473b3f23c731\GTP_LUT6D.
Deleting now unused module $paramod\GTP_LUT5D\INIT=32'00000101000001011110111010001000.
Deleting now unused module $paramod$cfffbcf8f6fea5f6e9eb5d1b747cfd89ba47eca7\GTP_LUT6D.
Deleting now unused module $paramod$891299a0410f8687d5b6b611c4e48c4caf3226f4\GTP_LUT6D.
Deleting now unused module $paramod\GTP_LUT5D\INIT=32'00000000010101011000111010001110.
Deleting now unused module $paramod$7e398d6468573a65b02e9c0be68ae4e1da6cfa55\GTP_LUT6D.
Deleting now unused module $paramod\GTP_LUT5D\INIT=32'01010101000000000111001001110010.
Deleting now unused module $paramod$e4bb2aa5b0473a0bd78138f85a1040901e5523fc\GTP_LUT6D.
Deleting now unused module $paramod\GTP_LUT5D\INIT=32'10110111010010001010000011111010.
Deleting now unused module $paramod\GTP_LUT4D\INIT=16'0101101001100110.
Deleting now unused module $paramod\GTP_LUT4D\INIT=16'0101101000010001.
Deleting now unused module $paramod\GTP_LUT5D\INIT=32'10110111010010000101010110101010.
Deleting now unused module $paramod$63e3a099bf4aa34f8bbc84ef3629f928a98451f1\GTP_LUT6D.
Deleting now unused module $paramod$b081a393d5a3e42729c829b3fcc8f327e2c8c8f7\GTP_LUT6D.
Deleting now unused module $paramod$2b92ac9405ffb9373a00b54e21e900bd604e75e1\GTP_LUT6D.
Deleting now unused module $paramod$f6add88f191142434273a409efe890d742a64484\GTP_LUT6D.
Deleting now unused module $paramod$0ddfef0da1d639aedacc105a538f694a27a5e664\GTP_LUT6D.
Deleting now unused module $paramod\GTP_LUT5D\INIT=32'00111111000011001001010110100110.
Deleting now unused module $paramod$52b627f09d6b0920ef46021e89d8ea59bd039ea8\GTP_LUT6D.
Deleting now unused module $paramod\GTP_LUT5D\INIT=32'01000101000000011001101001010110.
Deleting now unused module $paramod$a539beea428dd852da75b307728919d27a5e23c1\GTP_LUT6D.
Deleting now unused module $paramod\GTP_LUT4D\INIT=16'0110100111101000.
Deleting now unused module $paramod$a5ec8848426eae4b21060a294613ecf0a5a1306e\GTP_LUT6D.
Deleting now unused module $paramod$85612a076d8785ad7e1f1eaeb315585cb83008bb\GTP_LUT6D.
Deleting now unused module $paramod$c7b346bbd2f0df0cccd2ed121d3cb16c7165b909\GTP_LUT6D.
Deleting now unused module $paramod\GTP_LUT5D\INIT=32'00111111000011000100000001010001.
Deleting now unused module $paramod$ba2536d5b59d5e2dcd507e45e350d0d2a3f2c60f\GTP_LUT6D.
Deleting now unused module $paramod\GTP_LUT5D\INIT=32'10110100010010111111010001000000.
Deleting now unused module $paramod$761b1a5f3c7100d216e346a5a27c24826812ef9a\GTP_LUT6D.
Deleting now unused module $paramod$419bc977273285d5c468449cd3807d80893c7736\GTP_LUT6D.
Deleting now unused module $paramod$cf72d1efd965e869eff71f577e3455a0ac52f7bb\GTP_LUT6D.
Deleting now unused module $paramod$a6e605327cfae1ccfc6de811818bd3ac91f8d77f\GTP_LUT6D.
Deleting now unused module $paramod$e05e84a0c7b5acdffd97c38d3966a2482d4a374e\GTP_LUT6D.
Deleting now unused module $paramod$b244ab0e33bb0fbf46a33baeed5c1272f5080ab2\GTP_LUT6D.
Deleting now unused module $paramod$28ca4db1e013af619b3afc51725620bc78d0b6ed\GTP_LUT6D.
Deleting now unused module $paramod$94dc1036ca84a684dd91d5d88db838f4dce1a55d\GTP_LUT6D.
Deleting now unused module $paramod\GTP_LUT4D\INIT=16'0101000000110000.
Deleting now unused module $paramod\GTP_LUT5D\INIT=32'01010101101010101110100011101000.
Deleting now unused module $paramod$dba629db9204b9121d4538245f5b467b5498f66e\GTP_LUT6D.
Deleting now unused module $paramod$ee2f5b754302182e418215b57e061374c268c6a9\GTP_LUT6D.
Deleting now unused module $paramod$9fb831f112f3bae4e835a96ef36553ef43fb62e5\GTP_LUT6D.
Deleting now unused module $paramod\GTP_LUT5D\INIT=32'10110111010010000000000001010101.
Deleting now unused module $paramod$352ab638bbb343bd92cd1284894d83060e311f7b\GTP_LUT6D.
Deleting now unused module $paramod$59cbfe4d8728420fa4924df8369b2dd674690ac7\GTP_LUT6D.
Deleting now unused module $paramod$6056785a1d9475f059826fae593357e1c74dd68c\GTP_LUT6D.
Deleting now unused module $paramod$77aec33ec33d7449abdc42d285cfff46d68bcf3b\GTP_LUT6D.
Deleting now unused module $paramod\GTP_LUT5D\INIT=32'11000011001100110101000001010000.
Deleting now unused module $paramod$c03cda98268425c6f945503e7b43676891c0fb93\GTP_LUT6D.
Deleting now unused module $paramod$9d91eab03c9a808f611edae1403c6044cce351fe\GTP_LUT6D.
Deleting now unused module $paramod$e4f4b2bf6e54a8eae6b25fbe48bbe66bc4c5f7a4\GTP_LUT6D.
Deleting now unused module $paramod\GTP_LUT5D\INIT=32'01001000101101111011011101001000.
Deleting now unused module $paramod$3aef9a5ff6b5a39bea648b2b7fec2c8f8f33ca29\GTP_LUT6D.
Deleting now unused module $paramod$93553d21b6759e4d55145c4be4f5e4ec7042e2d8\GTP_LUT6D.
Deleting now unused module $paramod\GTP_LUT5D\INIT=32'01001000101101111010000011111010.
Deleting now unused module $paramod\GTP_LUT4D\INIT=16'1001100100001011.
Deleting now unused module $paramod\GTP_LUT5D\INIT=32'01010001010000000000110000111111.
Deleting now unused module $paramod$776f34e3342868272505654f9782970af7cda005\GTP_LUT6D.
Deleting now unused module $paramod\GTP_LUT5D\INIT=32'10110111010010001011011101001000.
Deleting now unused module $paramod\GTP_LUT5D\INIT=32'01010110101010010000001100000011.
Deleting now unused module $paramod$a1085436c2c545ad5d7960f5b9338d229974b180\GTP_LUT6D.
Deleting now unused module $paramod\GTP_LUT5D\INIT=32'00001100001111111010011010010101.
Deleting now unused module $paramod$58755af4624e26311566875bbd5a883b5ba73ac5\GTP_LUT6D.
Deleting now unused module $paramod$46a7fd9fa76703893bf91e173298242d6f7b4900\GTP_LUT6D.
Deleting now unused module $paramod$fe9af186da0a26d9485325ca6423ff8ce486f310\GTP_LUT6D.
Deleting now unused module $paramod\GTP_LUT5D\INIT=32'11110011110000000101000101000000.
Deleting now unused module $paramod$39d688e45d1638d2eb5939d97c31487604773b85\GTP_LUT6D.
Deleting now unused module $paramod$82dd2479de6336a0732397f62a310ecb806c2a00\GTP_LUT6D.
Deleting now unused module $paramod\GTP_LUT5D\INIT=32'10100000111110100100100010110111.
Deleting now unused module $paramod$0de14bd6f4af05587059e88ad7395a3915bd6356\GTP_LUT6D.
Deleting now unused module $paramod$f72c46f961b2bac3a99f2a52f7748c06e246eef3\GTP_LUT6D.
Deleting now unused module $paramod$46d3e16c04bfe1b4f0b58b14a125a24e207cc06d\GTP_LUT6D.
Deleting now unused module $paramod$dca40f54523b286918dfcf57a009f40043243f8d\GTP_LUT6D.
Deleting now unused module $paramod$dd9c8722e62662f993db2ba8b20ad11b332ab942\GTP_LUT6D.
Deleting now unused module $paramod$4bc40d86a52c1e63c4562b2dc449fde362de88e5\GTP_LUT6D.
Deleting now unused module $paramod$3162d1c10e3b1a49aee26fa976ae76b3fa987b59\GTP_LUT6D.
Deleting now unused module $paramod$4423c194664bf0335d103333460b31b1b13d03ba\GTP_LUT6D.
Deleting now unused module $paramod\GTP_LUT5D\INIT=32'11111010101000001011011101001000.
Deleting now unused module $paramod$304965d5399b3b25a551af9bdfc77638657c8c9c\GTP_LUT6D.
Deleting now unused module $paramod\GTP_LUT4D\INIT=16'1100001101010001.
Deleting now unused module $paramod$01951d3ac7eb2934808406de7a90f73a28bce76c\GTP_LUT6D.
Deleting now unused module $paramod\GTP_LUT5D\INIT=32'00001100001111110101000101000000.
Deleting now unused module $paramod\GTP_LUT5D\INIT=32'10110100011110001111101010100000.
Deleting now unused module $paramod$1c707079d13527cf3ef76d5ba573813b6df56197\GTP_LUT6D.
Deleting now unused module $paramod$4eeb3443e0af2151210db3ed41c7abc97d098c91\GTP_LUT6D.
Deleting now unused module $paramod$e0894153598e13decf16633393e7d60a8ab0ea6f\GTP_LUT6D.
Deleting now unused module $paramod$f47193e463bbfbc950dcc5908fe3774c076e228f\GTP_LUT6D.
Deleting now unused module $paramod$59dac5a12dea57aa537d5305bcb2ec66cfd5e691\GTP_LUT6D.
Deleting now unused module $paramod$4c6ef7381bb67b6b840ee6d5a82d90ba71d74959\GTP_LUT6D.
Deleting now unused module $paramod\GTP_LUT5D\INIT=32'00100010000000000010000000000000.
Deleting now unused module $paramod\GTP_LUT5D\INIT=32'01000100010001001011010001001011.
Deleting now unused module $paramod\GTP_LUT5D\INIT=32'01000100010001001100000000000000.
Deleting now unused module $paramod$3017076a7215a4248c66152b38e5b848a74e5447\GTP_LUT6D.
Deleting now unused module $paramod$9a608af8a229124ec13d555cb65a5726544533ab\GTP_LUT6D.
Deleting now unused module $paramod$7b3927fcfc7d364b2fa99b56bc684bba3a49d49a\GTP_LUT6D.
Deleting now unused module $paramod$e3b286f9852b83380f3099e0461d08a5bfaa9537\GTP_LUT6D.
Deleting now unused module $paramod$6514437ebc2be36887225f7108438a1e1b3b6b65\GTP_LUT6D.
Deleting now unused module $paramod$b2d8d094daeff0d143ffecf0d194c6d45d8cacba\GTP_LUT6D.
Deleting now unused module $paramod\GTP_LUT5D\INIT=32'10110111010010001111101010100000.
Deleting now unused module $paramod\GTP_LUT5D\INIT=32'10010101101001100100000001010001.
Deleting now unused module $paramod\GTP_LUT4D\INIT=16'0100010010011001.
Deleting now unused module $paramod$e7c8afd08dcc13fdf8d16a963571f44a049e6371\GTP_LUT6D.
Deleting now unused module $paramod\GTP_LUT4D\INIT=16'0001000101100110.
Deleting now unused module $paramod$32b392105320d590b0d1335929706f03bc62a2bd\GTP_LUT6D.
Deleting now unused module $paramod\GTP_LUT5D\INIT=32'00000000000011110001000100010001.
Deleting now unused module $paramod\GTP_LUT5D\INIT=32'11111010101000001011010001111000.
Deleting now unused module $paramod\GTP_LUT5D\INIT=32'00010001000100010000000000001111.
Deleting now unused module $paramod\GTP_LUT5D\INIT=32'00000011000000110101010110101010.
Deleting now unused module $paramod\GTP_LUT5D\INIT=32'00000000001100110101101001011010.
Deleting now unused module $paramod\GTP_LUT5D\INIT=32'00000000000011110110011001100110.
Deleting now unused module $paramod\GTP_LUT5D\INIT=32'00111100001111000101010110101010.
Deleting now unused module $paramod$10e85ce6d4539d806c535cd386d328e47857f938\GTP_LUT6D.
Deleting now unused module $paramod$1eb48d280aff69d02b517631fd17ff353de70488\GTP_LUT6D.
Deleting now unused module $paramod$9ebd56b4eba57b8f2f994356054d4653f724c6b8\GTP_LUT6D.
Deleting now unused module $paramod$3a1123eb827210e7e6d4e8c5070450fe78e8b3d0\GTP_LUT6D.
Deleting now unused module $paramod$461eaa86925925867c7891a8b1d576a5f57f5c80\GTP_LUT6D.
Deleting now unused module $paramod$1e34627ef1ff08cc201b27d74d787a2796046a50\GTP_LUT6D.
Deleting now unused module $paramod$0dae4d9e1ca50c63fdcb1cefb89e918433b5868e\GTP_LUT6D.
Deleting now unused module $paramod$ede8dedfe9dee0f1663bc944cf9e611acc0161ca\GTP_LUT6D.
Deleting now unused module $paramod$f0e6c605184ad8cf9f568956b13b1861b06941fb\GTP_LUT6D.
Deleting now unused module $paramod$c545c456c9be78860fb6a8fb7b7d2cb9c1393b6e\GTP_LUT6D.
Deleting now unused module $paramod$11fed1dd198f80ed0d4318b8012f68678e60c535\GTP_LUT6D.
Deleting now unused module $paramod$bd4ba035eee670a503520688efe5c345253c9d5f\GTP_LUT6D.
Deleting now unused module $paramod\GTP_LUT5\INIT=32'00000000000010110000000000000000.
Deleting now unused module $paramod$9a524fe595fd76f4b217526508da8ecbec10199a\GTP_LUT6.
Deleting now unused module $paramod\GTP_LUT4\INIT=16'1000010001111011.
Deleting now unused module $paramod\GTP_LUT3\INIT=8'00110001.
Deleting now unused module $paramod\GTP_LUT5\INIT=32'00101100101111111000110011101111.
Deleting now unused module $paramod$492504319aaaedd247a3255e8ac4e753d3714520\GTP_LUT6.
Deleting now unused module $paramod$e21ef922631554a2b1e65f958db833b8d8f2d51d\GTP_LUT6.
Deleting now unused module $paramod$8b59de913fa422fdebc207d9c7134c76e328e21b\GTP_LUT6.
Deleting now unused module $paramod$5a80f1f509bd6ce309411a66a79bd87e225c5832\GTP_LUT6.
Deleting now unused module $paramod$f6c47a76618f374dcca6e4616ee4064fb2f0cd5e\GTP_LUT6.
Deleting now unused module $paramod$897ceff9abc933fc69feb3339855ec8df366be97\GTP_LUT6.
Deleting now unused module $paramod$1e710aa23d2a0db3699fbbcb4ecb4d47f094383c\GTP_LUT6.
Deleting now unused module $paramod$4ba17415a97c4465417eade04661ea889ecb893b\GTP_LUT6.
Deleting now unused module $paramod\GTP_LUT4\INIT=16'1010001010101010.
Deleting now unused module $paramod\GTP_LUT5\INIT=32'01010001010100010000010000000000.
Deleting now unused module $paramod\GTP_LUT5\INIT=32'01000000000000001100000001000000.
Deleting now unused module $paramod$f5d0c8e1c3a7898bd818c9cc8dd705ac654e75d6\GTP_LUT6.
Deleting now unused module $paramod$6bd9a88cca82382d8955092182c81d7fe192acf9\GTP_LUT6.
Deleting now unused module $paramod$6c28fc7d1c1b33ea74b310404e7e7972defc560c\GTP_LUT6.
Deleting now unused module $paramod$46f5c0954ad311b7243b5d5291dd3968304cb6e6\GTP_LUT6.
Deleting now unused module $paramod\GTP_LUT4\INIT=16'0010000000100010.
Deleting now unused module $paramod\GTP_LUT5\INIT=32'01000000000001000101000100010101.
Deleting now unused module $paramod$ef38d92811a8e30fc4d3c7f90ccf5820d12a27ee\GTP_LUT6.
Deleting now unused module $paramod\GTP_LUT5\INIT=32'00111100001111000011110001010101.
Deleting now unused module $paramod$972f1714d1dc6b1e3355683168162df4d0a61ad5\GTP_LUT6.
Deleting now unused module $paramod$0deb6b081de45add357b6fe75f0862b3d4ca0f20\GTP_LUT6.
Deleting now unused module $paramod$9fbc780b78da318befae6258e9becc20ce94f16c\GTP_LUT6.
Deleting now unused module $paramod$e401d81069f970eb7d982db63e49955cb5ffef8c\GTP_LUT6.
Deleting now unused module $paramod$17ce79986d1bc174123b0ed208dcaf06e228507d\GTP_LUT6.
Deleting now unused module $paramod\GTP_LUT5\INIT=32'11111111111111110000010001001100.
Deleting now unused module $paramod\GTP_LUT3\INIT=8'00010000.
Deleting now unused module $paramod$20246d5e7b6bcf137d425da26da5fdd90dad3f52\GTP_LUT6.
Deleting now unused module $paramod$039e92055ef86e268e8bf7db71f846021a777eda\GTP_LUT6.
Deleting now unused module $paramod\GTP_LUT5\INIT=32'00101010101010101010101010101010.
Deleting now unused module $paramod$296a0638ffff8421f7ebc8172bdf027696c1a1ea\GTP_LUT6.
Deleting now unused module $paramod$f76e654aca212731ea7d862169097b53e601cdf3\GTP_LUT6.
Deleting now unused module $paramod$de0a76b91ca2e525bc99cc8505514d27f3686634\GTP_LUT6.
Deleting now unused module $paramod\GTP_LUT5\INIT=32'00000010000000100010001000000010.
Deleting now unused module $paramod\GTP_LUT5\INIT=32'10100110101010101010011010100110.
Deleting now unused module $paramod\GTP_LUT4\INIT=16'1010101100000010.
Deleting now unused module $paramod\GTP_LUT3\INIT=8'11011000.
Deleting now unused module $paramod$e241f7cc97967b7ed42e1b86ff1ff545d8304b5a\GTP_LUT6.
Deleting now unused module $paramod$7ca2f787c7043c9a5065be9fa7772b07e0fc7eb1\GTP_LUT6.
Deleting now unused module $paramod$ead06842ec65f642bc887c86d63c3366000b86a2\GTP_LUT6.
Deleting now unused module $paramod\GTP_LUT4\INIT=16'0001000101010001.
Deleting now unused module $paramod$bc963ac03b9d94612ed827fbd207a8640a48e4a2\GTP_LUT6.
Deleting now unused module $paramod\GTP_LUT5\INIT=32'11101110111001000100010001001110.
Deleting now unused module $paramod$89be66fbf504c1fed8175540d9091fe33b7af204\GTP_LUT6.
Deleting now unused module $paramod$2c13d5acce4c7fd2df879c281671ed02bcc5a3fe\GTP_LUT6.
Deleting now unused module $paramod\GTP_LUT5\INIT=32'10010110100101101001011011110000.
Deleting now unused module $paramod$40e370adfa6bb0622a98ad9e31f679f8f4ce2b18\GTP_LUT6.
Deleting now unused module $paramod$6d396c6c2d94ee9992ea7d5450d3b683a78456a9\GTP_LUT6.
Deleting now unused module $paramod$ca525c6e0ecf033812d4b07dad396017e2535a90\GTP_LUT6.
Deleting now unused module $paramod\GTP_LUT5\INIT=32'11100100000000000000000000000000.
Deleting now unused module $paramod$2a1d8ade6ff6178768bbcab252b94773bc50736d\GTP_LUT6.
Deleting now unused module $paramod$277a0137731c4471cc31791c9c5b4b05f6b0219c\GTP_LUT6.
Deleting now unused module $paramod\GTP_LUT3\INIT=8'00100111.
Deleting now unused module $paramod$04e78a26c4a3c9f49ddae81658f0cb6d4377d9ed\GTP_LUT6.
Deleting now unused module $paramod\GTP_LUT5\INIT=32'11001100100010001100111110001010.
Deleting now unused module $paramod$750375634bdacfa865b218a9fe4cdce7812ef43a\GTP_LUT6.
Deleting now unused module $paramod\GTP_LUT4\INIT=16'0010001010100010.
Deleting now unused module $paramod$3397340bd2e8680376c6f7b93d19510d7234d3a2\GTP_LUT6.
Deleting now unused module $paramod\GTP_LUT5\INIT=32'00001111000000010000111100000111.
Deleting now unused module $paramod$9ecfc6cc0b920925b36be3f5ead14270438096a2\GTP_LUT6.
Deleting now unused module $paramod$9b485b3ed553813ee1a23748acdb6144e26a35b8\GTP_LUT6.
Deleting now unused module $paramod$2086b9f12758d8b18f4a3f2de66b6aa02007324e\GTP_LUT6.
Deleting now unused module $paramod\GTP_LUT4\INIT=16'1110111011101010.
Deleting now unused module $paramod\GTP_LUT4\INIT=16'0111001011011000.
Deleting now unused module $paramod$93a26f0a26dec189488b3872d45eec18d34b8b43\GTP_LUT6.
Deleting now unused module $paramod$61e78ce1860ea3a4ebd61d490c52f3fe996c0831\GTP_LUT6.
Deleting now unused module $paramod$cdf1292afeccbd18b37e05ea1a59042b0b9336ab\GTP_LUT6.
Deleting now unused module $paramod$af046cc46087bf0b0924fadb497d1e35a60695cd\GTP_LUT6.
Deleting now unused module $paramod$a6caff50665e5fc1707f18f8083d784a5cfc2361\GTP_LUT6.
Deleting now unused module $paramod\GTP_LUT4\INIT=16'0000010100000001.
Deleting now unused module $paramod$f436d6db3d03e7f9df643a0433bf12f0cf64e1aa\GTP_LUT6.
Deleting now unused module $paramod\GTP_LUT5\INIT=32'00110001000000010011001000000010.
Deleting now unused module $paramod\GTP_LUT5\INIT=32'10011001010110100101101001011010.
Deleting now unused module $paramod$874bc5030e9be49fdd45b9d00944f87dd13d8c67\GTP_LUT6.
Deleting now unused module $paramod\GTP_LUT4\INIT=16'1111110010101000.
Deleting now unused module $paramod$2865b5cc516b09fe35b4c4eafb13abc1dc5cdaab\GTP_LUT6.
Deleting now unused module $paramod\GTP_LUT5\INIT=32'01011010010110101001100101011010.
Deleting now unused module $paramod\GTP_LUT5\INIT=32'11100100111001001110010001001110.
Deleting now unused module $paramod\GTP_LUT5\INIT=32'00110001001100000011001100110001.
Deleting now unused module $paramod$47129716f55bca087ad4ae2bfb763c97f945d2d8\GTP_LUT6.
Deleting now unused module $paramod\GTP_LUT5\INIT=32'00001111000011110110100100001111.
Deleting now unused module $paramod\GTP_LUT5\INIT=32'10001000100010001110111010001110.
Deleting now unused module $paramod$b38e8ed8580593830ba5c5520eac2b6518fe48a2\GTP_LUT6.
Deleting now unused module $paramod$3e2db026235381543a840dcfa5b2c53cbd48cb47\GTP_LUT6.
Deleting now unused module $paramod$424d2f8f1ee0b36a9f3af771bdb6a9d93b5c1c55\GTP_LUT6.
Deleting now unused module $paramod\GTP_LUT5\INIT=32'01111000011110000111100010110100.
Deleting now unused module $paramod\GTP_LUT4\INIT=16'0000000101010101.
Deleting now unused module $paramod$2f958ce0214b28f5901173f5fc8c66b503d9e587\GTP_LUT6.
Deleting now unused module $paramod$b1fb4677aea079d4c03eebaa7bc1f97787dfc032\GTP_LUT6.
Deleting now unused module $paramod\GTP_LUT5\INIT=32'11111111110011001011001101000000.
Deleting now unused module $paramod\GTP_LUT5\INIT=32'10101011000000100101010011111101.
Deleting now unused module $paramod\GTP_LUT5\INIT=32'11001000111111101000000011101100.
Deleting now unused module $paramod\GTP_LUT5\INIT=32'00000000000000001111101110110011.
Deleting now unused module $paramod$8cd7e9b161dad2ff8eac52b3a80a757c3d59bd4e\GTP_LUT6.
Deleting now unused module $paramod\GTP_LUT5\INIT=32'10010110111101101001011011110000.
Deleting now unused module $paramod\GTP_LUT4\INIT=16'1000000010010000.
Deleting now unused module $paramod\GTP_LUT5\INIT=32'01100011100100111001110001101100.
Deleting now unused module $paramod\GTP_LUT5\INIT=32'10011001101001011010010110100101.
Deleting now unused module $paramod$29b23bb86a3bab872b65412e2bbfe72509203217\GTP_LUT6.
Deleting now unused module $paramod$b52a007edf2fe88b13dd6c5b929b773b8f5b4e73\GTP_LUT6.
Deleting now unused module $paramod\GTP_LUT4\INIT=16'0111110100101000.
Deleting now unused module $paramod$be96578f7bb2910608aeb462f0a29246a35a6677\GTP_LUT6.
Deleting now unused module $paramod$41d159e28863b08419671248d537e89131d10f6a\GTP_LUT6.
Deleting now unused module $paramod$ab62f3409345c37b7cfd12793497f65fc667fc2f\GTP_LUT6.
Deleting now unused module $paramod\GTP_LUT5\INIT=32'10010011010111111010000001101100.
Deleting now unused module $paramod$4c3faea74aef4abaf79ddc4f8a1615e26857e466\GTP_LUT6.
Deleting now unused module $paramod$4ab64a9cad038af67431c74c463f51d0500de987\GTP_LUT6.
Deleting now unused module $paramod$420f2c7153f156ae085510c99ee54f35ace6c1f9\GTP_LUT6.
Deleting now unused module $paramod$12a4f35fd903bf646a3e593c2869a3c6a562316c\GTP_LUT6.
Deleting now unused module $paramod$3d73145d84fc0f4fe12d071624ee958d2a34ad61\GTP_LUT6.
Deleting now unused module $paramod$339d5456bc04eada5134358929b5309c6253e25d\GTP_LUT6.
Deleting now unused module $paramod$b2ef3add4eb53705176e99a262fd81a24b6813d1\GTP_LUT6.
Deleting now unused module $paramod$85213762418d52be3bc2283a5f4bd45ceb8af43b\GTP_LUT6.
Deleting now unused module $paramod$a6f464deed30c7746a66d1d42feb92dbfecc19d4\GTP_LUT6.
Deleting now unused module $paramod$11ad22dd741c8e5bca22c1b643c18f9d805d6ae6\GTP_LUT6.
Deleting now unused module $paramod$69c6b83f5c699bf5e17cea92274928f44d304629\GTP_LUT6.
Deleting now unused module $paramod$4b2239dd3344a8ff3422dccce18769027b8a192e\GTP_LUT6.
Deleting now unused module $paramod$390a1399a6fc91c2e4ff254709cc600940b89e63\GTP_LUT6.
Deleting now unused module $paramod\GTP_LUT5\INIT=32'11001000100000001111111011101100.
Deleting now unused module $paramod$5687794a905ddabec7142ca1f414d229e855f3bc\GTP_LUT6.
Deleting now unused module $paramod$bfde43f9375641a8be061bcf417c25d0e8103358\GTP_LUT6.
Deleting now unused module $paramod\GTP_LUT5\INIT=32'01110111011110111000100010000100.
Deleting now unused module $paramod\GTP_LUT3\INIT=8'01110010.
Deleting now unused module $paramod\GTP_LUT3\INIT=8'01111000.
Deleting now unused module $paramod$6788864a5ba2f165a6c227010cdf709df1c0e01d\GTP_LUT6.
Deleting now unused module $paramod$e217d00130b23f9657bb05d8b9062f6ed8c27733\GTP_LUT6.
Deleting now unused module $paramod\GTP_LUT3\INIT=8'01010001.
Deleting now unused module $paramod$fb059cea1f34c1df93b32ef7ecd9318417c53d0f\GTP_LUT6.
Deleting now unused module $paramod$06f6fd3eedef20662989266ce101c6c76a6efff4\GTP_LUT6.
Deleting now unused module $paramod\GTP_LUT3\INIT=8'00001011.
Deleting now unused module $paramod$0fc4a3ce8e7e82c8b538b3e41d4a8d8581b02549\GTP_LUT6.
Deleting now unused module $paramod$ba327f2f01e84494aa5cda6f72ec86ddb332b16c\GTP_LUT6.
Deleting now unused module $paramod\GTP_LUT5\INIT=32'11001000110010001100100011111010.
Deleting now unused module $paramod$a2bc838eb55497e2e16d2aff53382db9fc474773\GTP_LUT6.
Deleting now unused module $paramod$67d66995a90fb8f1acfec5d90247fa6057927000\GTP_LUT6.
Deleting now unused module $paramod$12b956d2bfe85f86462d2c685784f36cd1735d0b\GTP_LUT6.
Deleting now unused module $paramod$0923cfa06370e3823e7c272e66356f48cb185299\GTP_LUT6.
Deleting now unused module $paramod\GTP_LUT5\INIT=32'10011001100110011001100101011010.
Deleting now unused module $paramod\GTP_LUT5\INIT=32'11011000110110001111101011011000.
Deleting now unused module $paramod$1296b162177a75336e86b66b1e8244dba2f42a83\GTP_LUT6.
Deleting now unused module $paramod$d0786e5f061f671afea1f46920fb14bc9c07fd28\GTP_LUT6.
Deleting now unused module $paramod$dc0e78ce81fab0b2e4e927aaa22737ed9b952ead\GTP_LUT6.
Deleting now unused module $paramod$85f251445b3a4f7d3ed70f371bd462fba397ce2f\GTP_LUT6.
Deleting now unused module $paramod$c758c6bfc61f8e37dcd7a7f48e34ad23eb8f6f77\GTP_LUT6.
Deleting now unused module $paramod$c89604e91de683c14486dd9c1cf554a82342b2d7\GTP_LUT6.
Deleting now unused module $paramod$c103504dff926e66c59921f10489f9ae5d25b733\GTP_LUT6.
Deleting now unused module $paramod$6c94083ddc07122c1401e63ff0ad5cfb427d062f\GTP_LUT6.
Deleting now unused module $paramod$7e2ac04157a091c3b8a12e0cff2a72bd6e4261c7\GTP_LUT6.
Deleting now unused module $paramod$d21812dac985055b32b3eca39f691c7445670fb1\GTP_LUT6.
Deleting now unused module $paramod$32b78369625acb113aa9d87af649528f5f47b981\GTP_LUT6.
Deleting now unused module $paramod\GTP_LUT4\INIT=16'1111101011011000.
Deleting now unused module $paramod$ce1831b0d031955412f7beb8faa3d1e6f6da5dc2\GTP_LUT6.
Deleting now unused module $paramod$f250f2215e5f2c3a3f2a6ba09def96725fd973d0\GTP_LUT6.
Deleting now unused module $paramod$a6005f0362de039403b8edd691a8c592fb652db1\GTP_LUT6.
Deleting now unused module $paramod$f15b9bf9cb8861ef7216179fbd2df4c7c6441f64\GTP_LUT6.
Deleting now unused module $paramod$1f07c78b7596ae3cc784bc1b7b3088e6f009fa10\GTP_LUT6.
Deleting now unused module $paramod\GTP_LUT5\INIT=32'11111010111110100101000011011000.
Deleting now unused module $paramod\GTP_LUT4\INIT=16'0001000000000000.
Deleting now unused module $paramod\GTP_LUT5\INIT=32'11010011010000000111001100010000.
Deleting now unused module $paramod\GTP_LUT4\INIT=16'1100100011111010.
Deleting now unused module $paramod$1774b298c8b4a8467a2e086a655eca9723a36b76\GTP_LUT6.
Deleting now unused module $paramod$fb68d1b93b6343b7a7dddb6e4be19d3395b2f7b2\GTP_LUT6.
Deleting now unused module $paramod$5ffe8ef32f3e30892f465aaf1cda4d491f9f7ca4\GTP_LUT6.
Deleting now unused module $paramod\GTP_LUT4\INIT=16'0100101110000111.
Deleting now unused module $paramod\GTP_LUT5\INIT=32'10100010101010101010001010100010.
Deleting now unused module $paramod$1a23fcdc77056cddef73e02f71c6f11d4a7f2c75\GTP_LUT6.
Deleting now unused module $paramod$f5e91dc1f96a466b43e2ea62cdda4c4f6c654a3c\GTP_LUT6.
Deleting now unused module $paramod$1b0920de6a7e68fb65e46a6ad96fe488b5da9be0\GTP_LUT6.
Deleting now unused module $paramod$1f80f9c53ec516ec2fe8c15365d505e814741623\GTP_LUT6.
Deleting now unused module $paramod\GTP_LUT5\INIT=32'00000000000000001111000111110111.
Deleting now unused module $paramod$56ec69f5ad3f14b094fc128e37422ac7ba4b7984\GTP_LUT6.
Deleting now unused module $paramod$475d43747dd2d1cb5da6e8339b266a0c7e8685b1\GTP_LUT6.
Deleting now unused module $paramod$f91aa6aa10c1df60576f8d480ff6a18a03e2f50d\GTP_LUT6.
Deleting now unused module $paramod$2d2b969be87441559eb459c999b8c8149bfe3c61\GTP_LUT6.
Deleting now unused module $paramod$68948508929cf1b45292f1f9ec21ba12479e8234\GTP_LUT6.
Deleting now unused module $paramod$3a4d0958b94a7cc7ae6840327ae5a3d4f6bdba69\GTP_LUT6.
Deleting now unused module $paramod$d052d25dc0bd6ad9ff7c9a26eacd3ea162ef961e\GTP_LUT6.
Deleting now unused module $paramod$dedcf4d9656f109d1eaec0cc15e13898817c1faa\GTP_LUT6.
Deleting now unused module $paramod$fc0d4ce59fd72224ec9737e28af8b5f3ed19c3eb\GTP_LUT6.
Deleting now unused module $paramod$b546be785baa12ed14b2175671e7c30a36d86266\GTP_LUT6.
Deleting now unused module $paramod$07860755a17736dd23243d1cf61e0b72a7347191\GTP_LUT6.
Deleting now unused module $paramod\GTP_LUT5\INIT=32'11111110110010001110110010000000.
Deleting now unused module $paramod$bed7f8e658c16542ac4e752a74b7ba29ebc0ad33\GTP_LUT6.
Deleting now unused module $paramod$b0d6733f8287b1f4519ab27fafdb29d794eb5ff3\GTP_LUT6.
Deleting now unused module $paramod$d9e9e614e54cc4c4358748ac1cf287279f49bea3\GTP_LUT6.
Deleting now unused module $paramod\GTP_LUT5\INIT=32'01110000000000000001000000000000.
Deleting now unused module $paramod\GTP_LUT5\INIT=32'11001100110000001100110010000000.
Deleting now unused module $paramod\GTP_LUT5\INIT=32'10000000101010101010100010101010.
Deleting now unused module $paramod\GTP_LUT4\INIT=16'0101000101000000.
Deleting now unused module $paramod$994453de08275820de6999780eab8046cb11efa5\GTP_LUT6.
Deleting now unused module $paramod\GTP_LUT5\INIT=32'00010000001000110010000000010011.
Deleting now unused module $paramod\GTP_LUT5\INIT=32'01010101010101010100010001010100.
Deleting now unused module $paramod$1a32a839c2615bdf0bae045c1db1e8d8ecb43fec\GTP_LUT6.
Deleting now unused module $paramod\GTP_LUT5\INIT=32'01100011100111001001001101101100.
Deleting now unused module $paramod\GTP_LUT4\INIT=16'1011010001111000.
Deleting now unused module $paramod$704f8042eefb99c5e76c6f22d96562ed7be56313\GTP_LUT6.
Deleting now unused module $paramod\GTP_LUT4\INIT=16'1001010110100110.
Deleting now unused module $paramod\GTP_LUT5\INIT=32'11111110111011001100100010000000.
Deleting now unused module $paramod\GTP_LUT5\INIT=32'10100101101001011001100110100101.
Deleting now unused module $paramod$e7416ded73550b1fbfd92c093bfbda4c30ad2c1d\GTP_LUT6.
Deleting now unused module $paramod$13dae6cbd4564de771554ee22fdad6d345146db4\GTP_LUT6.
Deleting now unused module $paramod$ccdd5a9a364248962fb863abd884fb447863184b\GTP_LUT6.
Deleting now unused module $paramod\GTP_LUT4\INIT=16'0100100010110111.
Deleting now unused module $paramod\GTP_LUT4\INIT=16'0010100001111101.
Deleting now unused module $paramod$5621a9cd48690f411228f0b6bdb270fa1a2d7e6c\GTP_LUT6.
Deleting now unused module $paramod\GTP_LUT5\INIT=32'00000000000000001111011111110001.
Deleting now unused module $paramod$ee1263cc1ddc67832d9e0851e42d909bf9eef3cd\GTP_LUT6.
Deleting now unused module $paramod$05bf28522bbfbd204985901a35739be4c355ccc5\GTP_LUT6.
Deleting now unused module $paramod$bc6de2df570eae61bfd8035a14e07bf943960444\GTP_LUT6.
Deleting now unused module $paramod$a118d3480dbade809b76bf838f3c3004c354f711\GTP_LUT6.
Deleting now unused module $paramod\GTP_LUT4\INIT=16'0100000001010001.
Deleting now unused module $paramod\GTP_LUT5\INIT=32'00010000001000000010001100010011.
Deleting now unused module $paramod\GTP_LUT5\INIT=32'01010001000101010100000000000100.
Deleting now unused module $paramod$96d4fd28579311011ec539e1b8cf13e5d774a2ec\GTP_LUT6.
Deleting now unused module $paramod$d656a6df532c1cc5662fe0a7afafccded88153c2\GTP_LUT6.
Deleting now unused module $paramod$1371f7acbb776edffbc3d61b6a56038ab548d7cb\GTP_LUT6.
Deleting now unused module $paramod$e165c77f34c53f7ad5d54584a3c2c9586ae667f8\GTP_LUT6.
Deleting now unused module $paramod$09259db225d769ce8527a5eada93fb5a1409294b\GTP_LUT6.
Deleting now unused module $paramod\GTP_LUT4\INIT=16'1011010001001011.
Deleting now unused module $paramod$7d0454c1babd540f4c4fe7907783493abc2113ae\GTP_LUT6.
Deleting now unused module $paramod$41d307e6037aef0f6de8e94c2e50d77d8b6bb709\GTP_LUT6.
Deleting now unused module $paramod$56887f0f5cf82d055e02966d1bd52eb3edcc0195\GTP_LUT6.
Deleting now unused module $paramod\GTP_LUT4\INIT=16'1011011101001000.
Deleting now unused module $paramod$ba5b7173d63688aef01bb71a72821be0a07f9a87\GTP_LUT6.
Deleting now unused module $paramod$0c75d9771d8390715aca7af4db20ea1c312fb822\GTP_LUT6.
Deleting now unused module $paramod$951d9341ccd051e40ea46f5cef9c619fbabbc7fe\GTP_LUT6.
Deleting now unused module $paramod$359f172a897fa1c15c7fd0ec0c418668d0ea5ddc\GTP_LUT6D.
Deleting now unused module $paramod$dcb57f3257ae135565aa99a01538050e3fc3f89e\GTP_LUT6D.
Deleting now unused module $paramod\GTP_LUT5D\INIT=32'01001011100001111111101010100000.
Deleting now unused module $paramod\GTP_LUT5D\INIT=32'10000100011110111010111100001010.
Deleting now unused module $paramod$59e29f78275868193c0ff80851eebf9f38cc8095\GTP_LUT6D.
Deleting now unused module $paramod$88f0a8c5139857d4eef9d3a6c19ca69c2e877611\GTP_LUT6D.
Deleting now unused module $paramod$8a924c94477439bd154f74f37d45d6d62091803c\GTP_LUT6D.
Deleting now unused module $paramod$315b5e749556fd81975f0744a4192f08ae919c69\GTP_LUT6D.
Deleting now unused module $paramod$a454a08009cea41cf0af1317298abd1749bc14eb\GTP_LUT6D.
<suppressed ~3565 debug messages>

5. Executing TECHMAP pass (map to technology primitives).

5.1. Executing Verilog-2005 frontend: /Users/yoyowang/Desktop/yosysDualOutputLUT/share/techmap.v
Parsing Verilog input from `/Users/yoyowang/Desktop/yosysDualOutputLUT/share/techmap.v' to AST representation.
verilog frontend filename /Users/yoyowang/Desktop/yosysDualOutputLUT/share/techmap.v
Generating RTLIL representation for module `\_90_simplemap_bool_ops'.
Generating RTLIL representation for module `\_90_simplemap_reduce_ops'.
Generating RTLIL representation for module `\_90_simplemap_logic_ops'.
Generating RTLIL representation for module `\_90_simplemap_compare_ops'.
Generating RTLIL representation for module `\_90_simplemap_various'.
Generating RTLIL representation for module `\_90_simplemap_registers'.
Generating RTLIL representation for module `\_90_shift_ops_shr_shl_sshl_sshr'.
Generating RTLIL representation for module `\_90_shift_shiftx'.
Generating RTLIL representation for module `\_90_fa'.
Generating RTLIL representation for module `\_90_lcu_brent_kung'.
Generating RTLIL representation for module `\_90_alu'.
Generating RTLIL representation for module `\_90_macc'.
Generating RTLIL representation for module `\_90_alumacc'.
Generating RTLIL representation for module `\$__div_mod_u'.
Generating RTLIL representation for module `\$__div_mod_trunc'.
Generating RTLIL representation for module `\_90_div'.
Generating RTLIL representation for module `\_90_mod'.
Generating RTLIL representation for module `\$__div_mod_floor'.
Generating RTLIL representation for module `\_90_divfloor'.
Generating RTLIL representation for module `\_90_modfloor'.
Generating RTLIL representation for module `\_90_pow'.
Generating RTLIL representation for module `\_90_pmux'.
Generating RTLIL representation for module `\_90_demux'.
Generating RTLIL representation for module `\_90_lut'.
Generating RTLIL representation for module `\$connect'.
Generating RTLIL representation for module `\$input_port'.
Successfully finished Verilog frontend.

5.2. Continuing TECHMAP pass.
Using extmapper simplemap for cells of type $mux.
Using extmapper simplemap for cells of type $lut.
No more expansions possible.
<suppressed ~15920 debug messages>

6. Executing OPT pass (performing simple optimizations).

6.1. Executing OPT_EXPR pass (perform const folding).
Optimizing module /Users/yoyowang/Desktop/benchmark/div.aig.
Couldn't topologically sort cells, optimizing module /Users/yoyowang/Desktop/benchmark/div.aig may take a longer time.
Couldn't topologically sort cells, optimizing module /Users/yoyowang/Desktop/benchmark/div.aig may take a longer time.
Couldn't topologically sort cells, optimizing module /Users/yoyowang/Desktop/benchmark/div.aig may take a longer time.
<suppressed ~126097 debug messages>

6.2. Executing OPT_MERGE pass (detect identical cells).
Finding identical cells in module `\/Users/yoyowang/Desktop/benchmark/div.aig'.
<suppressed ~82911 debug messages>
Removed a total of 27637 cells.

6.3. Executing OPT_MUXTREE pass (detect dead branches in mux trees).
Running muxtree optimizer on module \/Users/yoyowang/Desktop/benchmark/div.aig..
  Creating internal representation of mux trees.
  No muxes found in this module.
Removed 0 multiplexer ports.

6.4. Executing OPT_REDUCE pass (consolidate $*mux and $reduce_* inputs).
  Optimizing cells in module \/Users/yoyowang/Desktop/benchmark/div.aig.
Performed a total of 0 changes.

6.5. Executing OPT_MERGE pass (detect identical cells).
Finding identical cells in module `\/Users/yoyowang/Desktop/benchmark/div.aig'.
Removed a total of 0 cells.

6.6. Executing OPT_DFF pass (perform DFF optimizations).

6.7. Executing OPT_CLEAN pass (remove unused cells and wires).
Finding unused cells or wires in module \/Users/yoyowang/Desktop/benchmark/div.aig..
Removed 0 unused cells and 23736 unused wires.
<suppressed ~1 debug messages>

6.8. Executing OPT_EXPR pass (perform const folding).
Optimizing module /Users/yoyowang/Desktop/benchmark/div.aig.
Couldn't topologically sort cells, optimizing module /Users/yoyowang/Desktop/benchmark/div.aig may take a longer time.
<suppressed ~4126 debug messages>

6.9. Rerunning OPT passes. (Maybe there is more to do..)

6.10. Executing OPT_MUXTREE pass (detect dead branches in mux trees).
Running muxtree optimizer on module \/Users/yoyowang/Desktop/benchmark/div.aig..
  Creating internal representation of mux trees.
  No muxes found in this module.
Removed 0 multiplexer ports.

6.11. Executing OPT_REDUCE pass (consolidate $*mux and $reduce_* inputs).
  Optimizing cells in module \/Users/yoyowang/Desktop/benchmark/div.aig.
Performed a total of 0 changes.

6.12. Executing OPT_MERGE pass (detect identical cells).
Finding identical cells in module `\/Users/yoyowang/Desktop/benchmark/div.aig'.
<suppressed ~21 debug messages>
Removed a total of 7 cells.

6.13. Executing OPT_DFF pass (perform DFF optimizations).

6.14. Executing OPT_CLEAN pass (remove unused cells and wires).
Finding unused cells or wires in module \/Users/yoyowang/Desktop/benchmark/div.aig..
Removed 0 unused cells and 12 unused wires.
<suppressed ~1 debug messages>

6.15. Executing OPT_EXPR pass (perform const folding).
Optimizing module /Users/yoyowang/Desktop/benchmark/div.aig.

6.16. Rerunning OPT passes. (Maybe there is more to do..)

6.17. Executing OPT_MUXTREE pass (detect dead branches in mux trees).
Running muxtree optimizer on module \/Users/yoyowang/Desktop/benchmark/div.aig..
  Creating internal representation of mux trees.
  No muxes found in this module.
Removed 0 multiplexer ports.

6.18. Executing OPT_REDUCE pass (consolidate $*mux and $reduce_* inputs).
  Optimizing cells in module \/Users/yoyowang/Desktop/benchmark/div.aig.
Performed a total of 0 changes.

6.19. Executing OPT_MERGE pass (detect identical cells).
Finding identical cells in module `\/Users/yoyowang/Desktop/benchmark/div.aig'.
Removed a total of 0 cells.

6.20. Executing OPT_DFF pass (perform DFF optimizations).

6.21. Executing OPT_CLEAN pass (remove unused cells and wires).
Finding unused cells or wires in module \/Users/yoyowang/Desktop/benchmark/div.aig..

6.22. Executing OPT_EXPR pass (perform const folding).
Optimizing module /Users/yoyowang/Desktop/benchmark/div.aig.

6.23. Finished fast OPT passes. (There is nothing left to do.)

7. Executing AIGMAP pass (map logic to AIG).
Module /Users/yoyowang/Desktop/benchmark/div.aig: replaced 28787 cells with 201509 new cells, skipped 5434 cells.
  replaced 1 cell types:
   28787 $_MUX_
  not replaced 2 cell types:
    1869 $_NOT_
    3565 $scopeinfo

8. Executing AIGER backend.
Warning: Treating undriven bit /Users/yoyowang/Desktop/benchmark/div.aig.\a[0] like $anyseq.
Warning: Treating undriven bit /Users/yoyowang/Desktop/benchmark/div.aig.\a[1] like $anyseq.
Warning: Treating undriven bit /Users/yoyowang/Desktop/benchmark/div.aig.\a[2] like $anyseq.
Warning: Treating undriven bit /Users/yoyowang/Desktop/benchmark/div.aig.\a[3] like $anyseq.
Warning: Treating undriven bit /Users/yoyowang/Desktop/benchmark/div.aig.\a[4] like $anyseq.
Warning: Treating undriven bit /Users/yoyowang/Desktop/benchmark/div.aig.\a[5] like $anyseq.
Warning: Treating undriven bit /Users/yoyowang/Desktop/benchmark/div.aig.\a[6] like $anyseq.
Warning: Treating undriven bit /Users/yoyowang/Desktop/benchmark/div.aig.\a[7] like $anyseq.
Warning: Treating undriven bit /Users/yoyowang/Desktop/benchmark/div.aig.\a[8] like $anyseq.
Warning: Treating undriven bit /Users/yoyowang/Desktop/benchmark/div.aig.\a[9] like $anyseq.
Warning: Treating undriven bit /Users/yoyowang/Desktop/benchmark/div.aig.\a[10] like $anyseq.
Warning: Treating undriven bit /Users/yoyowang/Desktop/benchmark/div.aig.\a[11] like $anyseq.
Warning: Treating undriven bit /Users/yoyowang/Desktop/benchmark/div.aig.\a[12] like $anyseq.
Warning: Treating undriven bit /Users/yoyowang/Desktop/benchmark/div.aig.\a[13] like $anyseq.
Warning: Treating undriven bit /Users/yoyowang/Desktop/benchmark/div.aig.\a[14] like $anyseq.
Warning: Treating undriven bit /Users/yoyowang/Desktop/benchmark/div.aig.\a[15] like $anyseq.
Warning: Treating undriven bit /Users/yoyowang/Desktop/benchmark/div.aig.\a[16] like $anyseq.
Warning: Treating undriven bit /Users/yoyowang/Desktop/benchmark/div.aig.\a[17] like $anyseq.
Warning: Treating undriven bit /Users/yoyowang/Desktop/benchmark/div.aig.\a[18] like $anyseq.
Warning: Treating undriven bit /Users/yoyowang/Desktop/benchmark/div.aig.\a[19] like $anyseq.
Warning: Treating undriven bit /Users/yoyowang/Desktop/benchmark/div.aig.\a[20] like $anyseq.
Warning: Treating undriven bit /Users/yoyowang/Desktop/benchmark/div.aig.\a[21] like $anyseq.
Warning: Treating undriven bit /Users/yoyowang/Desktop/benchmark/div.aig.\a[22] like $anyseq.
Warning: Treating undriven bit /Users/yoyowang/Desktop/benchmark/div.aig.\a[23] like $anyseq.
Warning: Treating undriven bit /Users/yoyowang/Desktop/benchmark/div.aig.\a[24] like $anyseq.
Warning: Treating undriven bit /Users/yoyowang/Desktop/benchmark/div.aig.\a[25] like $anyseq.
Warning: Treating undriven bit /Users/yoyowang/Desktop/benchmark/div.aig.\a[26] like $anyseq.
Warning: Treating undriven bit /Users/yoyowang/Desktop/benchmark/div.aig.\a[27] like $anyseq.
Warning: Treating undriven bit /Users/yoyowang/Desktop/benchmark/div.aig.\a[28] like $anyseq.
Warning: Treating undriven bit /Users/yoyowang/Desktop/benchmark/div.aig.\a[29] like $anyseq.
Warning: Treating undriven bit /Users/yoyowang/Desktop/benchmark/div.aig.\a[30] like $anyseq.
Warning: Treating undriven bit /Users/yoyowang/Desktop/benchmark/div.aig.\a[31] like $anyseq.
Warning: Treating undriven bit /Users/yoyowang/Desktop/benchmark/div.aig.\a[32] like $anyseq.
Warning: Treating undriven bit /Users/yoyowang/Desktop/benchmark/div.aig.\a[33] like $anyseq.
Warning: Treating undriven bit /Users/yoyowang/Desktop/benchmark/div.aig.\a[34] like $anyseq.
Warning: Treating undriven bit /Users/yoyowang/Desktop/benchmark/div.aig.\a[35] like $anyseq.
Warning: Treating undriven bit /Users/yoyowang/Desktop/benchmark/div.aig.\a[36] like $anyseq.
Warning: Treating undriven bit /Users/yoyowang/Desktop/benchmark/div.aig.\a[37] like $anyseq.
Warning: Treating undriven bit /Users/yoyowang/Desktop/benchmark/div.aig.\a[38] like $anyseq.
Warning: Treating undriven bit /Users/yoyowang/Desktop/benchmark/div.aig.\a[39] like $anyseq.
Warning: Treating undriven bit /Users/yoyowang/Desktop/benchmark/div.aig.\a[40] like $anyseq.
Warning: Treating undriven bit /Users/yoyowang/Desktop/benchmark/div.aig.\a[41] like $anyseq.
Warning: Treating undriven bit /Users/yoyowang/Desktop/benchmark/div.aig.\a[42] like $anyseq.
Warning: Treating undriven bit /Users/yoyowang/Desktop/benchmark/div.aig.\a[43] like $anyseq.
Warning: Treating undriven bit /Users/yoyowang/Desktop/benchmark/div.aig.\a[44] like $anyseq.
Warning: Treating undriven bit /Users/yoyowang/Desktop/benchmark/div.aig.\a[45] like $anyseq.
Warning: Treating undriven bit /Users/yoyowang/Desktop/benchmark/div.aig.\a[46] like $anyseq.
Warning: Treating undriven bit /Users/yoyowang/Desktop/benchmark/div.aig.\a[47] like $anyseq.
Warning: Treating undriven bit /Users/yoyowang/Desktop/benchmark/div.aig.\a[48] like $anyseq.
Warning: Treating undriven bit /Users/yoyowang/Desktop/benchmark/div.aig.\a[49] like $anyseq.
Warning: Treating undriven bit /Users/yoyowang/Desktop/benchmark/div.aig.\a[50] like $anyseq.
Warning: Treating undriven bit /Users/yoyowang/Desktop/benchmark/div.aig.\a[51] like $anyseq.
Warning: Treating undriven bit /Users/yoyowang/Desktop/benchmark/div.aig.\a[52] like $anyseq.
Warning: Treating undriven bit /Users/yoyowang/Desktop/benchmark/div.aig.\a[53] like $anyseq.
Warning: Treating undriven bit /Users/yoyowang/Desktop/benchmark/div.aig.\a[54] like $anyseq.
Warning: Treating undriven bit /Users/yoyowang/Desktop/benchmark/div.aig.\a[55] like $anyseq.
Warning: Treating undriven bit /Users/yoyowang/Desktop/benchmark/div.aig.\a[56] like $anyseq.
Warning: Treating undriven bit /Users/yoyowang/Desktop/benchmark/div.aig.\a[57] like $anyseq.
Warning: Treating undriven bit /Users/yoyowang/Desktop/benchmark/div.aig.\a[58] like $anyseq.
Warning: Treating undriven bit /Users/yoyowang/Desktop/benchmark/div.aig.\a[59] like $anyseq.
Warning: Treating undriven bit /Users/yoyowang/Desktop/benchmark/div.aig.\a[60] like $anyseq.
Warning: Treating undriven bit /Users/yoyowang/Desktop/benchmark/div.aig.\a[61] like $anyseq.
Warning: Treating undriven bit /Users/yoyowang/Desktop/benchmark/div.aig.\a[62] like $anyseq.
Warning: Treating undriven bit /Users/yoyowang/Desktop/benchmark/div.aig.\a[63] like $anyseq.
Warning: Treating undriven bit /Users/yoyowang/Desktop/benchmark/div.aig.\b[0] like $anyseq.
Warning: Treating undriven bit /Users/yoyowang/Desktop/benchmark/div.aig.\b[1] like $anyseq.
Warning: Treating undriven bit /Users/yoyowang/Desktop/benchmark/div.aig.\b[2] like $anyseq.
Warning: Treating undriven bit /Users/yoyowang/Desktop/benchmark/div.aig.\b[3] like $anyseq.
Warning: Treating undriven bit /Users/yoyowang/Desktop/benchmark/div.aig.\b[4] like $anyseq.
Warning: Treating undriven bit /Users/yoyowang/Desktop/benchmark/div.aig.\b[5] like $anyseq.
Warning: Treating undriven bit /Users/yoyowang/Desktop/benchmark/div.aig.\b[6] like $anyseq.
Warning: Treating undriven bit /Users/yoyowang/Desktop/benchmark/div.aig.\b[7] like $anyseq.
Warning: Treating undriven bit /Users/yoyowang/Desktop/benchmark/div.aig.\b[8] like $anyseq.
Warning: Treating undriven bit /Users/yoyowang/Desktop/benchmark/div.aig.\b[9] like $anyseq.
Warning: Treating undriven bit /Users/yoyowang/Desktop/benchmark/div.aig.\b[10] like $anyseq.
Warning: Treating undriven bit /Users/yoyowang/Desktop/benchmark/div.aig.\b[11] like $anyseq.
Warning: Treating undriven bit /Users/yoyowang/Desktop/benchmark/div.aig.\b[12] like $anyseq.
Warning: Treating undriven bit /Users/yoyowang/Desktop/benchmark/div.aig.\b[13] like $anyseq.
Warning: Treating undriven bit /Users/yoyowang/Desktop/benchmark/div.aig.\b[14] like $anyseq.
Warning: Treating undriven bit /Users/yoyowang/Desktop/benchmark/div.aig.\b[15] like $anyseq.
Warning: Treating undriven bit /Users/yoyowang/Desktop/benchmark/div.aig.\b[16] like $anyseq.
Warning: Treating undriven bit /Users/yoyowang/Desktop/benchmark/div.aig.\b[17] like $anyseq.
Warning: Treating undriven bit /Users/yoyowang/Desktop/benchmark/div.aig.\b[18] like $anyseq.
Warning: Treating undriven bit /Users/yoyowang/Desktop/benchmark/div.aig.\b[19] like $anyseq.
Warning: Treating undriven bit /Users/yoyowang/Desktop/benchmark/div.aig.\b[20] like $anyseq.
Warning: Treating undriven bit /Users/yoyowang/Desktop/benchmark/div.aig.\b[21] like $anyseq.
Warning: Treating undriven bit /Users/yoyowang/Desktop/benchmark/div.aig.\b[22] like $anyseq.
Warning: Treating undriven bit /Users/yoyowang/Desktop/benchmark/div.aig.\b[23] like $anyseq.
Warning: Treating undriven bit /Users/yoyowang/Desktop/benchmark/div.aig.\b[24] like $anyseq.
Warning: Treating undriven bit /Users/yoyowang/Desktop/benchmark/div.aig.\b[25] like $anyseq.
Warning: Treating undriven bit /Users/yoyowang/Desktop/benchmark/div.aig.\b[26] like $anyseq.
Warning: Treating undriven bit /Users/yoyowang/Desktop/benchmark/div.aig.\b[27] like $anyseq.
Warning: Treating undriven bit /Users/yoyowang/Desktop/benchmark/div.aig.\b[28] like $anyseq.
Warning: Treating undriven bit /Users/yoyowang/Desktop/benchmark/div.aig.\b[29] like $anyseq.
Warning: Treating undriven bit /Users/yoyowang/Desktop/benchmark/div.aig.\b[30] like $anyseq.
Warning: Treating undriven bit /Users/yoyowang/Desktop/benchmark/div.aig.\b[31] like $anyseq.
Warning: Treating undriven bit /Users/yoyowang/Desktop/benchmark/div.aig.\b[32] like $anyseq.
Warning: Treating undriven bit /Users/yoyowang/Desktop/benchmark/div.aig.\b[33] like $anyseq.
Warning: Treating undriven bit /Users/yoyowang/Desktop/benchmark/div.aig.\b[34] like $anyseq.
Warning: Treating undriven bit /Users/yoyowang/Desktop/benchmark/div.aig.\b[35] like $anyseq.
Warning: Treating undriven bit /Users/yoyowang/Desktop/benchmark/div.aig.\b[36] like $anyseq.
Warning: Treating undriven bit /Users/yoyowang/Desktop/benchmark/div.aig.\b[37] like $anyseq.
Warning: Treating undriven bit /Users/yoyowang/Desktop/benchmark/div.aig.\b[38] like $anyseq.
Warning: Treating undriven bit /Users/yoyowang/Desktop/benchmark/div.aig.\b[39] like $anyseq.
Warning: Treating undriven bit /Users/yoyowang/Desktop/benchmark/div.aig.\b[40] like $anyseq.
Warning: Treating undriven bit /Users/yoyowang/Desktop/benchmark/div.aig.\b[41] like $anyseq.
Warning: Treating undriven bit /Users/yoyowang/Desktop/benchmark/div.aig.\b[42] like $anyseq.
Warning: Treating undriven bit /Users/yoyowang/Desktop/benchmark/div.aig.\b[43] like $anyseq.
Warning: Treating undriven bit /Users/yoyowang/Desktop/benchmark/div.aig.\b[44] like $anyseq.
Warning: Treating undriven bit /Users/yoyowang/Desktop/benchmark/div.aig.\b[45] like $anyseq.
Warning: Treating undriven bit /Users/yoyowang/Desktop/benchmark/div.aig.\b[46] like $anyseq.
Warning: Treating undriven bit /Users/yoyowang/Desktop/benchmark/div.aig.\b[47] like $anyseq.
Warning: Treating undriven bit /Users/yoyowang/Desktop/benchmark/div.aig.\b[48] like $anyseq.
Warning: Treating undriven bit /Users/yoyowang/Desktop/benchmark/div.aig.\b[49] like $anyseq.
Warning: Treating undriven bit /Users/yoyowang/Desktop/benchmark/div.aig.\b[50] like $anyseq.
Warning: Treating undriven bit /Users/yoyowang/Desktop/benchmark/div.aig.\b[51] like $anyseq.
Warning: Treating undriven bit /Users/yoyowang/Desktop/benchmark/div.aig.\b[52] like $anyseq.
Warning: Treating undriven bit /Users/yoyowang/Desktop/benchmark/div.aig.\b[53] like $anyseq.
Warning: Treating undriven bit /Users/yoyowang/Desktop/benchmark/div.aig.\b[54] like $anyseq.
Warning: Treating undriven bit /Users/yoyowang/Desktop/benchmark/div.aig.\b[55] like $anyseq.
Warning: Treating undriven bit /Users/yoyowang/Desktop/benchmark/div.aig.\b[56] like $anyseq.
Warning: Treating undriven bit /Users/yoyowang/Desktop/benchmark/div.aig.\b[57] like $anyseq.
Warning: Treating undriven bit /Users/yoyowang/Desktop/benchmark/div.aig.\b[58] like $anyseq.
Warning: Treating undriven bit /Users/yoyowang/Desktop/benchmark/div.aig.\b[59] like $anyseq.
Warning: Treating undriven bit /Users/yoyowang/Desktop/benchmark/div.aig.\b[60] like $anyseq.
Warning: Treating undriven bit /Users/yoyowang/Desktop/benchmark/div.aig.\b[61] like $anyseq.
Warning: Treating undriven bit /Users/yoyowang/Desktop/benchmark/div.aig.\b[62] like $anyseq.
Warning: Treating undriven bit /Users/yoyowang/Desktop/benchmark/div.aig.\b[63] like $anyseq.
Warning: Treating a total of 128 undriven bits in /Users/yoyowang/Desktop/benchmark/div.aig like $anyseq.

Warnings: 129 unique messages, 129 total
End of script. Logfile hash: 60c13a13f8, CPU: user 3.02s system 0.21s, MEM: 887.67 MB peak
Yosys 0.60+64 (git sha1 e3af261e1-dirty, clang++ 17.0.0 -fPIC -O3)
Time spent: 39% 4x opt_expr (1 sec), 19% 3x opt_clean (0 sec), ...
