
 /----------------------------------------------------------------------------\
 |  yosys -- Yosys Open SYnthesis Suite                                       |
 |  Copyright (C) 2012 - 2025  Claire Xenia Wolf <claire@yosyshq.com>         |
 |  Distributed under an ISC-like license, type "license" to see terms        |
 \----------------------------------------------------------------------------/
 Yosys 0.60+64 (git sha1 e3af261e1-dirty, clang++ 17.0.0 -fPIC -O3)

-- Running command `
        read_verilog -icells techlibs/yoyo/cells_sim.v
        read_verilog test_output_epfl/max_lut6d_mapped.v
        hierarchy -check -auto-top
        flatten
        techmap
        opt
        aigmap
        write_aiger test_output_epfl/max_lut6d_gate_cec.aig
    ' --

1. Executing Verilog-2005 frontend: techlibs/yoyo/cells_sim.v
Parsing Verilog input from `techlibs/yoyo/cells_sim.v' to AST representation.
verilog frontend filename techlibs/yoyo/cells_sim.v
Generating RTLIL representation for module `\GTP_LUT1'.
Generating RTLIL representation for module `\GTP_LUT2'.
Generating RTLIL representation for module `\GTP_LUT3'.
Generating RTLIL representation for module `\GTP_LUT4'.
Generating RTLIL representation for module `\GTP_LUT5'.
Generating RTLIL representation for module `\GTP_LUT6'.
Generating RTLIL representation for module `\GTP_LUT6D'.
Generating RTLIL representation for module `\GTP_LUT5D'.
Generating RTLIL representation for module `\GTP_LUT4D'.
Successfully finished Verilog frontend.

2. Executing Verilog-2005 frontend: test_output_epfl/max_lut6d_mapped.v
Parsing Verilog input from `test_output_epfl/max_lut6d_mapped.v' to AST representation.
verilog frontend filename test_output_epfl/max_lut6d_mapped.v
Generating RTLIL representation for module `\/Users/yoyowang/Desktop/benchmark/max.aig'.
Successfully finished Verilog frontend.

3. Executing HIERARCHY pass (managing design hierarchy).
Attribute `top' found on module `/Users/yoyowang/Desktop/benchmark/max.aig'. Setting top module to /Users/yoyowang/Desktop/benchmark/max.aig.

3.1. Analyzing design hierarchy..
Top module:  \/Users/yoyowang/Desktop/benchmark/max.aig
Used module:     \GTP_LUT6
Used module:     \GTP_LUT4
Used module:     \GTP_LUT5
Used module:     \GTP_LUT3
Used module:     \GTP_LUT6D
Used module:     \GTP_LUT5D
Used module:     \GTP_LUT4D
Parameter \INIT = 64'1111111101110111001100110001000100001111000001110000001100000001

3.2. Executing AST frontend in derive mode using pre-parsed AST for module `\GTP_LUT6'.
Parameter \INIT = 64'1111111101110111001100110001000100001111000001110000001100000001
Generating RTLIL representation for module `$paramod$ed1ee42251b0cf42a47008de1609c8c8fb11aebd\GTP_LUT6'.
Parameter \INIT = 64'0000000010000000110000001110000000000000100010001100110011101110

3.3. Executing AST frontend in derive mode using pre-parsed AST for module `\GTP_LUT6'.
Parameter \INIT = 64'0000000010000000110000001110000000000000100010001100110011101110
Generating RTLIL representation for module `$paramod$ec370ee290a68612d79369ff71df22235f27717a\GTP_LUT6'.
Parameter \INIT = 16'1000110010101111

3.4. Executing AST frontend in derive mode using pre-parsed AST for module `\GTP_LUT4'.
Parameter \INIT = 16'1000110010101111
Generating RTLIL representation for module `$paramod\GTP_LUT4\INIT=16'1000110010101111'.
Parameter \INIT = 16'1111010100110001

3.5. Executing AST frontend in derive mode using pre-parsed AST for module `\GTP_LUT4'.
Parameter \INIT = 16'1111010100110001
Generating RTLIL representation for module `$paramod\GTP_LUT4\INIT=16'1111010100110001'.
Parameter \INIT = 16'1000110010101111
Found cached RTLIL representation for module `$paramod\GTP_LUT4\INIT=16'1000110010101111'.
Parameter \INIT = 16'1111010100110001
Found cached RTLIL representation for module `$paramod\GTP_LUT4\INIT=16'1111010100110001'.
Parameter \INIT = 16'1111010100110001
Found cached RTLIL representation for module `$paramod\GTP_LUT4\INIT=16'1111010100110001'.
Parameter \INIT = 16'1000110010101111
Found cached RTLIL representation for module `$paramod\GTP_LUT4\INIT=16'1000110010101111'.
Parameter \INIT = 64'0000100011001110000010001100111000000000000000000000100011001110

3.6. Executing AST frontend in derive mode using pre-parsed AST for module `\GTP_LUT6'.
Parameter \INIT = 64'0000100011001110000010001100111000000000000000000000100011001110
Generating RTLIL representation for module `$paramod$f02a64952e4d523361df6a283310835bf2458f93\GTP_LUT6'.
Parameter \INIT = 16'1101110100001101

3.7. Executing AST frontend in derive mode using pre-parsed AST for module `\GTP_LUT4'.
Parameter \INIT = 16'1101110100001101
Generating RTLIL representation for module `$paramod\GTP_LUT4\INIT=16'1101110100001101'.
Parameter \INIT = 16'1101000011011101

3.8. Executing AST frontend in derive mode using pre-parsed AST for module `\GTP_LUT4'.
Parameter \INIT = 16'1101000011011101
Generating RTLIL representation for module `$paramod\GTP_LUT4\INIT=16'1101000011011101'.
Parameter \INIT = 64'0011111101011111000000000000000000111111010111110011111101011111

3.9. Executing AST frontend in derive mode using pre-parsed AST for module `\GTP_LUT6'.
Parameter \INIT = 64'0011111101011111000000000000000000111111010111110011111101011111
Generating RTLIL representation for module `$paramod$f41a1fcf2eeec35f3b480a60385b6eb642ba3eaa\GTP_LUT6'.
Parameter \INIT = 64'1111000011111111110000001100110011110000111111111010000010101010

3.10. Executing AST frontend in derive mode using pre-parsed AST for module `\GTP_LUT6'.
Parameter \INIT = 64'1111000011111111110000001100110011110000111111111010000010101010
Generating RTLIL representation for module `$paramod$abd16bd9e1e102b2d6bfe324def8d80d16d3632a\GTP_LUT6'.
Parameter \INIT = 64'0011111100000000001111110011111101011111000000000101111101011111

3.11. Executing AST frontend in derive mode using pre-parsed AST for module `\GTP_LUT6'.
Parameter \INIT = 64'0011111100000000001111110011111101011111000000000101111101011111
Generating RTLIL representation for module `$paramod$2b99c3d40e92e6be25628b09d72c96e1fa264471\GTP_LUT6'.
Parameter \INIT = 64'0000101010001010000010101000101010001010100010100000101010001010

3.12. Executing AST frontend in derive mode using pre-parsed AST for module `\GTP_LUT6'.
Parameter \INIT = 64'0000101010001010000010101000101010001010100010100000101010001010
Generating RTLIL representation for module `$paramod$bf6a843f8e065b2db715682f73d9ceea17637ca1\GTP_LUT6'.
Parameter \INIT = 64'0101000001010100010100000101010001010100010101000101000001010100

3.13. Executing AST frontend in derive mode using pre-parsed AST for module `\GTP_LUT6'.
Parameter \INIT = 64'0101000001010100010100000101010001010100010101000101000001010100
Generating RTLIL representation for module `$paramod$f62a196fd4e51edb861152b2d93e46459a5ed62c\GTP_LUT6'.
Parameter \INIT = 16'1111010100110001
Found cached RTLIL representation for module `$paramod\GTP_LUT4\INIT=16'1111010100110001'.
Parameter \INIT = 64'0000101010001010000010101000101010001010100010100000101010001010
Found cached RTLIL representation for module `$paramod$bf6a843f8e065b2db715682f73d9ceea17637ca1\GTP_LUT6'.
Parameter \INIT = 64'0000101010001010000010101000101010001010100010100000101010001010
Found cached RTLIL representation for module `$paramod$bf6a843f8e065b2db715682f73d9ceea17637ca1\GTP_LUT6'.
Parameter \INIT = 64'0000101010001010000010101000101010001010100010100000101010001010
Found cached RTLIL representation for module `$paramod$bf6a843f8e065b2db715682f73d9ceea17637ca1\GTP_LUT6'.
Parameter \INIT = 16'1111001101010001

3.14. Executing AST frontend in derive mode using pre-parsed AST for module `\GTP_LUT4'.
Parameter \INIT = 16'1111001101010001
Generating RTLIL representation for module `$paramod\GTP_LUT4\INIT=16'1111001101010001'.
Parameter \INIT = 64'0011001100000000001100000011000001010101000000000101000001010000

3.15. Executing AST frontend in derive mode using pre-parsed AST for module `\GTP_LUT6'.
Parameter \INIT = 64'0011001100000000001100000011000001010101000000000101000001010000
Generating RTLIL representation for module `$paramod$df81f1935b111686b0a1972add3214494cbf1428\GTP_LUT6'.
Parameter \INIT = 64'0000000010001000110011001110111011110000111110001111110011111110

3.16. Executing AST frontend in derive mode using pre-parsed AST for module `\GTP_LUT6'.
Parameter \INIT = 64'0000000010001000110011001110111011110000111110001111110011111110
Generating RTLIL representation for module `$paramod$597821d9dab1beb38dde31c4ff20f2368e62e2a5\GTP_LUT6'.
Parameter \INIT = 64'0111111100111111000111110000111100000111000000110000000100000000

3.17. Executing AST frontend in derive mode using pre-parsed AST for module `\GTP_LUT6'.
Parameter \INIT = 64'0111111100111111000111110000111100000111000000110000000100000000
Generating RTLIL representation for module `$paramod$810925176b3aace5d6a66710d651418d199f1cfe\GTP_LUT6'.
Parameter \INIT = 16'1101000011011101
Found cached RTLIL representation for module `$paramod\GTP_LUT4\INIT=16'1101000011011101'.
Parameter \INIT = 16'1101000011011101
Found cached RTLIL representation for module `$paramod\GTP_LUT4\INIT=16'1101000011011101'.
Parameter \INIT = 16'1101000011011101
Found cached RTLIL representation for module `$paramod\GTP_LUT4\INIT=16'1101000011011101'.
Parameter \INIT = 64'0000101010001010000010101000101010001010100010100000101010001010
Found cached RTLIL representation for module `$paramod$bf6a843f8e065b2db715682f73d9ceea17637ca1\GTP_LUT6'.
Parameter \INIT = 64'0000101010001010000010101000101010001010100010100000101010001010
Found cached RTLIL representation for module `$paramod$bf6a843f8e065b2db715682f73d9ceea17637ca1\GTP_LUT6'.
Parameter \INIT = 64'1111111100000000000000000000000000101111001011110000000000000000

3.18. Executing AST frontend in derive mode using pre-parsed AST for module `\GTP_LUT6'.
Parameter \INIT = 64'1111111100000000000000000000000000101111001011110000000000000000
Generating RTLIL representation for module `$paramod$82208b90ad469dc3c5265d1143682e4a7ab48694\GTP_LUT6'.
Parameter \INIT = 64'1111111101110111001100110001000100001111000001110000001100000001
Found cached RTLIL representation for module `$paramod$ed1ee42251b0cf42a47008de1609c8c8fb11aebd\GTP_LUT6'.
Parameter \INIT = 64'0111111100111111000111110000111101110111001100110001000100000000

3.19. Executing AST frontend in derive mode using pre-parsed AST for module `\GTP_LUT6'.
Parameter \INIT = 64'0111111100111111000111110000111101110111001100110001000100000000
Generating RTLIL representation for module `$paramod$ed2c1a0a5afb78288ca43b0fbac65ce50b51a4cd\GTP_LUT6'.
Parameter \INIT = 64'0000000010000000110000001110000011110000111110001111110011111110

3.20. Executing AST frontend in derive mode using pre-parsed AST for module `\GTP_LUT6'.
Parameter \INIT = 64'0000000010000000110000001110000011110000111110001111110011111110
Generating RTLIL representation for module `$paramod$88ad822babd0818dee2a8717db6b3cd3120775a1\GTP_LUT6'.
Parameter \INIT = 64'1010000010100010101000001010001010100010101000101010000010100010

3.21. Executing AST frontend in derive mode using pre-parsed AST for module `\GTP_LUT6'.
Parameter \INIT = 64'1010000010100010101000001010001010100010101000101010000010100010
Generating RTLIL representation for module `$paramod$c7b52305ba7e4ea7a0d94c50f89c981b4b7c73cd\GTP_LUT6'.
Parameter \INIT = 64'0000101010001010000010101000101010001010100010100000101010001010
Found cached RTLIL representation for module `$paramod$bf6a843f8e065b2db715682f73d9ceea17637ca1\GTP_LUT6'.
Parameter \INIT = 64'0000101100000000111110111111000011111111111111111111111111111111

3.22. Executing AST frontend in derive mode using pre-parsed AST for module `\GTP_LUT6'.
Parameter \INIT = 64'0000101100000000111110111111000011111111111111111111111111111111
Generating RTLIL representation for module `$paramod$9571e2f1221da70e462d7ac0cb251847bb762708\GTP_LUT6'.
Parameter \INIT = 64'0000000011001100000000000000000010001100111011110000000000000000

3.23. Executing AST frontend in derive mode using pre-parsed AST for module `\GTP_LUT6'.
Parameter \INIT = 64'0000000011001100000000000000000010001100111011110000000000000000
Generating RTLIL representation for module `$paramod$001236ea87540d0e11ad93f7d36459c6df8c2f37\GTP_LUT6'.
Parameter \INIT = 64'0000100011001110111101110011000110001100111011110111001100010000

3.24. Executing AST frontend in derive mode using pre-parsed AST for module `\GTP_LUT6'.
Parameter \INIT = 64'0000100011001110111101110011000110001100111011110111001100010000
Generating RTLIL representation for module `$paramod$2e876cf91f34689daebfffa6f4f0add50659dafb\GTP_LUT6'.
Parameter \INIT = 64'1111111101110111001100110001000100001111000001110000001100000001
Found cached RTLIL representation for module `$paramod$ed1ee42251b0cf42a47008de1609c8c8fb11aebd\GTP_LUT6'.
Parameter \INIT = 181272576

3.25. Executing AST frontend in derive mode using pre-parsed AST for module `\GTP_LUT5'.
Parameter \INIT = 181272576
Generating RTLIL representation for module `$paramod\GTP_LUT5\INIT=32'00001010110011100000000000000000'.
Parameter \INIT = 181272576
Found cached RTLIL representation for module `$paramod\GTP_LUT5\INIT=32'00001010110011100000000000000000'.
Parameter \INIT = 16'1101000011011101
Found cached RTLIL representation for module `$paramod\GTP_LUT4\INIT=16'1101000011011101'.
Parameter \INIT = 16'1101000011011101
Found cached RTLIL representation for module `$paramod\GTP_LUT4\INIT=16'1101000011011101'.
Parameter \INIT = 64'0101000001010100010100000101010001010100010101000101000001010100
Found cached RTLIL representation for module `$paramod$f62a196fd4e51edb861152b2d93e46459a5ed62c\GTP_LUT6'.
Parameter \INIT = 64'0000101010001010000010101000101010001010100010100000101010001010
Found cached RTLIL representation for module `$paramod$bf6a843f8e065b2db715682f73d9ceea17637ca1\GTP_LUT6'.
Parameter \INIT = 64'0111001111110011001100111111001111110011111100110011001111110011

3.26. Executing AST frontend in derive mode using pre-parsed AST for module `\GTP_LUT6'.
Parameter \INIT = 64'0111001111110011001100111111001111110011111100110011001111110011
Generating RTLIL representation for module `$paramod$f9a5ea7271730c6b20d427d62cac10e0f7fd5d86\GTP_LUT6'.
Parameter \INIT = 64'1011000010111011101100001011101100000000000000001011000010111011

3.27. Executing AST frontend in derive mode using pre-parsed AST for module `\GTP_LUT6'.
Parameter \INIT = 64'1011000010111011101100001011101100000000000000001011000010111011
Generating RTLIL representation for module `$paramod$eb06b477878d4b937e51b60fa4fe5d52307103ef\GTP_LUT6'.
Parameter \INIT = 64'0000101100000000000010110000000010111011000010110000101100000000

3.28. Executing AST frontend in derive mode using pre-parsed AST for module `\GTP_LUT6'.
Parameter \INIT = 64'0000101100000000000010110000000010111011000010110000101100000000
Generating RTLIL representation for module `$paramod$0de6eca5006a8ed9a461706e6ca8d630d6bd8fcf\GTP_LUT6'.
Parameter \INIT = 64'0000000011001100000000000000000010001100111011110000000000000000
Found cached RTLIL representation for module `$paramod$001236ea87540d0e11ad93f7d36459c6df8c2f37\GTP_LUT6'.
Parameter \INIT = 64'1000000011000000101000001111000010001000110011001010101011111111

3.29. Executing AST frontend in derive mode using pre-parsed AST for module `\GTP_LUT6'.
Parameter \INIT = 64'1000000011000000101000001111000010001000110011001010101011111111
Generating RTLIL representation for module `$paramod$13ab2f91b1f36166564487ef6b3ad3c1d7f5ea85\GTP_LUT6'.
Parameter \INIT = 64'1111111101110111001100110001000100001111000001110000001100000001
Found cached RTLIL representation for module `$paramod$ed1ee42251b0cf42a47008de1609c8c8fb11aebd\GTP_LUT6'.
Parameter \INIT = 64'1111111101110111001100110001000100001111000001110000001100000001
Found cached RTLIL representation for module `$paramod$ed1ee42251b0cf42a47008de1609c8c8fb11aebd\GTP_LUT6'.
Parameter \INIT = 64'1000000011000000101000001111000010001000110011001010101011111111
Found cached RTLIL representation for module `$paramod$13ab2f91b1f36166564487ef6b3ad3c1d7f5ea85\GTP_LUT6'.
Parameter \INIT = 64'0000000010000000110000001110000011110000111110001111110011111110
Found cached RTLIL representation for module `$paramod$88ad822babd0818dee2a8717db6b3cd3120775a1\GTP_LUT6'.
Parameter \INIT = 63281

3.30. Executing AST frontend in derive mode using pre-parsed AST for module `\GTP_LUT5'.
Parameter \INIT = 63281
Generating RTLIL representation for module `$paramod\GTP_LUT5\INIT=32'00000000000000001111011100110001'.
Parameter \INIT = 32'10001000101010100000110000001111

3.31. Executing AST frontend in derive mode using pre-parsed AST for module `\GTP_LUT5'.
Parameter \INIT = 32'10001000101010100000110000001111
Generating RTLIL representation for module `$paramod\GTP_LUT5\INIT=32'10001000101010100000110000001111'.
Parameter \INIT = 63281
Found cached RTLIL representation for module `$paramod\GTP_LUT5\INIT=32'00000000000000001111011100110001'.
Parameter \INIT = 32'10001100101011110000000000000000

3.32. Executing AST frontend in derive mode using pre-parsed AST for module `\GTP_LUT5'.
Parameter \INIT = 32'10001100101011110000000000000000
Generating RTLIL representation for module `$paramod\GTP_LUT5\INIT=32'10001100101011110000000000000000'.
Parameter \INIT = 63281
Found cached RTLIL representation for module `$paramod\GTP_LUT5\INIT=32'00000000000000001111011100110001'.
Parameter \INIT = 181272576
Found cached RTLIL representation for module `$paramod\GTP_LUT5\INIT=32'00001010110011100000000000000000'.
Parameter \INIT = 64'1010101010101010101010101010101000000000000010001000100010001010

3.33. Executing AST frontend in derive mode using pre-parsed AST for module `\GTP_LUT6'.
Parameter \INIT = 64'1010101010101010101010101010101000000000000010001000100010001010
Generating RTLIL representation for module `$paramod$930aecd54792866f7c7f89e7d92488c7f714c167\GTP_LUT6'.
Parameter \INIT = 64'0000000000000000000000000000000011111111111111111000110000001100

3.34. Executing AST frontend in derive mode using pre-parsed AST for module `\GTP_LUT6'.
Parameter \INIT = 64'0000000000000000000000000000000011111111111111111000110000001100
Generating RTLIL representation for module `$paramod$f24bf9211ab4eb073dafb999bfbaf0f3089ab145\GTP_LUT6'.
Parameter \INIT = 32'10111011000000001111000011110000

3.35. Executing AST frontend in derive mode using pre-parsed AST for module `\GTP_LUT5'.
Parameter \INIT = 32'10111011000000001111000011110000
Generating RTLIL representation for module `$paramod\GTP_LUT5\INIT=32'10111011000000001111000011110000'.
Parameter \INIT = 64'1101000000000000111100000000000011010000110100001111000011110000

3.36. Executing AST frontend in derive mode using pre-parsed AST for module `\GTP_LUT6'.
Parameter \INIT = 64'1101000000000000111100000000000011010000110100001111000011110000
Generating RTLIL representation for module `$paramod$fbd7430b50fcde900f98b7cd24afb5ac957c0d5d\GTP_LUT6'.
Parameter \INIT = 64'1101111111011111110111110100111100000000000000000000000000000000

3.37. Executing AST frontend in derive mode using pre-parsed AST for module `\GTP_LUT6'.
Parameter \INIT = 64'1101111111011111110111110100111100000000000000000000000000000000
Generating RTLIL representation for module `$paramod$78d940035c561dba45c3632577c123226d65c428\GTP_LUT6'.
Parameter \INIT = 64'1111010100110001111111111111111100000000000000000000000000000000

3.38. Executing AST frontend in derive mode using pre-parsed AST for module `\GTP_LUT6'.
Parameter \INIT = 64'1111010100110001111111111111111100000000000000000000000000000000
Generating RTLIL representation for module `$paramod$981b531c840b9c190de16cc7b5c1b383f8f66693\GTP_LUT6'.
Parameter \INIT = 64'1101110100001101110111010000110100000000000000001101110100001101

3.39. Executing AST frontend in derive mode using pre-parsed AST for module `\GTP_LUT6'.
Parameter \INIT = 64'1101110100001101110111010000110100000000000000001101110100001101
Generating RTLIL representation for module `$paramod$c7fa56871cbcfcbe8d6f0a7b77604141595d184d\GTP_LUT6'.
Parameter \INIT = 64'1101110100001101110111010000110100000000000000001101110100001101
Found cached RTLIL representation for module `$paramod$c7fa56871cbcfcbe8d6f0a7b77604141595d184d\GTP_LUT6'.
Parameter \INIT = 53501

3.40. Executing AST frontend in derive mode using pre-parsed AST for module `\GTP_LUT5'.
Parameter \INIT = 53501
Generating RTLIL representation for module `$paramod\GTP_LUT5\INIT=32'00000000000000001101000011111101'.
Parameter \INIT = 64'1000110010101111000000000000000000000000000000000000000000000000

3.41. Executing AST frontend in derive mode using pre-parsed AST for module `\GTP_LUT6'.
Parameter \INIT = 64'1000110010101111000000000000000000000000000000000000000000000000
Generating RTLIL representation for module `$paramod$43abe397191cf3df117d39293a9e21a10352aad8\GTP_LUT6'.
Parameter \INIT = 32'10101110111111110000000010101110

3.42. Executing AST frontend in derive mode using pre-parsed AST for module `\GTP_LUT5'.
Parameter \INIT = 32'10101110111111110000000010101110
Generating RTLIL representation for module `$paramod\GTP_LUT5\INIT=32'10101110111111110000000010101110'.
Parameter \INIT = 32'10001010100010100000000010001010

3.43. Executing AST frontend in derive mode using pre-parsed AST for module `\GTP_LUT5'.
Parameter \INIT = 32'10001010100010100000000010001010
Generating RTLIL representation for module `$paramod\GTP_LUT5\INIT=32'10001010100010100000000010001010'.
Parameter \INIT = 45056

3.44. Executing AST frontend in derive mode using pre-parsed AST for module `\GTP_LUT5'.
Parameter \INIT = 45056
Generating RTLIL representation for module `$paramod\GTP_LUT5\INIT=32'00000000000000001011000000000000'.
Parameter \INIT = 64'1111111101110111001100110001000100001111000001110000001100000001
Found cached RTLIL representation for module `$paramod$ed1ee42251b0cf42a47008de1609c8c8fb11aebd\GTP_LUT6'.
Parameter \INIT = 64'1111111101110111001100110001000100001111000001110000001100000001
Found cached RTLIL representation for module `$paramod$ed1ee42251b0cf42a47008de1609c8c8fb11aebd\GTP_LUT6'.
Parameter \INIT = 63281
Found cached RTLIL representation for module `$paramod\GTP_LUT5\INIT=32'00000000000000001111011100110001'.
Parameter \INIT = 32'10001100101011110000000000000000
Found cached RTLIL representation for module `$paramod\GTP_LUT5\INIT=32'10001100101011110000000000000000'.
Parameter \INIT = 32'10001100101011110000000000000000
Found cached RTLIL representation for module `$paramod\GTP_LUT5\INIT=32'10001100101011110000000000000000'.
Parameter \INIT = 32'10001100101011110000000000000000
Found cached RTLIL representation for module `$paramod\GTP_LUT5\INIT=32'10001100101011110000000000000000'.
Parameter \INIT = 32'10001100101011110000000000000000
Found cached RTLIL representation for module `$paramod\GTP_LUT5\INIT=32'10001100101011110000000000000000'.
Parameter \INIT = 63281
Found cached RTLIL representation for module `$paramod\GTP_LUT5\INIT=32'00000000000000001111011100110001'.
Parameter \INIT = 1930491697

3.45. Executing AST frontend in derive mode using pre-parsed AST for module `\GTP_LUT5'.
Parameter \INIT = 1930491697
Generating RTLIL representation for module `$paramod\GTP_LUT5\INIT=32'01110011000100001111011100110001'.
Parameter \INIT = 16'1101000011011101
Found cached RTLIL representation for module `$paramod\GTP_LUT4\INIT=16'1101000011011101'.
Parameter \INIT = 16'1101000011011101
Found cached RTLIL representation for module `$paramod\GTP_LUT4\INIT=16'1101000011011101'.
Parameter \INIT = 16'1101000011011101
Found cached RTLIL representation for module `$paramod\GTP_LUT4\INIT=16'1101000011011101'.
Parameter \INIT = 16'1101000011011101
Found cached RTLIL representation for module `$paramod\GTP_LUT4\INIT=16'1101000011011101'.
Parameter \INIT = 16'1101000011011101
Found cached RTLIL representation for module `$paramod\GTP_LUT4\INIT=16'1101000011011101'.
Parameter \INIT = 16'1101000011011101
Found cached RTLIL representation for module `$paramod\GTP_LUT4\INIT=16'1101000011011101'.
Parameter \INIT = 16'0100111100000100

3.46. Executing AST frontend in derive mode using pre-parsed AST for module `\GTP_LUT4'.
Parameter \INIT = 16'0100111100000100
Generating RTLIL representation for module `$paramod\GTP_LUT4\INIT=16'0100111100000100'.
Parameter \INIT = 16'1000110010101111
Found cached RTLIL representation for module `$paramod\GTP_LUT4\INIT=16'1000110010101111'.
Parameter \INIT = 64'0000101010001010000010101000101010001010100010100000101010001010
Found cached RTLIL representation for module `$paramod$bf6a843f8e065b2db715682f73d9ceea17637ca1\GTP_LUT6'.
Parameter \INIT = 64'0000101010001010000010101000101010001010100010100000101010001010
Found cached RTLIL representation for module `$paramod$bf6a843f8e065b2db715682f73d9ceea17637ca1\GTP_LUT6'.
Parameter \INIT = 64'0000101010001010000010101000101010001010100010100000101010001010
Found cached RTLIL representation for module `$paramod$bf6a843f8e065b2db715682f73d9ceea17637ca1\GTP_LUT6'.
Parameter \INIT = 707398186

3.47. Executing AST frontend in derive mode using pre-parsed AST for module `\GTP_LUT5'.
Parameter \INIT = 707398186
Generating RTLIL representation for module `$paramod\GTP_LUT5\INIT=32'00101010001010100000101000101010'.
Parameter \INIT = 64'0001010100000001000000000000000001010101010101010001010100000001

3.48. Executing AST frontend in derive mode using pre-parsed AST for module `\GTP_LUT6'.
Parameter \INIT = 64'0001010100000001000000000000000001010101010101010001010100000001
Generating RTLIL representation for module `$paramod$60541f2221b86fbbcebf1059929e56a11b5db6e9\GTP_LUT6'.
Parameter \INIT = 64'1101000011011101000000000000000000000000000000000000000000000000

3.49. Executing AST frontend in derive mode using pre-parsed AST for module `\GTP_LUT6'.
Parameter \INIT = 64'1101000011011101000000000000000000000000000000000000000000000000
Generating RTLIL representation for module `$paramod$88a0dfaab3b49c8a34bbd35be26903f2476516dc\GTP_LUT6'.
Parameter \INIT = 64'1101000000000000111100000000000011010000110100001111000011110000
Found cached RTLIL representation for module `$paramod$fbd7430b50fcde900f98b7cd24afb5ac957c0d5d\GTP_LUT6'.
Parameter \INIT = 64'1101000000000000111100000000000011010000110100001111000011110000
Found cached RTLIL representation for module `$paramod$fbd7430b50fcde900f98b7cd24afb5ac957c0d5d\GTP_LUT6'.
Parameter \INIT = 64'1111010100110001111111111111111100000000000000000000000000000000
Found cached RTLIL representation for module `$paramod$981b531c840b9c190de16cc7b5c1b383f8f66693\GTP_LUT6'.
Parameter \INIT = 64'1011101100001011000000000000000010111011101110111011101100001011

3.50. Executing AST frontend in derive mode using pre-parsed AST for module `\GTP_LUT6'.
Parameter \INIT = 64'1011101100001011000000000000000010111011101110111011101100001011
Generating RTLIL representation for module `$paramod$93caa429bc25535841059823500babccf60d32a0\GTP_LUT6'.
Parameter \INIT = 64'1101110100001101110111010000110100000000000000001101110100001101
Found cached RTLIL representation for module `$paramod$c7fa56871cbcfcbe8d6f0a7b77604141595d184d\GTP_LUT6'.
Parameter \INIT = 1157649733

3.51. Executing AST frontend in derive mode using pre-parsed AST for module `\GTP_LUT5'.
Parameter \INIT = 1157649733
Generating RTLIL representation for module `$paramod\GTP_LUT5\INIT=32'01000101000000000101010101000101'.
Parameter \INIT = 32'10001010100010100000000010001010
Found cached RTLIL representation for module `$paramod\GTP_LUT5\INIT=32'10001010100010100000000010001010'.
Parameter \INIT = 32'10001010100010100000000010001010
Found cached RTLIL representation for module `$paramod\GTP_LUT5\INIT=32'10001010100010100000000010001010'.
Parameter \INIT = 32'10001100101011110000000000000000
Found cached RTLIL representation for module `$paramod\GTP_LUT5\INIT=32'10001100101011110000000000000000'.
Parameter \INIT = 32'10001100101011110000000000000000
Found cached RTLIL representation for module `$paramod\GTP_LUT5\INIT=32'10001100101011110000000000000000'.
Parameter \INIT = 32'10001100101011110000000000000000
Found cached RTLIL representation for module `$paramod\GTP_LUT5\INIT=32'10001100101011110000000000000000'.
Parameter \INIT = 181272576
Found cached RTLIL representation for module `$paramod\GTP_LUT5\INIT=32'00001010110011100000000000000000'.
Parameter \INIT = 16'1101000011011101
Found cached RTLIL representation for module `$paramod\GTP_LUT4\INIT=16'1101000011011101'.
Parameter \INIT = 16'1011000010111011

3.52. Executing AST frontend in derive mode using pre-parsed AST for module `\GTP_LUT4'.
Parameter \INIT = 16'1011000010111011
Generating RTLIL representation for module `$paramod\GTP_LUT4\INIT=16'1011000010111011'.
Parameter \INIT = 16'1101000011011101
Found cached RTLIL representation for module `$paramod\GTP_LUT4\INIT=16'1101000011011101'.
Parameter \INIT = 64'0000101010001010000010101000101010001010100010100000101010001010
Found cached RTLIL representation for module `$paramod$bf6a843f8e065b2db715682f73d9ceea17637ca1\GTP_LUT6'.
Parameter \INIT = 64'0000101010001010000010101000101010001010100010100000101010001010
Found cached RTLIL representation for module `$paramod$bf6a843f8e065b2db715682f73d9ceea17637ca1\GTP_LUT6'.
Parameter \INIT = 64'0000101010001010000010101000101010001010100010100000101010001010
Found cached RTLIL representation for module `$paramod$bf6a843f8e065b2db715682f73d9ceea17637ca1\GTP_LUT6'.
Parameter \INIT = 64'1000100010001000000010001000100010101010101010100000101010101010

3.53. Executing AST frontend in derive mode using pre-parsed AST for module `\GTP_LUT6'.
Parameter \INIT = 64'1000100010001000000010001000100010101010101010100000101010101010
Generating RTLIL representation for module `$paramod$f38193891517e8a41a0fca6916c3af0837a9f89a\GTP_LUT6'.
Parameter \INIT = 16'1000101011001111

3.54. Executing AST frontend in derive mode using pre-parsed AST for module `\GTP_LUT4'.
Parameter \INIT = 16'1000101011001111
Generating RTLIL representation for module `$paramod\GTP_LUT4\INIT=16'1000101011001111'.
Parameter \INIT = 32'10001010100010100000000010001010
Found cached RTLIL representation for module `$paramod\GTP_LUT5\INIT=32'10001010100010100000000010001010'.
Parameter \INIT = 64'1011101100001011000000000000000010111011101110111011101100001011
Found cached RTLIL representation for module `$paramod$93caa429bc25535841059823500babccf60d32a0\GTP_LUT6'.
Parameter \INIT = 32'10001010100010100000000010001010
Found cached RTLIL representation for module `$paramod\GTP_LUT5\INIT=32'10001010100010100000000010001010'.
Parameter \INIT = 32'10001010100010100000000010001010
Found cached RTLIL representation for module `$paramod\GTP_LUT5\INIT=32'10001010100010100000000010001010'.
Parameter \INIT = 1157649733
Found cached RTLIL representation for module `$paramod\GTP_LUT5\INIT=32'01000101000000000101010101000101'.
Parameter \INIT = 32'10001010100010100000000010001010
Found cached RTLIL representation for module `$paramod\GTP_LUT5\INIT=32'10001010100010100000000010001010'.
Parameter \INIT = 64'1111111101110111001100110001000100001111000001110000001100000001
Found cached RTLIL representation for module `$paramod$ed1ee42251b0cf42a47008de1609c8c8fb11aebd\GTP_LUT6'.
Parameter \INIT = 64'1111111101110111001100110001000100001111000001110000001100000001
Found cached RTLIL representation for module `$paramod$ed1ee42251b0cf42a47008de1609c8c8fb11aebd\GTP_LUT6'.
Parameter \INIT = 64'1111111101110111001100110001000100001111000001110000001100000001
Found cached RTLIL representation for module `$paramod$ed1ee42251b0cf42a47008de1609c8c8fb11aebd\GTP_LUT6'.
Parameter \INIT = 63281
Found cached RTLIL representation for module `$paramod\GTP_LUT5\INIT=32'00000000000000001111011100110001'.
Parameter \INIT = 181272576
Found cached RTLIL representation for module `$paramod\GTP_LUT5\INIT=32'00001010110011100000000000000000'.
Parameter \INIT = 181272576
Found cached RTLIL representation for module `$paramod\GTP_LUT5\INIT=32'00001010110011100000000000000000'.
Parameter \INIT = 64'0000101010001010000010101000101010001010100010100000101010001010
Found cached RTLIL representation for module `$paramod$bf6a843f8e065b2db715682f73d9ceea17637ca1\GTP_LUT6'.
Parameter \INIT = 64'0000101000101010000010100010101000101010001010100000101000101010

3.55. Executing AST frontend in derive mode using pre-parsed AST for module `\GTP_LUT6'.
Parameter \INIT = 64'0000101000101010000010100010101000101010001010100000101000101010
Generating RTLIL representation for module `$paramod$0b3159fbf66e6f7d0eb9946e6fab0a3a24f46f2d\GTP_LUT6'.
Parameter \INIT = 64'1010000010101000101000001010100010101000101010001010000010101000

3.56. Executing AST frontend in derive mode using pre-parsed AST for module `\GTP_LUT6'.
Parameter \INIT = 64'1010000010101000101000001010100010101000101010001010000010101000
Generating RTLIL representation for module `$paramod$a4e55b25d8e2a94e9cddc16ee16e3cc2b02cb5f8\GTP_LUT6'.
Parameter \INIT = 64'1000100010001000000010001000100010101010101010100000101010101010
Found cached RTLIL representation for module `$paramod$f38193891517e8a41a0fca6916c3af0837a9f89a\GTP_LUT6'.
Parameter \INIT = 64'1101000011011101000000001101000011010000110111011101000011011101

3.57. Executing AST frontend in derive mode using pre-parsed AST for module `\GTP_LUT6'.
Parameter \INIT = 64'1101000011011101000000001101000011010000110111011101000011011101
Generating RTLIL representation for module `$paramod$7ca8623b487d394d51941a8a396ce730ad56bcee\GTP_LUT6'.
Parameter \INIT = 64'1011000010111011101100001011101100000000000000001011000010111011
Found cached RTLIL representation for module `$paramod$eb06b477878d4b937e51b60fa4fe5d52307103ef\GTP_LUT6'.
Parameter \INIT = 64'1011101100001011000010110000000010111011000010111011101100001011

3.58. Executing AST frontend in derive mode using pre-parsed AST for module `\GTP_LUT6'.
Parameter \INIT = 64'1011101100001011000010110000000010111011000010111011101100001011
Generating RTLIL representation for module `$paramod$433f8ab87dfbda830f96ff31479880cbf93489b2\GTP_LUT6'.
Parameter \INIT = 64'1101110100001101110111010000110100000000000000001101110100001101
Found cached RTLIL representation for module `$paramod$c7fa56871cbcfcbe8d6f0a7b77604141595d184d\GTP_LUT6'.
Parameter \INIT = 64'1111111101110111001100110001000100001111000001110000001100000001
Found cached RTLIL representation for module `$paramod$ed1ee42251b0cf42a47008de1609c8c8fb11aebd\GTP_LUT6'.
Parameter \INIT = 64'1111111101110111001100110001000100001111000001110000001100000001
Found cached RTLIL representation for module `$paramod$ed1ee42251b0cf42a47008de1609c8c8fb11aebd\GTP_LUT6'.
Parameter \INIT = 64'1111111101110111001100110001000100001111000001110000001100000001
Found cached RTLIL representation for module `$paramod$ed1ee42251b0cf42a47008de1609c8c8fb11aebd\GTP_LUT6'.
Parameter \INIT = 63281
Found cached RTLIL representation for module `$paramod\GTP_LUT5\INIT=32'00000000000000001111011100110001'.
Parameter \INIT = 63281
Found cached RTLIL representation for module `$paramod\GTP_LUT5\INIT=32'00000000000000001111011100110001'.
Parameter \INIT = 32'10001100101011110000000000000000
Found cached RTLIL representation for module `$paramod\GTP_LUT5\INIT=32'10001100101011110000000000000000'.
Parameter \INIT = 32'11111111001100110111001100010000

3.59. Executing AST frontend in derive mode using pre-parsed AST for module `\GTP_LUT5'.
Parameter \INIT = 32'11111111001100110111001100010000
Generating RTLIL representation for module `$paramod\GTP_LUT5\INIT=32'11111111001100110111001100010000'.
Parameter \INIT = 32'10001100101011110000000000000000
Found cached RTLIL representation for module `$paramod\GTP_LUT5\INIT=32'10001100101011110000000000000000'.
Parameter \INIT = 1930491697
Found cached RTLIL representation for module `$paramod\GTP_LUT5\INIT=32'01110011000100001111011100110001'.
Parameter \INIT = 181272576
Found cached RTLIL representation for module `$paramod\GTP_LUT5\INIT=32'00001010110011100000000000000000'.
Parameter \INIT = 16'1101110100001101
Found cached RTLIL representation for module `$paramod\GTP_LUT4\INIT=16'1101110100001101'.
Parameter \INIT = 16'1101110100001101
Found cached RTLIL representation for module `$paramod\GTP_LUT4\INIT=16'1101110100001101'.
Parameter \INIT = 64'0000010101000101000001010100010101000101010001010000010101000101

3.60. Executing AST frontend in derive mode using pre-parsed AST for module `\GTP_LUT6'.
Parameter \INIT = 64'0000010101000101000001010100010101000101010001010000010101000101
Generating RTLIL representation for module `$paramod$616acd0bfa3854b2b152bc633b3120e9c2e6e42c\GTP_LUT6'.
Parameter \INIT = 64'0000101010001010000010101000101010001010100010100000101010001010
Found cached RTLIL representation for module `$paramod$bf6a843f8e065b2db715682f73d9ceea17637ca1\GTP_LUT6'.
Parameter \INIT = 64'0000101010001010000010101000101010001010100010100000101010001010
Found cached RTLIL representation for module `$paramod$bf6a843f8e065b2db715682f73d9ceea17637ca1\GTP_LUT6'.
Parameter \INIT = 64'0000000000010000000100010001000100000000000000000000000000010000

3.61. Executing AST frontend in derive mode using pre-parsed AST for module `\GTP_LUT6'.
Parameter \INIT = 64'0000000000010000000100010001000100000000000000000000000000010000
Generating RTLIL representation for module `$paramod$39330776008f06b86c297ae6b72bc9c1cf03f663\GTP_LUT6'.
Parameter \INIT = 64'1011101100001011000000000000000010111011101110111011101100001011
Found cached RTLIL representation for module `$paramod$93caa429bc25535841059823500babccf60d32a0\GTP_LUT6'.
Parameter \INIT = 53501
Found cached RTLIL representation for module `$paramod\GTP_LUT5\INIT=32'00000000000000001101000011111101'.
Parameter \INIT = 32'10001010100010100000000010001010
Found cached RTLIL representation for module `$paramod\GTP_LUT5\INIT=32'10001010100010100000000010001010'.
Parameter \INIT = 16'1000101011001111
Found cached RTLIL representation for module `$paramod\GTP_LUT4\INIT=16'1000101011001111'.
Parameter \INIT = 64'1111111101110111001100110001000100001111000001110000001100000001
Found cached RTLIL representation for module `$paramod$ed1ee42251b0cf42a47008de1609c8c8fb11aebd\GTP_LUT6'.
Parameter \INIT = 64'1111111101110111001100110001000100001111000001110000001100000001
Found cached RTLIL representation for module `$paramod$ed1ee42251b0cf42a47008de1609c8c8fb11aebd\GTP_LUT6'.
Parameter \INIT = 63281
Found cached RTLIL representation for module `$paramod\GTP_LUT5\INIT=32'00000000000000001111011100110001'.
Parameter \INIT = 32'11111111001100110111001100010000
Found cached RTLIL representation for module `$paramod\GTP_LUT5\INIT=32'11111111001100110111001100010000'.
Parameter \INIT = 32'10001100101011110000000000000000
Found cached RTLIL representation for module `$paramod\GTP_LUT5\INIT=32'10001100101011110000000000000000'.
Parameter \INIT = 1930491697
Found cached RTLIL representation for module `$paramod\GTP_LUT5\INIT=32'01110011000100001111011100110001'.
Parameter \INIT = 181272576
Found cached RTLIL representation for module `$paramod\GTP_LUT5\INIT=32'00001010110011100000000000000000'.
Parameter \INIT = 32'11111111001100110111001100010000
Found cached RTLIL representation for module `$paramod\GTP_LUT5\INIT=32'11111111001100110111001100010000'.
Parameter \INIT = 32'11111111001100110111001100010000
Found cached RTLIL representation for module `$paramod\GTP_LUT5\INIT=32'11111111001100110111001100010000'.
Parameter \INIT = 181272576
Found cached RTLIL representation for module `$paramod\GTP_LUT5\INIT=32'00001010110011100000000000000000'.
Parameter \INIT = 16'1101110100001101
Found cached RTLIL representation for module `$paramod\GTP_LUT4\INIT=16'1101110100001101'.
Parameter \INIT = 64'0000101010001010000010101000101010001010100010100000101010001010
Found cached RTLIL representation for module `$paramod$bf6a843f8e065b2db715682f73d9ceea17637ca1\GTP_LUT6'.
Parameter \INIT = 64'0000101010001010000010101000101010001010100010100000101010001010
Found cached RTLIL representation for module `$paramod$bf6a843f8e065b2db715682f73d9ceea17637ca1\GTP_LUT6'.
Parameter \INIT = 64'0000101010001010000010101000101010001010100010100000101010001010
Found cached RTLIL representation for module `$paramod$bf6a843f8e065b2db715682f73d9ceea17637ca1\GTP_LUT6'.
Parameter \INIT = 64'0001000000010001000100000001000100000000000000000001000000010001

3.62. Executing AST frontend in derive mode using pre-parsed AST for module `\GTP_LUT6'.
Parameter \INIT = 64'0001000000010001000100000001000100000000000000000001000000010001
Generating RTLIL representation for module `$paramod$3e9c13dec1e077107f1d5fa4112c26886cec402c\GTP_LUT6'.
Parameter \INIT = 64'1011101100001011000010110000000010111011000010111011101100001011
Found cached RTLIL representation for module `$paramod$433f8ab87dfbda830f96ff31479880cbf93489b2\GTP_LUT6'.
Parameter \INIT = 1157649733
Found cached RTLIL representation for module `$paramod\GTP_LUT5\INIT=32'01000101000000000101010101000101'.
Parameter \INIT = 32'10001010100010100000000010001010
Found cached RTLIL representation for module `$paramod\GTP_LUT5\INIT=32'10001010100010100000000010001010'.
Parameter \INIT = 16'1000101011001111
Found cached RTLIL representation for module `$paramod\GTP_LUT4\INIT=16'1000101011001111'.
Parameter \INIT = 64'1111111101110111001100110001000100001111000001110000001100000001
Found cached RTLIL representation for module `$paramod$ed1ee42251b0cf42a47008de1609c8c8fb11aebd\GTP_LUT6'.
Parameter \INIT = 64'1111111101110111001100110001000100001111000001110000001100000001
Found cached RTLIL representation for module `$paramod$ed1ee42251b0cf42a47008de1609c8c8fb11aebd\GTP_LUT6'.
Parameter \INIT = 63281
Found cached RTLIL representation for module `$paramod\GTP_LUT5\INIT=32'00000000000000001111011100110001'.
Parameter \INIT = 63281
Found cached RTLIL representation for module `$paramod\GTP_LUT5\INIT=32'00000000000000001111011100110001'.
Parameter \INIT = 32'11111111001100110111001100010000
Found cached RTLIL representation for module `$paramod\GTP_LUT5\INIT=32'11111111001100110111001100010000'.
Parameter \INIT = 181272576
Found cached RTLIL representation for module `$paramod\GTP_LUT5\INIT=32'00001010110011100000000000000000'.
Parameter \INIT = 32'11111111001100110111001100010000
Found cached RTLIL representation for module `$paramod\GTP_LUT5\INIT=32'11111111001100110111001100010000'.
Parameter \INIT = 181272576
Found cached RTLIL representation for module `$paramod\GTP_LUT5\INIT=32'00001010110011100000000000000000'.
Parameter \INIT = 16'1101110100001101
Found cached RTLIL representation for module `$paramod\GTP_LUT4\INIT=16'1101110100001101'.
Parameter \INIT = 64'0000101010001010000010101000101010001010100010100000101010001010
Found cached RTLIL representation for module `$paramod$bf6a843f8e065b2db715682f73d9ceea17637ca1\GTP_LUT6'.
Parameter \INIT = 64'0000101010001010000010101000101010001010100010100000101010001010
Found cached RTLIL representation for module `$paramod$bf6a843f8e065b2db715682f73d9ceea17637ca1\GTP_LUT6'.
Parameter \INIT = 64'0000101010001010000010101000101010001010100010100000101010001010
Found cached RTLIL representation for module `$paramod$bf6a843f8e065b2db715682f73d9ceea17637ca1\GTP_LUT6'.
Parameter \INIT = 64'1011101100001011000010110000000010111011000010111011101100001011
Found cached RTLIL representation for module `$paramod$433f8ab87dfbda830f96ff31479880cbf93489b2\GTP_LUT6'.
Parameter \INIT = 64'1011000010111011101100001011101100000000000000001011000010111011
Found cached RTLIL representation for module `$paramod$eb06b477878d4b937e51b60fa4fe5d52307103ef\GTP_LUT6'.
Parameter \INIT = 32'10001010100010100000000010001010
Found cached RTLIL representation for module `$paramod\GTP_LUT5\INIT=32'10001010100010100000000010001010'.
Parameter \INIT = 32'10001010100010100000000010001010
Found cached RTLIL representation for module `$paramod\GTP_LUT5\INIT=32'10001010100010100000000010001010'.
Parameter \INIT = 16'1000101011001111
Found cached RTLIL representation for module `$paramod\GTP_LUT4\INIT=16'1000101011001111'.
Parameter \INIT = 64'1111111101110111001100110001000100001111000001110000001100000001
Found cached RTLIL representation for module `$paramod$ed1ee42251b0cf42a47008de1609c8c8fb11aebd\GTP_LUT6'.
Parameter \INIT = 64'1000000011000000101000001111000010001000110011001010101011111111
Found cached RTLIL representation for module `$paramod$13ab2f91b1f36166564487ef6b3ad3c1d7f5ea85\GTP_LUT6'.
Parameter \INIT = 64'1111111101110111001100110001000100001111000001110000001100000001
Found cached RTLIL representation for module `$paramod$ed1ee42251b0cf42a47008de1609c8c8fb11aebd\GTP_LUT6'.
Parameter \INIT = 63281
Found cached RTLIL representation for module `$paramod\GTP_LUT5\INIT=32'00000000000000001111011100110001'.
Parameter \INIT = 63281
Found cached RTLIL representation for module `$paramod\GTP_LUT5\INIT=32'00000000000000001111011100110001'.
Parameter \INIT = 32'11111111001100110111001100010000
Found cached RTLIL representation for module `$paramod\GTP_LUT5\INIT=32'11111111001100110111001100010000'.
Parameter \INIT = 32'10001100101011110000000000000000
Found cached RTLIL representation for module `$paramod\GTP_LUT5\INIT=32'10001100101011110000000000000000'.
Parameter \INIT = 1930491697
Found cached RTLIL representation for module `$paramod\GTP_LUT5\INIT=32'01110011000100001111011100110001'.
Parameter \INIT = 16'1101110100001101
Found cached RTLIL representation for module `$paramod\GTP_LUT4\INIT=16'1101110100001101'.
Parameter \INIT = 64'0000101010001010000010101000101010001010100010100000101010001010
Found cached RTLIL representation for module `$paramod$bf6a843f8e065b2db715682f73d9ceea17637ca1\GTP_LUT6'.
Parameter \INIT = 64'0000101010001010000010101000101010001010100010100000101010001010
Found cached RTLIL representation for module `$paramod$bf6a843f8e065b2db715682f73d9ceea17637ca1\GTP_LUT6'.
Parameter \INIT = 64'1000101000001010100010100000101010001010100010101000101000001010

3.63. Executing AST frontend in derive mode using pre-parsed AST for module `\GTP_LUT6'.
Parameter \INIT = 64'1000101000001010100010100000101010001010100010101000101000001010
Generating RTLIL representation for module `$paramod$21f9157df025cf1edc0c7654d59bf4e9b7010863\GTP_LUT6'.
Parameter \INIT = 64'1011001010111011000000000000000010110010101110111011001010111011

3.64. Executing AST frontend in derive mode using pre-parsed AST for module `\GTP_LUT6'.
Parameter \INIT = 64'1011001010111011000000000000000010110010101110111011001010111011
Generating RTLIL representation for module `$paramod$36517954a7f12618174db3c8feb7440495e1853e\GTP_LUT6'.
Parameter \INIT = 64'1011000010111011101100001011101100000000000000001011000010111011
Found cached RTLIL representation for module `$paramod$eb06b477878d4b937e51b60fa4fe5d52307103ef\GTP_LUT6'.
Parameter \INIT = 53501
Found cached RTLIL representation for module `$paramod\GTP_LUT5\INIT=32'00000000000000001101000011111101'.
Parameter \INIT = 16'1000101011001111
Found cached RTLIL representation for module `$paramod\GTP_LUT4\INIT=16'1000101011001111'.
Parameter \INIT = 64'1000000011000000101000001111000010001000110011001010101011111111
Found cached RTLIL representation for module `$paramod$13ab2f91b1f36166564487ef6b3ad3c1d7f5ea85\GTP_LUT6'.
Parameter \INIT = 64'1000000011000000101000001111000010001000110011001010101011111111
Found cached RTLIL representation for module `$paramod$13ab2f91b1f36166564487ef6b3ad3c1d7f5ea85\GTP_LUT6'.
Parameter \INIT = 64'1111111101110111001100110001000100001111000001110000001100000001
Found cached RTLIL representation for module `$paramod$ed1ee42251b0cf42a47008de1609c8c8fb11aebd\GTP_LUT6'.
Parameter \INIT = 64'1000100011001100101010101111111100001000000011000000101000001111

3.65. Executing AST frontend in derive mode using pre-parsed AST for module `\GTP_LUT6'.
Parameter \INIT = 64'1000100011001100101010101111111100001000000011000000101000001111
Generating RTLIL representation for module `$paramod$4b2e5cac4b0c1eab87ba2065a7f277d3aeb80e3b\GTP_LUT6'.
Parameter \INIT = 64'1111111101110111001100110001000100001111000001110000001100000001
Found cached RTLIL representation for module `$paramod$ed1ee42251b0cf42a47008de1609c8c8fb11aebd\GTP_LUT6'.
Parameter \INIT = 64'1000000011000000101000001111000010001000110011001010101011111111
Found cached RTLIL representation for module `$paramod$13ab2f91b1f36166564487ef6b3ad3c1d7f5ea85\GTP_LUT6'.
Parameter \INIT = 64'1000000011000000101000001111000010001000110011001010101011111111
Found cached RTLIL representation for module `$paramod$13ab2f91b1f36166564487ef6b3ad3c1d7f5ea85\GTP_LUT6'.
Parameter \INIT = 64'1111111101110111001100110001000100001111000001110000001100000001
Found cached RTLIL representation for module `$paramod$ed1ee42251b0cf42a47008de1609c8c8fb11aebd\GTP_LUT6'.
Parameter \INIT = 64'1000100011001100101010101111111100001000000011000000101000001111
Found cached RTLIL representation for module `$paramod$4b2e5cac4b0c1eab87ba2065a7f277d3aeb80e3b\GTP_LUT6'.
Parameter \INIT = 32'11111111001100110111001100010000
Found cached RTLIL representation for module `$paramod\GTP_LUT5\INIT=32'11111111001100110111001100010000'.
Parameter \INIT = 1930491697
Found cached RTLIL representation for module `$paramod\GTP_LUT5\INIT=32'01110011000100001111011100110001'.
Parameter \INIT = 32'11111111001100110111001100010000
Found cached RTLIL representation for module `$paramod\GTP_LUT5\INIT=32'11111111001100110111001100010000'.
Parameter \INIT = 16'1101110100001101
Found cached RTLIL representation for module `$paramod\GTP_LUT4\INIT=16'1101110100001101'.
Parameter \INIT = 16'1101110100001101
Found cached RTLIL representation for module `$paramod\GTP_LUT4\INIT=16'1101110100001101'.
Parameter \INIT = 16'1000110010101111
Found cached RTLIL representation for module `$paramod\GTP_LUT4\INIT=16'1000110010101111'.
Parameter \INIT = 16'1000110010101111
Found cached RTLIL representation for module `$paramod\GTP_LUT4\INIT=16'1000110010101111'.
Parameter \INIT = 8'10110000

3.66. Executing AST frontend in derive mode using pre-parsed AST for module `\GTP_LUT3'.
Parameter \INIT = 8'10110000
Generating RTLIL representation for module `$paramod\GTP_LUT3\INIT=8'10110000'.
Parameter \INIT = 64'1000000010001000000000001000100010000000100010001000000010001000

3.67. Executing AST frontend in derive mode using pre-parsed AST for module `\GTP_LUT6'.
Parameter \INIT = 64'1000000010001000000000001000100010000000100010001000000010001000
Generating RTLIL representation for module `$paramod$3cd549b697b168b700c3687183aa2f00f1a3a8df\GTP_LUT6'.
Parameter \INIT = 64'1101110100001101110111010000110100001101000011011101110100001101

3.68. Executing AST frontend in derive mode using pre-parsed AST for module `\GTP_LUT6'.
Parameter \INIT = 64'1101110100001101110111010000110100001101000011011101110100001101
Generating RTLIL representation for module `$paramod$4deb1623afadbb86c103f980f2b38902e2c5d2bc\GTP_LUT6'.
Parameter \INIT = 64'0000101010001010000010101000101010001010100010100000101010001010
Found cached RTLIL representation for module `$paramod$bf6a843f8e065b2db715682f73d9ceea17637ca1\GTP_LUT6'.
Parameter \INIT = 64'1011001010111011000000000000000010110010101110111011001010111011
Found cached RTLIL representation for module `$paramod$36517954a7f12618174db3c8feb7440495e1853e\GTP_LUT6'.
Parameter \INIT = 64'1011000010111011101100001011101100000000000000001011000010111011
Found cached RTLIL representation for module `$paramod$eb06b477878d4b937e51b60fa4fe5d52307103ef\GTP_LUT6'.
Parameter \INIT = 64'1011101100001011000000000000000010111011101110111011101100001011
Found cached RTLIL representation for module `$paramod$93caa429bc25535841059823500babccf60d32a0\GTP_LUT6'.
Parameter \INIT = 53501
Found cached RTLIL representation for module `$paramod\GTP_LUT5\INIT=32'00000000000000001101000011111101'.
Parameter \INIT = 16'1000101011001111
Found cached RTLIL representation for module `$paramod\GTP_LUT4\INIT=16'1000101011001111'.
Parameter \INIT = 64'1111111101110111001100110001000100001111000001110000001100000001
Found cached RTLIL representation for module `$paramod$ed1ee42251b0cf42a47008de1609c8c8fb11aebd\GTP_LUT6'.
Parameter \INIT = 64'1111111101110111001100110001000100001111000001110000001100000001
Found cached RTLIL representation for module `$paramod$ed1ee42251b0cf42a47008de1609c8c8fb11aebd\GTP_LUT6'.
Parameter \INIT = 64'1111111101110111001100110001000100001111000001110000001100000001
Found cached RTLIL representation for module `$paramod$ed1ee42251b0cf42a47008de1609c8c8fb11aebd\GTP_LUT6'.
Parameter \INIT = 64'1111111101110111001100110001000100001111000001110000001100000001
Found cached RTLIL representation for module `$paramod$ed1ee42251b0cf42a47008de1609c8c8fb11aebd\GTP_LUT6'.
Parameter \INIT = 64'0000000010000000110000001110000000000000100010001100110011101110
Found cached RTLIL representation for module `$paramod$ec370ee290a68612d79369ff71df22235f27717a\GTP_LUT6'.
Parameter \INIT = 32'10001100101011110000000000000000
Found cached RTLIL representation for module `$paramod\GTP_LUT5\INIT=32'10001100101011110000000000000000'.
Parameter \INIT = 63281
Found cached RTLIL representation for module `$paramod\GTP_LUT5\INIT=32'00000000000000001111011100110001'.
Parameter \INIT = 32'10001100101011110000000000000000
Found cached RTLIL representation for module `$paramod\GTP_LUT5\INIT=32'10001100101011110000000000000000'.
Parameter \INIT = 63281
Found cached RTLIL representation for module `$paramod\GTP_LUT5\INIT=32'00000000000000001111011100110001'.
Parameter \INIT = 32'11111111001100110111001100010000
Found cached RTLIL representation for module `$paramod\GTP_LUT5\INIT=32'11111111001100110111001100010000'.
Parameter \INIT = 32'11111111001100110111001100010000
Found cached RTLIL representation for module `$paramod\GTP_LUT5\INIT=32'11111111001100110111001100010000'.
Parameter \INIT = 16'1101110100001101
Found cached RTLIL representation for module `$paramod\GTP_LUT4\INIT=16'1101110100001101'.
Parameter \INIT = 16'1101110100001101
Found cached RTLIL representation for module `$paramod\GTP_LUT4\INIT=16'1101110100001101'.
Parameter \INIT = 16'1101110100001101
Found cached RTLIL representation for module `$paramod\GTP_LUT4\INIT=16'1101110100001101'.
Parameter \INIT = 8'10110000
Found cached RTLIL representation for module `$paramod\GTP_LUT3\INIT=8'10110000'.
Parameter \INIT = 8'10110000
Found cached RTLIL representation for module `$paramod\GTP_LUT3\INIT=8'10110000'.
Parameter \INIT = 8'10110000
Found cached RTLIL representation for module `$paramod\GTP_LUT3\INIT=8'10110000'.
Parameter \INIT = 64'1000000010001000000000001000100010000000100010001000000010001000
Found cached RTLIL representation for module `$paramod$3cd549b697b168b700c3687183aa2f00f1a3a8df\GTP_LUT6'.
Parameter \INIT = 64'0000101010001010000010101000101010001010100010100000101010001010
Found cached RTLIL representation for module `$paramod$bf6a843f8e065b2db715682f73d9ceea17637ca1\GTP_LUT6'.
Parameter \INIT = 64'0000101010001010000010101000101010001010100010100000101010001010
Found cached RTLIL representation for module `$paramod$bf6a843f8e065b2db715682f73d9ceea17637ca1\GTP_LUT6'.
Parameter \INIT = 64'1101110100001101110111010000110100000000000000001101110100001101
Found cached RTLIL representation for module `$paramod$c7fa56871cbcfcbe8d6f0a7b77604141595d184d\GTP_LUT6'.
Parameter \INIT = 64'1101110100001101110111010000110100000000000000001101110100001101
Found cached RTLIL representation for module `$paramod$c7fa56871cbcfcbe8d6f0a7b77604141595d184d\GTP_LUT6'.
Parameter \INIT = 64'1101000000000000111111111101000011111101000000001111111111111101

3.69. Executing AST frontend in derive mode using pre-parsed AST for module `\GTP_LUT6'.
Parameter \INIT = 64'1101000000000000111111111101000011111101000000001111111111111101
Generating RTLIL representation for module `$paramod$3c6c8da6feff1ad5f0ebc1b273ff70545f294265\GTP_LUT6'.
Parameter \INIT = 53501
Found cached RTLIL representation for module `$paramod\GTP_LUT5\INIT=32'00000000000000001101000011111101'.
Parameter \INIT = 32'10001010100010100000000010001010
Found cached RTLIL representation for module `$paramod\GTP_LUT5\INIT=32'10001010100010100000000010001010'.
Parameter \INIT = 16'1000101011001111
Found cached RTLIL representation for module `$paramod\GTP_LUT4\INIT=16'1000101011001111'.
Parameter \INIT = 16'1000101011001111
Found cached RTLIL representation for module `$paramod\GTP_LUT4\INIT=16'1000101011001111'.
Parameter \INIT = 64'1000000011000000101000001111000010001000110011001010101011111111
Found cached RTLIL representation for module `$paramod$13ab2f91b1f36166564487ef6b3ad3c1d7f5ea85\GTP_LUT6'.
Parameter \INIT = 64'1000000011000000101000001111000010001000110011001010101011111111
Found cached RTLIL representation for module `$paramod$13ab2f91b1f36166564487ef6b3ad3c1d7f5ea85\GTP_LUT6'.
Parameter \INIT = 64'1000000011000000101000001111000010001000110011001010101011111111
Found cached RTLIL representation for module `$paramod$13ab2f91b1f36166564487ef6b3ad3c1d7f5ea85\GTP_LUT6'.
Parameter \INIT = 64'1000000011000000101000001111000010001000110011001010101011111111
Found cached RTLIL representation for module `$paramod$13ab2f91b1f36166564487ef6b3ad3c1d7f5ea85\GTP_LUT6'.
Parameter \INIT = 64'1000000011000000101000001111000010001000110011001010101011111111
Found cached RTLIL representation for module `$paramod$13ab2f91b1f36166564487ef6b3ad3c1d7f5ea85\GTP_LUT6'.
Parameter \INIT = 64'1000000011000000101000001111000010001000110011001010101011111111
Found cached RTLIL representation for module `$paramod$13ab2f91b1f36166564487ef6b3ad3c1d7f5ea85\GTP_LUT6'.
Parameter \INIT = 64'1111111101110111001100110001000100001111000001110000001100000001
Found cached RTLIL representation for module `$paramod$ed1ee42251b0cf42a47008de1609c8c8fb11aebd\GTP_LUT6'.
Parameter \INIT = 64'1000000011000000101000001111000010001000110011001010101011111111
Found cached RTLIL representation for module `$paramod$13ab2f91b1f36166564487ef6b3ad3c1d7f5ea85\GTP_LUT6'.
Parameter \INIT = 64'1000000011000000101000001111000010001000110011001010101011111111
Found cached RTLIL representation for module `$paramod$13ab2f91b1f36166564487ef6b3ad3c1d7f5ea85\GTP_LUT6'.
Parameter \INIT = 64'1000000011000000101000001111000010001000110011001010101011111111
Found cached RTLIL representation for module `$paramod$13ab2f91b1f36166564487ef6b3ad3c1d7f5ea85\GTP_LUT6'.
Parameter \INIT = 64'1000000011000000101000001111000010001000110011001010101011111111
Found cached RTLIL representation for module `$paramod$13ab2f91b1f36166564487ef6b3ad3c1d7f5ea85\GTP_LUT6'.
Parameter \INIT = 64'1000000011000000101000001111000010001000110011001010101011111111
Found cached RTLIL representation for module `$paramod$13ab2f91b1f36166564487ef6b3ad3c1d7f5ea85\GTP_LUT6'.
Parameter \INIT = 64'1000000011000000101000001111000010001000110011001010101011111111
Found cached RTLIL representation for module `$paramod$13ab2f91b1f36166564487ef6b3ad3c1d7f5ea85\GTP_LUT6'.
Parameter \INIT = 64'1000000011000000101000001111000010001000110011001010101011111111
Found cached RTLIL representation for module `$paramod$13ab2f91b1f36166564487ef6b3ad3c1d7f5ea85\GTP_LUT6'.
Parameter \INIT = 64'1000000011000000101000001111000010001000110011001010101011111111
Found cached RTLIL representation for module `$paramod$13ab2f91b1f36166564487ef6b3ad3c1d7f5ea85\GTP_LUT6'.
Parameter \INIT = 64'1000000011000000101000001111000010001000110011001010101011111111
Found cached RTLIL representation for module `$paramod$13ab2f91b1f36166564487ef6b3ad3c1d7f5ea85\GTP_LUT6'.
Parameter \INIT = 64'1000000011000000101000001111000010001000110011001010101011111111
Found cached RTLIL representation for module `$paramod$13ab2f91b1f36166564487ef6b3ad3c1d7f5ea85\GTP_LUT6'.
Parameter \INIT = 64'1000000011000000101000001111000010001000110011001010101011111111
Found cached RTLIL representation for module `$paramod$13ab2f91b1f36166564487ef6b3ad3c1d7f5ea85\GTP_LUT6'.
Parameter \INIT = 64'1000000011000000101000001111000010001000110011001010101011111111
Found cached RTLIL representation for module `$paramod$13ab2f91b1f36166564487ef6b3ad3c1d7f5ea85\GTP_LUT6'.
Parameter \INIT = 64'1000000011000000101000001111000010001000110011001010101011111111
Found cached RTLIL representation for module `$paramod$13ab2f91b1f36166564487ef6b3ad3c1d7f5ea85\GTP_LUT6'.
Parameter \INIT = 64'1000000011000000101000001111000010001000110011001010101011111111
Found cached RTLIL representation for module `$paramod$13ab2f91b1f36166564487ef6b3ad3c1d7f5ea85\GTP_LUT6'.
Parameter \INIT = 64'1000000011000000101000001111000010001000110011001010101011111111
Found cached RTLIL representation for module `$paramod$13ab2f91b1f36166564487ef6b3ad3c1d7f5ea85\GTP_LUT6'.
Parameter \INIT = 64'1000000011000000101000001111000010001000110011001010101011111111
Found cached RTLIL representation for module `$paramod$13ab2f91b1f36166564487ef6b3ad3c1d7f5ea85\GTP_LUT6'.
Parameter \INIT = 64'1000000011000000101000001111000010001000110011001010101011111111
Found cached RTLIL representation for module `$paramod$13ab2f91b1f36166564487ef6b3ad3c1d7f5ea85\GTP_LUT6'.
Parameter \INIT = 64'1000000011000000101000001111000010001000110011001010101011111111
Found cached RTLIL representation for module `$paramod$13ab2f91b1f36166564487ef6b3ad3c1d7f5ea85\GTP_LUT6'.
Parameter \INIT = 62973

3.70. Executing AST frontend in derive mode using pre-parsed AST for module `\GTP_LUT5'.
Parameter \INIT = 62973
Generating RTLIL representation for module `$paramod\GTP_LUT5\INIT=32'00000000000000001111010111111101'.
Parameter \INIT = 32'10001100101011110000000000000000
Found cached RTLIL representation for module `$paramod\GTP_LUT5\INIT=32'10001100101011110000000000000000'.
Parameter \INIT = 32'10001100101011110000000000000000
Found cached RTLIL representation for module `$paramod\GTP_LUT5\INIT=32'10001100101011110000000000000000'.
Parameter \INIT = 32'11111111001100110000101000000010

3.71. Executing AST frontend in derive mode using pre-parsed AST for module `\GTP_LUT5'.
Parameter \INIT = 32'11111111001100110000101000000010
Generating RTLIL representation for module `$paramod\GTP_LUT5\INIT=32'11111111001100110000101000000010'.
Parameter \INIT = 64'0000101010001010000010101000101010001010100010100000101010001010
Found cached RTLIL representation for module `$paramod$bf6a843f8e065b2db715682f73d9ceea17637ca1\GTP_LUT6'.
Parameter \INIT = 64'0101010101010101010101010101010100011101000011110101010101010101

3.72. Executing AST frontend in derive mode using pre-parsed AST for module `\GTP_LUT6'.
Parameter \INIT = 64'0101010101010101010101010101010100011101000011110101010101010101
Generating RTLIL representation for module `$paramod$e64ecfaa056312c20094061922dd7d3db775a3ed\GTP_LUT6'.
Parameter \INIT = 64'0101010101010101010101010101010100011101000011110101010101010101
Found cached RTLIL representation for module `$paramod$e64ecfaa056312c20094061922dd7d3db775a3ed\GTP_LUT6'.
Parameter \INIT = 64'0101010101010101010101010101010100011101000011110101010101010101
Found cached RTLIL representation for module `$paramod$e64ecfaa056312c20094061922dd7d3db775a3ed\GTP_LUT6'.
Parameter \INIT = 64'0101010101010101010101010101010100011101000011110101010101010101
Found cached RTLIL representation for module `$paramod$e64ecfaa056312c20094061922dd7d3db775a3ed\GTP_LUT6'.
Parameter \INIT = 64'0101010101010101010101010101010100011101000011110101010101010101
Found cached RTLIL representation for module `$paramod$e64ecfaa056312c20094061922dd7d3db775a3ed\GTP_LUT6'.
Parameter \INIT = 64'0101010101010101010101010101010100011101000011110101010101010101
Found cached RTLIL representation for module `$paramod$e64ecfaa056312c20094061922dd7d3db775a3ed\GTP_LUT6'.
Parameter \INIT = 64'0101010101010101010101010101010101010101010101010001110100001111

3.73. Executing AST frontend in derive mode using pre-parsed AST for module `\GTP_LUT6'.
Parameter \INIT = 64'0101010101010101010101010101010101010101010101010001110100001111
Generating RTLIL representation for module `$paramod$6d0b458f8df40450fff50b3c814519ef1bd74bb9\GTP_LUT6'.
Parameter \INIT = 64'0101010101010101010101010101010101010101010101010001110100001111
Found cached RTLIL representation for module `$paramod$6d0b458f8df40450fff50b3c814519ef1bd74bb9\GTP_LUT6'.
Parameter \INIT = 64'0101010101010101010101010101010101010101010101010001110100001111
Found cached RTLIL representation for module `$paramod$6d0b458f8df40450fff50b3c814519ef1bd74bb9\GTP_LUT6'.
Parameter \INIT = 64'0101010101010101010101010101010101010101010101010001110100001111
Found cached RTLIL representation for module `$paramod$6d0b458f8df40450fff50b3c814519ef1bd74bb9\GTP_LUT6'.
Parameter \INIT = 64'0101010101010101010101010101010101010101010101010001110100001111
Found cached RTLIL representation for module `$paramod$6d0b458f8df40450fff50b3c814519ef1bd74bb9\GTP_LUT6'.
Parameter \INIT = 64'0101010101010101010101010101010101010101010101010001110100001111
Found cached RTLIL representation for module `$paramod$6d0b458f8df40450fff50b3c814519ef1bd74bb9\GTP_LUT6'.
Parameter \INIT = 64'0101010101010101010101010101010101010101010101010001110100001111
Found cached RTLIL representation for module `$paramod$6d0b458f8df40450fff50b3c814519ef1bd74bb9\GTP_LUT6'.
Parameter \INIT = 64'0101010101010101010101010101010101010101010101010001110100001111
Found cached RTLIL representation for module `$paramod$6d0b458f8df40450fff50b3c814519ef1bd74bb9\GTP_LUT6'.
Parameter \INIT = 8'10100010

3.74. Executing AST frontend in derive mode using pre-parsed AST for module `\GTP_LUT3'.
Parameter \INIT = 8'10100010
Generating RTLIL representation for module `$paramod\GTP_LUT3\INIT=8'10100010'.
Parameter \INIT = 64'1011101110111011000000001011101100001011000010110000000000001011

3.75. Executing AST frontend in derive mode using pre-parsed AST for module `\GTP_LUT6'.
Parameter \INIT = 64'1011101110111011000000001011101100001011000010110000000000001011
Generating RTLIL representation for module `$paramod$60b8c30967250f0f5528448a7fc51833f38e1846\GTP_LUT6'.
Parameter \INIT = 64'0101010101010011010101010101001101010011010100110101010101010011

3.76. Executing AST frontend in derive mode using pre-parsed AST for module `\GTP_LUT6'.
Parameter \INIT = 64'0101010101010011010101010101001101010011010100110101010101010011
Generating RTLIL representation for module `$paramod$166e724d9f154839d1cadb832d41ccfd2911db20\GTP_LUT6'.
Parameter \INIT = 64'0101010101010011010101010101001101010011010100110101010101010011
Found cached RTLIL representation for module `$paramod$166e724d9f154839d1cadb832d41ccfd2911db20\GTP_LUT6'.
Parameter \INIT = 64'0011001100110101001100110011010100110101001101010011001100110101

3.77. Executing AST frontend in derive mode using pre-parsed AST for module `\GTP_LUT6'.
Parameter \INIT = 64'0011001100110101001100110011010100110101001101010011001100110101
Generating RTLIL representation for module `$paramod$24635322250c15d33252bcf62c6bd3a0dab032f8\GTP_LUT6'.
Parameter \INIT = 64'0101010101010011010101010101001101010011010100110101010101010011
Found cached RTLIL representation for module `$paramod$166e724d9f154839d1cadb832d41ccfd2911db20\GTP_LUT6'.
Parameter \INIT = 64'0101010101010011010101010101001101010011010100110101010101010011
Found cached RTLIL representation for module `$paramod$166e724d9f154839d1cadb832d41ccfd2911db20\GTP_LUT6'.
Parameter \INIT = 64'0011001100110101001100110011010100110101001101010011001100110101
Found cached RTLIL representation for module `$paramod$24635322250c15d33252bcf62c6bd3a0dab032f8\GTP_LUT6'.
Parameter \INIT = 64'0011001100110101001100110011010100110101001101010011001100110101
Found cached RTLIL representation for module `$paramod$24635322250c15d33252bcf62c6bd3a0dab032f8\GTP_LUT6'.
Parameter \INIT = 64'0011001100110101001100110011010100110101001101010011001100110101
Found cached RTLIL representation for module `$paramod$24635322250c15d33252bcf62c6bd3a0dab032f8\GTP_LUT6'.
Parameter \INIT = 64'0101010101010011010101010101001101010011010100110101010101010011
Found cached RTLIL representation for module `$paramod$166e724d9f154839d1cadb832d41ccfd2911db20\GTP_LUT6'.
Parameter \INIT = 64'0011001100110101001100110011010100110101001101010011001100110101
Found cached RTLIL representation for module `$paramod$24635322250c15d33252bcf62c6bd3a0dab032f8\GTP_LUT6'.
Parameter \INIT = 64'0011001100110101001100110011010100110101001101010011001100110101
Found cached RTLIL representation for module `$paramod$24635322250c15d33252bcf62c6bd3a0dab032f8\GTP_LUT6'.
Parameter \INIT = 64'0101010101010011010101010101001101010011010100110101010101010011
Found cached RTLIL representation for module `$paramod$166e724d9f154839d1cadb832d41ccfd2911db20\GTP_LUT6'.
Parameter \INIT = 64'0011001100110101001100110011010100110101001101010011001100110101
Found cached RTLIL representation for module `$paramod$24635322250c15d33252bcf62c6bd3a0dab032f8\GTP_LUT6'.
Parameter \INIT = 64'0101010101010011010101010101001101010011010100110101010101010011
Found cached RTLIL representation for module `$paramod$166e724d9f154839d1cadb832d41ccfd2911db20\GTP_LUT6'.
Parameter \INIT = 64'0101010101010011010101010101001101010011010100110101010101010011
Found cached RTLIL representation for module `$paramod$166e724d9f154839d1cadb832d41ccfd2911db20\GTP_LUT6'.
Parameter \INIT = 64'0101010101010011010101010101001101010011010100110101010101010011
Found cached RTLIL representation for module `$paramod$166e724d9f154839d1cadb832d41ccfd2911db20\GTP_LUT6'.
Parameter \INIT = 64'0011001100110101001100110011010100110101001101010011001100110101
Found cached RTLIL representation for module `$paramod$24635322250c15d33252bcf62c6bd3a0dab032f8\GTP_LUT6'.
Parameter \INIT = 64'0101010101010011010101010101001101010011010100110101010101010011
Found cached RTLIL representation for module `$paramod$166e724d9f154839d1cadb832d41ccfd2911db20\GTP_LUT6'.
Parameter \INIT = 64'0011001100110101001100110011010100110101001101010011001100110101
Found cached RTLIL representation for module `$paramod$24635322250c15d33252bcf62c6bd3a0dab032f8\GTP_LUT6'.
Parameter \INIT = 64'0101010101010011010101010101001101010011010100110101010101010011
Found cached RTLIL representation for module `$paramod$166e724d9f154839d1cadb832d41ccfd2911db20\GTP_LUT6'.
Parameter \INIT = 64'0101010101010011010101010101001101010011010100110101010101010011
Found cached RTLIL representation for module `$paramod$166e724d9f154839d1cadb832d41ccfd2911db20\GTP_LUT6'.
Parameter \INIT = 64'0011001100110101001100110011010100110101001101010011001100110101
Found cached RTLIL representation for module `$paramod$24635322250c15d33252bcf62c6bd3a0dab032f8\GTP_LUT6'.
Parameter \INIT = 64'0011001100110101001100110011010100110101001101010011001100110101
Found cached RTLIL representation for module `$paramod$24635322250c15d33252bcf62c6bd3a0dab032f8\GTP_LUT6'.
Parameter \INIT = 64'0101010101010011010101010101001101010011010100110101010101010011
Found cached RTLIL representation for module `$paramod$166e724d9f154839d1cadb832d41ccfd2911db20\GTP_LUT6'.
Parameter \INIT = 64'0011001100110101001100110011010100110101001101010011001100110101
Found cached RTLIL representation for module `$paramod$24635322250c15d33252bcf62c6bd3a0dab032f8\GTP_LUT6'.
Parameter \INIT = 64'0101010101010011010101010101001101010011010100110101010101010011
Found cached RTLIL representation for module `$paramod$166e724d9f154839d1cadb832d41ccfd2911db20\GTP_LUT6'.
Parameter \INIT = 64'0011001100110101001100110011010100110101001101010011001100110101
Found cached RTLIL representation for module `$paramod$24635322250c15d33252bcf62c6bd3a0dab032f8\GTP_LUT6'.
Parameter \INIT = 64'0101010101010011010101010101001101010011010100110101010101010011
Found cached RTLIL representation for module `$paramod$166e724d9f154839d1cadb832d41ccfd2911db20\GTP_LUT6'.
Parameter \INIT = 64'0011001100110101001100110011010100110101001101010011001100110101
Found cached RTLIL representation for module `$paramod$24635322250c15d33252bcf62c6bd3a0dab032f8\GTP_LUT6'.
Parameter \INIT = 64'0101010101010011010101010101001101010011010100110101010101010011
Found cached RTLIL representation for module `$paramod$166e724d9f154839d1cadb832d41ccfd2911db20\GTP_LUT6'.
Parameter \INIT = 64'0011001100110101001100110011010100110101001101010011001100110101
Found cached RTLIL representation for module `$paramod$24635322250c15d33252bcf62c6bd3a0dab032f8\GTP_LUT6'.
Parameter \INIT = 64'0011001100110101001100110011010100110101001101010011001100110101
Found cached RTLIL representation for module `$paramod$24635322250c15d33252bcf62c6bd3a0dab032f8\GTP_LUT6'.
Parameter \INIT = 64'0101010101010011010101010101001101010011010100110101010101010011
Found cached RTLIL representation for module `$paramod$166e724d9f154839d1cadb832d41ccfd2911db20\GTP_LUT6'.
Parameter \INIT = 64'0011001100110101001100110011010100110101001101010011001100110101
Found cached RTLIL representation for module `$paramod$24635322250c15d33252bcf62c6bd3a0dab032f8\GTP_LUT6'.
Parameter \INIT = 64'0011001100110101001100110011010100110101001101010011001100110101
Found cached RTLIL representation for module `$paramod$24635322250c15d33252bcf62c6bd3a0dab032f8\GTP_LUT6'.
Parameter \INIT = 64'0011001100110101001100110011010100110101001101010011001100110101
Found cached RTLIL representation for module `$paramod$24635322250c15d33252bcf62c6bd3a0dab032f8\GTP_LUT6'.
Parameter \INIT = 64'0101010101010011010101010101001101010011010100110101010101010011
Found cached RTLIL representation for module `$paramod$166e724d9f154839d1cadb832d41ccfd2911db20\GTP_LUT6'.
Parameter \INIT = 64'0101010101010011010101010101001101010011010100110101010101010011
Found cached RTLIL representation for module `$paramod$166e724d9f154839d1cadb832d41ccfd2911db20\GTP_LUT6'.
Parameter \INIT = 64'0101010101010011010101010101001101010011010100110101010101010011
Found cached RTLIL representation for module `$paramod$166e724d9f154839d1cadb832d41ccfd2911db20\GTP_LUT6'.
Parameter \INIT = 64'0011001100110101001100110011010100110101001101010011001100110101
Found cached RTLIL representation for module `$paramod$24635322250c15d33252bcf62c6bd3a0dab032f8\GTP_LUT6'.
Parameter \INIT = 64'0101010101010011010101010101001101010011010100110101010101010011
Found cached RTLIL representation for module `$paramod$166e724d9f154839d1cadb832d41ccfd2911db20\GTP_LUT6'.
Parameter \INIT = 64'0011001100110101001100110011010100110101001101010011001100110101
Found cached RTLIL representation for module `$paramod$24635322250c15d33252bcf62c6bd3a0dab032f8\GTP_LUT6'.
Parameter \INIT = 64'0011001100110101001100110011010100110101001101010011001100110101
Found cached RTLIL representation for module `$paramod$24635322250c15d33252bcf62c6bd3a0dab032f8\GTP_LUT6'.
Parameter \INIT = 64'0101010101010011010101010101001101010011010100110101010101010011
Found cached RTLIL representation for module `$paramod$166e724d9f154839d1cadb832d41ccfd2911db20\GTP_LUT6'.
Parameter \INIT = 64'0101010101010011010101010101001101010011010100110101010101010011
Found cached RTLIL representation for module `$paramod$166e724d9f154839d1cadb832d41ccfd2911db20\GTP_LUT6'.
Parameter \INIT = 64'0011001100110101001100110011010100110101001101010011001100110101
Found cached RTLIL representation for module `$paramod$24635322250c15d33252bcf62c6bd3a0dab032f8\GTP_LUT6'.
Parameter \INIT = 64'0011001100110101001100110011010100110101001101010011001100110101
Found cached RTLIL representation for module `$paramod$24635322250c15d33252bcf62c6bd3a0dab032f8\GTP_LUT6'.
Parameter \INIT = 64'0011001100110101001100110011010100110101001101010011001100110101
Found cached RTLIL representation for module `$paramod$24635322250c15d33252bcf62c6bd3a0dab032f8\GTP_LUT6'.
Parameter \INIT = 64'0101010101010011010101010101001101010011010100110101010101010011
Found cached RTLIL representation for module `$paramod$166e724d9f154839d1cadb832d41ccfd2911db20\GTP_LUT6'.
Parameter \INIT = 64'0011001100110101001100110011010100110101001101010011001100110101
Found cached RTLIL representation for module `$paramod$24635322250c15d33252bcf62c6bd3a0dab032f8\GTP_LUT6'.
Parameter \INIT = 64'0011001100110101001100110011010100110101001101010011001100110101
Found cached RTLIL representation for module `$paramod$24635322250c15d33252bcf62c6bd3a0dab032f8\GTP_LUT6'.
Parameter \INIT = 64'0101010101010011010101010101001101010011010100110101010101010011
Found cached RTLIL representation for module `$paramod$166e724d9f154839d1cadb832d41ccfd2911db20\GTP_LUT6'.
Parameter \INIT = 64'0011001100110101001100110011010100110101001101010011001100110101
Found cached RTLIL representation for module `$paramod$24635322250c15d33252bcf62c6bd3a0dab032f8\GTP_LUT6'.
Parameter \INIT = 64'0011001100110101001100110011010100110101001101010011001100110101
Found cached RTLIL representation for module `$paramod$24635322250c15d33252bcf62c6bd3a0dab032f8\GTP_LUT6'.
Parameter \INIT = 64'0011001100110101001100110011010100110101001101010011001100110101
Found cached RTLIL representation for module `$paramod$24635322250c15d33252bcf62c6bd3a0dab032f8\GTP_LUT6'.
Parameter \INIT = 64'0101010101010011010101010101001101010011010100110101010101010011
Found cached RTLIL representation for module `$paramod$166e724d9f154839d1cadb832d41ccfd2911db20\GTP_LUT6'.
Parameter \INIT = 64'0011001100110101001100110011010100110101001101010011001100110101
Found cached RTLIL representation for module `$paramod$24635322250c15d33252bcf62c6bd3a0dab032f8\GTP_LUT6'.
Parameter \INIT = 64'0011001100110101001100110011010100110101001101010011001100110101
Found cached RTLIL representation for module `$paramod$24635322250c15d33252bcf62c6bd3a0dab032f8\GTP_LUT6'.
Parameter \INIT = 64'0101010101010011010101010101001101010011010100110101010101010011
Found cached RTLIL representation for module `$paramod$166e724d9f154839d1cadb832d41ccfd2911db20\GTP_LUT6'.
Parameter \INIT = 64'0101010101010011010101010101001101010011010100110101010101010011
Found cached RTLIL representation for module `$paramod$166e724d9f154839d1cadb832d41ccfd2911db20\GTP_LUT6'.
Parameter \INIT = 64'0011001100110101001100110011010100110101001101010011001100110101
Found cached RTLIL representation for module `$paramod$24635322250c15d33252bcf62c6bd3a0dab032f8\GTP_LUT6'.
Parameter \INIT = 64'0011001100110101001100110011010100110101001101010011001100110101
Found cached RTLIL representation for module `$paramod$24635322250c15d33252bcf62c6bd3a0dab032f8\GTP_LUT6'.
Parameter \INIT = 64'0011001100110101001100110011010100110101001101010011001100110101
Found cached RTLIL representation for module `$paramod$24635322250c15d33252bcf62c6bd3a0dab032f8\GTP_LUT6'.
Parameter \INIT = 64'0011001100110101001100110011010100110101001101010011001100110101
Found cached RTLIL representation for module `$paramod$24635322250c15d33252bcf62c6bd3a0dab032f8\GTP_LUT6'.
Parameter \INIT = 64'0011001100110101001100110011010100110101001101010011001100110101
Found cached RTLIL representation for module `$paramod$24635322250c15d33252bcf62c6bd3a0dab032f8\GTP_LUT6'.
Parameter \INIT = 64'0101010101010011010101010101001101010011010100110101010101010011
Found cached RTLIL representation for module `$paramod$166e724d9f154839d1cadb832d41ccfd2911db20\GTP_LUT6'.
Parameter \INIT = 64'0101010101010011010101010101001101010011010100110101010101010011
Found cached RTLIL representation for module `$paramod$166e724d9f154839d1cadb832d41ccfd2911db20\GTP_LUT6'.
Parameter \INIT = 64'0101010101010011010101010101001101010011010100110101010101010011
Found cached RTLIL representation for module `$paramod$166e724d9f154839d1cadb832d41ccfd2911db20\GTP_LUT6'.
Parameter \INIT = 64'0101010101010011010101010101001101010011010100110101010101010011
Found cached RTLIL representation for module `$paramod$166e724d9f154839d1cadb832d41ccfd2911db20\GTP_LUT6'.
Parameter \INIT = 64'0101010101010011010101010101001101010011010100110101010101010011
Found cached RTLIL representation for module `$paramod$166e724d9f154839d1cadb832d41ccfd2911db20\GTP_LUT6'.
Parameter \INIT = 64'0011001100110101001100110011010100110101001101010011001100110101
Found cached RTLIL representation for module `$paramod$24635322250c15d33252bcf62c6bd3a0dab032f8\GTP_LUT6'.
Parameter \INIT = 64'0011001100110101001100110011010100110101001101010011001100110101
Found cached RTLIL representation for module `$paramod$24635322250c15d33252bcf62c6bd3a0dab032f8\GTP_LUT6'.
Parameter \INIT = 64'0101010101010011010101010101001101010011010100110101010101010011
Found cached RTLIL representation for module `$paramod$166e724d9f154839d1cadb832d41ccfd2911db20\GTP_LUT6'.
Parameter \INIT = 64'0011001100110101001100110011010100110101001101010011001100110101
Found cached RTLIL representation for module `$paramod$24635322250c15d33252bcf62c6bd3a0dab032f8\GTP_LUT6'.
Parameter \INIT = 64'0011001100110101001100110011010100110101001101010011001100110101
Found cached RTLIL representation for module `$paramod$24635322250c15d33252bcf62c6bd3a0dab032f8\GTP_LUT6'.
Parameter \INIT = 64'0101010101010011010101010101001101010011010100110101010101010011
Found cached RTLIL representation for module `$paramod$166e724d9f154839d1cadb832d41ccfd2911db20\GTP_LUT6'.
Parameter \INIT = 64'0011001100110101001100110011010100110101001101010011001100110101
Found cached RTLIL representation for module `$paramod$24635322250c15d33252bcf62c6bd3a0dab032f8\GTP_LUT6'.
Parameter \INIT = 64'0011001100110101001100110011010100110101001101010011001100110101
Found cached RTLIL representation for module `$paramod$24635322250c15d33252bcf62c6bd3a0dab032f8\GTP_LUT6'.
Parameter \INIT = 64'0011001100110101001100110011010100110101001101010011001100110101
Found cached RTLIL representation for module `$paramod$24635322250c15d33252bcf62c6bd3a0dab032f8\GTP_LUT6'.
Parameter \INIT = 64'0101010101010011010101010101001101010011010100110101010101010011
Found cached RTLIL representation for module `$paramod$166e724d9f154839d1cadb832d41ccfd2911db20\GTP_LUT6'.
Parameter \INIT = 64'0011001100110101001100110011010100110101001101010011001100110101
Found cached RTLIL representation for module `$paramod$24635322250c15d33252bcf62c6bd3a0dab032f8\GTP_LUT6'.
Parameter \INIT = 64'0011001100110101001100110011010100110101001101010011001100110101
Found cached RTLIL representation for module `$paramod$24635322250c15d33252bcf62c6bd3a0dab032f8\GTP_LUT6'.
Parameter \INIT = 64'0011001100110101001100110011010100110101001101010011001100110101
Found cached RTLIL representation for module `$paramod$24635322250c15d33252bcf62c6bd3a0dab032f8\GTP_LUT6'.
Parameter \INIT = 64'0101010101010011010101010101001101010011010100110101010101010011
Found cached RTLIL representation for module `$paramod$166e724d9f154839d1cadb832d41ccfd2911db20\GTP_LUT6'.
Parameter \INIT = 64'0011001100110101001100110011010100110101001101010011001100110101
Found cached RTLIL representation for module `$paramod$24635322250c15d33252bcf62c6bd3a0dab032f8\GTP_LUT6'.
Parameter \INIT = 64'0101010101010011010101010101001101010011010100110101010101010011
Found cached RTLIL representation for module `$paramod$166e724d9f154839d1cadb832d41ccfd2911db20\GTP_LUT6'.
Parameter \INIT = 64'0011001100110101001100110011010100110101001101010011001100110101
Found cached RTLIL representation for module `$paramod$24635322250c15d33252bcf62c6bd3a0dab032f8\GTP_LUT6'.
Parameter \INIT = 64'0011001100110101001100110011010100110101001101010011001100110101
Found cached RTLIL representation for module `$paramod$24635322250c15d33252bcf62c6bd3a0dab032f8\GTP_LUT6'.
Parameter \INIT = 64'0101010101010011010101010101001101010011010100110101010101010011
Found cached RTLIL representation for module `$paramod$166e724d9f154839d1cadb832d41ccfd2911db20\GTP_LUT6'.
Parameter \INIT = 64'0011001100110101001100110011010100110101001101010011001100110101
Found cached RTLIL representation for module `$paramod$24635322250c15d33252bcf62c6bd3a0dab032f8\GTP_LUT6'.
Parameter \INIT = 64'0011001100110101001100110011010100110101001101010011001100110101
Found cached RTLIL representation for module `$paramod$24635322250c15d33252bcf62c6bd3a0dab032f8\GTP_LUT6'.
Parameter \INIT = 64'0101010101010011010101010101001101010011010100110101010101010011
Found cached RTLIL representation for module `$paramod$166e724d9f154839d1cadb832d41ccfd2911db20\GTP_LUT6'.
Parameter \INIT = 64'0011001100110101001100110011010100110101001101010011001100110101
Found cached RTLIL representation for module `$paramod$24635322250c15d33252bcf62c6bd3a0dab032f8\GTP_LUT6'.
Parameter \INIT = 64'0011001100110101001100110011010100110101001101010011001100110101
Found cached RTLIL representation for module `$paramod$24635322250c15d33252bcf62c6bd3a0dab032f8\GTP_LUT6'.
Parameter \INIT = 64'0011001100110101001100110011010100110101001101010011001100110101
Found cached RTLIL representation for module `$paramod$24635322250c15d33252bcf62c6bd3a0dab032f8\GTP_LUT6'.
Parameter \INIT = 64'0011001100110101001100110011010100110101001101010011001100110101
Found cached RTLIL representation for module `$paramod$24635322250c15d33252bcf62c6bd3a0dab032f8\GTP_LUT6'.
Parameter \INIT = 64'0101010101010011010101010101001101010011010100110101010101010011
Found cached RTLIL representation for module `$paramod$166e724d9f154839d1cadb832d41ccfd2911db20\GTP_LUT6'.
Parameter \INIT = 64'0011001100110101001100110011010100110101001101010011001100110101
Found cached RTLIL representation for module `$paramod$24635322250c15d33252bcf62c6bd3a0dab032f8\GTP_LUT6'.
Parameter \INIT = 64'0011001100110101001100110011010100110101001101010011001100110101
Found cached RTLIL representation for module `$paramod$24635322250c15d33252bcf62c6bd3a0dab032f8\GTP_LUT6'.
Parameter \INIT = 64'0101010101010011010101010101001101010011010100110101010101010011
Found cached RTLIL representation for module `$paramod$166e724d9f154839d1cadb832d41ccfd2911db20\GTP_LUT6'.
Parameter \INIT = 64'0101010101010011010101010101001101010011010100110101010101010011
Found cached RTLIL representation for module `$paramod$166e724d9f154839d1cadb832d41ccfd2911db20\GTP_LUT6'.
Parameter \INIT = 64'0101010101010011010101010101001101010011010100110101010101010011
Found cached RTLIL representation for module `$paramod$166e724d9f154839d1cadb832d41ccfd2911db20\GTP_LUT6'.
Parameter \INIT = 64'0011001100110101001100110011010100110101001101010011001100110101
Found cached RTLIL representation for module `$paramod$24635322250c15d33252bcf62c6bd3a0dab032f8\GTP_LUT6'.
Parameter \INIT = 64'0011001100110101001100110011010100110101001101010011001100110101
Found cached RTLIL representation for module `$paramod$24635322250c15d33252bcf62c6bd3a0dab032f8\GTP_LUT6'.
Parameter \INIT = 64'0011001100110101001100110011010100110101001101010011001100110101
Found cached RTLIL representation for module `$paramod$24635322250c15d33252bcf62c6bd3a0dab032f8\GTP_LUT6'.
Parameter \INIT = 64'0011001100110101001100110011010100110101001101010011001100110101
Found cached RTLIL representation for module `$paramod$24635322250c15d33252bcf62c6bd3a0dab032f8\GTP_LUT6'.
Parameter \INIT = 64'0011001100110101001100110011010100110101001101010011001100110101
Found cached RTLIL representation for module `$paramod$24635322250c15d33252bcf62c6bd3a0dab032f8\GTP_LUT6'.
Parameter \INIT = 64'0101010101010011010101010101001101010011010100110101010101010011
Found cached RTLIL representation for module `$paramod$166e724d9f154839d1cadb832d41ccfd2911db20\GTP_LUT6'.
Parameter \INIT = 64'0101010101010011010101010101001101010011010100110101010101010011
Found cached RTLIL representation for module `$paramod$166e724d9f154839d1cadb832d41ccfd2911db20\GTP_LUT6'.
Parameter \INIT = 64'0101010101010011010101010101001101010011010100110101010101010011
Found cached RTLIL representation for module `$paramod$166e724d9f154839d1cadb832d41ccfd2911db20\GTP_LUT6'.
Parameter \INIT = 64'0011001100110101001100110011010100110101001101010011001100110101
Found cached RTLIL representation for module `$paramod$24635322250c15d33252bcf62c6bd3a0dab032f8\GTP_LUT6'.
Parameter \INIT = 64'0011001100110101001100110011010100110101001101010011001100110101
Found cached RTLIL representation for module `$paramod$24635322250c15d33252bcf62c6bd3a0dab032f8\GTP_LUT6'.
Parameter \INIT = 64'0011001100110101001100110011010100110101001101010011001100110101
Found cached RTLIL representation for module `$paramod$24635322250c15d33252bcf62c6bd3a0dab032f8\GTP_LUT6'.
Parameter \INIT = 64'0011001100110101001100110011010100110101001101010011001100110101
Found cached RTLIL representation for module `$paramod$24635322250c15d33252bcf62c6bd3a0dab032f8\GTP_LUT6'.
Parameter \INIT = 64'0011001100110101001100110011010100110101001101010011001100110101
Found cached RTLIL representation for module `$paramod$24635322250c15d33252bcf62c6bd3a0dab032f8\GTP_LUT6'.
Parameter \INIT = 64'0101010101010011010101010101001101010011010100110101010101010011
Found cached RTLIL representation for module `$paramod$166e724d9f154839d1cadb832d41ccfd2911db20\GTP_LUT6'.
Parameter \INIT = 64'0101010101010011010101010101001101010011010100110101010101010011
Found cached RTLIL representation for module `$paramod$166e724d9f154839d1cadb832d41ccfd2911db20\GTP_LUT6'.
Parameter \INIT = 64'0101010101010011010101010101001101010011010100110101010101010011
Found cached RTLIL representation for module `$paramod$166e724d9f154839d1cadb832d41ccfd2911db20\GTP_LUT6'.
Parameter \INIT = 64'0011001100110101001100110011010100110101001101010011001100110101
Found cached RTLIL representation for module `$paramod$24635322250c15d33252bcf62c6bd3a0dab032f8\GTP_LUT6'.
Parameter \INIT = 64'0101010101010011010101010101001101010011010100110101010101010011
Found cached RTLIL representation for module `$paramod$166e724d9f154839d1cadb832d41ccfd2911db20\GTP_LUT6'.
Parameter \INIT = 64'0011001100110101001100110011010100110101001101010011001100110101
Found cached RTLIL representation for module `$paramod$24635322250c15d33252bcf62c6bd3a0dab032f8\GTP_LUT6'.
Parameter \INIT = 64'0011001100110101001100110011010100110101001101010011001100110101
Found cached RTLIL representation for module `$paramod$24635322250c15d33252bcf62c6bd3a0dab032f8\GTP_LUT6'.
Parameter \INIT = 64'0011001100110101001100110011010100110101001101010011001100110101
Found cached RTLIL representation for module `$paramod$24635322250c15d33252bcf62c6bd3a0dab032f8\GTP_LUT6'.
Parameter \INIT = 64'0101010101010011010101010101001101010011010100110101010101010011
Found cached RTLIL representation for module `$paramod$166e724d9f154839d1cadb832d41ccfd2911db20\GTP_LUT6'.
Parameter \INIT = 64'0011001100110101001100110011010100110101001101010011001100110101
Found cached RTLIL representation for module `$paramod$24635322250c15d33252bcf62c6bd3a0dab032f8\GTP_LUT6'.
Parameter \INIT = 64'0011001100110101001100110011010100110101001101010011001100110101
Found cached RTLIL representation for module `$paramod$24635322250c15d33252bcf62c6bd3a0dab032f8\GTP_LUT6'.
Parameter \INIT = 64'0101010101010011010101010101001101010011010100110101010101010011
Found cached RTLIL representation for module `$paramod$166e724d9f154839d1cadb832d41ccfd2911db20\GTP_LUT6'.
Parameter \INIT = 64'1010101010101100101010101010110010101100101011001010101010101100

3.78. Executing AST frontend in derive mode using pre-parsed AST for module `\GTP_LUT6'.
Parameter \INIT = 64'1010101010101100101010101010110010101100101011001010101010101100
Generating RTLIL representation for module `$paramod$d679a4d7665508fe13113a6860be868fc52938ca\GTP_LUT6'.
Parameter \INIT = 16'1110111010101110

3.79. Executing AST frontend in derive mode using pre-parsed AST for module `\GTP_LUT4'.
Parameter \INIT = 16'1110111010101110
Generating RTLIL representation for module `$paramod\GTP_LUT4\INIT=16'1110111010101110'.
Parameter \INIT = 64'0011010100110101001101010011010111011101000000001111111100000000

3.80. Executing AST frontend in derive mode using pre-parsed AST for module `\GTP_LUT6D'.
Parameter \INIT = 64'0011010100110101001101010011010111011101000000001111111100000000
Generating RTLIL representation for module `$paramod$7d0fd756b8feb3d01b9430f47e2b5cf73ee44e68\GTP_LUT6D'.
Parameter \INIT = 64'0000000011111111001100110011001110001100101011111000110010101111

3.81. Executing AST frontend in derive mode using pre-parsed AST for module `\GTP_LUT6D'.
Parameter \INIT = 64'0000000011111111001100110011001110001100101011111000110010101111
Generating RTLIL representation for module `$paramod$233e5e3fb13af025411c0dc2a13967b0765ccb48\GTP_LUT6D'.
Parameter \INIT = 64'0000000011111111001100110011001111110101001100011111010100110001

3.82. Executing AST frontend in derive mode using pre-parsed AST for module `\GTP_LUT6D'.
Parameter \INIT = 64'0000000011111111001100110011001111110101001100011111010100110001
Generating RTLIL representation for module `$paramod$d32428442e27b5936e44c851b81ab5d676431c5d\GTP_LUT6D'.
Parameter \INIT = 64'0000000011111111001100110011001110001100101011111000110010101111
Found cached RTLIL representation for module `$paramod$233e5e3fb13af025411c0dc2a13967b0765ccb48\GTP_LUT6D'.
Parameter \INIT = 64'0000000011111111001100110011001111110101001100011111010100110001
Found cached RTLIL representation for module `$paramod$d32428442e27b5936e44c851b81ab5d676431c5d\GTP_LUT6D'.
Parameter \INIT = 64'0000000011111111001100110011001110001100101011111000110010101111
Found cached RTLIL representation for module `$paramod$233e5e3fb13af025411c0dc2a13967b0765ccb48\GTP_LUT6D'.
Parameter \INIT = 64'0000000011111111001100110011001111110101001100011111010100110001
Found cached RTLIL representation for module `$paramod$d32428442e27b5936e44c851b81ab5d676431c5d\GTP_LUT6D'.
Parameter \INIT = 64'0000000011111111001100110011001110001100101011111000110010101111
Found cached RTLIL representation for module `$paramod$233e5e3fb13af025411c0dc2a13967b0765ccb48\GTP_LUT6D'.
Parameter \INIT = 64'0000111100001111010101010101010110001100101011111000110010101111

3.83. Executing AST frontend in derive mode using pre-parsed AST for module `\GTP_LUT6D'.
Parameter \INIT = 64'0000111100001111010101010101010110001100101011111000110010101111
Generating RTLIL representation for module `$paramod$8bcfbeda2fb4d8302c4c35d95dbdcbb2829a3a11\GTP_LUT6D'.
Parameter \INIT = 64'0000111100001111010101010101010111110101001100011111010100110001

3.84. Executing AST frontend in derive mode using pre-parsed AST for module `\GTP_LUT6D'.
Parameter \INIT = 64'0000111100001111010101010101010111110101001100011111010100110001
Generating RTLIL representation for module `$paramod$7350a847097cf1341bed8d0ebedbe602e28e0b13\GTP_LUT6D'.
Parameter \INIT = 64'0000111100001111010101010101010110001100101011111000110010101111
Found cached RTLIL representation for module `$paramod$8bcfbeda2fb4d8302c4c35d95dbdcbb2829a3a11\GTP_LUT6D'.
Parameter \INIT = 64'0000111100001111010101010101010111110101001100011111010100110001
Found cached RTLIL representation for module `$paramod$7350a847097cf1341bed8d0ebedbe602e28e0b13\GTP_LUT6D'.
Parameter \INIT = 64'0000111100001111010101010101010111110101001100011111010100110001
Found cached RTLIL representation for module `$paramod$7350a847097cf1341bed8d0ebedbe602e28e0b13\GTP_LUT6D'.
Parameter \INIT = 64'0000111100001111010101010101010110001100101011111000110010101111
Found cached RTLIL representation for module `$paramod$8bcfbeda2fb4d8302c4c35d95dbdcbb2829a3a11\GTP_LUT6D'.
Parameter \INIT = 64'0000111100001111010101010101010111110101001100011111010100110001
Found cached RTLIL representation for module `$paramod$7350a847097cf1341bed8d0ebedbe602e28e0b13\GTP_LUT6D'.
Parameter \INIT = 64'0000111100001111010101010101010110001100101011111000110010101111
Found cached RTLIL representation for module `$paramod$8bcfbeda2fb4d8302c4c35d95dbdcbb2829a3a11\GTP_LUT6D'.
Parameter \INIT = 64'0000111100001111010101010101010111110101001100011111010100110001
Found cached RTLIL representation for module `$paramod$7350a847097cf1341bed8d0ebedbe602e28e0b13\GTP_LUT6D'.
Parameter \INIT = 64'0000111100001111010101010101010111110101001100011111010100110001
Found cached RTLIL representation for module `$paramod$7350a847097cf1341bed8d0ebedbe602e28e0b13\GTP_LUT6D'.
Parameter \INIT = 64'0000000011111111001100110011001100001000110011100000100011001110

3.85. Executing AST frontend in derive mode using pre-parsed AST for module `\GTP_LUT6D'.
Parameter \INIT = 64'0000000011111111001100110011001100001000110011100000100011001110
Generating RTLIL representation for module `$paramod$e0a152210870409c4e28089bd82c7d41823f9815\GTP_LUT6D'.
Parameter \INIT = 64'0000000011111111001100110011001110001100101011111000110010101111
Found cached RTLIL representation for module `$paramod$233e5e3fb13af025411c0dc2a13967b0765ccb48\GTP_LUT6D'.
Parameter \INIT = 64'0000111100001111010101010101010110001100101011111000110010101111
Found cached RTLIL representation for module `$paramod$8bcfbeda2fb4d8302c4c35d95dbdcbb2829a3a11\GTP_LUT6D'.
Parameter \INIT = 64'0000111100001111010101010101010110001100101011111000110010101111
Found cached RTLIL representation for module `$paramod$8bcfbeda2fb4d8302c4c35d95dbdcbb2829a3a11\GTP_LUT6D'.
Parameter \INIT = 64'0000111100001111010101010101010110001100101011111000110010101111
Found cached RTLIL representation for module `$paramod$8bcfbeda2fb4d8302c4c35d95dbdcbb2829a3a11\GTP_LUT6D'.
Parameter \INIT = 64'0000000011111111001100110011001110001100101011111000110010101111
Found cached RTLIL representation for module `$paramod$233e5e3fb13af025411c0dc2a13967b0765ccb48\GTP_LUT6D'.
Parameter \INIT = 64'0000111100001111010101010101010100001000110011100000100011001110

3.86. Executing AST frontend in derive mode using pre-parsed AST for module `\GTP_LUT6D'.
Parameter \INIT = 64'0000111100001111010101010101010100001000110011100000100011001110
Generating RTLIL representation for module `$paramod$d099ad836a743bdedc3cc08d3da8972dbbb6c4a3\GTP_LUT6D'.
Parameter \INIT = 64'0000111100001111010101010101010110001100101011111000110010101111
Found cached RTLIL representation for module `$paramod$8bcfbeda2fb4d8302c4c35d95dbdcbb2829a3a11\GTP_LUT6D'.
Parameter \INIT = 64'0000111100001111010101010101010110001100101011111000110010101111
Found cached RTLIL representation for module `$paramod$8bcfbeda2fb4d8302c4c35d95dbdcbb2829a3a11\GTP_LUT6D'.
Parameter \INIT = 64'0000000011111111001100110011001100001000110011100000100011001110
Found cached RTLIL representation for module `$paramod$e0a152210870409c4e28089bd82c7d41823f9815\GTP_LUT6D'.
Parameter \INIT = 64'0000111100001111010101010101010110001100101011111000110010101111
Found cached RTLIL representation for module `$paramod$8bcfbeda2fb4d8302c4c35d95dbdcbb2829a3a11\GTP_LUT6D'.
Parameter \INIT = 64'0000111100001111010101010101010111110101001100011111010100110001
Found cached RTLIL representation for module `$paramod$7350a847097cf1341bed8d0ebedbe602e28e0b13\GTP_LUT6D'.
Parameter \INIT = 64'0000111100001111010101010101010110001100101011111000110010101111
Found cached RTLIL representation for module `$paramod$8bcfbeda2fb4d8302c4c35d95dbdcbb2829a3a11\GTP_LUT6D'.
Parameter \INIT = 64'0000111100001111010101010101010111110101001100011111010100110001
Found cached RTLIL representation for module `$paramod$7350a847097cf1341bed8d0ebedbe602e28e0b13\GTP_LUT6D'.
Parameter \INIT = 64'0000111100001111010101010101010110001100101011111000110010101111
Found cached RTLIL representation for module `$paramod$8bcfbeda2fb4d8302c4c35d95dbdcbb2829a3a11\GTP_LUT6D'.
Parameter \INIT = 64'0000111100001111010101010101010111110101001100011111010100110001
Found cached RTLIL representation for module `$paramod$7350a847097cf1341bed8d0ebedbe602e28e0b13\GTP_LUT6D'.
Parameter \INIT = 64'0000111100001111010101010101010110001100101011111000110010101111
Found cached RTLIL representation for module `$paramod$8bcfbeda2fb4d8302c4c35d95dbdcbb2829a3a11\GTP_LUT6D'.
Parameter \INIT = 64'0000111100001111010101010101010111110101001100011111010100110001
Found cached RTLIL representation for module `$paramod$7350a847097cf1341bed8d0ebedbe602e28e0b13\GTP_LUT6D'.
Parameter \INIT = 64'0000111100001111010101010101010110001100101011111000110010101111
Found cached RTLIL representation for module `$paramod$8bcfbeda2fb4d8302c4c35d95dbdcbb2829a3a11\GTP_LUT6D'.
Parameter \INIT = 64'0000111100001111010101010101010110001100101011111000110010101111
Found cached RTLIL representation for module `$paramod$8bcfbeda2fb4d8302c4c35d95dbdcbb2829a3a11\GTP_LUT6D'.
Parameter \INIT = 64'0000111100001111010101010101010111110101001100011111010100110001
Found cached RTLIL representation for module `$paramod$7350a847097cf1341bed8d0ebedbe602e28e0b13\GTP_LUT6D'.
Parameter \INIT = 64'0000111100001111010101010101010111110101001100011111010100110001
Found cached RTLIL representation for module `$paramod$7350a847097cf1341bed8d0ebedbe602e28e0b13\GTP_LUT6D'.
Parameter \INIT = 64'0000111100001111010101010101010110001100101011111000110010101111
Found cached RTLIL representation for module `$paramod$8bcfbeda2fb4d8302c4c35d95dbdcbb2829a3a11\GTP_LUT6D'.
Parameter \INIT = 64'0000111100001111010101010101010110001100101011111000110010101111
Found cached RTLIL representation for module `$paramod$8bcfbeda2fb4d8302c4c35d95dbdcbb2829a3a11\GTP_LUT6D'.
Parameter \INIT = 64'0000111100001111010101010101010111110101001100011111010100110001
Found cached RTLIL representation for module `$paramod$7350a847097cf1341bed8d0ebedbe602e28e0b13\GTP_LUT6D'.
Parameter \INIT = 64'0000111100001111010101010101010111110101001100011111010100110001
Found cached RTLIL representation for module `$paramod$7350a847097cf1341bed8d0ebedbe602e28e0b13\GTP_LUT6D'.
Parameter \INIT = 64'0000111100001111010101010101010110001100101011111000110010101111
Found cached RTLIL representation for module `$paramod$8bcfbeda2fb4d8302c4c35d95dbdcbb2829a3a11\GTP_LUT6D'.
Parameter \INIT = 64'0000111100001111010101010101010111110101001100011111010100110001
Found cached RTLIL representation for module `$paramod$7350a847097cf1341bed8d0ebedbe602e28e0b13\GTP_LUT6D'.
Parameter \INIT = 64'0000111100001111010101010101010111110101001100011111010100110001
Found cached RTLIL representation for module `$paramod$7350a847097cf1341bed8d0ebedbe602e28e0b13\GTP_LUT6D'.
Parameter \INIT = 64'0000000011111111001100110011001110001100101011111000110010101111
Found cached RTLIL representation for module `$paramod$233e5e3fb13af025411c0dc2a13967b0765ccb48\GTP_LUT6D'.
Parameter \INIT = 64'0000111100001111010101010101010110001100101011111000110010101111
Found cached RTLIL representation for module `$paramod$8bcfbeda2fb4d8302c4c35d95dbdcbb2829a3a11\GTP_LUT6D'.
Parameter \INIT = 64'0000111100001111010101010101010110001100101011111000110010101111
Found cached RTLIL representation for module `$paramod$8bcfbeda2fb4d8302c4c35d95dbdcbb2829a3a11\GTP_LUT6D'.
Parameter \INIT = 64'0000000011111111001100110011001110001100101011111000110010101111
Found cached RTLIL representation for module `$paramod$233e5e3fb13af025411c0dc2a13967b0765ccb48\GTP_LUT6D'.
Parameter \INIT = 64'0000111100001111010101010101010100001000110011100000100011001110
Found cached RTLIL representation for module `$paramod$d099ad836a743bdedc3cc08d3da8972dbbb6c4a3\GTP_LUT6D'.
Parameter \INIT = 64'0000000011111111001100110011001110001100101011111000110010101111
Found cached RTLIL representation for module `$paramod$233e5e3fb13af025411c0dc2a13967b0765ccb48\GTP_LUT6D'.
Parameter \INIT = 64'0000000011111111001100110011001100001000110011100000100011001110
Found cached RTLIL representation for module `$paramod$e0a152210870409c4e28089bd82c7d41823f9815\GTP_LUT6D'.
Parameter \INIT = 892713728

3.87. Executing AST frontend in derive mode using pre-parsed AST for module `\GTP_LUT5D'.
Parameter \INIT = 892713728
Generating RTLIL representation for module `$paramod\GTP_LUT5D\INIT=32'00110101001101011011101100000000'.
Parameter \INIT = 892713728
Found cached RTLIL representation for module `$paramod\GTP_LUT5D\INIT=32'00110101001101011011101100000000'.
Parameter \INIT = 892713728
Found cached RTLIL representation for module `$paramod\GTP_LUT5D\INIT=32'00110101001101011011101100000000'.
Parameter \INIT = 892713728
Found cached RTLIL representation for module `$paramod\GTP_LUT5D\INIT=32'00110101001101011011101100000000'.
Parameter \INIT = 892713728
Found cached RTLIL representation for module `$paramod\GTP_LUT5D\INIT=32'00110101001101011011101100000000'.
Parameter \INIT = 892713728
Found cached RTLIL representation for module `$paramod\GTP_LUT5D\INIT=32'00110101001101011011101100000000'.
Parameter \INIT = 892713728
Found cached RTLIL representation for module `$paramod\GTP_LUT5D\INIT=32'00110101001101011011101100000000'.
Parameter \INIT = 892713728
Found cached RTLIL representation for module `$paramod\GTP_LUT5D\INIT=32'00110101001101011011101100000000'.
Parameter \INIT = 892713728
Found cached RTLIL representation for module `$paramod\GTP_LUT5D\INIT=32'00110101001101011011101100000000'.
Parameter \INIT = 892713728
Found cached RTLIL representation for module `$paramod\GTP_LUT5D\INIT=32'00110101001101011011101100000000'.
Parameter \INIT = 16'0011010101000100

3.88. Executing AST frontend in derive mode using pre-parsed AST for module `\GTP_LUT4D'.
Parameter \INIT = 16'0011010101000100
Generating RTLIL representation for module `$paramod\GTP_LUT4D\INIT=16'0011010101000100'.
Parameter \INIT = 16'0011010100100010

3.89. Executing AST frontend in derive mode using pre-parsed AST for module `\GTP_LUT4D'.
Parameter \INIT = 16'0011010100100010
Generating RTLIL representation for module `$paramod\GTP_LUT4D\INIT=16'0011010100100010'.
Parameter \INIT = 16'0011010100100010
Found cached RTLIL representation for module `$paramod\GTP_LUT4D\INIT=16'0011010100100010'.
Parameter \INIT = 16'0011010100100010
Found cached RTLIL representation for module `$paramod\GTP_LUT4D\INIT=16'0011010100100010'.
Parameter \INIT = 16'0011010101000100
Found cached RTLIL representation for module `$paramod\GTP_LUT4D\INIT=16'0011010101000100'.
Parameter \INIT = 16'0011010101000100
Found cached RTLIL representation for module `$paramod\GTP_LUT4D\INIT=16'0011010101000100'.
Parameter \INIT = 16'0011010100100010
Found cached RTLIL representation for module `$paramod\GTP_LUT4D\INIT=16'0011010100100010'.
Parameter \INIT = 64'0011010100110101001101010011010110111011000000000000000000000000

3.90. Executing AST frontend in derive mode using pre-parsed AST for module `\GTP_LUT6D'.
Parameter \INIT = 64'0011010100110101001101010011010110111011000000000000000000000000
Generating RTLIL representation for module `$paramod$8f7afc69a389abdae81e132a46a10c84c77f4582\GTP_LUT6D'.
Parameter \INIT = 64'0011010100110101001101010011010111011101000000001101110111011101

3.91. Executing AST frontend in derive mode using pre-parsed AST for module `\GTP_LUT6D'.
Parameter \INIT = 64'0011010100110101001101010011010111011101000000001101110111011101
Generating RTLIL representation for module `$paramod$0f109ca977d4b724e7929ea944e44c752abbd6cb\GTP_LUT6D'.
Parameter \INIT = 892713728
Found cached RTLIL representation for module `$paramod\GTP_LUT5D\INIT=32'00110101001101011011101100000000'.
Parameter \INIT = 892713728
Found cached RTLIL representation for module `$paramod\GTP_LUT5D\INIT=32'00110101001101011011101100000000'.
Parameter \INIT = 892713728
Found cached RTLIL representation for module `$paramod\GTP_LUT5D\INIT=32'00110101001101011011101100000000'.
Parameter \INIT = 892713728
Found cached RTLIL representation for module `$paramod\GTP_LUT5D\INIT=32'00110101001101011011101100000000'.
Parameter \INIT = 892713728
Found cached RTLIL representation for module `$paramod\GTP_LUT5D\INIT=32'00110101001101011011101100000000'.
Parameter \INIT = 892713728
Found cached RTLIL representation for module `$paramod\GTP_LUT5D\INIT=32'00110101001101011011101100000000'.
Parameter \INIT = 892713728
Found cached RTLIL representation for module `$paramod\GTP_LUT5D\INIT=32'00110101001101011011101100000000'.
Parameter \INIT = 892713728
Found cached RTLIL representation for module `$paramod\GTP_LUT5D\INIT=32'00110101001101011011101100000000'.
Parameter \INIT = 892713728
Found cached RTLIL representation for module `$paramod\GTP_LUT5D\INIT=32'00110101001101011011101100000000'.
Parameter \INIT = 892713728
Found cached RTLIL representation for module `$paramod\GTP_LUT5D\INIT=32'00110101001101011011101100000000'.
Parameter \INIT = 892713728
Found cached RTLIL representation for module `$paramod\GTP_LUT5D\INIT=32'00110101001101011011101100000000'.
Parameter \INIT = 892713728
Found cached RTLIL representation for module `$paramod\GTP_LUT5D\INIT=32'00110101001101011011101100000000'.
Parameter \INIT = 892713728
Found cached RTLIL representation for module `$paramod\GTP_LUT5D\INIT=32'00110101001101011011101100000000'.
Parameter \INIT = 64'0000000011111111001100110011001100001111000011110101010101010101

3.92. Executing AST frontend in derive mode using pre-parsed AST for module `\GTP_LUT6D'.
Parameter \INIT = 64'0000000011111111001100110011001100001111000011110101010101010101
Generating RTLIL representation for module `$paramod$2a7edfa287a1ec281542179cc37dafeb165606b0\GTP_LUT6D'.
Parameter \INIT = 64'0000111100001111010101010101010100000000111111110011001100110011

3.93. Executing AST frontend in derive mode using pre-parsed AST for module `\GTP_LUT6D'.
Parameter \INIT = 64'0000111100001111010101010101010100000000111111110011001100110011
Generating RTLIL representation for module `$paramod$0bb7b9357b035f9879e497f8282959d0afb418de\GTP_LUT6D'.
Parameter \INIT = 64'0000000011111111001100110011001100001111000011110101010101010101
Found cached RTLIL representation for module `$paramod$2a7edfa287a1ec281542179cc37dafeb165606b0\GTP_LUT6D'.
Parameter \INIT = 64'0000111100001111010101010101010100000000111111110011001100110011
Found cached RTLIL representation for module `$paramod$0bb7b9357b035f9879e497f8282959d0afb418de\GTP_LUT6D'.
Parameter \INIT = 64'0000000011111111001100110011001100001111000011110101010101010101
Found cached RTLIL representation for module `$paramod$2a7edfa287a1ec281542179cc37dafeb165606b0\GTP_LUT6D'.
Parameter \INIT = 64'0000111100001111010101010101010100000000111111110011001100110011
Found cached RTLIL representation for module `$paramod$0bb7b9357b035f9879e497f8282959d0afb418de\GTP_LUT6D'.
Parameter \INIT = 64'0000000011111111001100110011001100001111000011110101010101010101
Found cached RTLIL representation for module `$paramod$2a7edfa287a1ec281542179cc37dafeb165606b0\GTP_LUT6D'.
Parameter \INIT = 64'0000111100001111010101010101010100000000111111110011001100110011
Found cached RTLIL representation for module `$paramod$0bb7b9357b035f9879e497f8282959d0afb418de\GTP_LUT6D'.
Parameter \INIT = 64'0000000011111111001100110011001100001111000011110101010101010101
Found cached RTLIL representation for module `$paramod$2a7edfa287a1ec281542179cc37dafeb165606b0\GTP_LUT6D'.
Parameter \INIT = 64'0000111100001111010101010101010100000000111111110011001100110011
Found cached RTLIL representation for module `$paramod$0bb7b9357b035f9879e497f8282959d0afb418de\GTP_LUT6D'.
Parameter \INIT = 64'0000000011111111001100110011001100001111000011110101010101010101
Found cached RTLIL representation for module `$paramod$2a7edfa287a1ec281542179cc37dafeb165606b0\GTP_LUT6D'.
Parameter \INIT = 64'0000111100001111010101010101010100000000111111110011001100110011
Found cached RTLIL representation for module `$paramod$0bb7b9357b035f9879e497f8282959d0afb418de\GTP_LUT6D'.
Parameter \INIT = 64'0000000011111111001100110011001100001111000011110101010101010101
Found cached RTLIL representation for module `$paramod$2a7edfa287a1ec281542179cc37dafeb165606b0\GTP_LUT6D'.
Parameter \INIT = 64'0000000011111111001100110011001100001111000011110101010101010101
Found cached RTLIL representation for module `$paramod$2a7edfa287a1ec281542179cc37dafeb165606b0\GTP_LUT6D'.
Parameter \INIT = 64'0000000011111111001100110011001100001111000011110101010101010101
Found cached RTLIL representation for module `$paramod$2a7edfa287a1ec281542179cc37dafeb165606b0\GTP_LUT6D'.
Parameter \INIT = 64'0000111100001111010101010101010100000000111111110011001100110011
Found cached RTLIL representation for module `$paramod$0bb7b9357b035f9879e497f8282959d0afb418de\GTP_LUT6D'.
Parameter \INIT = 32'10101010100010000000000000001011

3.94. Executing AST frontend in derive mode using pre-parsed AST for module `\GTP_LUT5D'.
Parameter \INIT = 32'10101010100010000000000000001011
Generating RTLIL representation for module `$paramod\GTP_LUT5D\INIT=32'10101010100010000000000000001011'.
Parameter \INIT = 32'10101010100010100000000010110000

3.95. Executing AST frontend in derive mode using pre-parsed AST for module `\GTP_LUT5D'.
Parameter \INIT = 32'10101010100010100000000010110000
Generating RTLIL representation for module `$paramod\GTP_LUT5D\INIT=32'10101010100010100000000010110000'.
Parameter \INIT = 16'1000100001000100

3.96. Executing AST frontend in derive mode using pre-parsed AST for module `\GTP_LUT4D'.
Parameter \INIT = 16'1000100001000100
Generating RTLIL representation for module `$paramod\GTP_LUT4D\INIT=16'1000100001000100'.
Parameter \INIT = 64'0000111100001111010101010101010100000000111111110011001100110011
Found cached RTLIL representation for module `$paramod$0bb7b9357b035f9879e497f8282959d0afb418de\GTP_LUT6D'.
Parameter \INIT = 64'0000000011111111001100110011001100001111000011110101010101010101
Found cached RTLIL representation for module `$paramod$2a7edfa287a1ec281542179cc37dafeb165606b0\GTP_LUT6D'.
Parameter \INIT = 64'0000000011111111001100110011001100001111000011110101010101010101
Found cached RTLIL representation for module `$paramod$2a7edfa287a1ec281542179cc37dafeb165606b0\GTP_LUT6D'.
Parameter \INIT = 64'0000111100001111010101010101010100000000111111110011001100110011
Found cached RTLIL representation for module `$paramod$0bb7b9357b035f9879e497f8282959d0afb418de\GTP_LUT6D'.
Parameter \INIT = 64'0000000011111111001100110011001100001111000011110101010101010101
Found cached RTLIL representation for module `$paramod$2a7edfa287a1ec281542179cc37dafeb165606b0\GTP_LUT6D'.
Parameter \INIT = 64'0000111100001111010101010101010100000000111111110011001100110011
Found cached RTLIL representation for module `$paramod$0bb7b9357b035f9879e497f8282959d0afb418de\GTP_LUT6D'.
Parameter \INIT = 64'0000000011111111001100110011001100001111000011110101010101010101
Found cached RTLIL representation for module `$paramod$2a7edfa287a1ec281542179cc37dafeb165606b0\GTP_LUT6D'.
Parameter \INIT = 64'0000111100001111010101010101010100000000111111110011001100110011
Found cached RTLIL representation for module `$paramod$0bb7b9357b035f9879e497f8282959d0afb418de\GTP_LUT6D'.
Parameter \INIT = 64'0000111100001111010101010101010100000000111111110011001100110011
Found cached RTLIL representation for module `$paramod$0bb7b9357b035f9879e497f8282959d0afb418de\GTP_LUT6D'.
Parameter \INIT = 64'0000000011111111001100110011001100001111000011110101010101010101
Found cached RTLIL representation for module `$paramod$2a7edfa287a1ec281542179cc37dafeb165606b0\GTP_LUT6D'.
Parameter \INIT = 64'0000111100001111010101010101010100000000111111110011001100110011
Found cached RTLIL representation for module `$paramod$0bb7b9357b035f9879e497f8282959d0afb418de\GTP_LUT6D'.
Parameter \INIT = 64'0000000011111111001100110011001100001111000011110101010101010101
Found cached RTLIL representation for module `$paramod$2a7edfa287a1ec281542179cc37dafeb165606b0\GTP_LUT6D'.
Parameter \INIT = 64'0000000011111111001100110011001100001111000011110101010101010101
Found cached RTLIL representation for module `$paramod$2a7edfa287a1ec281542179cc37dafeb165606b0\GTP_LUT6D'.
Parameter \INIT = 64'0000000011111111001100110011001100001111000011110101010101010101
Found cached RTLIL representation for module `$paramod$2a7edfa287a1ec281542179cc37dafeb165606b0\GTP_LUT6D'.
Parameter \INIT = 64'0000111100001111010101010101010100000000111111110011001100110011
Found cached RTLIL representation for module `$paramod$0bb7b9357b035f9879e497f8282959d0afb418de\GTP_LUT6D'.
Parameter \INIT = 64'0000000011111111001100110011001100001111000011110101010101010101
Found cached RTLIL representation for module `$paramod$2a7edfa287a1ec281542179cc37dafeb165606b0\GTP_LUT6D'.
Parameter \INIT = 64'0000000011111111001100110011001100001111000011110101010101010101
Found cached RTLIL representation for module `$paramod$2a7edfa287a1ec281542179cc37dafeb165606b0\GTP_LUT6D'.
Parameter \INIT = 64'0000000011111111001100110011001100001111000011110101010101010101
Found cached RTLIL representation for module `$paramod$2a7edfa287a1ec281542179cc37dafeb165606b0\GTP_LUT6D'.
Parameter \INIT = 64'0000000011111111001100110011001100001111000011110101010101010101
Found cached RTLIL representation for module `$paramod$2a7edfa287a1ec281542179cc37dafeb165606b0\GTP_LUT6D'.
Parameter \INIT = 64'0000111100001111010101010101010100000000111111110011001100110011
Found cached RTLIL representation for module `$paramod$0bb7b9357b035f9879e497f8282959d0afb418de\GTP_LUT6D'.
Parameter \INIT = 64'0000111100001111010101010101010100000000111111110011001100110011
Found cached RTLIL representation for module `$paramod$0bb7b9357b035f9879e497f8282959d0afb418de\GTP_LUT6D'.
Parameter \INIT = 64'0000000011111111001100110011001100001111000011110101010101010101
Found cached RTLIL representation for module `$paramod$2a7edfa287a1ec281542179cc37dafeb165606b0\GTP_LUT6D'.
Parameter \INIT = 64'0000000011111111001100110011001100001111000011110101010101010101
Found cached RTLIL representation for module `$paramod$2a7edfa287a1ec281542179cc37dafeb165606b0\GTP_LUT6D'.
Parameter \INIT = 64'0000111100001111010101010101010100000000111111110011001100110011
Found cached RTLIL representation for module `$paramod$0bb7b9357b035f9879e497f8282959d0afb418de\GTP_LUT6D'.
Parameter \INIT = 64'0000111100001111010101010101010100000000111111110011001100110011
Found cached RTLIL representation for module `$paramod$0bb7b9357b035f9879e497f8282959d0afb418de\GTP_LUT6D'.
Parameter \INIT = 64'0000000011111111001100110011001100001111000011110101010101010101
Found cached RTLIL representation for module `$paramod$2a7edfa287a1ec281542179cc37dafeb165606b0\GTP_LUT6D'.
Parameter \INIT = 64'0000000011111111001100110011001100001111000011110101010101010101
Found cached RTLIL representation for module `$paramod$2a7edfa287a1ec281542179cc37dafeb165606b0\GTP_LUT6D'.
Parameter \INIT = 64'0000000011111111001100110011001100001111000011110101010101010101
Found cached RTLIL representation for module `$paramod$2a7edfa287a1ec281542179cc37dafeb165606b0\GTP_LUT6D'.
Parameter \INIT = 64'0000111100001111010101010101010100000000111111110011001100110011
Found cached RTLIL representation for module `$paramod$0bb7b9357b035f9879e497f8282959d0afb418de\GTP_LUT6D'.
Parameter \INIT = 64'0000000011111111001100110011001100001111000011110101010101010101
Found cached RTLIL representation for module `$paramod$2a7edfa287a1ec281542179cc37dafeb165606b0\GTP_LUT6D'.
Parameter \INIT = 64'0000000011111111001100110011001100001111000011110101010101010101
Found cached RTLIL representation for module `$paramod$2a7edfa287a1ec281542179cc37dafeb165606b0\GTP_LUT6D'.
Parameter \INIT = 64'0000000011111111001100110011001100001111000011110101010101010101
Found cached RTLIL representation for module `$paramod$2a7edfa287a1ec281542179cc37dafeb165606b0\GTP_LUT6D'.
Parameter \INIT = 64'0000111100001111010101010101010100000000111111110011001100110011
Found cached RTLIL representation for module `$paramod$0bb7b9357b035f9879e497f8282959d0afb418de\GTP_LUT6D'.
Parameter \INIT = 64'0000111100001111010101010101010100000000111111110011001100110011
Found cached RTLIL representation for module `$paramod$0bb7b9357b035f9879e497f8282959d0afb418de\GTP_LUT6D'.
Parameter \INIT = 64'0000111100001111010101010101010100000000111111110011001100110011
Found cached RTLIL representation for module `$paramod$0bb7b9357b035f9879e497f8282959d0afb418de\GTP_LUT6D'.
Parameter \INIT = 64'0000000011111111001100110011001100001111000011110101010101010101
Found cached RTLIL representation for module `$paramod$2a7edfa287a1ec281542179cc37dafeb165606b0\GTP_LUT6D'.
Parameter \INIT = 64'0000111100001111010101010101010100000000111111110011001100110011
Found cached RTLIL representation for module `$paramod$0bb7b9357b035f9879e497f8282959d0afb418de\GTP_LUT6D'.
Parameter \INIT = 64'0000111100001111010101010101010100000000111111110011001100110011
Found cached RTLIL representation for module `$paramod$0bb7b9357b035f9879e497f8282959d0afb418de\GTP_LUT6D'.
Parameter \INIT = 64'0000000011111111001100110011001100001111000011110101010101010101
Found cached RTLIL representation for module `$paramod$2a7edfa287a1ec281542179cc37dafeb165606b0\GTP_LUT6D'.
Parameter \INIT = 64'0000111100001111010101010101010100000000111111110011001100110011
Found cached RTLIL representation for module `$paramod$0bb7b9357b035f9879e497f8282959d0afb418de\GTP_LUT6D'.
Parameter \INIT = 64'0000000011111111001100110011001100001111000011110101010101010101
Found cached RTLIL representation for module `$paramod$2a7edfa287a1ec281542179cc37dafeb165606b0\GTP_LUT6D'.
Parameter \INIT = 64'0000000011111111001100110011001100001111000011110101010101010101
Found cached RTLIL representation for module `$paramod$2a7edfa287a1ec281542179cc37dafeb165606b0\GTP_LUT6D'.
Parameter \INIT = 64'0000000011111111001100110011001100001111000011110101010101010101
Found cached RTLIL representation for module `$paramod$2a7edfa287a1ec281542179cc37dafeb165606b0\GTP_LUT6D'.
Parameter \INIT = 64'0000111100001111010101010101010100000000111111110011001100110011
Found cached RTLIL representation for module `$paramod$0bb7b9357b035f9879e497f8282959d0afb418de\GTP_LUT6D'.
Parameter \INIT = 64'0000000011111111001100110011001100001111000011110101010101010101
Found cached RTLIL representation for module `$paramod$2a7edfa287a1ec281542179cc37dafeb165606b0\GTP_LUT6D'.
Parameter \INIT = 64'0000000011111111001100110011001100001111000011110101010101010101
Found cached RTLIL representation for module `$paramod$2a7edfa287a1ec281542179cc37dafeb165606b0\GTP_LUT6D'.
Parameter \INIT = 64'0000111100001111010101010101010100000000111111110011001100110011
Found cached RTLIL representation for module `$paramod$0bb7b9357b035f9879e497f8282959d0afb418de\GTP_LUT6D'.
Parameter \INIT = 64'0000000011111111001100110011001100001111000011110101010101010101
Found cached RTLIL representation for module `$paramod$2a7edfa287a1ec281542179cc37dafeb165606b0\GTP_LUT6D'.
Parameter \INIT = 64'0000000011111111001100110011001100001111000011110101010101010101
Found cached RTLIL representation for module `$paramod$2a7edfa287a1ec281542179cc37dafeb165606b0\GTP_LUT6D'.
Parameter \INIT = 64'0000000011111111001100110011001100001111000011110101010101010101
Found cached RTLIL representation for module `$paramod$2a7edfa287a1ec281542179cc37dafeb165606b0\GTP_LUT6D'.
Parameter \INIT = 64'0000111100001111010101010101010100000000111111110011001100110011
Found cached RTLIL representation for module `$paramod$0bb7b9357b035f9879e497f8282959d0afb418de\GTP_LUT6D'.
Parameter \INIT = 64'0000000011111111001100110011001100001111000011110101010101010101
Found cached RTLIL representation for module `$paramod$2a7edfa287a1ec281542179cc37dafeb165606b0\GTP_LUT6D'.
Parameter \INIT = 64'0000000011111111001100110011001100001111000011110101010101010101
Found cached RTLIL representation for module `$paramod$2a7edfa287a1ec281542179cc37dafeb165606b0\GTP_LUT6D'.
Parameter \INIT = 64'0000111100001111010101010101010100000000111111110011001100110011
Found cached RTLIL representation for module `$paramod$0bb7b9357b035f9879e497f8282959d0afb418de\GTP_LUT6D'.
Parameter \INIT = 64'0000111100001111010101010101010100000000111111110011001100110011
Found cached RTLIL representation for module `$paramod$0bb7b9357b035f9879e497f8282959d0afb418de\GTP_LUT6D'.
Parameter \INIT = 64'0000000011111111001100110011001100001111000011110101010101010101
Found cached RTLIL representation for module `$paramod$2a7edfa287a1ec281542179cc37dafeb165606b0\GTP_LUT6D'.
Parameter \INIT = 64'0000111100001111010101010101010100000000111111110011001100110011
Found cached RTLIL representation for module `$paramod$0bb7b9357b035f9879e497f8282959d0afb418de\GTP_LUT6D'.
Parameter \INIT = 64'0000000011111111001100110011001100001111000011110101010101010101
Found cached RTLIL representation for module `$paramod$2a7edfa287a1ec281542179cc37dafeb165606b0\GTP_LUT6D'.
Parameter \INIT = 64'0000000011111111001100110011001100001111000011110101010101010101
Found cached RTLIL representation for module `$paramod$2a7edfa287a1ec281542179cc37dafeb165606b0\GTP_LUT6D'.
Parameter \INIT = 64'0000111100001111010101010101010100000000111111110011001100110011
Found cached RTLIL representation for module `$paramod$0bb7b9357b035f9879e497f8282959d0afb418de\GTP_LUT6D'.
Parameter \INIT = 64'0000111100000000000011110000000000110011001100110101010101010101

3.97. Executing AST frontend in derive mode using pre-parsed AST for module `\GTP_LUT6D'.
Parameter \INIT = 64'0000111100000000000011110000000000110011001100110101010101010101
Generating RTLIL representation for module `$paramod$e54398e6a1dd6c73aa4a12d38fd766e636b63940\GTP_LUT6D'.
Parameter \INIT = 32'11110101001100010011001100000000

3.98. Executing AST frontend in derive mode using pre-parsed AST for module `\GTP_LUT5D'.
Parameter \INIT = 32'11110101001100010011001100000000
Generating RTLIL representation for module `$paramod\GTP_LUT5D\INIT=32'11110101001100010011001100000000'.
Parameter \INIT = 32'10001100101011110000101000001010

3.99. Executing AST frontend in derive mode using pre-parsed AST for module `\GTP_LUT5D'.
Parameter \INIT = 32'10001100101011110000101000001010
Generating RTLIL representation for module `$paramod\GTP_LUT5D\INIT=32'10001100101011110000101000001010'.
Parameter \INIT = 64'1101110111011101000000001101110100001111000000000000111100001111

3.100. Executing AST frontend in derive mode using pre-parsed AST for module `\GTP_LUT6D'.
Parameter \INIT = 64'1101110111011101000000001101110100001111000000000000111100001111
Generating RTLIL representation for module `$paramod$e3cae54257d3c3ece9562b643940c4ef52ffcd0c\GTP_LUT6D'.
Parameter \INIT = 32'11010000110111010000000011110000

3.101. Executing AST frontend in derive mode using pre-parsed AST for module `\GTP_LUT5D'.
Parameter \INIT = 32'11010000110111010000000011110000
Generating RTLIL representation for module `$paramod\GTP_LUT5D\INIT=32'11010000110111010000000011110000'.
Parameter \INIT = 32'10110000101110110000000011110000

3.102. Executing AST frontend in derive mode using pre-parsed AST for module `\GTP_LUT5D'.
Parameter \INIT = 32'10110000101110110000000011110000
Generating RTLIL representation for module `$paramod\GTP_LUT5D\INIT=32'10110000101110110000000011110000'.
Parameter \INIT = 32'10110000101110110000000011110000
Found cached RTLIL representation for module `$paramod\GTP_LUT5D\INIT=32'10110000101110110000000011110000'.
Parameter \INIT = 16'0100010000100010

3.103. Executing AST frontend in derive mode using pre-parsed AST for module `\GTP_LUT4D'.
Parameter \INIT = 16'0100010000100010
Generating RTLIL representation for module `$paramod\GTP_LUT4D\INIT=16'0100010000100010'.
Parameter \INIT = 32'11010000110111010000000011110000
Found cached RTLIL representation for module `$paramod\GTP_LUT5D\INIT=32'11010000110111010000000011110000'.
Parameter \INIT = 64'1000101010001010100010101000101000001000000010001010101000001000

3.104. Executing AST frontend in derive mode using pre-parsed AST for module `\GTP_LUT6D'.
Parameter \INIT = 64'1000101010001010100010101000101000001000000010001010101000001000
Generating RTLIL representation for module `$paramod$2d90709820ca589835be6d1efc32e18beaba3f10\GTP_LUT6D'.
Parameter \INIT = 32'11011101000011010100010001000100

3.105. Executing AST frontend in derive mode using pre-parsed AST for module `\GTP_LUT5D'.
Parameter \INIT = 32'11011101000011010100010001000100
Generating RTLIL representation for module `$paramod\GTP_LUT5D\INIT=32'11011101000011010100010001000100'.
Parameter \INIT = 64'1111000000000000111100001111000001000000010000001111000001000000

3.106. Executing AST frontend in derive mode using pre-parsed AST for module `\GTP_LUT6D'.
Parameter \INIT = 64'1111000000000000111100001111000001000000010000001111000001000000
Generating RTLIL representation for module `$paramod$a82dec86a1c6eca97d115fcd9c71b8aa34c87f99\GTP_LUT6D'.
Parameter \INIT = 64'1111000000000000111100001111000001000000010000001111000001000000
Found cached RTLIL representation for module `$paramod$a82dec86a1c6eca97d115fcd9c71b8aa34c87f99\GTP_LUT6D'.
Parameter \INIT = 32'10110000101110110000000011110000
Found cached RTLIL representation for module `$paramod\GTP_LUT5D\INIT=32'10110000101110110000000011110000'.
Parameter \INIT = 64'1010101000000000101010101010101000001000000010001010101000001000

3.107. Executing AST frontend in derive mode using pre-parsed AST for module `\GTP_LUT6D'.
Parameter \INIT = 64'1010101000000000101010101010101000001000000010001010101000001000
Generating RTLIL representation for module `$paramod$85c5a15a2a2a06053a2a5e9c671f73789643f2e8\GTP_LUT6D'.
Parameter \INIT = 64'0100000001000000111100000100000011110000000000001111000011110000

3.108. Executing AST frontend in derive mode using pre-parsed AST for module `\GTP_LUT6D'.
Parameter \INIT = 64'0100000001000000111100000100000011110000000000001111000011110000
Generating RTLIL representation for module `$paramod$4a27fecfca6a7843fe172f17d3dd8e946075eed1\GTP_LUT6D'.
Parameter \INIT = 64'0000000000000000110100001111110100000000111100000000000011110000

3.109. Executing AST frontend in derive mode using pre-parsed AST for module `\GTP_LUT6D'.
Parameter \INIT = 64'0000000000000000110100001111110100000000111100000000000011110000
Generating RTLIL representation for module `$paramod$d7cf8a5fecec378dfc331bf3fd58f2b95161393a\GTP_LUT6D'.
Parameter \INIT = 64'1000101010001010000000001000101000001100111111110000000000001100

3.110. Executing AST frontend in derive mode using pre-parsed AST for module `\GTP_LUT6D'.
Parameter \INIT = 64'1000101010001010000000001000101000001100111111110000000000001100
Generating RTLIL representation for module `$paramod$13e1f9e7e25ce952912ad451780ae503bf136099\GTP_LUT6D'.
Parameter \INIT = 64'0100110100001100110011110100110111110011111100110000000011110011

3.111. Executing AST frontend in derive mode using pre-parsed AST for module `\GTP_LUT6D'.
Parameter \INIT = 64'0100110100001100110011110100110111110011111100110000000011110011
Generating RTLIL representation for module `$paramod$a80f8ccb9af11ce163d4161fbf4dd18abd8b3d8f\GTP_LUT6D'.
Parameter \INIT = 64'1010101000000000101010101010101000001000000010001010101000001000
Found cached RTLIL representation for module `$paramod$85c5a15a2a2a06053a2a5e9c671f73789643f2e8\GTP_LUT6D'.
Parameter \INIT = 64'1010111110101111000000000000000000001010110011100000000000000000

3.112. Executing AST frontend in derive mode using pre-parsed AST for module `\GTP_LUT6D'.
Parameter \INIT = 64'1010111110101111000000000000000000001010110011100000000000000000
Generating RTLIL representation for module `$paramod$30f00f9a677a50fdbdc9b5d421522409b3f8e6fd\GTP_LUT6D'.
Parameter \INIT = 64'1010111110101111000000000000000000001010110011100000000000000000
Found cached RTLIL representation for module `$paramod$30f00f9a677a50fdbdc9b5d421522409b3f8e6fd\GTP_LUT6D'.
Parameter \INIT = 64'1010101000000000101010101010101000001000000010001010101000001000
Found cached RTLIL representation for module `$paramod$85c5a15a2a2a06053a2a5e9c671f73789643f2e8\GTP_LUT6D'.
Parameter \INIT = 64'0000101011001110000000000000000010101111101011110000000000000000

3.113. Executing AST frontend in derive mode using pre-parsed AST for module `\GTP_LUT6D'.
Parameter \INIT = 64'0000101011001110000000000000000010101111101011110000000000000000
Generating RTLIL representation for module `$paramod$d81ba7169cecc67b8b4140ca65ec1a155f8413fb\GTP_LUT6D'.
Parameter \INIT = 64'1010101000000000101010101010101000001000000010001010101000001000
Found cached RTLIL representation for module `$paramod$85c5a15a2a2a06053a2a5e9c671f73789643f2e8\GTP_LUT6D'.
Parameter \INIT = 64'0011010100110101001101010011010111011101000000001111111100000000
Found cached RTLIL representation for module `$paramod$7d0fd756b8feb3d01b9430f47e2b5cf73ee44e68\GTP_LUT6D'.

3.114. Analyzing design hierarchy..
Top module:  \/Users/yoyowang/Desktop/benchmark/max.aig
Used module:     $paramod$ed1ee42251b0cf42a47008de1609c8c8fb11aebd\GTP_LUT6
Used module:     $paramod$ec370ee290a68612d79369ff71df22235f27717a\GTP_LUT6
Used module:     $paramod\GTP_LUT4\INIT=16'1000110010101111
Used module:     $paramod\GTP_LUT4\INIT=16'1111010100110001
Used module:     $paramod$f02a64952e4d523361df6a283310835bf2458f93\GTP_LUT6
Used module:     $paramod\GTP_LUT4\INIT=16'1101110100001101
Used module:     $paramod\GTP_LUT4\INIT=16'1101000011011101
Used module:     $paramod$f41a1fcf2eeec35f3b480a60385b6eb642ba3eaa\GTP_LUT6
Used module:     $paramod$abd16bd9e1e102b2d6bfe324def8d80d16d3632a\GTP_LUT6
Used module:     $paramod$2b99c3d40e92e6be25628b09d72c96e1fa264471\GTP_LUT6
Used module:     $paramod$bf6a843f8e065b2db715682f73d9ceea17637ca1\GTP_LUT6
Used module:     $paramod$f62a196fd4e51edb861152b2d93e46459a5ed62c\GTP_LUT6
Used module:     $paramod\GTP_LUT4\INIT=16'1111001101010001
Used module:     $paramod$df81f1935b111686b0a1972add3214494cbf1428\GTP_LUT6
Used module:     $paramod$597821d9dab1beb38dde31c4ff20f2368e62e2a5\GTP_LUT6
Used module:     $paramod$810925176b3aace5d6a66710d651418d199f1cfe\GTP_LUT6
Used module:     $paramod$82208b90ad469dc3c5265d1143682e4a7ab48694\GTP_LUT6
Used module:     $paramod$ed2c1a0a5afb78288ca43b0fbac65ce50b51a4cd\GTP_LUT6
Used module:     $paramod$88ad822babd0818dee2a8717db6b3cd3120775a1\GTP_LUT6
Used module:     $paramod$c7b52305ba7e4ea7a0d94c50f89c981b4b7c73cd\GTP_LUT6
Used module:     $paramod$9571e2f1221da70e462d7ac0cb251847bb762708\GTP_LUT6
Used module:     $paramod$001236ea87540d0e11ad93f7d36459c6df8c2f37\GTP_LUT6
Used module:     $paramod$2e876cf91f34689daebfffa6f4f0add50659dafb\GTP_LUT6
Used module:     $paramod\GTP_LUT5\INIT=32'00001010110011100000000000000000
Used module:     $paramod$f9a5ea7271730c6b20d427d62cac10e0f7fd5d86\GTP_LUT6
Used module:     $paramod$eb06b477878d4b937e51b60fa4fe5d52307103ef\GTP_LUT6
Used module:     $paramod$0de6eca5006a8ed9a461706e6ca8d630d6bd8fcf\GTP_LUT6
Used module:     $paramod$13ab2f91b1f36166564487ef6b3ad3c1d7f5ea85\GTP_LUT6
Used module:     $paramod\GTP_LUT5\INIT=32'00000000000000001111011100110001
Used module:     $paramod\GTP_LUT5\INIT=32'10001000101010100000110000001111
Used module:     $paramod\GTP_LUT5\INIT=32'10001100101011110000000000000000
Used module:     $paramod$930aecd54792866f7c7f89e7d92488c7f714c167\GTP_LUT6
Used module:     $paramod$f24bf9211ab4eb073dafb999bfbaf0f3089ab145\GTP_LUT6
Used module:     $paramod\GTP_LUT5\INIT=32'10111011000000001111000011110000
Used module:     $paramod$fbd7430b50fcde900f98b7cd24afb5ac957c0d5d\GTP_LUT6
Used module:     $paramod$78d940035c561dba45c3632577c123226d65c428\GTP_LUT6
Used module:     $paramod$981b531c840b9c190de16cc7b5c1b383f8f66693\GTP_LUT6
Used module:     $paramod$c7fa56871cbcfcbe8d6f0a7b77604141595d184d\GTP_LUT6
Used module:     $paramod\GTP_LUT5\INIT=32'00000000000000001101000011111101
Used module:     $paramod$43abe397191cf3df117d39293a9e21a10352aad8\GTP_LUT6
Used module:     $paramod\GTP_LUT5\INIT=32'10101110111111110000000010101110
Used module:     $paramod\GTP_LUT5\INIT=32'10001010100010100000000010001010
Used module:     $paramod\GTP_LUT5\INIT=32'00000000000000001011000000000000
Used module:     $paramod\GTP_LUT5\INIT=32'01110011000100001111011100110001
Used module:     $paramod\GTP_LUT4\INIT=16'0100111100000100
Used module:     $paramod\GTP_LUT5\INIT=32'00101010001010100000101000101010
Used module:     $paramod$60541f2221b86fbbcebf1059929e56a11b5db6e9\GTP_LUT6
Used module:     $paramod$88a0dfaab3b49c8a34bbd35be26903f2476516dc\GTP_LUT6
Used module:     $paramod$93caa429bc25535841059823500babccf60d32a0\GTP_LUT6
Used module:     $paramod\GTP_LUT5\INIT=32'01000101000000000101010101000101
Used module:     $paramod\GTP_LUT4\INIT=16'1011000010111011
Used module:     $paramod$f38193891517e8a41a0fca6916c3af0837a9f89a\GTP_LUT6
Used module:     $paramod\GTP_LUT4\INIT=16'1000101011001111
Used module:     $paramod$0b3159fbf66e6f7d0eb9946e6fab0a3a24f46f2d\GTP_LUT6
Used module:     $paramod$a4e55b25d8e2a94e9cddc16ee16e3cc2b02cb5f8\GTP_LUT6
Used module:     $paramod$7ca8623b487d394d51941a8a396ce730ad56bcee\GTP_LUT6
Used module:     $paramod$433f8ab87dfbda830f96ff31479880cbf93489b2\GTP_LUT6
Used module:     $paramod\GTP_LUT5\INIT=32'11111111001100110111001100010000
Used module:     $paramod$616acd0bfa3854b2b152bc633b3120e9c2e6e42c\GTP_LUT6
Used module:     $paramod$39330776008f06b86c297ae6b72bc9c1cf03f663\GTP_LUT6
Used module:     $paramod$3e9c13dec1e077107f1d5fa4112c26886cec402c\GTP_LUT6
Used module:     $paramod$21f9157df025cf1edc0c7654d59bf4e9b7010863\GTP_LUT6
Used module:     $paramod$36517954a7f12618174db3c8feb7440495e1853e\GTP_LUT6
Used module:     $paramod$4b2e5cac4b0c1eab87ba2065a7f277d3aeb80e3b\GTP_LUT6
Used module:     $paramod\GTP_LUT3\INIT=8'10110000
Used module:     $paramod$3cd549b697b168b700c3687183aa2f00f1a3a8df\GTP_LUT6
Used module:     $paramod$4deb1623afadbb86c103f980f2b38902e2c5d2bc\GTP_LUT6
Used module:     $paramod$3c6c8da6feff1ad5f0ebc1b273ff70545f294265\GTP_LUT6
Used module:     $paramod\GTP_LUT5\INIT=32'00000000000000001111010111111101
Used module:     $paramod\GTP_LUT5\INIT=32'11111111001100110000101000000010
Used module:     $paramod$e64ecfaa056312c20094061922dd7d3db775a3ed\GTP_LUT6
Used module:     $paramod$6d0b458f8df40450fff50b3c814519ef1bd74bb9\GTP_LUT6
Used module:     $paramod\GTP_LUT3\INIT=8'10100010
Used module:     $paramod$60b8c30967250f0f5528448a7fc51833f38e1846\GTP_LUT6
Used module:     $paramod$166e724d9f154839d1cadb832d41ccfd2911db20\GTP_LUT6
Used module:     $paramod$24635322250c15d33252bcf62c6bd3a0dab032f8\GTP_LUT6
Used module:     $paramod$d679a4d7665508fe13113a6860be868fc52938ca\GTP_LUT6
Used module:     $paramod\GTP_LUT4\INIT=16'1110111010101110
Used module:     $paramod$7d0fd756b8feb3d01b9430f47e2b5cf73ee44e68\GTP_LUT6D
Used module:     $paramod$233e5e3fb13af025411c0dc2a13967b0765ccb48\GTP_LUT6D
Used module:     $paramod$d32428442e27b5936e44c851b81ab5d676431c5d\GTP_LUT6D
Used module:     $paramod$8bcfbeda2fb4d8302c4c35d95dbdcbb2829a3a11\GTP_LUT6D
Used module:     $paramod$7350a847097cf1341bed8d0ebedbe602e28e0b13\GTP_LUT6D
Used module:     $paramod$e0a152210870409c4e28089bd82c7d41823f9815\GTP_LUT6D
Used module:     $paramod$d099ad836a743bdedc3cc08d3da8972dbbb6c4a3\GTP_LUT6D
Used module:     $paramod\GTP_LUT5D\INIT=32'00110101001101011011101100000000
Used module:     $paramod\GTP_LUT4D\INIT=16'0011010101000100
Used module:     $paramod\GTP_LUT4D\INIT=16'0011010100100010
Used module:     $paramod$8f7afc69a389abdae81e132a46a10c84c77f4582\GTP_LUT6D
Used module:     $paramod$0f109ca977d4b724e7929ea944e44c752abbd6cb\GTP_LUT6D
Used module:     $paramod$2a7edfa287a1ec281542179cc37dafeb165606b0\GTP_LUT6D
Used module:     $paramod$0bb7b9357b035f9879e497f8282959d0afb418de\GTP_LUT6D
Used module:     $paramod\GTP_LUT5D\INIT=32'10101010100010000000000000001011
Used module:     $paramod\GTP_LUT5D\INIT=32'10101010100010100000000010110000
Used module:     $paramod\GTP_LUT4D\INIT=16'1000100001000100
Used module:     $paramod$e54398e6a1dd6c73aa4a12d38fd766e636b63940\GTP_LUT6D
Used module:     $paramod\GTP_LUT5D\INIT=32'11110101001100010011001100000000
Used module:     $paramod\GTP_LUT5D\INIT=32'10001100101011110000101000001010
Used module:     $paramod$e3cae54257d3c3ece9562b643940c4ef52ffcd0c\GTP_LUT6D
Used module:     $paramod\GTP_LUT5D\INIT=32'11010000110111010000000011110000
Used module:     $paramod\GTP_LUT5D\INIT=32'10110000101110110000000011110000
Used module:     $paramod\GTP_LUT4D\INIT=16'0100010000100010
Used module:     $paramod$2d90709820ca589835be6d1efc32e18beaba3f10\GTP_LUT6D
Used module:     $paramod\GTP_LUT5D\INIT=32'11011101000011010100010001000100
Used module:     $paramod$a82dec86a1c6eca97d115fcd9c71b8aa34c87f99\GTP_LUT6D
Used module:     $paramod$85c5a15a2a2a06053a2a5e9c671f73789643f2e8\GTP_LUT6D
Used module:     $paramod$4a27fecfca6a7843fe172f17d3dd8e946075eed1\GTP_LUT6D
Used module:     $paramod$d7cf8a5fecec378dfc331bf3fd58f2b95161393a\GTP_LUT6D
Used module:     $paramod$13e1f9e7e25ce952912ad451780ae503bf136099\GTP_LUT6D
Used module:     $paramod$a80f8ccb9af11ce163d4161fbf4dd18abd8b3d8f\GTP_LUT6D
Used module:     $paramod$30f00f9a677a50fdbdc9b5d421522409b3f8e6fd\GTP_LUT6D
Used module:     $paramod$d81ba7169cecc67b8b4140ca65ec1a155f8413fb\GTP_LUT6D

3.115. Analyzing design hierarchy..
Top module:  \/Users/yoyowang/Desktop/benchmark/max.aig
Used module:     $paramod$ed1ee42251b0cf42a47008de1609c8c8fb11aebd\GTP_LUT6
Used module:     $paramod$ec370ee290a68612d79369ff71df22235f27717a\GTP_LUT6
Used module:     $paramod\GTP_LUT4\INIT=16'1000110010101111
Used module:     $paramod\GTP_LUT4\INIT=16'1111010100110001
Used module:     $paramod$f02a64952e4d523361df6a283310835bf2458f93\GTP_LUT6
Used module:     $paramod\GTP_LUT4\INIT=16'1101110100001101
Used module:     $paramod\GTP_LUT4\INIT=16'1101000011011101
Used module:     $paramod$f41a1fcf2eeec35f3b480a60385b6eb642ba3eaa\GTP_LUT6
Used module:     $paramod$abd16bd9e1e102b2d6bfe324def8d80d16d3632a\GTP_LUT6
Used module:     $paramod$2b99c3d40e92e6be25628b09d72c96e1fa264471\GTP_LUT6
Used module:     $paramod$bf6a843f8e065b2db715682f73d9ceea17637ca1\GTP_LUT6
Used module:     $paramod$f62a196fd4e51edb861152b2d93e46459a5ed62c\GTP_LUT6
Used module:     $paramod\GTP_LUT4\INIT=16'1111001101010001
Used module:     $paramod$df81f1935b111686b0a1972add3214494cbf1428\GTP_LUT6
Used module:     $paramod$597821d9dab1beb38dde31c4ff20f2368e62e2a5\GTP_LUT6
Used module:     $paramod$810925176b3aace5d6a66710d651418d199f1cfe\GTP_LUT6
Used module:     $paramod$82208b90ad469dc3c5265d1143682e4a7ab48694\GTP_LUT6
Used module:     $paramod$ed2c1a0a5afb78288ca43b0fbac65ce50b51a4cd\GTP_LUT6
Used module:     $paramod$88ad822babd0818dee2a8717db6b3cd3120775a1\GTP_LUT6
Used module:     $paramod$c7b52305ba7e4ea7a0d94c50f89c981b4b7c73cd\GTP_LUT6
Used module:     $paramod$9571e2f1221da70e462d7ac0cb251847bb762708\GTP_LUT6
Used module:     $paramod$001236ea87540d0e11ad93f7d36459c6df8c2f37\GTP_LUT6
Used module:     $paramod$2e876cf91f34689daebfffa6f4f0add50659dafb\GTP_LUT6
Used module:     $paramod\GTP_LUT5\INIT=32'00001010110011100000000000000000
Used module:     $paramod$f9a5ea7271730c6b20d427d62cac10e0f7fd5d86\GTP_LUT6
Used module:     $paramod$eb06b477878d4b937e51b60fa4fe5d52307103ef\GTP_LUT6
Used module:     $paramod$0de6eca5006a8ed9a461706e6ca8d630d6bd8fcf\GTP_LUT6
Used module:     $paramod$13ab2f91b1f36166564487ef6b3ad3c1d7f5ea85\GTP_LUT6
Used module:     $paramod\GTP_LUT5\INIT=32'00000000000000001111011100110001
Used module:     $paramod\GTP_LUT5\INIT=32'10001000101010100000110000001111
Used module:     $paramod\GTP_LUT5\INIT=32'10001100101011110000000000000000
Used module:     $paramod$930aecd54792866f7c7f89e7d92488c7f714c167\GTP_LUT6
Used module:     $paramod$f24bf9211ab4eb073dafb999bfbaf0f3089ab145\GTP_LUT6
Used module:     $paramod\GTP_LUT5\INIT=32'10111011000000001111000011110000
Used module:     $paramod$fbd7430b50fcde900f98b7cd24afb5ac957c0d5d\GTP_LUT6
Used module:     $paramod$78d940035c561dba45c3632577c123226d65c428\GTP_LUT6
Used module:     $paramod$981b531c840b9c190de16cc7b5c1b383f8f66693\GTP_LUT6
Used module:     $paramod$c7fa56871cbcfcbe8d6f0a7b77604141595d184d\GTP_LUT6
Used module:     $paramod\GTP_LUT5\INIT=32'00000000000000001101000011111101
Used module:     $paramod$43abe397191cf3df117d39293a9e21a10352aad8\GTP_LUT6
Used module:     $paramod\GTP_LUT5\INIT=32'10101110111111110000000010101110
Used module:     $paramod\GTP_LUT5\INIT=32'10001010100010100000000010001010
Used module:     $paramod\GTP_LUT5\INIT=32'00000000000000001011000000000000
Used module:     $paramod\GTP_LUT5\INIT=32'01110011000100001111011100110001
Used module:     $paramod\GTP_LUT4\INIT=16'0100111100000100
Used module:     $paramod\GTP_LUT5\INIT=32'00101010001010100000101000101010
Used module:     $paramod$60541f2221b86fbbcebf1059929e56a11b5db6e9\GTP_LUT6
Used module:     $paramod$88a0dfaab3b49c8a34bbd35be26903f2476516dc\GTP_LUT6
Used module:     $paramod$93caa429bc25535841059823500babccf60d32a0\GTP_LUT6
Used module:     $paramod\GTP_LUT5\INIT=32'01000101000000000101010101000101
Used module:     $paramod\GTP_LUT4\INIT=16'1011000010111011
Used module:     $paramod$f38193891517e8a41a0fca6916c3af0837a9f89a\GTP_LUT6
Used module:     $paramod\GTP_LUT4\INIT=16'1000101011001111
Used module:     $paramod$0b3159fbf66e6f7d0eb9946e6fab0a3a24f46f2d\GTP_LUT6
Used module:     $paramod$a4e55b25d8e2a94e9cddc16ee16e3cc2b02cb5f8\GTP_LUT6
Used module:     $paramod$7ca8623b487d394d51941a8a396ce730ad56bcee\GTP_LUT6
Used module:     $paramod$433f8ab87dfbda830f96ff31479880cbf93489b2\GTP_LUT6
Used module:     $paramod\GTP_LUT5\INIT=32'11111111001100110111001100010000
Used module:     $paramod$616acd0bfa3854b2b152bc633b3120e9c2e6e42c\GTP_LUT6
Used module:     $paramod$39330776008f06b86c297ae6b72bc9c1cf03f663\GTP_LUT6
Used module:     $paramod$3e9c13dec1e077107f1d5fa4112c26886cec402c\GTP_LUT6
Used module:     $paramod$21f9157df025cf1edc0c7654d59bf4e9b7010863\GTP_LUT6
Used module:     $paramod$36517954a7f12618174db3c8feb7440495e1853e\GTP_LUT6
Used module:     $paramod$4b2e5cac4b0c1eab87ba2065a7f277d3aeb80e3b\GTP_LUT6
Used module:     $paramod\GTP_LUT3\INIT=8'10110000
Used module:     $paramod$3cd549b697b168b700c3687183aa2f00f1a3a8df\GTP_LUT6
Used module:     $paramod$4deb1623afadbb86c103f980f2b38902e2c5d2bc\GTP_LUT6
Used module:     $paramod$3c6c8da6feff1ad5f0ebc1b273ff70545f294265\GTP_LUT6
Used module:     $paramod\GTP_LUT5\INIT=32'00000000000000001111010111111101
Used module:     $paramod\GTP_LUT5\INIT=32'11111111001100110000101000000010
Used module:     $paramod$e64ecfaa056312c20094061922dd7d3db775a3ed\GTP_LUT6
Used module:     $paramod$6d0b458f8df40450fff50b3c814519ef1bd74bb9\GTP_LUT6
Used module:     $paramod\GTP_LUT3\INIT=8'10100010
Used module:     $paramod$60b8c30967250f0f5528448a7fc51833f38e1846\GTP_LUT6
Used module:     $paramod$166e724d9f154839d1cadb832d41ccfd2911db20\GTP_LUT6
Used module:     $paramod$24635322250c15d33252bcf62c6bd3a0dab032f8\GTP_LUT6
Used module:     $paramod$d679a4d7665508fe13113a6860be868fc52938ca\GTP_LUT6
Used module:     $paramod\GTP_LUT4\INIT=16'1110111010101110
Used module:     $paramod$7d0fd756b8feb3d01b9430f47e2b5cf73ee44e68\GTP_LUT6D
Used module:     $paramod$233e5e3fb13af025411c0dc2a13967b0765ccb48\GTP_LUT6D
Used module:     $paramod$d32428442e27b5936e44c851b81ab5d676431c5d\GTP_LUT6D
Used module:     $paramod$8bcfbeda2fb4d8302c4c35d95dbdcbb2829a3a11\GTP_LUT6D
Used module:     $paramod$7350a847097cf1341bed8d0ebedbe602e28e0b13\GTP_LUT6D
Used module:     $paramod$e0a152210870409c4e28089bd82c7d41823f9815\GTP_LUT6D
Used module:     $paramod$d099ad836a743bdedc3cc08d3da8972dbbb6c4a3\GTP_LUT6D
Used module:     $paramod\GTP_LUT5D\INIT=32'00110101001101011011101100000000
Used module:     $paramod\GTP_LUT4D\INIT=16'0011010101000100
Used module:     $paramod\GTP_LUT4D\INIT=16'0011010100100010
Used module:     $paramod$8f7afc69a389abdae81e132a46a10c84c77f4582\GTP_LUT6D
Used module:     $paramod$0f109ca977d4b724e7929ea944e44c752abbd6cb\GTP_LUT6D
Used module:     $paramod$2a7edfa287a1ec281542179cc37dafeb165606b0\GTP_LUT6D
Used module:     $paramod$0bb7b9357b035f9879e497f8282959d0afb418de\GTP_LUT6D
Used module:     $paramod\GTP_LUT5D\INIT=32'10101010100010000000000000001011
Used module:     $paramod\GTP_LUT5D\INIT=32'10101010100010100000000010110000
Used module:     $paramod\GTP_LUT4D\INIT=16'1000100001000100
Used module:     $paramod$e54398e6a1dd6c73aa4a12d38fd766e636b63940\GTP_LUT6D
Used module:     $paramod\GTP_LUT5D\INIT=32'11110101001100010011001100000000
Used module:     $paramod\GTP_LUT5D\INIT=32'10001100101011110000101000001010
Used module:     $paramod$e3cae54257d3c3ece9562b643940c4ef52ffcd0c\GTP_LUT6D
Used module:     $paramod\GTP_LUT5D\INIT=32'11010000110111010000000011110000
Used module:     $paramod\GTP_LUT5D\INIT=32'10110000101110110000000011110000
Used module:     $paramod\GTP_LUT4D\INIT=16'0100010000100010
Used module:     $paramod$2d90709820ca589835be6d1efc32e18beaba3f10\GTP_LUT6D
Used module:     $paramod\GTP_LUT5D\INIT=32'11011101000011010100010001000100
Used module:     $paramod$a82dec86a1c6eca97d115fcd9c71b8aa34c87f99\GTP_LUT6D
Used module:     $paramod$85c5a15a2a2a06053a2a5e9c671f73789643f2e8\GTP_LUT6D
Used module:     $paramod$4a27fecfca6a7843fe172f17d3dd8e946075eed1\GTP_LUT6D
Used module:     $paramod$d7cf8a5fecec378dfc331bf3fd58f2b95161393a\GTP_LUT6D
Used module:     $paramod$13e1f9e7e25ce952912ad451780ae503bf136099\GTP_LUT6D
Used module:     $paramod$a80f8ccb9af11ce163d4161fbf4dd18abd8b3d8f\GTP_LUT6D
Used module:     $paramod$30f00f9a677a50fdbdc9b5d421522409b3f8e6fd\GTP_LUT6D
Used module:     $paramod$d81ba7169cecc67b8b4140ca65ec1a155f8413fb\GTP_LUT6D
Removing unused module `\GTP_LUT4D'.
Removing unused module `\GTP_LUT5D'.
Removing unused module `\GTP_LUT6D'.
Removing unused module `\GTP_LUT6'.
Removing unused module `\GTP_LUT5'.
Removing unused module `\GTP_LUT4'.
Removing unused module `\GTP_LUT3'.
Removing unused module `\GTP_LUT2'.
Removing unused module `\GTP_LUT1'.
Removed 9 unused modules.

4. Executing FLATTEN pass (flatten design).
Deleting now unused module $paramod$2d90709820ca589835be6d1efc32e18beaba3f10\GTP_LUT6D.
Deleting now unused module $paramod\GTP_LUT4D\INIT=16'0100010000100010.
Deleting now unused module $paramod\GTP_LUT5D\INIT=32'10110000101110110000000011110000.
Deleting now unused module $paramod\GTP_LUT5D\INIT=32'11010000110111010000000011110000.
Deleting now unused module $paramod$e3cae54257d3c3ece9562b643940c4ef52ffcd0c\GTP_LUT6D.
Deleting now unused module $paramod\GTP_LUT5D\INIT=32'10001100101011110000101000001010.
Deleting now unused module $paramod\GTP_LUT5D\INIT=32'11110101001100010011001100000000.
Deleting now unused module $paramod$e54398e6a1dd6c73aa4a12d38fd766e636b63940\GTP_LUT6D.
Deleting now unused module $paramod\GTP_LUT4D\INIT=16'1000100001000100.
Deleting now unused module $paramod\GTP_LUT5D\INIT=32'10101010100010100000000010110000.
Deleting now unused module $paramod\GTP_LUT5D\INIT=32'10101010100010000000000000001011.
Deleting now unused module $paramod$0bb7b9357b035f9879e497f8282959d0afb418de\GTP_LUT6D.
Deleting now unused module $paramod$2a7edfa287a1ec281542179cc37dafeb165606b0\GTP_LUT6D.
Deleting now unused module $paramod$0f109ca977d4b724e7929ea944e44c752abbd6cb\GTP_LUT6D.
Deleting now unused module $paramod$8f7afc69a389abdae81e132a46a10c84c77f4582\GTP_LUT6D.
Deleting now unused module $paramod\GTP_LUT4D\INIT=16'0011010100100010.
Deleting now unused module $paramod\GTP_LUT4D\INIT=16'0011010101000100.
Deleting now unused module $paramod\GTP_LUT5D\INIT=32'00110101001101011011101100000000.
Deleting now unused module $paramod$d099ad836a743bdedc3cc08d3da8972dbbb6c4a3\GTP_LUT6D.
Deleting now unused module $paramod$e0a152210870409c4e28089bd82c7d41823f9815\GTP_LUT6D.
Deleting now unused module $paramod$7350a847097cf1341bed8d0ebedbe602e28e0b13\GTP_LUT6D.
Deleting now unused module $paramod$8bcfbeda2fb4d8302c4c35d95dbdcbb2829a3a11\GTP_LUT6D.
Deleting now unused module $paramod$d32428442e27b5936e44c851b81ab5d676431c5d\GTP_LUT6D.
Deleting now unused module $paramod$233e5e3fb13af025411c0dc2a13967b0765ccb48\GTP_LUT6D.
Deleting now unused module $paramod$7d0fd756b8feb3d01b9430f47e2b5cf73ee44e68\GTP_LUT6D.
Deleting now unused module $paramod\GTP_LUT4\INIT=16'1110111010101110.
Deleting now unused module $paramod$d679a4d7665508fe13113a6860be868fc52938ca\GTP_LUT6.
Deleting now unused module $paramod$24635322250c15d33252bcf62c6bd3a0dab032f8\GTP_LUT6.
Deleting now unused module $paramod$166e724d9f154839d1cadb832d41ccfd2911db20\GTP_LUT6.
Deleting now unused module $paramod$60b8c30967250f0f5528448a7fc51833f38e1846\GTP_LUT6.
Deleting now unused module $paramod\GTP_LUT3\INIT=8'10100010.
Deleting now unused module $paramod$6d0b458f8df40450fff50b3c814519ef1bd74bb9\GTP_LUT6.
Deleting now unused module $paramod$e64ecfaa056312c20094061922dd7d3db775a3ed\GTP_LUT6.
Deleting now unused module $paramod\GTP_LUT5\INIT=32'11111111001100110000101000000010.
Deleting now unused module $paramod\GTP_LUT5\INIT=32'00000000000000001111010111111101.
Deleting now unused module $paramod$3c6c8da6feff1ad5f0ebc1b273ff70545f294265\GTP_LUT6.
Deleting now unused module $paramod$4deb1623afadbb86c103f980f2b38902e2c5d2bc\GTP_LUT6.
Deleting now unused module $paramod$3cd549b697b168b700c3687183aa2f00f1a3a8df\GTP_LUT6.
Deleting now unused module $paramod\GTP_LUT3\INIT=8'10110000.
Deleting now unused module $paramod$4b2e5cac4b0c1eab87ba2065a7f277d3aeb80e3b\GTP_LUT6.
Deleting now unused module $paramod$36517954a7f12618174db3c8feb7440495e1853e\GTP_LUT6.
Deleting now unused module $paramod$21f9157df025cf1edc0c7654d59bf4e9b7010863\GTP_LUT6.
Deleting now unused module $paramod$3e9c13dec1e077107f1d5fa4112c26886cec402c\GTP_LUT6.
Deleting now unused module $paramod$39330776008f06b86c297ae6b72bc9c1cf03f663\GTP_LUT6.
Deleting now unused module $paramod$616acd0bfa3854b2b152bc633b3120e9c2e6e42c\GTP_LUT6.
Deleting now unused module $paramod\GTP_LUT5\INIT=32'11111111001100110111001100010000.
Deleting now unused module $paramod$433f8ab87dfbda830f96ff31479880cbf93489b2\GTP_LUT6.
Deleting now unused module $paramod$7ca8623b487d394d51941a8a396ce730ad56bcee\GTP_LUT6.
Deleting now unused module $paramod$a4e55b25d8e2a94e9cddc16ee16e3cc2b02cb5f8\GTP_LUT6.
Deleting now unused module $paramod$0b3159fbf66e6f7d0eb9946e6fab0a3a24f46f2d\GTP_LUT6.
Deleting now unused module $paramod\GTP_LUT4\INIT=16'1000101011001111.
Deleting now unused module $paramod$f38193891517e8a41a0fca6916c3af0837a9f89a\GTP_LUT6.
Deleting now unused module $paramod\GTP_LUT4\INIT=16'1011000010111011.
Deleting now unused module $paramod\GTP_LUT5\INIT=32'01000101000000000101010101000101.
Deleting now unused module $paramod$93caa429bc25535841059823500babccf60d32a0\GTP_LUT6.
Deleting now unused module $paramod$88a0dfaab3b49c8a34bbd35be26903f2476516dc\GTP_LUT6.
Deleting now unused module $paramod$60541f2221b86fbbcebf1059929e56a11b5db6e9\GTP_LUT6.
Deleting now unused module $paramod\GTP_LUT5\INIT=32'00101010001010100000101000101010.
Deleting now unused module $paramod\GTP_LUT4\INIT=16'0100111100000100.
Deleting now unused module $paramod\GTP_LUT5\INIT=32'01110011000100001111011100110001.
Deleting now unused module $paramod\GTP_LUT5\INIT=32'00000000000000001011000000000000.
Deleting now unused module $paramod\GTP_LUT5\INIT=32'10001010100010100000000010001010.
Deleting now unused module $paramod\GTP_LUT5\INIT=32'10101110111111110000000010101110.
Deleting now unused module $paramod$43abe397191cf3df117d39293a9e21a10352aad8\GTP_LUT6.
Deleting now unused module $paramod\GTP_LUT5\INIT=32'00000000000000001101000011111101.
Deleting now unused module $paramod$c7fa56871cbcfcbe8d6f0a7b77604141595d184d\GTP_LUT6.
Deleting now unused module $paramod$981b531c840b9c190de16cc7b5c1b383f8f66693\GTP_LUT6.
Deleting now unused module $paramod$78d940035c561dba45c3632577c123226d65c428\GTP_LUT6.
Deleting now unused module $paramod$fbd7430b50fcde900f98b7cd24afb5ac957c0d5d\GTP_LUT6.
Deleting now unused module $paramod\GTP_LUT5\INIT=32'10111011000000001111000011110000.
Deleting now unused module $paramod$f24bf9211ab4eb073dafb999bfbaf0f3089ab145\GTP_LUT6.
Deleting now unused module $paramod$930aecd54792866f7c7f89e7d92488c7f714c167\GTP_LUT6.
Deleting now unused module $paramod\GTP_LUT5\INIT=32'10001100101011110000000000000000.
Deleting now unused module $paramod\GTP_LUT5\INIT=32'10001000101010100000110000001111.
Deleting now unused module $paramod\GTP_LUT5\INIT=32'00000000000000001111011100110001.
Deleting now unused module $paramod$13ab2f91b1f36166564487ef6b3ad3c1d7f5ea85\GTP_LUT6.
Deleting now unused module $paramod$0de6eca5006a8ed9a461706e6ca8d630d6bd8fcf\GTP_LUT6.
Deleting now unused module $paramod$eb06b477878d4b937e51b60fa4fe5d52307103ef\GTP_LUT6.
Deleting now unused module $paramod$f9a5ea7271730c6b20d427d62cac10e0f7fd5d86\GTP_LUT6.
Deleting now unused module $paramod\GTP_LUT5\INIT=32'00001010110011100000000000000000.
Deleting now unused module $paramod$2e876cf91f34689daebfffa6f4f0add50659dafb\GTP_LUT6.
Deleting now unused module $paramod$001236ea87540d0e11ad93f7d36459c6df8c2f37\GTP_LUT6.
Deleting now unused module $paramod$9571e2f1221da70e462d7ac0cb251847bb762708\GTP_LUT6.
Deleting now unused module $paramod$c7b52305ba7e4ea7a0d94c50f89c981b4b7c73cd\GTP_LUT6.
Deleting now unused module $paramod$88ad822babd0818dee2a8717db6b3cd3120775a1\GTP_LUT6.
Deleting now unused module $paramod$ed2c1a0a5afb78288ca43b0fbac65ce50b51a4cd\GTP_LUT6.
Deleting now unused module $paramod$82208b90ad469dc3c5265d1143682e4a7ab48694\GTP_LUT6.
Deleting now unused module $paramod$810925176b3aace5d6a66710d651418d199f1cfe\GTP_LUT6.
Deleting now unused module $paramod$597821d9dab1beb38dde31c4ff20f2368e62e2a5\GTP_LUT6.
Deleting now unused module $paramod$df81f1935b111686b0a1972add3214494cbf1428\GTP_LUT6.
Deleting now unused module $paramod\GTP_LUT4\INIT=16'1111001101010001.
Deleting now unused module $paramod$f62a196fd4e51edb861152b2d93e46459a5ed62c\GTP_LUT6.
Deleting now unused module $paramod$bf6a843f8e065b2db715682f73d9ceea17637ca1\GTP_LUT6.
Deleting now unused module $paramod$2b99c3d40e92e6be25628b09d72c96e1fa264471\GTP_LUT6.
Deleting now unused module $paramod$abd16bd9e1e102b2d6bfe324def8d80d16d3632a\GTP_LUT6.
Deleting now unused module $paramod$f41a1fcf2eeec35f3b480a60385b6eb642ba3eaa\GTP_LUT6.
Deleting now unused module $paramod\GTP_LUT4\INIT=16'1101000011011101.
Deleting now unused module $paramod\GTP_LUT4\INIT=16'1101110100001101.
Deleting now unused module $paramod$f02a64952e4d523361df6a283310835bf2458f93\GTP_LUT6.
Deleting now unused module $paramod\GTP_LUT4\INIT=16'1111010100110001.
Deleting now unused module $paramod\GTP_LUT4\INIT=16'1000110010101111.
Deleting now unused module $paramod$ec370ee290a68612d79369ff71df22235f27717a\GTP_LUT6.
Deleting now unused module $paramod$ed1ee42251b0cf42a47008de1609c8c8fb11aebd\GTP_LUT6.
Deleting now unused module $paramod$d81ba7169cecc67b8b4140ca65ec1a155f8413fb\GTP_LUT6D.
Deleting now unused module $paramod$30f00f9a677a50fdbdc9b5d421522409b3f8e6fd\GTP_LUT6D.
Deleting now unused module $paramod$a80f8ccb9af11ce163d4161fbf4dd18abd8b3d8f\GTP_LUT6D.
Deleting now unused module $paramod$13e1f9e7e25ce952912ad451780ae503bf136099\GTP_LUT6D.
Deleting now unused module $paramod$d7cf8a5fecec378dfc331bf3fd58f2b95161393a\GTP_LUT6D.
Deleting now unused module $paramod$4a27fecfca6a7843fe172f17d3dd8e946075eed1\GTP_LUT6D.
Deleting now unused module $paramod$85c5a15a2a2a06053a2a5e9c671f73789643f2e8\GTP_LUT6D.
Deleting now unused module $paramod$a82dec86a1c6eca97d115fcd9c71b8aa34c87f99\GTP_LUT6D.
Deleting now unused module $paramod\GTP_LUT5D\INIT=32'11011101000011010100010001000100.
<suppressed ~626 debug messages>

5. Executing TECHMAP pass (map to technology primitives).

5.1. Executing Verilog-2005 frontend: /Users/yoyowang/Desktop/yosysDualOutputLUT/share/techmap.v
Parsing Verilog input from `/Users/yoyowang/Desktop/yosysDualOutputLUT/share/techmap.v' to AST representation.
verilog frontend filename /Users/yoyowang/Desktop/yosysDualOutputLUT/share/techmap.v
Generating RTLIL representation for module `\_90_simplemap_bool_ops'.
Generating RTLIL representation for module `\_90_simplemap_reduce_ops'.
Generating RTLIL representation for module `\_90_simplemap_logic_ops'.
Generating RTLIL representation for module `\_90_simplemap_compare_ops'.
Generating RTLIL representation for module `\_90_simplemap_various'.
Generating RTLIL representation for module `\_90_simplemap_registers'.
Generating RTLIL representation for module `\_90_shift_ops_shr_shl_sshl_sshr'.
Generating RTLIL representation for module `\_90_shift_shiftx'.
Generating RTLIL representation for module `\_90_fa'.
Generating RTLIL representation for module `\_90_lcu_brent_kung'.
Generating RTLIL representation for module `\_90_alu'.
Generating RTLIL representation for module `\_90_macc'.
Generating RTLIL representation for module `\_90_alumacc'.
Generating RTLIL representation for module `\$__div_mod_u'.
Generating RTLIL representation for module `\$__div_mod_trunc'.
Generating RTLIL representation for module `\_90_div'.
Generating RTLIL representation for module `\_90_mod'.
Generating RTLIL representation for module `\$__div_mod_floor'.
Generating RTLIL representation for module `\_90_divfloor'.
Generating RTLIL representation for module `\_90_modfloor'.
Generating RTLIL representation for module `\_90_pow'.
Generating RTLIL representation for module `\_90_pmux'.
Generating RTLIL representation for module `\_90_demux'.
Generating RTLIL representation for module `\_90_lut'.
Generating RTLIL representation for module `\$connect'.
Generating RTLIL representation for module `\$input_port'.
Successfully finished Verilog frontend.

5.2. Continuing TECHMAP pass.
Using extmapper simplemap for cells of type $mux.
Using extmapper simplemap for cells of type $lut.
No more expansions possible.
<suppressed ~2511 debug messages>

6. Executing OPT pass (performing simple optimizations).

6.1. Executing OPT_EXPR pass (perform const folding).
Optimizing module /Users/yoyowang/Desktop/benchmark/max.aig.
Couldn't topologically sort cells, optimizing module /Users/yoyowang/Desktop/benchmark/max.aig may take a longer time.
Couldn't topologically sort cells, optimizing module /Users/yoyowang/Desktop/benchmark/max.aig may take a longer time.
Couldn't topologically sort cells, optimizing module /Users/yoyowang/Desktop/benchmark/max.aig may take a longer time.
<suppressed ~22481 debug messages>

6.2. Executing OPT_MERGE pass (detect identical cells).
Finding identical cells in module `\/Users/yoyowang/Desktop/benchmark/max.aig'.
<suppressed ~28557 debug messages>
Removed a total of 9519 cells.

6.3. Executing OPT_MUXTREE pass (detect dead branches in mux trees).
Running muxtree optimizer on module \/Users/yoyowang/Desktop/benchmark/max.aig..
  Creating internal representation of mux trees.
  No muxes found in this module.
Removed 0 multiplexer ports.

6.4. Executing OPT_REDUCE pass (consolidate $*mux and $reduce_* inputs).
  Optimizing cells in module \/Users/yoyowang/Desktop/benchmark/max.aig.
Performed a total of 0 changes.

6.5. Executing OPT_MERGE pass (detect identical cells).
Finding identical cells in module `\/Users/yoyowang/Desktop/benchmark/max.aig'.
Removed a total of 0 cells.

6.6. Executing OPT_DFF pass (perform DFF optimizations).

6.7. Executing OPT_CLEAN pass (remove unused cells and wires).
Finding unused cells or wires in module \/Users/yoyowang/Desktop/benchmark/max.aig..
Removed 0 unused cells and 3250 unused wires.
<suppressed ~1 debug messages>

6.8. Executing OPT_EXPR pass (perform const folding).
Optimizing module /Users/yoyowang/Desktop/benchmark/max.aig.
Couldn't topologically sort cells, optimizing module /Users/yoyowang/Desktop/benchmark/max.aig may take a longer time.
<suppressed ~1634 debug messages>

6.9. Rerunning OPT passes. (Maybe there is more to do..)

6.10. Executing OPT_MUXTREE pass (detect dead branches in mux trees).
Running muxtree optimizer on module \/Users/yoyowang/Desktop/benchmark/max.aig..
  Creating internal representation of mux trees.
  No muxes found in this module.
Removed 0 multiplexer ports.

6.11. Executing OPT_REDUCE pass (consolidate $*mux and $reduce_* inputs).
  Optimizing cells in module \/Users/yoyowang/Desktop/benchmark/max.aig.
Performed a total of 0 changes.

6.12. Executing OPT_MERGE pass (detect identical cells).
Finding identical cells in module `\/Users/yoyowang/Desktop/benchmark/max.aig'.
Removed a total of 0 cells.

6.13. Executing OPT_DFF pass (perform DFF optimizations).

6.14. Executing OPT_CLEAN pass (remove unused cells and wires).
Finding unused cells or wires in module \/Users/yoyowang/Desktop/benchmark/max.aig..
Removed 0 unused cells and 22 unused wires.
<suppressed ~1 debug messages>

6.15. Executing OPT_EXPR pass (perform const folding).
Optimizing module /Users/yoyowang/Desktop/benchmark/max.aig.

6.16. Rerunning OPT passes. (Maybe there is more to do..)

6.17. Executing OPT_MUXTREE pass (detect dead branches in mux trees).
Running muxtree optimizer on module \/Users/yoyowang/Desktop/benchmark/max.aig..
  Creating internal representation of mux trees.
  No muxes found in this module.
Removed 0 multiplexer ports.

6.18. Executing OPT_REDUCE pass (consolidate $*mux and $reduce_* inputs).
  Optimizing cells in module \/Users/yoyowang/Desktop/benchmark/max.aig.
Performed a total of 0 changes.

6.19. Executing OPT_MERGE pass (detect identical cells).
Finding identical cells in module `\/Users/yoyowang/Desktop/benchmark/max.aig'.
Removed a total of 0 cells.

6.20. Executing OPT_DFF pass (perform DFF optimizations).

6.21. Executing OPT_CLEAN pass (remove unused cells and wires).
Finding unused cells or wires in module \/Users/yoyowang/Desktop/benchmark/max.aig..

6.22. Executing OPT_EXPR pass (perform const folding).
Optimizing module /Users/yoyowang/Desktop/benchmark/max.aig.

6.23. Finished fast OPT passes. (There is nothing left to do.)

7. Executing AIGMAP pass (map logic to AIG).
Module /Users/yoyowang/Desktop/benchmark/max.aig: replaced 3717 cells with 26019 new cells, skipped 1146 cells.
  replaced 1 cell types:
    3717 $_MUX_
  not replaced 2 cell types:
     520 $_NOT_
     626 $scopeinfo

8. Executing AIGER backend.
Warning: Treating undriven bit /Users/yoyowang/Desktop/benchmark/max.aig.\in0[0] like $anyseq.
Warning: Treating undriven bit /Users/yoyowang/Desktop/benchmark/max.aig.\in0[1] like $anyseq.
Warning: Treating undriven bit /Users/yoyowang/Desktop/benchmark/max.aig.\in0[2] like $anyseq.
Warning: Treating undriven bit /Users/yoyowang/Desktop/benchmark/max.aig.\in0[3] like $anyseq.
Warning: Treating undriven bit /Users/yoyowang/Desktop/benchmark/max.aig.\in0[4] like $anyseq.
Warning: Treating undriven bit /Users/yoyowang/Desktop/benchmark/max.aig.\in0[5] like $anyseq.
Warning: Treating undriven bit /Users/yoyowang/Desktop/benchmark/max.aig.\in0[6] like $anyseq.
Warning: Treating undriven bit /Users/yoyowang/Desktop/benchmark/max.aig.\in0[7] like $anyseq.
Warning: Treating undriven bit /Users/yoyowang/Desktop/benchmark/max.aig.\in0[8] like $anyseq.
Warning: Treating undriven bit /Users/yoyowang/Desktop/benchmark/max.aig.\in0[9] like $anyseq.
Warning: Treating undriven bit /Users/yoyowang/Desktop/benchmark/max.aig.\in0[10] like $anyseq.
Warning: Treating undriven bit /Users/yoyowang/Desktop/benchmark/max.aig.\in0[11] like $anyseq.
Warning: Treating undriven bit /Users/yoyowang/Desktop/benchmark/max.aig.\in0[12] like $anyseq.
Warning: Treating undriven bit /Users/yoyowang/Desktop/benchmark/max.aig.\in0[13] like $anyseq.
Warning: Treating undriven bit /Users/yoyowang/Desktop/benchmark/max.aig.\in0[14] like $anyseq.
Warning: Treating undriven bit /Users/yoyowang/Desktop/benchmark/max.aig.\in0[15] like $anyseq.
Warning: Treating undriven bit /Users/yoyowang/Desktop/benchmark/max.aig.\in0[16] like $anyseq.
Warning: Treating undriven bit /Users/yoyowang/Desktop/benchmark/max.aig.\in0[17] like $anyseq.
Warning: Treating undriven bit /Users/yoyowang/Desktop/benchmark/max.aig.\in0[18] like $anyseq.
Warning: Treating undriven bit /Users/yoyowang/Desktop/benchmark/max.aig.\in0[19] like $anyseq.
Warning: Treating undriven bit /Users/yoyowang/Desktop/benchmark/max.aig.\in0[20] like $anyseq.
Warning: Treating undriven bit /Users/yoyowang/Desktop/benchmark/max.aig.\in0[21] like $anyseq.
Warning: Treating undriven bit /Users/yoyowang/Desktop/benchmark/max.aig.\in0[22] like $anyseq.
Warning: Treating undriven bit /Users/yoyowang/Desktop/benchmark/max.aig.\in0[23] like $anyseq.
Warning: Treating undriven bit /Users/yoyowang/Desktop/benchmark/max.aig.\in0[24] like $anyseq.
Warning: Treating undriven bit /Users/yoyowang/Desktop/benchmark/max.aig.\in0[25] like $anyseq.
Warning: Treating undriven bit /Users/yoyowang/Desktop/benchmark/max.aig.\in0[26] like $anyseq.
Warning: Treating undriven bit /Users/yoyowang/Desktop/benchmark/max.aig.\in0[27] like $anyseq.
Warning: Treating undriven bit /Users/yoyowang/Desktop/benchmark/max.aig.\in0[28] like $anyseq.
Warning: Treating undriven bit /Users/yoyowang/Desktop/benchmark/max.aig.\in0[29] like $anyseq.
Warning: Treating undriven bit /Users/yoyowang/Desktop/benchmark/max.aig.\in0[30] like $anyseq.
Warning: Treating undriven bit /Users/yoyowang/Desktop/benchmark/max.aig.\in0[31] like $anyseq.
Warning: Treating undriven bit /Users/yoyowang/Desktop/benchmark/max.aig.\in0[32] like $anyseq.
Warning: Treating undriven bit /Users/yoyowang/Desktop/benchmark/max.aig.\in0[33] like $anyseq.
Warning: Treating undriven bit /Users/yoyowang/Desktop/benchmark/max.aig.\in0[34] like $anyseq.
Warning: Treating undriven bit /Users/yoyowang/Desktop/benchmark/max.aig.\in0[35] like $anyseq.
Warning: Treating undriven bit /Users/yoyowang/Desktop/benchmark/max.aig.\in0[36] like $anyseq.
Warning: Treating undriven bit /Users/yoyowang/Desktop/benchmark/max.aig.\in0[37] like $anyseq.
Warning: Treating undriven bit /Users/yoyowang/Desktop/benchmark/max.aig.\in0[38] like $anyseq.
Warning: Treating undriven bit /Users/yoyowang/Desktop/benchmark/max.aig.\in0[39] like $anyseq.
Warning: Treating undriven bit /Users/yoyowang/Desktop/benchmark/max.aig.\in0[40] like $anyseq.
Warning: Treating undriven bit /Users/yoyowang/Desktop/benchmark/max.aig.\in0[41] like $anyseq.
Warning: Treating undriven bit /Users/yoyowang/Desktop/benchmark/max.aig.\in0[42] like $anyseq.
Warning: Treating undriven bit /Users/yoyowang/Desktop/benchmark/max.aig.\in0[43] like $anyseq.
Warning: Treating undriven bit /Users/yoyowang/Desktop/benchmark/max.aig.\in0[44] like $anyseq.
Warning: Treating undriven bit /Users/yoyowang/Desktop/benchmark/max.aig.\in0[45] like $anyseq.
Warning: Treating undriven bit /Users/yoyowang/Desktop/benchmark/max.aig.\in0[46] like $anyseq.
Warning: Treating undriven bit /Users/yoyowang/Desktop/benchmark/max.aig.\in0[47] like $anyseq.
Warning: Treating undriven bit /Users/yoyowang/Desktop/benchmark/max.aig.\in0[48] like $anyseq.
Warning: Treating undriven bit /Users/yoyowang/Desktop/benchmark/max.aig.\in0[49] like $anyseq.
Warning: Treating undriven bit /Users/yoyowang/Desktop/benchmark/max.aig.\in0[50] like $anyseq.
Warning: Treating undriven bit /Users/yoyowang/Desktop/benchmark/max.aig.\in0[51] like $anyseq.
Warning: Treating undriven bit /Users/yoyowang/Desktop/benchmark/max.aig.\in0[52] like $anyseq.
Warning: Treating undriven bit /Users/yoyowang/Desktop/benchmark/max.aig.\in0[53] like $anyseq.
Warning: Treating undriven bit /Users/yoyowang/Desktop/benchmark/max.aig.\in0[54] like $anyseq.
Warning: Treating undriven bit /Users/yoyowang/Desktop/benchmark/max.aig.\in0[55] like $anyseq.
Warning: Treating undriven bit /Users/yoyowang/Desktop/benchmark/max.aig.\in0[56] like $anyseq.
Warning: Treating undriven bit /Users/yoyowang/Desktop/benchmark/max.aig.\in0[57] like $anyseq.
Warning: Treating undriven bit /Users/yoyowang/Desktop/benchmark/max.aig.\in0[58] like $anyseq.
Warning: Treating undriven bit /Users/yoyowang/Desktop/benchmark/max.aig.\in0[59] like $anyseq.
Warning: Treating undriven bit /Users/yoyowang/Desktop/benchmark/max.aig.\in0[60] like $anyseq.
Warning: Treating undriven bit /Users/yoyowang/Desktop/benchmark/max.aig.\in0[61] like $anyseq.
Warning: Treating undriven bit /Users/yoyowang/Desktop/benchmark/max.aig.\in0[62] like $anyseq.
Warning: Treating undriven bit /Users/yoyowang/Desktop/benchmark/max.aig.\in0[63] like $anyseq.
Warning: Treating undriven bit /Users/yoyowang/Desktop/benchmark/max.aig.\in0[64] like $anyseq.
Warning: Treating undriven bit /Users/yoyowang/Desktop/benchmark/max.aig.\in0[65] like $anyseq.
Warning: Treating undriven bit /Users/yoyowang/Desktop/benchmark/max.aig.\in0[66] like $anyseq.
Warning: Treating undriven bit /Users/yoyowang/Desktop/benchmark/max.aig.\in0[67] like $anyseq.
Warning: Treating undriven bit /Users/yoyowang/Desktop/benchmark/max.aig.\in0[68] like $anyseq.
Warning: Treating undriven bit /Users/yoyowang/Desktop/benchmark/max.aig.\in0[69] like $anyseq.
Warning: Treating undriven bit /Users/yoyowang/Desktop/benchmark/max.aig.\in0[70] like $anyseq.
Warning: Treating undriven bit /Users/yoyowang/Desktop/benchmark/max.aig.\in0[71] like $anyseq.
Warning: Treating undriven bit /Users/yoyowang/Desktop/benchmark/max.aig.\in0[72] like $anyseq.
Warning: Treating undriven bit /Users/yoyowang/Desktop/benchmark/max.aig.\in0[73] like $anyseq.
Warning: Treating undriven bit /Users/yoyowang/Desktop/benchmark/max.aig.\in0[74] like $anyseq.
Warning: Treating undriven bit /Users/yoyowang/Desktop/benchmark/max.aig.\in0[75] like $anyseq.
Warning: Treating undriven bit /Users/yoyowang/Desktop/benchmark/max.aig.\in0[76] like $anyseq.
Warning: Treating undriven bit /Users/yoyowang/Desktop/benchmark/max.aig.\in0[77] like $anyseq.
Warning: Treating undriven bit /Users/yoyowang/Desktop/benchmark/max.aig.\in0[78] like $anyseq.
Warning: Treating undriven bit /Users/yoyowang/Desktop/benchmark/max.aig.\in0[79] like $anyseq.
Warning: Treating undriven bit /Users/yoyowang/Desktop/benchmark/max.aig.\in0[80] like $anyseq.
Warning: Treating undriven bit /Users/yoyowang/Desktop/benchmark/max.aig.\in0[81] like $anyseq.
Warning: Treating undriven bit /Users/yoyowang/Desktop/benchmark/max.aig.\in0[82] like $anyseq.
Warning: Treating undriven bit /Users/yoyowang/Desktop/benchmark/max.aig.\in0[83] like $anyseq.
Warning: Treating undriven bit /Users/yoyowang/Desktop/benchmark/max.aig.\in0[84] like $anyseq.
Warning: Treating undriven bit /Users/yoyowang/Desktop/benchmark/max.aig.\in0[85] like $anyseq.
Warning: Treating undriven bit /Users/yoyowang/Desktop/benchmark/max.aig.\in0[86] like $anyseq.
Warning: Treating undriven bit /Users/yoyowang/Desktop/benchmark/max.aig.\in0[87] like $anyseq.
Warning: Treating undriven bit /Users/yoyowang/Desktop/benchmark/max.aig.\in0[88] like $anyseq.
Warning: Treating undriven bit /Users/yoyowang/Desktop/benchmark/max.aig.\in0[89] like $anyseq.
Warning: Treating undriven bit /Users/yoyowang/Desktop/benchmark/max.aig.\in0[90] like $anyseq.
Warning: Treating undriven bit /Users/yoyowang/Desktop/benchmark/max.aig.\in0[91] like $anyseq.
Warning: Treating undriven bit /Users/yoyowang/Desktop/benchmark/max.aig.\in0[92] like $anyseq.
Warning: Treating undriven bit /Users/yoyowang/Desktop/benchmark/max.aig.\in0[93] like $anyseq.
Warning: Treating undriven bit /Users/yoyowang/Desktop/benchmark/max.aig.\in0[94] like $anyseq.
Warning: Treating undriven bit /Users/yoyowang/Desktop/benchmark/max.aig.\in0[95] like $anyseq.
Warning: Treating undriven bit /Users/yoyowang/Desktop/benchmark/max.aig.\in0[96] like $anyseq.
Warning: Treating undriven bit /Users/yoyowang/Desktop/benchmark/max.aig.\in0[97] like $anyseq.
Warning: Treating undriven bit /Users/yoyowang/Desktop/benchmark/max.aig.\in0[98] like $anyseq.
Warning: Treating undriven bit /Users/yoyowang/Desktop/benchmark/max.aig.\in0[99] like $anyseq.
Warning: Treating undriven bit /Users/yoyowang/Desktop/benchmark/max.aig.\in0[100] like $anyseq.
Warning: Treating undriven bit /Users/yoyowang/Desktop/benchmark/max.aig.\in0[101] like $anyseq.
Warning: Treating undriven bit /Users/yoyowang/Desktop/benchmark/max.aig.\in0[102] like $anyseq.
Warning: Treating undriven bit /Users/yoyowang/Desktop/benchmark/max.aig.\in0[103] like $anyseq.
Warning: Treating undriven bit /Users/yoyowang/Desktop/benchmark/max.aig.\in0[104] like $anyseq.
Warning: Treating undriven bit /Users/yoyowang/Desktop/benchmark/max.aig.\in0[105] like $anyseq.
Warning: Treating undriven bit /Users/yoyowang/Desktop/benchmark/max.aig.\in0[106] like $anyseq.
Warning: Treating undriven bit /Users/yoyowang/Desktop/benchmark/max.aig.\in0[107] like $anyseq.
Warning: Treating undriven bit /Users/yoyowang/Desktop/benchmark/max.aig.\in0[108] like $anyseq.
Warning: Treating undriven bit /Users/yoyowang/Desktop/benchmark/max.aig.\in0[109] like $anyseq.
Warning: Treating undriven bit /Users/yoyowang/Desktop/benchmark/max.aig.\in0[110] like $anyseq.
Warning: Treating undriven bit /Users/yoyowang/Desktop/benchmark/max.aig.\in0[111] like $anyseq.
Warning: Treating undriven bit /Users/yoyowang/Desktop/benchmark/max.aig.\in0[112] like $anyseq.
Warning: Treating undriven bit /Users/yoyowang/Desktop/benchmark/max.aig.\in0[113] like $anyseq.
Warning: Treating undriven bit /Users/yoyowang/Desktop/benchmark/max.aig.\in0[114] like $anyseq.
Warning: Treating undriven bit /Users/yoyowang/Desktop/benchmark/max.aig.\in0[115] like $anyseq.
Warning: Treating undriven bit /Users/yoyowang/Desktop/benchmark/max.aig.\in0[116] like $anyseq.
Warning: Treating undriven bit /Users/yoyowang/Desktop/benchmark/max.aig.\in0[117] like $anyseq.
Warning: Treating undriven bit /Users/yoyowang/Desktop/benchmark/max.aig.\in0[118] like $anyseq.
Warning: Treating undriven bit /Users/yoyowang/Desktop/benchmark/max.aig.\in0[119] like $anyseq.
Warning: Treating undriven bit /Users/yoyowang/Desktop/benchmark/max.aig.\in0[120] like $anyseq.
Warning: Treating undriven bit /Users/yoyowang/Desktop/benchmark/max.aig.\in0[121] like $anyseq.
Warning: Treating undriven bit /Users/yoyowang/Desktop/benchmark/max.aig.\in0[122] like $anyseq.
Warning: Treating undriven bit /Users/yoyowang/Desktop/benchmark/max.aig.\in0[123] like $anyseq.
Warning: Treating undriven bit /Users/yoyowang/Desktop/benchmark/max.aig.\in0[124] like $anyseq.
Warning: Treating undriven bit /Users/yoyowang/Desktop/benchmark/max.aig.\in0[125] like $anyseq.
Warning: Treating undriven bit /Users/yoyowang/Desktop/benchmark/max.aig.\in0[126] like $anyseq.
Warning: Treating undriven bit /Users/yoyowang/Desktop/benchmark/max.aig.\in0[127] like $anyseq.
Warning: Treating undriven bit /Users/yoyowang/Desktop/benchmark/max.aig.\in1[0] like $anyseq.
Warning: Treating undriven bit /Users/yoyowang/Desktop/benchmark/max.aig.\in1[1] like $anyseq.
Warning: Treating undriven bit /Users/yoyowang/Desktop/benchmark/max.aig.\in1[2] like $anyseq.
Warning: Treating undriven bit /Users/yoyowang/Desktop/benchmark/max.aig.\in1[3] like $anyseq.
Warning: Treating undriven bit /Users/yoyowang/Desktop/benchmark/max.aig.\in1[4] like $anyseq.
Warning: Treating undriven bit /Users/yoyowang/Desktop/benchmark/max.aig.\in1[5] like $anyseq.
Warning: Treating undriven bit /Users/yoyowang/Desktop/benchmark/max.aig.\in1[6] like $anyseq.
Warning: Treating undriven bit /Users/yoyowang/Desktop/benchmark/max.aig.\in1[7] like $anyseq.
Warning: Treating undriven bit /Users/yoyowang/Desktop/benchmark/max.aig.\in1[8] like $anyseq.
Warning: Treating undriven bit /Users/yoyowang/Desktop/benchmark/max.aig.\in1[9] like $anyseq.
Warning: Treating undriven bit /Users/yoyowang/Desktop/benchmark/max.aig.\in1[10] like $anyseq.
Warning: Treating undriven bit /Users/yoyowang/Desktop/benchmark/max.aig.\in1[11] like $anyseq.
Warning: Treating undriven bit /Users/yoyowang/Desktop/benchmark/max.aig.\in1[12] like $anyseq.
Warning: Treating undriven bit /Users/yoyowang/Desktop/benchmark/max.aig.\in1[13] like $anyseq.
Warning: Treating undriven bit /Users/yoyowang/Desktop/benchmark/max.aig.\in1[14] like $anyseq.
Warning: Treating undriven bit /Users/yoyowang/Desktop/benchmark/max.aig.\in1[15] like $anyseq.
Warning: Treating undriven bit /Users/yoyowang/Desktop/benchmark/max.aig.\in1[16] like $anyseq.
Warning: Treating undriven bit /Users/yoyowang/Desktop/benchmark/max.aig.\in1[17] like $anyseq.
Warning: Treating undriven bit /Users/yoyowang/Desktop/benchmark/max.aig.\in1[18] like $anyseq.
Warning: Treating undriven bit /Users/yoyowang/Desktop/benchmark/max.aig.\in1[19] like $anyseq.
Warning: Treating undriven bit /Users/yoyowang/Desktop/benchmark/max.aig.\in1[20] like $anyseq.
Warning: Treating undriven bit /Users/yoyowang/Desktop/benchmark/max.aig.\in1[21] like $anyseq.
Warning: Treating undriven bit /Users/yoyowang/Desktop/benchmark/max.aig.\in1[22] like $anyseq.
Warning: Treating undriven bit /Users/yoyowang/Desktop/benchmark/max.aig.\in1[23] like $anyseq.
Warning: Treating undriven bit /Users/yoyowang/Desktop/benchmark/max.aig.\in1[24] like $anyseq.
Warning: Treating undriven bit /Users/yoyowang/Desktop/benchmark/max.aig.\in1[25] like $anyseq.
Warning: Treating undriven bit /Users/yoyowang/Desktop/benchmark/max.aig.\in1[26] like $anyseq.
Warning: Treating undriven bit /Users/yoyowang/Desktop/benchmark/max.aig.\in1[27] like $anyseq.
Warning: Treating undriven bit /Users/yoyowang/Desktop/benchmark/max.aig.\in1[28] like $anyseq.
Warning: Treating undriven bit /Users/yoyowang/Desktop/benchmark/max.aig.\in1[29] like $anyseq.
Warning: Treating undriven bit /Users/yoyowang/Desktop/benchmark/max.aig.\in1[30] like $anyseq.
Warning: Treating undriven bit /Users/yoyowang/Desktop/benchmark/max.aig.\in1[31] like $anyseq.
Warning: Treating undriven bit /Users/yoyowang/Desktop/benchmark/max.aig.\in1[32] like $anyseq.
Warning: Treating undriven bit /Users/yoyowang/Desktop/benchmark/max.aig.\in1[33] like $anyseq.
Warning: Treating undriven bit /Users/yoyowang/Desktop/benchmark/max.aig.\in1[34] like $anyseq.
Warning: Treating undriven bit /Users/yoyowang/Desktop/benchmark/max.aig.\in1[35] like $anyseq.
Warning: Treating undriven bit /Users/yoyowang/Desktop/benchmark/max.aig.\in1[36] like $anyseq.
Warning: Treating undriven bit /Users/yoyowang/Desktop/benchmark/max.aig.\in1[37] like $anyseq.
Warning: Treating undriven bit /Users/yoyowang/Desktop/benchmark/max.aig.\in1[38] like $anyseq.
Warning: Treating undriven bit /Users/yoyowang/Desktop/benchmark/max.aig.\in1[39] like $anyseq.
Warning: Treating undriven bit /Users/yoyowang/Desktop/benchmark/max.aig.\in1[40] like $anyseq.
Warning: Treating undriven bit /Users/yoyowang/Desktop/benchmark/max.aig.\in1[41] like $anyseq.
Warning: Treating undriven bit /Users/yoyowang/Desktop/benchmark/max.aig.\in1[42] like $anyseq.
Warning: Treating undriven bit /Users/yoyowang/Desktop/benchmark/max.aig.\in1[43] like $anyseq.
Warning: Treating undriven bit /Users/yoyowang/Desktop/benchmark/max.aig.\in1[44] like $anyseq.
Warning: Treating undriven bit /Users/yoyowang/Desktop/benchmark/max.aig.\in1[45] like $anyseq.
Warning: Treating undriven bit /Users/yoyowang/Desktop/benchmark/max.aig.\in1[46] like $anyseq.
Warning: Treating undriven bit /Users/yoyowang/Desktop/benchmark/max.aig.\in1[47] like $anyseq.
Warning: Treating undriven bit /Users/yoyowang/Desktop/benchmark/max.aig.\in1[48] like $anyseq.
Warning: Treating undriven bit /Users/yoyowang/Desktop/benchmark/max.aig.\in1[49] like $anyseq.
Warning: Treating undriven bit /Users/yoyowang/Desktop/benchmark/max.aig.\in1[50] like $anyseq.
Warning: Treating undriven bit /Users/yoyowang/Desktop/benchmark/max.aig.\in1[51] like $anyseq.
Warning: Treating undriven bit /Users/yoyowang/Desktop/benchmark/max.aig.\in1[52] like $anyseq.
Warning: Treating undriven bit /Users/yoyowang/Desktop/benchmark/max.aig.\in1[53] like $anyseq.
Warning: Treating undriven bit /Users/yoyowang/Desktop/benchmark/max.aig.\in1[54] like $anyseq.
Warning: Treating undriven bit /Users/yoyowang/Desktop/benchmark/max.aig.\in1[55] like $anyseq.
Warning: Treating undriven bit /Users/yoyowang/Desktop/benchmark/max.aig.\in1[56] like $anyseq.
Warning: Treating undriven bit /Users/yoyowang/Desktop/benchmark/max.aig.\in1[57] like $anyseq.
Warning: Treating undriven bit /Users/yoyowang/Desktop/benchmark/max.aig.\in1[58] like $anyseq.
Warning: Treating undriven bit /Users/yoyowang/Desktop/benchmark/max.aig.\in1[59] like $anyseq.
Warning: Treating undriven bit /Users/yoyowang/Desktop/benchmark/max.aig.\in1[60] like $anyseq.
Warning: Treating undriven bit /Users/yoyowang/Desktop/benchmark/max.aig.\in1[61] like $anyseq.
Warning: Treating undriven bit /Users/yoyowang/Desktop/benchmark/max.aig.\in1[62] like $anyseq.
Warning: Treating undriven bit /Users/yoyowang/Desktop/benchmark/max.aig.\in1[63] like $anyseq.
Warning: Treating undriven bit /Users/yoyowang/Desktop/benchmark/max.aig.\in1[64] like $anyseq.
Warning: Treating undriven bit /Users/yoyowang/Desktop/benchmark/max.aig.\in1[65] like $anyseq.
Warning: Treating undriven bit /Users/yoyowang/Desktop/benchmark/max.aig.\in1[66] like $anyseq.
Warning: Treating undriven bit /Users/yoyowang/Desktop/benchmark/max.aig.\in1[67] like $anyseq.
Warning: Treating undriven bit /Users/yoyowang/Desktop/benchmark/max.aig.\in1[68] like $anyseq.
Warning: Treating undriven bit /Users/yoyowang/Desktop/benchmark/max.aig.\in1[69] like $anyseq.
Warning: Treating undriven bit /Users/yoyowang/Desktop/benchmark/max.aig.\in1[70] like $anyseq.
Warning: Treating undriven bit /Users/yoyowang/Desktop/benchmark/max.aig.\in1[71] like $anyseq.
Warning: Treating undriven bit /Users/yoyowang/Desktop/benchmark/max.aig.\in1[72] like $anyseq.
Warning: Treating undriven bit /Users/yoyowang/Desktop/benchmark/max.aig.\in1[73] like $anyseq.
Warning: Treating undriven bit /Users/yoyowang/Desktop/benchmark/max.aig.\in1[74] like $anyseq.
Warning: Treating undriven bit /Users/yoyowang/Desktop/benchmark/max.aig.\in1[75] like $anyseq.
Warning: Treating undriven bit /Users/yoyowang/Desktop/benchmark/max.aig.\in1[76] like $anyseq.
Warning: Treating undriven bit /Users/yoyowang/Desktop/benchmark/max.aig.\in1[77] like $anyseq.
Warning: Treating undriven bit /Users/yoyowang/Desktop/benchmark/max.aig.\in1[78] like $anyseq.
Warning: Treating undriven bit /Users/yoyowang/Desktop/benchmark/max.aig.\in1[79] like $anyseq.
Warning: Treating undriven bit /Users/yoyowang/Desktop/benchmark/max.aig.\in1[80] like $anyseq.
Warning: Treating undriven bit /Users/yoyowang/Desktop/benchmark/max.aig.\in1[81] like $anyseq.
Warning: Treating undriven bit /Users/yoyowang/Desktop/benchmark/max.aig.\in1[82] like $anyseq.
Warning: Treating undriven bit /Users/yoyowang/Desktop/benchmark/max.aig.\in1[83] like $anyseq.
Warning: Treating undriven bit /Users/yoyowang/Desktop/benchmark/max.aig.\in1[84] like $anyseq.
Warning: Treating undriven bit /Users/yoyowang/Desktop/benchmark/max.aig.\in1[85] like $anyseq.
Warning: Treating undriven bit /Users/yoyowang/Desktop/benchmark/max.aig.\in1[86] like $anyseq.
Warning: Treating undriven bit /Users/yoyowang/Desktop/benchmark/max.aig.\in1[87] like $anyseq.
Warning: Treating undriven bit /Users/yoyowang/Desktop/benchmark/max.aig.\in1[88] like $anyseq.
Warning: Treating undriven bit /Users/yoyowang/Desktop/benchmark/max.aig.\in1[89] like $anyseq.
Warning: Treating undriven bit /Users/yoyowang/Desktop/benchmark/max.aig.\in1[90] like $anyseq.
Warning: Treating undriven bit /Users/yoyowang/Desktop/benchmark/max.aig.\in1[91] like $anyseq.
Warning: Treating undriven bit /Users/yoyowang/Desktop/benchmark/max.aig.\in1[92] like $anyseq.
Warning: Treating undriven bit /Users/yoyowang/Desktop/benchmark/max.aig.\in1[93] like $anyseq.
Warning: Treating undriven bit /Users/yoyowang/Desktop/benchmark/max.aig.\in1[94] like $anyseq.
Warning: Treating undriven bit /Users/yoyowang/Desktop/benchmark/max.aig.\in1[95] like $anyseq.
Warning: Treating undriven bit /Users/yoyowang/Desktop/benchmark/max.aig.\in1[96] like $anyseq.
Warning: Treating undriven bit /Users/yoyowang/Desktop/benchmark/max.aig.\in1[97] like $anyseq.
Warning: Treating undriven bit /Users/yoyowang/Desktop/benchmark/max.aig.\in1[98] like $anyseq.
Warning: Treating undriven bit /Users/yoyowang/Desktop/benchmark/max.aig.\in1[99] like $anyseq.
Warning: Treating undriven bit /Users/yoyowang/Desktop/benchmark/max.aig.\in1[100] like $anyseq.
Warning: Treating undriven bit /Users/yoyowang/Desktop/benchmark/max.aig.\in1[101] like $anyseq.
Warning: Treating undriven bit /Users/yoyowang/Desktop/benchmark/max.aig.\in1[102] like $anyseq.
Warning: Treating undriven bit /Users/yoyowang/Desktop/benchmark/max.aig.\in1[103] like $anyseq.
Warning: Treating undriven bit /Users/yoyowang/Desktop/benchmark/max.aig.\in1[104] like $anyseq.
Warning: Treating undriven bit /Users/yoyowang/Desktop/benchmark/max.aig.\in1[105] like $anyseq.
Warning: Treating undriven bit /Users/yoyowang/Desktop/benchmark/max.aig.\in1[106] like $anyseq.
Warning: Treating undriven bit /Users/yoyowang/Desktop/benchmark/max.aig.\in1[107] like $anyseq.
Warning: Treating undriven bit /Users/yoyowang/Desktop/benchmark/max.aig.\in1[108] like $anyseq.
Warning: Treating undriven bit /Users/yoyowang/Desktop/benchmark/max.aig.\in1[109] like $anyseq.
Warning: Treating undriven bit /Users/yoyowang/Desktop/benchmark/max.aig.\in1[110] like $anyseq.
Warning: Treating undriven bit /Users/yoyowang/Desktop/benchmark/max.aig.\in1[111] like $anyseq.
Warning: Treating undriven bit /Users/yoyowang/Desktop/benchmark/max.aig.\in1[112] like $anyseq.
Warning: Treating undriven bit /Users/yoyowang/Desktop/benchmark/max.aig.\in1[113] like $anyseq.
Warning: Treating undriven bit /Users/yoyowang/Desktop/benchmark/max.aig.\in1[114] like $anyseq.
Warning: Treating undriven bit /Users/yoyowang/Desktop/benchmark/max.aig.\in1[115] like $anyseq.
Warning: Treating undriven bit /Users/yoyowang/Desktop/benchmark/max.aig.\in1[116] like $anyseq.
Warning: Treating undriven bit /Users/yoyowang/Desktop/benchmark/max.aig.\in1[117] like $anyseq.
Warning: Treating undriven bit /Users/yoyowang/Desktop/benchmark/max.aig.\in1[118] like $anyseq.
Warning: Treating undriven bit /Users/yoyowang/Desktop/benchmark/max.aig.\in1[119] like $anyseq.
Warning: Treating undriven bit /Users/yoyowang/Desktop/benchmark/max.aig.\in1[120] like $anyseq.
Warning: Treating undriven bit /Users/yoyowang/Desktop/benchmark/max.aig.\in1[121] like $anyseq.
Warning: Treating undriven bit /Users/yoyowang/Desktop/benchmark/max.aig.\in1[122] like $anyseq.
Warning: Treating undriven bit /Users/yoyowang/Desktop/benchmark/max.aig.\in1[123] like $anyseq.
Warning: Treating undriven bit /Users/yoyowang/Desktop/benchmark/max.aig.\in1[124] like $anyseq.
Warning: Treating undriven bit /Users/yoyowang/Desktop/benchmark/max.aig.\in1[125] like $anyseq.
Warning: Treating undriven bit /Users/yoyowang/Desktop/benchmark/max.aig.\in1[126] like $anyseq.
Warning: Treating undriven bit /Users/yoyowang/Desktop/benchmark/max.aig.\in1[127] like $anyseq.
Warning: Treating undriven bit /Users/yoyowang/Desktop/benchmark/max.aig.\in2[0] like $anyseq.
Warning: Treating undriven bit /Users/yoyowang/Desktop/benchmark/max.aig.\in2[1] like $anyseq.
Warning: Treating undriven bit /Users/yoyowang/Desktop/benchmark/max.aig.\in2[2] like $anyseq.
Warning: Treating undriven bit /Users/yoyowang/Desktop/benchmark/max.aig.\in2[3] like $anyseq.
Warning: Treating undriven bit /Users/yoyowang/Desktop/benchmark/max.aig.\in2[4] like $anyseq.
Warning: Treating undriven bit /Users/yoyowang/Desktop/benchmark/max.aig.\in2[5] like $anyseq.
Warning: Treating undriven bit /Users/yoyowang/Desktop/benchmark/max.aig.\in2[6] like $anyseq.
Warning: Treating undriven bit /Users/yoyowang/Desktop/benchmark/max.aig.\in2[7] like $anyseq.
Warning: Treating undriven bit /Users/yoyowang/Desktop/benchmark/max.aig.\in2[8] like $anyseq.
Warning: Treating undriven bit /Users/yoyowang/Desktop/benchmark/max.aig.\in2[9] like $anyseq.
Warning: Treating undriven bit /Users/yoyowang/Desktop/benchmark/max.aig.\in2[10] like $anyseq.
Warning: Treating undriven bit /Users/yoyowang/Desktop/benchmark/max.aig.\in2[11] like $anyseq.
Warning: Treating undriven bit /Users/yoyowang/Desktop/benchmark/max.aig.\in2[12] like $anyseq.
Warning: Treating undriven bit /Users/yoyowang/Desktop/benchmark/max.aig.\in2[13] like $anyseq.
Warning: Treating undriven bit /Users/yoyowang/Desktop/benchmark/max.aig.\in2[14] like $anyseq.
Warning: Treating undriven bit /Users/yoyowang/Desktop/benchmark/max.aig.\in2[15] like $anyseq.
Warning: Treating undriven bit /Users/yoyowang/Desktop/benchmark/max.aig.\in2[16] like $anyseq.
Warning: Treating undriven bit /Users/yoyowang/Desktop/benchmark/max.aig.\in2[17] like $anyseq.
Warning: Treating undriven bit /Users/yoyowang/Desktop/benchmark/max.aig.\in2[18] like $anyseq.
Warning: Treating undriven bit /Users/yoyowang/Desktop/benchmark/max.aig.\in2[19] like $anyseq.
Warning: Treating undriven bit /Users/yoyowang/Desktop/benchmark/max.aig.\in2[20] like $anyseq.
Warning: Treating undriven bit /Users/yoyowang/Desktop/benchmark/max.aig.\in2[21] like $anyseq.
Warning: Treating undriven bit /Users/yoyowang/Desktop/benchmark/max.aig.\in2[22] like $anyseq.
Warning: Treating undriven bit /Users/yoyowang/Desktop/benchmark/max.aig.\in2[23] like $anyseq.
Warning: Treating undriven bit /Users/yoyowang/Desktop/benchmark/max.aig.\in2[24] like $anyseq.
Warning: Treating undriven bit /Users/yoyowang/Desktop/benchmark/max.aig.\in2[25] like $anyseq.
Warning: Treating undriven bit /Users/yoyowang/Desktop/benchmark/max.aig.\in2[26] like $anyseq.
Warning: Treating undriven bit /Users/yoyowang/Desktop/benchmark/max.aig.\in2[27] like $anyseq.
Warning: Treating undriven bit /Users/yoyowang/Desktop/benchmark/max.aig.\in2[28] like $anyseq.
Warning: Treating undriven bit /Users/yoyowang/Desktop/benchmark/max.aig.\in2[29] like $anyseq.
Warning: Treating undriven bit /Users/yoyowang/Desktop/benchmark/max.aig.\in2[30] like $anyseq.
Warning: Treating undriven bit /Users/yoyowang/Desktop/benchmark/max.aig.\in2[31] like $anyseq.
Warning: Treating undriven bit /Users/yoyowang/Desktop/benchmark/max.aig.\in2[32] like $anyseq.
Warning: Treating undriven bit /Users/yoyowang/Desktop/benchmark/max.aig.\in2[33] like $anyseq.
Warning: Treating undriven bit /Users/yoyowang/Desktop/benchmark/max.aig.\in2[34] like $anyseq.
Warning: Treating undriven bit /Users/yoyowang/Desktop/benchmark/max.aig.\in2[35] like $anyseq.
Warning: Treating undriven bit /Users/yoyowang/Desktop/benchmark/max.aig.\in2[36] like $anyseq.
Warning: Treating undriven bit /Users/yoyowang/Desktop/benchmark/max.aig.\in2[37] like $anyseq.
Warning: Treating undriven bit /Users/yoyowang/Desktop/benchmark/max.aig.\in2[38] like $anyseq.
Warning: Treating undriven bit /Users/yoyowang/Desktop/benchmark/max.aig.\in2[39] like $anyseq.
Warning: Treating undriven bit /Users/yoyowang/Desktop/benchmark/max.aig.\in2[40] like $anyseq.
Warning: Treating undriven bit /Users/yoyowang/Desktop/benchmark/max.aig.\in2[41] like $anyseq.
Warning: Treating undriven bit /Users/yoyowang/Desktop/benchmark/max.aig.\in2[42] like $anyseq.
Warning: Treating undriven bit /Users/yoyowang/Desktop/benchmark/max.aig.\in2[43] like $anyseq.
Warning: Treating undriven bit /Users/yoyowang/Desktop/benchmark/max.aig.\in2[44] like $anyseq.
Warning: Treating undriven bit /Users/yoyowang/Desktop/benchmark/max.aig.\in2[45] like $anyseq.
Warning: Treating undriven bit /Users/yoyowang/Desktop/benchmark/max.aig.\in2[46] like $anyseq.
Warning: Treating undriven bit /Users/yoyowang/Desktop/benchmark/max.aig.\in2[47] like $anyseq.
Warning: Treating undriven bit /Users/yoyowang/Desktop/benchmark/max.aig.\in2[48] like $anyseq.
Warning: Treating undriven bit /Users/yoyowang/Desktop/benchmark/max.aig.\in2[49] like $anyseq.
Warning: Treating undriven bit /Users/yoyowang/Desktop/benchmark/max.aig.\in2[50] like $anyseq.
Warning: Treating undriven bit /Users/yoyowang/Desktop/benchmark/max.aig.\in2[51] like $anyseq.
Warning: Treating undriven bit /Users/yoyowang/Desktop/benchmark/max.aig.\in2[52] like $anyseq.
Warning: Treating undriven bit /Users/yoyowang/Desktop/benchmark/max.aig.\in2[53] like $anyseq.
Warning: Treating undriven bit /Users/yoyowang/Desktop/benchmark/max.aig.\in2[54] like $anyseq.
Warning: Treating undriven bit /Users/yoyowang/Desktop/benchmark/max.aig.\in2[55] like $anyseq.
Warning: Treating undriven bit /Users/yoyowang/Desktop/benchmark/max.aig.\in2[56] like $anyseq.
Warning: Treating undriven bit /Users/yoyowang/Desktop/benchmark/max.aig.\in2[57] like $anyseq.
Warning: Treating undriven bit /Users/yoyowang/Desktop/benchmark/max.aig.\in2[58] like $anyseq.
Warning: Treating undriven bit /Users/yoyowang/Desktop/benchmark/max.aig.\in2[59] like $anyseq.
Warning: Treating undriven bit /Users/yoyowang/Desktop/benchmark/max.aig.\in2[60] like $anyseq.
Warning: Treating undriven bit /Users/yoyowang/Desktop/benchmark/max.aig.\in2[61] like $anyseq.
Warning: Treating undriven bit /Users/yoyowang/Desktop/benchmark/max.aig.\in2[62] like $anyseq.
Warning: Treating undriven bit /Users/yoyowang/Desktop/benchmark/max.aig.\in2[63] like $anyseq.
Warning: Treating undriven bit /Users/yoyowang/Desktop/benchmark/max.aig.\in2[64] like $anyseq.
Warning: Treating undriven bit /Users/yoyowang/Desktop/benchmark/max.aig.\in2[65] like $anyseq.
Warning: Treating undriven bit /Users/yoyowang/Desktop/benchmark/max.aig.\in2[66] like $anyseq.
Warning: Treating undriven bit /Users/yoyowang/Desktop/benchmark/max.aig.\in2[67] like $anyseq.
Warning: Treating undriven bit /Users/yoyowang/Desktop/benchmark/max.aig.\in2[68] like $anyseq.
Warning: Treating undriven bit /Users/yoyowang/Desktop/benchmark/max.aig.\in2[69] like $anyseq.
Warning: Treating undriven bit /Users/yoyowang/Desktop/benchmark/max.aig.\in2[70] like $anyseq.
Warning: Treating undriven bit /Users/yoyowang/Desktop/benchmark/max.aig.\in2[71] like $anyseq.
Warning: Treating undriven bit /Users/yoyowang/Desktop/benchmark/max.aig.\in2[72] like $anyseq.
Warning: Treating undriven bit /Users/yoyowang/Desktop/benchmark/max.aig.\in2[73] like $anyseq.
Warning: Treating undriven bit /Users/yoyowang/Desktop/benchmark/max.aig.\in2[74] like $anyseq.
Warning: Treating undriven bit /Users/yoyowang/Desktop/benchmark/max.aig.\in2[75] like $anyseq.
Warning: Treating undriven bit /Users/yoyowang/Desktop/benchmark/max.aig.\in2[76] like $anyseq.
Warning: Treating undriven bit /Users/yoyowang/Desktop/benchmark/max.aig.\in2[77] like $anyseq.
Warning: Treating undriven bit /Users/yoyowang/Desktop/benchmark/max.aig.\in2[78] like $anyseq.
Warning: Treating undriven bit /Users/yoyowang/Desktop/benchmark/max.aig.\in2[79] like $anyseq.
Warning: Treating undriven bit /Users/yoyowang/Desktop/benchmark/max.aig.\in2[80] like $anyseq.
Warning: Treating undriven bit /Users/yoyowang/Desktop/benchmark/max.aig.\in2[81] like $anyseq.
Warning: Treating undriven bit /Users/yoyowang/Desktop/benchmark/max.aig.\in2[82] like $anyseq.
Warning: Treating undriven bit /Users/yoyowang/Desktop/benchmark/max.aig.\in2[83] like $anyseq.
Warning: Treating undriven bit /Users/yoyowang/Desktop/benchmark/max.aig.\in2[84] like $anyseq.
Warning: Treating undriven bit /Users/yoyowang/Desktop/benchmark/max.aig.\in2[85] like $anyseq.
Warning: Treating undriven bit /Users/yoyowang/Desktop/benchmark/max.aig.\in2[86] like $anyseq.
Warning: Treating undriven bit /Users/yoyowang/Desktop/benchmark/max.aig.\in2[87] like $anyseq.
Warning: Treating undriven bit /Users/yoyowang/Desktop/benchmark/max.aig.\in2[88] like $anyseq.
Warning: Treating undriven bit /Users/yoyowang/Desktop/benchmark/max.aig.\in2[89] like $anyseq.
Warning: Treating undriven bit /Users/yoyowang/Desktop/benchmark/max.aig.\in2[90] like $anyseq.
Warning: Treating undriven bit /Users/yoyowang/Desktop/benchmark/max.aig.\in2[91] like $anyseq.
Warning: Treating undriven bit /Users/yoyowang/Desktop/benchmark/max.aig.\in2[92] like $anyseq.
Warning: Treating undriven bit /Users/yoyowang/Desktop/benchmark/max.aig.\in2[93] like $anyseq.
Warning: Treating undriven bit /Users/yoyowang/Desktop/benchmark/max.aig.\in2[94] like $anyseq.
Warning: Treating undriven bit /Users/yoyowang/Desktop/benchmark/max.aig.\in2[95] like $anyseq.
Warning: Treating undriven bit /Users/yoyowang/Desktop/benchmark/max.aig.\in2[96] like $anyseq.
Warning: Treating undriven bit /Users/yoyowang/Desktop/benchmark/max.aig.\in2[97] like $anyseq.
Warning: Treating undriven bit /Users/yoyowang/Desktop/benchmark/max.aig.\in2[98] like $anyseq.
Warning: Treating undriven bit /Users/yoyowang/Desktop/benchmark/max.aig.\in2[99] like $anyseq.
Warning: Treating undriven bit /Users/yoyowang/Desktop/benchmark/max.aig.\in2[100] like $anyseq.
Warning: Treating undriven bit /Users/yoyowang/Desktop/benchmark/max.aig.\in2[101] like $anyseq.
Warning: Treating undriven bit /Users/yoyowang/Desktop/benchmark/max.aig.\in2[102] like $anyseq.
Warning: Treating undriven bit /Users/yoyowang/Desktop/benchmark/max.aig.\in2[103] like $anyseq.
Warning: Treating undriven bit /Users/yoyowang/Desktop/benchmark/max.aig.\in2[104] like $anyseq.
Warning: Treating undriven bit /Users/yoyowang/Desktop/benchmark/max.aig.\in2[105] like $anyseq.
Warning: Treating undriven bit /Users/yoyowang/Desktop/benchmark/max.aig.\in2[106] like $anyseq.
Warning: Treating undriven bit /Users/yoyowang/Desktop/benchmark/max.aig.\in2[107] like $anyseq.
Warning: Treating undriven bit /Users/yoyowang/Desktop/benchmark/max.aig.\in2[108] like $anyseq.
Warning: Treating undriven bit /Users/yoyowang/Desktop/benchmark/max.aig.\in2[109] like $anyseq.
Warning: Treating undriven bit /Users/yoyowang/Desktop/benchmark/max.aig.\in2[110] like $anyseq.
Warning: Treating undriven bit /Users/yoyowang/Desktop/benchmark/max.aig.\in2[111] like $anyseq.
Warning: Treating undriven bit /Users/yoyowang/Desktop/benchmark/max.aig.\in2[112] like $anyseq.
Warning: Treating undriven bit /Users/yoyowang/Desktop/benchmark/max.aig.\in2[113] like $anyseq.
Warning: Treating undriven bit /Users/yoyowang/Desktop/benchmark/max.aig.\in2[114] like $anyseq.
Warning: Treating undriven bit /Users/yoyowang/Desktop/benchmark/max.aig.\in2[115] like $anyseq.
Warning: Treating undriven bit /Users/yoyowang/Desktop/benchmark/max.aig.\in2[116] like $anyseq.
Warning: Treating undriven bit /Users/yoyowang/Desktop/benchmark/max.aig.\in2[117] like $anyseq.
Warning: Treating undriven bit /Users/yoyowang/Desktop/benchmark/max.aig.\in2[118] like $anyseq.
Warning: Treating undriven bit /Users/yoyowang/Desktop/benchmark/max.aig.\in2[119] like $anyseq.
Warning: Treating undriven bit /Users/yoyowang/Desktop/benchmark/max.aig.\in2[120] like $anyseq.
Warning: Treating undriven bit /Users/yoyowang/Desktop/benchmark/max.aig.\in2[121] like $anyseq.
Warning: Treating undriven bit /Users/yoyowang/Desktop/benchmark/max.aig.\in2[122] like $anyseq.
Warning: Treating undriven bit /Users/yoyowang/Desktop/benchmark/max.aig.\in2[123] like $anyseq.
Warning: Treating undriven bit /Users/yoyowang/Desktop/benchmark/max.aig.\in2[124] like $anyseq.
Warning: Treating undriven bit /Users/yoyowang/Desktop/benchmark/max.aig.\in2[125] like $anyseq.
Warning: Treating undriven bit /Users/yoyowang/Desktop/benchmark/max.aig.\in2[126] like $anyseq.
Warning: Treating undriven bit /Users/yoyowang/Desktop/benchmark/max.aig.\in2[127] like $anyseq.
Warning: Treating undriven bit /Users/yoyowang/Desktop/benchmark/max.aig.\in3[0] like $anyseq.
Warning: Treating undriven bit /Users/yoyowang/Desktop/benchmark/max.aig.\in3[1] like $anyseq.
Warning: Treating undriven bit /Users/yoyowang/Desktop/benchmark/max.aig.\in3[2] like $anyseq.
Warning: Treating undriven bit /Users/yoyowang/Desktop/benchmark/max.aig.\in3[3] like $anyseq.
Warning: Treating undriven bit /Users/yoyowang/Desktop/benchmark/max.aig.\in3[4] like $anyseq.
Warning: Treating undriven bit /Users/yoyowang/Desktop/benchmark/max.aig.\in3[5] like $anyseq.
Warning: Treating undriven bit /Users/yoyowang/Desktop/benchmark/max.aig.\in3[6] like $anyseq.
Warning: Treating undriven bit /Users/yoyowang/Desktop/benchmark/max.aig.\in3[7] like $anyseq.
Warning: Treating undriven bit /Users/yoyowang/Desktop/benchmark/max.aig.\in3[8] like $anyseq.
Warning: Treating undriven bit /Users/yoyowang/Desktop/benchmark/max.aig.\in3[9] like $anyseq.
Warning: Treating undriven bit /Users/yoyowang/Desktop/benchmark/max.aig.\in3[10] like $anyseq.
Warning: Treating undriven bit /Users/yoyowang/Desktop/benchmark/max.aig.\in3[11] like $anyseq.
Warning: Treating undriven bit /Users/yoyowang/Desktop/benchmark/max.aig.\in3[12] like $anyseq.
Warning: Treating undriven bit /Users/yoyowang/Desktop/benchmark/max.aig.\in3[13] like $anyseq.
Warning: Treating undriven bit /Users/yoyowang/Desktop/benchmark/max.aig.\in3[14] like $anyseq.
Warning: Treating undriven bit /Users/yoyowang/Desktop/benchmark/max.aig.\in3[15] like $anyseq.
Warning: Treating undriven bit /Users/yoyowang/Desktop/benchmark/max.aig.\in3[16] like $anyseq.
Warning: Treating undriven bit /Users/yoyowang/Desktop/benchmark/max.aig.\in3[17] like $anyseq.
Warning: Treating undriven bit /Users/yoyowang/Desktop/benchmark/max.aig.\in3[18] like $anyseq.
Warning: Treating undriven bit /Users/yoyowang/Desktop/benchmark/max.aig.\in3[19] like $anyseq.
Warning: Treating undriven bit /Users/yoyowang/Desktop/benchmark/max.aig.\in3[20] like $anyseq.
Warning: Treating undriven bit /Users/yoyowang/Desktop/benchmark/max.aig.\in3[21] like $anyseq.
Warning: Treating undriven bit /Users/yoyowang/Desktop/benchmark/max.aig.\in3[22] like $anyseq.
Warning: Treating undriven bit /Users/yoyowang/Desktop/benchmark/max.aig.\in3[23] like $anyseq.
Warning: Treating undriven bit /Users/yoyowang/Desktop/benchmark/max.aig.\in3[24] like $anyseq.
Warning: Treating undriven bit /Users/yoyowang/Desktop/benchmark/max.aig.\in3[25] like $anyseq.
Warning: Treating undriven bit /Users/yoyowang/Desktop/benchmark/max.aig.\in3[26] like $anyseq.
Warning: Treating undriven bit /Users/yoyowang/Desktop/benchmark/max.aig.\in3[27] like $anyseq.
Warning: Treating undriven bit /Users/yoyowang/Desktop/benchmark/max.aig.\in3[28] like $anyseq.
Warning: Treating undriven bit /Users/yoyowang/Desktop/benchmark/max.aig.\in3[29] like $anyseq.
Warning: Treating undriven bit /Users/yoyowang/Desktop/benchmark/max.aig.\in3[30] like $anyseq.
Warning: Treating undriven bit /Users/yoyowang/Desktop/benchmark/max.aig.\in3[31] like $anyseq.
Warning: Treating undriven bit /Users/yoyowang/Desktop/benchmark/max.aig.\in3[32] like $anyseq.
Warning: Treating undriven bit /Users/yoyowang/Desktop/benchmark/max.aig.\in3[33] like $anyseq.
Warning: Treating undriven bit /Users/yoyowang/Desktop/benchmark/max.aig.\in3[34] like $anyseq.
Warning: Treating undriven bit /Users/yoyowang/Desktop/benchmark/max.aig.\in3[35] like $anyseq.
Warning: Treating undriven bit /Users/yoyowang/Desktop/benchmark/max.aig.\in3[36] like $anyseq.
Warning: Treating undriven bit /Users/yoyowang/Desktop/benchmark/max.aig.\in3[37] like $anyseq.
Warning: Treating undriven bit /Users/yoyowang/Desktop/benchmark/max.aig.\in3[38] like $anyseq.
Warning: Treating undriven bit /Users/yoyowang/Desktop/benchmark/max.aig.\in3[39] like $anyseq.
Warning: Treating undriven bit /Users/yoyowang/Desktop/benchmark/max.aig.\in3[40] like $anyseq.
Warning: Treating undriven bit /Users/yoyowang/Desktop/benchmark/max.aig.\in3[41] like $anyseq.
Warning: Treating undriven bit /Users/yoyowang/Desktop/benchmark/max.aig.\in3[42] like $anyseq.
Warning: Treating undriven bit /Users/yoyowang/Desktop/benchmark/max.aig.\in3[43] like $anyseq.
Warning: Treating undriven bit /Users/yoyowang/Desktop/benchmark/max.aig.\in3[44] like $anyseq.
Warning: Treating undriven bit /Users/yoyowang/Desktop/benchmark/max.aig.\in3[45] like $anyseq.
Warning: Treating undriven bit /Users/yoyowang/Desktop/benchmark/max.aig.\in3[46] like $anyseq.
Warning: Treating undriven bit /Users/yoyowang/Desktop/benchmark/max.aig.\in3[47] like $anyseq.
Warning: Treating undriven bit /Users/yoyowang/Desktop/benchmark/max.aig.\in3[48] like $anyseq.
Warning: Treating undriven bit /Users/yoyowang/Desktop/benchmark/max.aig.\in3[49] like $anyseq.
Warning: Treating undriven bit /Users/yoyowang/Desktop/benchmark/max.aig.\in3[50] like $anyseq.
Warning: Treating undriven bit /Users/yoyowang/Desktop/benchmark/max.aig.\in3[51] like $anyseq.
Warning: Treating undriven bit /Users/yoyowang/Desktop/benchmark/max.aig.\in3[52] like $anyseq.
Warning: Treating undriven bit /Users/yoyowang/Desktop/benchmark/max.aig.\in3[53] like $anyseq.
Warning: Treating undriven bit /Users/yoyowang/Desktop/benchmark/max.aig.\in3[54] like $anyseq.
Warning: Treating undriven bit /Users/yoyowang/Desktop/benchmark/max.aig.\in3[55] like $anyseq.
Warning: Treating undriven bit /Users/yoyowang/Desktop/benchmark/max.aig.\in3[56] like $anyseq.
Warning: Treating undriven bit /Users/yoyowang/Desktop/benchmark/max.aig.\in3[57] like $anyseq.
Warning: Treating undriven bit /Users/yoyowang/Desktop/benchmark/max.aig.\in3[58] like $anyseq.
Warning: Treating undriven bit /Users/yoyowang/Desktop/benchmark/max.aig.\in3[59] like $anyseq.
Warning: Treating undriven bit /Users/yoyowang/Desktop/benchmark/max.aig.\in3[60] like $anyseq.
Warning: Treating undriven bit /Users/yoyowang/Desktop/benchmark/max.aig.\in3[61] like $anyseq.
Warning: Treating undriven bit /Users/yoyowang/Desktop/benchmark/max.aig.\in3[62] like $anyseq.
Warning: Treating undriven bit /Users/yoyowang/Desktop/benchmark/max.aig.\in3[63] like $anyseq.
Warning: Treating undriven bit /Users/yoyowang/Desktop/benchmark/max.aig.\in3[64] like $anyseq.
Warning: Treating undriven bit /Users/yoyowang/Desktop/benchmark/max.aig.\in3[65] like $anyseq.
Warning: Treating undriven bit /Users/yoyowang/Desktop/benchmark/max.aig.\in3[66] like $anyseq.
Warning: Treating undriven bit /Users/yoyowang/Desktop/benchmark/max.aig.\in3[67] like $anyseq.
Warning: Treating undriven bit /Users/yoyowang/Desktop/benchmark/max.aig.\in3[68] like $anyseq.
Warning: Treating undriven bit /Users/yoyowang/Desktop/benchmark/max.aig.\in3[69] like $anyseq.
Warning: Treating undriven bit /Users/yoyowang/Desktop/benchmark/max.aig.\in3[70] like $anyseq.
Warning: Treating undriven bit /Users/yoyowang/Desktop/benchmark/max.aig.\in3[71] like $anyseq.
Warning: Treating undriven bit /Users/yoyowang/Desktop/benchmark/max.aig.\in3[72] like $anyseq.
Warning: Treating undriven bit /Users/yoyowang/Desktop/benchmark/max.aig.\in3[73] like $anyseq.
Warning: Treating undriven bit /Users/yoyowang/Desktop/benchmark/max.aig.\in3[74] like $anyseq.
Warning: Treating undriven bit /Users/yoyowang/Desktop/benchmark/max.aig.\in3[75] like $anyseq.
Warning: Treating undriven bit /Users/yoyowang/Desktop/benchmark/max.aig.\in3[76] like $anyseq.
Warning: Treating undriven bit /Users/yoyowang/Desktop/benchmark/max.aig.\in3[77] like $anyseq.
Warning: Treating undriven bit /Users/yoyowang/Desktop/benchmark/max.aig.\in3[78] like $anyseq.
Warning: Treating undriven bit /Users/yoyowang/Desktop/benchmark/max.aig.\in3[79] like $anyseq.
Warning: Treating undriven bit /Users/yoyowang/Desktop/benchmark/max.aig.\in3[80] like $anyseq.
Warning: Treating undriven bit /Users/yoyowang/Desktop/benchmark/max.aig.\in3[81] like $anyseq.
Warning: Treating undriven bit /Users/yoyowang/Desktop/benchmark/max.aig.\in3[82] like $anyseq.
Warning: Treating undriven bit /Users/yoyowang/Desktop/benchmark/max.aig.\in3[83] like $anyseq.
Warning: Treating undriven bit /Users/yoyowang/Desktop/benchmark/max.aig.\in3[84] like $anyseq.
Warning: Treating undriven bit /Users/yoyowang/Desktop/benchmark/max.aig.\in3[85] like $anyseq.
Warning: Treating undriven bit /Users/yoyowang/Desktop/benchmark/max.aig.\in3[86] like $anyseq.
Warning: Treating undriven bit /Users/yoyowang/Desktop/benchmark/max.aig.\in3[87] like $anyseq.
Warning: Treating undriven bit /Users/yoyowang/Desktop/benchmark/max.aig.\in3[88] like $anyseq.
Warning: Treating undriven bit /Users/yoyowang/Desktop/benchmark/max.aig.\in3[89] like $anyseq.
Warning: Treating undriven bit /Users/yoyowang/Desktop/benchmark/max.aig.\in3[90] like $anyseq.
Warning: Treating undriven bit /Users/yoyowang/Desktop/benchmark/max.aig.\in3[91] like $anyseq.
Warning: Treating undriven bit /Users/yoyowang/Desktop/benchmark/max.aig.\in3[92] like $anyseq.
Warning: Treating undriven bit /Users/yoyowang/Desktop/benchmark/max.aig.\in3[93] like $anyseq.
Warning: Treating undriven bit /Users/yoyowang/Desktop/benchmark/max.aig.\in3[94] like $anyseq.
Warning: Treating undriven bit /Users/yoyowang/Desktop/benchmark/max.aig.\in3[95] like $anyseq.
Warning: Treating undriven bit /Users/yoyowang/Desktop/benchmark/max.aig.\in3[96] like $anyseq.
Warning: Treating undriven bit /Users/yoyowang/Desktop/benchmark/max.aig.\in3[97] like $anyseq.
Warning: Treating undriven bit /Users/yoyowang/Desktop/benchmark/max.aig.\in3[98] like $anyseq.
Warning: Treating undriven bit /Users/yoyowang/Desktop/benchmark/max.aig.\in3[99] like $anyseq.
Warning: Treating undriven bit /Users/yoyowang/Desktop/benchmark/max.aig.\in3[100] like $anyseq.
Warning: Treating undriven bit /Users/yoyowang/Desktop/benchmark/max.aig.\in3[101] like $anyseq.
Warning: Treating undriven bit /Users/yoyowang/Desktop/benchmark/max.aig.\in3[102] like $anyseq.
Warning: Treating undriven bit /Users/yoyowang/Desktop/benchmark/max.aig.\in3[103] like $anyseq.
Warning: Treating undriven bit /Users/yoyowang/Desktop/benchmark/max.aig.\in3[104] like $anyseq.
Warning: Treating undriven bit /Users/yoyowang/Desktop/benchmark/max.aig.\in3[105] like $anyseq.
Warning: Treating undriven bit /Users/yoyowang/Desktop/benchmark/max.aig.\in3[106] like $anyseq.
Warning: Treating undriven bit /Users/yoyowang/Desktop/benchmark/max.aig.\in3[107] like $anyseq.
Warning: Treating undriven bit /Users/yoyowang/Desktop/benchmark/max.aig.\in3[108] like $anyseq.
Warning: Treating undriven bit /Users/yoyowang/Desktop/benchmark/max.aig.\in3[109] like $anyseq.
Warning: Treating undriven bit /Users/yoyowang/Desktop/benchmark/max.aig.\in3[110] like $anyseq.
Warning: Treating undriven bit /Users/yoyowang/Desktop/benchmark/max.aig.\in3[111] like $anyseq.
Warning: Treating undriven bit /Users/yoyowang/Desktop/benchmark/max.aig.\in3[112] like $anyseq.
Warning: Treating undriven bit /Users/yoyowang/Desktop/benchmark/max.aig.\in3[113] like $anyseq.
Warning: Treating undriven bit /Users/yoyowang/Desktop/benchmark/max.aig.\in3[114] like $anyseq.
Warning: Treating undriven bit /Users/yoyowang/Desktop/benchmark/max.aig.\in3[115] like $anyseq.
Warning: Treating undriven bit /Users/yoyowang/Desktop/benchmark/max.aig.\in3[116] like $anyseq.
Warning: Treating undriven bit /Users/yoyowang/Desktop/benchmark/max.aig.\in3[117] like $anyseq.
Warning: Treating undriven bit /Users/yoyowang/Desktop/benchmark/max.aig.\in3[118] like $anyseq.
Warning: Treating undriven bit /Users/yoyowang/Desktop/benchmark/max.aig.\in3[119] like $anyseq.
Warning: Treating undriven bit /Users/yoyowang/Desktop/benchmark/max.aig.\in3[120] like $anyseq.
Warning: Treating undriven bit /Users/yoyowang/Desktop/benchmark/max.aig.\in3[121] like $anyseq.
Warning: Treating undriven bit /Users/yoyowang/Desktop/benchmark/max.aig.\in3[122] like $anyseq.
Warning: Treating undriven bit /Users/yoyowang/Desktop/benchmark/max.aig.\in3[123] like $anyseq.
Warning: Treating undriven bit /Users/yoyowang/Desktop/benchmark/max.aig.\in3[124] like $anyseq.
Warning: Treating undriven bit /Users/yoyowang/Desktop/benchmark/max.aig.\in3[125] like $anyseq.
Warning: Treating undriven bit /Users/yoyowang/Desktop/benchmark/max.aig.\in3[126] like $anyseq.
Warning: Treating undriven bit /Users/yoyowang/Desktop/benchmark/max.aig.\in3[127] like $anyseq.
Warning: Treating a total of 512 undriven bits in /Users/yoyowang/Desktop/benchmark/max.aig like $anyseq.

Warnings: 513 unique messages, 513 total
End of script. Logfile hash: 2efe48adb8, CPU: user 0.39s system 0.02s, MEM: 88.23 MB peak
Yosys 0.60+64 (git sha1 e3af261e1-dirty, clang++ 17.0.0 -fPIC -O3)
Time spent: 31% 4x opt_expr (0 sec), 21% 3x opt_clean (0 sec), ...
