
 /----------------------------------------------------------------------------\
 |  yosys -- Yosys Open SYnthesis Suite                                       |
 |  Copyright (C) 2012 - 2025  Claire Xenia Wolf <claire@yosyshq.com>         |
 |  Distributed under an ISC-like license, type "license" to see terms        |
 \----------------------------------------------------------------------------/
 Yosys 0.60+64 (git sha1 e3af261e1-dirty, clang++ 17.0.0 -fPIC -O3)

-- Running command `
        read_verilog -icells techlibs/yoyo/cells_sim.v
        read_verilog test_output_epfl/sin_lut6d_mapped.v
        hierarchy -check -auto-top
        flatten
        techmap
        opt
        aigmap
        write_aiger test_output_epfl/sin_lut6d_gate_cec.aig
    ' --

1. Executing Verilog-2005 frontend: techlibs/yoyo/cells_sim.v
Parsing Verilog input from `techlibs/yoyo/cells_sim.v' to AST representation.
verilog frontend filename techlibs/yoyo/cells_sim.v
Generating RTLIL representation for module `\GTP_LUT1'.
Generating RTLIL representation for module `\GTP_LUT2'.
Generating RTLIL representation for module `\GTP_LUT3'.
Generating RTLIL representation for module `\GTP_LUT4'.
Generating RTLIL representation for module `\GTP_LUT5'.
Generating RTLIL representation for module `\GTP_LUT6'.
Generating RTLIL representation for module `\GTP_LUT6D'.
Generating RTLIL representation for module `\GTP_LUT5D'.
Generating RTLIL representation for module `\GTP_LUT4D'.
Successfully finished Verilog frontend.

2. Executing Verilog-2005 frontend: test_output_epfl/sin_lut6d_mapped.v
Parsing Verilog input from `test_output_epfl/sin_lut6d_mapped.v' to AST representation.
verilog frontend filename test_output_epfl/sin_lut6d_mapped.v
Generating RTLIL representation for module `\/Users/yoyowang/Desktop/benchmark/sin.aig'.
Successfully finished Verilog frontend.

3. Executing HIERARCHY pass (managing design hierarchy).
Attribute `top' found on module `/Users/yoyowang/Desktop/benchmark/sin.aig'. Setting top module to /Users/yoyowang/Desktop/benchmark/sin.aig.

3.1. Analyzing design hierarchy..
Top module:  \/Users/yoyowang/Desktop/benchmark/sin.aig
Used module:     \GTP_LUT4
Used module:     \GTP_LUT6
Used module:     \GTP_LUT5
Used module:     \GTP_LUT3
Used module:     \GTP_LUT6D
Used module:     \GTP_LUT5D
Used module:     \GTP_LUT4D
Parameter \INIT = 16'0000000000000001

3.2. Executing AST frontend in derive mode using pre-parsed AST for module `\GTP_LUT4'.
Parameter \INIT = 16'0000000000000001
Generating RTLIL representation for module `$paramod\GTP_LUT4\INIT=16'0000000000000001'.
Parameter \INIT = 16'1010100101010110

3.3. Executing AST frontend in derive mode using pre-parsed AST for module `\GTP_LUT4'.
Parameter \INIT = 16'1010100101010110
Generating RTLIL representation for module `$paramod\GTP_LUT4\INIT=16'1010100101010110'.
Parameter \INIT = 64'1000000000000000000000000000000000000000000000000000000000000000

3.4. Executing AST frontend in derive mode using pre-parsed AST for module `\GTP_LUT6'.
Parameter \INIT = 64'1000000000000000000000000000000000000000000000000000000000000000
Generating RTLIL representation for module `$paramod$492504319aaaedd247a3255e8ac4e753d3714520\GTP_LUT6'.
Parameter \INIT = 64'0000000000000000000000000000000000000000000000000000000000000001

3.5. Executing AST frontend in derive mode using pre-parsed AST for module `\GTP_LUT6'.
Parameter \INIT = 64'0000000000000000000000000000000000000000000000000000000000000001
Generating RTLIL representation for module `$paramod$20246d5e7b6bcf137d425da26da5fdd90dad3f52\GTP_LUT6'.
Parameter \INIT = 1

3.6. Executing AST frontend in derive mode using pre-parsed AST for module `\GTP_LUT5'.
Parameter \INIT = 1
Generating RTLIL representation for module `$paramod\GTP_LUT5\INIT=32'00000000000000000000000000000001'.
Parameter \INIT = 16'0000000000010000

3.7. Executing AST frontend in derive mode using pre-parsed AST for module `\GTP_LUT4'.
Parameter \INIT = 16'0000000000010000
Generating RTLIL representation for module `$paramod\GTP_LUT4\INIT=16'0000000000010000'.
Parameter \INIT = 8'00000001

3.8. Executing AST frontend in derive mode using pre-parsed AST for module `\GTP_LUT3'.
Parameter \INIT = 8'00000001
Generating RTLIL representation for module `$paramod\GTP_LUT3\INIT=8'00000001'.
Parameter \INIT = 64'0011000000011000000100000001000011110000000111101101000000010110

3.9. Executing AST frontend in derive mode using pre-parsed AST for module `\GTP_LUT6'.
Parameter \INIT = 64'0011000000011000000100000001000011110000000111101101000000010110
Generating RTLIL representation for module `$paramod$bdc761d4d59549115c844e97a239d1b6f300d8a2\GTP_LUT6'.
Parameter \INIT = 64'1000000000000000000000000000000000000000000000000000000000000000
Found cached RTLIL representation for module `$paramod$492504319aaaedd247a3255e8ac4e753d3714520\GTP_LUT6'.
Parameter \INIT = 32'10000000000000000000000000000000

3.10. Executing AST frontend in derive mode using pre-parsed AST for module `\GTP_LUT5'.
Parameter \INIT = 32'10000000000000000000000000000000
Generating RTLIL representation for module `$paramod\GTP_LUT5\INIT=32'10000000000000000000000000000000'.
Parameter \INIT = 64'0010001000100010000100010001000111011101110100101110000100010001

3.11. Executing AST frontend in derive mode using pre-parsed AST for module `\GTP_LUT6'.
Parameter \INIT = 64'0010001000100010000100010001000111011101110100101110000100010001
Generating RTLIL representation for module `$paramod$a7200ea2a4d046116b1b5cbf3515cc6f3799da6b\GTP_LUT6'.
Parameter \INIT = 32'10000000000000000000000000000000
Found cached RTLIL representation for module `$paramod\GTP_LUT5\INIT=32'10000000000000000000000000000000'.
Parameter \INIT = 64'0000000000000000000000000000000000000000000000000000000010000000

3.12. Executing AST frontend in derive mode using pre-parsed AST for module `\GTP_LUT6'.
Parameter \INIT = 64'0000000000000000000000000000000000000000000000000000000010000000
Generating RTLIL representation for module `$paramod$59a0039f35ecdbe38b8a0ce2f13aa40890a8a3be\GTP_LUT6'.
Parameter \INIT = 64'0000000000000000000000000000000000000000000000000000000000000010

3.13. Executing AST frontend in derive mode using pre-parsed AST for module `\GTP_LUT6'.
Parameter \INIT = 64'0000000000000000000000000000000000000000000000000000000000000010
Generating RTLIL representation for module `$paramod$5000dfcc6b6076274589af648d56474541f5193e\GTP_LUT6'.
Parameter \INIT = 64'1000110101001111110011110000110110001100110011111100111010001101

3.14. Executing AST frontend in derive mode using pre-parsed AST for module `\GTP_LUT6'.
Parameter \INIT = 64'1000110101001111110011110000110110001100110011111100111010001101
Generating RTLIL representation for module `$paramod$f9fc00fda397f32050489767c6cd6914bc8ad659\GTP_LUT6'.
Parameter \INIT = 32767

3.15. Executing AST frontend in derive mode using pre-parsed AST for module `\GTP_LUT5'.
Parameter \INIT = 32767
Generating RTLIL representation for module `$paramod\GTP_LUT5\INIT=32'00000000000000000111111111111111'.
Parameter \INIT = 32768

3.16. Executing AST frontend in derive mode using pre-parsed AST for module `\GTP_LUT5'.
Parameter \INIT = 32768
Generating RTLIL representation for module `$paramod\GTP_LUT5\INIT=32'00000000000000001000000000000000'.
Parameter \INIT = 32'11000100010011000100110011000100

3.17. Executing AST frontend in derive mode using pre-parsed AST for module `\GTP_LUT5'.
Parameter \INIT = 32'11000100010011000100110011000100
Generating RTLIL representation for module `$paramod\GTP_LUT5\INIT=32'11000100010011000100110011000100'.
Parameter \INIT = 64'0000000000000000111100011010000000000000000100011100000010000000

3.18. Executing AST frontend in derive mode using pre-parsed AST for module `\GTP_LUT6'.
Parameter \INIT = 64'0000000000000000111100011010000000000000000100011100000010000000
Generating RTLIL representation for module `$paramod$34d15386e834a6a380e9de8ef8c91b412c6727c2\GTP_LUT6'.
Parameter \INIT = 64'0011110000111100001111000010010000011000000110000001100000000000

3.19. Executing AST frontend in derive mode using pre-parsed AST for module `\GTP_LUT6'.
Parameter \INIT = 64'0011110000111100001111000010010000011000000110000001100000000000
Generating RTLIL representation for module `$paramod$3f62f816985d426702751c0ed88eedee17fe81a3\GTP_LUT6'.
Parameter \INIT = 8

3.20. Executing AST frontend in derive mode using pre-parsed AST for module `\GTP_LUT5'.
Parameter \INIT = 8
Generating RTLIL representation for module `$paramod\GTP_LUT5\INIT=32'00000000000000000000000000001000'.
Parameter \INIT = 53849280

3.21. Executing AST frontend in derive mode using pre-parsed AST for module `\GTP_LUT5'.
Parameter \INIT = 53849280
Generating RTLIL representation for module `$paramod\GTP_LUT5\INIT=32'00000011001101011010110011000000'.
Parameter \INIT = 236349552

3.22. Executing AST frontend in derive mode using pre-parsed AST for module `\GTP_LUT5'.
Parameter \INIT = 236349552
Generating RTLIL representation for module `$paramod\GTP_LUT5\INIT=32'00001110000101100110100001110000'.
Parameter \INIT = 907290732

3.23. Executing AST frontend in derive mode using pre-parsed AST for module `\GTP_LUT5'.
Parameter \INIT = 907290732
Generating RTLIL representation for module `$paramod\GTP_LUT5\INIT=32'00110110000101000010100001101100'.
Parameter \INIT = 102230112

3.24. Executing AST frontend in derive mode using pre-parsed AST for module `\GTP_LUT5'.
Parameter \INIT = 102230112
Generating RTLIL representation for module `$paramod\GTP_LUT5\INIT=32'00000110000101111110100001100000'.
Parameter \INIT = 824599692

3.25. Executing AST frontend in derive mode using pre-parsed AST for module `\GTP_LUT5'.
Parameter \INIT = 824599692
Generating RTLIL representation for module `$paramod\GTP_LUT5\INIT=32'00110001001001100110010010001100'.
Parameter \INIT = 31876992

3.26. Executing AST frontend in derive mode using pre-parsed AST for module `\GTP_LUT5'.
Parameter \INIT = 31876992
Generating RTLIL representation for module `$paramod\GTP_LUT5\INIT=32'00000001111001100110011110000000'.
Parameter \INIT = 219830448

3.27. Executing AST frontend in derive mode using pre-parsed AST for module `\GTP_LUT5'.
Parameter \INIT = 219830448
Generating RTLIL representation for module `$paramod\GTP_LUT5\INIT=32'00001101000110100101100010110000'.
Parameter \INIT = 61617600

3.28. Executing AST frontend in derive mode using pre-parsed AST for module `\GTP_LUT5'.
Parameter \INIT = 61617600
Generating RTLIL representation for module `$paramod\GTP_LUT5\INIT=32'00000011101011000011010111000000'.
Parameter \INIT = 505943160

3.29. Executing AST frontend in derive mode using pre-parsed AST for module `\GTP_LUT5'.
Parameter \INIT = 505943160
Generating RTLIL representation for module `$paramod\GTP_LUT5\INIT=32'00011110001010000001010001111000'.
Parameter \INIT = 236349552
Found cached RTLIL representation for module `$paramod\GTP_LUT5\INIT=32'00001110000101100110100001110000'.
Parameter \INIT = 115873632

3.30. Executing AST frontend in derive mode using pre-parsed AST for module `\GTP_LUT5'.
Parameter \INIT = 115873632
Generating RTLIL representation for module `$paramod\GTP_LUT5\INIT=32'00000110111010000001011101100000'.
Parameter \INIT = 29113728

3.31. Executing AST frontend in derive mode using pre-parsed AST for module `\GTP_LUT5'.
Parameter \INIT = 29113728
Generating RTLIL representation for module `$paramod\GTP_LUT5\INIT=32'00000001101111000011110110000000'.
Parameter \INIT = 350754600

3.32. Executing AST frontend in derive mode using pre-parsed AST for module `\GTP_LUT5'.
Parameter \INIT = 350754600
Generating RTLIL representation for module `$paramod\GTP_LUT5\INIT=32'00010100111010000001011100101000'.
Parameter \INIT = 350754600
Found cached RTLIL representation for module `$paramod\GTP_LUT5\INIT=32'00010100111010000001011100101000'.
Parameter \INIT = 18187199

3.33. Executing AST frontend in derive mode using pre-parsed AST for module `\GTP_LUT5'.
Parameter \INIT = 18187199
Generating RTLIL representation for module `$paramod\GTP_LUT5\INIT=32'00000001000101011000001110111111'.
Parameter \INIT = 26281975

3.34. Executing AST frontend in derive mode using pre-parsed AST for module `\GTP_LUT5'.
Parameter \INIT = 26281975
Generating RTLIL representation for module `$paramod\GTP_LUT5\INIT=32'00000001100100010000011111110111'.
Parameter \INIT = 14096151

3.35. Executing AST frontend in derive mode using pre-parsed AST for module `\GTP_LUT5'.
Parameter \INIT = 14096151
Generating RTLIL representation for module `$paramod\GTP_LUT5\INIT=32'00000000110101110001011100010111'.
Parameter \INIT = 8'00000111

3.36. Executing AST frontend in derive mode using pre-parsed AST for module `\GTP_LUT3'.
Parameter \INIT = 8'00000111
Generating RTLIL representation for module `$paramod\GTP_LUT3\INIT=8'00000111'.
Parameter \INIT = 64'1111100110011001111111111111100110010000000000001001100110010000

3.37. Executing AST frontend in derive mode using pre-parsed AST for module `\GTP_LUT6'.
Parameter \INIT = 64'1111100110011001111111111111100110010000000000001001100110010000
Generating RTLIL representation for module `$paramod$3aef47ae8795028b41429476431c6e3533bc932d\GTP_LUT6'.
Parameter \INIT = 64'0110100110011001011001100110100110010110011001101001100110010110

3.38. Executing AST frontend in derive mode using pre-parsed AST for module `\GTP_LUT6'.
Parameter \INIT = 64'0110100110011001011001100110100110010110011001101001100110010110
Generating RTLIL representation for module `$paramod$494f800a9d246b61868b6a6f05a5a99e3c9d8e3a\GTP_LUT6'.
Parameter \INIT = 64'1000000000000000000000000000000000000000000000000000000000000000
Found cached RTLIL representation for module `$paramod$492504319aaaedd247a3255e8ac4e753d3714520\GTP_LUT6'.
Parameter \INIT = 64'0010001000101000001010001000100010001000100000101000001000100010

3.39. Executing AST frontend in derive mode using pre-parsed AST for module `\GTP_LUT6'.
Parameter \INIT = 64'0010001000101000001010001000100010001000100000101000001000100010
Generating RTLIL representation for module `$paramod$4bb9959d48ad841ee09aec550ca5f770c903c2e6\GTP_LUT6'.
Parameter \INIT = 64'0110100110010110011010010110100110010110100101100110100110010110

3.40. Executing AST frontend in derive mode using pre-parsed AST for module `\GTP_LUT6'.
Parameter \INIT = 64'0110100110010110011010010110100110010110100101100110100110010110
Generating RTLIL representation for module `$paramod$f3e8f7d4270400c3051d2b204c357574a1ad01ec\GTP_LUT6'.
Parameter \INIT = 64'0010001000000000001000000000000000010000000000000001000000000000

3.41. Executing AST frontend in derive mode using pre-parsed AST for module `\GTP_LUT6'.
Parameter \INIT = 64'0010001000000000001000000000000000010000000000000001000000000000
Generating RTLIL representation for module `$paramod$582a64997518d67efc7933070309eadf9cee13fe\GTP_LUT6'.
Parameter \INIT = 64'0000000000000000000000000000000000000000000000000000000010000000
Found cached RTLIL representation for module `$paramod$59a0039f35ecdbe38b8a0ce2f13aa40890a8a3be\GTP_LUT6'.
Parameter \INIT = 64'1111111110010110000000000000000010010110111111110000000000000000

3.42. Executing AST frontend in derive mode using pre-parsed AST for module `\GTP_LUT6'.
Parameter \INIT = 64'1111111110010110000000000000000010010110111111110000000000000000
Generating RTLIL representation for module `$paramod$e49ac9683bedfa772c8980ab3f150cf85803cb1d\GTP_LUT6'.
Parameter \INIT = 83973393

3.43. Executing AST frontend in derive mode using pre-parsed AST for module `\GTP_LUT5'.
Parameter \INIT = 83973393
Generating RTLIL representation for module `$paramod\GTP_LUT5\INIT=32'00000101000000010101010100010001'.
Parameter \INIT = 64'0011111111111111111111111111111100010101010101110101011101111111

3.44. Executing AST frontend in derive mode using pre-parsed AST for module `\GTP_LUT6'.
Parameter \INIT = 64'0011111111111111111111111111111100010101010101110101011101111111
Generating RTLIL representation for module `$paramod$6a5e6f257d0c57a5de700a6ae2cad718ae1657e8\GTP_LUT6'.
Parameter \INIT = 64'0101011101111111000000010001010100000001000101010101011101111111

3.45. Executing AST frontend in derive mode using pre-parsed AST for module `\GTP_LUT6'.
Parameter \INIT = 64'0101011101111111000000010001010100000001000101010101011101111111
Generating RTLIL representation for module `$paramod$5d708229068c0ff045932b4978bcde768d7c825b\GTP_LUT6'.
Parameter \INIT = 64'0110100101101001011010011001011001101001100101101001011010010110

3.46. Executing AST frontend in derive mode using pre-parsed AST for module `\GTP_LUT6'.
Parameter \INIT = 64'0110100101101001011010011001011001101001100101101001011010010110
Generating RTLIL representation for module `$paramod$1acccfae78878bf436c2475b8e9069cdea9f5758\GTP_LUT6'.
Parameter \INIT = 64'0110011010011001011001100110100101101001100101100110100101100110

3.47. Executing AST frontend in derive mode using pre-parsed AST for module `\GTP_LUT6'.
Parameter \INIT = 64'0110011010011001011001100110100101101001100101100110100101100110
Generating RTLIL representation for module `$paramod$ccd814fe16a9482c56069d9c3cfa08c458aabfee\GTP_LUT6'.
Parameter \INIT = 64'0000000000000000000000000000000000000000000000001000000000000000

3.48. Executing AST frontend in derive mode using pre-parsed AST for module `\GTP_LUT6'.
Parameter \INIT = 64'0000000000000000000000000000000000000000000000001000000000000000
Generating RTLIL representation for module `$paramod$15b020ac927ddb1879e5c2605abe35d430e43019\GTP_LUT6'.
Parameter \INIT = 64'0000000000000000000000000000000000000000000000000000000010000000
Found cached RTLIL representation for module `$paramod$59a0039f35ecdbe38b8a0ce2f13aa40890a8a3be\GTP_LUT6'.
Parameter \INIT = 64'0000000000000000000000000000000000000000000000000000000010000000
Found cached RTLIL representation for module `$paramod$59a0039f35ecdbe38b8a0ce2f13aa40890a8a3be\GTP_LUT6'.
Parameter \INIT = 64'1000000000000000000000000000000000000000000000000000000000000000
Found cached RTLIL representation for module `$paramod$492504319aaaedd247a3255e8ac4e753d3714520\GTP_LUT6'.
Parameter \INIT = 64'0011111100010101000101010011111100010101001111110011111100010101

3.49. Executing AST frontend in derive mode using pre-parsed AST for module `\GTP_LUT6'.
Parameter \INIT = 64'0011111100010101000101010011111100010101001111110011111100010101
Generating RTLIL representation for module `$paramod$5609fbf15dc1cb69e969c45c754e1d6e86fecac5\GTP_LUT6'.
Parameter \INIT = 64'0000000000000000000000000000000000000000000000000000100000000000

3.50. Executing AST frontend in derive mode using pre-parsed AST for module `\GTP_LUT6'.
Parameter \INIT = 64'0000000000000000000000000000000000000000000000000000100000000000
Generating RTLIL representation for module `$paramod$93ea42f15927ee0419824ce4ab0ae39b9241ea9e\GTP_LUT6'.
Parameter \INIT = 17109333

3.51. Executing AST frontend in derive mode using pre-parsed AST for module `\GTP_LUT5'.
Parameter \INIT = 17109333
Generating RTLIL representation for module `$paramod\GTP_LUT5\INIT=32'00000001000001010001000101010101'.
Parameter \INIT = 8'00010111

3.52. Executing AST frontend in derive mode using pre-parsed AST for module `\GTP_LUT3'.
Parameter \INIT = 8'00010111
Generating RTLIL representation for module `$paramod\GTP_LUT3\INIT=8'00010111'.
Parameter \INIT = 16'0000001000100010

3.53. Executing AST frontend in derive mode using pre-parsed AST for module `\GTP_LUT4'.
Parameter \INIT = 16'0000001000100010
Generating RTLIL representation for module `$paramod\GTP_LUT4\INIT=16'0000001000100010'.
Parameter \INIT = 64'1010010101001011110000110010110110110100110000111101001010100101

3.54. Executing AST frontend in derive mode using pre-parsed AST for module `\GTP_LUT6'.
Parameter \INIT = 64'1010010101001011110000110010110110110100110000111101001010100101
Generating RTLIL representation for module `$paramod$6a348a4c549d96612817c163b86854936fe5bdfc\GTP_LUT6'.
Parameter \INIT = 64'1111111111110011111111110011001110111011101100101011101100100010

3.55. Executing AST frontend in derive mode using pre-parsed AST for module `\GTP_LUT6'.
Parameter \INIT = 64'1111111111110011111111110011001110111011101100101011101100100010
Generating RTLIL representation for module `$paramod$cf0557585c3716697887a6be9a71ddda644eb00f\GTP_LUT6'.
Parameter \INIT = 32'10000000000000000000000000000000
Found cached RTLIL representation for module `$paramod\GTP_LUT5\INIT=32'10000000000000000000000000000000'.
Parameter \INIT = 64'0000000000000000000000000000000100000000000000000000000000000011

3.56. Executing AST frontend in derive mode using pre-parsed AST for module `\GTP_LUT6'.
Parameter \INIT = 64'0000000000000000000000000000000100000000000000000000000000000011
Generating RTLIL representation for module `$paramod$6a4de790a6eee7de3c57a7621210b91c1b209419\GTP_LUT6'.
Parameter \INIT = 32'11101000000101111110100011101000

3.57. Executing AST frontend in derive mode using pre-parsed AST for module `\GTP_LUT5'.
Parameter \INIT = 32'11101000000101111110100011101000
Generating RTLIL representation for module `$paramod\GTP_LUT5\INIT=32'11101000000101111110100011101000'.
Parameter \INIT = 1957149

3.58. Executing AST frontend in derive mode using pre-parsed AST for module `\GTP_LUT5'.
Parameter \INIT = 1957149
Generating RTLIL representation for module `$paramod\GTP_LUT5\INIT=32'00000000000111011101110100011101'.
Parameter \INIT = 64'0000000000000000000000000000000000000000000000000000000000000001
Found cached RTLIL representation for module `$paramod$20246d5e7b6bcf137d425da26da5fdd90dad3f52\GTP_LUT6'.
Parameter \INIT = 64'0000000000000000000000000000000000000000000000000000000000000001
Found cached RTLIL representation for module `$paramod$20246d5e7b6bcf137d425da26da5fdd90dad3f52\GTP_LUT6'.
Parameter \INIT = 64'0000000000000000000000000000000000000000000000000000000000000001
Found cached RTLIL representation for module `$paramod$20246d5e7b6bcf137d425da26da5fdd90dad3f52\GTP_LUT6'.
Parameter \INIT = 16'1000000000000000

3.59. Executing AST frontend in derive mode using pre-parsed AST for module `\GTP_LUT4'.
Parameter \INIT = 16'1000000000000000
Generating RTLIL representation for module `$paramod\GTP_LUT4\INIT=16'1000000000000000'.
Parameter \INIT = 325017363

3.60. Executing AST frontend in derive mode using pre-parsed AST for module `\GTP_LUT5'.
Parameter \INIT = 325017363
Generating RTLIL representation for module `$paramod\GTP_LUT5\INIT=32'00010011010111110101111100010011'.
Parameter \INIT = 128

3.61. Executing AST frontend in derive mode using pre-parsed AST for module `\GTP_LUT5'.
Parameter \INIT = 128
Generating RTLIL representation for module `$paramod\GTP_LUT5\INIT=32'00000000000000000000000010000000'.
Parameter \INIT = 102230112
Found cached RTLIL representation for module `$paramod\GTP_LUT5\INIT=32'00000110000101111110100001100000'.
Parameter \INIT = 31876992
Found cached RTLIL representation for module `$paramod\GTP_LUT5\INIT=32'00000001111001100110011110000000'.
Parameter \INIT = 29113728
Found cached RTLIL representation for module `$paramod\GTP_LUT5\INIT=32'00000001101111000011110110000000'.
Parameter \INIT = 350754600
Found cached RTLIL representation for module `$paramod\GTP_LUT5\INIT=32'00010100111010000001011100101000'.
Parameter \INIT = 29113728
Found cached RTLIL representation for module `$paramod\GTP_LUT5\INIT=32'00000001101111000011110110000000'.
Parameter \INIT = 115873632
Found cached RTLIL representation for module `$paramod\GTP_LUT5\INIT=32'00000110111010000001011101100000'.
Parameter \INIT = 89377440

3.62. Executing AST frontend in derive mode using pre-parsed AST for module `\GTP_LUT5'.
Parameter \INIT = 89377440
Generating RTLIL representation for module `$paramod\GTP_LUT5\INIT=32'00000101010100111100101010100000'.
Parameter \INIT = 186398928

3.63. Executing AST frontend in derive mode using pre-parsed AST for module `\GTP_LUT5'.
Parameter \INIT = 186398928
Generating RTLIL representation for module `$paramod\GTP_LUT5\INIT=32'00001011000111000011100011010000'.
Parameter \INIT = 29113728
Found cached RTLIL representation for module `$paramod\GTP_LUT5\INIT=32'00000001101111000011110110000000'.
Parameter \INIT = 840329292

3.64. Executing AST frontend in derive mode using pre-parsed AST for module `\GTP_LUT5'.
Parameter \INIT = 840329292
Generating RTLIL representation for module `$paramod\GTP_LUT5\INIT=32'00110010000101100110100001001100'.
Parameter \INIT = 508039800

3.65. Executing AST frontend in derive mode using pre-parsed AST for module `\GTP_LUT5'.
Parameter \INIT = 508039800
Generating RTLIL representation for module `$paramod\GTP_LUT5\INIT=32'00011110010010000001001001111000'.
Parameter \INIT = 350754600
Found cached RTLIL representation for module `$paramod\GTP_LUT5\INIT=32'00010100111010000001011100101000'.
Parameter \INIT = 20823168

3.66. Executing AST frontend in derive mode using pre-parsed AST for module `\GTP_LUT5'.
Parameter \INIT = 20823168
Generating RTLIL representation for module `$paramod\GTP_LUT5\INIT=32'00000001001111011011110010000000'.
Parameter \INIT = 29113728
Found cached RTLIL representation for module `$paramod\GTP_LUT5\INIT=32'00000001101111000011110110000000'.
Parameter \INIT = 29113728
Found cached RTLIL representation for module `$paramod\GTP_LUT5\INIT=32'00000001101111000011110110000000'.
Parameter \INIT = 908596332

3.67. Executing AST frontend in derive mode using pre-parsed AST for module `\GTP_LUT5'.
Parameter \INIT = 908596332
Generating RTLIL representation for module `$paramod\GTP_LUT5\INIT=32'00110110001010000001010001101100'.
Parameter \INIT = 350754600
Found cached RTLIL representation for module `$paramod\GTP_LUT5\INIT=32'00010100111010000001011100101000'.
Parameter \INIT = 350754600
Found cached RTLIL representation for module `$paramod\GTP_LUT5\INIT=32'00010100111010000001011100101000'.
Parameter \INIT = 236349552
Found cached RTLIL representation for module `$paramod\GTP_LUT5\INIT=32'00001110000101100110100001110000'.
Parameter \INIT = 16'0110100110010110

3.68. Executing AST frontend in derive mode using pre-parsed AST for module `\GTP_LUT4'.
Parameter \INIT = 16'0110100110010110
Generating RTLIL representation for module `$paramod\GTP_LUT4\INIT=16'0110100110010110'.
Parameter \INIT = 25409

3.69. Executing AST frontend in derive mode using pre-parsed AST for module `\GTP_LUT5'.
Parameter \INIT = 25409
Generating RTLIL representation for module `$paramod\GTP_LUT5\INIT=32'00000000000000000110001101000001'.
Parameter \INIT = 2

3.70. Executing AST frontend in derive mode using pre-parsed AST for module `\GTP_LUT5'.
Parameter \INIT = 2
Generating RTLIL representation for module `$paramod\GTP_LUT5\INIT=32'00000000000000000000000000000010'.
Parameter \INIT = 18072927

3.71. Executing AST frontend in derive mode using pre-parsed AST for module `\GTP_LUT5'.
Parameter \INIT = 18072927
Generating RTLIL representation for module `$paramod\GTP_LUT5\INIT=32'00000001000100111100010101011111'.
Parameter \INIT = 25367999

3.72. Executing AST frontend in derive mode using pre-parsed AST for module `\GTP_LUT5'.
Parameter \INIT = 25367999
Generating RTLIL representation for module `$paramod\GTP_LUT5\INIT=32'00000001100000110001010110111111'.
Parameter \INIT = 8'10010110

3.73. Executing AST frontend in derive mode using pre-parsed AST for module `\GTP_LUT3'.
Parameter \INIT = 8'10010110
Generating RTLIL representation for module `$paramod\GTP_LUT3\INIT=8'10010110'.
Parameter \INIT = 14096151
Found cached RTLIL representation for module `$paramod\GTP_LUT5\INIT=32'00000000110101110001011100010111'.
Parameter \INIT = 18195263

3.74. Executing AST frontend in derive mode using pre-parsed AST for module `\GTP_LUT5'.
Parameter \INIT = 18195263
Generating RTLIL representation for module `$paramod\GTP_LUT5\INIT=32'00000001000101011010001100111111'.
Parameter \INIT = 35900079

3.75. Executing AST frontend in derive mode using pre-parsed AST for module `\GTP_LUT5'.
Parameter \INIT = 35900079
Generating RTLIL representation for module `$paramod\GTP_LUT5\INIT=32'00000010001000111100101010101111'.
Parameter \INIT = 16'0000101101010001

3.76. Executing AST frontend in derive mode using pre-parsed AST for module `\GTP_LUT4'.
Parameter \INIT = 16'0000101101010001
Generating RTLIL representation for module `$paramod\GTP_LUT4\INIT=16'0000101101010001'.
Parameter \INIT = 16'1001011000000000

3.77. Executing AST frontend in derive mode using pre-parsed AST for module `\GTP_LUT4'.
Parameter \INIT = 16'1001011000000000
Generating RTLIL representation for module `$paramod\GTP_LUT4\INIT=16'1001011000000000'.
Parameter \INIT = 16'0101111100010011

3.78. Executing AST frontend in derive mode using pre-parsed AST for module `\GTP_LUT4'.
Parameter \INIT = 16'0101111100010011
Generating RTLIL representation for module `$paramod\GTP_LUT4\INIT=16'0101111100010011'.
Parameter \INIT = 16'0011011000010100

3.79. Executing AST frontend in derive mode using pre-parsed AST for module `\GTP_LUT4'.
Parameter \INIT = 16'0011011000010100
Generating RTLIL representation for module `$paramod\GTP_LUT4\INIT=16'0011011000010100'.
Parameter \INIT = 16'0011011000010100
Found cached RTLIL representation for module `$paramod\GTP_LUT4\INIT=16'0011011000010100'.
Parameter \INIT = 16'0000000100000000

3.80. Executing AST frontend in derive mode using pre-parsed AST for module `\GTP_LUT4'.
Parameter \INIT = 16'0000000100000000
Generating RTLIL representation for module `$paramod\GTP_LUT4\INIT=16'0000000100000000'.
Parameter \INIT = 8'01101001

3.81. Executing AST frontend in derive mode using pre-parsed AST for module `\GTP_LUT3'.
Parameter \INIT = 8'01101001
Generating RTLIL representation for module `$paramod\GTP_LUT3\INIT=8'01101001'.
Parameter \INIT = 8'00000001
Found cached RTLIL representation for module `$paramod\GTP_LUT3\INIT=8'00000001'.
Parameter \INIT = 8'00000001
Found cached RTLIL representation for module `$paramod\GTP_LUT3\INIT=8'00000001'.
Parameter \INIT = 64'0000000010101110101011100000000000000000111110111111101100000000

3.82. Executing AST frontend in derive mode using pre-parsed AST for module `\GTP_LUT6'.
Parameter \INIT = 64'0000000010101110101011100000000000000000111110111111101100000000
Generating RTLIL representation for module `$paramod$ec2cac0771fde7e21bfc8d37321f934609a3b2da\GTP_LUT6'.
Parameter \INIT = 64'0101000100000000000000000101000100000100000000000000000000000100

3.83. Executing AST frontend in derive mode using pre-parsed AST for module `\GTP_LUT6'.
Parameter \INIT = 64'0101000100000000000000000101000100000100000000000000000000000100
Generating RTLIL representation for module `$paramod$3f91500e544081a7a667d71f624ad72824f2d095\GTP_LUT6'.
Parameter \INIT = 64'0110011001100110010101100110011001010110011001100101010101100110

3.84. Executing AST frontend in derive mode using pre-parsed AST for module `\GTP_LUT6'.
Parameter \INIT = 64'0110011001100110010101100110011001010110011001100101010101100110
Generating RTLIL representation for module `$paramod$3880597822d839ad4d6a9f6e9bcb09b56a0f7d6d\GTP_LUT6'.
Parameter \INIT = 64'1000100010001000101010001000100010101000100010001010101010001000

3.85. Executing AST frontend in derive mode using pre-parsed AST for module `\GTP_LUT6'.
Parameter \INIT = 64'1000100010001000101010001000100010101000100010001010101010001000
Generating RTLIL representation for module `$paramod$ba35259528df06e451ee2f6b891cd3eb6afed8d2\GTP_LUT6'.
Parameter \INIT = 64'0000010001000101010001010101110101000101010111010101110111011111

3.86. Executing AST frontend in derive mode using pre-parsed AST for module `\GTP_LUT6'.
Parameter \INIT = 64'0000010001000101010001010101110101000101010111010101110111011111
Generating RTLIL representation for module `$paramod$ddd8a7210d2d272350ae7a5691065f23a683bbfd\GTP_LUT6'.
Parameter \INIT = 64'1101000011011101111111011111111111111111111100101111111111110010

3.87. Executing AST frontend in derive mode using pre-parsed AST for module `\GTP_LUT6'.
Parameter \INIT = 64'1101000011011101111111011111111111111111111100101111111111110010
Generating RTLIL representation for module `$paramod$ae55d7b1e7ca2cb53a10fbb1e5f6cbc2e125e325\GTP_LUT6'.
Parameter \INIT = 64'0000000000000010000000100000000000000010000000100000001000000010

3.88. Executing AST frontend in derive mode using pre-parsed AST for module `\GTP_LUT6'.
Parameter \INIT = 64'0000000000000010000000100000000000000010000000100000001000000010
Generating RTLIL representation for module `$paramod$d454f0fdb88a2de130175c20b236038c376549ba\GTP_LUT6'.
Parameter \INIT = 64'1111111011101111111011101110111000000000000000000000000000000000

3.89. Executing AST frontend in derive mode using pre-parsed AST for module `\GTP_LUT6'.
Parameter \INIT = 64'1111111011101111111011101110111000000000000000000000000000000000
Generating RTLIL representation for module `$paramod$654b72bfab47098056abb3ad6eeba86df6cdaa98\GTP_LUT6'.
Parameter \INIT = 64'1000101000001000111011111010111001000101000001001101111101011101

3.90. Executing AST frontend in derive mode using pre-parsed AST for module `\GTP_LUT6'.
Parameter \INIT = 64'1000101000001000111011111010111001000101000001001101111101011101
Generating RTLIL representation for module `$paramod$aa974b62d67e2c8dc753865f779572c474f71f38\GTP_LUT6'.
Parameter \INIT = 64'0010001000101000001010001000100010001000100000101000001000100010
Found cached RTLIL representation for module `$paramod$4bb9959d48ad841ee09aec550ca5f770c903c2e6\GTP_LUT6'.
Parameter \INIT = 64'0010011001100010000010011001000010111111111110110010111111110010

3.91. Executing AST frontend in derive mode using pre-parsed AST for module `\GTP_LUT6'.
Parameter \INIT = 64'0010011001100010000010011001000010111111111110110010111111110010
Generating RTLIL representation for module `$paramod$50e2181eca2d26f43545a718f74d59385b12e708\GTP_LUT6'.
Parameter \INIT = 64'0000000000000000000000001000000000000000100000000000000010000000

3.92. Executing AST frontend in derive mode using pre-parsed AST for module `\GTP_LUT6'.
Parameter \INIT = 64'0000000000000000000000001000000000000000100000000000000010000000
Generating RTLIL representation for module `$paramod$468ea583c8d7d94df128dac91aa5e74b8ab68ac9\GTP_LUT6'.
Parameter \INIT = 1789498710

3.93. Executing AST frontend in derive mode using pre-parsed AST for module `\GTP_LUT5'.
Parameter \INIT = 1789498710
Generating RTLIL representation for module `$paramod\GTP_LUT5\INIT=32'01101010101010011001010101010110'.
Parameter \INIT = 64'0000001000000010000000000000001000001010000010100000000000001010

3.94. Executing AST frontend in derive mode using pre-parsed AST for module `\GTP_LUT6'.
Parameter \INIT = 64'0000001000000010000000000000001000001010000010100000000000001010
Generating RTLIL representation for module `$paramod$6c67b5cd8047f13eeddc04412321afc106357b79\GTP_LUT6'.
Parameter \INIT = 64'0010000110110111001000010010000110110111101101110010000110110111

3.95. Executing AST frontend in derive mode using pre-parsed AST for module `\GTP_LUT6'.
Parameter \INIT = 64'0010000110110111001000010010000110110111101101110010000110110111
Generating RTLIL representation for module `$paramod$a74d991783063dd3a97bb788b57b6cb6572f9c5a\GTP_LUT6'.
Parameter \INIT = 64'0000100100000110000110000110000010010000011000001000000100000110

3.96. Executing AST frontend in derive mode using pre-parsed AST for module `\GTP_LUT6'.
Parameter \INIT = 64'0000100100000110000110000110000010010000011000001000000100000110
Generating RTLIL representation for module `$paramod$c1937310ed9a655a81df1692d38e94ec2a6f8cd7\GTP_LUT6'.
Parameter \INIT = 64'1101001011100001100001110001111000101101000111100111100011100001

3.97. Executing AST frontend in derive mode using pre-parsed AST for module `\GTP_LUT6'.
Parameter \INIT = 64'1101001011100001100001110001111000101101000111100111100011100001
Generating RTLIL representation for module `$paramod$ffda0105e6c5237344f6740fffddc8e74ae585d8\GTP_LUT6'.
Parameter \INIT = 64'1000000000000000000000000000000000000000000000000000000000000000
Found cached RTLIL representation for module `$paramod$492504319aaaedd247a3255e8ac4e753d3714520\GTP_LUT6'.
Parameter \INIT = 64'0000000010000000000000000000000000000000000000000000000000000000

3.98. Executing AST frontend in derive mode using pre-parsed AST for module `\GTP_LUT6'.
Parameter \INIT = 64'0000000010000000000000000000000000000000000000000000000000000000
Generating RTLIL representation for module `$paramod$e2305a18109662e98bc23d5f5187a68cbaef5c91\GTP_LUT6'.
Parameter \INIT = 64'0011000100010011111101010101111111110101111101010011000100010011

3.99. Executing AST frontend in derive mode using pre-parsed AST for module `\GTP_LUT6'.
Parameter \INIT = 64'0011000100010011111101010101111111110101111101010011000100010011
Generating RTLIL representation for module `$paramod$7a65706fa368b168aa11ad53815cfa5fa11c7227\GTP_LUT6'.
Parameter \INIT = 64'0000000000000000101111101110101110111110111010111011111011101011

3.100. Executing AST frontend in derive mode using pre-parsed AST for module `\GTP_LUT6'.
Parameter \INIT = 64'0000000000000000101111101110101110111110111010111011111011101011
Generating RTLIL representation for module `$paramod$c2610a3566f0ed660bf62575ca9f0f4a3a442118\GTP_LUT6'.
Parameter \INIT = 196084256

3.101. Executing AST frontend in derive mode using pre-parsed AST for module `\GTP_LUT5'.
Parameter \INIT = 196084256
Generating RTLIL representation for module `$paramod\GTP_LUT5\INIT=32'00001011101100000000001000100000'.
Parameter \INIT = 128
Found cached RTLIL representation for module `$paramod\GTP_LUT5\INIT=32'00000000000000000000000010000000'.
Parameter \INIT = 64'0000000000000001000000010000000111111111111011111110111111101111

3.102. Executing AST frontend in derive mode using pre-parsed AST for module `\GTP_LUT6'.
Parameter \INIT = 64'0000000000000001000000010000000111111111111011111110111111101111
Generating RTLIL representation for module `$paramod$0154bf3fd91ac70b51ca1f3fb3c7f92e08f360a3\GTP_LUT6'.
Parameter \INIT = 64'1001100101100110100101101001011001100110011001101001011001101001

3.103. Executing AST frontend in derive mode using pre-parsed AST for module `\GTP_LUT6'.
Parameter \INIT = 64'1001100101100110100101101001011001100110011001101001011001101001
Generating RTLIL representation for module `$paramod$51c4ef27bae16d32b56514fb590edeef3528db16\GTP_LUT6'.
Parameter \INIT = 64'0001000101110111000100100001001001110111011101110001001001111011

3.104. Executing AST frontend in derive mode using pre-parsed AST for module `\GTP_LUT6'.
Parameter \INIT = 64'0001000101110111000100100001001001110111011101110001001001111011
Generating RTLIL representation for module `$paramod$2721d47ffebc2f7e949d95c623e81a971694df19\GTP_LUT6'.
Parameter \INIT = 64'0000001010101010000010100010001000001010001000100000001010101010

3.105. Executing AST frontend in derive mode using pre-parsed AST for module `\GTP_LUT6'.
Parameter \INIT = 64'0000001010101010000010100010001000001010001000100000001010101010
Generating RTLIL representation for module `$paramod$3d515f1d138ff9442b9a60226149011b407e9d21\GTP_LUT6'.
Parameter \INIT = 64'1111100100000110100100000110111111111001000001101111100100000110

3.106. Executing AST frontend in derive mode using pre-parsed AST for module `\GTP_LUT6'.
Parameter \INIT = 64'1111100100000110100100000110111111111001000001101111100100000110
Generating RTLIL representation for module `$paramod$57a254d80c8f7face295b7d7fe3ec759d4b989d1\GTP_LUT6'.
Parameter \INIT = 64'0000000000000000000000000000000000000000000000001000000000000000
Found cached RTLIL representation for module `$paramod$15b020ac927ddb1879e5c2605abe35d430e43019\GTP_LUT6'.
Parameter \INIT = 16'0101010101101010

3.107. Executing AST frontend in derive mode using pre-parsed AST for module `\GTP_LUT4'.
Parameter \INIT = 16'0101010101101010
Generating RTLIL representation for module `$paramod\GTP_LUT4\INIT=16'0101010101101010'.
Parameter \INIT = 64'1111110100000010111111011111110111011101001000101101110111011101

3.108. Executing AST frontend in derive mode using pre-parsed AST for module `\GTP_LUT6'.
Parameter \INIT = 64'1111110100000010111111011111110111011101001000101101110111011101
Generating RTLIL representation for module `$paramod$0884b56864b2a3f7ae8c4fc0456a33e42c316f51\GTP_LUT6'.
Parameter \INIT = 64'0011111111111100111111001100000010010101010101100101011001101010

3.109. Executing AST frontend in derive mode using pre-parsed AST for module `\GTP_LUT6'.
Parameter \INIT = 64'0011111111111100111111001100000010010101010101100101011001101010
Generating RTLIL representation for module `$paramod$97a4320655941dc4ecace86c4159d4d87c4cff16\GTP_LUT6'.
Parameter \INIT = 64'0010001000000010000000100010001000001010101010101010101000001010

3.110. Executing AST frontend in derive mode using pre-parsed AST for module `\GTP_LUT6'.
Parameter \INIT = 64'0010001000000010000000100010001000001010101010101010101000001010
Generating RTLIL representation for module `$paramod$e0b171009fd08a7a363e74ba89ca371723c97f03\GTP_LUT6'.
Parameter \INIT = 64'0101011001101010101010011001010110101001100101010101011001101010

3.111. Executing AST frontend in derive mode using pre-parsed AST for module `\GTP_LUT6'.
Parameter \INIT = 64'0101011001101010101010011001010110101001100101010101011001101010
Generating RTLIL representation for module `$paramod$b43a7e0ec80a203a2d0a6f330a15d15d148158df\GTP_LUT6'.
Parameter \INIT = 64'0111011100010001011101110111000101110001000101110111000101110111

3.112. Executing AST frontend in derive mode using pre-parsed AST for module `\GTP_LUT6'.
Parameter \INIT = 64'0111011100010001011101110111000101110001000101110111000101110111
Generating RTLIL representation for module `$paramod$83191f8fabf4c430f400d6c6cac6eba6c6590677\GTP_LUT6'.
Parameter \INIT = 32'10000000000000000000000000000000
Found cached RTLIL representation for module `$paramod\GTP_LUT5\INIT=32'10000000000000000000000000000000'.
Parameter \INIT = 64'0101111100010011000100110101111100010011010111110101111100010011

3.113. Executing AST frontend in derive mode using pre-parsed AST for module `\GTP_LUT6'.
Parameter \INIT = 64'0101111100010011000100110101111100010011010111110101111100010011
Generating RTLIL representation for module `$paramod$6ffaf6e310be540d876f6598fc957885771e1b77\GTP_LUT6'.
Parameter \INIT = 64'0011111100010101000101010011111100010101001111110011111100010101
Found cached RTLIL representation for module `$paramod$5609fbf15dc1cb69e969c45c754e1d6e86fecac5\GTP_LUT6'.
Parameter \INIT = 64'0101111100010011000100110101111100010011010111110101111100010011
Found cached RTLIL representation for module `$paramod$6ffaf6e310be540d876f6598fc957885771e1b77\GTP_LUT6'.
Parameter \INIT = 64'0101111100010011000100110101111100010011010111110101111100010011
Found cached RTLIL representation for module `$paramod$6ffaf6e310be540d876f6598fc957885771e1b77\GTP_LUT6'.
Parameter \INIT = 64'0000000000000000000000000000100000000000000000000000000000000000

3.114. Executing AST frontend in derive mode using pre-parsed AST for module `\GTP_LUT6'.
Parameter \INIT = 64'0000000000000000000000000000100000000000000000000000000000000000
Generating RTLIL representation for module `$paramod$57f580f0481d484a19f53c0a4eed8d29d2aa55f3\GTP_LUT6'.
Parameter \INIT = 6908160

3.115. Executing AST frontend in derive mode using pre-parsed AST for module `\GTP_LUT5'.
Parameter \INIT = 6908160
Generating RTLIL representation for module `$paramod\GTP_LUT5\INIT=32'00000000011010010110100100000000'.
Parameter \INIT = 64'0000000000000000000000000000000000000000000000000000000000100000

3.116. Executing AST frontend in derive mode using pre-parsed AST for module `\GTP_LUT6'.
Parameter \INIT = 64'0000000000000000000000000000000000000000000000000000000000100000
Generating RTLIL representation for module `$paramod$41d1457b9d0c70bc5c643e593fb7022481a5595e\GTP_LUT6'.
Parameter \INIT = 8'10000000

3.117. Executing AST frontend in derive mode using pre-parsed AST for module `\GTP_LUT3'.
Parameter \INIT = 8'10000000
Generating RTLIL representation for module `$paramod\GTP_LUT3\INIT=8'10000000'.
Parameter \INIT = 715301418

3.118. Executing AST frontend in derive mode using pre-parsed AST for module `\GTP_LUT5'.
Parameter \INIT = 715301418
Generating RTLIL representation for module `$paramod\GTP_LUT5\INIT=32'00101010101000101010001000101010'.
Parameter \INIT = 64'0000000000000000000000000000000000000000000000000000000000001000

3.119. Executing AST frontend in derive mode using pre-parsed AST for module `\GTP_LUT6'.
Parameter \INIT = 64'0000000000000000000000000000000000000000000000000000000000001000
Generating RTLIL representation for module `$paramod$2a8de75338d836580b80372ca0fbc6879c1aadb6\GTP_LUT6'.
Parameter \INIT = 64'0000000000000000000000000000000000000000000000000000001000000000

3.120. Executing AST frontend in derive mode using pre-parsed AST for module `\GTP_LUT6'.
Parameter \INIT = 64'0000000000000000000000000000000000000000000000000000001000000000
Generating RTLIL representation for module `$paramod$e3fceaba1ca59c9d42081035a3042168e0a6b33f\GTP_LUT6'.
Parameter \INIT = 8'00000110

3.121. Executing AST frontend in derive mode using pre-parsed AST for module `\GTP_LUT3'.
Parameter \INIT = 8'00000110
Generating RTLIL representation for module `$paramod\GTP_LUT3\INIT=8'00000110'.
Parameter \INIT = 64'0000000000000000000000000000000000000000000000000000000000000100

3.122. Executing AST frontend in derive mode using pre-parsed AST for module `\GTP_LUT6'.
Parameter \INIT = 64'0000000000000000000000000000000000000000000000000000000000000100
Generating RTLIL representation for module `$paramod$f19629508eea40913004b6eb0209fd8199819bf7\GTP_LUT6'.
Parameter \INIT = 218960349

3.123. Executing AST frontend in derive mode using pre-parsed AST for module `\GTP_LUT5'.
Parameter \INIT = 218960349
Generating RTLIL representation for module `$paramod\GTP_LUT5\INIT=32'00001101000011010001000111011101'.
Parameter \INIT = 128
Found cached RTLIL representation for module `$paramod\GTP_LUT5\INIT=32'00000000000000000000000010000000'.
Parameter \INIT = 8
Found cached RTLIL representation for module `$paramod\GTP_LUT5\INIT=32'00000000000000000000000000001000'.
Parameter \INIT = 356466453

3.124. Executing AST frontend in derive mode using pre-parsed AST for module `\GTP_LUT5'.
Parameter \INIT = 356466453
Generating RTLIL representation for module `$paramod\GTP_LUT5\INIT=32'00010101001111110011111100010101'.
Parameter \INIT = 356466453
Found cached RTLIL representation for module `$paramod\GTP_LUT5\INIT=32'00010101001111110011111100010101'.
Parameter \INIT = 322002933

3.125. Executing AST frontend in derive mode using pre-parsed AST for module `\GTP_LUT5'.
Parameter \INIT = 322002933
Generating RTLIL representation for module `$paramod\GTP_LUT5\INIT=32'00010011001100010101111111110101'.
Parameter \INIT = 2
Found cached RTLIL representation for module `$paramod\GTP_LUT5\INIT=32'00000000000000000000000000000010'.
Parameter \INIT = 8'01101001
Found cached RTLIL representation for module `$paramod\GTP_LUT3\INIT=8'01101001'.
Parameter \INIT = 101672703

3.126. Executing AST frontend in derive mode using pre-parsed AST for module `\GTP_LUT5'.
Parameter \INIT = 101672703
Generating RTLIL representation for module `$paramod\GTP_LUT5\INIT=32'00000110000011110110011011111111'.
Parameter \INIT = 107352063

3.127. Executing AST frontend in derive mode using pre-parsed AST for module `\GTP_LUT5'.
Parameter \INIT = 107352063
Generating RTLIL representation for module `$paramod\GTP_LUT5\INIT=32'00000110011001100000111111111111'.
Parameter \INIT = 31876992
Found cached RTLIL representation for module `$paramod\GTP_LUT5\INIT=32'00000001111001100110011110000000'.
Parameter \INIT = 2
Found cached RTLIL representation for module `$paramod\GTP_LUT5\INIT=32'00000000000000000000000000000010'.
Parameter \INIT = 51336794

3.128. Executing AST frontend in derive mode using pre-parsed AST for module `\GTP_LUT5'.
Parameter \INIT = 51336794
Generating RTLIL representation for module `$paramod\GTP_LUT5\INIT=32'00000011000011110101011001011010'.
Parameter \INIT = 2
Found cached RTLIL representation for module `$paramod\GTP_LUT5\INIT=32'00000000000000000000000000000010'.
Parameter \INIT = 16'0000000010000000

3.129. Executing AST frontend in derive mode using pre-parsed AST for module `\GTP_LUT4'.
Parameter \INIT = 16'0000000010000000
Generating RTLIL representation for module `$paramod\GTP_LUT4\INIT=16'0000000010000000'.
Parameter \INIT = 8'01101001
Found cached RTLIL representation for module `$paramod\GTP_LUT3\INIT=8'01101001'.
Parameter \INIT = 16'0000000000001000

3.130. Executing AST frontend in derive mode using pre-parsed AST for module `\GTP_LUT4'.
Parameter \INIT = 16'0000000000001000
Generating RTLIL representation for module `$paramod\GTP_LUT4\INIT=16'0000000000001000'.
Parameter \INIT = 16'0000000000000010

3.131. Executing AST frontend in derive mode using pre-parsed AST for module `\GTP_LUT4'.
Parameter \INIT = 16'0000000000000010
Generating RTLIL representation for module `$paramod\GTP_LUT4\INIT=16'0000000000000010'.
Parameter \INIT = 16'0011111100010101

3.132. Executing AST frontend in derive mode using pre-parsed AST for module `\GTP_LUT4'.
Parameter \INIT = 16'0011111100010101
Generating RTLIL representation for module `$paramod\GTP_LUT4\INIT=16'0011111100010101'.
Parameter \INIT = 16'0011111100010101
Found cached RTLIL representation for module `$paramod\GTP_LUT4\INIT=16'0011111100010101'.
Parameter \INIT = 16'0000000000001000
Found cached RTLIL representation for module `$paramod\GTP_LUT4\INIT=16'0000000000001000'.
Parameter \INIT = 16'0000000000000001
Found cached RTLIL representation for module `$paramod\GTP_LUT4\INIT=16'0000000000000001'.
Parameter \INIT = 64'0010000000100010000000000010001000100000001000100010000000100010

3.133. Executing AST frontend in derive mode using pre-parsed AST for module `\GTP_LUT6'.
Parameter \INIT = 64'0010000000100010000000000010001000100000001000100010000000100010
Generating RTLIL representation for module `$paramod$05771141b19a9d8d4f4a8b8efd5ee741f5cf3cf5\GTP_LUT6'.
Parameter \INIT = 64'0001111100011111000111110001111100000001000000010001111100000001

3.134. Executing AST frontend in derive mode using pre-parsed AST for module `\GTP_LUT6'.
Parameter \INIT = 64'0001111100011111000111110001111100000001000000010001111100000001
Generating RTLIL representation for module `$paramod$8adebc750ed84073c4987b6c481306925b09161e\GTP_LUT6'.
Parameter \INIT = 64'0000110000001100000011000100110101001101010011010100110101001101

3.135. Executing AST frontend in derive mode using pre-parsed AST for module `\GTP_LUT6'.
Parameter \INIT = 64'0000110000001100000011000100110101001101010011010100110101001101
Generating RTLIL representation for module `$paramod$05a00cbfa065f5ae79ef3ae4d2cb12f33b1cf874\GTP_LUT6'.
Parameter \INIT = 32'10101010101010101000000010101000

3.136. Executing AST frontend in derive mode using pre-parsed AST for module `\GTP_LUT5'.
Parameter \INIT = 32'10101010101010101000000010101000
Generating RTLIL representation for module `$paramod\GTP_LUT5\INIT=32'10101010101010101000000010101000'.
Parameter \INIT = 64'0010101100100010001010110010001000101011001000101011101100101011

3.137. Executing AST frontend in derive mode using pre-parsed AST for module `\GTP_LUT6'.
Parameter \INIT = 64'0010101100100010001010110010001000101011001000101011101100101011
Generating RTLIL representation for module `$paramod$2de82c17b30dc0cd94174cc4ef91f69a44629576\GTP_LUT6'.
Parameter \INIT = 64'1111111011101010101010001000000011111101110101010101010001000000

3.138. Executing AST frontend in derive mode using pre-parsed AST for module `\GTP_LUT6'.
Parameter \INIT = 64'1111111011101010101010001000000011111101110101010101010001000000
Generating RTLIL representation for module `$paramod$049d3ca4cc721f314d14e9ccc5053201016f8ece\GTP_LUT6'.
Parameter \INIT = 64'0000001000001000111111011111011100001010000010101111010111110101

3.139. Executing AST frontend in derive mode using pre-parsed AST for module `\GTP_LUT6'.
Parameter \INIT = 64'0000001000001000111111011111011100001010000010101111010111110101
Generating RTLIL representation for module `$paramod$281ff38162703ff73effa810d901a46b3679ab11\GTP_LUT6'.
Parameter \INIT = 64'1010100010001000101010001000100010101010100010001010100010001000

3.140. Executing AST frontend in derive mode using pre-parsed AST for module `\GTP_LUT6'.
Parameter \INIT = 64'1010100010001000101010001000100010101010100010001010100010001000
Generating RTLIL representation for module `$paramod$a02b7d775201ad999b898c8114025838f469832c\GTP_LUT6'.
Parameter \INIT = 1431650580

3.141. Executing AST frontend in derive mode using pre-parsed AST for module `\GTP_LUT5'.
Parameter \INIT = 1431650580
Generating RTLIL representation for module `$paramod\GTP_LUT5\INIT=32'01010101010101010100000100010100'.
Parameter \INIT = 64'1001101001011001011001011010011001100101101001101001101001011001

3.142. Executing AST frontend in derive mode using pre-parsed AST for module `\GTP_LUT6'.
Parameter \INIT = 64'1001101001011001011001011010011001100101101001101001101001011001
Generating RTLIL representation for module `$paramod$7f3cd46912ead349d3a9fac2a54303e9b19970b4\GTP_LUT6'.
Parameter \INIT = 64'1100010011111101110011101100111001000100110111011110111011101110

3.143. Executing AST frontend in derive mode using pre-parsed AST for module `\GTP_LUT6'.
Parameter \INIT = 64'1100010011111101110011101100111001000100110111011110111011101110
Generating RTLIL representation for module `$paramod$883fb4572a3bc4e2afd9242a8f2fb137947de019\GTP_LUT6'.
Parameter \INIT = 64'0000000000000000000000000000100000000000000000000000100000001000

3.144. Executing AST frontend in derive mode using pre-parsed AST for module `\GTP_LUT6'.
Parameter \INIT = 64'0000000000000000000000000000100000000000000000000000100000001000
Generating RTLIL representation for module `$paramod$030dbc0a804788c25205e345a4e4fe7ebc844bb9\GTP_LUT6'.
Parameter \INIT = 64'0000000000000000000000000000100000000000000000000000100000001000
Found cached RTLIL representation for module `$paramod$030dbc0a804788c25205e345a4e4fe7ebc844bb9\GTP_LUT6'.
Parameter \INIT = 64'0000000000001100010101010101100100001100000011000101100101011001

3.145. Executing AST frontend in derive mode using pre-parsed AST for module `\GTP_LUT6'.
Parameter \INIT = 64'0000000000001100010101010101100100001100000011000101100101011001
Generating RTLIL representation for module `$paramod$d5aac5ae8eaf493eeb7a9aca3e163ac8a3e2f3f8\GTP_LUT6'.
Parameter \INIT = 64'1000000000000000000000000000000000000000000000000000000000000000
Found cached RTLIL representation for module `$paramod$492504319aaaedd247a3255e8ac4e753d3714520\GTP_LUT6'.
Parameter \INIT = 64'1000000000000000000000000000000000000000000000000000000000000000
Found cached RTLIL representation for module `$paramod$492504319aaaedd247a3255e8ac4e753d3714520\GTP_LUT6'.
Parameter \INIT = 64'0000001000100000001000100010001011110111011111110111011101110111

3.146. Executing AST frontend in derive mode using pre-parsed AST for module `\GTP_LUT6'.
Parameter \INIT = 64'0000001000100000001000100010001011110111011111110111011101110111
Generating RTLIL representation for module `$paramod$79bc77f58871aae4e671adf3e01718a25f873b42\GTP_LUT6'.
Parameter \INIT = 64'1010101010101010101001101010101010100110101010101010011010101010

3.147. Executing AST frontend in derive mode using pre-parsed AST for module `\GTP_LUT6'.
Parameter \INIT = 64'1010101010101010101001101010101010100110101010101010011010101010
Generating RTLIL representation for module `$paramod$66a664f34a2ecc7eb2983d5cd844377af2a34ad8\GTP_LUT6'.
Parameter \INIT = 64'0101010101010101010100010101010101010001010101010101000101010101

3.148. Executing AST frontend in derive mode using pre-parsed AST for module `\GTP_LUT6'.
Parameter \INIT = 64'0101010101010101010100010101010101010001010101010101000101010101
Generating RTLIL representation for module `$paramod$8394e6074c3046fc0321372410999046506a4271\GTP_LUT6'.
Parameter \INIT = 64'0000000000000000000000000000000000000000000000001000000000000000
Found cached RTLIL representation for module `$paramod$15b020ac927ddb1879e5c2605abe35d430e43019\GTP_LUT6'.
Parameter \INIT = 64'0100101110000111000111100111100010110100011110001110000110000111

3.149. Executing AST frontend in derive mode using pre-parsed AST for module `\GTP_LUT6'.
Parameter \INIT = 64'0100101110000111000111100111100010110100011110001110000110000111
Generating RTLIL representation for module `$paramod$b661e842effff1c1f4c1c9a25a884e54184db9f1\GTP_LUT6'.
Parameter \INIT = 64'1111000011010010110100101101001011111111110111011101110111011101

3.150. Executing AST frontend in derive mode using pre-parsed AST for module `\GTP_LUT6'.
Parameter \INIT = 64'1111000011010010110100101101001011111111110111011101110111011101
Generating RTLIL representation for module `$paramod$7ae97efefe0ad4d6d1fa069ba2ba7191c10c00a0\GTP_LUT6'.
Parameter \INIT = 32'10000000000000000000000000000000
Found cached RTLIL representation for module `$paramod\GTP_LUT5\INIT=32'10000000000000000000000000000000'.
Parameter \INIT = 64'0101000100010101111100110011111111110011111100110101000100010101

3.151. Executing AST frontend in derive mode using pre-parsed AST for module `\GTP_LUT6'.
Parameter \INIT = 64'0101000100010101111100110011111111110011111100110101000100010101
Generating RTLIL representation for module `$paramod$941278bab29cec001f9a864f1304865d8011b7aa\GTP_LUT6'.
Parameter \INIT = 64'1000000000000000000000000000000000000000000000000000000000000000
Found cached RTLIL representation for module `$paramod$492504319aaaedd247a3255e8ac4e753d3714520\GTP_LUT6'.
Parameter \INIT = 32'10000000000000000000000000000000
Found cached RTLIL representation for module `$paramod\GTP_LUT5\INIT=32'10000000000000000000000000000000'.
Parameter \INIT = 64'0000000000000000000000000000000000000000000000001000000000000000
Found cached RTLIL representation for module `$paramod$15b020ac927ddb1879e5c2605abe35d430e43019\GTP_LUT6'.
Parameter \INIT = 64'1000000000000000000000000000000000000000000000000000000000000000
Found cached RTLIL representation for module `$paramod$492504319aaaedd247a3255e8ac4e753d3714520\GTP_LUT6'.
Parameter \INIT = 64'0000000000000000000000000000000000000000000000000000100000000000
Found cached RTLIL representation for module `$paramod$93ea42f15927ee0419824ce4ab0ae39b9241ea9e\GTP_LUT6'.
Parameter \INIT = 64'0000000100000101000100010101010100010001010101010000000100000101

3.152. Executing AST frontend in derive mode using pre-parsed AST for module `\GTP_LUT6'.
Parameter \INIT = 64'0000000100000101000100010101010100010001010101010000000100000101
Generating RTLIL representation for module `$paramod$bf2ca687a834c4eafa920698f41b178cc1e4594e\GTP_LUT6'.
Parameter \INIT = 64'0000101000100000001000000000101000101010001010100010101000101010

3.153. Executing AST frontend in derive mode using pre-parsed AST for module `\GTP_LUT6'.
Parameter \INIT = 64'0000101000100000001000000000101000101010001010100010101000101010
Generating RTLIL representation for module `$paramod$d35c1e53f1e12618720d1ecbf4a0c05c4140493e\GTP_LUT6'.
Parameter \INIT = 64'0000001010101010001000100000101000100010000010100000001010101010

3.154. Executing AST frontend in derive mode using pre-parsed AST for module `\GTP_LUT6'.
Parameter \INIT = 64'0000001010101010001000100000101000100010000010100000001010101010
Generating RTLIL representation for module `$paramod$ee056d8c40095bdbb87dd871972c5ece73de5582\GTP_LUT6'.
Parameter \INIT = 64'0000101000100000001000000000101000101010001010100010101000101010
Found cached RTLIL representation for module `$paramod$d35c1e53f1e12618720d1ecbf4a0c05c4140493e\GTP_LUT6'.
Parameter \INIT = 64'0101111100010011000100111111010100010011111101011111010100110001

3.155. Executing AST frontend in derive mode using pre-parsed AST for module `\GTP_LUT6'.
Parameter \INIT = 64'0101111100010011000100111111010100010011111101011111010100110001
Generating RTLIL representation for module `$paramod$6ee3f279dccb699147fd7aebf1d49b5cfff53a40\GTP_LUT6'.
Parameter \INIT = 32'11010101110101010010101011010101

3.156. Executing AST frontend in derive mode using pre-parsed AST for module `\GTP_LUT5'.
Parameter \INIT = 32'11010101110101010010101011010101
Generating RTLIL representation for module `$paramod\GTP_LUT5\INIT=32'11010101110101010010101011010101'.
Parameter \INIT = 64'0000001000100000000010101010000000100010001000101010101010101010

3.157. Executing AST frontend in derive mode using pre-parsed AST for module `\GTP_LUT6'.
Parameter \INIT = 64'0000001000100000000010101010000000100010001000101010101010101010
Generating RTLIL representation for module `$paramod$bcadd7b40bf918cc7020ab79ea342a52565d1a7c\GTP_LUT6'.
Parameter \INIT = 64'0000101000000010000000100000101000100010101010101010101000100010

3.158. Executing AST frontend in derive mode using pre-parsed AST for module `\GTP_LUT6'.
Parameter \INIT = 64'0000101000000010000000100000101000100010101010101010101000100010
Generating RTLIL representation for module `$paramod$9c60f886ba211da1de8393acb2a39d60dee02db0\GTP_LUT6'.
Parameter \INIT = 64'0000001000100000000010101010000000100010001000101010101010101010
Found cached RTLIL representation for module `$paramod$bcadd7b40bf918cc7020ab79ea342a52565d1a7c\GTP_LUT6'.
Parameter \INIT = 64'0000000000101000001010000010100000000000101010101010101010101010

3.159. Executing AST frontend in derive mode using pre-parsed AST for module `\GTP_LUT6'.
Parameter \INIT = 64'0000000000101000001010000010100000000000101010101010101010101010
Generating RTLIL representation for module `$paramod$aef3c48a43f77dddbf3a8dbfd3dc1135a0ecbe65\GTP_LUT6'.
Parameter \INIT = 64'0000000000010100000101000001010000000000010101010101010101010101

3.160. Executing AST frontend in derive mode using pre-parsed AST for module `\GTP_LUT6'.
Parameter \INIT = 64'0000000000010100000101000001010000000000010101010101010101010101
Generating RTLIL representation for module `$paramod$5efd2f170c563b0a816c7163513d5db7dc944f15\GTP_LUT6'.
Parameter \INIT = 64'1000101010100010001000000000100000100000000010001000101010100010

3.161. Executing AST frontend in derive mode using pre-parsed AST for module `\GTP_LUT6'.
Parameter \INIT = 64'1000101010100010001000000000100000100000000010001000101010100010
Generating RTLIL representation for module `$paramod$fdfef22d4aef202f5ef80554578f2376b3b491f1\GTP_LUT6'.
Parameter \INIT = 64'0000000010101010101010101010101011111111110101011101010111010101

3.162. Executing AST frontend in derive mode using pre-parsed AST for module `\GTP_LUT6'.
Parameter \INIT = 64'0000000010101010101010101010101011111111110101011101010111010101
Generating RTLIL representation for module `$paramod$46c7abedc68dace281cdbb3972edd7c0b4f540e9\GTP_LUT6'.
Parameter \INIT = 64'0000000100010000000001010101000000010001000100010101010101010101

3.163. Executing AST frontend in derive mode using pre-parsed AST for module `\GTP_LUT6'.
Parameter \INIT = 64'0000000100010000000001010101000000010001000100010101010101010101
Generating RTLIL representation for module `$paramod$9d8fde011952c7301e9f11e99ab3c8987a82352c\GTP_LUT6'.
Parameter \INIT = 16'1000000000000000
Found cached RTLIL representation for module `$paramod\GTP_LUT4\INIT=16'1000000000000000'.
Parameter \INIT = 64'1111110111110101110111010101010100000010000010100010001010101010

3.164. Executing AST frontend in derive mode using pre-parsed AST for module `\GTP_LUT6'.
Parameter \INIT = 64'1111110111110101110111010101010100000010000010100010001010101010
Generating RTLIL representation for module `$paramod$1106b90a3a39e2b008e7a226af2bd2653df33ac5\GTP_LUT6'.
Parameter \INIT = 64'0000000000000000000010000000000000000000000000000000000000000000

3.165. Executing AST frontend in derive mode using pre-parsed AST for module `\GTP_LUT6'.
Parameter \INIT = 64'0000000000000000000010000000000000000000000000000000000000000000
Generating RTLIL representation for module `$paramod$4ecb3be821d3b40e7dcd2ac99774bb5bf8518a0a\GTP_LUT6'.
Parameter \INIT = 6908160
Found cached RTLIL representation for module `$paramod\GTP_LUT5\INIT=32'00000000011010010110100100000000'.
Parameter \INIT = 16'0100111011011110

3.166. Executing AST frontend in derive mode using pre-parsed AST for module `\GTP_LUT4'.
Parameter \INIT = 16'0100111011011110
Generating RTLIL representation for module `$paramod\GTP_LUT4\INIT=16'0100111011011110'.
Parameter \INIT = 64'1001011011000011110000110110100100000000000000000000000000000000

3.167. Executing AST frontend in derive mode using pre-parsed AST for module `\GTP_LUT6'.
Parameter \INIT = 64'1001011011000011110000110110100100000000000000000000000000000000
Generating RTLIL representation for module `$paramod$1a6c68c392922bfe756f640c8ce9e95e561d2cc8\GTP_LUT6'.
Parameter \INIT = 64'1001011011000011110000110110100100000000000000000000000000000000
Found cached RTLIL representation for module `$paramod$1a6c68c392922bfe756f640c8ce9e95e561d2cc8\GTP_LUT6'.
Parameter \INIT = 32'11111001100100001111100111111001

3.168. Executing AST frontend in derive mode using pre-parsed AST for module `\GTP_LUT5'.
Parameter \INIT = 32'11111001100100001111100111111001
Generating RTLIL representation for module `$paramod\GTP_LUT5\INIT=32'11111001100100001111100111111001'.
Parameter \INIT = 8388608

3.169. Executing AST frontend in derive mode using pre-parsed AST for module `\GTP_LUT5'.
Parameter \INIT = 8388608
Generating RTLIL representation for module `$paramod\GTP_LUT5\INIT=32'00000000100000000000000000000000'.
Parameter \INIT = 1084926634

3.170. Executing AST frontend in derive mode using pre-parsed AST for module `\GTP_LUT5'.
Parameter \INIT = 1084926634
Generating RTLIL representation for module `$paramod\GTP_LUT5\INIT=32'01000000101010101010101010101010'.
Parameter \INIT = 64'0000000000000000000000001000000000000000000000000000000000000000

3.171. Executing AST frontend in derive mode using pre-parsed AST for module `\GTP_LUT6'.
Parameter \INIT = 64'0000000000000000000000001000000000000000000000000000000000000000
Generating RTLIL representation for module `$paramod$84b5b630294ec426e51eb3ee26536af7f2d9f257\GTP_LUT6'.
Parameter \INIT = 64'0001000000110000010100001111000000010001001100110101010111111111

3.172. Executing AST frontend in derive mode using pre-parsed AST for module `\GTP_LUT6'.
Parameter \INIT = 64'0001000000110000010100001111000000010001001100110101010111111111
Generating RTLIL representation for module `$paramod$d5843063c2a8f23e5b70fa1750afcfa29cf8b6e3\GTP_LUT6'.
Parameter \INIT = 64'0000000100010001000000110011001100000101010101010000111111111111

3.173. Executing AST frontend in derive mode using pre-parsed AST for module `\GTP_LUT6'.
Parameter \INIT = 64'0000000100010001000000110011001100000101010101010000111111111111
Generating RTLIL representation for module `$paramod$bab8f8d79e4ec36920843357452ace54a9f00396\GTP_LUT6'.
Parameter \INIT = 1381653

3.174. Executing AST frontend in derive mode using pre-parsed AST for module `\GTP_LUT5'.
Parameter \INIT = 1381653
Generating RTLIL representation for module `$paramod\GTP_LUT5\INIT=32'00000000000101010001010100010101'.
Parameter \INIT = 64'1000000010001000101000001010101011000000110011001111000011111111

3.175. Executing AST frontend in derive mode using pre-parsed AST for module `\GTP_LUT6'.
Parameter \INIT = 64'1000000010001000101000001010101011000000110011001111000011111111
Generating RTLIL representation for module `$paramod$7ba9b5e712fc072183dc5830e786f49a8479c302\GTP_LUT6'.
Parameter \INIT = 64'0000000000000000000000000000000000000000000000000000000000000001
Found cached RTLIL representation for module `$paramod$20246d5e7b6bcf137d425da26da5fdd90dad3f52\GTP_LUT6'.
Parameter \INIT = 325017363
Found cached RTLIL representation for module `$paramod\GTP_LUT5\INIT=32'00010011010111110101111100010011'.
Parameter \INIT = 64'0000000000000000111111111111111000000000000000001111111111111111

3.176. Executing AST frontend in derive mode using pre-parsed AST for module `\GTP_LUT6'.
Parameter \INIT = 64'0000000000000000111111111111111000000000000000001111111111111111
Generating RTLIL representation for module `$paramod$735876b0920e64ced6cbc04dcda267f89afdc028\GTP_LUT6'.
Parameter \INIT = 322002933
Found cached RTLIL representation for module `$paramod\GTP_LUT5\INIT=32'00010011001100010101111111110101'.
Parameter \INIT = 357646323

3.177. Executing AST frontend in derive mode using pre-parsed AST for module `\GTP_LUT5'.
Parameter \INIT = 357646323
Generating RTLIL representation for module `$paramod\GTP_LUT5\INIT=32'00010101010100010011111111110011'.
Parameter \INIT = 322002933
Found cached RTLIL representation for module `$paramod\GTP_LUT5\INIT=32'00010011001100010101111111110101'.
Parameter \INIT = 8'01011001

3.178. Executing AST frontend in derive mode using pre-parsed AST for module `\GTP_LUT3'.
Parameter \INIT = 8'01011001
Generating RTLIL representation for module `$paramod\GTP_LUT3\INIT=8'01011001'.
Parameter \INIT = 134217728

3.179. Executing AST frontend in derive mode using pre-parsed AST for module `\GTP_LUT5'.
Parameter \INIT = 134217728
Generating RTLIL representation for module `$paramod\GTP_LUT5\INIT=32'00001000000000000000000000000000'.
Parameter \INIT = 322002933
Found cached RTLIL representation for module `$paramod\GTP_LUT5\INIT=32'00010011001100010101111111110101'.
Parameter \INIT = 1
Found cached RTLIL representation for module `$paramod\GTP_LUT5\INIT=32'00000000000000000000000000000001'.
Parameter \INIT = 8'10010110
Found cached RTLIL representation for module `$paramod\GTP_LUT3\INIT=8'10010110'.
Parameter \INIT = 16'0100110001011111

3.180. Executing AST frontend in derive mode using pre-parsed AST for module `\GTP_LUT4'.
Parameter \INIT = 16'0100110001011111
Generating RTLIL representation for module `$paramod\GTP_LUT4\INIT=16'0100110001011111'.
Parameter \INIT = 16'0001010100111111

3.181. Executing AST frontend in derive mode using pre-parsed AST for module `\GTP_LUT4'.
Parameter \INIT = 16'0001010100111111
Generating RTLIL representation for module `$paramod\GTP_LUT4\INIT=16'0001010100111111'.
Parameter \INIT = 16'0001001101011111

3.182. Executing AST frontend in derive mode using pre-parsed AST for module `\GTP_LUT4'.
Parameter \INIT = 16'0001001101011111
Generating RTLIL representation for module `$paramod\GTP_LUT4\INIT=16'0001001101011111'.
Parameter \INIT = 16'0001010100111111
Found cached RTLIL representation for module `$paramod\GTP_LUT4\INIT=16'0001010100111111'.
Parameter \INIT = 16'0000000000000001
Found cached RTLIL representation for module `$paramod\GTP_LUT4\INIT=16'0000000000000001'.
Parameter \INIT = 8'10010000

3.183. Executing AST frontend in derive mode using pre-parsed AST for module `\GTP_LUT3'.
Parameter \INIT = 8'10010000
Generating RTLIL representation for module `$paramod\GTP_LUT3\INIT=8'10010000'.
Parameter \INIT = 32'10001010000010001110111110101110

3.184. Executing AST frontend in derive mode using pre-parsed AST for module `\GTP_LUT5'.
Parameter \INIT = 32'10001010000010001110111110101110
Generating RTLIL representation for module `$paramod\GTP_LUT5\INIT=32'10001010000010001110111110101110'.
Parameter \INIT = 1157973317

3.185. Executing AST frontend in derive mode using pre-parsed AST for module `\GTP_LUT5'.
Parameter \INIT = 1157973317
Generating RTLIL representation for module `$paramod\GTP_LUT5\INIT=32'01000101000001010100010101000101'.
Parameter \INIT = 1431725670

3.186. Executing AST frontend in derive mode using pre-parsed AST for module `\GTP_LUT5'.
Parameter \INIT = 1431725670
Generating RTLIL representation for module `$paramod\GTP_LUT5\INIT=32'01010101010101100110011001100110'.
Parameter \INIT = 64'0110000011111111111101101111111100000000011000000000000011110110

3.187. Executing AST frontend in derive mode using pre-parsed AST for module `\GTP_LUT6'.
Parameter \INIT = 64'0110000011111111111101101111111100000000011000000000000011110110
Generating RTLIL representation for module `$paramod$d8b37be1fea09c2fb852d621afe2190e48ee8393\GTP_LUT6'.
Parameter \INIT = 64'1101011111010111010000011101011101000001110101110100000101000001

3.188. Executing AST frontend in derive mode using pre-parsed AST for module `\GTP_LUT6'.
Parameter \INIT = 64'1101011111010111010000011101011101000001110101110100000101000001
Generating RTLIL representation for module `$paramod$eec57cd2b331a49f53c93de488aa165e33b9cd47\GTP_LUT6'.
Parameter \INIT = 64'0110100110011001011001100110100110010110011001101001100110010110
Found cached RTLIL representation for module `$paramod$494f800a9d246b61868b6a6f05a5a99e3c9d8e3a\GTP_LUT6'.
Parameter \INIT = 64'0010101110111011001000100010101100010111011101110001000100010111

3.189. Executing AST frontend in derive mode using pre-parsed AST for module `\GTP_LUT6'.
Parameter \INIT = 64'0010101110111011001000100010101100010111011101110001000100010111
Generating RTLIL representation for module `$paramod$69df7776ccde050e9114bd26fb76c06448c1a01a\GTP_LUT6'.
Parameter \INIT = 64'0000100010001010101011101110111100000100010001010101110111011111

3.190. Executing AST frontend in derive mode using pre-parsed AST for module `\GTP_LUT6'.
Parameter \INIT = 64'0000100010001010101011101110111100000100010001010101110111011111
Generating RTLIL representation for module `$paramod$02a6feb0dc4469a9f4277688f349c8f33417d3a3\GTP_LUT6'.
Parameter \INIT = 64'1010111011101111000010001000101001011101110111110000010001000101

3.191. Executing AST frontend in derive mode using pre-parsed AST for module `\GTP_LUT6'.
Parameter \INIT = 64'1010111011101111000010001000101001011101110111110000010001000101
Generating RTLIL representation for module `$paramod$fbb6b9563eff822949654b2306c1622547b275db\GTP_LUT6'.
Parameter \INIT = 64'1010111011101111000010001000101001011101110111110000010001000101
Found cached RTLIL representation for module `$paramod$fbb6b9563eff822949654b2306c1622547b275db\GTP_LUT6'.
Parameter \INIT = 64'1010011001100101010110011001101001011001100110101010011001100101

3.192. Executing AST frontend in derive mode using pre-parsed AST for module `\GTP_LUT6'.
Parameter \INIT = 64'1010011001100101010110011001101001011001100110101010011001100101
Generating RTLIL representation for module `$paramod$0e03d1854af144816169b5573456b855eafd7561\GTP_LUT6'.
Parameter \INIT = 64'1101001011011101001011010010001011011101110100101101110111010010

3.193. Executing AST frontend in derive mode using pre-parsed AST for module `\GTP_LUT6'.
Parameter \INIT = 64'1101001011011101001011010010001011011101110100101101110111010010
Generating RTLIL representation for module `$paramod$d0cf1b51454b6bc949d5c25668023fe2b0717b6a\GTP_LUT6'.
Parameter \INIT = 32'10001110100011101000100010001110

3.194. Executing AST frontend in derive mode using pre-parsed AST for module `\GTP_LUT5'.
Parameter \INIT = 32'10001110100011101000100010001110
Generating RTLIL representation for module `$paramod\GTP_LUT5\INIT=32'10001110100011101000100010001110'.
Parameter \INIT = 64'0101011001101010101010011001010110101001100101010101011001101010
Found cached RTLIL representation for module `$paramod$b43a7e0ec80a203a2d0a6f330a15d15d148158df\GTP_LUT6'.
Parameter \INIT = 64'0101011001100110010101100110011001010101011001100101011001100110

3.195. Executing AST frontend in derive mode using pre-parsed AST for module `\GTP_LUT6'.
Parameter \INIT = 64'0101011001100110010101100110011001010101011001100101011001100110
Generating RTLIL representation for module `$paramod$7f938c331c62fe261a68abac2cba8f884414795f\GTP_LUT6'.
Parameter \INIT = 32'11111110111010101010100010000000

3.196. Executing AST frontend in derive mode using pre-parsed AST for module `\GTP_LUT5'.
Parameter \INIT = 32'11111110111010101010100010000000
Generating RTLIL representation for module `$paramod\GTP_LUT5\INIT=32'11111110111010101010100010000000'.
Parameter \INIT = 64'1001010110010101100101010101011010010101010101100101011001010110

3.197. Executing AST frontend in derive mode using pre-parsed AST for module `\GTP_LUT6'.
Parameter \INIT = 64'1001010110010101100101010101011010010101010101100101011001010110
Generating RTLIL representation for module `$paramod$64a203ea49c7fa5d8280338f80a3cdc884831238\GTP_LUT6'.
Parameter \INIT = 64'0000000000001100010101010101100100001100000011000101100101011001
Found cached RTLIL representation for module `$paramod$d5aac5ae8eaf493eeb7a9aca3e163ac8a3e2f3f8\GTP_LUT6'.
Parameter \INIT = 64'1010001000100010101011101110111011111011101110111010111011101110

3.198. Executing AST frontend in derive mode using pre-parsed AST for module `\GTP_LUT6'.
Parameter \INIT = 64'1010001000100010101011101110111011111011101110111010111011101110
Generating RTLIL representation for module `$paramod$8c3e1ac9ad8b2c0c4583456a947ba31f68cce36d\GTP_LUT6'.
Parameter \INIT = 64'1111110111011101110111011111110100000010001000100010001000000010

3.199. Executing AST frontend in derive mode using pre-parsed AST for module `\GTP_LUT6'.
Parameter \INIT = 64'1111110111011101110111011111110100000010001000100010001000000010
Generating RTLIL representation for module `$paramod$c6d75ecf9659b37b96560968ffe01f36938094fe\GTP_LUT6'.
Parameter \INIT = 64'0001001000000000000100100001001001111011010110100111101101111011

3.200. Executing AST frontend in derive mode using pre-parsed AST for module `\GTP_LUT6'.
Parameter \INIT = 64'0001001000000000000100100001001001111011010110100111101101111011
Generating RTLIL representation for module `$paramod$ff34b33b3443ebb43dc44bb5068ba982e4aa8bf3\GTP_LUT6'.
Parameter \INIT = 64'1001011010100101100101101001011001101001010110100110100101101001

3.201. Executing AST frontend in derive mode using pre-parsed AST for module `\GTP_LUT6'.
Parameter \INIT = 64'1001011010100101100101101001011001101001010110100110100101101001
Generating RTLIL representation for module `$paramod$ea646375d97c3ef446cb6d3a34886e7a08a3a19c\GTP_LUT6'.
Parameter \INIT = 64'1000000000000000000000000000000000000000000000000000000000000000
Found cached RTLIL representation for module `$paramod$492504319aaaedd247a3255e8ac4e753d3714520\GTP_LUT6'.
Parameter \INIT = 64'1111110111011111000000100010000011011101110111010010001000100010

3.202. Executing AST frontend in derive mode using pre-parsed AST for module `\GTP_LUT6'.
Parameter \INIT = 64'1111110111011111000000100010000011011101110111010010001000100010
Generating RTLIL representation for module `$paramod$1b485defa9de05d73d444ee05daed7ad0c7bc16a\GTP_LUT6'.
Parameter \INIT = 64'0101010101011001010110010101100110101010101001101010011010100110

3.203. Executing AST frontend in derive mode using pre-parsed AST for module `\GTP_LUT6'.
Parameter \INIT = 64'0101010101011001010110010101100110101010101001101010011010100110
Generating RTLIL representation for module `$paramod$3246ec3f5edf1b2bfeccdf50e01c1d973583439a\GTP_LUT6'.
Parameter \INIT = 64'0100000010000000010101001111100011110100111110001110000010000000

3.204. Executing AST frontend in derive mode using pre-parsed AST for module `\GTP_LUT6'.
Parameter \INIT = 64'0100000010000000010101001111100011110100111110001110000010000000
Generating RTLIL representation for module `$paramod$24603cbe13e2f4b4bfd82fafb1d5ee773fe2b1b1\GTP_LUT6'.
Parameter \INIT = 64'1001011001101001100101101001011010010110011010011001011001101001

3.205. Executing AST frontend in derive mode using pre-parsed AST for module `\GTP_LUT6'.
Parameter \INIT = 64'1001011001101001100101101001011010010110011010011001011001101001
Generating RTLIL representation for module `$paramod$35cac626ca71106bad861f12d4e32a2f98fb23d5\GTP_LUT6'.
Parameter \INIT = 64'0001010001111101000101000001010000010100011111010001010001111101

3.206. Executing AST frontend in derive mode using pre-parsed AST for module `\GTP_LUT6'.
Parameter \INIT = 64'0001010001111101000101000001010000010100011111010001010001111101
Generating RTLIL representation for module `$paramod$98499b3959bb1061e27bb3ab1e269a14d91764d9\GTP_LUT6'.
Parameter \INIT = 64'0000001000100000001000100010001011110111011111110111011101110111
Found cached RTLIL representation for module `$paramod$79bc77f58871aae4e671adf3e01718a25f873b42\GTP_LUT6'.
Parameter \INIT = 64'0101111100010011000100111111010100010011111101011111010100110001
Found cached RTLIL representation for module `$paramod$6ee3f279dccb699147fd7aebf1d49b5cfff53a40\GTP_LUT6'.
Parameter \INIT = 8'10010110
Found cached RTLIL representation for module `$paramod\GTP_LUT3\INIT=8'10010110'.
Parameter \INIT = 64'1111111111111110000000000000000111111110111111100000000100000001

3.207. Executing AST frontend in derive mode using pre-parsed AST for module `\GTP_LUT6'.
Parameter \INIT = 64'1111111111111110000000000000000111111110111111100000000100000001
Generating RTLIL representation for module `$paramod$f9b7299f6ca3e5ab70b5dfb4c0c18981c60f7861\GTP_LUT6'.
Parameter \INIT = 64'0000101000001010101010101010101011111101111101011101110101010101

3.208. Executing AST frontend in derive mode using pre-parsed AST for module `\GTP_LUT6'.
Parameter \INIT = 64'0000101000001010101010101010101011111101111101011101110101010101
Generating RTLIL representation for module `$paramod$b17b9fc4eeccec80cf086961bbf7df31b3b11099\GTP_LUT6'.
Parameter \INIT = 64'0000000001100000011000000110000000000000111100001111000011110000

3.209. Executing AST frontend in derive mode using pre-parsed AST for module `\GTP_LUT6'.
Parameter \INIT = 64'0000000001100000011000000110000000000000111100001111000011110000
Generating RTLIL representation for module `$paramod$96b44b64fd3795e394c8070a76bbf20ab795cfdf\GTP_LUT6'.
Parameter \INIT = 64'0000001000100000000010101010000000100010001000101010101010101010
Found cached RTLIL representation for module `$paramod$bcadd7b40bf918cc7020ab79ea342a52565d1a7c\GTP_LUT6'.
Parameter \INIT = 64'0000001000001010000010100000001000100010101010101010101000100010

3.210. Executing AST frontend in derive mode using pre-parsed AST for module `\GTP_LUT6'.
Parameter \INIT = 64'0000001000001010000010100000001000100010101010101010101000100010
Generating RTLIL representation for module `$paramod$a0383f873e84caefe1338c32038f8436a80841bf\GTP_LUT6'.
Parameter \INIT = 64'0000000000000000000000001000000000000000000000000000000000000000
Found cached RTLIL representation for module `$paramod$84b5b630294ec426e51eb3ee26536af7f2d9f257\GTP_LUT6'.
Parameter \INIT = 64'0010000000000010000010101010000000100010001000101010101010101010

3.211. Executing AST frontend in derive mode using pre-parsed AST for module `\GTP_LUT6'.
Parameter \INIT = 64'0010000000000010000010101010000000100010001000101010101010101010
Generating RTLIL representation for module `$paramod$3982f7faedddf968249a15a1942c2aeb83a92530\GTP_LUT6'.
Parameter \INIT = 64'0000000000000000001000000000000000000000000000000000000000000000

3.212. Executing AST frontend in derive mode using pre-parsed AST for module `\GTP_LUT6'.
Parameter \INIT = 64'0000000000000000001000000000000000000000000000000000000000000000
Generating RTLIL representation for module `$paramod$028cc3032a54c473f517ff402686cedd1fea07d8\GTP_LUT6'.
Parameter \INIT = 8'01101001
Found cached RTLIL representation for module `$paramod\GTP_LUT3\INIT=8'01101001'.
Parameter \INIT = 16'1000000000000000
Found cached RTLIL representation for module `$paramod\GTP_LUT4\INIT=16'1000000000000000'.
Parameter \INIT = 64'0000000100010001000000110011001100000011001100110000000100010001

3.213. Executing AST frontend in derive mode using pre-parsed AST for module `\GTP_LUT6'.
Parameter \INIT = 64'0000000100010001000000110011001100000011001100110000000100010001
Generating RTLIL representation for module `$paramod$cbe6d5c44370dde7a7cc34230f9c46961f98a254\GTP_LUT6'.
Parameter \INIT = 64'0000000100000101000100010101010100010001010101010000000100000101
Found cached RTLIL representation for module `$paramod$bf2ca687a834c4eafa920698f41b178cc1e4594e\GTP_LUT6'.
Parameter \INIT = 35660322

3.214. Executing AST frontend in derive mode using pre-parsed AST for module `\GTP_LUT5'.
Parameter \INIT = 35660322
Generating RTLIL representation for module `$paramod\GTP_LUT5\INIT=32'00000010001000000010001000100010'.
Parameter \INIT = 64'0000000000000000000000000000000000000000000000000000000000001000
Found cached RTLIL representation for module `$paramod$2a8de75338d836580b80372ca0fbc6879c1aadb6\GTP_LUT6'.
Parameter \INIT = 64'0000001000100010000010101010101011111101110111011111010101010101

3.215. Executing AST frontend in derive mode using pre-parsed AST for module `\GTP_LUT6'.
Parameter \INIT = 64'0000001000100010000010101010101011111101110111011111010101010101
Generating RTLIL representation for module `$paramod$84284631376f114e4ec7dc9abcae89378739e4ca\GTP_LUT6'.
Parameter \INIT = 64'1000000010000010100100001001011010100000101010101111000011111111

3.216. Executing AST frontend in derive mode using pre-parsed AST for module `\GTP_LUT6'.
Parameter \INIT = 64'1000000010000010100100001001011010100000101010101111000011111111
Generating RTLIL representation for module `$paramod$11c52eaff059bbedde3cab20ab5bff4e4831b8c3\GTP_LUT6'.
Parameter \INIT = 64'0000000000000000000000000000000000000000000000000000000010000000
Found cached RTLIL representation for module `$paramod$59a0039f35ecdbe38b8a0ce2f13aa40890a8a3be\GTP_LUT6'.
Parameter \INIT = 1431918937

3.217. Executing AST frontend in derive mode using pre-parsed AST for module `\GTP_LUT5'.
Parameter \INIT = 1431918937
Generating RTLIL representation for module `$paramod\GTP_LUT5\INIT=32'01010101010110010101100101011001'.
Parameter \INIT = 64'0000000000000000000000000000000000000000000000000000000000001000
Found cached RTLIL representation for module `$paramod$2a8de75338d836580b80372ca0fbc6879c1aadb6\GTP_LUT6'.
Parameter \INIT = 64'0000000000000000000000000000000000000000000000000000000000001000
Found cached RTLIL representation for module `$paramod$2a8de75338d836580b80372ca0fbc6879c1aadb6\GTP_LUT6'.
Parameter \INIT = 64'0000000000000000000000000000000000000000000000000000000000001000
Found cached RTLIL representation for module `$paramod$2a8de75338d836580b80372ca0fbc6879c1aadb6\GTP_LUT6'.
Parameter \INIT = 64'0001000001010000001100001111000000010001010101010011001111111111

3.218. Executing AST frontend in derive mode using pre-parsed AST for module `\GTP_LUT6'.
Parameter \INIT = 64'0001000001010000001100001111000000010001010101010011001111111111
Generating RTLIL representation for module `$paramod$f6c419df22fe39541753b9b8f9bb17c79cac90ef\GTP_LUT6'.
Parameter \INIT = 32768
Found cached RTLIL representation for module `$paramod\GTP_LUT5\INIT=32'00000000000000001000000000000000'.
Parameter \INIT = 64'0100000001010000110000001111000001000100010101011100110011111111

3.219. Executing AST frontend in derive mode using pre-parsed AST for module `\GTP_LUT6'.
Parameter \INIT = 64'0100000001010000110000001111000001000100010101011100110011111111
Generating RTLIL representation for module `$paramod$91ac7459a313ce652770841a4d652c25f1181f36\GTP_LUT6'.
Parameter \INIT = 64'0000000100000011000100010011001100000101000011110101010111111111

3.220. Executing AST frontend in derive mode using pre-parsed AST for module `\GTP_LUT6'.
Parameter \INIT = 64'0000000100000011000100010011001100000101000011110101010111111111
Generating RTLIL representation for module `$paramod$41c1dff2837dfead2e38e114c2d701c2039b2a4d\GTP_LUT6'.
Parameter \INIT = 64'1000000010100000110000001111000010001000101010101100110011111111

3.221. Executing AST frontend in derive mode using pre-parsed AST for module `\GTP_LUT6'.
Parameter \INIT = 64'1000000010100000110000001111000010001000101010101100110011111111
Generating RTLIL representation for module `$paramod$df05d40030949e376341d9c6ad9252feea8f4aee\GTP_LUT6'.
Parameter \INIT = 64'1000000010100000100010001010101011000000111100001100110011111111

3.222. Executing AST frontend in derive mode using pre-parsed AST for module `\GTP_LUT6'.
Parameter \INIT = 64'1000000010100000100010001010101011000000111100001100110011111111
Generating RTLIL representation for module `$paramod$967d4d09a4dfab4f4a1f861005907375a387a6df\GTP_LUT6'.
Parameter \INIT = 64'0010000000100010001100000011001110100000101010101111000011111111

3.223. Executing AST frontend in derive mode using pre-parsed AST for module `\GTP_LUT6'.
Parameter \INIT = 64'0010000000100010001100000011001110100000101010101111000011111111
Generating RTLIL representation for module `$paramod$96f61037cb757b85af4442f094881f3ae9a5c529\GTP_LUT6'.
Parameter \INIT = 64'0010000000110000001000100011001110100000111100001010101011111111

3.224. Executing AST frontend in derive mode using pre-parsed AST for module `\GTP_LUT6'.
Parameter \INIT = 64'0010000000110000001000100011001110100000111100001010101011111111
Generating RTLIL representation for module `$paramod$37065e52208c305688e33dc00062f9b4bd9631b1\GTP_LUT6'.
Parameter \INIT = 64'1000000011000000100010001100110010100000111100001010101011111111

3.225. Executing AST frontend in derive mode using pre-parsed AST for module `\GTP_LUT6'.
Parameter \INIT = 64'1000000011000000100010001100110010100000111100001010101011111111
Generating RTLIL representation for module `$paramod$27d43fb595278d3ef43ace1aa05e9b0fbf14d7c7\GTP_LUT6'.
Parameter \INIT = 16'0011100110011001

3.226. Executing AST frontend in derive mode using pre-parsed AST for module `\GTP_LUT4'.
Parameter \INIT = 16'0011100110011001
Generating RTLIL representation for module `$paramod\GTP_LUT4\INIT=16'0011100110011001'.
Parameter \INIT = 64'0000000000000000000000000000000000000000000000000000000000000001
Found cached RTLIL representation for module `$paramod$20246d5e7b6bcf137d425da26da5fdd90dad3f52\GTP_LUT6'.
Parameter \INIT = 269570133

3.227. Executing AST frontend in derive mode using pre-parsed AST for module `\GTP_LUT5'.
Parameter \INIT = 269570133
Generating RTLIL representation for module `$paramod\GTP_LUT5\INIT=32'00010000000100010101000001010101'.
Parameter \INIT = 64'0000000000000000000000000000000000000000000000000000000000000001
Found cached RTLIL representation for module `$paramod$20246d5e7b6bcf137d425da26da5fdd90dad3f52\GTP_LUT6'.
Parameter \INIT = 64'0000000000000000000000000000000000000000000000000000000000000001
Found cached RTLIL representation for module `$paramod$20246d5e7b6bcf137d425da26da5fdd90dad3f52\GTP_LUT6'.
Parameter \INIT = 128
Found cached RTLIL representation for module `$paramod\GTP_LUT5\INIT=32'00000000000000000000000010000000'.
Parameter \INIT = 64'0000000011111111111111100000000100000000111111111111111100000000

3.228. Executing AST frontend in derive mode using pre-parsed AST for module `\GTP_LUT6'.
Parameter \INIT = 64'0000000011111111111111100000000100000000111111111111111100000000
Generating RTLIL representation for module `$paramod$c223f821ee68e0c076394c9fa6cd46204cb53d10\GTP_LUT6'.
Parameter \INIT = 64'0000000000000000111111111111111111111111111111100000000000000001

3.229. Executing AST frontend in derive mode using pre-parsed AST for module `\GTP_LUT6'.
Parameter \INIT = 64'0000000000000000111111111111111111111111111111100000000000000001
Generating RTLIL representation for module `$paramod$7410285b90db322f4a867b87c983a8ae9480648f\GTP_LUT6'.
Parameter \INIT = 16'1101010100101010

3.230. Executing AST frontend in derive mode using pre-parsed AST for module `\GTP_LUT4'.
Parameter \INIT = 16'1101010100101010
Generating RTLIL representation for module `$paramod\GTP_LUT4\INIT=16'1101010100101010'.
Parameter \INIT = 8'01011001
Found cached RTLIL representation for module `$paramod\GTP_LUT3\INIT=8'01011001'.
Parameter \INIT = 356466453
Found cached RTLIL representation for module `$paramod\GTP_LUT5\INIT=32'00010101001111110011111100010101'.
Parameter \INIT = 322002933
Found cached RTLIL representation for module `$paramod\GTP_LUT5\INIT=32'00010011001100010101111111110101'.
Parameter \INIT = 128
Found cached RTLIL representation for module `$paramod\GTP_LUT5\INIT=32'00000000000000000000000010000000'.
Parameter \INIT = 65793

3.231. Executing AST frontend in derive mode using pre-parsed AST for module `\GTP_LUT5'.
Parameter \INIT = 65793
Generating RTLIL representation for module `$paramod\GTP_LUT5\INIT=32'00000000000000010000000100000001'.
Parameter \INIT = 1
Found cached RTLIL representation for module `$paramod\GTP_LUT5\INIT=32'00000000000000000000000000000001'.
Parameter \INIT = 16'0110010110011010

3.232. Executing AST frontend in derive mode using pre-parsed AST for module `\GTP_LUT4'.
Parameter \INIT = 16'0110010110011010
Generating RTLIL representation for module `$paramod\GTP_LUT4\INIT=16'0110010110011010'.
Parameter \INIT = 16'0010110110100101

3.233. Executing AST frontend in derive mode using pre-parsed AST for module `\GTP_LUT4'.
Parameter \INIT = 16'0010110110100101
Generating RTLIL representation for module `$paramod\GTP_LUT4\INIT=16'0010110110100101'.
Parameter \INIT = 16776705

3.234. Executing AST frontend in derive mode using pre-parsed AST for module `\GTP_LUT5'.
Parameter \INIT = 16776705
Generating RTLIL representation for module `$paramod\GTP_LUT5\INIT=32'00000000111111111111111000000001'.
Parameter \INIT = 16'0000000000000010
Found cached RTLIL representation for module `$paramod\GTP_LUT4\INIT=16'0000000000000010'.
Parameter \INIT = 16'0000000000001000
Found cached RTLIL representation for module `$paramod\GTP_LUT4\INIT=16'0000000000001000'.
Parameter \INIT = 16'0000000000000001
Found cached RTLIL representation for module `$paramod\GTP_LUT4\INIT=16'0000000000000001'.
Parameter \INIT = 16'0000000000000001
Found cached RTLIL representation for module `$paramod\GTP_LUT4\INIT=16'0000000000000001'.
Parameter \INIT = 16'0000000000000001
Found cached RTLIL representation for module `$paramod\GTP_LUT4\INIT=16'0000000000000001'.
Parameter \INIT = 8'00000001
Found cached RTLIL representation for module `$paramod\GTP_LUT3\INIT=8'00000001'.
Parameter \INIT = 32'10001010000010001110111110101110
Found cached RTLIL representation for module `$paramod\GTP_LUT5\INIT=32'10001010000010001110111110101110'.
Parameter \INIT = 64'0000000001100000000000001111011001100000111111111111011011111111

3.235. Executing AST frontend in derive mode using pre-parsed AST for module `\GTP_LUT6'.
Parameter \INIT = 64'0000000001100000000000001111011001100000111111111111011011111111
Generating RTLIL representation for module `$paramod$2575e7423f132250845889a230de6a8de3ea5a37\GTP_LUT6'.
Parameter \INIT = 64'1100111101001101001111110001011101001101000011000001011100000011

3.236. Executing AST frontend in derive mode using pre-parsed AST for module `\GTP_LUT6'.
Parameter \INIT = 64'1100111101001101001111110001011101001101000011000001011100000011
Generating RTLIL representation for module `$paramod$94398b9d9f695e42c3fab57b2b9ebc18cad21343\GTP_LUT6'.
Parameter \INIT = 64'1001011010011001011001101001011001101001011001101001100101101001

3.237. Executing AST frontend in derive mode using pre-parsed AST for module `\GTP_LUT6'.
Parameter \INIT = 64'1001011010011001011001101001011001101001011001101001100101101001
Generating RTLIL representation for module `$paramod$a96cfb8aa63230336e8b04668c49ff3a179737e0\GTP_LUT6'.
Parameter \INIT = 64'1011001010111011001000101011001001110001011101110001000101110001

3.238. Executing AST frontend in derive mode using pre-parsed AST for module `\GTP_LUT6'.
Parameter \INIT = 64'1011001010111011001000101011001001110001011101110001000101110001
Generating RTLIL representation for module `$paramod$bfc4c308e31110aed365267812b7fa3c221d44d7\GTP_LUT6'.
Parameter \INIT = 64'0000100010001010101011101110111100000100010001010101110111011111
Found cached RTLIL representation for module `$paramod$02a6feb0dc4469a9f4277688f349c8f33417d3a3\GTP_LUT6'.
Parameter \INIT = 64'0101100110011010101001100110010110100110011001010101100110011010

3.239. Executing AST frontend in derive mode using pre-parsed AST for module `\GTP_LUT6'.
Parameter \INIT = 64'0101100110011010101001100110010110100110011001010101100110011010
Generating RTLIL representation for module `$paramod$63d01f1a1e42093f7e58c5953bf2ffae32d87976\GTP_LUT6'.
Parameter \INIT = 64'1000101000001000111011111010111001000101000001001101111101011101
Found cached RTLIL representation for module `$paramod$aa974b62d67e2c8dc753865f779572c474f71f38\GTP_LUT6'.
Parameter \INIT = 64'1001101001011001011001011010011001100101101001101001101001011001
Found cached RTLIL representation for module `$paramod$7f3cd46912ead349d3a9fac2a54303e9b19970b4\GTP_LUT6'.
Parameter \INIT = 64'1010011001100101010110011001101001011001100110101010011001100101
Found cached RTLIL representation for module `$paramod$0e03d1854af144816169b5573456b855eafd7561\GTP_LUT6'.
Parameter \INIT = 64'0110011010010110100110010110100110010110100101100110100101101001

3.240. Executing AST frontend in derive mode using pre-parsed AST for module `\GTP_LUT6'.
Parameter \INIT = 64'0110011010010110100110010110100110010110100101100110100101101001
Generating RTLIL representation for module `$paramod$73d507c228778fe5984a1b4468ca7c436e7d4bad\GTP_LUT6'.
Parameter \INIT = 64'0101110100000100111101110101000111011101010001000111011100010001

3.241. Executing AST frontend in derive mode using pre-parsed AST for module `\GTP_LUT6'.
Parameter \INIT = 64'0101110100000100111101110101000111011101010001000111011100010001
Generating RTLIL representation for module `$paramod$00282d4ba94f2dd06beb7bf4d4ddd77b8a1f83a7\GTP_LUT6'.
Parameter \INIT = 64'0110100101101001100101100110100110010110011010011001011001101001

3.242. Executing AST frontend in derive mode using pre-parsed AST for module `\GTP_LUT6'.
Parameter \INIT = 64'0110100101101001100101100110100110010110011010011001011001101001
Generating RTLIL representation for module `$paramod$ab02dd1a77498fc3f4c362ecf2d09375bec842cc\GTP_LUT6'.
Parameter \INIT = 64'0110011010010110100110010110100110010110100101100110100101101001
Found cached RTLIL representation for module `$paramod$73d507c228778fe5984a1b4468ca7c436e7d4bad\GTP_LUT6'.
Parameter \INIT = 64'0100010011010100110111010100110111010100110101000100110101001101

3.243. Executing AST frontend in derive mode using pre-parsed AST for module `\GTP_LUT6'.
Parameter \INIT = 64'0100010011010100110111010100110111010100110101000100110101001101
Generating RTLIL representation for module `$paramod$0c1bff3fadc77781e570879aae8af5d3373bfe0c\GTP_LUT6'.
Parameter \INIT = 16'0110010101100110

3.244. Executing AST frontend in derive mode using pre-parsed AST for module `\GTP_LUT4'.
Parameter \INIT = 16'0110010101100110
Generating RTLIL representation for module `$paramod\GTP_LUT4\INIT=16'0110010101100110'.
Parameter \INIT = 64'1010100010101000101010001000000010101000100000001000000010000000

3.245. Executing AST frontend in derive mode using pre-parsed AST for module `\GTP_LUT6'.
Parameter \INIT = 64'1010100010101000101010001000000010101000100000001000000010000000
Generating RTLIL representation for module `$paramod$a7a906ed5ff23dd606aa53c617bde43bd7b78798\GTP_LUT6'.
Parameter \INIT = 64'0101011001010110010101100110101001010110011010100110101001101010

3.246. Executing AST frontend in derive mode using pre-parsed AST for module `\GTP_LUT6'.
Parameter \INIT = 64'0101011001010110010101100110101001010110011010100110101001101010
Generating RTLIL representation for module `$paramod$74054a69a6781eb5512d18b480a2b51582c190fb\GTP_LUT6'.
Parameter \INIT = 64'0110011010010110100110010110100110010110100101100110100101101001
Found cached RTLIL representation for module `$paramod$73d507c228778fe5984a1b4468ca7c436e7d4bad\GTP_LUT6'.
Parameter \INIT = 1504090470

3.247. Executing AST frontend in derive mode using pre-parsed AST for module `\GTP_LUT5'.
Parameter \INIT = 1504090470
Generating RTLIL representation for module `$paramod\GTP_LUT5\INIT=32'01011001101001101001100101100110'.
Parameter \INIT = 64'1111110111011111110111011101110100001000100000001000100010001000

3.248. Executing AST frontend in derive mode using pre-parsed AST for module `\GTP_LUT6'.
Parameter \INIT = 64'1111110111011111110111011101110100001000100000001000100010001000
Generating RTLIL representation for module `$paramod$ae14a3117ddd1d07e6670d28c60da4f97d80c2bd\GTP_LUT6'.
Parameter \INIT = 64'0000000000000000000000000000000000000000100000000000000000000000

3.249. Executing AST frontend in derive mode using pre-parsed AST for module `\GTP_LUT6'.
Parameter \INIT = 64'0000000000000000000000000000000000000000100000000000000000000000
Generating RTLIL representation for module `$paramod$78ed729174005e4cda055af6cb97512daf967d44\GTP_LUT6'.
Parameter \INIT = 64'1000100011101000111011101000111011101000111010001000111010001110

3.250. Executing AST frontend in derive mode using pre-parsed AST for module `\GTP_LUT6'.
Parameter \INIT = 64'1000100011101000111011101000111011101000111010001000111010001110
Generating RTLIL representation for module `$paramod$3baaa4fe1af22e505166e0abd1ead1640ac9df73\GTP_LUT6'.
Parameter \INIT = 64'1111111111111110111111101111111000000000000100000001000000010000

3.251. Executing AST frontend in derive mode using pre-parsed AST for module `\GTP_LUT6'.
Parameter \INIT = 64'1111111111111110111111101111111000000000000100000001000000010000
Generating RTLIL representation for module `$paramod$8729638ba9748ed4e133555ca40aa1a4d79213e8\GTP_LUT6'.
Parameter \INIT = 64'0000001000100000001000100010001000001010101000001010101010101010

3.252. Executing AST frontend in derive mode using pre-parsed AST for module `\GTP_LUT6'.
Parameter \INIT = 64'0000001000100000001000100010001000001010101000001010101010101010
Generating RTLIL representation for module `$paramod$4ea9881133b0b0367036115ab3f308aa906fb8a1\GTP_LUT6'.
Parameter \INIT = 64'0000001000100000000010101010000000100010001000101010101010101010
Found cached RTLIL representation for module `$paramod$bcadd7b40bf918cc7020ab79ea342a52565d1a7c\GTP_LUT6'.
Parameter \INIT = 64'1111110111110101110111010101010100000010000010100010001010101010
Found cached RTLIL representation for module `$paramod$1106b90a3a39e2b008e7a226af2bd2653df33ac5\GTP_LUT6'.
Parameter \INIT = 32'10000000000000000000000000000000
Found cached RTLIL representation for module `$paramod\GTP_LUT5\INIT=32'10000000000000000000000000000000'.
Parameter \INIT = 64'0000001000100010000010101010101000001010101010100000001000100010

3.253. Executing AST frontend in derive mode using pre-parsed AST for module `\GTP_LUT6'.
Parameter \INIT = 64'0000001000100010000010101010101000001010101010100000001000100010
Generating RTLIL representation for module `$paramod$8a5cb1c1cdbd86d8f71d1ffc26e07f1a9d0a15e3\GTP_LUT6'.
Parameter \INIT = 64'0010001000100000001000100010001000100010001000000010001000100000

3.254. Executing AST frontend in derive mode using pre-parsed AST for module `\GTP_LUT6'.
Parameter \INIT = 64'0010001000100000001000100010001000100010001000000010001000100000
Generating RTLIL representation for module `$paramod$ea87aa70ee8e7ce739db474441a9ddf6bfe80de3\GTP_LUT6'.
Parameter \INIT = 16'1000000000000000
Found cached RTLIL representation for module `$paramod\GTP_LUT4\INIT=16'1000000000000000'.
Parameter \INIT = 32'10000000000000000000000000000000
Found cached RTLIL representation for module `$paramod\GTP_LUT5\INIT=32'10000000000000000000000000000000'.
Parameter \INIT = 64'0000100010000000000010101010000010001000100010001010101010101010

3.255. Executing AST frontend in derive mode using pre-parsed AST for module `\GTP_LUT6'.
Parameter \INIT = 64'0000100010000000000010101010000010001000100010001010101010101010
Generating RTLIL representation for module `$paramod$34b794c01fe6963adc6e70cf27a5514289fc561f\GTP_LUT6'.
Parameter \INIT = 64'1101000011111101010100001111010100100010001000101010101010101010

3.256. Executing AST frontend in derive mode using pre-parsed AST for module `\GTP_LUT6'.
Parameter \INIT = 64'1101000011111101010100001111010100100010001000101010101010101010
Generating RTLIL representation for module `$paramod$451edcc585f0591dfd36e65eb87d67486c3eaf75\GTP_LUT6'.
Parameter \INIT = 16'0110010101100110
Found cached RTLIL representation for module `$paramod\GTP_LUT4\INIT=16'0110010101100110'.
Parameter \INIT = 64'0000000000000000000000000000000000000000000000001000000000000000
Found cached RTLIL representation for module `$paramod$15b020ac927ddb1879e5c2605abe35d430e43019\GTP_LUT6'.
Parameter \INIT = 64'1101111111011101010111110101010100100000001000101010000010101010

3.257. Executing AST frontend in derive mode using pre-parsed AST for module `\GTP_LUT6'.
Parameter \INIT = 64'1101111111011101010111110101010100100000001000101010000010101010
Generating RTLIL representation for module `$paramod$da9cffa1b0a4bc8c5f49557b0f68e66fc2b16b88\GTP_LUT6'.
Parameter \INIT = 16'1000000000000000
Found cached RTLIL representation for module `$paramod\GTP_LUT4\INIT=16'1000000000000000'.
Parameter \INIT = 64'0000000000000000000000000000001000000000000000000000000000000000

3.258. Executing AST frontend in derive mode using pre-parsed AST for module `\GTP_LUT6'.
Parameter \INIT = 64'0000000000000000000000000000001000000000000000000000000000000000
Generating RTLIL representation for module `$paramod$a2c3fda4eb5dad064dcdbc3dfdd518970ebac5f0\GTP_LUT6'.
Parameter \INIT = 64'1000000010010000100000101001011010100000111100001010101011111111

3.259. Executing AST frontend in derive mode using pre-parsed AST for module `\GTP_LUT6'.
Parameter \INIT = 64'1000000010010000100000101001011010100000111100001010101011111111
Generating RTLIL representation for module `$paramod$2c439bde1176f6ba389c053bdc436520dc3f53ef\GTP_LUT6'.
Parameter \INIT = 64'1000000010000010100100001001011010100000101010101111000011111111
Found cached RTLIL representation for module `$paramod$11c52eaff059bbedde3cab20ab5bff4e4831b8c3\GTP_LUT6'.
Parameter \INIT = 64'0000000000000000000000000000000000000000000000001000000000000000
Found cached RTLIL representation for module `$paramod$15b020ac927ddb1879e5c2605abe35d430e43019\GTP_LUT6'.
Parameter \INIT = 64'0000000000000000000000000000000000000000000000000000000000000010
Found cached RTLIL representation for module `$paramod$5000dfcc6b6076274589af648d56474541f5193e\GTP_LUT6'.
Parameter \INIT = 64'0000001000100010000000110011001100001010101010100000111111111111

3.260. Executing AST frontend in derive mode using pre-parsed AST for module `\GTP_LUT6'.
Parameter \INIT = 64'0000001000100010000000110011001100001010101010100000111111111111
Generating RTLIL representation for module `$paramod$36699084b5e72bc429d2b6d1188ddf32aeb147f7\GTP_LUT6'.
Parameter \INIT = 64'0000000000000000000000000000000000000000000000000000000000001000
Found cached RTLIL representation for module `$paramod$2a8de75338d836580b80372ca0fbc6879c1aadb6\GTP_LUT6'.
Parameter \INIT = 64'0000000000000000000000000000000000000000000000000000001000000000
Found cached RTLIL representation for module `$paramod$e3fceaba1ca59c9d42081035a3042168e0a6b33f\GTP_LUT6'.
Parameter \INIT = 64'0000000000000000000000000000000000000000000000000000000000000010
Found cached RTLIL representation for module `$paramod$5000dfcc6b6076274589af648d56474541f5193e\GTP_LUT6'.
Parameter \INIT = 64'0001001101011111000000000000000000010011010111110001001101011111

3.261. Executing AST frontend in derive mode using pre-parsed AST for module `\GTP_LUT6'.
Parameter \INIT = 64'0001001101011111000000000000000000010011010111110001001101011111
Generating RTLIL representation for module `$paramod$50f8c7be95fef7bc04099bfb1b4813a59565aca0\GTP_LUT6'.
Parameter \INIT = 64'0000000000000000000000000000000000000000000000000000000000000001
Found cached RTLIL representation for module `$paramod$20246d5e7b6bcf137d425da26da5fdd90dad3f52\GTP_LUT6'.
Parameter \INIT = 32'11010010010110101101110101010101

3.262. Executing AST frontend in derive mode using pre-parsed AST for module `\GTP_LUT5'.
Parameter \INIT = 32'11010010010110101101110101010101
Generating RTLIL representation for module `$paramod\GTP_LUT5\INIT=32'11010010010110101101110101010101'.
Parameter \INIT = 64'0000000000000000000000000000000000000000000000000000000000001000
Found cached RTLIL representation for module `$paramod$2a8de75338d836580b80372ca0fbc6879c1aadb6\GTP_LUT6'.
Parameter \INIT = 64'0000000000000000000000000000000000000000000000000000000000000010
Found cached RTLIL representation for module `$paramod$5000dfcc6b6076274589af648d56474541f5193e\GTP_LUT6'.
Parameter \INIT = 64'0000000000000000000000000000000000000000000000000000000010000000
Found cached RTLIL representation for module `$paramod$59a0039f35ecdbe38b8a0ce2f13aa40890a8a3be\GTP_LUT6'.
Parameter \INIT = 64'0000100000001010100010001010101000001100000011111100110011111111

3.263. Executing AST frontend in derive mode using pre-parsed AST for module `\GTP_LUT6'.
Parameter \INIT = 64'0000100000001010100010001010101000001100000011111100110011111111
Generating RTLIL representation for module `$paramod$cc4d010550c55b1c716248f8ca094bf32749d499\GTP_LUT6'.
Parameter \INIT = 64'0010000010100000001000101010101000110000111100000011001111111111

3.264. Executing AST frontend in derive mode using pre-parsed AST for module `\GTP_LUT6'.
Parameter \INIT = 64'0010000010100000001000101010101000110000111100000011001111111111
Generating RTLIL representation for module `$paramod$bae379130e94cd88fe7075cfa429bff06db1647e\GTP_LUT6'.
Parameter \INIT = 64'1010101000001010111111110000111100100010000000100011001100000011

3.265. Executing AST frontend in derive mode using pre-parsed AST for module `\GTP_LUT6'.
Parameter \INIT = 64'1010101000001010111111110000111100100010000000100011001100000011
Generating RTLIL representation for module `$paramod$6317a794f99de9b443bccb88ac3671ac4bb6c5ec\GTP_LUT6'.
Parameter \INIT = 64'0000000000000000000000000000000000000000000000000000000000001000
Found cached RTLIL representation for module `$paramod$2a8de75338d836580b80372ca0fbc6879c1aadb6\GTP_LUT6'.
Parameter \INIT = 128
Found cached RTLIL representation for module `$paramod\GTP_LUT5\INIT=32'00000000000000000000000010000000'.
Parameter \INIT = 64'0010000000100010001100000011001110100000101010101111000011111111
Found cached RTLIL representation for module `$paramod$96f61037cb757b85af4442f094881f3ae9a5c529\GTP_LUT6'.
Parameter \INIT = 64'0010000000110000101000001111000000100010001100111010101011111111

3.266. Executing AST frontend in derive mode using pre-parsed AST for module `\GTP_LUT6'.
Parameter \INIT = 64'0010000000110000101000001111000000100010001100111010101011111111
Generating RTLIL representation for module `$paramod$889a23ce0162c6ad880b8e55cfbded9977ff1667\GTP_LUT6'.
Parameter \INIT = 64'0000000000000000000000000000000000000000000000000000000000000010
Found cached RTLIL representation for module `$paramod$5000dfcc6b6076274589af648d56474541f5193e\GTP_LUT6'.
Parameter \INIT = 64'0000000000000000000000000000000000000000000000000000000000000010
Found cached RTLIL representation for module `$paramod$5000dfcc6b6076274589af648d56474541f5193e\GTP_LUT6'.
Parameter \INIT = 64'1000110010001100101011111010111100000000100011000000000010101111

3.267. Executing AST frontend in derive mode using pre-parsed AST for module `\GTP_LUT6'.
Parameter \INIT = 64'1000110010001100101011111010111100000000100011000000000010101111
Generating RTLIL representation for module `$paramod$5729668b3010591aa7cfbc0e39c291a55b076198\GTP_LUT6'.
Parameter \INIT = 64'1000000010001000101000001010101011000000110011001111000011111111
Found cached RTLIL representation for module `$paramod$7ba9b5e712fc072183dc5830e786f49a8479c302\GTP_LUT6'.
Parameter \INIT = 334886193

3.268. Executing AST frontend in derive mode using pre-parsed AST for module `\GTP_LUT5'.
Parameter \INIT = 334886193
Generating RTLIL representation for module `$paramod\GTP_LUT5\INIT=32'00010011111101011111010100110001'.
Parameter \INIT = 16'0101100110011001

3.269. Executing AST frontend in derive mode using pre-parsed AST for module `\GTP_LUT4'.
Parameter \INIT = 16'0101100110011001
Generating RTLIL representation for module `$paramod\GTP_LUT4\INIT=16'0101100110011001'.
Parameter \INIT = 64'0000000000000000000000000000000000000000000000000000000000000001
Found cached RTLIL representation for module `$paramod$20246d5e7b6bcf137d425da26da5fdd90dad3f52\GTP_LUT6'.
Parameter \INIT = 64'0000000000000000000000000000000000000000000000000000000000000001
Found cached RTLIL representation for module `$paramod$20246d5e7b6bcf137d425da26da5fdd90dad3f52\GTP_LUT6'.
Parameter \INIT = 64'0000000000000000000000000000000000000000000000000000000000000001
Found cached RTLIL representation for module `$paramod$20246d5e7b6bcf137d425da26da5fdd90dad3f52\GTP_LUT6'.
Parameter \INIT = 64'0000000000000000000000000000000000000000000000000000000000000001
Found cached RTLIL representation for module `$paramod$20246d5e7b6bcf137d425da26da5fdd90dad3f52\GTP_LUT6'.
Parameter \INIT = 64'0000000000000000000000000000000000000000000000000000000000000001
Found cached RTLIL representation for module `$paramod$20246d5e7b6bcf137d425da26da5fdd90dad3f52\GTP_LUT6'.
Parameter \INIT = 64'0000000000000000000000000000000000000000000000000000000000000001
Found cached RTLIL representation for module `$paramod$20246d5e7b6bcf137d425da26da5fdd90dad3f52\GTP_LUT6'.
Parameter \INIT = 64'0000000000000000000000000000000000000000000000000000000000000001
Found cached RTLIL representation for module `$paramod$20246d5e7b6bcf137d425da26da5fdd90dad3f52\GTP_LUT6'.
Parameter \INIT = 64'0000000000000000000000000000000000000000000000000000000000000001
Found cached RTLIL representation for module `$paramod$20246d5e7b6bcf137d425da26da5fdd90dad3f52\GTP_LUT6'.
Parameter \INIT = 64'0000000000000000000000000000000000000000000000000000000000000001
Found cached RTLIL representation for module `$paramod$20246d5e7b6bcf137d425da26da5fdd90dad3f52\GTP_LUT6'.
Parameter \INIT = 64'0000000000000000000000000000000000000000000000000000000000000001
Found cached RTLIL representation for module `$paramod$20246d5e7b6bcf137d425da26da5fdd90dad3f52\GTP_LUT6'.
Parameter \INIT = 64'0000000000000000000000000000000000000000000000000000000000000001
Found cached RTLIL representation for module `$paramod$20246d5e7b6bcf137d425da26da5fdd90dad3f52\GTP_LUT6'.
Parameter \INIT = 64'1000001010000001000000000000000000000000000000000000000000000000

3.270. Executing AST frontend in derive mode using pre-parsed AST for module `\GTP_LUT6'.
Parameter \INIT = 64'1000001010000001000000000000000000000000000000000000000000000000
Generating RTLIL representation for module `$paramod$5445cf5d63cc3fdf97e48f421c33ab9cf3a70272\GTP_LUT6'.
Parameter \INIT = 64'0001000100011000000000000000000000000000000000000000000000000000

3.271. Executing AST frontend in derive mode using pre-parsed AST for module `\GTP_LUT6'.
Parameter \INIT = 64'0001000100011000000000000000000000000000000000000000000000000000
Generating RTLIL representation for module `$paramod$a5039f71b8757ecb9f59390f18ff6219983fb1cd\GTP_LUT6'.
Parameter \INIT = 64'0000000000000000111111111111111000000000000000001111111111111111
Found cached RTLIL representation for module `$paramod$735876b0920e64ced6cbc04dcda267f89afdc028\GTP_LUT6'.
Parameter \INIT = 64'0000000000000010100000000000000000000000000000100100000000000000

3.272. Executing AST frontend in derive mode using pre-parsed AST for module `\GTP_LUT6'.
Parameter \INIT = 64'0000000000000010100000000000000000000000000000100100000000000000
Generating RTLIL representation for module `$paramod$8ce5ec102138d17bc9c56cb87ebd2b3399eb575b\GTP_LUT6'.
Parameter \INIT = 64'1000000000000000000000000000001010000000000000000000000000000001

3.273. Executing AST frontend in derive mode using pre-parsed AST for module `\GTP_LUT6'.
Parameter \INIT = 64'1000000000000000000000000000001010000000000000000000000000000001
Generating RTLIL representation for module `$paramod$f3b07fe58213463ba50f7d857df2815b2d8a286d\GTP_LUT6'.
Parameter \INIT = 64'0100000000000000000000000000010001000000000000000000000000000010

3.274. Executing AST frontend in derive mode using pre-parsed AST for module `\GTP_LUT6'.
Parameter \INIT = 64'0100000000000000000000000000010001000000000000000000000000000010
Generating RTLIL representation for module `$paramod$83aa2e4c523a99b1c5777a79963bfa26fcd18912\GTP_LUT6'.
Parameter \INIT = 64'0000010000000000000000000100000000000100000000000000000000100000

3.275. Executing AST frontend in derive mode using pre-parsed AST for module `\GTP_LUT6'.
Parameter \INIT = 64'0000010000000000000000000100000000000100000000000000000000100000
Generating RTLIL representation for module `$paramod$8fa8e9b5ff32606f15651c43f1cfd000147ea9fa\GTP_LUT6'.
Parameter \INIT = 64'0010000000000000000000000000100000100000000000000000000000000100

3.276. Executing AST frontend in derive mode using pre-parsed AST for module `\GTP_LUT6'.
Parameter \INIT = 64'0010000000000000000000000000100000100000000000000000000000000100
Generating RTLIL representation for module `$paramod$843082a3bae9bf59a96ab68cc873498a5e8db881\GTP_LUT6'.
Parameter \INIT = 64'0001000000000000000000000001000000010000000000000000000000001000

3.277. Executing AST frontend in derive mode using pre-parsed AST for module `\GTP_LUT6'.
Parameter \INIT = 64'0001000000000000000000000001000000010000000000000000000000001000
Generating RTLIL representation for module `$paramod$f2aecab80640810d7cb0f0d46f721e53bfea3fd7\GTP_LUT6'.
Parameter \INIT = 64'0000000001000000000001000000000000000000010000000000001000000000

3.278. Executing AST frontend in derive mode using pre-parsed AST for module `\GTP_LUT6'.
Parameter \INIT = 64'0000000001000000000001000000000000000000010000000000001000000000
Generating RTLIL representation for module `$paramod$65b6766a5cb5be906a65cc106acbaf4679783ee1\GTP_LUT6'.
Parameter \INIT = 64'0000000000000100010000000000000000000000000001000010000000000000

3.279. Executing AST frontend in derive mode using pre-parsed AST for module `\GTP_LUT6'.
Parameter \INIT = 64'0000000000000100010000000000000000000000000001000010000000000000
Generating RTLIL representation for module `$paramod$32fda0518f918b4b914975d946b311db612317d5\GTP_LUT6'.
Parameter \INIT = 64'0000000010000000000000100000000000000000100000000000000100000000

3.280. Executing AST frontend in derive mode using pre-parsed AST for module `\GTP_LUT6'.
Parameter \INIT = 64'0000000010000000000000100000000000000000100000000000000100000000
Generating RTLIL representation for module `$paramod$8a22db0f62eb0fb4f3e89a3d4b3905b2e973b7ff\GTP_LUT6'.
Parameter \INIT = 64'0000000100000000000000010000000000000001000000000000000010000000

3.281. Executing AST frontend in derive mode using pre-parsed AST for module `\GTP_LUT6'.
Parameter \INIT = 64'0000000100000000000000010000000000000001000000000000000010000000
Generating RTLIL representation for module `$paramod$1cb00b1e551f5bcdb99f6db3fcee793ee1e1c864\GTP_LUT6'.
Parameter \INIT = 64'0000000000010000000100000000000000000000000100000000100000000000

3.282. Executing AST frontend in derive mode using pre-parsed AST for module `\GTP_LUT6'.
Parameter \INIT = 64'0000000000010000000100000000000000000000000100000000100000000000
Generating RTLIL representation for module `$paramod$a117fde88bea0488fc92b443b18e989549123c66\GTP_LUT6'.
Parameter \INIT = 64'0000000000000000000000000000000011111111111111111111111111111110

3.283. Executing AST frontend in derive mode using pre-parsed AST for module `\GTP_LUT6'.
Parameter \INIT = 64'0000000000000000000000000000000011111111111111111111111111111110
Generating RTLIL representation for module `$paramod$cce3bb293c6c6fbf56fd6cf4217944155b7626f3\GTP_LUT6'.
Parameter \INIT = 1374942033

3.284. Executing AST frontend in derive mode using pre-parsed AST for module `\GTP_LUT5'.
Parameter \INIT = 1374942033
Generating RTLIL representation for module `$paramod\GTP_LUT5\INIT=32'01010001111100111111001101010001'.
Parameter \INIT = 2
Found cached RTLIL representation for module `$paramod\GTP_LUT5\INIT=32'00000000000000000000000000000010'.
Parameter \INIT = 8
Found cached RTLIL representation for module `$paramod\GTP_LUT5\INIT=32'00000000000000000000000000001000'.
Parameter \INIT = 8
Found cached RTLIL representation for module `$paramod\GTP_LUT5\INIT=32'00000000000000000000000000001000'.
Parameter \INIT = 2
Found cached RTLIL representation for module `$paramod\GTP_LUT5\INIT=32'00000000000000000000000000000010'.
Parameter \INIT = 16'0010100010101010

3.285. Executing AST frontend in derive mode using pre-parsed AST for module `\GTP_LUT4'.
Parameter \INIT = 16'0010100010101010
Generating RTLIL representation for module `$paramod\GTP_LUT4\INIT=16'0010100010101010'.
Parameter \INIT = 4

3.286. Executing AST frontend in derive mode using pre-parsed AST for module `\GTP_LUT5'.
Parameter \INIT = 4
Generating RTLIL representation for module `$paramod\GTP_LUT5\INIT=32'00000000000000000000000000000100'.
Parameter \INIT = 1
Found cached RTLIL representation for module `$paramod\GTP_LUT5\INIT=32'00000000000000000000000000000001'.
Parameter \INIT = 1
Found cached RTLIL representation for module `$paramod\GTP_LUT5\INIT=32'00000000000000000000000000000001'.
Parameter \INIT = 1
Found cached RTLIL representation for module `$paramod\GTP_LUT5\INIT=32'00000000000000000000000000000001'.
Parameter \INIT = 1
Found cached RTLIL representation for module `$paramod\GTP_LUT5\INIT=32'00000000000000000000000000000001'.
Parameter \INIT = 1
Found cached RTLIL representation for module `$paramod\GTP_LUT5\INIT=32'00000000000000000000000000000001'.
Parameter \INIT = 1
Found cached RTLIL representation for module `$paramod\GTP_LUT5\INIT=32'00000000000000000000000000000001'.
Parameter \INIT = 16'0010101011010101

3.287. Executing AST frontend in derive mode using pre-parsed AST for module `\GTP_LUT4'.
Parameter \INIT = 16'0010101011010101
Generating RTLIL representation for module `$paramod\GTP_LUT4\INIT=16'0010101011010101'.
Parameter \INIT = 266407920

3.288. Executing AST frontend in derive mode using pre-parsed AST for module `\GTP_LUT5'.
Parameter \INIT = 266407920
Generating RTLIL representation for module `$paramod\GTP_LUT5\INIT=32'00001111111000010000111111110000'.
Parameter \INIT = 16'1101001001011010

3.289. Executing AST frontend in derive mode using pre-parsed AST for module `\GTP_LUT4'.
Parameter \INIT = 16'1101001001011010
Generating RTLIL representation for module `$paramod\GTP_LUT4\INIT=16'1101001001011010'.
Parameter \INIT = 16'0000000010000000
Found cached RTLIL representation for module `$paramod\GTP_LUT4\INIT=16'0000000010000000'.
Parameter \INIT = 402653184

3.290. Executing AST frontend in derive mode using pre-parsed AST for module `\GTP_LUT5'.
Parameter \INIT = 402653184
Generating RTLIL representation for module `$paramod\GTP_LUT5\INIT=32'00011000000000000000000000000000'.
Parameter \INIT = 16'1100011001100110

3.291. Executing AST frontend in derive mode using pre-parsed AST for module `\GTP_LUT4'.
Parameter \INIT = 16'1100011001100110
Generating RTLIL representation for module `$paramod\GTP_LUT4\INIT=16'1100011001100110'.
Parameter \INIT = 16'0011111100010101
Found cached RTLIL representation for module `$paramod\GTP_LUT4\INIT=16'0011111100010101'.
Parameter \INIT = 16'0101111100010011
Found cached RTLIL representation for module `$paramod\GTP_LUT4\INIT=16'0101111100010011'.
Parameter \INIT = 16'1000101011001111

3.292. Executing AST frontend in derive mode using pre-parsed AST for module `\GTP_LUT4'.
Parameter \INIT = 16'1000101011001111
Generating RTLIL representation for module `$paramod\GTP_LUT4\INIT=16'1000101011001111'.
Parameter \INIT = 16'0010101000111111

3.293. Executing AST frontend in derive mode using pre-parsed AST for module `\GTP_LUT4'.
Parameter \INIT = 16'0010101000111111
Generating RTLIL representation for module `$paramod\GTP_LUT4\INIT=16'0010101000111111'.
Parameter \INIT = 16'0000000000000001
Found cached RTLIL representation for module `$paramod\GTP_LUT4\INIT=16'0000000000000001'.
Parameter \INIT = 16'0000000000000001
Found cached RTLIL representation for module `$paramod\GTP_LUT4\INIT=16'0000000000000001'.
Parameter \INIT = 16'0000000000000001
Found cached RTLIL representation for module `$paramod\GTP_LUT4\INIT=16'0000000000000001'.
Parameter \INIT = 16'0000000000000001
Found cached RTLIL representation for module `$paramod\GTP_LUT4\INIT=16'0000000000000001'.
Parameter \INIT = 16'0000000000000001
Found cached RTLIL representation for module `$paramod\GTP_LUT4\INIT=16'0000000000000001'.
Parameter \INIT = 16'0000000000000001
Found cached RTLIL representation for module `$paramod\GTP_LUT4\INIT=16'0000000000000001'.
Parameter \INIT = 16'0000000000000001
Found cached RTLIL representation for module `$paramod\GTP_LUT4\INIT=16'0000000000000001'.
Parameter \INIT = 16'0000000000000001
Found cached RTLIL representation for module `$paramod\GTP_LUT4\INIT=16'0000000000000001'.
Parameter \INIT = 16'0010010000000000

3.294. Executing AST frontend in derive mode using pre-parsed AST for module `\GTP_LUT4'.
Parameter \INIT = 16'0010010000000000
Generating RTLIL representation for module `$paramod\GTP_LUT4\INIT=16'0010010000000000'.
Parameter \INIT = 8'00000001
Found cached RTLIL representation for module `$paramod\GTP_LUT3\INIT=8'00000001'.
Parameter \INIT = 8'00000001
Found cached RTLIL representation for module `$paramod\GTP_LUT3\INIT=8'00000001'.
Parameter \INIT = 8'00000001
Found cached RTLIL representation for module `$paramod\GTP_LUT3\INIT=8'00000001'.
Parameter \INIT = 64'0001010100000001011111110101011100101010000000101011111110101011

3.295. Executing AST frontend in derive mode using pre-parsed AST for module `\GTP_LUT6'.
Parameter \INIT = 64'0001010100000001011111110101011100101010000000101011111110101011
Generating RTLIL representation for module `$paramod$db19050ea457a4e5e1e3753a0e548b2a1a282102\GTP_LUT6'.
Parameter \INIT = 64'0000100110011111000010011001111100001001000010010000100110011111

3.296. Executing AST frontend in derive mode using pre-parsed AST for module `\GTP_LUT6'.
Parameter \INIT = 64'0000100110011111000010011001111100001001000010010000100110011111
Generating RTLIL representation for module `$paramod$62b4b0e93911d26954c59f57e19364dfc6ffeab3\GTP_LUT6'.
Parameter \INIT = 64'1011001010111011101110111011001000100010101100101011001000100010

3.297. Executing AST frontend in derive mode using pre-parsed AST for module `\GTP_LUT6'.
Parameter \INIT = 64'1011001010111011101110111011001000100010101100101011001000100010
Generating RTLIL representation for module `$paramod$b3d1c2d718f6cface3c888a67b96d489d412f289\GTP_LUT6'.
Parameter \INIT = 64'0110100110010110011010011001011001101001011010010110100110010110

3.298. Executing AST frontend in derive mode using pre-parsed AST for module `\GTP_LUT6'.
Parameter \INIT = 64'0110100110010110011010011001011001101001011010010110100110010110
Generating RTLIL representation for module `$paramod$5edb457411ca1e6b5852ed7e78b0868e1e976784\GTP_LUT6'.
Parameter \INIT = 64'1000101000001000111011111010111001000101000001001101111101011101
Found cached RTLIL representation for module `$paramod$aa974b62d67e2c8dc753865f779572c474f71f38\GTP_LUT6'.
Parameter \INIT = 64'1001101001011001011001011010011001100101101001101001101001011001
Found cached RTLIL representation for module `$paramod$7f3cd46912ead349d3a9fac2a54303e9b19970b4\GTP_LUT6'.
Parameter \INIT = 64'0111000111110101111101010111000101010000011100010111000101010000

3.299. Executing AST frontend in derive mode using pre-parsed AST for module `\GTP_LUT6'.
Parameter \INIT = 64'0111000111110101111101010111000101010000011100010111000101010000
Generating RTLIL representation for module `$paramod$0698c0046700177edd05da402ca298c0239d5408\GTP_LUT6'.
Parameter \INIT = 1789285989

3.300. Executing AST frontend in derive mode using pre-parsed AST for module `\GTP_LUT5'.
Parameter \INIT = 1789285989
Generating RTLIL representation for module `$paramod\GTP_LUT5\INIT=32'01101010101001100101011001100101'.
Parameter \INIT = 64'0101100110011010101001100110010110100110011001010101100110011010
Found cached RTLIL representation for module `$paramod$63d01f1a1e42093f7e58c5953bf2ffae32d87976\GTP_LUT6'.
Parameter \INIT = 64'1101000000001101010100000000010100100000000000101010000000001010

3.301. Executing AST frontend in derive mode using pre-parsed AST for module `\GTP_LUT6'.
Parameter \INIT = 64'1101000000001101010100000000010100100000000000101010000000001010
Generating RTLIL representation for module `$paramod$fc30b3d1e2908d22a39731114591359f9cca6e98\GTP_LUT6'.
Parameter \INIT = 64'0010110111010010101001010101101011010010001011010101101010100101

3.302. Executing AST frontend in derive mode using pre-parsed AST for module `\GTP_LUT6'.
Parameter \INIT = 64'0010110111010010101001010101101011010010001011010101101010100101
Generating RTLIL representation for module `$paramod$0545316f97ad6480c1bdf7e7e327a8867637eb33\GTP_LUT6'.
Parameter \INIT = 64'0100010011010100110111010100110111010100110101000100110101001101
Found cached RTLIL representation for module `$paramod$0c1bff3fadc77781e570879aae8af5d3373bfe0c\GTP_LUT6'.
Parameter \INIT = 64'0110011010010110100101101001011010011001011010010110100101101001

3.303. Executing AST frontend in derive mode using pre-parsed AST for module `\GTP_LUT6'.
Parameter \INIT = 64'0110011010010110100101101001011010011001011010010110100101101001
Generating RTLIL representation for module `$paramod$89c07ac79a154119ca00ab77bc146b2f150beac5\GTP_LUT6'.
Parameter \INIT = 64'0110011010010110100101101001011010011001011010010110100101101001
Found cached RTLIL representation for module `$paramod$89c07ac79a154119ca00ab77bc146b2f150beac5\GTP_LUT6'.
Parameter \INIT = 8'10010110
Found cached RTLIL representation for module `$paramod\GTP_LUT3\INIT=8'10010110'.
Parameter \INIT = 64'0000000000000001000100010001000111111111111110111011101110111011

3.304. Executing AST frontend in derive mode using pre-parsed AST for module `\GTP_LUT6'.
Parameter \INIT = 64'0000000000000001000100010001000111111111111110111011101110111011
Generating RTLIL representation for module `$paramod$6e7046a71153622b899e06a09d96f9e2d425e456\GTP_LUT6'.
Parameter \INIT = 64'1000001010001000100000101000001010101010101010101010101010101010

3.305. Executing AST frontend in derive mode using pre-parsed AST for module `\GTP_LUT6'.
Parameter \INIT = 64'1000001010001000100000101000001010101010101010101010101010101010
Generating RTLIL representation for module `$paramod$4de1753cb540639d1b336bdb277d507385044b55\GTP_LUT6'.
Parameter \INIT = 64'1000000000000000000000000000000000000000000000000000000000000000
Found cached RTLIL representation for module `$paramod$492504319aaaedd247a3255e8ac4e753d3714520\GTP_LUT6'.
Parameter \INIT = 64'1001100101101001011001101001011001101001011010011001011010010110

3.306. Executing AST frontend in derive mode using pre-parsed AST for module `\GTP_LUT6'.
Parameter \INIT = 64'1001100101101001011001101001011001101001011010011001011010010110
Generating RTLIL representation for module `$paramod$43922d07075893d1e74ee28d10bca20f1bca928d\GTP_LUT6'.
Parameter \INIT = 16'1000000000000000
Found cached RTLIL representation for module `$paramod\GTP_LUT4\INIT=16'1000000000000000'.
Parameter \INIT = 64'0000000000000000000000000000000000000000000000000000000010000000
Found cached RTLIL representation for module `$paramod$59a0039f35ecdbe38b8a0ce2f13aa40890a8a3be\GTP_LUT6'.
Parameter \INIT = 64'1000000000000000000000000000000000000000000000000000000000000000
Found cached RTLIL representation for module `$paramod$492504319aaaedd247a3255e8ac4e753d3714520\GTP_LUT6'.
Parameter \INIT = 64'0000000000000000000000000000000000000000000000000000000010000000
Found cached RTLIL representation for module `$paramod$59a0039f35ecdbe38b8a0ce2f13aa40890a8a3be\GTP_LUT6'.
Parameter \INIT = 64'0110100101100110100110010110100101101001011010010110100101101001

3.307. Executing AST frontend in derive mode using pre-parsed AST for module `\GTP_LUT6'.
Parameter \INIT = 64'0110100101100110100110010110100101101001011010010110100101101001
Generating RTLIL representation for module `$paramod$ec5b187371ace2f0079db97b43555ea3002e646b\GTP_LUT6'.
Parameter \INIT = 64'0000000000000000000000000000000000000000000010000000000000000000

3.308. Executing AST frontend in derive mode using pre-parsed AST for module `\GTP_LUT6'.
Parameter \INIT = 64'0000000000000000000000000000000000000000000010000000000000000000
Generating RTLIL representation for module `$paramod$bc2929788b7c5a177fe33ebea21523f7635525da\GTP_LUT6'.
Parameter \INIT = 64'0000001000100000001000100010001011110111011111110111011101110111
Found cached RTLIL representation for module `$paramod$79bc77f58871aae4e671adf3e01718a25f873b42\GTP_LUT6'.
Parameter \INIT = 64'0101010011101110111011101010100001010100101010101110101010001000

3.309. Executing AST frontend in derive mode using pre-parsed AST for module `\GTP_LUT6'.
Parameter \INIT = 64'0101010011101110111011101010100001010100101010101110101010001000
Generating RTLIL representation for module `$paramod$9e66a747cb0a473915af2559837844df49660c7f\GTP_LUT6'.
Parameter \INIT = 64'0011011001100110011001100011100100110110001100110110001110011001

3.310. Executing AST frontend in derive mode using pre-parsed AST for module `\GTP_LUT6'.
Parameter \INIT = 64'0011011001100110011001100011100100110110001100110110001110011001
Generating RTLIL representation for module `$paramod$39fcc30b3a77d9fe9f6aaf663ed9db960b80b8d8\GTP_LUT6'.
Parameter \INIT = 64'0000000000001000000000000000000000000000000000000000000000000000

3.311. Executing AST frontend in derive mode using pre-parsed AST for module `\GTP_LUT6'.
Parameter \INIT = 64'0000000000001000000000000000000000000000000000000000000000000000
Generating RTLIL representation for module `$paramod$c82d392bd7a86b34a0ad44c18c62f9b844956103\GTP_LUT6'.
Parameter \INIT = 64'0000001000001010001000101010101011111101111101011101110101010101

3.312. Executing AST frontend in derive mode using pre-parsed AST for module `\GTP_LUT6'.
Parameter \INIT = 64'0000001000001010001000101010101011111101111101011101110101010101
Generating RTLIL representation for module `$paramod$e84b590e044e0aa80fe73d1da2e5ba58ba7248a8\GTP_LUT6'.
Parameter \INIT = 64'0000000000000000000000000000000010000000000000000000000000000000

3.313. Executing AST frontend in derive mode using pre-parsed AST for module `\GTP_LUT6'.
Parameter \INIT = 64'0000000000000000000000000000000010000000000000000000000000000000
Generating RTLIL representation for module `$paramod$e318ca13bdd3eb417e786e5b27813ccd04826f6b\GTP_LUT6'.
Parameter \INIT = 64'1000000000000000000000000000000000000000000000000000000000000000
Found cached RTLIL representation for module `$paramod$492504319aaaedd247a3255e8ac4e753d3714520\GTP_LUT6'.
Parameter \INIT = 64'1011111100101010101110110010001010000000100000001000100010001000

3.314. Executing AST frontend in derive mode using pre-parsed AST for module `\GTP_LUT6'.
Parameter \INIT = 64'1011111100101010101110110010001010000000100000001000100010001000
Generating RTLIL representation for module `$paramod$b892496ddc4ca23cae7132bc880c3ca548506eb8\GTP_LUT6'.
Parameter \INIT = 32768
Found cached RTLIL representation for module `$paramod\GTP_LUT5\INIT=32'00000000000000001000000000000000'.
Parameter \INIT = 64'0000000000000000000000000000000000000000000000001000000000000000
Found cached RTLIL representation for module `$paramod$15b020ac927ddb1879e5c2605abe35d430e43019\GTP_LUT6'.
Parameter \INIT = 64'1000001000101000101010101010101001111101110101110101010101010101

3.315. Executing AST frontend in derive mode using pre-parsed AST for module `\GTP_LUT6'.
Parameter \INIT = 64'1000001000101000101010101010101001111101110101110101010101010101
Generating RTLIL representation for module `$paramod$13de469b8af362167961a61e628e47b7eb25a982\GTP_LUT6'.
Parameter \INIT = 64'0000000000000000000000000000000000000000000000000000100000000000
Found cached RTLIL representation for module `$paramod$93ea42f15927ee0419824ce4ab0ae39b9241ea9e\GTP_LUT6'.
Parameter \INIT = 64'0000000000000000000000000000000000000000000000001000000000000000
Found cached RTLIL representation for module `$paramod$15b020ac927ddb1879e5c2605abe35d430e43019\GTP_LUT6'.
Parameter \INIT = 64'0000000000000000000000000000000000000000000000000000000010000000
Found cached RTLIL representation for module `$paramod$59a0039f35ecdbe38b8a0ce2f13aa40890a8a3be\GTP_LUT6'.
Parameter \INIT = 64'0000000000000000000000000000000000000000000000000000000010000000
Found cached RTLIL representation for module `$paramod$59a0039f35ecdbe38b8a0ce2f13aa40890a8a3be\GTP_LUT6'.
Parameter \INIT = 64'0111110100000000011111010000000000000000000000000111110100000000

3.316. Executing AST frontend in derive mode using pre-parsed AST for module `\GTP_LUT6'.
Parameter \INIT = 64'0111110100000000011111010000000000000000000000000111110100000000
Generating RTLIL representation for module `$paramod$3ebc792c053e9a321234883bba74fcb193d9e358\GTP_LUT6'.
Parameter \INIT = 64'0000000000000000000000000000000000000000000000001000000000000000
Found cached RTLIL representation for module `$paramod$15b020ac927ddb1879e5c2605abe35d430e43019\GTP_LUT6'.
Parameter \INIT = 64'0000000000000000000000000000000000000000000000001000000000000000
Found cached RTLIL representation for module `$paramod$15b020ac927ddb1879e5c2605abe35d430e43019\GTP_LUT6'.
Parameter \INIT = 64'0010000000100010101000001010101011011111110111010101111101010101

3.317. Executing AST frontend in derive mode using pre-parsed AST for module `\GTP_LUT6'.
Parameter \INIT = 64'0010000000100010101000001010101011011111110111010101111101010101
Generating RTLIL representation for module `$paramod$233a43b743c533fe665be9e7dcbff2f0d4a2897c\GTP_LUT6'.
Parameter \INIT = 64'0000100000001010111101111111010110001000101010100111011101010101

3.318. Executing AST frontend in derive mode using pre-parsed AST for module `\GTP_LUT6'.
Parameter \INIT = 64'0000100000001010111101111111010110001000101010100111011101010101
Generating RTLIL representation for module `$paramod$187ce7335141e0440265815d126951729aa9f515\GTP_LUT6'.
Parameter \INIT = 64'0000000000000000000000000000000000000000000000000000000000001000
Found cached RTLIL representation for module `$paramod$2a8de75338d836580b80372ca0fbc6879c1aadb6\GTP_LUT6'.
Parameter \INIT = 64'0000000000000000000000000000000000000000000000000000000000001000
Found cached RTLIL representation for module `$paramod$2a8de75338d836580b80372ca0fbc6879c1aadb6\GTP_LUT6'.
Parameter \INIT = 64'0000000000000100000000000000000000000000000000000000000000000000

3.319. Executing AST frontend in derive mode using pre-parsed AST for module `\GTP_LUT6'.
Parameter \INIT = 64'0000000000000100000000000000000000000000000000000000000000000000
Generating RTLIL representation for module `$paramod$1035fd4713dbef3481894453ceff46e20dd9e6df\GTP_LUT6'.
Parameter \INIT = 64'1000000010100000100010001010101011000000111100001100110011111111
Found cached RTLIL representation for module `$paramod$967d4d09a4dfab4f4a1f861005907375a387a6df\GTP_LUT6'.
Parameter \INIT = 64'1000000010100000100010001010101011000000111100001100110011111111
Found cached RTLIL representation for module `$paramod$967d4d09a4dfab4f4a1f861005907375a387a6df\GTP_LUT6'.
Parameter \INIT = 32'10000000000000000000000000000000
Found cached RTLIL representation for module `$paramod\GTP_LUT5\INIT=32'10000000000000000000000000000000'.
Parameter \INIT = 64'0000000000000000000000000000000000000000000000000000000010000000
Found cached RTLIL representation for module `$paramod$59a0039f35ecdbe38b8a0ce2f13aa40890a8a3be\GTP_LUT6'.
Parameter \INIT = 64'0000000000001000000000000000000000000000000000000000000000000000
Found cached RTLIL representation for module `$paramod$c82d392bd7a86b34a0ad44c18c62f9b844956103\GTP_LUT6'.
Parameter \INIT = 64'0000000000000000000000000000000000000000000000000000000000000010
Found cached RTLIL representation for module `$paramod$5000dfcc6b6076274589af648d56474541f5193e\GTP_LUT6'.
Parameter \INIT = 64'0000000000000000000000000000000000000000000000000000000000001000
Found cached RTLIL representation for module `$paramod$2a8de75338d836580b80372ca0fbc6879c1aadb6\GTP_LUT6'.
Parameter \INIT = 64'0000000000000000000000000010000000000000000000000000000000000000

3.320. Executing AST frontend in derive mode using pre-parsed AST for module `\GTP_LUT6'.
Parameter \INIT = 64'0000000000000000000000000010000000000000000000000000000000000000
Generating RTLIL representation for module `$paramod$8400d7c106faa7d0bc2363790ed471568bd24e26\GTP_LUT6'.
Parameter \INIT = 64'0000000000000000000000000000000000000000000000000000100000000000
Found cached RTLIL representation for module `$paramod$93ea42f15927ee0419824ce4ab0ae39b9241ea9e\GTP_LUT6'.
Parameter \INIT = 64'0000000000000000000000000000000000000000000000000000000000000010
Found cached RTLIL representation for module `$paramod$5000dfcc6b6076274589af648d56474541f5193e\GTP_LUT6'.
Parameter \INIT = 64'0000000000000000000000000000000000000000000000000000000000001000
Found cached RTLIL representation for module `$paramod$2a8de75338d836580b80372ca0fbc6879c1aadb6\GTP_LUT6'.
Parameter \INIT = 64'0000000000000000000000000000000000000000000000000000000000000010
Found cached RTLIL representation for module `$paramod$5000dfcc6b6076274589af648d56474541f5193e\GTP_LUT6'.
Parameter \INIT = 64'0000000000000000000000000000000000000000000010000000000000000000
Found cached RTLIL representation for module `$paramod$bc2929788b7c5a177fe33ebea21523f7635525da\GTP_LUT6'.
Parameter \INIT = 64'0000000000000000000000000000000000000000000000000000000000000010
Found cached RTLIL representation for module `$paramod$5000dfcc6b6076274589af648d56474541f5193e\GTP_LUT6'.
Parameter \INIT = 64'0000000000000000000000000000000000000000000000000000000000001000
Found cached RTLIL representation for module `$paramod$2a8de75338d836580b80372ca0fbc6879c1aadb6\GTP_LUT6'.
Parameter \INIT = 64'0000000000000000000000000000000000000000000000000000000000000010
Found cached RTLIL representation for module `$paramod$5000dfcc6b6076274589af648d56474541f5193e\GTP_LUT6'.
Parameter \INIT = 64'0000000000000000000000000000000000000000000000000000000000001000
Found cached RTLIL representation for module `$paramod$2a8de75338d836580b80372ca0fbc6879c1aadb6\GTP_LUT6'.
Parameter \INIT = 64'0000000000000000000000000000000000000000000000000000000000000001
Found cached RTLIL representation for module `$paramod$20246d5e7b6bcf137d425da26da5fdd90dad3f52\GTP_LUT6'.
Parameter \INIT = 64'0000000000000000000000000000000000000000000000000000000000010000

3.321. Executing AST frontend in derive mode using pre-parsed AST for module `\GTP_LUT6'.
Parameter \INIT = 64'0000000000000000000000000000000000000000000000000000000000010000
Generating RTLIL representation for module `$paramod$f79e2320780da9747722ebfe5757971ceb26f16f\GTP_LUT6'.
Parameter \INIT = 64'0000000000000000000000000000000000000000000000000000000000001000
Found cached RTLIL representation for module `$paramod$2a8de75338d836580b80372ca0fbc6879c1aadb6\GTP_LUT6'.
Parameter \INIT = 64'0000000000000000000000000000000000000000000000000000000000001000
Found cached RTLIL representation for module `$paramod$2a8de75338d836580b80372ca0fbc6879c1aadb6\GTP_LUT6'.
Parameter \INIT = 64'0000000000000000000000000000000000000000000000000000000000000010
Found cached RTLIL representation for module `$paramod$5000dfcc6b6076274589af648d56474541f5193e\GTP_LUT6'.
Parameter \INIT = 64'0000000000000000000000000000000100000000000000010000000000000001

3.322. Executing AST frontend in derive mode using pre-parsed AST for module `\GTP_LUT6'.
Parameter \INIT = 64'0000000000000000000000000000000100000000000000010000000000000001
Generating RTLIL representation for module `$paramod$6d85a20f85ffb2ad197674e86d34e64d868f3712\GTP_LUT6'.
Parameter \INIT = 64'0000000000000000000000000000000000000000000000000000000000000010
Found cached RTLIL representation for module `$paramod$5000dfcc6b6076274589af648d56474541f5193e\GTP_LUT6'.
Parameter \INIT = 64'0000000000000000000000000000000000000000000000000000000000000001
Found cached RTLIL representation for module `$paramod$20246d5e7b6bcf137d425da26da5fdd90dad3f52\GTP_LUT6'.
Parameter \INIT = 64'0000000000000001000000000000000100000000000000010000000000010001

3.323. Executing AST frontend in derive mode using pre-parsed AST for module `\GTP_LUT6'.
Parameter \INIT = 64'0000000000000001000000000000000100000000000000010000000000010001
Generating RTLIL representation for module `$paramod$b71a5bfcc3c23bc9b230696b2f90d4744d0d30f0\GTP_LUT6'.
Parameter \INIT = 64'0000000000000000000000000000000000000000000000000000000000000001
Found cached RTLIL representation for module `$paramod$20246d5e7b6bcf137d425da26da5fdd90dad3f52\GTP_LUT6'.
Parameter \INIT = 64'0000000000000000000000000000000000000000000000000000000000000001
Found cached RTLIL representation for module `$paramod$20246d5e7b6bcf137d425da26da5fdd90dad3f52\GTP_LUT6'.
Parameter \INIT = 64'0000000000000000000000000000000100000000000000000000000000010001

3.324. Executing AST frontend in derive mode using pre-parsed AST for module `\GTP_LUT6'.
Parameter \INIT = 64'0000000000000000000000000000000100000000000000000000000000010001
Generating RTLIL representation for module `$paramod$a4129e84bcf48113c55df707cac89582dd5da306\GTP_LUT6'.
Parameter \INIT = 64'0000000000000000000000000000000000000000000000000000000000000001
Found cached RTLIL representation for module `$paramod$20246d5e7b6bcf137d425da26da5fdd90dad3f52\GTP_LUT6'.
Parameter \INIT = 64'0000000000000000000000000000000000000000000000000000000000000001
Found cached RTLIL representation for module `$paramod$20246d5e7b6bcf137d425da26da5fdd90dad3f52\GTP_LUT6'.
Parameter \INIT = 64'0000000000000000000000000000000000000000000000000000000000000001
Found cached RTLIL representation for module `$paramod$20246d5e7b6bcf137d425da26da5fdd90dad3f52\GTP_LUT6'.
Parameter \INIT = 64'0000000000000000000000000000000000000000000000000000000000000001
Found cached RTLIL representation for module `$paramod$20246d5e7b6bcf137d425da26da5fdd90dad3f52\GTP_LUT6'.
Parameter \INIT = 64'0000000000000000000000000000000000000000000000000000000000000001
Found cached RTLIL representation for module `$paramod$20246d5e7b6bcf137d425da26da5fdd90dad3f52\GTP_LUT6'.
Parameter \INIT = 64'0000000000000000000000000000000000000000000000000000000000000001
Found cached RTLIL representation for module `$paramod$20246d5e7b6bcf137d425da26da5fdd90dad3f52\GTP_LUT6'.
Parameter \INIT = 64'0000000000000000000000000000000000000000000000000000000000000001
Found cached RTLIL representation for module `$paramod$20246d5e7b6bcf137d425da26da5fdd90dad3f52\GTP_LUT6'.
Parameter \INIT = 64'0000000000000000000000000000000000000000000000000000000000000001
Found cached RTLIL representation for module `$paramod$20246d5e7b6bcf137d425da26da5fdd90dad3f52\GTP_LUT6'.
Parameter \INIT = 128
Found cached RTLIL representation for module `$paramod\GTP_LUT5\INIT=32'00000000000000000000000010000000'.
Parameter \INIT = 8
Found cached RTLIL representation for module `$paramod\GTP_LUT5\INIT=32'00000000000000000000000000001000'.
Parameter \INIT = 64'0010100000100100000000000000000000000000000000000000000000000000

3.325. Executing AST frontend in derive mode using pre-parsed AST for module `\GTP_LUT6'.
Parameter \INIT = 64'0010100000100100000000000000000000000000000000000000000000000000
Generating RTLIL representation for module `$paramod$77d2a0bc16e6f4da1c24494c8cea23de63191617\GTP_LUT6'.
Parameter \INIT = 64'0100010001000010000000000000000000000000000000000000000000000000

3.326. Executing AST frontend in derive mode using pre-parsed AST for module `\GTP_LUT6'.
Parameter \INIT = 64'0100010001000010000000000000000000000000000000000000000000000000
Generating RTLIL representation for module `$paramod$2c06c0f85d98eef5125489928bc424c2b80080bc\GTP_LUT6'.
Parameter \INIT = 64'1111111100000000000000011111111011111111000000000000000011111111

3.327. Executing AST frontend in derive mode using pre-parsed AST for module `\GTP_LUT6'.
Parameter \INIT = 64'1111111100000000000000011111111011111111000000000000000011111111
Generating RTLIL representation for module `$paramod$76dcad30ee152e2c79d5a1c62c68b8f494c3de42\GTP_LUT6'.
Parameter \INIT = 64'0000000000001000001000000000000000000000000010000001000000000000

3.328. Executing AST frontend in derive mode using pre-parsed AST for module `\GTP_LUT6'.
Parameter \INIT = 64'0000000000001000001000000000000000000000000010000001000000000000
Generating RTLIL representation for module `$paramod$fc54738aa20c5361a7cc6c42f258734b161dbecf\GTP_LUT6'.
Parameter \INIT = 64'0000100000000000000000000010000000001000000000000000000000010000

3.329. Executing AST frontend in derive mode using pre-parsed AST for module `\GTP_LUT6'.
Parameter \INIT = 64'0000100000000000000000000010000000001000000000000000000000010000
Generating RTLIL representation for module `$paramod$c07eba62d99ff75fe91aa34e7ec716b241972db9\GTP_LUT6'.
Parameter \INIT = 64'0000000000000001000000000000000100000000000000011000000000000000

3.330. Executing AST frontend in derive mode using pre-parsed AST for module `\GTP_LUT6'.
Parameter \INIT = 64'0000000000000001000000000000000100000000000000011000000000000000
Generating RTLIL representation for module `$paramod$b60975c8175364777d73679c8a5ba433ba1df7d5\GTP_LUT6'.
Parameter \INIT = 64'0000000000100000000010000000000000000000001000000000010000000000

3.331. Executing AST frontend in derive mode using pre-parsed AST for module `\GTP_LUT6'.
Parameter \INIT = 64'0000000000100000000010000000000000000000001000000000010000000000
Generating RTLIL representation for module `$paramod$c4be406c161d6b90a51984ed20c688fecc873801\GTP_LUT6'.
Parameter \INIT = 64'0000001000000000000000001000000000000010000000000000000001000000

3.332. Executing AST frontend in derive mode using pre-parsed AST for module `\GTP_LUT6'.
Parameter \INIT = 64'0000001000000000000000001000000000000010000000000000000001000000
Generating RTLIL representation for module `$paramod$0395f79417a703f7ff9fa820104ab71d032483d0\GTP_LUT6'.
Parameter \INIT = 128
Found cached RTLIL representation for module `$paramod\GTP_LUT5\INIT=32'00000000000000000000000010000000'.
Parameter \INIT = 128
Found cached RTLIL representation for module `$paramod\GTP_LUT5\INIT=32'00000000000000000000000010000000'.
Parameter \INIT = 2048

3.333. Executing AST frontend in derive mode using pre-parsed AST for module `\GTP_LUT5'.
Parameter \INIT = 2048
Generating RTLIL representation for module `$paramod\GTP_LUT5\INIT=32'00000000000000000000100000000000'.
Parameter \INIT = 32'11001110110011110011000100110000

3.334. Executing AST frontend in derive mode using pre-parsed AST for module `\GTP_LUT5'.
Parameter \INIT = 32'11001110110011110011000100110000
Generating RTLIL representation for module `$paramod\GTP_LUT5\INIT=32'11001110110011110011000100110000'.
Parameter \INIT = 32'11001110001100011100111100110000

3.335. Executing AST frontend in derive mode using pre-parsed AST for module `\GTP_LUT5'.
Parameter \INIT = 32'11001110001100011100111100110000
Generating RTLIL representation for module `$paramod\GTP_LUT5\INIT=32'11001110001100011100111100110000'.
Parameter \INIT = 835596495

3.336. Executing AST frontend in derive mode using pre-parsed AST for module `\GTP_LUT5'.
Parameter \INIT = 835596495
Generating RTLIL representation for module `$paramod\GTP_LUT5\INIT=32'00110001110011100011000011001111'.
Parameter \INIT = 2
Found cached RTLIL representation for module `$paramod\GTP_LUT5\INIT=32'00000000000000000000000000000010'.
Parameter \INIT = 65793
Found cached RTLIL representation for module `$paramod\GTP_LUT5\INIT=32'00000000000000010000000100000001'.
Parameter \INIT = 2
Found cached RTLIL representation for module `$paramod\GTP_LUT5\INIT=32'00000000000000000000000000000010'.
Parameter \INIT = 8
Found cached RTLIL representation for module `$paramod\GTP_LUT5\INIT=32'00000000000000000000000000001000'.
Parameter \INIT = 1
Found cached RTLIL representation for module `$paramod\GTP_LUT5\INIT=32'00000000000000000000000000000001'.
Parameter \INIT = 16'1000000000000000
Found cached RTLIL representation for module `$paramod\GTP_LUT4\INIT=16'1000000000000000'.
Parameter \INIT = 2
Found cached RTLIL representation for module `$paramod\GTP_LUT5\INIT=32'00000000000000000000000000000010'.
Parameter \INIT = 2
Found cached RTLIL representation for module `$paramod\GTP_LUT5\INIT=32'00000000000000000000000000000010'.
Parameter \INIT = 1
Found cached RTLIL representation for module `$paramod\GTP_LUT5\INIT=32'00000000000000000000000000000001'.
Parameter \INIT = 1
Found cached RTLIL representation for module `$paramod\GTP_LUT5\INIT=32'00000000000000000000000000000001'.
Parameter \INIT = 1
Found cached RTLIL representation for module `$paramod\GTP_LUT5\INIT=32'00000000000000000000000000000001'.
Parameter \INIT = 1
Found cached RTLIL representation for module `$paramod\GTP_LUT5\INIT=32'00000000000000000000000000000001'.
Parameter \INIT = 65793
Found cached RTLIL representation for module `$paramod\GTP_LUT5\INIT=32'00000000000000010000000100000001'.
Parameter \INIT = 1
Found cached RTLIL representation for module `$paramod\GTP_LUT5\INIT=32'00000000000000000000000000000001'.
Parameter \INIT = 16'1000011110100101

3.337. Executing AST frontend in derive mode using pre-parsed AST for module `\GTP_LUT4'.
Parameter \INIT = 16'1000011110100101
Generating RTLIL representation for module `$paramod\GTP_LUT4\INIT=16'1000011110100101'.
Parameter \INIT = 1
Found cached RTLIL representation for module `$paramod\GTP_LUT5\INIT=32'00000000000000000000000000000001'.
Parameter \INIT = 1
Found cached RTLIL representation for module `$paramod\GTP_LUT5\INIT=32'00000000000000000000000000000001'.
Parameter \INIT = 1
Found cached RTLIL representation for module `$paramod\GTP_LUT5\INIT=32'00000000000000000000000000000001'.
Parameter \INIT = 16'0000000000001000
Found cached RTLIL representation for module `$paramod\GTP_LUT4\INIT=16'0000000000001000'.
Parameter \INIT = 16'1100011001100110
Found cached RTLIL representation for module `$paramod\GTP_LUT4\INIT=16'1100011001100110'.
Parameter \INIT = 16'0011000100110000

3.338. Executing AST frontend in derive mode using pre-parsed AST for module `\GTP_LUT4'.
Parameter \INIT = 16'0011000100110000
Generating RTLIL representation for module `$paramod\GTP_LUT4\INIT=16'0011000100110000'.
Parameter \INIT = 16'1000101011001111
Found cached RTLIL representation for module `$paramod\GTP_LUT4\INIT=16'1000101011001111'.
Parameter \INIT = 16'0010001110101111

3.339. Executing AST frontend in derive mode using pre-parsed AST for module `\GTP_LUT4'.
Parameter \INIT = 16'0010001110101111
Generating RTLIL representation for module `$paramod\GTP_LUT4\INIT=16'0010001110101111'.
Parameter \INIT = 16'0000000000000001
Found cached RTLIL representation for module `$paramod\GTP_LUT4\INIT=16'0000000000000001'.
Parameter \INIT = 16'0000000000000001
Found cached RTLIL representation for module `$paramod\GTP_LUT4\INIT=16'0000000000000001'.
Parameter \INIT = 16'0000000000000001
Found cached RTLIL representation for module `$paramod\GTP_LUT4\INIT=16'0000000000000001'.
Parameter \INIT = 16'0000000000000001
Found cached RTLIL representation for module `$paramod\GTP_LUT4\INIT=16'0000000000000001'.
Parameter \INIT = 8'00000001
Found cached RTLIL representation for module `$paramod\GTP_LUT3\INIT=8'00000001'.
Parameter \INIT = 32'10001010000010001110111110101110
Found cached RTLIL representation for module `$paramod\GTP_LUT5\INIT=32'10001010000010001110111110101110'.
Parameter \INIT = 16'0111000000000111

3.340. Executing AST frontend in derive mode using pre-parsed AST for module `\GTP_LUT4'.
Parameter \INIT = 16'0111000000000111
Generating RTLIL representation for module `$paramod\GTP_LUT4\INIT=16'0111000000000111'.
Parameter \INIT = 64'0110010110100110011001011010011001100101011001010110010110100110

3.341. Executing AST frontend in derive mode using pre-parsed AST for module `\GTP_LUT6'.
Parameter \INIT = 64'0110010110100110011001011010011001100101011001010110010110100110
Generating RTLIL representation for module `$paramod$25cb9c9ab8cf6c91149c70ef5d64b51170abae1a\GTP_LUT6'.
Parameter \INIT = 64'1000101000001000100010100000100010001010100010101000101000001000

3.342. Executing AST frontend in derive mode using pre-parsed AST for module `\GTP_LUT6'.
Parameter \INIT = 64'1000101000001000100010100000100010001010100010101000101000001000
Generating RTLIL representation for module `$paramod$7b00a4ec5fc8f06423ddbb75ddc5da3ec288cd54\GTP_LUT6'.
Parameter \INIT = 64'0110100110010110011010011001011001101001011010010110100110010110
Found cached RTLIL representation for module `$paramod$5edb457411ca1e6b5852ed7e78b0868e1e976784\GTP_LUT6'.
Parameter \INIT = 64'0100110101000100010011010100010001001101010001001101110101001101

3.343. Executing AST frontend in derive mode using pre-parsed AST for module `\GTP_LUT6'.
Parameter \INIT = 64'0100110101000100010011010100010001001101010001001101110101001101
Generating RTLIL representation for module `$paramod$980d934a061a28893692982b0f34a15db7d2a5dd\GTP_LUT6'.
Parameter \INIT = 64'0110010110010101011001011001010101100101100101011010011010101001

3.344. Executing AST frontend in derive mode using pre-parsed AST for module `\GTP_LUT6'.
Parameter \INIT = 64'0110010110010101011001011001010101100101100101011010011010101001
Generating RTLIL representation for module `$paramod$99cdd9f5c5cd78bf2f46c0529fe8c25221ca9fde\GTP_LUT6'.
Parameter \INIT = 32'10011010101010010101100110010101

3.345. Executing AST frontend in derive mode using pre-parsed AST for module `\GTP_LUT5'.
Parameter \INIT = 32'10011010101010010101100110010101
Generating RTLIL representation for module `$paramod\GTP_LUT5\INIT=32'10011010101010010101100110010101'.
Parameter \INIT = 64'1001011000000000100101100000000010010110100101101001011000000000

3.346. Executing AST frontend in derive mode using pre-parsed AST for module `\GTP_LUT6'.
Parameter \INIT = 64'1001011000000000100101100000000010010110100101101001011000000000
Generating RTLIL representation for module `$paramod$1bee6e9d1a86be3a6fc5be10e348ee54d72c15ff\GTP_LUT6'.
Parameter \INIT = 64'1000100010001000101010001000100010101000100010001010101010001000
Found cached RTLIL representation for module `$paramod$ba35259528df06e451ee2f6b891cd3eb6afed8d2\GTP_LUT6'.
Parameter \INIT = 64'1010101010100010101000101010001000000000100000001000000010000000

3.347. Executing AST frontend in derive mode using pre-parsed AST for module `\GTP_LUT6'.
Parameter \INIT = 64'1010101010100010101000101010001000000000100000001000000010000000
Generating RTLIL representation for module `$paramod$26ceb6639bc026dcb5b5adf7c886989c2d67049f\GTP_LUT6'.
Parameter \INIT = 64'0000100010001010000010000000100010001010100010100000100010001010

3.348. Executing AST frontend in derive mode using pre-parsed AST for module `\GTP_LUT6'.
Parameter \INIT = 64'0000100010001010000010000000100010001010100010100000100010001010
Generating RTLIL representation for module `$paramod$08f6bdbe26c23a5a55986e16cea32aec17bcab7e\GTP_LUT6'.
Parameter \INIT = 64'0010101100100010001010110010001000101011001000101011101100101011
Found cached RTLIL representation for module `$paramod$2de82c17b30dc0cd94174cc4ef91f69a44629576\GTP_LUT6'.
Parameter \INIT = 64'1000101000001000100010100000100010001010100010101000101000001000
Found cached RTLIL representation for module `$paramod$7b00a4ec5fc8f06423ddbb75ddc5da3ec288cd54\GTP_LUT6'.
Parameter \INIT = 64'1000111010001000100011101000100010001110100010001110111010001110

3.349. Executing AST frontend in derive mode using pre-parsed AST for module `\GTP_LUT6'.
Parameter \INIT = 64'1000111010001000100011101000100010001110100010001110111010001110
Generating RTLIL representation for module `$paramod$b8beca0fae37c08b48fcad681858c33d652a9be0\GTP_LUT6'.
Parameter \INIT = 64'1000000000000000000000000000000000000000000000000000000000000000
Found cached RTLIL representation for module `$paramod$492504319aaaedd247a3255e8ac4e753d3714520\GTP_LUT6'.
Parameter \INIT = 32'10000000000000000000000000000000
Found cached RTLIL representation for module `$paramod\GTP_LUT5\INIT=32'10000000000000000000000000000000'.
Parameter \INIT = 128
Found cached RTLIL representation for module `$paramod\GTP_LUT5\INIT=32'00000000000000000000000010000000'.
Parameter \INIT = 8421504

3.350. Executing AST frontend in derive mode using pre-parsed AST for module `\GTP_LUT5'.
Parameter \INIT = 8421504
Generating RTLIL representation for module `$paramod\GTP_LUT5\INIT=32'00000000100000001000000010000000'.
Parameter \INIT = 32'10000000000000000000000000000000
Found cached RTLIL representation for module `$paramod\GTP_LUT5\INIT=32'10000000000000000000000000000000'.
Parameter \INIT = 64'0111000101110111000100010111000101110001011100010111000101110001

3.351. Executing AST frontend in derive mode using pre-parsed AST for module `\GTP_LUT6'.
Parameter \INIT = 64'0111000101110111000100010111000101110001011100010111000101110001
Generating RTLIL representation for module `$paramod$532e5c602221851b7020e7270e295af25581ebcc\GTP_LUT6'.
Parameter \INIT = 64'1000000000000000000000000000000000000000000000000000000000000000
Found cached RTLIL representation for module `$paramod$492504319aaaedd247a3255e8ac4e753d3714520\GTP_LUT6'.
Parameter \INIT = 64'1000000000000000000000000000000000000000000000000000000000000000
Found cached RTLIL representation for module `$paramod$492504319aaaedd247a3255e8ac4e753d3714520\GTP_LUT6'.
Parameter \INIT = 64'0000000000000000000000000000000000000000000000001000000000000000
Found cached RTLIL representation for module `$paramod$15b020ac927ddb1879e5c2605abe35d430e43019\GTP_LUT6'.
Parameter \INIT = 16'1000000000000000
Found cached RTLIL representation for module `$paramod\GTP_LUT4\INIT=16'1000000000000000'.
Parameter \INIT = 64'1000000000000000000000000000000000000000000000000000000000000000
Found cached RTLIL representation for module `$paramod$492504319aaaedd247a3255e8ac4e753d3714520\GTP_LUT6'.
Parameter \INIT = 64'1000000000000000000000000000000000000000000000000000000000000000
Found cached RTLIL representation for module `$paramod$492504319aaaedd247a3255e8ac4e753d3714520\GTP_LUT6'.
Parameter \INIT = 64'0000000000000000000000000000000000000000000000001000000000000000
Found cached RTLIL representation for module `$paramod$15b020ac927ddb1879e5c2605abe35d430e43019\GTP_LUT6'.
Parameter \INIT = 64'0000000000000000000000000000000000000000000000000000000010000000
Found cached RTLIL representation for module `$paramod$59a0039f35ecdbe38b8a0ce2f13aa40890a8a3be\GTP_LUT6'.
Parameter \INIT = 64'1001010101101010100110010110011010010101100101011001100110011001

3.352. Executing AST frontend in derive mode using pre-parsed AST for module `\GTP_LUT6'.
Parameter \INIT = 64'1001010101101010100110010110011010010101100101011001100110011001
Generating RTLIL representation for module `$paramod$6763b602606b30155b9efa51c7aceb541fdd9d8d\GTP_LUT6'.
Parameter \INIT = 64'1000000000000000000000000000000000000000000000000000000000000000
Found cached RTLIL representation for module `$paramod$492504319aaaedd247a3255e8ac4e753d3714520\GTP_LUT6'.
Parameter \INIT = 64'0000000000000000000000000000000000000000000000001000000000000000
Found cached RTLIL representation for module `$paramod$15b020ac927ddb1879e5c2605abe35d430e43019\GTP_LUT6'.
Parameter \INIT = 64'0000000000000000100000000000000010000000000000001000000000000000

3.353. Executing AST frontend in derive mode using pre-parsed AST for module `\GTP_LUT6'.
Parameter \INIT = 64'0000000000000000100000000000000010000000000000001000000000000000
Generating RTLIL representation for module `$paramod$d2c51c604945303a3d6890b8b218d0864be8b989\GTP_LUT6'.
Parameter \INIT = 32'10000000000000000000000000000000
Found cached RTLIL representation for module `$paramod\GTP_LUT5\INIT=32'10000000000000000000000000000000'.
Parameter \INIT = 64'0000000000000000000000000000000000000000000000000000000010000000
Found cached RTLIL representation for module `$paramod$59a0039f35ecdbe38b8a0ce2f13aa40890a8a3be\GTP_LUT6'.
Parameter \INIT = 64'0000000000000000000000000000000000000000000000000000000010000000
Found cached RTLIL representation for module `$paramod$59a0039f35ecdbe38b8a0ce2f13aa40890a8a3be\GTP_LUT6'.
Parameter \INIT = 8388608
Found cached RTLIL representation for module `$paramod\GTP_LUT5\INIT=32'00000000100000000000000000000000'.
Parameter \INIT = 64'1000001000000000100000100010100010101010000000001010101010101010

3.354. Executing AST frontend in derive mode using pre-parsed AST for module `\GTP_LUT6'.
Parameter \INIT = 64'1000001000000000100000100010100010101010000000001010101010101010
Generating RTLIL representation for module `$paramod$0cdfb0ebb605cfdd1a9c3909e84ce05257ff70a1\GTP_LUT6'.
Parameter \INIT = 64'0000000000000000000000000000000000000000000000000000000010000000
Found cached RTLIL representation for module `$paramod$59a0039f35ecdbe38b8a0ce2f13aa40890a8a3be\GTP_LUT6'.
Parameter \INIT = 64'0000000000000000000000000000000000000000000000000000000000001000
Found cached RTLIL representation for module `$paramod$2a8de75338d836580b80372ca0fbc6879c1aadb6\GTP_LUT6'.
Parameter \INIT = 64'0000000000000000000000001000000000000000000000000000000000000000
Found cached RTLIL representation for module `$paramod$84b5b630294ec426e51eb3ee26536af7f2d9f257\GTP_LUT6'.
Parameter \INIT = 64'0000000000000000000000000000000000000000000000000000000000001000
Found cached RTLIL representation for module `$paramod$2a8de75338d836580b80372ca0fbc6879c1aadb6\GTP_LUT6'.
Parameter \INIT = 64'0000001000100010000010101010101011111101110111011111010101010101
Found cached RTLIL representation for module `$paramod$84284631376f114e4ec7dc9abcae89378739e4ca\GTP_LUT6'.
Parameter \INIT = 64'0000000000000000000000000000000000000000000000000000000000001000
Found cached RTLIL representation for module `$paramod$2a8de75338d836580b80372ca0fbc6879c1aadb6\GTP_LUT6'.
Parameter \INIT = 64'0010001000100010101010101010101011011101111111010101010111110101

3.355. Executing AST frontend in derive mode using pre-parsed AST for module `\GTP_LUT6'.
Parameter \INIT = 64'0010001000100010101010101010101011011101111111010101010111110101
Generating RTLIL representation for module `$paramod$505aabef23af6b7139dc8bdf56198a722fbd0db4\GTP_LUT6'.
Parameter \INIT = 64'0000000000000000000000000000000000000000000000000000000000001000
Found cached RTLIL representation for module `$paramod$2a8de75338d836580b80372ca0fbc6879c1aadb6\GTP_LUT6'.
Parameter \INIT = 64'0000000000000000000000000000000000000000000000000000000000001000
Found cached RTLIL representation for module `$paramod$2a8de75338d836580b80372ca0fbc6879c1aadb6\GTP_LUT6'.
Parameter \INIT = 2
Found cached RTLIL representation for module `$paramod\GTP_LUT5\INIT=32'00000000000000000000000000000010'.
Parameter \INIT = 128
Found cached RTLIL representation for module `$paramod\GTP_LUT5\INIT=32'00000000000000000000000010000000'.
Parameter \INIT = 64'0000000000000000000000000000000000000000000000000000000000001000
Found cached RTLIL representation for module `$paramod$2a8de75338d836580b80372ca0fbc6879c1aadb6\GTP_LUT6'.
Parameter \INIT = 64'0000000000000000000000000000000000000000000000000000000000000001
Found cached RTLIL representation for module `$paramod$20246d5e7b6bcf137d425da26da5fdd90dad3f52\GTP_LUT6'.
Parameter \INIT = 64'0000000000000000000000000000000000000000000000000000000000000001
Found cached RTLIL representation for module `$paramod$20246d5e7b6bcf137d425da26da5fdd90dad3f52\GTP_LUT6'.
Parameter \INIT = 64'0000000000000000000000000000000000000000000000000000000000000001
Found cached RTLIL representation for module `$paramod$20246d5e7b6bcf137d425da26da5fdd90dad3f52\GTP_LUT6'.
Parameter \INIT = 8
Found cached RTLIL representation for module `$paramod\GTP_LUT5\INIT=32'00000000000000000000000000001000'.
Parameter \INIT = 8
Found cached RTLIL representation for module `$paramod\GTP_LUT5\INIT=32'00000000000000000000000000001000'.
Parameter \INIT = 64'0000000000000000000000000000000100000000000000000000000000000000

3.356. Executing AST frontend in derive mode using pre-parsed AST for module `\GTP_LUT6'.
Parameter \INIT = 64'0000000000000000000000000000000100000000000000000000000000000000
Generating RTLIL representation for module `$paramod$f5d0c8e1c3a7898bd818c9cc8dd705ac654e75d6\GTP_LUT6'.
Parameter \INIT = 16'1000000000000000
Found cached RTLIL representation for module `$paramod\GTP_LUT4\INIT=16'1000000000000000'.
Parameter \INIT = 8
Found cached RTLIL representation for module `$paramod\GTP_LUT5\INIT=32'00000000000000000000000000001000'.
Parameter \INIT = 16'0000000010000000
Found cached RTLIL representation for module `$paramod\GTP_LUT4\INIT=16'0000000010000000'.
Parameter \INIT = 8
Found cached RTLIL representation for module `$paramod\GTP_LUT5\INIT=32'00000000000000000000000000001000'.
Parameter \INIT = 16'1000000000000000
Found cached RTLIL representation for module `$paramod\GTP_LUT4\INIT=16'1000000000000000'.
Parameter \INIT = 16'0000100000000000

3.357. Executing AST frontend in derive mode using pre-parsed AST for module `\GTP_LUT4'.
Parameter \INIT = 16'0000100000000000
Generating RTLIL representation for module `$paramod\GTP_LUT4\INIT=16'0000100000000000'.
Parameter \INIT = 1
Found cached RTLIL representation for module `$paramod\GTP_LUT5\INIT=32'00000000000000000000000000000001'.
Parameter \INIT = 64'0100110100000000111111110100110111111111010011010100110100000000

3.358. Executing AST frontend in derive mode using pre-parsed AST for module `\GTP_LUT6'.
Parameter \INIT = 64'0100110100000000111111110100110111111111010011010100110100000000
Generating RTLIL representation for module `$paramod$9d3052c0e0a07ded729f81fd3f383dd7dfa3fe79\GTP_LUT6'.
Parameter \INIT = 64'1011111000101000101111101011111000101000001010001011111000101000

3.359. Executing AST frontend in derive mode using pre-parsed AST for module `\GTP_LUT6'.
Parameter \INIT = 64'1011111000101000101111101011111000101000001010001011111000101000
Generating RTLIL representation for module `$paramod$e38bd97661e71d5880599a976b003cc2edafafaa\GTP_LUT6'.
Parameter \INIT = 64'1000000100101000000000000000000000000000000000000000000000000000

3.360. Executing AST frontend in derive mode using pre-parsed AST for module `\GTP_LUT6'.
Parameter \INIT = 64'1000000100101000000000000000000000000000000000000000000000000000
Generating RTLIL representation for module `$paramod$5b5ca128cd8d9956e89c2ed79c545d9ae0b2c356\GTP_LUT6'.
Parameter \INIT = 32'11010100010001001101110111010100

3.361. Executing AST frontend in derive mode using pre-parsed AST for module `\GTP_LUT5'.
Parameter \INIT = 32'11010100010001001101110111010100
Generating RTLIL representation for module `$paramod\GTP_LUT5\INIT=32'11010100010001001101110111010100'.
Parameter \INIT = 64'0100010001000100010001000100110101001101010011010100110101001101

3.362. Executing AST frontend in derive mode using pre-parsed AST for module `\GTP_LUT6'.
Parameter \INIT = 64'0100010001000100010001000100110101001101010011010100110101001101
Generating RTLIL representation for module `$paramod$f674485c781040b1bbcf450fd0b26dff6b5ab079\GTP_LUT6'.
Parameter \INIT = 64'0110100101100110011010010110011001101001011001101001100101101001

3.363. Executing AST frontend in derive mode using pre-parsed AST for module `\GTP_LUT6'.
Parameter \INIT = 64'0110100101100110011010010110011001101001011001101001100101101001
Generating RTLIL representation for module `$paramod$e3afc37eb96e9732d18e353417186654877d064c\GTP_LUT6'.
Parameter \INIT = 1431725670
Found cached RTLIL representation for module `$paramod\GTP_LUT5\INIT=32'01010101010101100110011001100110'.
Parameter \INIT = 64'0110100110010110011010010110100101101001100101100110100110010110

3.364. Executing AST frontend in derive mode using pre-parsed AST for module `\GTP_LUT6'.
Parameter \INIT = 64'0110100110010110011010010110100101101001100101100110100110010110
Generating RTLIL representation for module `$paramod$d6522db9c321ab780db19ba7f3c2e80605bbef32\GTP_LUT6'.
Parameter \INIT = 32'11010100010001001101110111010100
Found cached RTLIL representation for module `$paramod\GTP_LUT5\INIT=32'11010100010001001101110111010100'.
Parameter \INIT = 64'0101010101011001010110010101100110101010011010100110101001101010

3.365. Executing AST frontend in derive mode using pre-parsed AST for module `\GTP_LUT6'.
Parameter \INIT = 64'0101010101011001010110010101100110101010011010100110101001101010
Generating RTLIL representation for module `$paramod$bce5ed6b255f66cd84d67ad1b5e17b39631b2b10\GTP_LUT6'.
Parameter \INIT = 64'1010011001100101101001101010011001100101011001011010011001100101

3.366. Executing AST frontend in derive mode using pre-parsed AST for module `\GTP_LUT6'.
Parameter \INIT = 64'1010011001100101101001101010011001100101011001011010011001100101
Generating RTLIL representation for module `$paramod$16fc402dddebbafdfe08a168c82919fcfe06d63f\GTP_LUT6'.
Parameter \INIT = 64'0100010001000100010101000100010001010100010001000101010001010100

3.367. Executing AST frontend in derive mode using pre-parsed AST for module `\GTP_LUT6'.
Parameter \INIT = 64'0100010001000100010101000100010001010100010001000101010001010100
Generating RTLIL representation for module `$paramod$520801dc72d276995868182849a37db9d426c361\GTP_LUT6'.
Parameter \INIT = 64'1001011001101001100101101001011001101001011010011001011001101001

3.368. Executing AST frontend in derive mode using pre-parsed AST for module `\GTP_LUT6'.
Parameter \INIT = 64'1001011001101001100101101001011001101001011010011001011001101001
Generating RTLIL representation for module `$paramod$36a444de04734c0ab76877f831ae98c03cca853e\GTP_LUT6'.
Parameter \INIT = 64'0110010101100101011001011010011010011010100110101001101001011001

3.369. Executing AST frontend in derive mode using pre-parsed AST for module `\GTP_LUT6'.
Parameter \INIT = 64'0110010101100101011001011010011010011010100110101001101001011001
Generating RTLIL representation for module `$paramod$e9a16771f46b79be36f5a5297a3a49e4fcffb1fc\GTP_LUT6'.
Parameter \INIT = 553648128

3.370. Executing AST frontend in derive mode using pre-parsed AST for module `\GTP_LUT5'.
Parameter \INIT = 553648128
Generating RTLIL representation for module `$paramod\GTP_LUT5\INIT=32'00100001000000000000000000000000'.
Parameter \INIT = 64'0110010110100110011001011010011001100101011001010110010110100110
Found cached RTLIL representation for module `$paramod$25cb9c9ab8cf6c91149c70ef5d64b51170abae1a\GTP_LUT6'.
Parameter \INIT = 16'1100011001100011

3.371. Executing AST frontend in derive mode using pre-parsed AST for module `\GTP_LUT4'.
Parameter \INIT = 16'1100011001100011
Generating RTLIL representation for module `$paramod\GTP_LUT4\INIT=16'1100011001100011'.
Parameter \INIT = 64'0110100101100110011010010110011001101001011001101001100101101001
Found cached RTLIL representation for module `$paramod$e3afc37eb96e9732d18e353417186654877d064c\GTP_LUT6'.
Parameter \INIT = 32'10000000000000000000000000000000
Found cached RTLIL representation for module `$paramod\GTP_LUT5\INIT=32'10000000000000000000000000000000'.
Parameter \INIT = 32'10000000000000000000000000000000
Found cached RTLIL representation for module `$paramod\GTP_LUT5\INIT=32'10000000000000000000000000000000'.
Parameter \INIT = 64'0000000000000000000000000000000000000000000000001000000000000000
Found cached RTLIL representation for module `$paramod$15b020ac927ddb1879e5c2605abe35d430e43019\GTP_LUT6'.
Parameter \INIT = 32'10000000000000000000000000000000
Found cached RTLIL representation for module `$paramod\GTP_LUT5\INIT=32'10000000000000000000000000000000'.
Parameter \INIT = 32'10000000000000000000000000000000
Found cached RTLIL representation for module `$paramod\GTP_LUT5\INIT=32'10000000000000000000000000000000'.
Parameter \INIT = 32'10000000000000000000000000000000
Found cached RTLIL representation for module `$paramod\GTP_LUT5\INIT=32'10000000000000000000000000000000'.
Parameter \INIT = 16'1000000000000000
Found cached RTLIL representation for module `$paramod\GTP_LUT4\INIT=16'1000000000000000'.
Parameter \INIT = 16'1000000000000000
Found cached RTLIL representation for module `$paramod\GTP_LUT4\INIT=16'1000000000000000'.
Parameter \INIT = 8'10000000
Found cached RTLIL representation for module `$paramod\GTP_LUT3\INIT=8'10000000'.
Parameter \INIT = 8'10000000
Found cached RTLIL representation for module `$paramod\GTP_LUT3\INIT=8'10000000'.
Parameter \INIT = 8'10000000
Found cached RTLIL representation for module `$paramod\GTP_LUT3\INIT=8'10000000'.
Parameter \INIT = 64'0000000000000000000000000000000100000000000000000000000000000000
Found cached RTLIL representation for module `$paramod$f5d0c8e1c3a7898bd818c9cc8dd705ac654e75d6\GTP_LUT6'.
Parameter \INIT = 64'0000000000000000000000000000000000000000000000000000000000000001
Found cached RTLIL representation for module `$paramod$20246d5e7b6bcf137d425da26da5fdd90dad3f52\GTP_LUT6'.
Parameter \INIT = 16'0000100000000000
Found cached RTLIL representation for module `$paramod\GTP_LUT4\INIT=16'0000100000000000'.
Parameter \INIT = 64'1001011001101001100101101001011001101001011010011001011001101001
Found cached RTLIL representation for module `$paramod$36a444de04734c0ab76877f831ae98c03cca853e\GTP_LUT6'.
Parameter \INIT = 64'0101011010010101100101011010100110010101101010011001010110101001

3.372. Executing AST frontend in derive mode using pre-parsed AST for module `\GTP_LUT6'.
Parameter \INIT = 64'0101011010010101100101011010100110010101101010011001010110101001
Generating RTLIL representation for module `$paramod$acad5c2dbf3b06b3316afa739101ed52fc6dbd7e\GTP_LUT6'.
Parameter \INIT = 64'0000000000000000000000001000000000000000000000000000000000000010

3.373. Executing AST frontend in derive mode using pre-parsed AST for module `\GTP_LUT6'.
Parameter \INIT = 64'0000000000000000000000001000000000000000000000000000000000000010
Generating RTLIL representation for module `$paramod$5954771cf079246da12512f7cefc2273474faa53\GTP_LUT6'.
Parameter \INIT = 32770

3.374. Executing AST frontend in derive mode using pre-parsed AST for module `\GTP_LUT5'.
Parameter \INIT = 32770
Generating RTLIL representation for module `$paramod\GTP_LUT5\INIT=32'00000000000000001000000000000010'.
Parameter \INIT = 16'0110100110010110
Found cached RTLIL representation for module `$paramod\GTP_LUT4\INIT=16'0110100110010110'.
Parameter \INIT = 64'0000011001100110011001100110000001100110011001100110011001100110

3.375. Executing AST frontend in derive mode using pre-parsed AST for module `\GTP_LUT6'.
Parameter \INIT = 64'0000011001100110011001100110000001100110011001100110011001100110
Generating RTLIL representation for module `$paramod$4311dcdfb3bff1d0c114093752a37be97718df27\GTP_LUT6'.
Parameter \INIT = 64'1000000000000000000010000000000000001000000000000000000010000000

3.376. Executing AST frontend in derive mode using pre-parsed AST for module `\GTP_LUT6'.
Parameter \INIT = 64'1000000000000000000010000000000000001000000000000000000010000000
Generating RTLIL representation for module `$paramod$7f3a2b451e279f4350e83a54f009767c19f9ec23\GTP_LUT6'.
Parameter \INIT = 64'0110011001100110010101100110011001010110011001100101010101100110
Found cached RTLIL representation for module `$paramod$3880597822d839ad4d6a9f6e9bcb09b56a0f7d6d\GTP_LUT6'.
Parameter \INIT = 64'1001100110011001101010011001100110101001100110011010100110101001

3.377. Executing AST frontend in derive mode using pre-parsed AST for module `\GTP_LUT6'.
Parameter \INIT = 64'1001100110011001101010011001100110101001100110011010100110101001
Generating RTLIL representation for module `$paramod$4a468d69dd90ff892b6ce921df9591698a0e9737\GTP_LUT6'.
Parameter \INIT = 64'1010011010100110011001011010011001100101101001100110010101100101

3.378. Executing AST frontend in derive mode using pre-parsed AST for module `\GTP_LUT6'.
Parameter \INIT = 64'1010011010100110011001011010011001100101101001100110010101100101
Generating RTLIL representation for module `$paramod$aab53cb39e1a75962d77d6ebc1a306bece600138\GTP_LUT6'.
Parameter \INIT = 64'0000000001010101000000000001000100000000010100010000000000010001

3.379. Executing AST frontend in derive mode using pre-parsed AST for module `\GTP_LUT6'.
Parameter \INIT = 64'0000000001010101000000000001000100000000010100010000000000010001
Generating RTLIL representation for module `$paramod$118c01b5117faa83bb15b38cd11e1f0a6e70b733\GTP_LUT6'.
Parameter \INIT = 65536

3.380. Executing AST frontend in derive mode using pre-parsed AST for module `\GTP_LUT5'.
Parameter \INIT = 65536
Generating RTLIL representation for module `$paramod\GTP_LUT5\INIT=32'00000000000000010000000000000000'.
Parameter \INIT = 64'0011110011001100001111001100110011000011001100110110001100111001

3.381. Executing AST frontend in derive mode using pre-parsed AST for module `\GTP_LUT6'.
Parameter \INIT = 64'0011110011001100001111001100110011000011001100110110001100111001
Generating RTLIL representation for module `$paramod$100e00a58097e8121333b23eb182e6624d6cd71e\GTP_LUT6'.
Parameter \INIT = 64'0000000000000000111111001111110011111111010101010000001110101001

3.382. Executing AST frontend in derive mode using pre-parsed AST for module `\GTP_LUT6'.
Parameter \INIT = 64'0000000000000000111111001111110011111111010101010000001110101001
Generating RTLIL representation for module `$paramod$8d5049152395b860cec1acfd212699bcfdf08348\GTP_LUT6'.
Parameter \INIT = 8'11001001

3.383. Executing AST frontend in derive mode using pre-parsed AST for module `\GTP_LUT3'.
Parameter \INIT = 8'11001001
Generating RTLIL representation for module `$paramod\GTP_LUT3\INIT=8'11001001'.
Parameter \INIT = 64'0000111110010110100101101111000001101001100101101001011010010110

3.384. Executing AST frontend in derive mode using pre-parsed AST for module `\GTP_LUT6'.
Parameter \INIT = 64'0000111110010110100101101111000001101001100101101001011010010110
Generating RTLIL representation for module `$paramod$5fcc04ce422a5cf3274ddd78114809db82ef40fb\GTP_LUT6'.
Parameter \INIT = 1414812843

3.385. Executing AST frontend in derive mode using pre-parsed AST for module `\GTP_LUT5'.
Parameter \INIT = 1414812843
Generating RTLIL representation for module `$paramod\GTP_LUT5\INIT=32'01010100010101000101010010101011'.
Parameter \INIT = 64'0000000000000000000000001000100000000000000000000000000011000000

3.386. Executing AST frontend in derive mode using pre-parsed AST for module `\GTP_LUT6D'.
Parameter \INIT = 64'0000000000000000000000001000100000000000000000000000000011000000
Generating RTLIL representation for module `$paramod$c74ed7e0e6081c614d0b9c3d72b9a9d5729d1493\GTP_LUT6D'.
Parameter \INIT = 64'1111000000000000000000001111000010011001011001100101010110011001

3.387. Executing AST frontend in derive mode using pre-parsed AST for module `\GTP_LUT6D'.
Parameter \INIT = 64'1111000000000000000000001111000010011001011001100101010110011001
Generating RTLIL representation for module `$paramod$19ef2b67c3649c244ec7ad462df8626a037b183f\GTP_LUT6D'.
Parameter \INIT = 64'1111000000000000000000000000000010001000100010000000000000000000

3.388. Executing AST frontend in derive mode using pre-parsed AST for module `\GTP_LUT6D'.
Parameter \INIT = 64'1111000000000000000000000000000010001000100010000000000000000000
Generating RTLIL representation for module `$paramod$4ca73cb83a6434513df620c52c02d53f07d7885c\GTP_LUT6D'.
Parameter \INIT = 64'1111111100000000000000000000000011001001110010011100100111001001

3.389. Executing AST frontend in derive mode using pre-parsed AST for module `\GTP_LUT6D'.
Parameter \INIT = 64'1111111100000000000000000000000011001001110010011100100111001001
Generating RTLIL representation for module `$paramod$b285fb0183fc8ed32a2291ecb81e381af96e2c1a\GTP_LUT6D'.
Parameter \INIT = 32'11110000000011111001100110011001

3.390. Executing AST frontend in derive mode using pre-parsed AST for module `\GTP_LUT5D'.
Parameter \INIT = 32'11110000000011111001100110011001
Generating RTLIL representation for module `$paramod\GTP_LUT5D\INIT=32'11110000000011111001100110011001'.
Parameter \INIT = 32'10011001100110011111000000001111

3.391. Executing AST frontend in derive mode using pre-parsed AST for module `\GTP_LUT5D'.
Parameter \INIT = 32'10011001100110011111000000001111
Generating RTLIL representation for module `$paramod\GTP_LUT5D\INIT=32'10011001100110011111000000001111'.
Parameter \INIT = 32'11110000000011111001100110011001
Found cached RTLIL representation for module `$paramod\GTP_LUT5D\INIT=32'11110000000011111001100110011001'.
Parameter \INIT = 1717964784

3.392. Executing AST frontend in derive mode using pre-parsed AST for module `\GTP_LUT5D'.
Parameter \INIT = 1717964784
Generating RTLIL representation for module `$paramod\GTP_LUT5D\INIT=32'01100110011001100000111111110000'.
Parameter \INIT = 286388239

3.393. Executing AST frontend in derive mode using pre-parsed AST for module `\GTP_LUT5D'.
Parameter \INIT = 286388239
Generating RTLIL representation for module `$paramod\GTP_LUT5D\INIT=32'00010001000100011111000000001111'.
Parameter \INIT = 64'0001011000001110000101100000111001101000000011100111000000010110

3.394. Executing AST frontend in derive mode using pre-parsed AST for module `\GTP_LUT6D'.
Parameter \INIT = 64'0001011000001110000101100000111001101000000011100111000000010110
Generating RTLIL representation for module `$paramod$663a60fac4706ce29605e774e286107ee0f091bc\GTP_LUT6D'.
Parameter \INIT = 32'10101111100011101010010110010110

3.395. Executing AST frontend in derive mode using pre-parsed AST for module `\GTP_LUT5D'.
Parameter \INIT = 32'10101111100011101010010110010110
Generating RTLIL representation for module `$paramod\GTP_LUT5D\INIT=32'10101111100011101010010110010110'.
Parameter \INIT = 64'0000000110111100001111011000000000000000111111000000000011111100

3.396. Executing AST frontend in derive mode using pre-parsed AST for module `\GTP_LUT6D'.
Parameter \INIT = 64'0000000110111100001111011000000000000000111111000000000011111100
Generating RTLIL representation for module `$paramod$13f87dbd0cda29f5cbbcd495ffbaca86983a17f8\GTP_LUT6D'.
Parameter \INIT = 64'0000110011000000110000000000110000001010101000001010000000001010

3.397. Executing AST frontend in derive mode using pre-parsed AST for module `\GTP_LUT6D'.
Parameter \INIT = 64'0000110011000000110000000000110000001010101000001010000000001010
Generating RTLIL representation for module `$paramod$de9896d065b31e6773756addfcbe0a6ad431baee\GTP_LUT6D'.
Parameter \INIT = 64'0001010000010100000101000001010000000000010101010101010100000000

3.398. Executing AST frontend in derive mode using pre-parsed AST for module `\GTP_LUT6D'.
Parameter \INIT = 64'0001010000010100000101000001010000000000010101010101010100000000
Generating RTLIL representation for module `$paramod$4b67f519b0c02ef713392416f1a57aa680847c50\GTP_LUT6D'.
Parameter \INIT = 64'1010011010011001101001010101100111110100110100011111010101010001

3.399. Executing AST frontend in derive mode using pre-parsed AST for module `\GTP_LUT6D'.
Parameter \INIT = 64'1010011010011001101001010101100111110100110100011111010101010001
Generating RTLIL representation for module `$paramod$07678622d602aa27263453677160791b3caef2b8\GTP_LUT6D'.
Parameter \INIT = 64'0001011100010111000101110001011100000000111111111111111100000000

3.400. Executing AST frontend in derive mode using pre-parsed AST for module `\GTP_LUT6D'.
Parameter \INIT = 64'0001011100010111000101110001011100000000111111111111111100000000
Generating RTLIL representation for module `$paramod$7c1902f686f7f0b011a361e09b7347e75bf58985\GTP_LUT6D'.
Parameter \INIT = 64'0000101100011100001110001101000000110011110011000011001111001100

3.401. Executing AST frontend in derive mode using pre-parsed AST for module `\GTP_LUT6D'.
Parameter \INIT = 64'0000101100011100001110001101000000110011110011000011001111001100
Generating RTLIL representation for module `$paramod$e6b5367c50057e7f3e9640db27e9aa4f00b4dc6a\GTP_LUT6D'.
Parameter \INIT = 64'0110011001100110011001100110011011110000000011110000111111110000

3.402. Executing AST frontend in derive mode using pre-parsed AST for module `\GTP_LUT6D'.
Parameter \INIT = 64'0110011001100110011001100110011011110000000011110000111111110000
Generating RTLIL representation for module `$paramod$7acb4de8d20cb8ab9fdd61eb1dc1df6178257c9f\GTP_LUT6D'.
Parameter \INIT = 64'1111000000001111000011111111000010011001100110011001100110011001

3.403. Executing AST frontend in derive mode using pre-parsed AST for module `\GTP_LUT6D'.
Parameter \INIT = 64'1111000000001111000011111111000010011001100110011001100110011001
Generating RTLIL representation for module `$paramod$0eed16c17d717d8acda3fb5bd03df5e15fcab290\GTP_LUT6D'.
Parameter \INIT = 64'0000110101011000000011010101100000001111000001010101101001010000

3.404. Executing AST frontend in derive mode using pre-parsed AST for module `\GTP_LUT6D'.
Parameter \INIT = 64'0000110101011000000011010101100000001111000001010101101001010000
Generating RTLIL representation for module `$paramod$f70fcbfb14e55cbfd961ece87ea23bb88719fa64\GTP_LUT6D'.
Parameter \INIT = 64'0011000100110001011001000110010000110110000101000011011000010100

3.405. Executing AST frontend in derive mode using pre-parsed AST for module `\GTP_LUT6D'.
Parameter \INIT = 64'0011000100110001011001000110010000110110000101000011011000010100
Generating RTLIL representation for module `$paramod$a4892fb414411c69875cc10b39ddd0caa9e41569\GTP_LUT6D'.
Parameter \INIT = 64'0000000011111100000000001111110000000001101111000011110110000000

3.406. Executing AST frontend in derive mode using pre-parsed AST for module `\GTP_LUT6D'.
Parameter \INIT = 64'0000000011111100000000001111110000000001101111000011110110000000
Generating RTLIL representation for module `$paramod$22ff744aa12c3b033634603342281eb63aa8ac32\GTP_LUT6D'.
Parameter \INIT = 64'0000001100110101101011001100000000000000000000001111101010100000

3.407. Executing AST frontend in derive mode using pre-parsed AST for module `\GTP_LUT6D'.
Parameter \INIT = 64'0000001100110101101011001100000000000000000000001111101010100000
Generating RTLIL representation for module `$paramod$0e23b05553fca2bee8a35a959072553837bebb7d\GTP_LUT6D'.
Parameter \INIT = 64'0001011000110010000101100011001001101000001100100100110000010110

3.408. Executing AST frontend in derive mode using pre-parsed AST for module `\GTP_LUT6D'.
Parameter \INIT = 64'0001011000110010000101100011001001101000001100100100110000010110
Generating RTLIL representation for module `$paramod$f88add07def0bba1c06ac052f18c71486d345ac2\GTP_LUT6D'.
Parameter \INIT = 64'0001000000010000011011100110111001100000011100011000111000000110

3.409. Executing AST frontend in derive mode using pre-parsed AST for module `\GTP_LUT6D'.
Parameter \INIT = 64'0001000000010000011011100110111001100000011100011000111000000110
Generating RTLIL representation for module `$paramod$4369fcf4d2c3ab07e7712cd8ff1d24f8d89bb8fa\GTP_LUT6D'.
Parameter \INIT = 64'0000001100110101101011001100000000000000000000001111101010100000
Found cached RTLIL representation for module `$paramod$0e23b05553fca2bee8a35a959072553837bebb7d\GTP_LUT6D'.
Parameter \INIT = 64'1111000000000000000000000000000001100110011001100110011001100110

3.410. Executing AST frontend in derive mode using pre-parsed AST for module `\GTP_LUT6D'.
Parameter \INIT = 64'1111000000000000000000000000000001100110011001100110011001100110
Generating RTLIL representation for module `$paramod$9d7fb1e9b8b2c31e14ec56267b6cb14d7e8bc367\GTP_LUT6D'.
Parameter \INIT = 32'11111110111011000101011001100101

3.411. Executing AST frontend in derive mode using pre-parsed AST for module `\GTP_LUT5D'.
Parameter \INIT = 32'11111110111011000101011001100101
Generating RTLIL representation for module `$paramod\GTP_LUT5D\INIT=32'11111110111011000101011001100101'.
Parameter \INIT = 64'0000000000001111000011111111111110011001100101101001011001100110

3.412. Executing AST frontend in derive mode using pre-parsed AST for module `\GTP_LUT6D'.
Parameter \INIT = 64'0000000000001111000011111111111110011001100101101001011001100110
Generating RTLIL representation for module `$paramod$1c92da28ae33168b4856fc83508f9ec465d0b802\GTP_LUT6D'.
Parameter \INIT = 16'0001011110010110

3.413. Executing AST frontend in derive mode using pre-parsed AST for module `\GTP_LUT4D'.
Parameter \INIT = 16'0001011110010110
Generating RTLIL representation for module `$paramod\GTP_LUT4D\INIT=16'0001011110010110'.
Parameter \INIT = 16'0001011110010110
Found cached RTLIL representation for module `$paramod\GTP_LUT4D\INIT=16'0001011110010110'.
Parameter \INIT = 16'1001011000010111

3.414. Executing AST frontend in derive mode using pre-parsed AST for module `\GTP_LUT4D'.
Parameter \INIT = 16'1001011000010111
Generating RTLIL representation for module `$paramod\GTP_LUT4D\INIT=16'1001011000010111'.
Parameter \INIT = 16'0110100100101011

3.415. Executing AST frontend in derive mode using pre-parsed AST for module `\GTP_LUT4D'.
Parameter \INIT = 16'0110100100101011
Generating RTLIL representation for module `$paramod\GTP_LUT4D\INIT=16'0110100100101011'.
Parameter \INIT = 64'0101011001101010101010011001010101010111011111110000000100010101

3.416. Executing AST frontend in derive mode using pre-parsed AST for module `\GTP_LUT6D'.
Parameter \INIT = 64'0101011001101010101010011001010101010111011111110000000100010101
Generating RTLIL representation for module `$paramod$5e2307217fd024c2d9480c98a257e087ac647511\GTP_LUT6D'.
Parameter \INIT = 16'0111000101101001

3.417. Executing AST frontend in derive mode using pre-parsed AST for module `\GTP_LUT4D'.
Parameter \INIT = 16'0111000101101001
Generating RTLIL representation for module `$paramod\GTP_LUT4D\INIT=16'0111000101101001'.
Parameter \INIT = 16'0100110101101001

3.418. Executing AST frontend in derive mode using pre-parsed AST for module `\GTP_LUT4D'.
Parameter \INIT = 16'0100110101101001
Generating RTLIL representation for module `$paramod\GTP_LUT4D\INIT=16'0100110101101001'.
Parameter \INIT = 6226039

3.419. Executing AST frontend in derive mode using pre-parsed AST for module `\GTP_LUT5D'.
Parameter \INIT = 6226039
Generating RTLIL representation for module `$paramod\GTP_LUT5D\INIT=32'00000000010111110000000001110111'.
Parameter \INIT = 64'0000001100001111001100111111111110101010000000001010101000000000

3.420. Executing AST frontend in derive mode using pre-parsed AST for module `\GTP_LUT6D'.
Parameter \INIT = 64'0000001100001111001100111111111110101010000000001010101000000000
Generating RTLIL representation for module `$paramod$b9db4f609f5bc3c50d6a572e4e1767be3b99030d\GTP_LUT6D'.
Parameter \INIT = 64'0101010101010101010110101010010100000000000000000011001100110011

3.421. Executing AST frontend in derive mode using pre-parsed AST for module `\GTP_LUT6D'.
Parameter \INIT = 64'0101010101010101010110101010010100000000000000000011001100110011
Generating RTLIL representation for module `$paramod$2d568aa60c41c0904c0da29ff7b1044523650045\GTP_LUT6D'.
Parameter \INIT = 64'0001001100010011010111110101111100000011000011110011001111111111

3.422. Executing AST frontend in derive mode using pre-parsed AST for module `\GTP_LUT6D'.
Parameter \INIT = 64'0001001100010011010111110101111100000011000011110011001111111111
Generating RTLIL representation for module `$paramod$cf6e3c61c24b8f9caf8961c7087ed6139d69638f\GTP_LUT6D'.
Parameter \INIT = 64'0101010101101001010101011010010100000000001100110000000000110011

3.423. Executing AST frontend in derive mode using pre-parsed AST for module `\GTP_LUT6D'.
Parameter \INIT = 64'0101010101101001010101011010010100000000001100110000000000110011
Generating RTLIL representation for module `$paramod$865667cae7d3ee7f699f219354f05c6cdd3219f5\GTP_LUT6D'.
Parameter \INIT = 64'0000011011101000000101110110000000000000111011100000000011101110

3.424. Executing AST frontend in derive mode using pre-parsed AST for module `\GTP_LUT6D'.
Parameter \INIT = 64'0000011011101000000101110110000000000000111011100000000011101110
Generating RTLIL representation for module `$paramod$6006032c9eaf17ecc77034d9592d89d2bc7d8dcc\GTP_LUT6D'.
Parameter \INIT = 32'11000000000011001010000000001010

3.425. Executing AST frontend in derive mode using pre-parsed AST for module `\GTP_LUT5D'.
Parameter \INIT = 32'11000000000011001010000000001010
Generating RTLIL representation for module `$paramod\GTP_LUT5D\INIT=32'11000000000011001010000000001010'.
Parameter \INIT = 64'0000000000000000000000000000111110011001100110011001100110011001

3.426. Executing AST frontend in derive mode using pre-parsed AST for module `\GTP_LUT6D'.
Parameter \INIT = 64'0000000000000000000000000000111110011001100110011001100110011001
Generating RTLIL representation for module `$paramod$2d2c4e3f1e87bb1ffe0b94ae07fafc5804659329\GTP_LUT6D'.
Parameter \INIT = 64'0000110011000000110000000000110000001010101000001010000000001010
Found cached RTLIL representation for module `$paramod$de9896d065b31e6773756addfcbe0a6ad431baee\GTP_LUT6D'.
Parameter \INIT = 64'0000000000000000000000000000111101100110011001100110011001100110

3.427. Executing AST frontend in derive mode using pre-parsed AST for module `\GTP_LUT6D'.
Parameter \INIT = 64'0000000000000000000000000000111101100110011001100110011001100110
Generating RTLIL representation for module `$paramod$a38467204217eecc23fb32596de066d43bec5595\GTP_LUT6D'.
Parameter \INIT = 64'1111111100000000000000000000000001101001011010010110100101101001

3.428. Executing AST frontend in derive mode using pre-parsed AST for module `\GTP_LUT6D'.
Parameter \INIT = 64'1111111100000000000000000000000001101001011010010110100101101001
Generating RTLIL representation for module `$paramod$4dc8bf0225158bb6d8c39d7d0549f27ef7a17d50\GTP_LUT6D'.
Parameter \INIT = 64'1001011010010110100101101001011000000000111111111111111100000000

3.429. Executing AST frontend in derive mode using pre-parsed AST for module `\GTP_LUT6D'.
Parameter \INIT = 64'1001011010010110100101101001011000000000111111111111111100000000
Generating RTLIL representation for module `$paramod$5dddb8a83a7958c91cd8b8f4cb13a2876beffa27\GTP_LUT6D'.
Parameter \INIT = 64'0000101010100000101000000000101000001100110000001100000000001100

3.430. Executing AST frontend in derive mode using pre-parsed AST for module `\GTP_LUT6D'.
Parameter \INIT = 64'0000101010100000101000000000101000001100110000001100000000001100
Generating RTLIL representation for module `$paramod$c6572de392db062400cc899ea1d61ed2504e2f39\GTP_LUT6D'.
Parameter \INIT = 64'1111000000001111000011111111000000100010001000100010001000100010

3.431. Executing AST frontend in derive mode using pre-parsed AST for module `\GTP_LUT6D'.
Parameter \INIT = 64'1111000000001111000011111111000000100010001000100010001000100010
Generating RTLIL representation for module `$paramod$dfcb9f835d9d4e1e5b5d23a7bbfb5ae3d2af8457\GTP_LUT6D'.
Parameter \INIT = 64'0000101010100000101000000000101000001100110000001100000000001100
Found cached RTLIL representation for module `$paramod$c6572de392db062400cc899ea1d61ed2504e2f39\GTP_LUT6D'.
Parameter \INIT = 393713254

3.432. Executing AST frontend in derive mode using pre-parsed AST for module `\GTP_LUT5D'.
Parameter \INIT = 393713254
Generating RTLIL representation for module `$paramod\GTP_LUT5D\INIT=32'00010111011101111001011001100110'.
Parameter \INIT = 1768515990

3.433. Executing AST frontend in derive mode using pre-parsed AST for module `\GTP_LUT5D'.
Parameter \INIT = 1768515990
Generating RTLIL representation for module `$paramod\GTP_LUT5D\INIT=32'01101001011010010110100110010110'.
Parameter \INIT = 16'1001011000010111
Found cached RTLIL representation for module `$paramod\GTP_LUT4D\INIT=16'1001011000010111'.
Parameter \INIT = 64'0100010001001101010011011101110101100110011010010110100110011001

3.434. Executing AST frontend in derive mode using pre-parsed AST for module `\GTP_LUT6D'.
Parameter \INIT = 64'0100010001001101010011011101110101100110011010010110100110011001
Generating RTLIL representation for module `$paramod$265be2c54e40f32524fa9e50bf2ebeb57de2f4d9\GTP_LUT6D'.
Parameter \INIT = 16'1001011000010111
Found cached RTLIL representation for module `$paramod\GTP_LUT4D\INIT=16'1001011000010111'.
Parameter \INIT = 267388799

3.435. Executing AST frontend in derive mode using pre-parsed AST for module `\GTP_LUT5D'.
Parameter \INIT = 267388799
Generating RTLIL representation for module `$paramod\GTP_LUT5D\INIT=32'00001111111100000000011101111111'.
Parameter \INIT = 64'0110001111000110100111000011100100100011000000101011111100111011

3.436. Executing AST frontend in derive mode using pre-parsed AST for module `\GTP_LUT6D'.
Parameter \INIT = 64'0110001111000110100111000011100100100011000000101011111100111011
Generating RTLIL representation for module `$paramod$e83e5e8e58ae40f7c33161053960092fa667e5ed\GTP_LUT6D'.
Parameter \INIT = 64'1010100110010101010101100110101000000001000101010101011101111111

3.437. Executing AST frontend in derive mode using pre-parsed AST for module `\GTP_LUT6D'.
Parameter \INIT = 64'1010100110010101010101100110101000000001000101010101011101111111
Generating RTLIL representation for module `$paramod$72bd458e1de53d60288b7228ac87a0ef03de37b3\GTP_LUT6D'.
Parameter \INIT = 64'0001011100010001011101110001011110010110100110010110011010010110

3.438. Executing AST frontend in derive mode using pre-parsed AST for module `\GTP_LUT6D'.
Parameter \INIT = 64'0001011100010001011101110001011110010110100110010110011010010110
Generating RTLIL representation for module `$paramod$605b6ec10415146449995f2253156fcdc707c4b9\GTP_LUT6D'.
Parameter \INIT = 64'0001010100000001011111110101011101101010010101100110101001010110

3.439. Executing AST frontend in derive mode using pre-parsed AST for module `\GTP_LUT6D'.
Parameter \INIT = 64'0001010100000001011111110101011101101010010101100110101001010110
Generating RTLIL representation for module `$paramod$5aa3b57c12d902ebec9ad09b2cb4940d4ab39fcf\GTP_LUT6D'.
Parameter \INIT = 64'0000000000000000000000000000000000010000010100000001000101010101

3.440. Executing AST frontend in derive mode using pre-parsed AST for module `\GTP_LUT6D'.
Parameter \INIT = 64'0000000000000000000000000000000000010000010100000001000101010101
Generating RTLIL representation for module `$paramod$af04101f996114950cd3c9ee5d7aba0a7c370ab4\GTP_LUT6D'.
Parameter \INIT = 64'0010101111010100110101000010101111010100000000000000000011010100

3.441. Executing AST frontend in derive mode using pre-parsed AST for module `\GTP_LUT6D'.
Parameter \INIT = 64'0010101111010100110101000010101111010100000000000000000011010100
Generating RTLIL representation for module `$paramod$8cdd4457caf263b5c1d693be1a2d477dc1ade346\GTP_LUT6D'.
Parameter \INIT = 64'0111000100010001011101110111000101101001100110010110011001101001

3.442. Executing AST frontend in derive mode using pre-parsed AST for module `\GTP_LUT6D'.
Parameter \INIT = 64'0111000100010001011101110111000101101001100110010110011001101001
Generating RTLIL representation for module `$paramod$273b170a3d2cfc29789665f17acb216f3d8462ff\GTP_LUT6D'.
Parameter \INIT = 1705413128

3.443. Executing AST frontend in derive mode using pre-parsed AST for module `\GTP_LUT5D'.
Parameter \INIT = 1705413128
Generating RTLIL representation for module `$paramod\GTP_LUT5D\INIT=32'01100101101001101000101000001000'.
Parameter \INIT = 16'0010001010011001

3.444. Executing AST frontend in derive mode using pre-parsed AST for module `\GTP_LUT4D'.
Parameter \INIT = 16'0010001010011001
Generating RTLIL representation for module `$paramod\GTP_LUT4D\INIT=16'0010001010011001'.
Parameter \INIT = 64'0100110111010100110101000100110101101001100101101001011001101001

3.445. Executing AST frontend in derive mode using pre-parsed AST for module `\GTP_LUT6D'.
Parameter \INIT = 64'0100110111010100110101000100110101101001100101101001011001101001
Generating RTLIL representation for module `$paramod$b6d0c08f46bf3d8abea009c932ab3f01f22138b6\GTP_LUT6D'.
Parameter \INIT = 7798879

3.446. Executing AST frontend in derive mode using pre-parsed AST for module `\GTP_LUT5D'.
Parameter \INIT = 7798879
Generating RTLIL representation for module `$paramod\GTP_LUT5D\INIT=32'00000000011101110000000001011111'.
Parameter \INIT = 64'0011001111111111000000110000111110101010000000001010101000000000

3.447. Executing AST frontend in derive mode using pre-parsed AST for module `\GTP_LUT6D'.
Parameter \INIT = 64'0011001111111111000000110000111110101010000000001010101000000000
Generating RTLIL representation for module `$paramod$58af62dce5620c79b8a2182aed73b1bd315c458f\GTP_LUT6D'.
Parameter \INIT = 64'0000000000000000000011111111000001100011010000011001110010111110

3.448. Executing AST frontend in derive mode using pre-parsed AST for module `\GTP_LUT6D'.
Parameter \INIT = 64'0000000000000000000011111111000001100011010000011001110010111110
Generating RTLIL representation for module `$paramod$192af9005372cfc961d1cb22d193f61debd63869\GTP_LUT6D'.
Parameter \INIT = 64'0000000000001111000011110000000010011001100110011001100110011001

3.449. Executing AST frontend in derive mode using pre-parsed AST for module `\GTP_LUT6D'.
Parameter \INIT = 64'0000000000001111000011110000000010011001100110011001100110011001
Generating RTLIL representation for module `$paramod$a8d41d6d3f5ba034e55533b88184c691f3b1d807\GTP_LUT6D'.
Parameter \INIT = 32'11000000000011001010000000001010
Found cached RTLIL representation for module `$paramod\GTP_LUT5D\INIT=32'11000000000011001010000000001010'.
Parameter \INIT = 64'0001010000111100010101011111111111000011000000001100001100000000

3.450. Executing AST frontend in derive mode using pre-parsed AST for module `\GTP_LUT6D'.
Parameter \INIT = 64'0001010000111100010101011111111111000011000000001100001100000000
Generating RTLIL representation for module `$paramod$e215c8b2477d4bab7ddf243a806f37db68db1e32\GTP_LUT6D'.
Parameter \INIT = 64'0000000100000001000000010000000111111111000000000000000011111111

3.451. Executing AST frontend in derive mode using pre-parsed AST for module `\GTP_LUT6D'.
Parameter \INIT = 64'0000000100000001000000010000000111111111000000000000000011111111
Generating RTLIL representation for module `$paramod$1d537d805282ecae8fc5503250125245a74ea558\GTP_LUT6D'.
Parameter \INIT = 64'1111111100000000000000000000000001101001011010010110100101101001
Found cached RTLIL representation for module `$paramod$4dc8bf0225158bb6d8c39d7d0549f27ef7a17d50\GTP_LUT6D'.
Parameter \INIT = 64'0000110011000000110000000000110010100101010110100101101010100101

3.452. Executing AST frontend in derive mode using pre-parsed AST for module `\GTP_LUT6D'.
Parameter \INIT = 64'0000110011000000110000000000110010100101010110100101101010100101
Generating RTLIL representation for module `$paramod$0314bd488a307ca2c23ce75bb5eb75337d1aabcf\GTP_LUT6D'.
Parameter \INIT = 64'1010000000001010101000000000101000010101010100010011111111110011

3.453. Executing AST frontend in derive mode using pre-parsed AST for module `\GTP_LUT6D'.
Parameter \INIT = 64'1010000000001010101000000000101000010101010100010011111111110011
Generating RTLIL representation for module `$paramod$02c030e4d2bd102143f19c08884974523e00c772\GTP_LUT6D'.
Parameter \INIT = 16'1000001011000011

3.454. Executing AST frontend in derive mode using pre-parsed AST for module `\GTP_LUT4D'.
Parameter \INIT = 16'1000001011000011
Generating RTLIL representation for module `$paramod\GTP_LUT4D\INIT=16'1000001011000011'.
Parameter \INIT = 64'0000000000000000100010001000100011110000000000001111000000000000

3.455. Executing AST frontend in derive mode using pre-parsed AST for module `\GTP_LUT6D'.
Parameter \INIT = 64'0000000000000000100010001000100011110000000000001111000000000000
Generating RTLIL representation for module `$paramod$7ee3e0686a0c3b106001acfff912715fec4b18fe\GTP_LUT6D'.
Parameter \INIT = 16'1000001011000011
Found cached RTLIL representation for module `$paramod\GTP_LUT4D\INIT=16'1000001011000011'.
Parameter \INIT = 64'1001011010010110100101101001011011101000000101110001011111101000

3.456. Executing AST frontend in derive mode using pre-parsed AST for module `\GTP_LUT6D'.
Parameter \INIT = 64'1001011010010110100101101001011011101000000101110001011111101000
Generating RTLIL representation for module `$paramod$1eaa78a5f31231edd0db1f835051a0508ec11cc1\GTP_LUT6D'.
Parameter \INIT = 64'0000000001100000111101101111111110011001011010011001011010011001

3.457. Executing AST frontend in derive mode using pre-parsed AST for module `\GTP_LUT6D'.
Parameter \INIT = 64'0000000001100000111101101111111110011001011010011001011010011001
Generating RTLIL representation for module `$paramod$30e0c1a6f7b68d2b60ee77b39939e12740416f43\GTP_LUT6D'.
Parameter \INIT = 64'1011110101000010010000101011110100010101010101110101011100010101

3.458. Executing AST frontend in derive mode using pre-parsed AST for module `\GTP_LUT6D'.
Parameter \INIT = 64'1011110101000010010000101011110100010101010101110101011100010101
Generating RTLIL representation for module `$paramod$96f02e5d09f80b2a26441835c97e45a88d1e9d52\GTP_LUT6D'.
Parameter \INIT = 64'0001000100000001000100010000000100010001000000011110111011111110

3.459. Executing AST frontend in derive mode using pre-parsed AST for module `\GTP_LUT6D'.
Parameter \INIT = 64'0001000100000001000100010000000100010001000000011110111011111110
Generating RTLIL representation for module `$paramod$3e496141c6d18010dfa62f1e35d1c181f644504f\GTP_LUT6D'.
Parameter \INIT = 64'0011100010000010111110111011101000001100110011110000110011001111

3.460. Executing AST frontend in derive mode using pre-parsed AST for module `\GTP_LUT6D'.
Parameter \INIT = 64'0011100010000010111110111011101000001100110011110000110011001111
Generating RTLIL representation for module `$paramod$e8428a894787b9ced4a4b4908e4043452a6c1be4\GTP_LUT6D'.
Parameter \INIT = 64'1000100010000010100000100010001000001100110000001100000000000011

3.461. Executing AST frontend in derive mode using pre-parsed AST for module `\GTP_LUT6D'.
Parameter \INIT = 64'1000100010000010100000100010001000001100110000001100000000000011
Generating RTLIL representation for module `$paramod$bf1eb1bd12db96230ea27fcc7ba783d7f11c8fba\GTP_LUT6D'.
Parameter \INIT = 64'1110101000010101000101011110101000010101000101010001010100010101

3.462. Executing AST frontend in derive mode using pre-parsed AST for module `\GTP_LUT6D'.
Parameter \INIT = 64'1110101000010101000101011110101000010101000101010001010100010101
Generating RTLIL representation for module `$paramod$2cd3b4f9da1c99f72ee1f672ba6c6ac11a440b76\GTP_LUT6D'.
Parameter \INIT = 64'0011100110011100110001100110001111000110011000111100011001100011

3.463. Executing AST frontend in derive mode using pre-parsed AST for module `\GTP_LUT6D'.
Parameter \INIT = 64'0011100110011100110001100110001111000110011000111100011001100011
Generating RTLIL representation for module `$paramod$26318e9b8e61288adaf900d95ba9cf0f3f1d38b6\GTP_LUT6D'.
Parameter \INIT = 16'0010001010011001
Found cached RTLIL representation for module `$paramod\GTP_LUT4D\INIT=16'0010001010011001'.
Parameter \INIT = 32'10010101101010010010101000000010

3.464. Executing AST frontend in derive mode using pre-parsed AST for module `\GTP_LUT5D'.
Parameter \INIT = 32'10010101101010010010101000000010
Generating RTLIL representation for module `$paramod\GTP_LUT5D\INIT=32'10010101101010010010101000000010'.
Parameter \INIT = 64'1001011010010110101001011001011000111100001111000000111100111100

3.465. Executing AST frontend in derive mode using pre-parsed AST for module `\GTP_LUT6D'.
Parameter \INIT = 64'1001011010010110101001011001011000111100001111000000111100111100
Generating RTLIL representation for module `$paramod$9c5cd3a5b940181802059b1476016e26f015bbfb\GTP_LUT6D'.
Parameter \INIT = 64'1001011010011001011001101001011001100000011001100000000001100000

3.466. Executing AST frontend in derive mode using pre-parsed AST for module `\GTP_LUT6D'.
Parameter \INIT = 64'1001011010011001011001101001011001100000011001100000000001100000
Generating RTLIL representation for module `$paramod$a29d70b0c13c029469e04d5a3164933a6a554bd6\GTP_LUT6D'.
Parameter \INIT = 64'0000001011111101001000101101110111111101000000101101110100100010

3.467. Executing AST frontend in derive mode using pre-parsed AST for module `\GTP_LUT6D'.
Parameter \INIT = 64'0000001011111101001000101101110111111101000000101101110100100010
Generating RTLIL representation for module `$paramod$7b17f47686b42d46b30408a92f332c8af086be08\GTP_LUT6D'.
Parameter \INIT = 64'0000000000000000000000000000000000000100010001000000010101010101

3.468. Executing AST frontend in derive mode using pre-parsed AST for module `\GTP_LUT6D'.
Parameter \INIT = 64'0000000000000000000000000000000000000100010001000000010101010101
Generating RTLIL representation for module `$paramod$9d1390b6997c134ef2d5fb0c4c0b6043bb33a0ce\GTP_LUT6D'.
Parameter \INIT = 64'0101011001101010101010011001010111111110111010101010100010000000

3.469. Executing AST frontend in derive mode using pre-parsed AST for module `\GTP_LUT6D'.
Parameter \INIT = 64'0101011001101010101010011001010111111110111010101010100010000000
Generating RTLIL representation for module `$paramod$abe5c3d8bef28b06b7856a72cf5fa56e4d397b0f\GTP_LUT6D'.
Parameter \INIT = 64'1000100010001000010001000100010011100000111011101101000011011101

3.470. Executing AST frontend in derive mode using pre-parsed AST for module `\GTP_LUT6D'.
Parameter \INIT = 64'1000100010001000010001000100010011100000111011101101000011011101
Generating RTLIL representation for module `$paramod$4abcecfa7b66bbf00ae540b33948734c97ef409e\GTP_LUT6D'.
Parameter \INIT = 16'0110100100010100

3.471. Executing AST frontend in derive mode using pre-parsed AST for module `\GTP_LUT4D'.
Parameter \INIT = 16'0110100100010100
Generating RTLIL representation for module `$paramod\GTP_LUT4D\INIT=16'0110100100010100'.
Parameter \INIT = 64'1001101010011010100110100101100101100101011001010110010110100110

3.472. Executing AST frontend in derive mode using pre-parsed AST for module `\GTP_LUT6D'.
Parameter \INIT = 64'1001101010011010100110100101100101100101011001010110010110100110
Generating RTLIL representation for module `$paramod$76d102a7659ec72b6eaa69adf6c361b8a46e8ee7\GTP_LUT6D'.
Parameter \INIT = 1768312302

3.473. Executing AST frontend in derive mode using pre-parsed AST for module `\GTP_LUT5D'.
Parameter \INIT = 1768312302
Generating RTLIL representation for module `$paramod\GTP_LUT5D\INIT=32'01101001011001100100110111101110'.
Parameter \INIT = 1145149846

3.474. Executing AST frontend in derive mode using pre-parsed AST for module `\GTP_LUT5D'.
Parameter \INIT = 1145149846
Generating RTLIL representation for module `$paramod\GTP_LUT5D\INIT=32'01000100010000011001100110010110'.
Parameter \INIT = 1771449111

3.475. Executing AST frontend in derive mode using pre-parsed AST for module `\GTP_LUT5D'.
Parameter \INIT = 1771449111
Generating RTLIL representation for module `$paramod\GTP_LUT5D\INIT=32'01101001100101100010101100010111'.
Parameter \INIT = 64'1010101010101010000000000000000011000000000000000000000000000000

3.476. Executing AST frontend in derive mode using pre-parsed AST for module `\GTP_LUT6D'.
Parameter \INIT = 64'1010101010101010000000000000000011000000000000000000000000000000
Generating RTLIL representation for module `$paramod$c5a60bee00a868aa3e860755cd139983ebccd833\GTP_LUT6D'.
Parameter \INIT = 64'1000001010000010100000101000001010101010000000000000000010101010

3.477. Executing AST frontend in derive mode using pre-parsed AST for module `\GTP_LUT6D'.
Parameter \INIT = 64'1000001010000010100000101000001010101010000000000000000010101010
Generating RTLIL representation for module `$paramod$40d0cecf4f8bad1327d3237f7695958c1fef5c12\GTP_LUT6D'.
Parameter \INIT = 64'0010001000010001100010000100010000000011000000110000001100000011

3.478. Executing AST frontend in derive mode using pre-parsed AST for module `\GTP_LUT6D'.
Parameter \INIT = 64'0010001000010001100010000100010000000011000000110000001100000011
Generating RTLIL representation for module `$paramod$5213a839f9bc2411c83c676f6b7e9263b81566c7\GTP_LUT6D'.
Parameter \INIT = 64'0000001100110000000011001100000000010000000100000100000001000000

3.479. Executing AST frontend in derive mode using pre-parsed AST for module `\GTP_LUT6D'.
Parameter \INIT = 64'0000001100110000000011001100000000010000000100000100000001000000
Generating RTLIL representation for module `$paramod$ad1cc42882d95944a28710ac6e0f6a4173aed33c\GTP_LUT6D'.
Parameter \INIT = 17501196

3.480. Executing AST frontend in derive mode using pre-parsed AST for module `\GTP_LUT5D'.
Parameter \INIT = 17501196
Generating RTLIL representation for module `$paramod\GTP_LUT5D\INIT=32'00000001000010110000110000001100'.
Parameter \INIT = 64'0000000000000000011111010111110111000011000000001100001100000000

3.481. Executing AST frontend in derive mode using pre-parsed AST for module `\GTP_LUT6D'.
Parameter \INIT = 64'0000000000000000011111010111110111000011000000001100001100000000
Generating RTLIL representation for module `$paramod$f91f8fedc400a9f48ddceeef36b789d3b5563b57\GTP_LUT6D'.
Parameter \INIT = 252448264

3.482. Executing AST frontend in derive mode using pre-parsed AST for module `\GTP_LUT5D'.
Parameter \INIT = 252448264
Generating RTLIL representation for module `$paramod\GTP_LUT5D\INIT=32'00001111000011000000111000001000'.
Parameter \INIT = 64'0001001101011111010111110001001110101010000000000000000010101010

3.483. Executing AST frontend in derive mode using pre-parsed AST for module `\GTP_LUT6D'.
Parameter \INIT = 64'0001001101011111010111110001001110101010000000000000000010101010
Generating RTLIL representation for module `$paramod$086d0b8b5336d060b895c385facb7edd8e7809b1\GTP_LUT6D'.
Parameter \INIT = 64'0001001101011111010111110001001110101010000000000000000010101010
Found cached RTLIL representation for module `$paramod$086d0b8b5336d060b895c385facb7edd8e7809b1\GTP_LUT6D'.
Parameter \INIT = 16'0110100111000011

3.484. Executing AST frontend in derive mode using pre-parsed AST for module `\GTP_LUT4D'.
Parameter \INIT = 16'0110100111000011
Generating RTLIL representation for module `$paramod\GTP_LUT4D\INIT=16'0110100111000011'.
Parameter \INIT = 32'10011001100110010000000000001111

3.485. Executing AST frontend in derive mode using pre-parsed AST for module `\GTP_LUT5D'.
Parameter \INIT = 32'10011001100110010000000000001111
Generating RTLIL representation for module `$paramod\GTP_LUT5D\INIT=32'10011001100110010000000000001111'.
Parameter \INIT = 64'1100000011000000110000001100000000001010101010101111010101010101

3.486. Executing AST frontend in derive mode using pre-parsed AST for module `\GTP_LUT6D'.
Parameter \INIT = 64'1100000011000000110000001100000000001010101010101111010101010101
Generating RTLIL representation for module `$paramod$d9ebd9aa5fa30ad2f3378d10b69c8e37e52ec775\GTP_LUT6D'.
Parameter \INIT = 64'0010101000101010001010100010101000000000000000000000000011111111

3.487. Executing AST frontend in derive mode using pre-parsed AST for module `\GTP_LUT6D'.
Parameter \INIT = 64'0010101000101010001010100010101000000000000000000000000011111111
Generating RTLIL representation for module `$paramod$52764f49bf79b8f1ece9a5fe230f6afb246ab353\GTP_LUT6D'.
Parameter \INIT = 1010575489

3.488. Executing AST frontend in derive mode using pre-parsed AST for module `\GTP_LUT5D'.
Parameter \INIT = 1010575489
Generating RTLIL representation for module `$paramod\GTP_LUT5D\INIT=32'00111100001111000010100010000001'.
Parameter \INIT = 64'1010101001010101010101011010101000000000000000000011111100111111

3.489. Executing AST frontend in derive mode using pre-parsed AST for module `\GTP_LUT6D'.
Parameter \INIT = 64'1010101001010101010101011010101000000000000000000011111100111111
Generating RTLIL representation for module `$paramod$ffbebf5a7dfb8ac10431e9fcda4ae2124f2275ed\GTP_LUT6D'.
Parameter \INIT = 64'1010101001010101101010100101010100111100000000001111111100111100

3.490. Executing AST frontend in derive mode using pre-parsed AST for module `\GTP_LUT6D'.
Parameter \INIT = 64'1010101001010101101010100101010100111100000000001111111100111100
Generating RTLIL representation for module `$paramod$26e2d62330d960086746c2bdcf3a9543f8d9ddd7\GTP_LUT6D'.
Parameter \INIT = 64'1010000010101010111100001111111100110000111100000011001111111111

3.491. Executing AST frontend in derive mode using pre-parsed AST for module `\GTP_LUT6D'.
Parameter \INIT = 64'1010000010101010111100001111111100110000111100000011001111111111
Generating RTLIL representation for module `$paramod$9e1608677a17416d91dfe2e76b52582cdcc817dd\GTP_LUT6D'.
Parameter \INIT = 1716936710

3.492. Executing AST frontend in derive mode using pre-parsed AST for module `\GTP_LUT5D'.
Parameter \INIT = 1716936710
Generating RTLIL representation for module `$paramod\GTP_LUT5D\INIT=32'01100110010101100110000000000110'.
Parameter \INIT = 64'0000001000100010111111011101110111111101110111010000001000100010

3.493. Executing AST frontend in derive mode using pre-parsed AST for module `\GTP_LUT6D'.
Parameter \INIT = 64'0000001000100010111111011101110111111101110111010000001000100010
Generating RTLIL representation for module `$paramod$f5b4a771051784ef8bd4621544d3e3e72b969ffe\GTP_LUT6D'.
Parameter \INIT = 64'0111111111111111000000011010101001111000000000001110000110101010

3.494. Executing AST frontend in derive mode using pre-parsed AST for module `\GTP_LUT6D'.
Parameter \INIT = 64'0111111111111111000000011010101001111000000000001110000110101010
Generating RTLIL representation for module `$paramod$690ab31e60aff93374e378bf68f0d0aa3897559a\GTP_LUT6D'.
Parameter \INIT = 64'0110010110101001101001101010100100111100001111001100001100111100

3.495. Executing AST frontend in derive mode using pre-parsed AST for module `\GTP_LUT6D'.
Parameter \INIT = 64'0110010110101001101001101010100100111100001111001100001100111100
Generating RTLIL representation for module `$paramod$2ea58139e8e40950a7b6beceebde8037590db721\GTP_LUT6D'.
Parameter \INIT = 64'0000001011111101001000101101110111111101000000101101110100100010
Found cached RTLIL representation for module `$paramod$7b17f47686b42d46b30408a92f332c8af086be08\GTP_LUT6D'.
Parameter \INIT = 32'10010101010101101010100110010101

3.496. Executing AST frontend in derive mode using pre-parsed AST for module `\GTP_LUT5D'.
Parameter \INIT = 32'10010101010101101010100110010101
Generating RTLIL representation for module `$paramod\GTP_LUT5D\INIT=32'10010101010101101010100110010101'.
Parameter \INIT = 64'0110100101101001011010010110100111111111000000000000000011111111

3.497. Executing AST frontend in derive mode using pre-parsed AST for module `\GTP_LUT6D'.
Parameter \INIT = 64'0110100101101001011010010110100111111111000000000000000011111111
Generating RTLIL representation for module `$paramod$a82c0463d02540e0a7f9784e5ed52a4e3e5a5699\GTP_LUT6D'.
Parameter \INIT = 1784053928

3.498. Executing AST frontend in derive mode using pre-parsed AST for module `\GTP_LUT5D'.
Parameter \INIT = 1784053928
Generating RTLIL representation for module `$paramod\GTP_LUT5D\INIT=32'01101010010101101000000010101000'.
Parameter \INIT = 1771449111
Found cached RTLIL representation for module `$paramod\GTP_LUT5D\INIT=32'01101001100101100010101100010111'.
Parameter \INIT = 1771449111
Found cached RTLIL representation for module `$paramod\GTP_LUT5D\INIT=32'01101001100101100010101100010111'.
Parameter \INIT = 64'0111011101111101100010001000001010001000100000101000100010000010

3.499. Executing AST frontend in derive mode using pre-parsed AST for module `\GTP_LUT6D'.
Parameter \INIT = 64'0111011101111101100010001000001010001000100000101000100010000010
Generating RTLIL representation for module `$paramod$5f4ded81c701432bb94929626fbaf47fa152ace1\GTP_LUT6D'.
Parameter \INIT = 64'0010001010101010110111010101010100000000000000000000111100001111

3.500. Executing AST frontend in derive mode using pre-parsed AST for module `\GTP_LUT6D'.
Parameter \INIT = 64'0010001010101010110111010101010100000000000000000000111100001111
Generating RTLIL representation for module `$paramod$159e8a91e599e162ba070dfe39c45a814f99c545\GTP_LUT6D'.
Parameter \INIT = 64'0100010111001111010001011100111111111111000000000000000000000000

3.501. Executing AST frontend in derive mode using pre-parsed AST for module `\GTP_LUT6D'.
Parameter \INIT = 64'0100010111001111010001011100111111111111000000000000000000000000
Generating RTLIL representation for module `$paramod$52a7ce304cccbdeb44552a3aed27bc1affb342c0\GTP_LUT6D'.
Parameter \INIT = 64'0010001011011101101010100101010100000000000011110000000000001111

3.502. Executing AST frontend in derive mode using pre-parsed AST for module `\GTP_LUT6D'.
Parameter \INIT = 64'0010001011011101101010100101010100000000000011110000000000001111
Generating RTLIL representation for module `$paramod$5e7e55cf33b7a8a908b74660732d9936165d37f9\GTP_LUT6D'.
Parameter \INIT = 64'0000101011110101101010100101010111001100000000001100110000000000

3.503. Executing AST frontend in derive mode using pre-parsed AST for module `\GTP_LUT6D'.
Parameter \INIT = 64'0000101011110101101010100101010111001100000000001100110000000000
Generating RTLIL representation for module `$paramod$51ba3dd58ea909a37fb1f2eee95066118db29344\GTP_LUT6D'.
Parameter \INIT = 64'0000000000100000000000000010000000000000000000000000000011111111

3.504. Executing AST frontend in derive mode using pre-parsed AST for module `\GTP_LUT6D'.
Parameter \INIT = 64'0000000000100000000000000010000000000000000000000000000011111111
Generating RTLIL representation for module `$paramod$0655169cba5e3f064d9800dfef6ec6bcdeb170f5\GTP_LUT6D'.
Parameter \INIT = 64'0000000000000000000000000000001100000101000001010000010100000101

3.505. Executing AST frontend in derive mode using pre-parsed AST for module `\GTP_LUT6D'.
Parameter \INIT = 64'0000000000000000000000000000001100000101000001010000010100000101
Generating RTLIL representation for module `$paramod$787ae1743757152282c433fae28d2873c77d959e\GTP_LUT6D'.
Parameter \INIT = 64'0000000000000000001111110011111100000000010101010101010111111111

3.506. Executing AST frontend in derive mode using pre-parsed AST for module `\GTP_LUT6D'.
Parameter \INIT = 64'0000000000000000001111110011111100000000010101010101010111111111
Generating RTLIL representation for module `$paramod$b9382d814e2aea547f778b95697bd5f02afe8316\GTP_LUT6D'.
Parameter \INIT = 135275076

3.507. Executing AST frontend in derive mode using pre-parsed AST for module `\GTP_LUT5D'.
Parameter \INIT = 135275076
Generating RTLIL representation for module `$paramod\GTP_LUT5D\INIT=32'00001000000100000010001001000100'.
Parameter \INIT = 64'0000111111100001000011111111000000110011100110010011001111001100

3.508. Executing AST frontend in derive mode using pre-parsed AST for module `\GTP_LUT6D'.
Parameter \INIT = 64'0000111111100001000011111111000000110011100110010011001111001100
Generating RTLIL representation for module `$paramod$a485649d3eb0d8db2ff413694bf3c13ed93104cf\GTP_LUT6D'.
Parameter \INIT = 64'0011000000110000000011000000110011111111111010001111111111101000

3.509. Executing AST frontend in derive mode using pre-parsed AST for module `\GTP_LUT6D'.
Parameter \INIT = 64'0011000000110000000011000000110011111111111010001111111111101000
Generating RTLIL representation for module `$paramod$bf688044d7006f24a363a8d8d35e419b81fa65a2\GTP_LUT6D'.
Parameter \INIT = 64'0000110000001100001100000011000001010101010011010101010100000101

3.510. Executing AST frontend in derive mode using pre-parsed AST for module `\GTP_LUT6D'.
Parameter \INIT = 64'0000110000001100001100000011000001010101010011010101010100000101
Generating RTLIL representation for module `$paramod$6a67e7ad5b769ae5137628890a68e5ba28d12845\GTP_LUT6D'.
Parameter \INIT = 64'0010001010101010110111010101010100000000000000000000111100001111
Found cached RTLIL representation for module `$paramod$159e8a91e599e162ba070dfe39c45a814f99c545\GTP_LUT6D'.
Parameter \INIT = 64'1011111011111111001010001010101011000011000000000011110011111111

3.511. Executing AST frontend in derive mode using pre-parsed AST for module `\GTP_LUT6D'.
Parameter \INIT = 64'1011111011111111001010001010101011000011000000000011110011111111
Generating RTLIL representation for module `$paramod$7b5909897606972abb60700600c387653b8a7ba7\GTP_LUT6D'.
Parameter \INIT = 64'0000000000000000000000000000111101100110011001100110011001100110
Found cached RTLIL representation for module `$paramod$a38467204217eecc23fb32596de066d43bec5595\GTP_LUT6D'.
Parameter \INIT = 1019422850

3.512. Executing AST frontend in derive mode using pre-parsed AST for module `\GTP_LUT5D'.
Parameter \INIT = 1019422850
Generating RTLIL representation for module `$paramod\GTP_LUT5D\INIT=32'00111100110000110010100010000010'.
Parameter \INIT = 64'0000000000000000000000000000111110001000100010001000100010001000

3.513. Executing AST frontend in derive mode using pre-parsed AST for module `\GTP_LUT6D'.
Parameter \INIT = 64'0000000000000000000000000000111110001000100010001000100010001000
Generating RTLIL representation for module `$paramod$597daf74c79db71ea5fb24ac28d1cfa8991db059\GTP_LUT6D'.
Parameter \INIT = 64'0000000000000000000000000000111110011001100110011001100110011001
Found cached RTLIL representation for module `$paramod$2d2c4e3f1e87bb1ffe0b94ae07fafc5804659329\GTP_LUT6D'.
Parameter \INIT = 64'0001000100010001000100010001000100000000000000000000000000001111

3.514. Executing AST frontend in derive mode using pre-parsed AST for module `\GTP_LUT6D'.
Parameter \INIT = 64'0001000100010001000100010001000100000000000000000000000000001111
Generating RTLIL representation for module `$paramod$563f51d25410d6118c7e396eb867c7efbe7af022\GTP_LUT6D'.
Parameter \INIT = 50528341

3.515. Executing AST frontend in derive mode using pre-parsed AST for module `\GTP_LUT5D'.
Parameter \INIT = 50528341
Generating RTLIL representation for module `$paramod\GTP_LUT5D\INIT=32'00000011000000110000000001010101'.
Parameter \INIT = 50528341
Found cached RTLIL representation for module `$paramod\GTP_LUT5D\INIT=32'00000011000000110000000001010101'.
Parameter \INIT = 13370629

3.516. Executing AST frontend in derive mode using pre-parsed AST for module `\GTP_LUT5D'.
Parameter \INIT = 13370629
Generating RTLIL representation for module `$paramod\GTP_LUT5D\INIT=32'00000000110011000000010100000101'.
Parameter \INIT = 64'0000000000000101000000000000010100000000000000000000001100000011

3.517. Executing AST frontend in derive mode using pre-parsed AST for module `\GTP_LUT6D'.
Parameter \INIT = 64'0000000000000101000000000000010100000000000000000000001100000011
Generating RTLIL representation for module `$paramod$6be2243df3419684253c0740e43b1f519e5d2c96\GTP_LUT6D'.
Parameter \INIT = 64'0000000000000000010101010101010100000000000000000000000000000011

3.518. Executing AST frontend in derive mode using pre-parsed AST for module `\GTP_LUT6D'.
Parameter \INIT = 64'0000000000000000010101010101010100000000000000000000000000000011
Generating RTLIL representation for module `$paramod$16623ac16ae526b23f4cb05594c798b0a70ff496\GTP_LUT6D'.
Parameter \INIT = 16842767

3.519. Executing AST frontend in derive mode using pre-parsed AST for module `\GTP_LUT5D'.
Parameter \INIT = 16842767
Generating RTLIL representation for module `$paramod\GTP_LUT5D\INIT=32'00000001000000010000000000001111'.
Parameter \INIT = 64'0000000000000011000000000000001100000000000000000000000100000001

3.520. Executing AST frontend in derive mode using pre-parsed AST for module `\GTP_LUT6D'.
Parameter \INIT = 64'0000000000000011000000000000001100000000000000000000000100000001
Generating RTLIL representation for module `$paramod$b660817e25f55c8ce8371902b7ad56a879ba35a9\GTP_LUT6D'.
Parameter \INIT = 64'0100001000000000010000100000000000011000000110000000000000000000

3.521. Executing AST frontend in derive mode using pre-parsed AST for module `\GTP_LUT6D'.
Parameter \INIT = 64'0100001000000000010000100000000000011000000110000000000000000000
Generating RTLIL representation for module `$paramod$f00df641984b4bea474a3ef6662361539873b43b\GTP_LUT6D'.
Parameter \INIT = 64'1000000100000000100000010000000011111111111111111100001111111111

3.522. Executing AST frontend in derive mode using pre-parsed AST for module `\GTP_LUT6D'.
Parameter \INIT = 64'1000000100000000100000010000000011111111111111111100001111111111
Generating RTLIL representation for module `$paramod$038e4ba1483bc624d4c6b7f7de52906df87c9716\GTP_LUT6D'.
Parameter \INIT = 574883856

3.523. Executing AST frontend in derive mode using pre-parsed AST for module `\GTP_LUT5D'.
Parameter \INIT = 574883856
Generating RTLIL representation for module `$paramod\GTP_LUT5D\INIT=32'00100010010001000000100000010000'.
Parameter \INIT = 1099043880

3.524. Executing AST frontend in derive mode using pre-parsed AST for module `\GTP_LUT5D'.
Parameter \INIT = 1099043880
Generating RTLIL representation for module `$paramod\GTP_LUT5D\INIT=32'01000001100000100001010000101000'.
Parameter \INIT = 338182530

3.525. Executing AST frontend in derive mode using pre-parsed AST for module `\GTP_LUT5D'.
Parameter \INIT = 338182530
Generating RTLIL representation for module `$paramod\GTP_LUT5D\INIT=32'00010100001010000100000110000010'.
Parameter \INIT = 306710544

3.526. Executing AST frontend in derive mode using pre-parsed AST for module `\GTP_LUT5D'.
Parameter \INIT = 306710544
Generating RTLIL representation for module `$paramod\GTP_LUT5D\INIT=32'00010010010010000000100000010000'.
Parameter \INIT = 64'0000000000000000001001000000000000100100000000000000000000000000

3.527. Executing AST frontend in derive mode using pre-parsed AST for module `\GTP_LUT6D'.
Parameter \INIT = 64'0000000000000000001001000000000000100100000000000000000000000000
Generating RTLIL representation for module `$paramod$13e9608e46f2b6eccab0c62899183bddb83cac84\GTP_LUT6D'.
Parameter \INIT = 64'0000000000000000010000100000000000011000000000000000000000000000

3.528. Executing AST frontend in derive mode using pre-parsed AST for module `\GTP_LUT6D'.
Parameter \INIT = 64'0000000000000000010000100000000000011000000000000000000000000000
Generating RTLIL representation for module `$paramod$cac5c5ed07741e3e2f7abc035279250e650f99c5\GTP_LUT6D'.
Parameter \INIT = 64'0100001000000000000000000000000000000000000000000001100000000000

3.529. Executing AST frontend in derive mode using pre-parsed AST for module `\GTP_LUT6D'.
Parameter \INIT = 64'0100001000000000000000000000000000000000000000000001100000000000
Generating RTLIL representation for module `$paramod$629d318561296051405d58284773c5f52216aaa7\GTP_LUT6D'.
Parameter \INIT = 64'0000000000000000000110000000000000000000000000001000000100000000

3.530. Executing AST frontend in derive mode using pre-parsed AST for module `\GTP_LUT6D'.
Parameter \INIT = 64'0000000000000000000110000000000000000000000000001000000100000000
Generating RTLIL representation for module `$paramod$4f78b3b7cd5b543ab8c134b41c71c449300afab6\GTP_LUT6D'.
Parameter \INIT = 64'0010010000000000000000000000000001000010000000000000000000000000

3.531. Executing AST frontend in derive mode using pre-parsed AST for module `\GTP_LUT6D'.
Parameter \INIT = 64'0010010000000000000000000000000001000010000000000000000000000000
Generating RTLIL representation for module `$paramod$1ef34b57305a4e0229636a5cc6737a287b27e720\GTP_LUT6D'.
Parameter \INIT = 64'0100001000000000000000000000000000100100000000000000000000000000

3.532. Executing AST frontend in derive mode using pre-parsed AST for module `\GTP_LUT6D'.
Parameter \INIT = 64'0100001000000000000000000000000000100100000000000000000000000000
Generating RTLIL representation for module `$paramod$4a9f379797ccaed49d6a9967b7d3a42643cb192d\GTP_LUT6D'.
Parameter \INIT = 64'0100001000000000000000000000000000000000000000000010010000000000

3.533. Executing AST frontend in derive mode using pre-parsed AST for module `\GTP_LUT6D'.
Parameter \INIT = 64'0100001000000000000000000000000000000000000000000010010000000000
Generating RTLIL representation for module `$paramod$ec5d0dc905d6ad8270546299d86b6ca7cf43de37\GTP_LUT6D'.
Parameter \INIT = 64'1000000100000000000000000000000000000000000000001000000100000000

3.534. Executing AST frontend in derive mode using pre-parsed AST for module `\GTP_LUT6D'.
Parameter \INIT = 64'1000000100000000000000000000000000000000000000001000000100000000
Generating RTLIL representation for module `$paramod$8b7e035186a3e3027a3da34d7d7ff1450f157b12\GTP_LUT6D'.
Parameter \INIT = 64'1000000100000000000000000000000000000000000000000001100000000000

3.535. Executing AST frontend in derive mode using pre-parsed AST for module `\GTP_LUT6D'.
Parameter \INIT = 64'1000000100000000000000000000000000000000000000000001100000000000
Generating RTLIL representation for module `$paramod$8d17d4835318073197855e7490a402d852f3d207\GTP_LUT6D'.
Parameter \INIT = 64'0001100000000000000000000000000000000000000000000001100000000000

3.536. Executing AST frontend in derive mode using pre-parsed AST for module `\GTP_LUT6D'.
Parameter \INIT = 64'0001100000000000000000000000000000000000000000000001100000000000
Generating RTLIL representation for module `$paramod$3935c2a93c33adc9efef7e9c0061abf8aaba0833\GTP_LUT6D'.
Parameter \INIT = 64'1000000100000000000000000000000000000000010000100000000000000000

3.537. Executing AST frontend in derive mode using pre-parsed AST for module `\GTP_LUT6D'.
Parameter \INIT = 64'1000000100000000000000000000000000000000010000100000000000000000
Generating RTLIL representation for module `$paramod$36f5a139f57fa7bf0bef52b4df7cbd94b8b51658\GTP_LUT6D'.
Parameter \INIT = 64'0100001000000000000000000000000000000000000000001000000100000000

3.538. Executing AST frontend in derive mode using pre-parsed AST for module `\GTP_LUT6D'.
Parameter \INIT = 64'0100001000000000000000000000000000000000000000001000000100000000
Generating RTLIL representation for module `$paramod$4c1528fe78c382d0196c38cbf937dc9679ffe4b4\GTP_LUT6D'.
Parameter \INIT = 64'0000000000000000000110000000000000000000000000000100001000000000

3.539. Executing AST frontend in derive mode using pre-parsed AST for module `\GTP_LUT6D'.
Parameter \INIT = 64'0000000000000000000110000000000000000000000000000100001000000000
Generating RTLIL representation for module `$paramod$890293a43a73f602fc41116aec2a62ef37960c8a\GTP_LUT6D'.
Parameter \INIT = 64'0111001101110111000100000001000111110000000011111111000000001111

3.540. Executing AST frontend in derive mode using pre-parsed AST for module `\GTP_LUT6D'.
Parameter \INIT = 64'0111001101110111000100000001000111110000000011111111000000001111
Generating RTLIL representation for module `$paramod$e8e6c6aea26e44cb45a613aa5af87caed1579c1e\GTP_LUT6D'.
Parameter \INIT = 64'0000000000000000000000000000111110011001100110011001100110011001
Found cached RTLIL representation for module `$paramod$2d2c4e3f1e87bb1ffe0b94ae07fafc5804659329\GTP_LUT6D'.
Parameter \INIT = 1172268442

3.541. Executing AST frontend in derive mode using pre-parsed AST for module `\GTP_LUT5D'.
Parameter \INIT = 1172268442
Generating RTLIL representation for module `$paramod\GTP_LUT5D\INIT=32'01000101110111110110010110011010'.
Parameter \INIT = 64'0000000001101001011010010000000010010110100101101001011010010110

3.542. Executing AST frontend in derive mode using pre-parsed AST for module `\GTP_LUT6D'.
Parameter \INIT = 64'0000000001101001011010010000000010010110100101101001011010010110
Generating RTLIL representation for module `$paramod$1701ef29f54fea5ccd70166e08f34a46c09e0ed5\GTP_LUT6D'.
Parameter \INIT = 32'10101001100101011001010101010110

3.543. Executing AST frontend in derive mode using pre-parsed AST for module `\GTP_LUT5D'.
Parameter \INIT = 32'10101001100101011001010101010110
Generating RTLIL representation for module `$paramod\GTP_LUT5D\INIT=32'10101001100101011001010101010110'.
Parameter \INIT = 16'0100000100110110

3.544. Executing AST frontend in derive mode using pre-parsed AST for module `\GTP_LUT4D'.
Parameter \INIT = 16'0100000100110110
Generating RTLIL representation for module `$paramod\GTP_LUT4D\INIT=16'0100000100110110'.
Parameter \INIT = 16'0101011010000000

3.545. Executing AST frontend in derive mode using pre-parsed AST for module `\GTP_LUT4D'.
Parameter \INIT = 16'0101011010000000
Generating RTLIL representation for module `$paramod\GTP_LUT4D\INIT=16'0101011010000000'.
Parameter \INIT = 1717997288

3.546. Executing AST frontend in derive mode using pre-parsed AST for module `\GTP_LUT5D'.
Parameter \INIT = 1717997288
Generating RTLIL representation for module `$paramod\GTP_LUT5D\INIT=32'01100110011001101000111011101000'.
Parameter \INIT = 64'0101100110100110100110010110011000001100111100111100110000110011

3.547. Executing AST frontend in derive mode using pre-parsed AST for module `\GTP_LUT6D'.
Parameter \INIT = 64'0101100110100110100110010110011000001100111100111100110000110011
Generating RTLIL representation for module `$paramod$611a59fcc887864f97613ac41ce674606e45bd44\GTP_LUT6D'.
Parameter \INIT = 64'0000000000000000000000000000000000101010000010100010101000101010

3.548. Executing AST frontend in derive mode using pre-parsed AST for module `\GTP_LUT6D'.
Parameter \INIT = 64'0000000000000000000000000000000000101010000010100010101000101010
Generating RTLIL representation for module `$paramod$90e1ff3b39af34dda09da336007f1fda9a029c6c\GTP_LUT6D'.
Parameter \INIT = 64'1111000000001111000011111111000001100110011001100110011001100110

3.549. Executing AST frontend in derive mode using pre-parsed AST for module `\GTP_LUT6D'.
Parameter \INIT = 64'1111000000001111000011111111000001100110011001100110011001100110
Generating RTLIL representation for module `$paramod$884b33cf6acde35fda5e2b074198f4c80a807029\GTP_LUT6D'.
Parameter \INIT = 16'1101010010011001

3.550. Executing AST frontend in derive mode using pre-parsed AST for module `\GTP_LUT4D'.
Parameter \INIT = 16'1101010010011001
Generating RTLIL representation for module `$paramod\GTP_LUT4D\INIT=16'1101010010011001'.
Parameter \INIT = 1897358950

3.551. Executing AST frontend in derive mode using pre-parsed AST for module `\GTP_LUT5D'.
Parameter \INIT = 1897358950
Generating RTLIL representation for module `$paramod\GTP_LUT5D\INIT=32'01110001000101110110011001100110'.
Parameter \INIT = 32'11011101000011011111000000001111

3.552. Executing AST frontend in derive mode using pre-parsed AST for module `\GTP_LUT5D'.
Parameter \INIT = 32'11011101000011011111000000001111
Generating RTLIL representation for module `$paramod\GTP_LUT5D\INIT=32'11011101000011011111000000001111'.
Parameter \INIT = 64'0110111100000110111101100110000001101001100101101001011001101001

3.553. Executing AST frontend in derive mode using pre-parsed AST for module `\GTP_LUT6D'.
Parameter \INIT = 64'0110111100000110111101100110000001101001100101101001011001101001
Generating RTLIL representation for module `$paramod$94b811dfb8d71f865d38a419d7c699ccc2e35766\GTP_LUT6D'.
Parameter \INIT = 1771462902

3.554. Executing AST frontend in derive mode using pre-parsed AST for module `\GTP_LUT5D'.
Parameter \INIT = 1771462902
Generating RTLIL representation for module `$paramod\GTP_LUT5D\INIT=32'01101001100101100110000011110110'.
Parameter \INIT = 16'1011001010010110

3.555. Executing AST frontend in derive mode using pre-parsed AST for module `\GTP_LUT4D'.
Parameter \INIT = 16'1011001010010110
Generating RTLIL representation for module `$paramod\GTP_LUT4D\INIT=16'1011001010010110'.
Parameter \INIT = 64'0010101000101010110101011101010100000000111111110000000000000000

3.556. Executing AST frontend in derive mode using pre-parsed AST for module `\GTP_LUT6D'.
Parameter \INIT = 64'0010101000101010110101011101010100000000111111110000000000000000
Generating RTLIL representation for module `$paramod$fe15a6b357003dabee975b4b2014fae33ada1ca6\GTP_LUT6D'.
Parameter \INIT = 64'0010101000101010110101011101010111110000000000001111000000000000

3.557. Executing AST frontend in derive mode using pre-parsed AST for module `\GTP_LUT6D'.
Parameter \INIT = 64'0010101000101010110101011101010111110000000000001111000000000000
Generating RTLIL representation for module `$paramod$a9c86e4bcc102f4ca8ef3327692aef41b82bcdc2\GTP_LUT6D'.
Parameter \INIT = 64'1000100010101010011101110101010111110000111100000000000000000000

3.558. Executing AST frontend in derive mode using pre-parsed AST for module `\GTP_LUT6D'.
Parameter \INIT = 64'1000100010101010011101110101010111110000111100000000000000000000
Generating RTLIL representation for module `$paramod$cd0b9cda9ec51e637a1eeab29f6e100ee623e7b5\GTP_LUT6D'.
Parameter \INIT = 64'0000000000000000000000001100110000000000000000000000101000001010

3.559. Executing AST frontend in derive mode using pre-parsed AST for module `\GTP_LUT6D'.
Parameter \INIT = 64'0000000000000000000000001100110000000000000000000000101000001010
Generating RTLIL representation for module `$paramod$b712c49b3f96e9a614b70e4f0b442aff5cffc855\GTP_LUT6D'.
Parameter \INIT = 64'0000000000000000000000000000001100000000000000000101010101010101

3.560. Executing AST frontend in derive mode using pre-parsed AST for module `\GTP_LUT6D'.
Parameter \INIT = 64'0000000000000000000000000000001100000000000000000101010101010101
Generating RTLIL representation for module `$paramod$0d1b702c1faf80d7d99bd41ea15e4ba10fecd2eb\GTP_LUT6D'.
Parameter \INIT = 64'0000000000000000000000000000010100010001000100010001000100010001

3.561. Executing AST frontend in derive mode using pre-parsed AST for module `\GTP_LUT6D'.
Parameter \INIT = 64'0000000000000000000000000000010100010001000100010001000100010001
Generating RTLIL representation for module `$paramod$00e928caef9ae0c4746e4a6e478588ad9d15b493\GTP_LUT6D'.
Parameter \INIT = 64'0000000000000000000000010000000100000000001100110000000000110011

3.562. Executing AST frontend in derive mode using pre-parsed AST for module `\GTP_LUT6D'.
Parameter \INIT = 64'0000000000000000000000010000000100000000001100110000000000110011
Generating RTLIL representation for module `$paramod$5cc63922fbcd60a009a4f5fcef3ccda92c53a403\GTP_LUT6D'.
Parameter \INIT = 64'0000000000000001000000000000000100000000000000000000000011111111

3.563. Executing AST frontend in derive mode using pre-parsed AST for module `\GTP_LUT6D'.
Parameter \INIT = 64'0000000000000001000000000000000100000000000000000000000011111111
Generating RTLIL representation for module `$paramod$be1dd9700b8792a138cb222cabe73972cc7ba51c\GTP_LUT6D'.
Parameter \INIT = 64'0000000000000000000000000000001100000000000000000101010101010101
Found cached RTLIL representation for module `$paramod$0d1b702c1faf80d7d99bd41ea15e4ba10fecd2eb\GTP_LUT6D'.
Parameter \INIT = 64'0000000000000000000000000001000100000011000000110000001100000011

3.564. Executing AST frontend in derive mode using pre-parsed AST for module `\GTP_LUT6D'.
Parameter \INIT = 64'0000000000000000000000000001000100000011000000110000001100000011
Generating RTLIL representation for module `$paramod$83e388f730fa45be9e1a2ebea51c35ea0cb3e511\GTP_LUT6D'.
Parameter \INIT = 64'0000000000000000000000010000000100000000000000000000000011111111

3.565. Executing AST frontend in derive mode using pre-parsed AST for module `\GTP_LUT6D'.
Parameter \INIT = 64'0000000000000000000000010000000100000000000000000000000011111111
Generating RTLIL representation for module `$paramod$69dffe266dc9b4138043e538e2bc9bf185d3541a\GTP_LUT6D'.
Parameter \INIT = 64'0000000000000000000000000010001000000011000000110000001100000011

3.566. Executing AST frontend in derive mode using pre-parsed AST for module `\GTP_LUT6D'.
Parameter \INIT = 64'0000000000000000000000000010001000000011000000110000001100000011
Generating RTLIL representation for module `$paramod$4f0209f8364e7a6a67c7df1aba523b53427c2b6d\GTP_LUT6D'.
Parameter \INIT = 64'0011001100010001001100110000000000110000001100000011000000110000

3.567. Executing AST frontend in derive mode using pre-parsed AST for module `\GTP_LUT6D'.
Parameter \INIT = 64'0011001100010001001100110000000000110000001100000011000000110000
Generating RTLIL representation for module `$paramod$8c9cf5cd6f914d1400dd8c47f4ec4720a3d91d99\GTP_LUT6D'.
Parameter \INIT = 327731

3.568. Executing AST frontend in derive mode using pre-parsed AST for module `\GTP_LUT5D'.
Parameter \INIT = 327731
Generating RTLIL representation for module `$paramod\GTP_LUT5D\INIT=32'00000000000001010000000000110011'.
Parameter \INIT = 64'0000000000100010000000000010001000000000000000000000101000001010

3.569. Executing AST frontend in derive mode using pre-parsed AST for module `\GTP_LUT6D'.
Parameter \INIT = 64'0000000000100010000000000010001000000000000000000000101000001010
Generating RTLIL representation for module `$paramod$42c2dbc7db875e57d3c3ce41e05db844abeb5d0a\GTP_LUT6D'.
Parameter \INIT = 64'1010111100100011101011110010001100000000000000001011101110111011

3.570. Executing AST frontend in derive mode using pre-parsed AST for module `\GTP_LUT6D'.
Parameter \INIT = 64'1010111100100011101011110010001100000000000000001011101110111011
Generating RTLIL representation for module `$paramod$0388bbc825b6283ef476014a43cc42270d7c451a\GTP_LUT6D'.
Parameter \INIT = 64'0000000000000000000000000000000100000000000011110000000000001111

3.571. Executing AST frontend in derive mode using pre-parsed AST for module `\GTP_LUT6D'.
Parameter \INIT = 64'0000000000000000000000000000000100000000000011110000000000001111
Generating RTLIL representation for module `$paramod$82d54c5a1ee1755b04354ab746721f28ec3a551b\GTP_LUT6D'.
Parameter \INIT = 64'0000000000000000000000000000111100000000000000000000000000010001

3.572. Executing AST frontend in derive mode using pre-parsed AST for module `\GTP_LUT6D'.
Parameter \INIT = 64'0000000000000000000000000000111100000000000000000000000000010001
Generating RTLIL representation for module `$paramod$758c79c506aacfff9e2fe6264413a7362382b3f6\GTP_LUT6D'.
Parameter \INIT = 64'0000000000000000000000000000001100010001000100010001000100010001

3.573. Executing AST frontend in derive mode using pre-parsed AST for module `\GTP_LUT6D'.
Parameter \INIT = 64'0000000000000000000000000000001100010001000100010001000100010001
Generating RTLIL representation for module `$paramod$133aa02276e7ff3144f6254d27d975f2224735d6\GTP_LUT6D'.
Parameter \INIT = 65551

3.574. Executing AST frontend in derive mode using pre-parsed AST for module `\GTP_LUT5D'.
Parameter \INIT = 65551
Generating RTLIL representation for module `$paramod\GTP_LUT5D\INIT=32'00000000000000010000000000001111'.
Parameter \INIT = 69905

3.575. Executing AST frontend in derive mode using pre-parsed AST for module `\GTP_LUT5D'.
Parameter \INIT = 69905
Generating RTLIL representation for module `$paramod\GTP_LUT5D\INIT=32'00000000000000010001000100010001'.
Parameter \INIT = 1431976252

3.576. Executing AST frontend in derive mode using pre-parsed AST for module `\GTP_LUT5D'.
Parameter \INIT = 1431976252
Generating RTLIL representation for module `$paramod\GTP_LUT5D\INIT=32'01010101010110100011100100111100'.
Parameter \INIT = 64'1101101111011011110110111111111101000010000000000100001000000000

3.577. Executing AST frontend in derive mode using pre-parsed AST for module `\GTP_LUT6D'.
Parameter \INIT = 64'1101101111011011110110111111111101000010000000000100001000000000
Generating RTLIL representation for module `$paramod$1eb58f7770a3246745b2b65e142afed761ca4d92\GTP_LUT6D'.
Parameter \INIT = 64'0000000000000000000000000000000100000000000000110000000000000011

3.578. Executing AST frontend in derive mode using pre-parsed AST for module `\GTP_LUT6D'.
Parameter \INIT = 64'0000000000000000000000000000000100000000000000110000000000000011
Generating RTLIL representation for module `$paramod$ee69c2c4e6f83239f41da02885809ed0efc133d7\GTP_LUT6D'.
Parameter \INIT = 1099071489

3.579. Executing AST frontend in derive mode using pre-parsed AST for module `\GTP_LUT5D'.
Parameter \INIT = 1099071489
Generating RTLIL representation for module `$paramod\GTP_LUT5D\INIT=32'01000001100000101000000000000001'.
Parameter \INIT = 64'0000000000000010000000000000001000000000000000000000000000000011

3.580. Executing AST frontend in derive mode using pre-parsed AST for module `\GTP_LUT6D'.
Parameter \INIT = 64'0000000000000010000000000000001000000000000000000000000000000011
Generating RTLIL representation for module `$paramod$9160f5f2ed146e5930c9677bd3bc262c1087f885\GTP_LUT6D'.
Parameter \INIT = 64'0100001000000000000000000000000000000000000000001000000100000000
Found cached RTLIL representation for module `$paramod$4c1528fe78c382d0196c38cbf937dc9679ffe4b4\GTP_LUT6D'.
Parameter \INIT = 64'0001100000000000000000000000000010000001000000000000000000000000

3.581. Executing AST frontend in derive mode using pre-parsed AST for module `\GTP_LUT6D'.
Parameter \INIT = 64'0001100000000000000000000000000010000001000000000000000000000000
Generating RTLIL representation for module `$paramod$faefe5befe7161e0c4e6d9bdfb104277d3bda3cd\GTP_LUT6D'.
Parameter \INIT = 64'0000000000000000001001000000000000011000000000000000000000000000

3.582. Executing AST frontend in derive mode using pre-parsed AST for module `\GTP_LUT6D'.
Parameter \INIT = 64'0000000000000000001001000000000000011000000000000000000000000000
Generating RTLIL representation for module `$paramod$a74b56fbd09adbe68260a9c3604b2718ba40267b\GTP_LUT6D'.
Parameter \INIT = 64'0000000000000000000110000000000000000000000000000100001000000000
Found cached RTLIL representation for module `$paramod$890293a43a73f602fc41116aec2a62ef37960c8a\GTP_LUT6D'.
Parameter \INIT = 64'0010010000000000000000000000000000000000000000000100001000000000

3.583. Executing AST frontend in derive mode using pre-parsed AST for module `\GTP_LUT6D'.
Parameter \INIT = 64'0010010000000000000000000000000000000000000000000100001000000000
Generating RTLIL representation for module `$paramod$b5e0740d2c8d2bc0d84912f0260af0cae6b97fdc\GTP_LUT6D'.
Parameter \INIT = 64'0000000000000000001001000000000000000000000000001000000100000000

3.584. Executing AST frontend in derive mode using pre-parsed AST for module `\GTP_LUT6D'.
Parameter \INIT = 64'0000000000000000001001000000000000000000000000001000000100000000
Generating RTLIL representation for module `$paramod$0ad5de74675881144a1c1f8db786412874e582f8\GTP_LUT6D'.
Parameter \INIT = 64'0000000000000000010000100000000000011000000000000000000000000000
Found cached RTLIL representation for module `$paramod$cac5c5ed07741e3e2f7abc035279250e650f99c5\GTP_LUT6D'.
Parameter \INIT = 64'0000000000100100000000000000000000000000000110000000000000000000

3.585. Executing AST frontend in derive mode using pre-parsed AST for module `\GTP_LUT6D'.
Parameter \INIT = 64'0000000000100100000000000000000000000000000110000000000000000000
Generating RTLIL representation for module `$paramod$e40d21eb121a77cea029f37aadd479842bb5f328\GTP_LUT6D'.
Parameter \INIT = 64'0100001000000000000000000000000000000000000110000000000000000000

3.586. Executing AST frontend in derive mode using pre-parsed AST for module `\GTP_LUT6D'.
Parameter \INIT = 64'0100001000000000000000000000000000000000000110000000000000000000
Generating RTLIL representation for module `$paramod$b8f306825f1047a219c4f088f3b60265c95112c8\GTP_LUT6D'.
Parameter \INIT = 64'0100001000000000000000000000000000011000000000000000000000000000

3.587. Executing AST frontend in derive mode using pre-parsed AST for module `\GTP_LUT6D'.
Parameter \INIT = 64'0100001000000000000000000000000000011000000000000000000000000000
Generating RTLIL representation for module `$paramod$a828110721db22a47f96f6541e0b59d8a328c9ee\GTP_LUT6D'.
Parameter \INIT = 64'0010001010101010110111010101010100000000000000001111000011110000

3.588. Executing AST frontend in derive mode using pre-parsed AST for module `\GTP_LUT6D'.
Parameter \INIT = 64'0010001010101010110111010101010100000000000000001111000011110000
Generating RTLIL representation for module `$paramod$c980646285e72276b41e226095ee918b51922510\GTP_LUT6D'.
Parameter \INIT = 64'0000000000000010000000000000001000000000000000000000000000000010

3.589. Executing AST frontend in derive mode using pre-parsed AST for module `\GTP_LUT6D'.
Parameter \INIT = 64'0000000000000010000000000000001000000000000000000000000000000010
Generating RTLIL representation for module `$paramod$4576dcdc7bb48dc2e4cf38b66ca78b99a223d85b\GTP_LUT6D'.
Parameter \INIT = 64'0000000000000000111111110000111110011001100110011001100110011001

3.590. Executing AST frontend in derive mode using pre-parsed AST for module `\GTP_LUT6D'.
Parameter \INIT = 64'0000000000000000111111110000111110011001100110011001100110011001
Generating RTLIL representation for module `$paramod$37c1271ee1e833d7821c22ba55c7de8265e7b25a\GTP_LUT6D'.
Parameter \INIT = 1010592255

3.591. Executing AST frontend in derive mode using pre-parsed AST for module `\GTP_LUT5D'.
Parameter \INIT = 1010592255
Generating RTLIL representation for module `$paramod\GTP_LUT5D\INIT=32'00111100001111000110100111111111'.
Parameter \INIT = 32'10100101101001011100110000110011

3.592. Executing AST frontend in derive mode using pre-parsed AST for module `\GTP_LUT5D'.
Parameter \INIT = 32'10100101101001011100110000110011
Generating RTLIL representation for module `$paramod\GTP_LUT5D\INIT=32'10100101101001011100110000110011'.
Parameter \INIT = 1145307151

3.593. Executing AST frontend in derive mode using pre-parsed AST for module `\GTP_LUT5D'.
Parameter \INIT = 1145307151
Generating RTLIL representation for module `$paramod\GTP_LUT5D\INIT=32'01000100010001000000000000001111'.
Parameter \INIT = 64'0000000010101010000000000000000000000011000000110000001100000011

3.594. Executing AST frontend in derive mode using pre-parsed AST for module `\GTP_LUT6D'.
Parameter \INIT = 64'0000000010101010000000000000000000000011000000110000001100000011
Generating RTLIL representation for module `$paramod$c2aaeaf0960701313ad879bb1717dd1338371ffb\GTP_LUT6D'.
Parameter \INIT = 64'0000001100000011000000110000001100000000000000000000000000010001

3.595. Executing AST frontend in derive mode using pre-parsed AST for module `\GTP_LUT6D'.
Parameter \INIT = 64'0000001100000011000000110000001100000000000000000000000000010001
Generating RTLIL representation for module `$paramod$4c7fe9ea2b04aeccc57e67f9e80eee5427e4853a\GTP_LUT6D'.
Parameter \INIT = 64'0000000000000000000100010001000100000000000000000000000000001111

3.596. Executing AST frontend in derive mode using pre-parsed AST for module `\GTP_LUT6D'.
Parameter \INIT = 64'0000000000000000000100010001000100000000000000000000000000001111
Generating RTLIL representation for module `$paramod$a50e64fa03fe69e8afb8f204482c1dbd1d13024e\GTP_LUT6D'.
Parameter \INIT = 64'0000000001010101000000000101010100000000000000000000000000000011

3.597. Executing AST frontend in derive mode using pre-parsed AST for module `\GTP_LUT6D'.
Parameter \INIT = 64'0000000001010101000000000101010100000000000000000000000000000011
Generating RTLIL representation for module `$paramod$23cce9c356833b259b7f73ed2930ca70cd693cb5\GTP_LUT6D'.
Parameter \INIT = 64'0000000000000000100010001000100000000000000011110000000000001111

3.598. Executing AST frontend in derive mode using pre-parsed AST for module `\GTP_LUT6D'.
Parameter \INIT = 64'0000000000000000100010001000100000000000000011110000000000001111
Generating RTLIL representation for module `$paramod$4b1d4a4e00bc7cba53607ea16945c030bed79b8b\GTP_LUT6D'.
Parameter \INIT = 64'0000000000000000010101010101010100000000000000000000000000000011
Found cached RTLIL representation for module `$paramod$16623ac16ae526b23f4cb05594c798b0a70ff496\GTP_LUT6D'.
Parameter \INIT = 64'0000000001010101000000000101010100000000000000000000000000000011
Found cached RTLIL representation for module `$paramod$23cce9c356833b259b7f73ed2930ca70cd693cb5\GTP_LUT6D'.
Parameter \INIT = 64'0000000000000001000000000000000100000000000000000011001100110011

3.599. Executing AST frontend in derive mode using pre-parsed AST for module `\GTP_LUT6D'.
Parameter \INIT = 64'0000000000000001000000000000000100000000000000000011001100110011
Generating RTLIL representation for module `$paramod$f87eed37ebd0c84f83f0c9f7832d42f42d5cc4b9\GTP_LUT6D'.
Parameter \INIT = 64'0000000000000000000000000000111100000000000000000100010001000100

3.600. Executing AST frontend in derive mode using pre-parsed AST for module `\GTP_LUT6D'.
Parameter \INIT = 64'0000000000000000000000000000111100000000000000000100010001000100
Generating RTLIL representation for module `$paramod$6520c545c64c11bae0b99cc2ea22f9b7d6cd69d6\GTP_LUT6D'.
Parameter \INIT = 286326789

3.601. Executing AST frontend in derive mode using pre-parsed AST for module `\GTP_LUT5D'.
Parameter \INIT = 286326789
Generating RTLIL representation for module `$paramod\GTP_LUT5D\INIT=32'00010001000100010000000000000101'.
Parameter \INIT = 84213763

3.602. Executing AST frontend in derive mode using pre-parsed AST for module `\GTP_LUT5D'.
Parameter \INIT = 84213763
Generating RTLIL representation for module `$paramod\GTP_LUT5D\INIT=32'00000101000001010000000000000011'.
Parameter \INIT = 286326787

3.603. Executing AST frontend in derive mode using pre-parsed AST for module `\GTP_LUT5D'.
Parameter \INIT = 286326787
Generating RTLIL representation for module `$paramod\GTP_LUT5D\INIT=32'00010001000100010000000000000011'.
Parameter \INIT = 196693

3.604. Executing AST frontend in derive mode using pre-parsed AST for module `\GTP_LUT5D'.
Parameter \INIT = 196693
Generating RTLIL representation for module `$paramod\GTP_LUT5D\INIT=32'00000000000000110000000001010101'.
Parameter \INIT = 50528261

3.605. Executing AST frontend in derive mode using pre-parsed AST for module `\GTP_LUT5D'.
Parameter \INIT = 50528261
Generating RTLIL representation for module `$paramod\GTP_LUT5D\INIT=32'00000011000000110000000000000101'.
Parameter \INIT = 286326787
Found cached RTLIL representation for module `$paramod\GTP_LUT5D\INIT=32'00010001000100010000000000000011'.
Parameter \INIT = 2228239

3.606. Executing AST frontend in derive mode using pre-parsed AST for module `\GTP_LUT5D'.
Parameter \INIT = 2228239
Generating RTLIL representation for module `$paramod\GTP_LUT5D\INIT=32'00000000001000100000000000001111'.
Parameter \INIT = 16'0000010100000011

3.607. Executing AST frontend in derive mode using pre-parsed AST for module `\GTP_LUT4D'.
Parameter \INIT = 16'0000010100000011
Generating RTLIL representation for module `$paramod\GTP_LUT4D\INIT=16'0000010100000011'.
Parameter \INIT = 64'0000000000000000000000000000010100000000000000000000001100000011

3.608. Executing AST frontend in derive mode using pre-parsed AST for module `\GTP_LUT6D'.
Parameter \INIT = 64'0000000000000000000000000000010100000000000000000000001100000011
Generating RTLIL representation for module `$paramod$8f0c90adc20bc393b9085fd7c039b8c9c12305ca\GTP_LUT6D'.
Parameter \INIT = 64'0001100000000000000110000000000001000010010000100000000000000000

3.609. Executing AST frontend in derive mode using pre-parsed AST for module `\GTP_LUT6D'.
Parameter \INIT = 64'0001100000000000000110000000000001000010010000100000000000000000
Generating RTLIL representation for module `$paramod$7e8c8a6bb8073598b1ec09b1d67f7df3a1c1f6ed\GTP_LUT6D'.
Parameter \INIT = 64'0000000000000000000000001111111100000000000000000000100000001000

3.610. Executing AST frontend in derive mode using pre-parsed AST for module `\GTP_LUT6D'.
Parameter \INIT = 64'0000000000000000000000001111111100000000000000000000100000001000
Generating RTLIL representation for module `$paramod$b1e42903ef5de79f32b98dc9609f39aa9d57ca1d\GTP_LUT6D'.
Parameter \INIT = 16'0001000010000010

3.611. Executing AST frontend in derive mode using pre-parsed AST for module `\GTP_LUT4D'.
Parameter \INIT = 16'0001000010000010
Generating RTLIL representation for module `$paramod\GTP_LUT4D\INIT=16'0001000010000010'.
Parameter \INIT = 32'10000010100000010100010001000010

3.612. Executing AST frontend in derive mode using pre-parsed AST for module `\GTP_LUT5D'.
Parameter \INIT = 32'10000010100000010100010001000010
Generating RTLIL representation for module `$paramod\GTP_LUT5D\INIT=32'10000010100000010100010001000010'.
Parameter \INIT = 64'0010010000000000000000000000000000000000000000000100001000000000
Found cached RTLIL representation for module `$paramod$b5e0740d2c8d2bc0d84912f0260af0cae6b97fdc\GTP_LUT6D'.
Parameter \INIT = 64'0100001000000000000000000000000000000000000000000001100000000000
Found cached RTLIL representation for module `$paramod$629d318561296051405d58284773c5f52216aaa7\GTP_LUT6D'.
Parameter \INIT = 64'0000000000000000100000010000000000000000000000000100001000000000

3.613. Executing AST frontend in derive mode using pre-parsed AST for module `\GTP_LUT6D'.
Parameter \INIT = 64'0000000000000000100000010000000000000000000000000100001000000000
Generating RTLIL representation for module `$paramod$7f36db939656e77cf50b518b8ceafb98c6486c4a\GTP_LUT6D'.
Parameter \INIT = 64'0000000000000000100000010000000010000001000000000000000000000000

3.614. Executing AST frontend in derive mode using pre-parsed AST for module `\GTP_LUT6D'.
Parameter \INIT = 64'0000000000000000100000010000000010000001000000000000000000000000
Generating RTLIL representation for module `$paramod$035a32ca2bf8d9f4fefd44d4491411ab99a7d638\GTP_LUT6D'.
Parameter \INIT = 64'0000000000000000010000100000000010000001000000000000000000000000

3.615. Executing AST frontend in derive mode using pre-parsed AST for module `\GTP_LUT6D'.
Parameter \INIT = 64'0000000000000000010000100000000010000001000000000000000000000000
Generating RTLIL representation for module `$paramod$c5d33333e0aa97c6620c4c3a5f1534d8a6859f8f\GTP_LUT6D'.
Parameter \INIT = 64'0000000000000000100000010000000001000010000000000000000000000000

3.616. Executing AST frontend in derive mode using pre-parsed AST for module `\GTP_LUT6D'.
Parameter \INIT = 64'0000000000000000100000010000000001000010000000000000000000000000
Generating RTLIL representation for module `$paramod$d5e27bbb3ed1593f65ab1a6df0589a3ff34450c1\GTP_LUT6D'.
Parameter \INIT = 64'0001100000000000000000000000000000100100000000000000000000000000

3.617. Executing AST frontend in derive mode using pre-parsed AST for module `\GTP_LUT6D'.
Parameter \INIT = 64'0001100000000000000000000000000000100100000000000000000000000000
Generating RTLIL representation for module `$paramod$c34dfab3c2f32618d93d23c5ae9a8d597a110f62\GTP_LUT6D'.
Parameter \INIT = 64'0010010000000000000000000000000000000000000000000010010000000000

3.618. Executing AST frontend in derive mode using pre-parsed AST for module `\GTP_LUT6D'.
Parameter \INIT = 64'0010010000000000000000000000000000000000000000000010010000000000
Generating RTLIL representation for module `$paramod$c8d43438539a2e791cda345577356a9bdb5e4844\GTP_LUT6D'.
Parameter \INIT = 64'0001100000000000000000000000000000000000000000000010010000000000

3.619. Executing AST frontend in derive mode using pre-parsed AST for module `\GTP_LUT6D'.
Parameter \INIT = 64'0001100000000000000000000000000000000000000000000010010000000000
Generating RTLIL representation for module `$paramod$748a0635dd8dac5c478953003bfeb4917c414cf9\GTP_LUT6D'.
Parameter \INIT = 64'0000000000000000000110000000000010000001000000000000000000000000

3.620. Executing AST frontend in derive mode using pre-parsed AST for module `\GTP_LUT6D'.
Parameter \INIT = 64'0000000000000000000110000000000010000001000000000000000000000000
Generating RTLIL representation for module `$paramod$3b810c56aff8be4e45400958f9bdb7f2b6d83549\GTP_LUT6D'.
Parameter \INIT = 64'1000000100000000000000000000000000100100000000000000000000000000

3.621. Executing AST frontend in derive mode using pre-parsed AST for module `\GTP_LUT6D'.
Parameter \INIT = 64'1000000100000000000000000000000000100100000000000000000000000000
Generating RTLIL representation for module `$paramod$71e0823e6b658cff8244b7af678ec7f1eed498fe\GTP_LUT6D'.
Parameter \INIT = 64'0000000000000000100000010000000010000001000000000000000000000000
Found cached RTLIL representation for module `$paramod$035a32ca2bf8d9f4fefd44d4491411ab99a7d638\GTP_LUT6D'.
Parameter \INIT = 64'0000000000000000010000100000000001000010000000000000000000000000

3.622. Executing AST frontend in derive mode using pre-parsed AST for module `\GTP_LUT6D'.
Parameter \INIT = 64'0000000000000000010000100000000001000010000000000000000000000000
Generating RTLIL representation for module `$paramod$5e6151bf8f62efe7536976f72e5d8c1468171060\GTP_LUT6D'.
Parameter \INIT = 64'0000000000000000001001000000000000011000000000000000000000000000
Found cached RTLIL representation for module `$paramod$a74b56fbd09adbe68260a9c3604b2718ba40267b\GTP_LUT6D'.
Parameter \INIT = 64'0000000000000000010000100000000000000000000000000010010000000000

3.623. Executing AST frontend in derive mode using pre-parsed AST for module `\GTP_LUT6D'.
Parameter \INIT = 64'0000000000000000010000100000000000000000000000000010010000000000
Generating RTLIL representation for module `$paramod$e9cbdff4e82c83c590e3b52df6eabbe11454829b\GTP_LUT6D'.
Parameter \INIT = 64'0000000000000000001001000000000001000010000000000000000000000000

3.624. Executing AST frontend in derive mode using pre-parsed AST for module `\GTP_LUT6D'.
Parameter \INIT = 64'0000000000000000001001000000000001000010000000000000000000000000
Generating RTLIL representation for module `$paramod$c911b412edbbaf7bee0c4d9b508b98e12ee5dc60\GTP_LUT6D'.
Parameter \INIT = 64'0001100000000000000000000000000000000000000000000001100000000000
Found cached RTLIL representation for module `$paramod$3935c2a93c33adc9efef7e9c0061abf8aaba0833\GTP_LUT6D'.
Parameter \INIT = 64'0001100000000000000000000000000000100100000000000000000000000000
Found cached RTLIL representation for module `$paramod$c34dfab3c2f32618d93d23c5ae9a8d597a110f62\GTP_LUT6D'.
Parameter \INIT = 64'0100001000000000000000000000000000000000000000000100001000000000

3.625. Executing AST frontend in derive mode using pre-parsed AST for module `\GTP_LUT6D'.
Parameter \INIT = 64'0100001000000000000000000000000000000000000000000100001000000000
Generating RTLIL representation for module `$paramod$eb3f3bb9879aa6e82fd19d22b364a12c9652082c\GTP_LUT6D'.
Parameter \INIT = 64'1000000100000000000000000000000000100100000000000000000000000000
Found cached RTLIL representation for module `$paramod$71e0823e6b658cff8244b7af678ec7f1eed498fe\GTP_LUT6D'.
Parameter \INIT = 64'0000000000000000010000100000000000000000000000000010010000000000
Found cached RTLIL representation for module `$paramod$e9cbdff4e82c83c590e3b52df6eabbe11454829b\GTP_LUT6D'.
Parameter \INIT = 64'1000000100000000000000000000000001000010000000000000000000000000

3.626. Executing AST frontend in derive mode using pre-parsed AST for module `\GTP_LUT6D'.
Parameter \INIT = 64'1000000100000000000000000000000001000010000000000000000000000000
Generating RTLIL representation for module `$paramod$1337f2478a11272d14aafd49344dc7332ef553f0\GTP_LUT6D'.
Parameter \INIT = 64'0000000000000000100000010000000010000001000000000000000000000000
Found cached RTLIL representation for module `$paramod$035a32ca2bf8d9f4fefd44d4491411ab99a7d638\GTP_LUT6D'.
Parameter \INIT = 64'0000000001000010000000000000000000000000100000010000000000000000

3.627. Executing AST frontend in derive mode using pre-parsed AST for module `\GTP_LUT6D'.
Parameter \INIT = 64'0000000001000010000000000000000000000000100000010000000000000000
Generating RTLIL representation for module `$paramod$df9d61511b1a2d4b4eb33ea70a7a6c79a63df8c0\GTP_LUT6D'.
Parameter \INIT = 64'0000000000000000000110000000000000000000000000001000000100000000
Found cached RTLIL representation for module `$paramod$4f78b3b7cd5b543ab8c134b41c71c449300afab6\GTP_LUT6D'.
Parameter \INIT = 64'0000000000000000000110000000000000000000000000001000000100000000
Found cached RTLIL representation for module `$paramod$4f78b3b7cd5b543ab8c134b41c71c449300afab6\GTP_LUT6D'.
Parameter \INIT = 64'0010010000000000000000000000000000000000000000000010010000000000
Found cached RTLIL representation for module `$paramod$c8d43438539a2e791cda345577356a9bdb5e4844\GTP_LUT6D'.
Parameter \INIT = 64'0000000000000000001001000000000001000010000000000000000000000000
Found cached RTLIL representation for module `$paramod$c911b412edbbaf7bee0c4d9b508b98e12ee5dc60\GTP_LUT6D'.
Parameter \INIT = 64'0010010000000000000000000000000000000000001001000000000000000000

3.628. Executing AST frontend in derive mode using pre-parsed AST for module `\GTP_LUT6D'.
Parameter \INIT = 64'0010010000000000000000000000000000000000001001000000000000000000
Generating RTLIL representation for module `$paramod$d3df45c4d601edf3a5e60e51911a94837e3588b4\GTP_LUT6D'.
Parameter \INIT = 64'0000000000000000001001000000000000100100000000000000000000000000
Found cached RTLIL representation for module `$paramod$13e9608e46f2b6eccab0c62899183bddb83cac84\GTP_LUT6D'.
Parameter \INIT = 64'1000000100000000000000000000000000000000000000000001100000000000
Found cached RTLIL representation for module `$paramod$8d17d4835318073197855e7490a402d852f3d207\GTP_LUT6D'.
Parameter \INIT = 64'0000000000000000100000010000000000100100000000000000000000000000

3.629. Executing AST frontend in derive mode using pre-parsed AST for module `\GTP_LUT6D'.
Parameter \INIT = 64'0000000000000000100000010000000000100100000000000000000000000000
Generating RTLIL representation for module `$paramod$353462357b8e43f68672054d5279988256149e16\GTP_LUT6D'.
Parameter \INIT = 64'1000000100000000000000000000000000000000000000000100001000000000

3.630. Executing AST frontend in derive mode using pre-parsed AST for module `\GTP_LUT6D'.
Parameter \INIT = 64'1000000100000000000000000000000000000000000000000100001000000000
Generating RTLIL representation for module `$paramod$e9ddcb82a2a209a4958646d0f6cedb7d864f230e\GTP_LUT6D'.
Parameter \INIT = 64'1000000100000000000000000000000000000000000000001000000100000000
Found cached RTLIL representation for module `$paramod$8b7e035186a3e3027a3da34d7d7ff1450f157b12\GTP_LUT6D'.
Parameter \INIT = 64'0001100000000000000000000000000000000000100000010000000000000000

3.631. Executing AST frontend in derive mode using pre-parsed AST for module `\GTP_LUT6D'.
Parameter \INIT = 64'0001100000000000000000000000000000000000100000010000000000000000
Generating RTLIL representation for module `$paramod$e6c3202069b951b44f7e3ece612343b35bbddef9\GTP_LUT6D'.
Parameter \INIT = 64'0001100000000000000000000000000000000000000000000001100000000000
Found cached RTLIL representation for module `$paramod$3935c2a93c33adc9efef7e9c0061abf8aaba0833\GTP_LUT6D'.
Parameter \INIT = 64'0000000000000000000000010000000100000000000000000000000000000001

3.632. Executing AST frontend in derive mode using pre-parsed AST for module `\GTP_LUT6D'.
Parameter \INIT = 64'0000000000000000000000010000000100000000000000000000000000000001
Generating RTLIL representation for module `$paramod$d4a50317406e9d52a110a4b0c28f82ce223b4f46\GTP_LUT6D'.
Parameter \INIT = 32'10001111111011111001111101100000

3.633. Executing AST frontend in derive mode using pre-parsed AST for module `\GTP_LUT5D'.
Parameter \INIT = 32'10001111111011111001111101100000
Generating RTLIL representation for module `$paramod\GTP_LUT5D\INIT=32'10001111111011111001111101100000'.
Parameter \INIT = 64'1111000000000000000000000000000010001000100010001000100010001000

3.634. Executing AST frontend in derive mode using pre-parsed AST for module `\GTP_LUT6D'.
Parameter \INIT = 64'1111000000000000000000000000000010001000100010001000100010001000
Generating RTLIL representation for module `$paramod$27fd6f63f9bb96cd4c080e47fd438397a1dec72e\GTP_LUT6D'.
Parameter \INIT = 64'0000000000000000001100110011001100000000000000100000000000000010

3.635. Executing AST frontend in derive mode using pre-parsed AST for module `\GTP_LUT6D'.
Parameter \INIT = 64'0000000000000000001100110011001100000000000000100000000000000010
Generating RTLIL representation for module `$paramod$f9b99df59eb038b9673dba6ff6b6ba10fd7265a5\GTP_LUT6D'.
Parameter \INIT = 1521118412

3.636. Executing AST frontend in derive mode using pre-parsed AST for module `\GTP_LUT5D'.
Parameter \INIT = 1521118412
Generating RTLIL representation for module `$paramod\GTP_LUT5D\INIT=32'01011010101010100110110011001100'.
Parameter \INIT = 64'0010101100001010001010110010101101101001010110100110100101101001

3.637. Executing AST frontend in derive mode using pre-parsed AST for module `\GTP_LUT6D'.
Parameter \INIT = 64'0010101100001010001010110010101101101001010110100110100101101001
Generating RTLIL representation for module `$paramod$8040011029de3a5e7ff3a2b5f3f5d8e676d9a206\GTP_LUT6D'.
Parameter \INIT = 32'10111110001010001100001111000011

3.638. Executing AST frontend in derive mode using pre-parsed AST for module `\GTP_LUT5D'.
Parameter \INIT = 32'10111110001010001100001111000011
Generating RTLIL representation for module `$paramod\GTP_LUT5D\INIT=32'10111110001010001100001111000011'.
Parameter \INIT = 723675494

3.639. Executing AST frontend in derive mode using pre-parsed AST for module `\GTP_LUT5D'.
Parameter \INIT = 723675494
Generating RTLIL representation for module `$paramod\GTP_LUT5D\INIT=32'00101011001000100110100101100110'.
Parameter \INIT = 16'1101010010010110

3.640. Executing AST frontend in derive mode using pre-parsed AST for module `\GTP_LUT4D'.
Parameter \INIT = 16'1101010010010110
Generating RTLIL representation for module `$paramod\GTP_LUT4D\INIT=16'1101010010010110'.
Parameter \INIT = 89487218

3.641. Executing AST frontend in derive mode using pre-parsed AST for module `\GTP_LUT5D'.
Parameter \INIT = 89487218
Generating RTLIL representation for module `$paramod\GTP_LUT5D\INIT=32'00000101010101010111011101110010'.
Parameter \INIT = 64'0001000100010001000100010001000111110000000011110000111111110000

3.642. Executing AST frontend in derive mode using pre-parsed AST for module `\GTP_LUT6D'.
Parameter \INIT = 64'0001000100010001000100010001000111110000000011110000111111110000
Generating RTLIL representation for module `$paramod$4940a3b74b134303a91ca8585e3fe1d958ddbe19\GTP_LUT6D'.
Parameter \INIT = 16'1011001010011001

3.643. Executing AST frontend in derive mode using pre-parsed AST for module `\GTP_LUT4D'.
Parameter \INIT = 16'1011001010011001
Generating RTLIL representation for module `$paramod\GTP_LUT4D\INIT=16'1011001010011001'.
Parameter \INIT = 64'1000010011101101010010001101111010010110011010010110100110010110

3.644. Executing AST frontend in derive mode using pre-parsed AST for module `\GTP_LUT6D'.
Parameter \INIT = 64'1000010011101101010010001101111010010110011010010110100110010110
Generating RTLIL representation for module `$paramod$e4acf14cfe04d1cf7901e4011b8a3fe6c183e47f\GTP_LUT6D'.
Parameter \INIT = 16'1101010010010110
Found cached RTLIL representation for module `$paramod\GTP_LUT4D\INIT=16'1101010010010110'.
Parameter \INIT = 32'11011110010010001001011001101001

3.645. Executing AST frontend in derive mode using pre-parsed AST for module `\GTP_LUT5D'.
Parameter \INIT = 32'11011110010010001001011001101001
Generating RTLIL representation for module `$paramod\GTP_LUT5D\INIT=32'11011110010010001001011001101001'.
Parameter \INIT = 64'0010100010111110100000101110101110010110100101100110100101101001

3.646. Executing AST frontend in derive mode using pre-parsed AST for module `\GTP_LUT6D'.
Parameter \INIT = 64'0010100010111110100000101110101110010110100101100110100101101001
Generating RTLIL representation for module `$paramod$358fc67897eab61e373881cac16865f0b6298079\GTP_LUT6D'.
Parameter \INIT = 64'1010001000001000001000101000100001011001101001101001100101100110

3.647. Executing AST frontend in derive mode using pre-parsed AST for module `\GTP_LUT6D'.
Parameter \INIT = 64'1010001000001000001000101000100001011001101001101001100101100110
Generating RTLIL representation for module `$paramod$94af045e6525b358398e9c793145859df1d78df2\GTP_LUT6D'.
Parameter \INIT = 64'0000000000001000000000000000100000000000000000000000000011111111

3.648. Executing AST frontend in derive mode using pre-parsed AST for module `\GTP_LUT6D'.
Parameter \INIT = 64'0000000000001000000000000000100000000000000000000000000011111111
Generating RTLIL representation for module `$paramod$8dbe290f62eaf6cea30392aadeb74c686684a1bc\GTP_LUT6D'.
Parameter \INIT = 64'0000000000001000000000000000100000000000000000000000000011111111
Found cached RTLIL representation for module `$paramod$8dbe290f62eaf6cea30392aadeb74c686684a1bc\GTP_LUT6D'.
Parameter \INIT = 64'0000000000000000000000000000101000000000000000000011001100110011

3.649. Executing AST frontend in derive mode using pre-parsed AST for module `\GTP_LUT6D'.
Parameter \INIT = 64'0000000000000000000000000000101000000000000000000011001100110011
Generating RTLIL representation for module `$paramod$f4ecca0b3f3137ec4c6888b363247477bf563bdf\GTP_LUT6D'.
Parameter \INIT = 64'0011111100111111000000000011111110101010111111110010001000110011

3.650. Executing AST frontend in derive mode using pre-parsed AST for module `\GTP_LUT6D'.
Parameter \INIT = 64'0011111100111111000000000011111110101010111111110010001000110011
Generating RTLIL representation for module `$paramod$aff55447f6b84c66607023a075cd7cc6b361bc11\GTP_LUT6D'.
Parameter \INIT = 64'1010101000000000000000000000000011000000110000001100000011000000

3.651. Executing AST frontend in derive mode using pre-parsed AST for module `\GTP_LUT6D'.
Parameter \INIT = 64'1010101000000000000000000000000011000000110000001100000011000000
Generating RTLIL representation for module `$paramod$f8a726c1d6c7558c89793e3b3b1f9651bbac057f\GTP_LUT6D'.
Parameter \INIT = 64'0000000000000000001001000000000000000000000000000001100000000000

3.652. Executing AST frontend in derive mode using pre-parsed AST for module `\GTP_LUT6D'.
Parameter \INIT = 64'0000000000000000001001000000000000000000000000000001100000000000
Generating RTLIL representation for module `$paramod$7e5cf34c68dfdebaec2cba497693e79f5e1fc716\GTP_LUT6D'.
Parameter \INIT = 64'0010010000000000000000000000000000011000000000000000000000000000

3.653. Executing AST frontend in derive mode using pre-parsed AST for module `\GTP_LUT6D'.
Parameter \INIT = 64'0010010000000000000000000000000000011000000000000000000000000000
Generating RTLIL representation for module `$paramod$13a8f65be051a066330c04d2f8490ce547df39a8\GTP_LUT6D'.
Parameter \INIT = 64'0000000000000000000000000000111110001000100010001000100010001000
Found cached RTLIL representation for module `$paramod$597daf74c79db71ea5fb24ac28d1cfa8991db059\GTP_LUT6D'.
Parameter \INIT = 64'0000000000000000000010000000100000000000000011110000000000001111

3.654. Executing AST frontend in derive mode using pre-parsed AST for module `\GTP_LUT6D'.
Parameter \INIT = 64'0000000000000000000010000000100000000000000011110000000000001111
Generating RTLIL representation for module `$paramod$0bf6e0c8f341cb7962ae2ad51da7edd3ed41e5a3\GTP_LUT6D'.
Parameter \INIT = 64'0000000000000000000000100000001000000000000000000000000011111111

3.655. Executing AST frontend in derive mode using pre-parsed AST for module `\GTP_LUT6D'.
Parameter \INIT = 64'0000000000000000000000100000001000000000000000000000000011111111
Generating RTLIL representation for module `$paramod$9b5188f1fb63fd684f8717a9d65fd9f7dcf67fdc\GTP_LUT6D'.
Parameter \INIT = 64'0000000000000000101110111011101111110000000011111111000000001111

3.656. Executing AST frontend in derive mode using pre-parsed AST for module `\GTP_LUT6D'.
Parameter \INIT = 64'0000000000000000101110111011101111110000000011111111000000001111
Generating RTLIL representation for module `$paramod$d1b16b1e37f44c7a8103c37c41468c60f3c659b9\GTP_LUT6D'.
Parameter \INIT = 64'0000000000000000000000000000111110001000100010001000100010001000
Found cached RTLIL representation for module `$paramod$597daf74c79db71ea5fb24ac28d1cfa8991db059\GTP_LUT6D'.
Parameter \INIT = 286326799

3.657. Executing AST frontend in derive mode using pre-parsed AST for module `\GTP_LUT5D'.
Parameter \INIT = 286326799
Generating RTLIL representation for module `$paramod\GTP_LUT5D\INIT=32'00010001000100010000000000001111'.
Parameter \INIT = 32'10011001100110010000000011110000

3.658. Executing AST frontend in derive mode using pre-parsed AST for module `\GTP_LUT5D'.
Parameter \INIT = 32'10011001100110010000000011110000
Generating RTLIL representation for module `$paramod\GTP_LUT5D\INIT=32'10011001100110010000000011110000'.
Parameter \INIT = 64'1111111100000000000000000000000000000010000000100000001000000010

3.659. Executing AST frontend in derive mode using pre-parsed AST for module `\GTP_LUT6D'.
Parameter \INIT = 64'1111111100000000000000000000000000000010000000100000001000000010
Generating RTLIL representation for module `$paramod$0868f2096dfd523986dd6dc7e88cc72865cf14d7\GTP_LUT6D'.
Parameter \INIT = 64'0011011010010011101010101010101010100101010110101010101010101010

3.660. Executing AST frontend in derive mode using pre-parsed AST for module `\GTP_LUT6D'.
Parameter \INIT = 64'0011011010010011101010101010101010100101010110101010101010101010
Generating RTLIL representation for module `$paramod$60f275acb8c843c85f8442c7c4b3bf7dc6e62c10\GTP_LUT6D'.
Parameter \INIT = 64'0000000000000000000000001111111100000000000000100000000000000010

3.661. Executing AST frontend in derive mode using pre-parsed AST for module `\GTP_LUT6D'.
Parameter \INIT = 64'0000000000000000000000001111111100000000000000100000000000000010
Generating RTLIL representation for module `$paramod$2ca9cb3e00dacd82908b4b99ae6fc0762ec452a0\GTP_LUT6D'.
Parameter \INIT = 64'0000000000001100000000000000110000000000000000000000000001010101

3.662. Executing AST frontend in derive mode using pre-parsed AST for module `\GTP_LUT6D'.
Parameter \INIT = 64'0000000000001100000000000000110000000000000000000000000001010101
Generating RTLIL representation for module `$paramod$3bb73babd5ad3f8f7744de694e089963f368714d\GTP_LUT6D'.
Parameter \INIT = 673714145

3.663. Executing AST frontend in derive mode using pre-parsed AST for module `\GTP_LUT5D'.
Parameter \INIT = 673714145
Generating RTLIL representation for module `$paramod\GTP_LUT5D\INIT=32'00101000001010000000111111100001'.
Parameter \INIT = 983074

3.664. Executing AST frontend in derive mode using pre-parsed AST for module `\GTP_LUT5D'.
Parameter \INIT = 983074
Generating RTLIL representation for module `$paramod\GTP_LUT5D\INIT=32'00000000000011110000000000100010'.
Parameter \INIT = 64'0000000000000000111111110000000010000000100000001000000010000000

3.665. Executing AST frontend in derive mode using pre-parsed AST for module `\GTP_LUT6D'.
Parameter \INIT = 64'0000000000000000111111110000000010000000100000001000000010000000
Generating RTLIL representation for module `$paramod$ecbaf444578fc51993aed171e3f6d61340556124\GTP_LUT6D'.
Parameter \INIT = 32'11110000000000001000100010001000

3.666. Executing AST frontend in derive mode using pre-parsed AST for module `\GTP_LUT5D'.
Parameter \INIT = 32'11110000000000001000100010001000
Generating RTLIL representation for module `$paramod\GTP_LUT5D\INIT=32'11110000000000001000100010001000'.
Parameter \INIT = 32'11000000110000001000000000000000

3.667. Executing AST frontend in derive mode using pre-parsed AST for module `\GTP_LUT5D'.
Parameter \INIT = 32'11000000110000001000000000000000
Generating RTLIL representation for module `$paramod\GTP_LUT5D\INIT=32'11000000110000001000000000000000'.
Parameter \INIT = 64'0110011001100110011001100110011011110000000000001111111111110000

3.668. Executing AST frontend in derive mode using pre-parsed AST for module `\GTP_LUT6D'.
Parameter \INIT = 64'0110011001100110011001100110011011110000000000001111111111110000
Generating RTLIL representation for module `$paramod$c4ccd854db31f5cbe8e9bed9ade210a6e5518838\GTP_LUT6D'.
Parameter \INIT = 32'10110010001010111001100110011001

3.669. Executing AST frontend in derive mode using pre-parsed AST for module `\GTP_LUT5D'.
Parameter \INIT = 32'10110010001010111001100110011001
Generating RTLIL representation for module `$paramod\GTP_LUT5D\INIT=32'10110010001010111001100110011001'.
Parameter \INIT = 64'1111000000000000000000000000000010000000000000000000000000000000

3.670. Executing AST frontend in derive mode using pre-parsed AST for module `\GTP_LUT6D'.
Parameter \INIT = 64'1111000000000000000000000000000010000000000000000000000000000000
Generating RTLIL representation for module `$paramod$36170dc405027d1bc2851f21048400928ab5ec67\GTP_LUT6D'.
Parameter \INIT = 32'10010110011010010001001001111011

3.671. Executing AST frontend in derive mode using pre-parsed AST for module `\GTP_LUT5D'.
Parameter \INIT = 32'10010110011010010001001001111011
Generating RTLIL representation for module `$paramod\GTP_LUT5D\INIT=32'10010110011010010001001001111011'.
Parameter \INIT = 16'0010001010011001
Found cached RTLIL representation for module `$paramod\GTP_LUT4D\INIT=16'0010001010011001'.
Parameter \INIT = 64'0011110000111100001100110011110001101001011010010110011001101001

3.672. Executing AST frontend in derive mode using pre-parsed AST for module `\GTP_LUT6D'.
Parameter \INIT = 64'0011110000111100001100110011110001101001011010010110011001101001
Generating RTLIL representation for module `$paramod$6f850ba08798adc45263509eaf2c6a5b40a259ce\GTP_LUT6D'.
Parameter \INIT = 16'1011001010011001
Found cached RTLIL representation for module `$paramod\GTP_LUT4D\INIT=16'1011001010011001'.
Parameter \INIT = 16'1001011010110010

3.673. Executing AST frontend in derive mode using pre-parsed AST for module `\GTP_LUT4D'.
Parameter \INIT = 16'1001011010110010
Generating RTLIL representation for module `$paramod\GTP_LUT4D\INIT=16'1001011010110010'.
Parameter \INIT = 16'1010010110010110

3.674. Executing AST frontend in derive mode using pre-parsed AST for module `\GTP_LUT4D'.
Parameter \INIT = 16'1010010110010110
Generating RTLIL representation for module `$paramod\GTP_LUT4D\INIT=16'1010010110010110'.
Parameter \INIT = 16'1001011011000011

3.675. Executing AST frontend in derive mode using pre-parsed AST for module `\GTP_LUT4D'.
Parameter \INIT = 16'1001011011000011
Generating RTLIL representation for module `$paramod\GTP_LUT4D\INIT=16'1001011011000011'.
Parameter \INIT = 554866281

3.676. Executing AST frontend in derive mode using pre-parsed AST for module `\GTP_LUT5D'.
Parameter \INIT = 554866281
Generating RTLIL representation for module `$paramod\GTP_LUT5D\INIT=32'00100001000100101001011001101001'.
Parameter \INIT = 32'10010110011010011100001100111100

3.677. Executing AST frontend in derive mode using pre-parsed AST for module `\GTP_LUT5D'.
Parameter \INIT = 32'10010110011010011100001100111100
Generating RTLIL representation for module `$paramod\GTP_LUT5D\INIT=32'10010110011010011100001100111100'.
Parameter \INIT = 16'1001011011010100

3.678. Executing AST frontend in derive mode using pre-parsed AST for module `\GTP_LUT4D'.
Parameter \INIT = 16'1001011011010100
Generating RTLIL representation for module `$paramod\GTP_LUT4D\INIT=16'1001011011010100'.
Parameter \INIT = 16'0010000110010110

3.679. Executing AST frontend in derive mode using pre-parsed AST for module `\GTP_LUT4D'.
Parameter \INIT = 16'0010000110010110
Generating RTLIL representation for module `$paramod\GTP_LUT4D\INIT=16'0010000110010110'.
Parameter \INIT = 64'1110101110000010100000101110101101101001011010010110100101101001

3.680. Executing AST frontend in derive mode using pre-parsed AST for module `\GTP_LUT6D'.
Parameter \INIT = 64'1110101110000010100000101110101101101001011010010110100101101001
Generating RTLIL representation for module `$paramod$db4c8c9d6c9c7ea04e4736c74e691ec3c79521e7\GTP_LUT6D'.
Parameter \INIT = 64'0111000111010100101100101110100001101001100101101001011001101001

3.681. Executing AST frontend in derive mode using pre-parsed AST for module `\GTP_LUT6D'.
Parameter \INIT = 64'0111000111010100101100101110100001101001100101101001011001101001
Generating RTLIL representation for module `$paramod$e2264bb769c178c3a81dfebcc6fb105dc9012e6a\GTP_LUT6D'.
Parameter \INIT = 1500160640

3.682. Executing AST frontend in derive mode using pre-parsed AST for module `\GTP_LUT5D'.
Parameter \INIT = 1500160640
Generating RTLIL representation for module `$paramod\GTP_LUT5D\INIT=32'01011001011010101010001010000000'.
Parameter \INIT = 64'0110010101100101011001011010011011000011110000111100001111000011

3.683. Executing AST frontend in derive mode using pre-parsed AST for module `\GTP_LUT6D'.
Parameter \INIT = 64'0110010101100101011001011010011011000011110000111100001111000011
Generating RTLIL representation for module `$paramod$4b94f0516362c2d9cdc7341fa86e0c55801e05f0\GTP_LUT6D'.
Parameter \INIT = 64'1000100010001000000000000000000011110000000000000000000000000000

3.684. Executing AST frontend in derive mode using pre-parsed AST for module `\GTP_LUT6D'.
Parameter \INIT = 64'1000100010001000000000000000000011110000000000000000000000000000
Generating RTLIL representation for module `$paramod$40e4b3212a4eaf979749fd36834bde5437e657c4\GTP_LUT6D'.
Parameter \INIT = 64'0110010101100101011001011010011011000011110000111100001111000011
Found cached RTLIL representation for module `$paramod$4b94f0516362c2d9cdc7341fa86e0c55801e05f0\GTP_LUT6D'.
Parameter \INIT = 64'1100000000000000000000000000000010101010101010100000000000000000

3.685. Executing AST frontend in derive mode using pre-parsed AST for module `\GTP_LUT6D'.
Parameter \INIT = 64'1100000000000000000000000000000010101010101010100000000000000000
Generating RTLIL representation for module `$paramod$a0638cc5b8726831f44eaeacd98d9b55adcce07c\GTP_LUT6D'.
Parameter \INIT = 64'1100110000000000000000000000000010100000101000001010000010100000

3.686. Executing AST frontend in derive mode using pre-parsed AST for module `\GTP_LUT6D'.
Parameter \INIT = 64'1100110000000000000000000000000010100000101000001010000010100000
Generating RTLIL representation for module `$paramod$80c03b42649213f138cb634205e50e28450e4120\GTP_LUT6D'.
Parameter \INIT = 64'1100110000110011110011000011001101010101000101010001010100000101

3.687. Executing AST frontend in derive mode using pre-parsed AST for module `\GTP_LUT6D'.
Parameter \INIT = 64'1100110000110011110011000011001101010101000101010001010100000101
Generating RTLIL representation for module `$paramod$c0d1065e78e1346c0ab4ee74ceb5f7b3d29e474a\GTP_LUT6D'.
Parameter \INIT = 64'1111000000001111111100000000111111011101010011010100110101000100

3.688. Executing AST frontend in derive mode using pre-parsed AST for module `\GTP_LUT6D'.
Parameter \INIT = 64'1111000000001111111100000000111111011101010011010100110101000100
Generating RTLIL representation for module `$paramod$663d0dba9367529a6488b76ce731570352731351\GTP_LUT6D'.
Parameter \INIT = 64'1111000000001111000011111111000010010110100110010110011010010110

3.689. Executing AST frontend in derive mode using pre-parsed AST for module `\GTP_LUT6D'.
Parameter \INIT = 64'1111000000001111000011111111000010010110100110010110011010010110
Generating RTLIL representation for module `$paramod$68e36ed8863c92a90032264e505e3558c82dd0b7\GTP_LUT6D'.
Parameter \INIT = 859596393

3.690. Executing AST frontend in derive mode using pre-parsed AST for module `\GTP_LUT5D'.
Parameter \INIT = 859596393
Generating RTLIL representation for module `$paramod\GTP_LUT5D\INIT=32'00110011001111000110011001101001'.
Parameter \INIT = 16'1001011001000001

3.691. Executing AST frontend in derive mode using pre-parsed AST for module `\GTP_LUT4D'.
Parameter \INIT = 16'1001011001000001
Generating RTLIL representation for module `$paramod\GTP_LUT4D\INIT=16'1001011001000001'.
Parameter \INIT = 286549609

3.692. Executing AST frontend in derive mode using pre-parsed AST for module `\GTP_LUT5D'.
Parameter \INIT = 286549609
Generating RTLIL representation for module `$paramod\GTP_LUT5D\INIT=32'00010001000101000110011001101001'.
Parameter \INIT = 16'0000010001011001

3.693. Executing AST frontend in derive mode using pre-parsed AST for module `\GTP_LUT4D'.
Parameter \INIT = 16'0000010001011001
Generating RTLIL representation for module `$paramod\GTP_LUT4D\INIT=16'0000010001011001'.
Parameter \INIT = 1453938262

3.694. Executing AST frontend in derive mode using pre-parsed AST for module `\GTP_LUT5D'.
Parameter \INIT = 1453938262
Generating RTLIL representation for module `$paramod\GTP_LUT5D\INIT=32'01010110101010010101011001010110'.
Parameter \INIT = 64'0110100101101001011001100110100100111100001111000011001100111100

3.695. Executing AST frontend in derive mode using pre-parsed AST for module `\GTP_LUT6D'.
Parameter \INIT = 64'0110100101101001011001100110100100111100001111000011001100111100
Generating RTLIL representation for module `$paramod$acb62fed11ccab547a800d8a04aff18e8719a445\GTP_LUT6D'.
Parameter \INIT = 64'0010101100100010001010110010101101101001011001100110100101101001

3.696. Executing AST frontend in derive mode using pre-parsed AST for module `\GTP_LUT6D'.
Parameter \INIT = 64'0010101100100010001010110010101101101001011001100110100101101001
Generating RTLIL representation for module `$paramod$7393ed2b09f69b0645196452c1c6f2e6ab82ad30\GTP_LUT6D'.
Parameter \INIT = 64'1010101010101010000000000000000011001111000011001100111100001100

3.697. Executing AST frontend in derive mode using pre-parsed AST for module `\GTP_LUT6D'.
Parameter \INIT = 64'1010101010101010000000000000000011001111000011001100111100001100
Generating RTLIL representation for module `$paramod$3960a9baeb8c0687091c1985541763e74c0b2083\GTP_LUT6D'.
Parameter \INIT = 16'1001011001001000

3.698. Executing AST frontend in derive mode using pre-parsed AST for module `\GTP_LUT4D'.
Parameter \INIT = 16'1001011001001000
Generating RTLIL representation for module `$paramod\GTP_LUT4D\INIT=16'1001011001001000'.
Parameter \INIT = 64'1011101100101011001010110010001010011001011010010110100101100110

3.699. Executing AST frontend in derive mode using pre-parsed AST for module `\GTP_LUT6D'.
Parameter \INIT = 64'1011101100101011001010110010001010011001011010010110100101100110
Generating RTLIL representation for module `$paramod$16db2107d645ca722e86e2a2ae8922798eba9f0d\GTP_LUT6D'.
Parameter \INIT = 64'0100110100001100010011010100110101101001001111000110100101101001

3.700. Executing AST frontend in derive mode using pre-parsed AST for module `\GTP_LUT6D'.
Parameter \INIT = 64'0100110100001100010011010100110101101001001111000110100101101001
Generating RTLIL representation for module `$paramod$96f43a787c1335e5c11376e0c04f57a7046667b5\GTP_LUT6D'.
Parameter \INIT = 32'11000011110000110101010101100110

3.701. Executing AST frontend in derive mode using pre-parsed AST for module `\GTP_LUT5D'.
Parameter \INIT = 32'11000011110000110101010101100110
Generating RTLIL representation for module `$paramod\GTP_LUT5D\INIT=32'11000011110000110101010101100110'.
Parameter \INIT = 64'1010011001100101101001100110010110000010001001000000000000000000

3.702. Executing AST frontend in derive mode using pre-parsed AST for module `\GTP_LUT6D'.
Parameter \INIT = 64'1010011001100101101001100110010110000010001001000000000000000000
Generating RTLIL representation for module `$paramod$96c3ff2af8756ecece6b49c9a2c2e2bb536deebd\GTP_LUT6D'.
Parameter \INIT = 64'1111000000111100001111000000111110000000001000000010000000001000

3.703. Executing AST frontend in derive mode using pre-parsed AST for module `\GTP_LUT6D'.
Parameter \INIT = 64'1111000000111100001111000000111110000000001000000010000000001000
Generating RTLIL representation for module `$paramod$96e4d3eaff7878b34fc057f70cefe52dca6c0e01\GTP_LUT6D'.
Parameter \INIT = 64'0000001000000101000011010000010100001001000001010000100100000101

3.704. Executing AST frontend in derive mode using pre-parsed AST for module `\GTP_LUT6D'.
Parameter \INIT = 64'0000001000000101000011010000010100001001000001010000100100000101
Generating RTLIL representation for module `$paramod$7b3b9838a7e08f224aedbc575c24b539d6918093\GTP_LUT6D'.
Parameter \INIT = 64'0001000100010010000100010001000100000000000001010000000000000000

3.705. Executing AST frontend in derive mode using pre-parsed AST for module `\GTP_LUT6D'.
Parameter \INIT = 64'0001000100010010000100010001000100000000000001010000000000000000
Generating RTLIL representation for module `$paramod$ef8e039cafdf0043337b49e730795e397e7aa121\GTP_LUT6D'.
Parameter \INIT = 64'0101011001100101011001010110010111001100110000111100001111000011

3.706. Executing AST frontend in derive mode using pre-parsed AST for module `\GTP_LUT6D'.
Parameter \INIT = 64'0101011001100101011001010110010111001100110000111100001111000011
Generating RTLIL representation for module `$paramod$b7e4cf899a2a68e151ab0428102edfc5b669837e\GTP_LUT6D'.
Parameter \INIT = 1771638768

3.707. Executing AST frontend in derive mode using pre-parsed AST for module `\GTP_LUT5D'.
Parameter \INIT = 1771638768
Generating RTLIL representation for module `$paramod\GTP_LUT5D\INIT=32'01101001100110010000111111110000'.
Parameter \INIT = 15659008

3.708. Executing AST frontend in derive mode using pre-parsed AST for module `\GTP_LUT5D'.
Parameter \INIT = 15659008
Generating RTLIL representation for module `$paramod\GTP_LUT5D\INIT=32'00000000111011101111000000000000'.
Parameter \INIT = 1788182592

3.709. Executing AST frontend in derive mode using pre-parsed AST for module `\GTP_LUT5D'.
Parameter \INIT = 1788182592
Generating RTLIL representation for module `$paramod\GTP_LUT5D\INIT=32'01101010100101011000000001000000'.
Parameter \INIT = 16'0110100110000100

3.710. Executing AST frontend in derive mode using pre-parsed AST for module `\GTP_LUT4D'.
Parameter \INIT = 16'0110100110000100
Generating RTLIL representation for module `$paramod\GTP_LUT4D\INIT=16'0110100110000100'.
Parameter \INIT = 64'0111100000011110000111101000011110000000001000000010000000001000

3.711. Executing AST frontend in derive mode using pre-parsed AST for module `\GTP_LUT6D'.
Parameter \INIT = 64'0111100000011110000111101000011110000000001000000010000000001000
Generating RTLIL representation for module `$paramod$24537aff8e09fc8136d6ccebea38e7c67469f4eb\GTP_LUT6D'.
Parameter \INIT = 1771671552

3.712. Executing AST frontend in derive mode using pre-parsed AST for module `\GTP_LUT5D'.
Parameter \INIT = 1771671552
Generating RTLIL representation for module `$paramod\GTP_LUT5D\INIT=32'01101001100110011001000000000000'.
Parameter \INIT = 64'0110001100111001110001100110001110000000000000100000100010000000

3.713. Executing AST frontend in derive mode using pre-parsed AST for module `\GTP_LUT6D'.
Parameter \INIT = 64'0110001100111001110001100110001110000000000000100000100010000000
Generating RTLIL representation for module `$paramod$0762fcb99f6a367f0ccef7fde05eaff044ccf441\GTP_LUT6D'.
Parameter \INIT = 64'0001100010000001100000100010100001100101010101100101100110010101

3.714. Executing AST frontend in derive mode using pre-parsed AST for module `\GTP_LUT6D'.
Parameter \INIT = 64'0001100010000001100000100010100001100101010101100101100110010101
Generating RTLIL representation for module `$paramod$7953a6647d1ea32e50f317f116e6b3f1e29b2a4e\GTP_LUT6D'.
Parameter \INIT = 64'0000111111100000000011111111000000000001000000010000000000000000

3.715. Executing AST frontend in derive mode using pre-parsed AST for module `\GTP_LUT6D'.
Parameter \INIT = 64'0000111111100000000011111111000000000001000000010000000000000000
Generating RTLIL representation for module `$paramod$6ca1a5fb5d03a9ae5366277f2f28e1b7bb28e0cc\GTP_LUT6D'.
Parameter \INIT = 64'0101010101010101111111111101111111110000000011111111000000001111

3.716. Executing AST frontend in derive mode using pre-parsed AST for module `\GTP_LUT6D'.
Parameter \INIT = 64'0101010101010101111111111101111111110000000011111111000000001111
Generating RTLIL representation for module `$paramod$3f0478ecb976d55c8e00bd5b4ae6bda3c1052c95\GTP_LUT6D'.
Parameter \INIT = 64'1010101010101010010101010110010111000011110000110011001111000011

3.717. Executing AST frontend in derive mode using pre-parsed AST for module `\GTP_LUT6D'.
Parameter \INIT = 64'1010101010101010010101010110010111000011110000110011001111000011
Generating RTLIL representation for module `$paramod$9bb2781f6de0e885505a0d0e6be8ff4363f9f6ce\GTP_LUT6D'.
Parameter \INIT = 16'1100100100100010

3.718. Executing AST frontend in derive mode using pre-parsed AST for module `\GTP_LUT4D'.
Parameter \INIT = 16'1100100100100010
Generating RTLIL representation for module `$paramod\GTP_LUT4D\INIT=16'1100100100100010'.
Parameter \INIT = 32'10100110101001011100110011000011

3.719. Executing AST frontend in derive mode using pre-parsed AST for module `\GTP_LUT5D'.
Parameter \INIT = 32'10100110101001011100110011000011
Generating RTLIL representation for module `$paramod\GTP_LUT5D\INIT=32'10100110101001011100110011000011'.
Parameter \INIT = 16'1100100100100010
Found cached RTLIL representation for module `$paramod\GTP_LUT4D\INIT=16'1100100100100010'.
Parameter \INIT = 1716925185

3.720. Executing AST frontend in derive mode using pre-parsed AST for module `\GTP_LUT5D'.
Parameter \INIT = 1716925185
Generating RTLIL representation for module `$paramod\GTP_LUT5D\INIT=32'01100110010101100011001100000001'.
Parameter \INIT = 64'0000111111110000101101000100101110101010101010101001100110011001

3.721. Executing AST frontend in derive mode using pre-parsed AST for module `\GTP_LUT6D'.
Parameter \INIT = 64'0000111111110000101101000100101110101010101010101001100110011001
Generating RTLIL representation for module `$paramod$2ea35650643077fc43ddbf640d273dc9ca798139\GTP_LUT6D'.
Parameter \INIT = 16'1100100100100010
Found cached RTLIL representation for module `$paramod\GTP_LUT4D\INIT=16'1100100100100010'.
Parameter \INIT = 1010188609

3.722. Executing AST frontend in derive mode using pre-parsed AST for module `\GTP_LUT5D'.
Parameter \INIT = 1010188609
Generating RTLIL representation for module `$paramod\GTP_LUT5D\INIT=32'00111100001101100100000101000001'.
Parameter \INIT = 32'11001100001110010000001000000010

3.723. Executing AST frontend in derive mode using pre-parsed AST for module `\GTP_LUT5D'.
Parameter \INIT = 32'11001100001110010000001000000010
Generating RTLIL representation for module `$paramod\GTP_LUT5D\INIT=32'11001100001110010000001000000010'.
Parameter \INIT = 64'1010101001010110101010100101010100000001000000010000000000000000

3.724. Executing AST frontend in derive mode using pre-parsed AST for module `\GTP_LUT6D'.
Parameter \INIT = 64'1010101001010110101010100101010100000001000000010000000000000000
Generating RTLIL representation for module `$paramod$b098c66f9c2eeee0147739dfabb7d3bf125ecb92\GTP_LUT6D'.
Parameter \INIT = 16'1100100100100010
Found cached RTLIL representation for module `$paramod\GTP_LUT4D\INIT=16'1100100100100010'.

3.725. Analyzing design hierarchy..
Top module:  \/Users/yoyowang/Desktop/benchmark/sin.aig
Used module:     $paramod\GTP_LUT4\INIT=16'0000000000000001
Used module:     $paramod\GTP_LUT4\INIT=16'1010100101010110
Used module:     $paramod$492504319aaaedd247a3255e8ac4e753d3714520\GTP_LUT6
Used module:     $paramod$20246d5e7b6bcf137d425da26da5fdd90dad3f52\GTP_LUT6
Used module:     $paramod\GTP_LUT5\INIT=32'00000000000000000000000000000001
Used module:     $paramod\GTP_LUT4\INIT=16'0000000000010000
Used module:     $paramod\GTP_LUT3\INIT=8'00000001
Used module:     $paramod$bdc761d4d59549115c844e97a239d1b6f300d8a2\GTP_LUT6
Used module:     $paramod\GTP_LUT5\INIT=32'10000000000000000000000000000000
Used module:     $paramod$a7200ea2a4d046116b1b5cbf3515cc6f3799da6b\GTP_LUT6
Used module:     $paramod$59a0039f35ecdbe38b8a0ce2f13aa40890a8a3be\GTP_LUT6
Used module:     $paramod$5000dfcc6b6076274589af648d56474541f5193e\GTP_LUT6
Used module:     $paramod$f9fc00fda397f32050489767c6cd6914bc8ad659\GTP_LUT6
Used module:     $paramod\GTP_LUT5\INIT=32'00000000000000000111111111111111
Used module:     $paramod\GTP_LUT5\INIT=32'00000000000000001000000000000000
Used module:     $paramod\GTP_LUT5\INIT=32'11000100010011000100110011000100
Used module:     $paramod$34d15386e834a6a380e9de8ef8c91b412c6727c2\GTP_LUT6
Used module:     $paramod$3f62f816985d426702751c0ed88eedee17fe81a3\GTP_LUT6
Used module:     $paramod\GTP_LUT5\INIT=32'00000000000000000000000000001000
Used module:     $paramod\GTP_LUT5\INIT=32'00000011001101011010110011000000
Used module:     $paramod\GTP_LUT5\INIT=32'00001110000101100110100001110000
Used module:     $paramod\GTP_LUT5\INIT=32'00110110000101000010100001101100
Used module:     $paramod\GTP_LUT5\INIT=32'00000110000101111110100001100000
Used module:     $paramod\GTP_LUT5\INIT=32'00110001001001100110010010001100
Used module:     $paramod\GTP_LUT5\INIT=32'00000001111001100110011110000000
Used module:     $paramod\GTP_LUT5\INIT=32'00001101000110100101100010110000
Used module:     $paramod\GTP_LUT5\INIT=32'00000011101011000011010111000000
Used module:     $paramod\GTP_LUT5\INIT=32'00011110001010000001010001111000
Used module:     $paramod\GTP_LUT5\INIT=32'00000110111010000001011101100000
Used module:     $paramod\GTP_LUT5\INIT=32'00000001101111000011110110000000
Used module:     $paramod\GTP_LUT5\INIT=32'00010100111010000001011100101000
Used module:     $paramod\GTP_LUT5\INIT=32'00000001000101011000001110111111
Used module:     $paramod\GTP_LUT5\INIT=32'00000001100100010000011111110111
Used module:     $paramod\GTP_LUT5\INIT=32'00000000110101110001011100010111
Used module:     $paramod\GTP_LUT3\INIT=8'00000111
Used module:     $paramod$3aef47ae8795028b41429476431c6e3533bc932d\GTP_LUT6
Used module:     $paramod$494f800a9d246b61868b6a6f05a5a99e3c9d8e3a\GTP_LUT6
Used module:     $paramod$4bb9959d48ad841ee09aec550ca5f770c903c2e6\GTP_LUT6
Used module:     $paramod$f3e8f7d4270400c3051d2b204c357574a1ad01ec\GTP_LUT6
Used module:     $paramod$582a64997518d67efc7933070309eadf9cee13fe\GTP_LUT6
Used module:     $paramod$e49ac9683bedfa772c8980ab3f150cf85803cb1d\GTP_LUT6
Used module:     $paramod\GTP_LUT5\INIT=32'00000101000000010101010100010001
Used module:     $paramod$6a5e6f257d0c57a5de700a6ae2cad718ae1657e8\GTP_LUT6
Used module:     $paramod$5d708229068c0ff045932b4978bcde768d7c825b\GTP_LUT6
Used module:     $paramod$1acccfae78878bf436c2475b8e9069cdea9f5758\GTP_LUT6
Used module:     $paramod$ccd814fe16a9482c56069d9c3cfa08c458aabfee\GTP_LUT6
Used module:     $paramod$15b020ac927ddb1879e5c2605abe35d430e43019\GTP_LUT6
Used module:     $paramod$5609fbf15dc1cb69e969c45c754e1d6e86fecac5\GTP_LUT6
Used module:     $paramod$93ea42f15927ee0419824ce4ab0ae39b9241ea9e\GTP_LUT6
Used module:     $paramod\GTP_LUT5\INIT=32'00000001000001010001000101010101
Used module:     $paramod\GTP_LUT3\INIT=8'00010111
Used module:     $paramod\GTP_LUT4\INIT=16'0000001000100010
Used module:     $paramod$6a348a4c549d96612817c163b86854936fe5bdfc\GTP_LUT6
Used module:     $paramod$cf0557585c3716697887a6be9a71ddda644eb00f\GTP_LUT6
Used module:     $paramod$6a4de790a6eee7de3c57a7621210b91c1b209419\GTP_LUT6
Used module:     $paramod\GTP_LUT5\INIT=32'11101000000101111110100011101000
Used module:     $paramod\GTP_LUT5\INIT=32'00000000000111011101110100011101
Used module:     $paramod\GTP_LUT4\INIT=16'1000000000000000
Used module:     $paramod\GTP_LUT5\INIT=32'00010011010111110101111100010011
Used module:     $paramod\GTP_LUT5\INIT=32'00000000000000000000000010000000
Used module:     $paramod\GTP_LUT5\INIT=32'00000101010100111100101010100000
Used module:     $paramod\GTP_LUT5\INIT=32'00001011000111000011100011010000
Used module:     $paramod\GTP_LUT5\INIT=32'00110010000101100110100001001100
Used module:     $paramod\GTP_LUT5\INIT=32'00011110010010000001001001111000
Used module:     $paramod\GTP_LUT5\INIT=32'00000001001111011011110010000000
Used module:     $paramod\GTP_LUT5\INIT=32'00110110001010000001010001101100
Used module:     $paramod\GTP_LUT4\INIT=16'0110100110010110
Used module:     $paramod\GTP_LUT5\INIT=32'00000000000000000110001101000001
Used module:     $paramod\GTP_LUT5\INIT=32'00000000000000000000000000000010
Used module:     $paramod\GTP_LUT5\INIT=32'00000001000100111100010101011111
Used module:     $paramod\GTP_LUT5\INIT=32'00000001100000110001010110111111
Used module:     $paramod\GTP_LUT3\INIT=8'10010110
Used module:     $paramod\GTP_LUT5\INIT=32'00000001000101011010001100111111
Used module:     $paramod\GTP_LUT5\INIT=32'00000010001000111100101010101111
Used module:     $paramod\GTP_LUT4\INIT=16'0000101101010001
Used module:     $paramod\GTP_LUT4\INIT=16'1001011000000000
Used module:     $paramod\GTP_LUT4\INIT=16'0101111100010011
Used module:     $paramod\GTP_LUT4\INIT=16'0011011000010100
Used module:     $paramod\GTP_LUT4\INIT=16'0000000100000000
Used module:     $paramod\GTP_LUT3\INIT=8'01101001
Used module:     $paramod$ec2cac0771fde7e21bfc8d37321f934609a3b2da\GTP_LUT6
Used module:     $paramod$3f91500e544081a7a667d71f624ad72824f2d095\GTP_LUT6
Used module:     $paramod$3880597822d839ad4d6a9f6e9bcb09b56a0f7d6d\GTP_LUT6
Used module:     $paramod$ba35259528df06e451ee2f6b891cd3eb6afed8d2\GTP_LUT6
Used module:     $paramod$ddd8a7210d2d272350ae7a5691065f23a683bbfd\GTP_LUT6
Used module:     $paramod$ae55d7b1e7ca2cb53a10fbb1e5f6cbc2e125e325\GTP_LUT6
Used module:     $paramod$d454f0fdb88a2de130175c20b236038c376549ba\GTP_LUT6
Used module:     $paramod$654b72bfab47098056abb3ad6eeba86df6cdaa98\GTP_LUT6
Used module:     $paramod$aa974b62d67e2c8dc753865f779572c474f71f38\GTP_LUT6
Used module:     $paramod$50e2181eca2d26f43545a718f74d59385b12e708\GTP_LUT6
Used module:     $paramod$468ea583c8d7d94df128dac91aa5e74b8ab68ac9\GTP_LUT6
Used module:     $paramod\GTP_LUT5\INIT=32'01101010101010011001010101010110
Used module:     $paramod$6c67b5cd8047f13eeddc04412321afc106357b79\GTP_LUT6
Used module:     $paramod$a74d991783063dd3a97bb788b57b6cb6572f9c5a\GTP_LUT6
Used module:     $paramod$c1937310ed9a655a81df1692d38e94ec2a6f8cd7\GTP_LUT6
Used module:     $paramod$ffda0105e6c5237344f6740fffddc8e74ae585d8\GTP_LUT6
Used module:     $paramod$e2305a18109662e98bc23d5f5187a68cbaef5c91\GTP_LUT6
Used module:     $paramod$7a65706fa368b168aa11ad53815cfa5fa11c7227\GTP_LUT6
Used module:     $paramod$c2610a3566f0ed660bf62575ca9f0f4a3a442118\GTP_LUT6
Used module:     $paramod\GTP_LUT5\INIT=32'00001011101100000000001000100000
Used module:     $paramod$0154bf3fd91ac70b51ca1f3fb3c7f92e08f360a3\GTP_LUT6
Used module:     $paramod$51c4ef27bae16d32b56514fb590edeef3528db16\GTP_LUT6
Used module:     $paramod$2721d47ffebc2f7e949d95c623e81a971694df19\GTP_LUT6
Used module:     $paramod$3d515f1d138ff9442b9a60226149011b407e9d21\GTP_LUT6
Used module:     $paramod$57a254d80c8f7face295b7d7fe3ec759d4b989d1\GTP_LUT6
Used module:     $paramod\GTP_LUT4\INIT=16'0101010101101010
Used module:     $paramod$0884b56864b2a3f7ae8c4fc0456a33e42c316f51\GTP_LUT6
Used module:     $paramod$97a4320655941dc4ecace86c4159d4d87c4cff16\GTP_LUT6
Used module:     $paramod$e0b171009fd08a7a363e74ba89ca371723c97f03\GTP_LUT6
Used module:     $paramod$b43a7e0ec80a203a2d0a6f330a15d15d148158df\GTP_LUT6
Used module:     $paramod$83191f8fabf4c430f400d6c6cac6eba6c6590677\GTP_LUT6
Used module:     $paramod$6ffaf6e310be540d876f6598fc957885771e1b77\GTP_LUT6
Used module:     $paramod$57f580f0481d484a19f53c0a4eed8d29d2aa55f3\GTP_LUT6
Used module:     $paramod\GTP_LUT5\INIT=32'00000000011010010110100100000000
Used module:     $paramod$41d1457b9d0c70bc5c643e593fb7022481a5595e\GTP_LUT6
Used module:     $paramod\GTP_LUT3\INIT=8'10000000
Used module:     $paramod\GTP_LUT5\INIT=32'00101010101000101010001000101010
Used module:     $paramod$2a8de75338d836580b80372ca0fbc6879c1aadb6\GTP_LUT6
Used module:     $paramod$e3fceaba1ca59c9d42081035a3042168e0a6b33f\GTP_LUT6
Used module:     $paramod\GTP_LUT3\INIT=8'00000110
Used module:     $paramod$f19629508eea40913004b6eb0209fd8199819bf7\GTP_LUT6
Used module:     $paramod\GTP_LUT5\INIT=32'00001101000011010001000111011101
Used module:     $paramod\GTP_LUT5\INIT=32'00010101001111110011111100010101
Used module:     $paramod\GTP_LUT5\INIT=32'00010011001100010101111111110101
Used module:     $paramod\GTP_LUT5\INIT=32'00000110000011110110011011111111
Used module:     $paramod\GTP_LUT5\INIT=32'00000110011001100000111111111111
Used module:     $paramod\GTP_LUT5\INIT=32'00000011000011110101011001011010
Used module:     $paramod\GTP_LUT4\INIT=16'0000000010000000
Used module:     $paramod\GTP_LUT4\INIT=16'0000000000001000
Used module:     $paramod\GTP_LUT4\INIT=16'0000000000000010
Used module:     $paramod\GTP_LUT4\INIT=16'0011111100010101
Used module:     $paramod$05771141b19a9d8d4f4a8b8efd5ee741f5cf3cf5\GTP_LUT6
Used module:     $paramod$8adebc750ed84073c4987b6c481306925b09161e\GTP_LUT6
Used module:     $paramod$05a00cbfa065f5ae79ef3ae4d2cb12f33b1cf874\GTP_LUT6
Used module:     $paramod\GTP_LUT5\INIT=32'10101010101010101000000010101000
Used module:     $paramod$2de82c17b30dc0cd94174cc4ef91f69a44629576\GTP_LUT6
Used module:     $paramod$049d3ca4cc721f314d14e9ccc5053201016f8ece\GTP_LUT6
Used module:     $paramod$281ff38162703ff73effa810d901a46b3679ab11\GTP_LUT6
Used module:     $paramod$a02b7d775201ad999b898c8114025838f469832c\GTP_LUT6
Used module:     $paramod\GTP_LUT5\INIT=32'01010101010101010100000100010100
Used module:     $paramod$7f3cd46912ead349d3a9fac2a54303e9b19970b4\GTP_LUT6
Used module:     $paramod$883fb4572a3bc4e2afd9242a8f2fb137947de019\GTP_LUT6
Used module:     $paramod$030dbc0a804788c25205e345a4e4fe7ebc844bb9\GTP_LUT6
Used module:     $paramod$d5aac5ae8eaf493eeb7a9aca3e163ac8a3e2f3f8\GTP_LUT6
Used module:     $paramod$79bc77f58871aae4e671adf3e01718a25f873b42\GTP_LUT6
Used module:     $paramod$66a664f34a2ecc7eb2983d5cd844377af2a34ad8\GTP_LUT6
Used module:     $paramod$8394e6074c3046fc0321372410999046506a4271\GTP_LUT6
Used module:     $paramod$b661e842effff1c1f4c1c9a25a884e54184db9f1\GTP_LUT6
Used module:     $paramod$7ae97efefe0ad4d6d1fa069ba2ba7191c10c00a0\GTP_LUT6
Used module:     $paramod$941278bab29cec001f9a864f1304865d8011b7aa\GTP_LUT6
Used module:     $paramod$bf2ca687a834c4eafa920698f41b178cc1e4594e\GTP_LUT6
Used module:     $paramod$d35c1e53f1e12618720d1ecbf4a0c05c4140493e\GTP_LUT6
Used module:     $paramod$ee056d8c40095bdbb87dd871972c5ece73de5582\GTP_LUT6
Used module:     $paramod$6ee3f279dccb699147fd7aebf1d49b5cfff53a40\GTP_LUT6
Used module:     $paramod\GTP_LUT5\INIT=32'11010101110101010010101011010101
Used module:     $paramod$bcadd7b40bf918cc7020ab79ea342a52565d1a7c\GTP_LUT6
Used module:     $paramod$9c60f886ba211da1de8393acb2a39d60dee02db0\GTP_LUT6
Used module:     $paramod$aef3c48a43f77dddbf3a8dbfd3dc1135a0ecbe65\GTP_LUT6
Used module:     $paramod$5efd2f170c563b0a816c7163513d5db7dc944f15\GTP_LUT6
Used module:     $paramod$fdfef22d4aef202f5ef80554578f2376b3b491f1\GTP_LUT6
Used module:     $paramod$46c7abedc68dace281cdbb3972edd7c0b4f540e9\GTP_LUT6
Used module:     $paramod$9d8fde011952c7301e9f11e99ab3c8987a82352c\GTP_LUT6
Used module:     $paramod$1106b90a3a39e2b008e7a226af2bd2653df33ac5\GTP_LUT6
Used module:     $paramod$4ecb3be821d3b40e7dcd2ac99774bb5bf8518a0a\GTP_LUT6
Used module:     $paramod\GTP_LUT4\INIT=16'0100111011011110
Used module:     $paramod$1a6c68c392922bfe756f640c8ce9e95e561d2cc8\GTP_LUT6
Used module:     $paramod\GTP_LUT5\INIT=32'11111001100100001111100111111001
Used module:     $paramod\GTP_LUT5\INIT=32'00000000100000000000000000000000
Used module:     $paramod\GTP_LUT5\INIT=32'01000000101010101010101010101010
Used module:     $paramod$84b5b630294ec426e51eb3ee26536af7f2d9f257\GTP_LUT6
Used module:     $paramod$d5843063c2a8f23e5b70fa1750afcfa29cf8b6e3\GTP_LUT6
Used module:     $paramod$bab8f8d79e4ec36920843357452ace54a9f00396\GTP_LUT6
Used module:     $paramod\GTP_LUT5\INIT=32'00000000000101010001010100010101
Used module:     $paramod$7ba9b5e712fc072183dc5830e786f49a8479c302\GTP_LUT6
Used module:     $paramod$735876b0920e64ced6cbc04dcda267f89afdc028\GTP_LUT6
Used module:     $paramod\GTP_LUT5\INIT=32'00010101010100010011111111110011
Used module:     $paramod\GTP_LUT3\INIT=8'01011001
Used module:     $paramod\GTP_LUT5\INIT=32'00001000000000000000000000000000
Used module:     $paramod\GTP_LUT4\INIT=16'0100110001011111
Used module:     $paramod\GTP_LUT4\INIT=16'0001010100111111
Used module:     $paramod\GTP_LUT4\INIT=16'0001001101011111
Used module:     $paramod\GTP_LUT3\INIT=8'10010000
Used module:     $paramod\GTP_LUT5\INIT=32'10001010000010001110111110101110
Used module:     $paramod\GTP_LUT5\INIT=32'01000101000001010100010101000101
Used module:     $paramod\GTP_LUT5\INIT=32'01010101010101100110011001100110
Used module:     $paramod$d8b37be1fea09c2fb852d621afe2190e48ee8393\GTP_LUT6
Used module:     $paramod$eec57cd2b331a49f53c93de488aa165e33b9cd47\GTP_LUT6
Used module:     $paramod$69df7776ccde050e9114bd26fb76c06448c1a01a\GTP_LUT6
Used module:     $paramod$02a6feb0dc4469a9f4277688f349c8f33417d3a3\GTP_LUT6
Used module:     $paramod$fbb6b9563eff822949654b2306c1622547b275db\GTP_LUT6
Used module:     $paramod$0e03d1854af144816169b5573456b855eafd7561\GTP_LUT6
Used module:     $paramod$d0cf1b51454b6bc949d5c25668023fe2b0717b6a\GTP_LUT6
Used module:     $paramod\GTP_LUT5\INIT=32'10001110100011101000100010001110
Used module:     $paramod$7f938c331c62fe261a68abac2cba8f884414795f\GTP_LUT6
Used module:     $paramod\GTP_LUT5\INIT=32'11111110111010101010100010000000
Used module:     $paramod$64a203ea49c7fa5d8280338f80a3cdc884831238\GTP_LUT6
Used module:     $paramod$8c3e1ac9ad8b2c0c4583456a947ba31f68cce36d\GTP_LUT6
Used module:     $paramod$c6d75ecf9659b37b96560968ffe01f36938094fe\GTP_LUT6
Used module:     $paramod$ff34b33b3443ebb43dc44bb5068ba982e4aa8bf3\GTP_LUT6
Used module:     $paramod$ea646375d97c3ef446cb6d3a34886e7a08a3a19c\GTP_LUT6
Used module:     $paramod$1b485defa9de05d73d444ee05daed7ad0c7bc16a\GTP_LUT6
Used module:     $paramod$3246ec3f5edf1b2bfeccdf50e01c1d973583439a\GTP_LUT6
Used module:     $paramod$24603cbe13e2f4b4bfd82fafb1d5ee773fe2b1b1\GTP_LUT6
Used module:     $paramod$35cac626ca71106bad861f12d4e32a2f98fb23d5\GTP_LUT6
Used module:     $paramod$98499b3959bb1061e27bb3ab1e269a14d91764d9\GTP_LUT6
Used module:     $paramod$f9b7299f6ca3e5ab70b5dfb4c0c18981c60f7861\GTP_LUT6
Used module:     $paramod$b17b9fc4eeccec80cf086961bbf7df31b3b11099\GTP_LUT6
Used module:     $paramod$96b44b64fd3795e394c8070a76bbf20ab795cfdf\GTP_LUT6
Used module:     $paramod$a0383f873e84caefe1338c32038f8436a80841bf\GTP_LUT6
Used module:     $paramod$3982f7faedddf968249a15a1942c2aeb83a92530\GTP_LUT6
Used module:     $paramod$028cc3032a54c473f517ff402686cedd1fea07d8\GTP_LUT6
Used module:     $paramod$cbe6d5c44370dde7a7cc34230f9c46961f98a254\GTP_LUT6
Used module:     $paramod\GTP_LUT5\INIT=32'00000010001000000010001000100010
Used module:     $paramod$84284631376f114e4ec7dc9abcae89378739e4ca\GTP_LUT6
Used module:     $paramod$11c52eaff059bbedde3cab20ab5bff4e4831b8c3\GTP_LUT6
Used module:     $paramod\GTP_LUT5\INIT=32'01010101010110010101100101011001
Used module:     $paramod$f6c419df22fe39541753b9b8f9bb17c79cac90ef\GTP_LUT6
Used module:     $paramod$91ac7459a313ce652770841a4d652c25f1181f36\GTP_LUT6
Used module:     $paramod$41c1dff2837dfead2e38e114c2d701c2039b2a4d\GTP_LUT6
Used module:     $paramod$df05d40030949e376341d9c6ad9252feea8f4aee\GTP_LUT6
Used module:     $paramod$967d4d09a4dfab4f4a1f861005907375a387a6df\GTP_LUT6
Used module:     $paramod$96f61037cb757b85af4442f094881f3ae9a5c529\GTP_LUT6
Used module:     $paramod$37065e52208c305688e33dc00062f9b4bd9631b1\GTP_LUT6
Used module:     $paramod$27d43fb595278d3ef43ace1aa05e9b0fbf14d7c7\GTP_LUT6
Used module:     $paramod\GTP_LUT4\INIT=16'0011100110011001
Used module:     $paramod\GTP_LUT5\INIT=32'00010000000100010101000001010101
Used module:     $paramod$c223f821ee68e0c076394c9fa6cd46204cb53d10\GTP_LUT6
Used module:     $paramod$7410285b90db322f4a867b87c983a8ae9480648f\GTP_LUT6
Used module:     $paramod\GTP_LUT4\INIT=16'1101010100101010
Used module:     $paramod\GTP_LUT5\INIT=32'00000000000000010000000100000001
Used module:     $paramod\GTP_LUT4\INIT=16'0110010110011010
Used module:     $paramod\GTP_LUT4\INIT=16'0010110110100101
Used module:     $paramod\GTP_LUT5\INIT=32'00000000111111111111111000000001
Used module:     $paramod$2575e7423f132250845889a230de6a8de3ea5a37\GTP_LUT6
Used module:     $paramod$94398b9d9f695e42c3fab57b2b9ebc18cad21343\GTP_LUT6
Used module:     $paramod$a96cfb8aa63230336e8b04668c49ff3a179737e0\GTP_LUT6
Used module:     $paramod$bfc4c308e31110aed365267812b7fa3c221d44d7\GTP_LUT6
Used module:     $paramod$63d01f1a1e42093f7e58c5953bf2ffae32d87976\GTP_LUT6
Used module:     $paramod$73d507c228778fe5984a1b4468ca7c436e7d4bad\GTP_LUT6
Used module:     $paramod$00282d4ba94f2dd06beb7bf4d4ddd77b8a1f83a7\GTP_LUT6
Used module:     $paramod$ab02dd1a77498fc3f4c362ecf2d09375bec842cc\GTP_LUT6
Used module:     $paramod$0c1bff3fadc77781e570879aae8af5d3373bfe0c\GTP_LUT6
Used module:     $paramod\GTP_LUT4\INIT=16'0110010101100110
Used module:     $paramod$a7a906ed5ff23dd606aa53c617bde43bd7b78798\GTP_LUT6
Used module:     $paramod$74054a69a6781eb5512d18b480a2b51582c190fb\GTP_LUT6
Used module:     $paramod\GTP_LUT5\INIT=32'01011001101001101001100101100110
Used module:     $paramod$ae14a3117ddd1d07e6670d28c60da4f97d80c2bd\GTP_LUT6
Used module:     $paramod$78ed729174005e4cda055af6cb97512daf967d44\GTP_LUT6
Used module:     $paramod$3baaa4fe1af22e505166e0abd1ead1640ac9df73\GTP_LUT6
Used module:     $paramod$8729638ba9748ed4e133555ca40aa1a4d79213e8\GTP_LUT6
Used module:     $paramod$4ea9881133b0b0367036115ab3f308aa906fb8a1\GTP_LUT6
Used module:     $paramod$8a5cb1c1cdbd86d8f71d1ffc26e07f1a9d0a15e3\GTP_LUT6
Used module:     $paramod$ea87aa70ee8e7ce739db474441a9ddf6bfe80de3\GTP_LUT6
Used module:     $paramod$34b794c01fe6963adc6e70cf27a5514289fc561f\GTP_LUT6
Used module:     $paramod$451edcc585f0591dfd36e65eb87d67486c3eaf75\GTP_LUT6
Used module:     $paramod$da9cffa1b0a4bc8c5f49557b0f68e66fc2b16b88\GTP_LUT6
Used module:     $paramod$a2c3fda4eb5dad064dcdbc3dfdd518970ebac5f0\GTP_LUT6
Used module:     $paramod$2c439bde1176f6ba389c053bdc436520dc3f53ef\GTP_LUT6
Used module:     $paramod$36699084b5e72bc429d2b6d1188ddf32aeb147f7\GTP_LUT6
Used module:     $paramod$50f8c7be95fef7bc04099bfb1b4813a59565aca0\GTP_LUT6
Used module:     $paramod\GTP_LUT5\INIT=32'11010010010110101101110101010101
Used module:     $paramod$cc4d010550c55b1c716248f8ca094bf32749d499\GTP_LUT6
Used module:     $paramod$bae379130e94cd88fe7075cfa429bff06db1647e\GTP_LUT6
Used module:     $paramod$6317a794f99de9b443bccb88ac3671ac4bb6c5ec\GTP_LUT6
Used module:     $paramod$889a23ce0162c6ad880b8e55cfbded9977ff1667\GTP_LUT6
Used module:     $paramod$5729668b3010591aa7cfbc0e39c291a55b076198\GTP_LUT6
Used module:     $paramod\GTP_LUT5\INIT=32'00010011111101011111010100110001
Used module:     $paramod\GTP_LUT4\INIT=16'0101100110011001
Used module:     $paramod$5445cf5d63cc3fdf97e48f421c33ab9cf3a70272\GTP_LUT6
Used module:     $paramod$a5039f71b8757ecb9f59390f18ff6219983fb1cd\GTP_LUT6
Used module:     $paramod$8ce5ec102138d17bc9c56cb87ebd2b3399eb575b\GTP_LUT6
Used module:     $paramod$f3b07fe58213463ba50f7d857df2815b2d8a286d\GTP_LUT6
Used module:     $paramod$83aa2e4c523a99b1c5777a79963bfa26fcd18912\GTP_LUT6
Used module:     $paramod$8fa8e9b5ff32606f15651c43f1cfd000147ea9fa\GTP_LUT6
Used module:     $paramod$843082a3bae9bf59a96ab68cc873498a5e8db881\GTP_LUT6
Used module:     $paramod$f2aecab80640810d7cb0f0d46f721e53bfea3fd7\GTP_LUT6
Used module:     $paramod$65b6766a5cb5be906a65cc106acbaf4679783ee1\GTP_LUT6
Used module:     $paramod$32fda0518f918b4b914975d946b311db612317d5\GTP_LUT6
Used module:     $paramod$8a22db0f62eb0fb4f3e89a3d4b3905b2e973b7ff\GTP_LUT6
Used module:     $paramod$1cb00b1e551f5bcdb99f6db3fcee793ee1e1c864\GTP_LUT6
Used module:     $paramod$a117fde88bea0488fc92b443b18e989549123c66\GTP_LUT6
Used module:     $paramod$cce3bb293c6c6fbf56fd6cf4217944155b7626f3\GTP_LUT6
Used module:     $paramod\GTP_LUT5\INIT=32'01010001111100111111001101010001
Used module:     $paramod\GTP_LUT4\INIT=16'0010100010101010
Used module:     $paramod\GTP_LUT5\INIT=32'00000000000000000000000000000100
Used module:     $paramod\GTP_LUT4\INIT=16'0010101011010101
Used module:     $paramod\GTP_LUT5\INIT=32'00001111111000010000111111110000
Used module:     $paramod\GTP_LUT4\INIT=16'1101001001011010
Used module:     $paramod\GTP_LUT5\INIT=32'00011000000000000000000000000000
Used module:     $paramod\GTP_LUT4\INIT=16'1100011001100110
Used module:     $paramod\GTP_LUT4\INIT=16'1000101011001111
Used module:     $paramod\GTP_LUT4\INIT=16'0010101000111111
Used module:     $paramod\GTP_LUT4\INIT=16'0010010000000000
Used module:     $paramod$db19050ea457a4e5e1e3753a0e548b2a1a282102\GTP_LUT6
Used module:     $paramod$62b4b0e93911d26954c59f57e19364dfc6ffeab3\GTP_LUT6
Used module:     $paramod$b3d1c2d718f6cface3c888a67b96d489d412f289\GTP_LUT6
Used module:     $paramod$5edb457411ca1e6b5852ed7e78b0868e1e976784\GTP_LUT6
Used module:     $paramod$0698c0046700177edd05da402ca298c0239d5408\GTP_LUT6
Used module:     $paramod\GTP_LUT5\INIT=32'01101010101001100101011001100101
Used module:     $paramod$fc30b3d1e2908d22a39731114591359f9cca6e98\GTP_LUT6
Used module:     $paramod$0545316f97ad6480c1bdf7e7e327a8867637eb33\GTP_LUT6
Used module:     $paramod$89c07ac79a154119ca00ab77bc146b2f150beac5\GTP_LUT6
Used module:     $paramod$6e7046a71153622b899e06a09d96f9e2d425e456\GTP_LUT6
Used module:     $paramod$4de1753cb540639d1b336bdb277d507385044b55\GTP_LUT6
Used module:     $paramod$43922d07075893d1e74ee28d10bca20f1bca928d\GTP_LUT6
Used module:     $paramod$ec5b187371ace2f0079db97b43555ea3002e646b\GTP_LUT6
Used module:     $paramod$bc2929788b7c5a177fe33ebea21523f7635525da\GTP_LUT6
Used module:     $paramod$9e66a747cb0a473915af2559837844df49660c7f\GTP_LUT6
Used module:     $paramod$39fcc30b3a77d9fe9f6aaf663ed9db960b80b8d8\GTP_LUT6
Used module:     $paramod$c82d392bd7a86b34a0ad44c18c62f9b844956103\GTP_LUT6
Used module:     $paramod$e84b590e044e0aa80fe73d1da2e5ba58ba7248a8\GTP_LUT6
Used module:     $paramod$e318ca13bdd3eb417e786e5b27813ccd04826f6b\GTP_LUT6
Used module:     $paramod$b892496ddc4ca23cae7132bc880c3ca548506eb8\GTP_LUT6
Used module:     $paramod$13de469b8af362167961a61e628e47b7eb25a982\GTP_LUT6
Used module:     $paramod$3ebc792c053e9a321234883bba74fcb193d9e358\GTP_LUT6
Used module:     $paramod$233a43b743c533fe665be9e7dcbff2f0d4a2897c\GTP_LUT6
Used module:     $paramod$187ce7335141e0440265815d126951729aa9f515\GTP_LUT6
Used module:     $paramod$1035fd4713dbef3481894453ceff46e20dd9e6df\GTP_LUT6
Used module:     $paramod$8400d7c106faa7d0bc2363790ed471568bd24e26\GTP_LUT6
Used module:     $paramod$f79e2320780da9747722ebfe5757971ceb26f16f\GTP_LUT6
Used module:     $paramod$6d85a20f85ffb2ad197674e86d34e64d868f3712\GTP_LUT6
Used module:     $paramod$b71a5bfcc3c23bc9b230696b2f90d4744d0d30f0\GTP_LUT6
Used module:     $paramod$a4129e84bcf48113c55df707cac89582dd5da306\GTP_LUT6
Used module:     $paramod$77d2a0bc16e6f4da1c24494c8cea23de63191617\GTP_LUT6
Used module:     $paramod$2c06c0f85d98eef5125489928bc424c2b80080bc\GTP_LUT6
Used module:     $paramod$76dcad30ee152e2c79d5a1c62c68b8f494c3de42\GTP_LUT6
Used module:     $paramod$fc54738aa20c5361a7cc6c42f258734b161dbecf\GTP_LUT6
Used module:     $paramod$c07eba62d99ff75fe91aa34e7ec716b241972db9\GTP_LUT6
Used module:     $paramod$b60975c8175364777d73679c8a5ba433ba1df7d5\GTP_LUT6
Used module:     $paramod$c4be406c161d6b90a51984ed20c688fecc873801\GTP_LUT6
Used module:     $paramod$0395f79417a703f7ff9fa820104ab71d032483d0\GTP_LUT6
Used module:     $paramod\GTP_LUT5\INIT=32'00000000000000000000100000000000
Used module:     $paramod\GTP_LUT5\INIT=32'11001110110011110011000100110000
Used module:     $paramod\GTP_LUT5\INIT=32'11001110001100011100111100110000
Used module:     $paramod\GTP_LUT5\INIT=32'00110001110011100011000011001111
Used module:     $paramod\GTP_LUT4\INIT=16'1000011110100101
Used module:     $paramod\GTP_LUT4\INIT=16'0011000100110000
Used module:     $paramod\GTP_LUT4\INIT=16'0010001110101111
Used module:     $paramod\GTP_LUT4\INIT=16'0111000000000111
Used module:     $paramod$25cb9c9ab8cf6c91149c70ef5d64b51170abae1a\GTP_LUT6
Used module:     $paramod$7b00a4ec5fc8f06423ddbb75ddc5da3ec288cd54\GTP_LUT6
Used module:     $paramod$980d934a061a28893692982b0f34a15db7d2a5dd\GTP_LUT6
Used module:     $paramod$99cdd9f5c5cd78bf2f46c0529fe8c25221ca9fde\GTP_LUT6
Used module:     $paramod\GTP_LUT5\INIT=32'10011010101010010101100110010101
Used module:     $paramod$1bee6e9d1a86be3a6fc5be10e348ee54d72c15ff\GTP_LUT6
Used module:     $paramod$26ceb6639bc026dcb5b5adf7c886989c2d67049f\GTP_LUT6
Used module:     $paramod$08f6bdbe26c23a5a55986e16cea32aec17bcab7e\GTP_LUT6
Used module:     $paramod$b8beca0fae37c08b48fcad681858c33d652a9be0\GTP_LUT6
Used module:     $paramod\GTP_LUT5\INIT=32'00000000100000001000000010000000
Used module:     $paramod$532e5c602221851b7020e7270e295af25581ebcc\GTP_LUT6
Used module:     $paramod$6763b602606b30155b9efa51c7aceb541fdd9d8d\GTP_LUT6
Used module:     $paramod$d2c51c604945303a3d6890b8b218d0864be8b989\GTP_LUT6
Used module:     $paramod$0cdfb0ebb605cfdd1a9c3909e84ce05257ff70a1\GTP_LUT6
Used module:     $paramod$505aabef23af6b7139dc8bdf56198a722fbd0db4\GTP_LUT6
Used module:     $paramod$f5d0c8e1c3a7898bd818c9cc8dd705ac654e75d6\GTP_LUT6
Used module:     $paramod\GTP_LUT4\INIT=16'0000100000000000
Used module:     $paramod$9d3052c0e0a07ded729f81fd3f383dd7dfa3fe79\GTP_LUT6
Used module:     $paramod$e38bd97661e71d5880599a976b003cc2edafafaa\GTP_LUT6
Used module:     $paramod$5b5ca128cd8d9956e89c2ed79c545d9ae0b2c356\GTP_LUT6
Used module:     $paramod\GTP_LUT5\INIT=32'11010100010001001101110111010100
Used module:     $paramod$f674485c781040b1bbcf450fd0b26dff6b5ab079\GTP_LUT6
Used module:     $paramod$e3afc37eb96e9732d18e353417186654877d064c\GTP_LUT6
Used module:     $paramod$d6522db9c321ab780db19ba7f3c2e80605bbef32\GTP_LUT6
Used module:     $paramod$bce5ed6b255f66cd84d67ad1b5e17b39631b2b10\GTP_LUT6
Used module:     $paramod$16fc402dddebbafdfe08a168c82919fcfe06d63f\GTP_LUT6
Used module:     $paramod$520801dc72d276995868182849a37db9d426c361\GTP_LUT6
Used module:     $paramod$36a444de04734c0ab76877f831ae98c03cca853e\GTP_LUT6
Used module:     $paramod$e9a16771f46b79be36f5a5297a3a49e4fcffb1fc\GTP_LUT6
Used module:     $paramod\GTP_LUT5\INIT=32'00100001000000000000000000000000
Used module:     $paramod\GTP_LUT4\INIT=16'1100011001100011
Used module:     $paramod$acad5c2dbf3b06b3316afa739101ed52fc6dbd7e\GTP_LUT6
Used module:     $paramod$5954771cf079246da12512f7cefc2273474faa53\GTP_LUT6
Used module:     $paramod\GTP_LUT5\INIT=32'00000000000000001000000000000010
Used module:     $paramod$4311dcdfb3bff1d0c114093752a37be97718df27\GTP_LUT6
Used module:     $paramod$7f3a2b451e279f4350e83a54f009767c19f9ec23\GTP_LUT6
Used module:     $paramod$4a468d69dd90ff892b6ce921df9591698a0e9737\GTP_LUT6
Used module:     $paramod$aab53cb39e1a75962d77d6ebc1a306bece600138\GTP_LUT6
Used module:     $paramod$118c01b5117faa83bb15b38cd11e1f0a6e70b733\GTP_LUT6
Used module:     $paramod\GTP_LUT5\INIT=32'00000000000000010000000000000000
Used module:     $paramod$100e00a58097e8121333b23eb182e6624d6cd71e\GTP_LUT6
Used module:     $paramod$8d5049152395b860cec1acfd212699bcfdf08348\GTP_LUT6
Used module:     $paramod\GTP_LUT3\INIT=8'11001001
Used module:     $paramod$5fcc04ce422a5cf3274ddd78114809db82ef40fb\GTP_LUT6
Used module:     $paramod\GTP_LUT5\INIT=32'01010100010101000101010010101011
Used module:     $paramod$c74ed7e0e6081c614d0b9c3d72b9a9d5729d1493\GTP_LUT6D
Used module:     $paramod$19ef2b67c3649c244ec7ad462df8626a037b183f\GTP_LUT6D
Used module:     $paramod$4ca73cb83a6434513df620c52c02d53f07d7885c\GTP_LUT6D
Used module:     $paramod$b285fb0183fc8ed32a2291ecb81e381af96e2c1a\GTP_LUT6D
Used module:     $paramod\GTP_LUT5D\INIT=32'11110000000011111001100110011001
Used module:     $paramod\GTP_LUT5D\INIT=32'10011001100110011111000000001111
Used module:     $paramod\GTP_LUT5D\INIT=32'01100110011001100000111111110000
Used module:     $paramod\GTP_LUT5D\INIT=32'00010001000100011111000000001111
Used module:     $paramod$663a60fac4706ce29605e774e286107ee0f091bc\GTP_LUT6D
Used module:     $paramod\GTP_LUT5D\INIT=32'10101111100011101010010110010110
Used module:     $paramod$13f87dbd0cda29f5cbbcd495ffbaca86983a17f8\GTP_LUT6D
Used module:     $paramod$de9896d065b31e6773756addfcbe0a6ad431baee\GTP_LUT6D
Used module:     $paramod$4b67f519b0c02ef713392416f1a57aa680847c50\GTP_LUT6D
Used module:     $paramod$07678622d602aa27263453677160791b3caef2b8\GTP_LUT6D
Used module:     $paramod$7c1902f686f7f0b011a361e09b7347e75bf58985\GTP_LUT6D
Used module:     $paramod$e6b5367c50057e7f3e9640db27e9aa4f00b4dc6a\GTP_LUT6D
Used module:     $paramod$7acb4de8d20cb8ab9fdd61eb1dc1df6178257c9f\GTP_LUT6D
Used module:     $paramod$0eed16c17d717d8acda3fb5bd03df5e15fcab290\GTP_LUT6D
Used module:     $paramod$f70fcbfb14e55cbfd961ece87ea23bb88719fa64\GTP_LUT6D
Used module:     $paramod$a4892fb414411c69875cc10b39ddd0caa9e41569\GTP_LUT6D
Used module:     $paramod$22ff744aa12c3b033634603342281eb63aa8ac32\GTP_LUT6D
Used module:     $paramod$0e23b05553fca2bee8a35a959072553837bebb7d\GTP_LUT6D
Used module:     $paramod$f88add07def0bba1c06ac052f18c71486d345ac2\GTP_LUT6D
Used module:     $paramod$4369fcf4d2c3ab07e7712cd8ff1d24f8d89bb8fa\GTP_LUT6D
Used module:     $paramod$9d7fb1e9b8b2c31e14ec56267b6cb14d7e8bc367\GTP_LUT6D
Used module:     $paramod\GTP_LUT5D\INIT=32'11111110111011000101011001100101
Used module:     $paramod$1c92da28ae33168b4856fc83508f9ec465d0b802\GTP_LUT6D
Used module:     $paramod\GTP_LUT4D\INIT=16'0001011110010110
Used module:     $paramod\GTP_LUT4D\INIT=16'1001011000010111
Used module:     $paramod\GTP_LUT4D\INIT=16'0110100100101011
Used module:     $paramod$5e2307217fd024c2d9480c98a257e087ac647511\GTP_LUT6D
Used module:     $paramod\GTP_LUT4D\INIT=16'0111000101101001
Used module:     $paramod\GTP_LUT4D\INIT=16'0100110101101001
Used module:     $paramod\GTP_LUT5D\INIT=32'00000000010111110000000001110111
Used module:     $paramod$b9db4f609f5bc3c50d6a572e4e1767be3b99030d\GTP_LUT6D
Used module:     $paramod$2d568aa60c41c0904c0da29ff7b1044523650045\GTP_LUT6D
Used module:     $paramod$cf6e3c61c24b8f9caf8961c7087ed6139d69638f\GTP_LUT6D
Used module:     $paramod$865667cae7d3ee7f699f219354f05c6cdd3219f5\GTP_LUT6D
Used module:     $paramod$6006032c9eaf17ecc77034d9592d89d2bc7d8dcc\GTP_LUT6D
Used module:     $paramod\GTP_LUT5D\INIT=32'11000000000011001010000000001010
Used module:     $paramod$2d2c4e3f1e87bb1ffe0b94ae07fafc5804659329\GTP_LUT6D
Used module:     $paramod$a38467204217eecc23fb32596de066d43bec5595\GTP_LUT6D
Used module:     $paramod$4dc8bf0225158bb6d8c39d7d0549f27ef7a17d50\GTP_LUT6D
Used module:     $paramod$5dddb8a83a7958c91cd8b8f4cb13a2876beffa27\GTP_LUT6D
Used module:     $paramod$c6572de392db062400cc899ea1d61ed2504e2f39\GTP_LUT6D
Used module:     $paramod$dfcb9f835d9d4e1e5b5d23a7bbfb5ae3d2af8457\GTP_LUT6D
Used module:     $paramod\GTP_LUT5D\INIT=32'00010111011101111001011001100110
Used module:     $paramod\GTP_LUT5D\INIT=32'01101001011010010110100110010110
Used module:     $paramod$265be2c54e40f32524fa9e50bf2ebeb57de2f4d9\GTP_LUT6D
Used module:     $paramod\GTP_LUT5D\INIT=32'00001111111100000000011101111111
Used module:     $paramod$e83e5e8e58ae40f7c33161053960092fa667e5ed\GTP_LUT6D
Used module:     $paramod$72bd458e1de53d60288b7228ac87a0ef03de37b3\GTP_LUT6D
Used module:     $paramod$605b6ec10415146449995f2253156fcdc707c4b9\GTP_LUT6D
Used module:     $paramod$5aa3b57c12d902ebec9ad09b2cb4940d4ab39fcf\GTP_LUT6D
Used module:     $paramod$af04101f996114950cd3c9ee5d7aba0a7c370ab4\GTP_LUT6D
Used module:     $paramod$8cdd4457caf263b5c1d693be1a2d477dc1ade346\GTP_LUT6D
Used module:     $paramod$273b170a3d2cfc29789665f17acb216f3d8462ff\GTP_LUT6D
Used module:     $paramod\GTP_LUT5D\INIT=32'01100101101001101000101000001000
Used module:     $paramod\GTP_LUT4D\INIT=16'0010001010011001
Used module:     $paramod$b6d0c08f46bf3d8abea009c932ab3f01f22138b6\GTP_LUT6D
Used module:     $paramod\GTP_LUT5D\INIT=32'00000000011101110000000001011111
Used module:     $paramod$58af62dce5620c79b8a2182aed73b1bd315c458f\GTP_LUT6D
Used module:     $paramod$192af9005372cfc961d1cb22d193f61debd63869\GTP_LUT6D
Used module:     $paramod$a8d41d6d3f5ba034e55533b88184c691f3b1d807\GTP_LUT6D
Used module:     $paramod$e215c8b2477d4bab7ddf243a806f37db68db1e32\GTP_LUT6D
Used module:     $paramod$1d537d805282ecae8fc5503250125245a74ea558\GTP_LUT6D
Used module:     $paramod$0314bd488a307ca2c23ce75bb5eb75337d1aabcf\GTP_LUT6D
Used module:     $paramod$02c030e4d2bd102143f19c08884974523e00c772\GTP_LUT6D
Used module:     $paramod\GTP_LUT4D\INIT=16'1000001011000011
Used module:     $paramod$7ee3e0686a0c3b106001acfff912715fec4b18fe\GTP_LUT6D
Used module:     $paramod$1eaa78a5f31231edd0db1f835051a0508ec11cc1\GTP_LUT6D
Used module:     $paramod$30e0c1a6f7b68d2b60ee77b39939e12740416f43\GTP_LUT6D
Used module:     $paramod$96f02e5d09f80b2a26441835c97e45a88d1e9d52\GTP_LUT6D
Used module:     $paramod$3e496141c6d18010dfa62f1e35d1c181f644504f\GTP_LUT6D
Used module:     $paramod$e8428a894787b9ced4a4b4908e4043452a6c1be4\GTP_LUT6D
Used module:     $paramod$bf1eb1bd12db96230ea27fcc7ba783d7f11c8fba\GTP_LUT6D
Used module:     $paramod$2cd3b4f9da1c99f72ee1f672ba6c6ac11a440b76\GTP_LUT6D
Used module:     $paramod$26318e9b8e61288adaf900d95ba9cf0f3f1d38b6\GTP_LUT6D
Used module:     $paramod\GTP_LUT5D\INIT=32'10010101101010010010101000000010
Used module:     $paramod$9c5cd3a5b940181802059b1476016e26f015bbfb\GTP_LUT6D
Used module:     $paramod$a29d70b0c13c029469e04d5a3164933a6a554bd6\GTP_LUT6D
Used module:     $paramod$7b17f47686b42d46b30408a92f332c8af086be08\GTP_LUT6D
Used module:     $paramod$9d1390b6997c134ef2d5fb0c4c0b6043bb33a0ce\GTP_LUT6D
Used module:     $paramod$abe5c3d8bef28b06b7856a72cf5fa56e4d397b0f\GTP_LUT6D
Used module:     $paramod$4abcecfa7b66bbf00ae540b33948734c97ef409e\GTP_LUT6D
Used module:     $paramod\GTP_LUT4D\INIT=16'0110100100010100
Used module:     $paramod$76d102a7659ec72b6eaa69adf6c361b8a46e8ee7\GTP_LUT6D
Used module:     $paramod\GTP_LUT5D\INIT=32'01101001011001100100110111101110
Used module:     $paramod\GTP_LUT5D\INIT=32'01000100010000011001100110010110
Used module:     $paramod\GTP_LUT5D\INIT=32'01101001100101100010101100010111
Used module:     $paramod$c5a60bee00a868aa3e860755cd139983ebccd833\GTP_LUT6D
Used module:     $paramod$40d0cecf4f8bad1327d3237f7695958c1fef5c12\GTP_LUT6D
Used module:     $paramod$5213a839f9bc2411c83c676f6b7e9263b81566c7\GTP_LUT6D
Used module:     $paramod$ad1cc42882d95944a28710ac6e0f6a4173aed33c\GTP_LUT6D
Used module:     $paramod\GTP_LUT5D\INIT=32'00000001000010110000110000001100
Used module:     $paramod$f91f8fedc400a9f48ddceeef36b789d3b5563b57\GTP_LUT6D
Used module:     $paramod\GTP_LUT5D\INIT=32'00001111000011000000111000001000
Used module:     $paramod$086d0b8b5336d060b895c385facb7edd8e7809b1\GTP_LUT6D
Used module:     $paramod\GTP_LUT4D\INIT=16'0110100111000011
Used module:     $paramod\GTP_LUT5D\INIT=32'10011001100110010000000000001111
Used module:     $paramod$d9ebd9aa5fa30ad2f3378d10b69c8e37e52ec775\GTP_LUT6D
Used module:     $paramod$52764f49bf79b8f1ece9a5fe230f6afb246ab353\GTP_LUT6D
Used module:     $paramod\GTP_LUT5D\INIT=32'00111100001111000010100010000001
Used module:     $paramod$ffbebf5a7dfb8ac10431e9fcda4ae2124f2275ed\GTP_LUT6D
Used module:     $paramod$26e2d62330d960086746c2bdcf3a9543f8d9ddd7\GTP_LUT6D
Used module:     $paramod$9e1608677a17416d91dfe2e76b52582cdcc817dd\GTP_LUT6D
Used module:     $paramod\GTP_LUT5D\INIT=32'01100110010101100110000000000110
Used module:     $paramod$f5b4a771051784ef8bd4621544d3e3e72b969ffe\GTP_LUT6D
Used module:     $paramod$690ab31e60aff93374e378bf68f0d0aa3897559a\GTP_LUT6D
Used module:     $paramod$2ea58139e8e40950a7b6beceebde8037590db721\GTP_LUT6D
Used module:     $paramod\GTP_LUT5D\INIT=32'10010101010101101010100110010101
Used module:     $paramod$a82c0463d02540e0a7f9784e5ed52a4e3e5a5699\GTP_LUT6D
Used module:     $paramod\GTP_LUT5D\INIT=32'01101010010101101000000010101000
Used module:     $paramod$5f4ded81c701432bb94929626fbaf47fa152ace1\GTP_LUT6D
Used module:     $paramod$159e8a91e599e162ba070dfe39c45a814f99c545\GTP_LUT6D
Used module:     $paramod$52a7ce304cccbdeb44552a3aed27bc1affb342c0\GTP_LUT6D
Used module:     $paramod$5e7e55cf33b7a8a908b74660732d9936165d37f9\GTP_LUT6D
Used module:     $paramod$51ba3dd58ea909a37fb1f2eee95066118db29344\GTP_LUT6D
Used module:     $paramod$0655169cba5e3f064d9800dfef6ec6bcdeb170f5\GTP_LUT6D
Used module:     $paramod$787ae1743757152282c433fae28d2873c77d959e\GTP_LUT6D
Used module:     $paramod$b9382d814e2aea547f778b95697bd5f02afe8316\GTP_LUT6D
Used module:     $paramod\GTP_LUT5D\INIT=32'00001000000100000010001001000100
Used module:     $paramod$a485649d3eb0d8db2ff413694bf3c13ed93104cf\GTP_LUT6D
Used module:     $paramod$bf688044d7006f24a363a8d8d35e419b81fa65a2\GTP_LUT6D
Used module:     $paramod$6a67e7ad5b769ae5137628890a68e5ba28d12845\GTP_LUT6D
Used module:     $paramod$7b5909897606972abb60700600c387653b8a7ba7\GTP_LUT6D
Used module:     $paramod\GTP_LUT5D\INIT=32'00111100110000110010100010000010
Used module:     $paramod$597daf74c79db71ea5fb24ac28d1cfa8991db059\GTP_LUT6D
Used module:     $paramod$563f51d25410d6118c7e396eb867c7efbe7af022\GTP_LUT6D
Used module:     $paramod\GTP_LUT5D\INIT=32'00000011000000110000000001010101
Used module:     $paramod\GTP_LUT5D\INIT=32'00000000110011000000010100000101
Used module:     $paramod$6be2243df3419684253c0740e43b1f519e5d2c96\GTP_LUT6D
Used module:     $paramod$16623ac16ae526b23f4cb05594c798b0a70ff496\GTP_LUT6D
Used module:     $paramod\GTP_LUT5D\INIT=32'00000001000000010000000000001111
Used module:     $paramod$b660817e25f55c8ce8371902b7ad56a879ba35a9\GTP_LUT6D
Used module:     $paramod$f00df641984b4bea474a3ef6662361539873b43b\GTP_LUT6D
Used module:     $paramod$038e4ba1483bc624d4c6b7f7de52906df87c9716\GTP_LUT6D
Used module:     $paramod\GTP_LUT5D\INIT=32'00100010010001000000100000010000
Used module:     $paramod\GTP_LUT5D\INIT=32'01000001100000100001010000101000
Used module:     $paramod\GTP_LUT5D\INIT=32'00010100001010000100000110000010
Used module:     $paramod\GTP_LUT5D\INIT=32'00010010010010000000100000010000
Used module:     $paramod$13e9608e46f2b6eccab0c62899183bddb83cac84\GTP_LUT6D
Used module:     $paramod$cac5c5ed07741e3e2f7abc035279250e650f99c5\GTP_LUT6D
Used module:     $paramod$629d318561296051405d58284773c5f52216aaa7\GTP_LUT6D
Used module:     $paramod$4f78b3b7cd5b543ab8c134b41c71c449300afab6\GTP_LUT6D
Used module:     $paramod$1ef34b57305a4e0229636a5cc6737a287b27e720\GTP_LUT6D
Used module:     $paramod$4a9f379797ccaed49d6a9967b7d3a42643cb192d\GTP_LUT6D
Used module:     $paramod$ec5d0dc905d6ad8270546299d86b6ca7cf43de37\GTP_LUT6D
Used module:     $paramod$8b7e035186a3e3027a3da34d7d7ff1450f157b12\GTP_LUT6D
Used module:     $paramod$8d17d4835318073197855e7490a402d852f3d207\GTP_LUT6D
Used module:     $paramod$3935c2a93c33adc9efef7e9c0061abf8aaba0833\GTP_LUT6D
Used module:     $paramod$36f5a139f57fa7bf0bef52b4df7cbd94b8b51658\GTP_LUT6D
Used module:     $paramod$4c1528fe78c382d0196c38cbf937dc9679ffe4b4\GTP_LUT6D
Used module:     $paramod$890293a43a73f602fc41116aec2a62ef37960c8a\GTP_LUT6D
Used module:     $paramod$e8e6c6aea26e44cb45a613aa5af87caed1579c1e\GTP_LUT6D
Used module:     $paramod\GTP_LUT5D\INIT=32'01000101110111110110010110011010
Used module:     $paramod$1701ef29f54fea5ccd70166e08f34a46c09e0ed5\GTP_LUT6D
Used module:     $paramod\GTP_LUT5D\INIT=32'10101001100101011001010101010110
Used module:     $paramod\GTP_LUT4D\INIT=16'0100000100110110
Used module:     $paramod\GTP_LUT4D\INIT=16'0101011010000000
Used module:     $paramod\GTP_LUT5D\INIT=32'01100110011001101000111011101000
Used module:     $paramod$611a59fcc887864f97613ac41ce674606e45bd44\GTP_LUT6D
Used module:     $paramod$90e1ff3b39af34dda09da336007f1fda9a029c6c\GTP_LUT6D
Used module:     $paramod$884b33cf6acde35fda5e2b074198f4c80a807029\GTP_LUT6D
Used module:     $paramod\GTP_LUT4D\INIT=16'1101010010011001
Used module:     $paramod\GTP_LUT5D\INIT=32'01110001000101110110011001100110
Used module:     $paramod\GTP_LUT5D\INIT=32'11011101000011011111000000001111
Used module:     $paramod$94b811dfb8d71f865d38a419d7c699ccc2e35766\GTP_LUT6D
Used module:     $paramod\GTP_LUT5D\INIT=32'01101001100101100110000011110110
Used module:     $paramod\GTP_LUT4D\INIT=16'1011001010010110
Used module:     $paramod$fe15a6b357003dabee975b4b2014fae33ada1ca6\GTP_LUT6D
Used module:     $paramod$a9c86e4bcc102f4ca8ef3327692aef41b82bcdc2\GTP_LUT6D
Used module:     $paramod$cd0b9cda9ec51e637a1eeab29f6e100ee623e7b5\GTP_LUT6D
Used module:     $paramod$b712c49b3f96e9a614b70e4f0b442aff5cffc855\GTP_LUT6D
Used module:     $paramod$0d1b702c1faf80d7d99bd41ea15e4ba10fecd2eb\GTP_LUT6D
Used module:     $paramod$00e928caef9ae0c4746e4a6e478588ad9d15b493\GTP_LUT6D
Used module:     $paramod$5cc63922fbcd60a009a4f5fcef3ccda92c53a403\GTP_LUT6D
Used module:     $paramod$be1dd9700b8792a138cb222cabe73972cc7ba51c\GTP_LUT6D
Used module:     $paramod$83e388f730fa45be9e1a2ebea51c35ea0cb3e511\GTP_LUT6D
Used module:     $paramod$69dffe266dc9b4138043e538e2bc9bf185d3541a\GTP_LUT6D
Used module:     $paramod$4f0209f8364e7a6a67c7df1aba523b53427c2b6d\GTP_LUT6D
Used module:     $paramod$8c9cf5cd6f914d1400dd8c47f4ec4720a3d91d99\GTP_LUT6D
Used module:     $paramod\GTP_LUT5D\INIT=32'00000000000001010000000000110011
Used module:     $paramod$42c2dbc7db875e57d3c3ce41e05db844abeb5d0a\GTP_LUT6D
Used module:     $paramod$0388bbc825b6283ef476014a43cc42270d7c451a\GTP_LUT6D
Used module:     $paramod$82d54c5a1ee1755b04354ab746721f28ec3a551b\GTP_LUT6D
Used module:     $paramod$758c79c506aacfff9e2fe6264413a7362382b3f6\GTP_LUT6D
Used module:     $paramod$133aa02276e7ff3144f6254d27d975f2224735d6\GTP_LUT6D
Used module:     $paramod\GTP_LUT5D\INIT=32'00000000000000010000000000001111
Used module:     $paramod\GTP_LUT5D\INIT=32'00000000000000010001000100010001
Used module:     $paramod\GTP_LUT5D\INIT=32'01010101010110100011100100111100
Used module:     $paramod$1eb58f7770a3246745b2b65e142afed761ca4d92\GTP_LUT6D
Used module:     $paramod$ee69c2c4e6f83239f41da02885809ed0efc133d7\GTP_LUT6D
Used module:     $paramod\GTP_LUT5D\INIT=32'01000001100000101000000000000001
Used module:     $paramod$9160f5f2ed146e5930c9677bd3bc262c1087f885\GTP_LUT6D
Used module:     $paramod$faefe5befe7161e0c4e6d9bdfb104277d3bda3cd\GTP_LUT6D
Used module:     $paramod$a74b56fbd09adbe68260a9c3604b2718ba40267b\GTP_LUT6D
Used module:     $paramod$b5e0740d2c8d2bc0d84912f0260af0cae6b97fdc\GTP_LUT6D
Used module:     $paramod$0ad5de74675881144a1c1f8db786412874e582f8\GTP_LUT6D
Used module:     $paramod$e40d21eb121a77cea029f37aadd479842bb5f328\GTP_LUT6D
Used module:     $paramod$b8f306825f1047a219c4f088f3b60265c95112c8\GTP_LUT6D
Used module:     $paramod$a828110721db22a47f96f6541e0b59d8a328c9ee\GTP_LUT6D
Used module:     $paramod$c980646285e72276b41e226095ee918b51922510\GTP_LUT6D
Used module:     $paramod$4576dcdc7bb48dc2e4cf38b66ca78b99a223d85b\GTP_LUT6D
Used module:     $paramod$37c1271ee1e833d7821c22ba55c7de8265e7b25a\GTP_LUT6D
Used module:     $paramod\GTP_LUT5D\INIT=32'00111100001111000110100111111111
Used module:     $paramod\GTP_LUT5D\INIT=32'10100101101001011100110000110011
Used module:     $paramod\GTP_LUT5D\INIT=32'01000100010001000000000000001111
Used module:     $paramod$c2aaeaf0960701313ad879bb1717dd1338371ffb\GTP_LUT6D
Used module:     $paramod$4c7fe9ea2b04aeccc57e67f9e80eee5427e4853a\GTP_LUT6D
Used module:     $paramod$a50e64fa03fe69e8afb8f204482c1dbd1d13024e\GTP_LUT6D
Used module:     $paramod$23cce9c356833b259b7f73ed2930ca70cd693cb5\GTP_LUT6D
Used module:     $paramod$4b1d4a4e00bc7cba53607ea16945c030bed79b8b\GTP_LUT6D
Used module:     $paramod$f87eed37ebd0c84f83f0c9f7832d42f42d5cc4b9\GTP_LUT6D
Used module:     $paramod$6520c545c64c11bae0b99cc2ea22f9b7d6cd69d6\GTP_LUT6D
Used module:     $paramod\GTP_LUT5D\INIT=32'00010001000100010000000000000101
Used module:     $paramod\GTP_LUT5D\INIT=32'00000101000001010000000000000011
Used module:     $paramod\GTP_LUT5D\INIT=32'00010001000100010000000000000011
Used module:     $paramod\GTP_LUT5D\INIT=32'00000000000000110000000001010101
Used module:     $paramod\GTP_LUT5D\INIT=32'00000011000000110000000000000101
Used module:     $paramod\GTP_LUT5D\INIT=32'00000000001000100000000000001111
Used module:     $paramod\GTP_LUT4D\INIT=16'0000010100000011
Used module:     $paramod$8f0c90adc20bc393b9085fd7c039b8c9c12305ca\GTP_LUT6D
Used module:     $paramod$7e8c8a6bb8073598b1ec09b1d67f7df3a1c1f6ed\GTP_LUT6D
Used module:     $paramod$b1e42903ef5de79f32b98dc9609f39aa9d57ca1d\GTP_LUT6D
Used module:     $paramod\GTP_LUT4D\INIT=16'0001000010000010
Used module:     $paramod\GTP_LUT5D\INIT=32'10000010100000010100010001000010
Used module:     $paramod$7f36db939656e77cf50b518b8ceafb98c6486c4a\GTP_LUT6D
Used module:     $paramod$035a32ca2bf8d9f4fefd44d4491411ab99a7d638\GTP_LUT6D
Used module:     $paramod$c5d33333e0aa97c6620c4c3a5f1534d8a6859f8f\GTP_LUT6D
Used module:     $paramod$d5e27bbb3ed1593f65ab1a6df0589a3ff34450c1\GTP_LUT6D
Used module:     $paramod$c34dfab3c2f32618d93d23c5ae9a8d597a110f62\GTP_LUT6D
Used module:     $paramod$c8d43438539a2e791cda345577356a9bdb5e4844\GTP_LUT6D
Used module:     $paramod$748a0635dd8dac5c478953003bfeb4917c414cf9\GTP_LUT6D
Used module:     $paramod$3b810c56aff8be4e45400958f9bdb7f2b6d83549\GTP_LUT6D
Used module:     $paramod$71e0823e6b658cff8244b7af678ec7f1eed498fe\GTP_LUT6D
Used module:     $paramod$5e6151bf8f62efe7536976f72e5d8c1468171060\GTP_LUT6D
Used module:     $paramod$e9cbdff4e82c83c590e3b52df6eabbe11454829b\GTP_LUT6D
Used module:     $paramod$c911b412edbbaf7bee0c4d9b508b98e12ee5dc60\GTP_LUT6D
Used module:     $paramod$eb3f3bb9879aa6e82fd19d22b364a12c9652082c\GTP_LUT6D
Used module:     $paramod$1337f2478a11272d14aafd49344dc7332ef553f0\GTP_LUT6D
Used module:     $paramod$df9d61511b1a2d4b4eb33ea70a7a6c79a63df8c0\GTP_LUT6D
Used module:     $paramod$d3df45c4d601edf3a5e60e51911a94837e3588b4\GTP_LUT6D
Used module:     $paramod$353462357b8e43f68672054d5279988256149e16\GTP_LUT6D
Used module:     $paramod$e9ddcb82a2a209a4958646d0f6cedb7d864f230e\GTP_LUT6D
Used module:     $paramod$e6c3202069b951b44f7e3ece612343b35bbddef9\GTP_LUT6D
Used module:     $paramod$d4a50317406e9d52a110a4b0c28f82ce223b4f46\GTP_LUT6D
Used module:     $paramod\GTP_LUT5D\INIT=32'10001111111011111001111101100000
Used module:     $paramod$27fd6f63f9bb96cd4c080e47fd438397a1dec72e\GTP_LUT6D
Used module:     $paramod$f9b99df59eb038b9673dba6ff6b6ba10fd7265a5\GTP_LUT6D
Used module:     $paramod\GTP_LUT5D\INIT=32'01011010101010100110110011001100
Used module:     $paramod$8040011029de3a5e7ff3a2b5f3f5d8e676d9a206\GTP_LUT6D
Used module:     $paramod\GTP_LUT5D\INIT=32'10111110001010001100001111000011
Used module:     $paramod\GTP_LUT5D\INIT=32'00101011001000100110100101100110
Used module:     $paramod\GTP_LUT4D\INIT=16'1101010010010110
Used module:     $paramod\GTP_LUT5D\INIT=32'00000101010101010111011101110010
Used module:     $paramod$4940a3b74b134303a91ca8585e3fe1d958ddbe19\GTP_LUT6D
Used module:     $paramod\GTP_LUT4D\INIT=16'1011001010011001
Used module:     $paramod$e4acf14cfe04d1cf7901e4011b8a3fe6c183e47f\GTP_LUT6D
Used module:     $paramod\GTP_LUT5D\INIT=32'11011110010010001001011001101001
Used module:     $paramod$358fc67897eab61e373881cac16865f0b6298079\GTP_LUT6D
Used module:     $paramod$94af045e6525b358398e9c793145859df1d78df2\GTP_LUT6D
Used module:     $paramod$8dbe290f62eaf6cea30392aadeb74c686684a1bc\GTP_LUT6D
Used module:     $paramod$f4ecca0b3f3137ec4c6888b363247477bf563bdf\GTP_LUT6D
Used module:     $paramod$aff55447f6b84c66607023a075cd7cc6b361bc11\GTP_LUT6D
Used module:     $paramod$f8a726c1d6c7558c89793e3b3b1f9651bbac057f\GTP_LUT6D
Used module:     $paramod$7e5cf34c68dfdebaec2cba497693e79f5e1fc716\GTP_LUT6D
Used module:     $paramod$13a8f65be051a066330c04d2f8490ce547df39a8\GTP_LUT6D
Used module:     $paramod$0bf6e0c8f341cb7962ae2ad51da7edd3ed41e5a3\GTP_LUT6D
Used module:     $paramod$9b5188f1fb63fd684f8717a9d65fd9f7dcf67fdc\GTP_LUT6D
Used module:     $paramod$d1b16b1e37f44c7a8103c37c41468c60f3c659b9\GTP_LUT6D
Used module:     $paramod\GTP_LUT5D\INIT=32'00010001000100010000000000001111
Used module:     $paramod\GTP_LUT5D\INIT=32'10011001100110010000000011110000
Used module:     $paramod$0868f2096dfd523986dd6dc7e88cc72865cf14d7\GTP_LUT6D
Used module:     $paramod$60f275acb8c843c85f8442c7c4b3bf7dc6e62c10\GTP_LUT6D
Used module:     $paramod$2ca9cb3e00dacd82908b4b99ae6fc0762ec452a0\GTP_LUT6D
Used module:     $paramod$3bb73babd5ad3f8f7744de694e089963f368714d\GTP_LUT6D
Used module:     $paramod\GTP_LUT5D\INIT=32'00101000001010000000111111100001
Used module:     $paramod\GTP_LUT5D\INIT=32'00000000000011110000000000100010
Used module:     $paramod$ecbaf444578fc51993aed171e3f6d61340556124\GTP_LUT6D
Used module:     $paramod\GTP_LUT5D\INIT=32'11110000000000001000100010001000
Used module:     $paramod\GTP_LUT5D\INIT=32'11000000110000001000000000000000
Used module:     $paramod$c4ccd854db31f5cbe8e9bed9ade210a6e5518838\GTP_LUT6D
Used module:     $paramod\GTP_LUT5D\INIT=32'10110010001010111001100110011001
Used module:     $paramod$36170dc405027d1bc2851f21048400928ab5ec67\GTP_LUT6D
Used module:     $paramod\GTP_LUT5D\INIT=32'10010110011010010001001001111011
Used module:     $paramod$6f850ba08798adc45263509eaf2c6a5b40a259ce\GTP_LUT6D
Used module:     $paramod\GTP_LUT4D\INIT=16'1001011010110010
Used module:     $paramod\GTP_LUT4D\INIT=16'1010010110010110
Used module:     $paramod\GTP_LUT4D\INIT=16'1001011011000011
Used module:     $paramod\GTP_LUT5D\INIT=32'00100001000100101001011001101001
Used module:     $paramod\GTP_LUT5D\INIT=32'10010110011010011100001100111100
Used module:     $paramod\GTP_LUT4D\INIT=16'1001011011010100
Used module:     $paramod\GTP_LUT4D\INIT=16'0010000110010110
Used module:     $paramod$db4c8c9d6c9c7ea04e4736c74e691ec3c79521e7\GTP_LUT6D
Used module:     $paramod$e2264bb769c178c3a81dfebcc6fb105dc9012e6a\GTP_LUT6D
Used module:     $paramod\GTP_LUT5D\INIT=32'01011001011010101010001010000000
Used module:     $paramod$4b94f0516362c2d9cdc7341fa86e0c55801e05f0\GTP_LUT6D
Used module:     $paramod$40e4b3212a4eaf979749fd36834bde5437e657c4\GTP_LUT6D
Used module:     $paramod$a0638cc5b8726831f44eaeacd98d9b55adcce07c\GTP_LUT6D
Used module:     $paramod$80c03b42649213f138cb634205e50e28450e4120\GTP_LUT6D
Used module:     $paramod$c0d1065e78e1346c0ab4ee74ceb5f7b3d29e474a\GTP_LUT6D
Used module:     $paramod$663d0dba9367529a6488b76ce731570352731351\GTP_LUT6D
Used module:     $paramod$68e36ed8863c92a90032264e505e3558c82dd0b7\GTP_LUT6D
Used module:     $paramod\GTP_LUT5D\INIT=32'00110011001111000110011001101001
Used module:     $paramod\GTP_LUT4D\INIT=16'1001011001000001
Used module:     $paramod\GTP_LUT5D\INIT=32'00010001000101000110011001101001
Used module:     $paramod\GTP_LUT4D\INIT=16'0000010001011001
Used module:     $paramod\GTP_LUT5D\INIT=32'01010110101010010101011001010110
Used module:     $paramod$acb62fed11ccab547a800d8a04aff18e8719a445\GTP_LUT6D
Used module:     $paramod$7393ed2b09f69b0645196452c1c6f2e6ab82ad30\GTP_LUT6D
Used module:     $paramod$3960a9baeb8c0687091c1985541763e74c0b2083\GTP_LUT6D
Used module:     $paramod\GTP_LUT4D\INIT=16'1001011001001000
Used module:     $paramod$16db2107d645ca722e86e2a2ae8922798eba9f0d\GTP_LUT6D
Used module:     $paramod$96f43a787c1335e5c11376e0c04f57a7046667b5\GTP_LUT6D
Used module:     $paramod\GTP_LUT5D\INIT=32'11000011110000110101010101100110
Used module:     $paramod$96c3ff2af8756ecece6b49c9a2c2e2bb536deebd\GTP_LUT6D
Used module:     $paramod$96e4d3eaff7878b34fc057f70cefe52dca6c0e01\GTP_LUT6D
Used module:     $paramod$7b3b9838a7e08f224aedbc575c24b539d6918093\GTP_LUT6D
Used module:     $paramod$ef8e039cafdf0043337b49e730795e397e7aa121\GTP_LUT6D
Used module:     $paramod$b7e4cf899a2a68e151ab0428102edfc5b669837e\GTP_LUT6D
Used module:     $paramod\GTP_LUT5D\INIT=32'01101001100110010000111111110000
Used module:     $paramod\GTP_LUT5D\INIT=32'00000000111011101111000000000000
Used module:     $paramod\GTP_LUT5D\INIT=32'01101010100101011000000001000000
Used module:     $paramod\GTP_LUT4D\INIT=16'0110100110000100
Used module:     $paramod$24537aff8e09fc8136d6ccebea38e7c67469f4eb\GTP_LUT6D
Used module:     $paramod\GTP_LUT5D\INIT=32'01101001100110011001000000000000
Used module:     $paramod$0762fcb99f6a367f0ccef7fde05eaff044ccf441\GTP_LUT6D
Used module:     $paramod$7953a6647d1ea32e50f317f116e6b3f1e29b2a4e\GTP_LUT6D
Used module:     $paramod$6ca1a5fb5d03a9ae5366277f2f28e1b7bb28e0cc\GTP_LUT6D
Used module:     $paramod$3f0478ecb976d55c8e00bd5b4ae6bda3c1052c95\GTP_LUT6D
Used module:     $paramod$9bb2781f6de0e885505a0d0e6be8ff4363f9f6ce\GTP_LUT6D
Used module:     $paramod\GTP_LUT4D\INIT=16'1100100100100010
Used module:     $paramod\GTP_LUT5D\INIT=32'10100110101001011100110011000011
Used module:     $paramod\GTP_LUT5D\INIT=32'01100110010101100011001100000001
Used module:     $paramod$2ea35650643077fc43ddbf640d273dc9ca798139\GTP_LUT6D
Used module:     $paramod\GTP_LUT5D\INIT=32'00111100001101100100000101000001
Used module:     $paramod\GTP_LUT5D\INIT=32'11001100001110010000001000000010
Used module:     $paramod$b098c66f9c2eeee0147739dfabb7d3bf125ecb92\GTP_LUT6D

3.726. Analyzing design hierarchy..
Top module:  \/Users/yoyowang/Desktop/benchmark/sin.aig
Used module:     $paramod\GTP_LUT4\INIT=16'0000000000000001
Used module:     $paramod\GTP_LUT4\INIT=16'1010100101010110
Used module:     $paramod$492504319aaaedd247a3255e8ac4e753d3714520\GTP_LUT6
Used module:     $paramod$20246d5e7b6bcf137d425da26da5fdd90dad3f52\GTP_LUT6
Used module:     $paramod\GTP_LUT5\INIT=32'00000000000000000000000000000001
Used module:     $paramod\GTP_LUT4\INIT=16'0000000000010000
Used module:     $paramod\GTP_LUT3\INIT=8'00000001
Used module:     $paramod$bdc761d4d59549115c844e97a239d1b6f300d8a2\GTP_LUT6
Used module:     $paramod\GTP_LUT5\INIT=32'10000000000000000000000000000000
Used module:     $paramod$a7200ea2a4d046116b1b5cbf3515cc6f3799da6b\GTP_LUT6
Used module:     $paramod$59a0039f35ecdbe38b8a0ce2f13aa40890a8a3be\GTP_LUT6
Used module:     $paramod$5000dfcc6b6076274589af648d56474541f5193e\GTP_LUT6
Used module:     $paramod$f9fc00fda397f32050489767c6cd6914bc8ad659\GTP_LUT6
Used module:     $paramod\GTP_LUT5\INIT=32'00000000000000000111111111111111
Used module:     $paramod\GTP_LUT5\INIT=32'00000000000000001000000000000000
Used module:     $paramod\GTP_LUT5\INIT=32'11000100010011000100110011000100
Used module:     $paramod$34d15386e834a6a380e9de8ef8c91b412c6727c2\GTP_LUT6
Used module:     $paramod$3f62f816985d426702751c0ed88eedee17fe81a3\GTP_LUT6
Used module:     $paramod\GTP_LUT5\INIT=32'00000000000000000000000000001000
Used module:     $paramod\GTP_LUT5\INIT=32'00000011001101011010110011000000
Used module:     $paramod\GTP_LUT5\INIT=32'00001110000101100110100001110000
Used module:     $paramod\GTP_LUT5\INIT=32'00110110000101000010100001101100
Used module:     $paramod\GTP_LUT5\INIT=32'00000110000101111110100001100000
Used module:     $paramod\GTP_LUT5\INIT=32'00110001001001100110010010001100
Used module:     $paramod\GTP_LUT5\INIT=32'00000001111001100110011110000000
Used module:     $paramod\GTP_LUT5\INIT=32'00001101000110100101100010110000
Used module:     $paramod\GTP_LUT5\INIT=32'00000011101011000011010111000000
Used module:     $paramod\GTP_LUT5\INIT=32'00011110001010000001010001111000
Used module:     $paramod\GTP_LUT5\INIT=32'00000110111010000001011101100000
Used module:     $paramod\GTP_LUT5\INIT=32'00000001101111000011110110000000
Used module:     $paramod\GTP_LUT5\INIT=32'00010100111010000001011100101000
Used module:     $paramod\GTP_LUT5\INIT=32'00000001000101011000001110111111
Used module:     $paramod\GTP_LUT5\INIT=32'00000001100100010000011111110111
Used module:     $paramod\GTP_LUT5\INIT=32'00000000110101110001011100010111
Used module:     $paramod\GTP_LUT3\INIT=8'00000111
Used module:     $paramod$3aef47ae8795028b41429476431c6e3533bc932d\GTP_LUT6
Used module:     $paramod$494f800a9d246b61868b6a6f05a5a99e3c9d8e3a\GTP_LUT6
Used module:     $paramod$4bb9959d48ad841ee09aec550ca5f770c903c2e6\GTP_LUT6
Used module:     $paramod$f3e8f7d4270400c3051d2b204c357574a1ad01ec\GTP_LUT6
Used module:     $paramod$582a64997518d67efc7933070309eadf9cee13fe\GTP_LUT6
Used module:     $paramod$e49ac9683bedfa772c8980ab3f150cf85803cb1d\GTP_LUT6
Used module:     $paramod\GTP_LUT5\INIT=32'00000101000000010101010100010001
Used module:     $paramod$6a5e6f257d0c57a5de700a6ae2cad718ae1657e8\GTP_LUT6
Used module:     $paramod$5d708229068c0ff045932b4978bcde768d7c825b\GTP_LUT6
Used module:     $paramod$1acccfae78878bf436c2475b8e9069cdea9f5758\GTP_LUT6
Used module:     $paramod$ccd814fe16a9482c56069d9c3cfa08c458aabfee\GTP_LUT6
Used module:     $paramod$15b020ac927ddb1879e5c2605abe35d430e43019\GTP_LUT6
Used module:     $paramod$5609fbf15dc1cb69e969c45c754e1d6e86fecac5\GTP_LUT6
Used module:     $paramod$93ea42f15927ee0419824ce4ab0ae39b9241ea9e\GTP_LUT6
Used module:     $paramod\GTP_LUT5\INIT=32'00000001000001010001000101010101
Used module:     $paramod\GTP_LUT3\INIT=8'00010111
Used module:     $paramod\GTP_LUT4\INIT=16'0000001000100010
Used module:     $paramod$6a348a4c549d96612817c163b86854936fe5bdfc\GTP_LUT6
Used module:     $paramod$cf0557585c3716697887a6be9a71ddda644eb00f\GTP_LUT6
Used module:     $paramod$6a4de790a6eee7de3c57a7621210b91c1b209419\GTP_LUT6
Used module:     $paramod\GTP_LUT5\INIT=32'11101000000101111110100011101000
Used module:     $paramod\GTP_LUT5\INIT=32'00000000000111011101110100011101
Used module:     $paramod\GTP_LUT4\INIT=16'1000000000000000
Used module:     $paramod\GTP_LUT5\INIT=32'00010011010111110101111100010011
Used module:     $paramod\GTP_LUT5\INIT=32'00000000000000000000000010000000
Used module:     $paramod\GTP_LUT5\INIT=32'00000101010100111100101010100000
Used module:     $paramod\GTP_LUT5\INIT=32'00001011000111000011100011010000
Used module:     $paramod\GTP_LUT5\INIT=32'00110010000101100110100001001100
Used module:     $paramod\GTP_LUT5\INIT=32'00011110010010000001001001111000
Used module:     $paramod\GTP_LUT5\INIT=32'00000001001111011011110010000000
Used module:     $paramod\GTP_LUT5\INIT=32'00110110001010000001010001101100
Used module:     $paramod\GTP_LUT4\INIT=16'0110100110010110
Used module:     $paramod\GTP_LUT5\INIT=32'00000000000000000110001101000001
Used module:     $paramod\GTP_LUT5\INIT=32'00000000000000000000000000000010
Used module:     $paramod\GTP_LUT5\INIT=32'00000001000100111100010101011111
Used module:     $paramod\GTP_LUT5\INIT=32'00000001100000110001010110111111
Used module:     $paramod\GTP_LUT3\INIT=8'10010110
Used module:     $paramod\GTP_LUT5\INIT=32'00000001000101011010001100111111
Used module:     $paramod\GTP_LUT5\INIT=32'00000010001000111100101010101111
Used module:     $paramod\GTP_LUT4\INIT=16'0000101101010001
Used module:     $paramod\GTP_LUT4\INIT=16'1001011000000000
Used module:     $paramod\GTP_LUT4\INIT=16'0101111100010011
Used module:     $paramod\GTP_LUT4\INIT=16'0011011000010100
Used module:     $paramod\GTP_LUT4\INIT=16'0000000100000000
Used module:     $paramod\GTP_LUT3\INIT=8'01101001
Used module:     $paramod$ec2cac0771fde7e21bfc8d37321f934609a3b2da\GTP_LUT6
Used module:     $paramod$3f91500e544081a7a667d71f624ad72824f2d095\GTP_LUT6
Used module:     $paramod$3880597822d839ad4d6a9f6e9bcb09b56a0f7d6d\GTP_LUT6
Used module:     $paramod$ba35259528df06e451ee2f6b891cd3eb6afed8d2\GTP_LUT6
Used module:     $paramod$ddd8a7210d2d272350ae7a5691065f23a683bbfd\GTP_LUT6
Used module:     $paramod$ae55d7b1e7ca2cb53a10fbb1e5f6cbc2e125e325\GTP_LUT6
Used module:     $paramod$d454f0fdb88a2de130175c20b236038c376549ba\GTP_LUT6
Used module:     $paramod$654b72bfab47098056abb3ad6eeba86df6cdaa98\GTP_LUT6
Used module:     $paramod$aa974b62d67e2c8dc753865f779572c474f71f38\GTP_LUT6
Used module:     $paramod$50e2181eca2d26f43545a718f74d59385b12e708\GTP_LUT6
Used module:     $paramod$468ea583c8d7d94df128dac91aa5e74b8ab68ac9\GTP_LUT6
Used module:     $paramod\GTP_LUT5\INIT=32'01101010101010011001010101010110
Used module:     $paramod$6c67b5cd8047f13eeddc04412321afc106357b79\GTP_LUT6
Used module:     $paramod$a74d991783063dd3a97bb788b57b6cb6572f9c5a\GTP_LUT6
Used module:     $paramod$c1937310ed9a655a81df1692d38e94ec2a6f8cd7\GTP_LUT6
Used module:     $paramod$ffda0105e6c5237344f6740fffddc8e74ae585d8\GTP_LUT6
Used module:     $paramod$e2305a18109662e98bc23d5f5187a68cbaef5c91\GTP_LUT6
Used module:     $paramod$7a65706fa368b168aa11ad53815cfa5fa11c7227\GTP_LUT6
Used module:     $paramod$c2610a3566f0ed660bf62575ca9f0f4a3a442118\GTP_LUT6
Used module:     $paramod\GTP_LUT5\INIT=32'00001011101100000000001000100000
Used module:     $paramod$0154bf3fd91ac70b51ca1f3fb3c7f92e08f360a3\GTP_LUT6
Used module:     $paramod$51c4ef27bae16d32b56514fb590edeef3528db16\GTP_LUT6
Used module:     $paramod$2721d47ffebc2f7e949d95c623e81a971694df19\GTP_LUT6
Used module:     $paramod$3d515f1d138ff9442b9a60226149011b407e9d21\GTP_LUT6
Used module:     $paramod$57a254d80c8f7face295b7d7fe3ec759d4b989d1\GTP_LUT6
Used module:     $paramod\GTP_LUT4\INIT=16'0101010101101010
Used module:     $paramod$0884b56864b2a3f7ae8c4fc0456a33e42c316f51\GTP_LUT6
Used module:     $paramod$97a4320655941dc4ecace86c4159d4d87c4cff16\GTP_LUT6
Used module:     $paramod$e0b171009fd08a7a363e74ba89ca371723c97f03\GTP_LUT6
Used module:     $paramod$b43a7e0ec80a203a2d0a6f330a15d15d148158df\GTP_LUT6
Used module:     $paramod$83191f8fabf4c430f400d6c6cac6eba6c6590677\GTP_LUT6
Used module:     $paramod$6ffaf6e310be540d876f6598fc957885771e1b77\GTP_LUT6
Used module:     $paramod$57f580f0481d484a19f53c0a4eed8d29d2aa55f3\GTP_LUT6
Used module:     $paramod\GTP_LUT5\INIT=32'00000000011010010110100100000000
Used module:     $paramod$41d1457b9d0c70bc5c643e593fb7022481a5595e\GTP_LUT6
Used module:     $paramod\GTP_LUT3\INIT=8'10000000
Used module:     $paramod\GTP_LUT5\INIT=32'00101010101000101010001000101010
Used module:     $paramod$2a8de75338d836580b80372ca0fbc6879c1aadb6\GTP_LUT6
Used module:     $paramod$e3fceaba1ca59c9d42081035a3042168e0a6b33f\GTP_LUT6
Used module:     $paramod\GTP_LUT3\INIT=8'00000110
Used module:     $paramod$f19629508eea40913004b6eb0209fd8199819bf7\GTP_LUT6
Used module:     $paramod\GTP_LUT5\INIT=32'00001101000011010001000111011101
Used module:     $paramod\GTP_LUT5\INIT=32'00010101001111110011111100010101
Used module:     $paramod\GTP_LUT5\INIT=32'00010011001100010101111111110101
Used module:     $paramod\GTP_LUT5\INIT=32'00000110000011110110011011111111
Used module:     $paramod\GTP_LUT5\INIT=32'00000110011001100000111111111111
Used module:     $paramod\GTP_LUT5\INIT=32'00000011000011110101011001011010
Used module:     $paramod\GTP_LUT4\INIT=16'0000000010000000
Used module:     $paramod\GTP_LUT4\INIT=16'0000000000001000
Used module:     $paramod\GTP_LUT4\INIT=16'0000000000000010
Used module:     $paramod\GTP_LUT4\INIT=16'0011111100010101
Used module:     $paramod$05771141b19a9d8d4f4a8b8efd5ee741f5cf3cf5\GTP_LUT6
Used module:     $paramod$8adebc750ed84073c4987b6c481306925b09161e\GTP_LUT6
Used module:     $paramod$05a00cbfa065f5ae79ef3ae4d2cb12f33b1cf874\GTP_LUT6
Used module:     $paramod\GTP_LUT5\INIT=32'10101010101010101000000010101000
Used module:     $paramod$2de82c17b30dc0cd94174cc4ef91f69a44629576\GTP_LUT6
Used module:     $paramod$049d3ca4cc721f314d14e9ccc5053201016f8ece\GTP_LUT6
Used module:     $paramod$281ff38162703ff73effa810d901a46b3679ab11\GTP_LUT6
Used module:     $paramod$a02b7d775201ad999b898c8114025838f469832c\GTP_LUT6
Used module:     $paramod\GTP_LUT5\INIT=32'01010101010101010100000100010100
Used module:     $paramod$7f3cd46912ead349d3a9fac2a54303e9b19970b4\GTP_LUT6
Used module:     $paramod$883fb4572a3bc4e2afd9242a8f2fb137947de019\GTP_LUT6
Used module:     $paramod$030dbc0a804788c25205e345a4e4fe7ebc844bb9\GTP_LUT6
Used module:     $paramod$d5aac5ae8eaf493eeb7a9aca3e163ac8a3e2f3f8\GTP_LUT6
Used module:     $paramod$79bc77f58871aae4e671adf3e01718a25f873b42\GTP_LUT6
Used module:     $paramod$66a664f34a2ecc7eb2983d5cd844377af2a34ad8\GTP_LUT6
Used module:     $paramod$8394e6074c3046fc0321372410999046506a4271\GTP_LUT6
Used module:     $paramod$b661e842effff1c1f4c1c9a25a884e54184db9f1\GTP_LUT6
Used module:     $paramod$7ae97efefe0ad4d6d1fa069ba2ba7191c10c00a0\GTP_LUT6
Used module:     $paramod$941278bab29cec001f9a864f1304865d8011b7aa\GTP_LUT6
Used module:     $paramod$bf2ca687a834c4eafa920698f41b178cc1e4594e\GTP_LUT6
Used module:     $paramod$d35c1e53f1e12618720d1ecbf4a0c05c4140493e\GTP_LUT6
Used module:     $paramod$ee056d8c40095bdbb87dd871972c5ece73de5582\GTP_LUT6
Used module:     $paramod$6ee3f279dccb699147fd7aebf1d49b5cfff53a40\GTP_LUT6
Used module:     $paramod\GTP_LUT5\INIT=32'11010101110101010010101011010101
Used module:     $paramod$bcadd7b40bf918cc7020ab79ea342a52565d1a7c\GTP_LUT6
Used module:     $paramod$9c60f886ba211da1de8393acb2a39d60dee02db0\GTP_LUT6
Used module:     $paramod$aef3c48a43f77dddbf3a8dbfd3dc1135a0ecbe65\GTP_LUT6
Used module:     $paramod$5efd2f170c563b0a816c7163513d5db7dc944f15\GTP_LUT6
Used module:     $paramod$fdfef22d4aef202f5ef80554578f2376b3b491f1\GTP_LUT6
Used module:     $paramod$46c7abedc68dace281cdbb3972edd7c0b4f540e9\GTP_LUT6
Used module:     $paramod$9d8fde011952c7301e9f11e99ab3c8987a82352c\GTP_LUT6
Used module:     $paramod$1106b90a3a39e2b008e7a226af2bd2653df33ac5\GTP_LUT6
Used module:     $paramod$4ecb3be821d3b40e7dcd2ac99774bb5bf8518a0a\GTP_LUT6
Used module:     $paramod\GTP_LUT4\INIT=16'0100111011011110
Used module:     $paramod$1a6c68c392922bfe756f640c8ce9e95e561d2cc8\GTP_LUT6
Used module:     $paramod\GTP_LUT5\INIT=32'11111001100100001111100111111001
Used module:     $paramod\GTP_LUT5\INIT=32'00000000100000000000000000000000
Used module:     $paramod\GTP_LUT5\INIT=32'01000000101010101010101010101010
Used module:     $paramod$84b5b630294ec426e51eb3ee26536af7f2d9f257\GTP_LUT6
Used module:     $paramod$d5843063c2a8f23e5b70fa1750afcfa29cf8b6e3\GTP_LUT6
Used module:     $paramod$bab8f8d79e4ec36920843357452ace54a9f00396\GTP_LUT6
Used module:     $paramod\GTP_LUT5\INIT=32'00000000000101010001010100010101
Used module:     $paramod$7ba9b5e712fc072183dc5830e786f49a8479c302\GTP_LUT6
Used module:     $paramod$735876b0920e64ced6cbc04dcda267f89afdc028\GTP_LUT6
Used module:     $paramod\GTP_LUT5\INIT=32'00010101010100010011111111110011
Used module:     $paramod\GTP_LUT3\INIT=8'01011001
Used module:     $paramod\GTP_LUT5\INIT=32'00001000000000000000000000000000
Used module:     $paramod\GTP_LUT4\INIT=16'0100110001011111
Used module:     $paramod\GTP_LUT4\INIT=16'0001010100111111
Used module:     $paramod\GTP_LUT4\INIT=16'0001001101011111
Used module:     $paramod\GTP_LUT3\INIT=8'10010000
Used module:     $paramod\GTP_LUT5\INIT=32'10001010000010001110111110101110
Used module:     $paramod\GTP_LUT5\INIT=32'01000101000001010100010101000101
Used module:     $paramod\GTP_LUT5\INIT=32'01010101010101100110011001100110
Used module:     $paramod$d8b37be1fea09c2fb852d621afe2190e48ee8393\GTP_LUT6
Used module:     $paramod$eec57cd2b331a49f53c93de488aa165e33b9cd47\GTP_LUT6
Used module:     $paramod$69df7776ccde050e9114bd26fb76c06448c1a01a\GTP_LUT6
Used module:     $paramod$02a6feb0dc4469a9f4277688f349c8f33417d3a3\GTP_LUT6
Used module:     $paramod$fbb6b9563eff822949654b2306c1622547b275db\GTP_LUT6
Used module:     $paramod$0e03d1854af144816169b5573456b855eafd7561\GTP_LUT6
Used module:     $paramod$d0cf1b51454b6bc949d5c25668023fe2b0717b6a\GTP_LUT6
Used module:     $paramod\GTP_LUT5\INIT=32'10001110100011101000100010001110
Used module:     $paramod$7f938c331c62fe261a68abac2cba8f884414795f\GTP_LUT6
Used module:     $paramod\GTP_LUT5\INIT=32'11111110111010101010100010000000
Used module:     $paramod$64a203ea49c7fa5d8280338f80a3cdc884831238\GTP_LUT6
Used module:     $paramod$8c3e1ac9ad8b2c0c4583456a947ba31f68cce36d\GTP_LUT6
Used module:     $paramod$c6d75ecf9659b37b96560968ffe01f36938094fe\GTP_LUT6
Used module:     $paramod$ff34b33b3443ebb43dc44bb5068ba982e4aa8bf3\GTP_LUT6
Used module:     $paramod$ea646375d97c3ef446cb6d3a34886e7a08a3a19c\GTP_LUT6
Used module:     $paramod$1b485defa9de05d73d444ee05daed7ad0c7bc16a\GTP_LUT6
Used module:     $paramod$3246ec3f5edf1b2bfeccdf50e01c1d973583439a\GTP_LUT6
Used module:     $paramod$24603cbe13e2f4b4bfd82fafb1d5ee773fe2b1b1\GTP_LUT6
Used module:     $paramod$35cac626ca71106bad861f12d4e32a2f98fb23d5\GTP_LUT6
Used module:     $paramod$98499b3959bb1061e27bb3ab1e269a14d91764d9\GTP_LUT6
Used module:     $paramod$f9b7299f6ca3e5ab70b5dfb4c0c18981c60f7861\GTP_LUT6
Used module:     $paramod$b17b9fc4eeccec80cf086961bbf7df31b3b11099\GTP_LUT6
Used module:     $paramod$96b44b64fd3795e394c8070a76bbf20ab795cfdf\GTP_LUT6
Used module:     $paramod$a0383f873e84caefe1338c32038f8436a80841bf\GTP_LUT6
Used module:     $paramod$3982f7faedddf968249a15a1942c2aeb83a92530\GTP_LUT6
Used module:     $paramod$028cc3032a54c473f517ff402686cedd1fea07d8\GTP_LUT6
Used module:     $paramod$cbe6d5c44370dde7a7cc34230f9c46961f98a254\GTP_LUT6
Used module:     $paramod\GTP_LUT5\INIT=32'00000010001000000010001000100010
Used module:     $paramod$84284631376f114e4ec7dc9abcae89378739e4ca\GTP_LUT6
Used module:     $paramod$11c52eaff059bbedde3cab20ab5bff4e4831b8c3\GTP_LUT6
Used module:     $paramod\GTP_LUT5\INIT=32'01010101010110010101100101011001
Used module:     $paramod$f6c419df22fe39541753b9b8f9bb17c79cac90ef\GTP_LUT6
Used module:     $paramod$91ac7459a313ce652770841a4d652c25f1181f36\GTP_LUT6
Used module:     $paramod$41c1dff2837dfead2e38e114c2d701c2039b2a4d\GTP_LUT6
Used module:     $paramod$df05d40030949e376341d9c6ad9252feea8f4aee\GTP_LUT6
Used module:     $paramod$967d4d09a4dfab4f4a1f861005907375a387a6df\GTP_LUT6
Used module:     $paramod$96f61037cb757b85af4442f094881f3ae9a5c529\GTP_LUT6
Used module:     $paramod$37065e52208c305688e33dc00062f9b4bd9631b1\GTP_LUT6
Used module:     $paramod$27d43fb595278d3ef43ace1aa05e9b0fbf14d7c7\GTP_LUT6
Used module:     $paramod\GTP_LUT4\INIT=16'0011100110011001
Used module:     $paramod\GTP_LUT5\INIT=32'00010000000100010101000001010101
Used module:     $paramod$c223f821ee68e0c076394c9fa6cd46204cb53d10\GTP_LUT6
Used module:     $paramod$7410285b90db322f4a867b87c983a8ae9480648f\GTP_LUT6
Used module:     $paramod\GTP_LUT4\INIT=16'1101010100101010
Used module:     $paramod\GTP_LUT5\INIT=32'00000000000000010000000100000001
Used module:     $paramod\GTP_LUT4\INIT=16'0110010110011010
Used module:     $paramod\GTP_LUT4\INIT=16'0010110110100101
Used module:     $paramod\GTP_LUT5\INIT=32'00000000111111111111111000000001
Used module:     $paramod$2575e7423f132250845889a230de6a8de3ea5a37\GTP_LUT6
Used module:     $paramod$94398b9d9f695e42c3fab57b2b9ebc18cad21343\GTP_LUT6
Used module:     $paramod$a96cfb8aa63230336e8b04668c49ff3a179737e0\GTP_LUT6
Used module:     $paramod$bfc4c308e31110aed365267812b7fa3c221d44d7\GTP_LUT6
Used module:     $paramod$63d01f1a1e42093f7e58c5953bf2ffae32d87976\GTP_LUT6
Used module:     $paramod$73d507c228778fe5984a1b4468ca7c436e7d4bad\GTP_LUT6
Used module:     $paramod$00282d4ba94f2dd06beb7bf4d4ddd77b8a1f83a7\GTP_LUT6
Used module:     $paramod$ab02dd1a77498fc3f4c362ecf2d09375bec842cc\GTP_LUT6
Used module:     $paramod$0c1bff3fadc77781e570879aae8af5d3373bfe0c\GTP_LUT6
Used module:     $paramod\GTP_LUT4\INIT=16'0110010101100110
Used module:     $paramod$a7a906ed5ff23dd606aa53c617bde43bd7b78798\GTP_LUT6
Used module:     $paramod$74054a69a6781eb5512d18b480a2b51582c190fb\GTP_LUT6
Used module:     $paramod\GTP_LUT5\INIT=32'01011001101001101001100101100110
Used module:     $paramod$ae14a3117ddd1d07e6670d28c60da4f97d80c2bd\GTP_LUT6
Used module:     $paramod$78ed729174005e4cda055af6cb97512daf967d44\GTP_LUT6
Used module:     $paramod$3baaa4fe1af22e505166e0abd1ead1640ac9df73\GTP_LUT6
Used module:     $paramod$8729638ba9748ed4e133555ca40aa1a4d79213e8\GTP_LUT6
Used module:     $paramod$4ea9881133b0b0367036115ab3f308aa906fb8a1\GTP_LUT6
Used module:     $paramod$8a5cb1c1cdbd86d8f71d1ffc26e07f1a9d0a15e3\GTP_LUT6
Used module:     $paramod$ea87aa70ee8e7ce739db474441a9ddf6bfe80de3\GTP_LUT6
Used module:     $paramod$34b794c01fe6963adc6e70cf27a5514289fc561f\GTP_LUT6
Used module:     $paramod$451edcc585f0591dfd36e65eb87d67486c3eaf75\GTP_LUT6
Used module:     $paramod$da9cffa1b0a4bc8c5f49557b0f68e66fc2b16b88\GTP_LUT6
Used module:     $paramod$a2c3fda4eb5dad064dcdbc3dfdd518970ebac5f0\GTP_LUT6
Used module:     $paramod$2c439bde1176f6ba389c053bdc436520dc3f53ef\GTP_LUT6
Used module:     $paramod$36699084b5e72bc429d2b6d1188ddf32aeb147f7\GTP_LUT6
Used module:     $paramod$50f8c7be95fef7bc04099bfb1b4813a59565aca0\GTP_LUT6
Used module:     $paramod\GTP_LUT5\INIT=32'11010010010110101101110101010101
Used module:     $paramod$cc4d010550c55b1c716248f8ca094bf32749d499\GTP_LUT6
Used module:     $paramod$bae379130e94cd88fe7075cfa429bff06db1647e\GTP_LUT6
Used module:     $paramod$6317a794f99de9b443bccb88ac3671ac4bb6c5ec\GTP_LUT6
Used module:     $paramod$889a23ce0162c6ad880b8e55cfbded9977ff1667\GTP_LUT6
Used module:     $paramod$5729668b3010591aa7cfbc0e39c291a55b076198\GTP_LUT6
Used module:     $paramod\GTP_LUT5\INIT=32'00010011111101011111010100110001
Used module:     $paramod\GTP_LUT4\INIT=16'0101100110011001
Used module:     $paramod$5445cf5d63cc3fdf97e48f421c33ab9cf3a70272\GTP_LUT6
Used module:     $paramod$a5039f71b8757ecb9f59390f18ff6219983fb1cd\GTP_LUT6
Used module:     $paramod$8ce5ec102138d17bc9c56cb87ebd2b3399eb575b\GTP_LUT6
Used module:     $paramod$f3b07fe58213463ba50f7d857df2815b2d8a286d\GTP_LUT6
Used module:     $paramod$83aa2e4c523a99b1c5777a79963bfa26fcd18912\GTP_LUT6
Used module:     $paramod$8fa8e9b5ff32606f15651c43f1cfd000147ea9fa\GTP_LUT6
Used module:     $paramod$843082a3bae9bf59a96ab68cc873498a5e8db881\GTP_LUT6
Used module:     $paramod$f2aecab80640810d7cb0f0d46f721e53bfea3fd7\GTP_LUT6
Used module:     $paramod$65b6766a5cb5be906a65cc106acbaf4679783ee1\GTP_LUT6
Used module:     $paramod$32fda0518f918b4b914975d946b311db612317d5\GTP_LUT6
Used module:     $paramod$8a22db0f62eb0fb4f3e89a3d4b3905b2e973b7ff\GTP_LUT6
Used module:     $paramod$1cb00b1e551f5bcdb99f6db3fcee793ee1e1c864\GTP_LUT6
Used module:     $paramod$a117fde88bea0488fc92b443b18e989549123c66\GTP_LUT6
Used module:     $paramod$cce3bb293c6c6fbf56fd6cf4217944155b7626f3\GTP_LUT6
Used module:     $paramod\GTP_LUT5\INIT=32'01010001111100111111001101010001
Used module:     $paramod\GTP_LUT4\INIT=16'0010100010101010
Used module:     $paramod\GTP_LUT5\INIT=32'00000000000000000000000000000100
Used module:     $paramod\GTP_LUT4\INIT=16'0010101011010101
Used module:     $paramod\GTP_LUT5\INIT=32'00001111111000010000111111110000
Used module:     $paramod\GTP_LUT4\INIT=16'1101001001011010
Used module:     $paramod\GTP_LUT5\INIT=32'00011000000000000000000000000000
Used module:     $paramod\GTP_LUT4\INIT=16'1100011001100110
Used module:     $paramod\GTP_LUT4\INIT=16'1000101011001111
Used module:     $paramod\GTP_LUT4\INIT=16'0010101000111111
Used module:     $paramod\GTP_LUT4\INIT=16'0010010000000000
Used module:     $paramod$db19050ea457a4e5e1e3753a0e548b2a1a282102\GTP_LUT6
Used module:     $paramod$62b4b0e93911d26954c59f57e19364dfc6ffeab3\GTP_LUT6
Used module:     $paramod$b3d1c2d718f6cface3c888a67b96d489d412f289\GTP_LUT6
Used module:     $paramod$5edb457411ca1e6b5852ed7e78b0868e1e976784\GTP_LUT6
Used module:     $paramod$0698c0046700177edd05da402ca298c0239d5408\GTP_LUT6
Used module:     $paramod\GTP_LUT5\INIT=32'01101010101001100101011001100101
Used module:     $paramod$fc30b3d1e2908d22a39731114591359f9cca6e98\GTP_LUT6
Used module:     $paramod$0545316f97ad6480c1bdf7e7e327a8867637eb33\GTP_LUT6
Used module:     $paramod$89c07ac79a154119ca00ab77bc146b2f150beac5\GTP_LUT6
Used module:     $paramod$6e7046a71153622b899e06a09d96f9e2d425e456\GTP_LUT6
Used module:     $paramod$4de1753cb540639d1b336bdb277d507385044b55\GTP_LUT6
Used module:     $paramod$43922d07075893d1e74ee28d10bca20f1bca928d\GTP_LUT6
Used module:     $paramod$ec5b187371ace2f0079db97b43555ea3002e646b\GTP_LUT6
Used module:     $paramod$bc2929788b7c5a177fe33ebea21523f7635525da\GTP_LUT6
Used module:     $paramod$9e66a747cb0a473915af2559837844df49660c7f\GTP_LUT6
Used module:     $paramod$39fcc30b3a77d9fe9f6aaf663ed9db960b80b8d8\GTP_LUT6
Used module:     $paramod$c82d392bd7a86b34a0ad44c18c62f9b844956103\GTP_LUT6
Used module:     $paramod$e84b590e044e0aa80fe73d1da2e5ba58ba7248a8\GTP_LUT6
Used module:     $paramod$e318ca13bdd3eb417e786e5b27813ccd04826f6b\GTP_LUT6
Used module:     $paramod$b892496ddc4ca23cae7132bc880c3ca548506eb8\GTP_LUT6
Used module:     $paramod$13de469b8af362167961a61e628e47b7eb25a982\GTP_LUT6
Used module:     $paramod$3ebc792c053e9a321234883bba74fcb193d9e358\GTP_LUT6
Used module:     $paramod$233a43b743c533fe665be9e7dcbff2f0d4a2897c\GTP_LUT6
Used module:     $paramod$187ce7335141e0440265815d126951729aa9f515\GTP_LUT6
Used module:     $paramod$1035fd4713dbef3481894453ceff46e20dd9e6df\GTP_LUT6
Used module:     $paramod$8400d7c106faa7d0bc2363790ed471568bd24e26\GTP_LUT6
Used module:     $paramod$f79e2320780da9747722ebfe5757971ceb26f16f\GTP_LUT6
Used module:     $paramod$6d85a20f85ffb2ad197674e86d34e64d868f3712\GTP_LUT6
Used module:     $paramod$b71a5bfcc3c23bc9b230696b2f90d4744d0d30f0\GTP_LUT6
Used module:     $paramod$a4129e84bcf48113c55df707cac89582dd5da306\GTP_LUT6
Used module:     $paramod$77d2a0bc16e6f4da1c24494c8cea23de63191617\GTP_LUT6
Used module:     $paramod$2c06c0f85d98eef5125489928bc424c2b80080bc\GTP_LUT6
Used module:     $paramod$76dcad30ee152e2c79d5a1c62c68b8f494c3de42\GTP_LUT6
Used module:     $paramod$fc54738aa20c5361a7cc6c42f258734b161dbecf\GTP_LUT6
Used module:     $paramod$c07eba62d99ff75fe91aa34e7ec716b241972db9\GTP_LUT6
Used module:     $paramod$b60975c8175364777d73679c8a5ba433ba1df7d5\GTP_LUT6
Used module:     $paramod$c4be406c161d6b90a51984ed20c688fecc873801\GTP_LUT6
Used module:     $paramod$0395f79417a703f7ff9fa820104ab71d032483d0\GTP_LUT6
Used module:     $paramod\GTP_LUT5\INIT=32'00000000000000000000100000000000
Used module:     $paramod\GTP_LUT5\INIT=32'11001110110011110011000100110000
Used module:     $paramod\GTP_LUT5\INIT=32'11001110001100011100111100110000
Used module:     $paramod\GTP_LUT5\INIT=32'00110001110011100011000011001111
Used module:     $paramod\GTP_LUT4\INIT=16'1000011110100101
Used module:     $paramod\GTP_LUT4\INIT=16'0011000100110000
Used module:     $paramod\GTP_LUT4\INIT=16'0010001110101111
Used module:     $paramod\GTP_LUT4\INIT=16'0111000000000111
Used module:     $paramod$25cb9c9ab8cf6c91149c70ef5d64b51170abae1a\GTP_LUT6
Used module:     $paramod$7b00a4ec5fc8f06423ddbb75ddc5da3ec288cd54\GTP_LUT6
Used module:     $paramod$980d934a061a28893692982b0f34a15db7d2a5dd\GTP_LUT6
Used module:     $paramod$99cdd9f5c5cd78bf2f46c0529fe8c25221ca9fde\GTP_LUT6
Used module:     $paramod\GTP_LUT5\INIT=32'10011010101010010101100110010101
Used module:     $paramod$1bee6e9d1a86be3a6fc5be10e348ee54d72c15ff\GTP_LUT6
Used module:     $paramod$26ceb6639bc026dcb5b5adf7c886989c2d67049f\GTP_LUT6
Used module:     $paramod$08f6bdbe26c23a5a55986e16cea32aec17bcab7e\GTP_LUT6
Used module:     $paramod$b8beca0fae37c08b48fcad681858c33d652a9be0\GTP_LUT6
Used module:     $paramod\GTP_LUT5\INIT=32'00000000100000001000000010000000
Used module:     $paramod$532e5c602221851b7020e7270e295af25581ebcc\GTP_LUT6
Used module:     $paramod$6763b602606b30155b9efa51c7aceb541fdd9d8d\GTP_LUT6
Used module:     $paramod$d2c51c604945303a3d6890b8b218d0864be8b989\GTP_LUT6
Used module:     $paramod$0cdfb0ebb605cfdd1a9c3909e84ce05257ff70a1\GTP_LUT6
Used module:     $paramod$505aabef23af6b7139dc8bdf56198a722fbd0db4\GTP_LUT6
Used module:     $paramod$f5d0c8e1c3a7898bd818c9cc8dd705ac654e75d6\GTP_LUT6
Used module:     $paramod\GTP_LUT4\INIT=16'0000100000000000
Used module:     $paramod$9d3052c0e0a07ded729f81fd3f383dd7dfa3fe79\GTP_LUT6
Used module:     $paramod$e38bd97661e71d5880599a976b003cc2edafafaa\GTP_LUT6
Used module:     $paramod$5b5ca128cd8d9956e89c2ed79c545d9ae0b2c356\GTP_LUT6
Used module:     $paramod\GTP_LUT5\INIT=32'11010100010001001101110111010100
Used module:     $paramod$f674485c781040b1bbcf450fd0b26dff6b5ab079\GTP_LUT6
Used module:     $paramod$e3afc37eb96e9732d18e353417186654877d064c\GTP_LUT6
Used module:     $paramod$d6522db9c321ab780db19ba7f3c2e80605bbef32\GTP_LUT6
Used module:     $paramod$bce5ed6b255f66cd84d67ad1b5e17b39631b2b10\GTP_LUT6
Used module:     $paramod$16fc402dddebbafdfe08a168c82919fcfe06d63f\GTP_LUT6
Used module:     $paramod$520801dc72d276995868182849a37db9d426c361\GTP_LUT6
Used module:     $paramod$36a444de04734c0ab76877f831ae98c03cca853e\GTP_LUT6
Used module:     $paramod$e9a16771f46b79be36f5a5297a3a49e4fcffb1fc\GTP_LUT6
Used module:     $paramod\GTP_LUT5\INIT=32'00100001000000000000000000000000
Used module:     $paramod\GTP_LUT4\INIT=16'1100011001100011
Used module:     $paramod$acad5c2dbf3b06b3316afa739101ed52fc6dbd7e\GTP_LUT6
Used module:     $paramod$5954771cf079246da12512f7cefc2273474faa53\GTP_LUT6
Used module:     $paramod\GTP_LUT5\INIT=32'00000000000000001000000000000010
Used module:     $paramod$4311dcdfb3bff1d0c114093752a37be97718df27\GTP_LUT6
Used module:     $paramod$7f3a2b451e279f4350e83a54f009767c19f9ec23\GTP_LUT6
Used module:     $paramod$4a468d69dd90ff892b6ce921df9591698a0e9737\GTP_LUT6
Used module:     $paramod$aab53cb39e1a75962d77d6ebc1a306bece600138\GTP_LUT6
Used module:     $paramod$118c01b5117faa83bb15b38cd11e1f0a6e70b733\GTP_LUT6
Used module:     $paramod\GTP_LUT5\INIT=32'00000000000000010000000000000000
Used module:     $paramod$100e00a58097e8121333b23eb182e6624d6cd71e\GTP_LUT6
Used module:     $paramod$8d5049152395b860cec1acfd212699bcfdf08348\GTP_LUT6
Used module:     $paramod\GTP_LUT3\INIT=8'11001001
Used module:     $paramod$5fcc04ce422a5cf3274ddd78114809db82ef40fb\GTP_LUT6
Used module:     $paramod\GTP_LUT5\INIT=32'01010100010101000101010010101011
Used module:     $paramod$c74ed7e0e6081c614d0b9c3d72b9a9d5729d1493\GTP_LUT6D
Used module:     $paramod$19ef2b67c3649c244ec7ad462df8626a037b183f\GTP_LUT6D
Used module:     $paramod$4ca73cb83a6434513df620c52c02d53f07d7885c\GTP_LUT6D
Used module:     $paramod$b285fb0183fc8ed32a2291ecb81e381af96e2c1a\GTP_LUT6D
Used module:     $paramod\GTP_LUT5D\INIT=32'11110000000011111001100110011001
Used module:     $paramod\GTP_LUT5D\INIT=32'10011001100110011111000000001111
Used module:     $paramod\GTP_LUT5D\INIT=32'01100110011001100000111111110000
Used module:     $paramod\GTP_LUT5D\INIT=32'00010001000100011111000000001111
Used module:     $paramod$663a60fac4706ce29605e774e286107ee0f091bc\GTP_LUT6D
Used module:     $paramod\GTP_LUT5D\INIT=32'10101111100011101010010110010110
Used module:     $paramod$13f87dbd0cda29f5cbbcd495ffbaca86983a17f8\GTP_LUT6D
Used module:     $paramod$de9896d065b31e6773756addfcbe0a6ad431baee\GTP_LUT6D
Used module:     $paramod$4b67f519b0c02ef713392416f1a57aa680847c50\GTP_LUT6D
Used module:     $paramod$07678622d602aa27263453677160791b3caef2b8\GTP_LUT6D
Used module:     $paramod$7c1902f686f7f0b011a361e09b7347e75bf58985\GTP_LUT6D
Used module:     $paramod$e6b5367c50057e7f3e9640db27e9aa4f00b4dc6a\GTP_LUT6D
Used module:     $paramod$7acb4de8d20cb8ab9fdd61eb1dc1df6178257c9f\GTP_LUT6D
Used module:     $paramod$0eed16c17d717d8acda3fb5bd03df5e15fcab290\GTP_LUT6D
Used module:     $paramod$f70fcbfb14e55cbfd961ece87ea23bb88719fa64\GTP_LUT6D
Used module:     $paramod$a4892fb414411c69875cc10b39ddd0caa9e41569\GTP_LUT6D
Used module:     $paramod$22ff744aa12c3b033634603342281eb63aa8ac32\GTP_LUT6D
Used module:     $paramod$0e23b05553fca2bee8a35a959072553837bebb7d\GTP_LUT6D
Used module:     $paramod$f88add07def0bba1c06ac052f18c71486d345ac2\GTP_LUT6D
Used module:     $paramod$4369fcf4d2c3ab07e7712cd8ff1d24f8d89bb8fa\GTP_LUT6D
Used module:     $paramod$9d7fb1e9b8b2c31e14ec56267b6cb14d7e8bc367\GTP_LUT6D
Used module:     $paramod\GTP_LUT5D\INIT=32'11111110111011000101011001100101
Used module:     $paramod$1c92da28ae33168b4856fc83508f9ec465d0b802\GTP_LUT6D
Used module:     $paramod\GTP_LUT4D\INIT=16'0001011110010110
Used module:     $paramod\GTP_LUT4D\INIT=16'1001011000010111
Used module:     $paramod\GTP_LUT4D\INIT=16'0110100100101011
Used module:     $paramod$5e2307217fd024c2d9480c98a257e087ac647511\GTP_LUT6D
Used module:     $paramod\GTP_LUT4D\INIT=16'0111000101101001
Used module:     $paramod\GTP_LUT4D\INIT=16'0100110101101001
Used module:     $paramod\GTP_LUT5D\INIT=32'00000000010111110000000001110111
Used module:     $paramod$b9db4f609f5bc3c50d6a572e4e1767be3b99030d\GTP_LUT6D
Used module:     $paramod$2d568aa60c41c0904c0da29ff7b1044523650045\GTP_LUT6D
Used module:     $paramod$cf6e3c61c24b8f9caf8961c7087ed6139d69638f\GTP_LUT6D
Used module:     $paramod$865667cae7d3ee7f699f219354f05c6cdd3219f5\GTP_LUT6D
Used module:     $paramod$6006032c9eaf17ecc77034d9592d89d2bc7d8dcc\GTP_LUT6D
Used module:     $paramod\GTP_LUT5D\INIT=32'11000000000011001010000000001010
Used module:     $paramod$2d2c4e3f1e87bb1ffe0b94ae07fafc5804659329\GTP_LUT6D
Used module:     $paramod$a38467204217eecc23fb32596de066d43bec5595\GTP_LUT6D
Used module:     $paramod$4dc8bf0225158bb6d8c39d7d0549f27ef7a17d50\GTP_LUT6D
Used module:     $paramod$5dddb8a83a7958c91cd8b8f4cb13a2876beffa27\GTP_LUT6D
Used module:     $paramod$c6572de392db062400cc899ea1d61ed2504e2f39\GTP_LUT6D
Used module:     $paramod$dfcb9f835d9d4e1e5b5d23a7bbfb5ae3d2af8457\GTP_LUT6D
Used module:     $paramod\GTP_LUT5D\INIT=32'00010111011101111001011001100110
Used module:     $paramod\GTP_LUT5D\INIT=32'01101001011010010110100110010110
Used module:     $paramod$265be2c54e40f32524fa9e50bf2ebeb57de2f4d9\GTP_LUT6D
Used module:     $paramod\GTP_LUT5D\INIT=32'00001111111100000000011101111111
Used module:     $paramod$e83e5e8e58ae40f7c33161053960092fa667e5ed\GTP_LUT6D
Used module:     $paramod$72bd458e1de53d60288b7228ac87a0ef03de37b3\GTP_LUT6D
Used module:     $paramod$605b6ec10415146449995f2253156fcdc707c4b9\GTP_LUT6D
Used module:     $paramod$5aa3b57c12d902ebec9ad09b2cb4940d4ab39fcf\GTP_LUT6D
Used module:     $paramod$af04101f996114950cd3c9ee5d7aba0a7c370ab4\GTP_LUT6D
Used module:     $paramod$8cdd4457caf263b5c1d693be1a2d477dc1ade346\GTP_LUT6D
Used module:     $paramod$273b170a3d2cfc29789665f17acb216f3d8462ff\GTP_LUT6D
Used module:     $paramod\GTP_LUT5D\INIT=32'01100101101001101000101000001000
Used module:     $paramod\GTP_LUT4D\INIT=16'0010001010011001
Used module:     $paramod$b6d0c08f46bf3d8abea009c932ab3f01f22138b6\GTP_LUT6D
Used module:     $paramod\GTP_LUT5D\INIT=32'00000000011101110000000001011111
Used module:     $paramod$58af62dce5620c79b8a2182aed73b1bd315c458f\GTP_LUT6D
Used module:     $paramod$192af9005372cfc961d1cb22d193f61debd63869\GTP_LUT6D
Used module:     $paramod$a8d41d6d3f5ba034e55533b88184c691f3b1d807\GTP_LUT6D
Used module:     $paramod$e215c8b2477d4bab7ddf243a806f37db68db1e32\GTP_LUT6D
Used module:     $paramod$1d537d805282ecae8fc5503250125245a74ea558\GTP_LUT6D
Used module:     $paramod$0314bd488a307ca2c23ce75bb5eb75337d1aabcf\GTP_LUT6D
Used module:     $paramod$02c030e4d2bd102143f19c08884974523e00c772\GTP_LUT6D
Used module:     $paramod\GTP_LUT4D\INIT=16'1000001011000011
Used module:     $paramod$7ee3e0686a0c3b106001acfff912715fec4b18fe\GTP_LUT6D
Used module:     $paramod$1eaa78a5f31231edd0db1f835051a0508ec11cc1\GTP_LUT6D
Used module:     $paramod$30e0c1a6f7b68d2b60ee77b39939e12740416f43\GTP_LUT6D
Used module:     $paramod$96f02e5d09f80b2a26441835c97e45a88d1e9d52\GTP_LUT6D
Used module:     $paramod$3e496141c6d18010dfa62f1e35d1c181f644504f\GTP_LUT6D
Used module:     $paramod$e8428a894787b9ced4a4b4908e4043452a6c1be4\GTP_LUT6D
Used module:     $paramod$bf1eb1bd12db96230ea27fcc7ba783d7f11c8fba\GTP_LUT6D
Used module:     $paramod$2cd3b4f9da1c99f72ee1f672ba6c6ac11a440b76\GTP_LUT6D
Used module:     $paramod$26318e9b8e61288adaf900d95ba9cf0f3f1d38b6\GTP_LUT6D
Used module:     $paramod\GTP_LUT5D\INIT=32'10010101101010010010101000000010
Used module:     $paramod$9c5cd3a5b940181802059b1476016e26f015bbfb\GTP_LUT6D
Used module:     $paramod$a29d70b0c13c029469e04d5a3164933a6a554bd6\GTP_LUT6D
Used module:     $paramod$7b17f47686b42d46b30408a92f332c8af086be08\GTP_LUT6D
Used module:     $paramod$9d1390b6997c134ef2d5fb0c4c0b6043bb33a0ce\GTP_LUT6D
Used module:     $paramod$abe5c3d8bef28b06b7856a72cf5fa56e4d397b0f\GTP_LUT6D
Used module:     $paramod$4abcecfa7b66bbf00ae540b33948734c97ef409e\GTP_LUT6D
Used module:     $paramod\GTP_LUT4D\INIT=16'0110100100010100
Used module:     $paramod$76d102a7659ec72b6eaa69adf6c361b8a46e8ee7\GTP_LUT6D
Used module:     $paramod\GTP_LUT5D\INIT=32'01101001011001100100110111101110
Used module:     $paramod\GTP_LUT5D\INIT=32'01000100010000011001100110010110
Used module:     $paramod\GTP_LUT5D\INIT=32'01101001100101100010101100010111
Used module:     $paramod$c5a60bee00a868aa3e860755cd139983ebccd833\GTP_LUT6D
Used module:     $paramod$40d0cecf4f8bad1327d3237f7695958c1fef5c12\GTP_LUT6D
Used module:     $paramod$5213a839f9bc2411c83c676f6b7e9263b81566c7\GTP_LUT6D
Used module:     $paramod$ad1cc42882d95944a28710ac6e0f6a4173aed33c\GTP_LUT6D
Used module:     $paramod\GTP_LUT5D\INIT=32'00000001000010110000110000001100
Used module:     $paramod$f91f8fedc400a9f48ddceeef36b789d3b5563b57\GTP_LUT6D
Used module:     $paramod\GTP_LUT5D\INIT=32'00001111000011000000111000001000
Used module:     $paramod$086d0b8b5336d060b895c385facb7edd8e7809b1\GTP_LUT6D
Used module:     $paramod\GTP_LUT4D\INIT=16'0110100111000011
Used module:     $paramod\GTP_LUT5D\INIT=32'10011001100110010000000000001111
Used module:     $paramod$d9ebd9aa5fa30ad2f3378d10b69c8e37e52ec775\GTP_LUT6D
Used module:     $paramod$52764f49bf79b8f1ece9a5fe230f6afb246ab353\GTP_LUT6D
Used module:     $paramod\GTP_LUT5D\INIT=32'00111100001111000010100010000001
Used module:     $paramod$ffbebf5a7dfb8ac10431e9fcda4ae2124f2275ed\GTP_LUT6D
Used module:     $paramod$26e2d62330d960086746c2bdcf3a9543f8d9ddd7\GTP_LUT6D
Used module:     $paramod$9e1608677a17416d91dfe2e76b52582cdcc817dd\GTP_LUT6D
Used module:     $paramod\GTP_LUT5D\INIT=32'01100110010101100110000000000110
Used module:     $paramod$f5b4a771051784ef8bd4621544d3e3e72b969ffe\GTP_LUT6D
Used module:     $paramod$690ab31e60aff93374e378bf68f0d0aa3897559a\GTP_LUT6D
Used module:     $paramod$2ea58139e8e40950a7b6beceebde8037590db721\GTP_LUT6D
Used module:     $paramod\GTP_LUT5D\INIT=32'10010101010101101010100110010101
Used module:     $paramod$a82c0463d02540e0a7f9784e5ed52a4e3e5a5699\GTP_LUT6D
Used module:     $paramod\GTP_LUT5D\INIT=32'01101010010101101000000010101000
Used module:     $paramod$5f4ded81c701432bb94929626fbaf47fa152ace1\GTP_LUT6D
Used module:     $paramod$159e8a91e599e162ba070dfe39c45a814f99c545\GTP_LUT6D
Used module:     $paramod$52a7ce304cccbdeb44552a3aed27bc1affb342c0\GTP_LUT6D
Used module:     $paramod$5e7e55cf33b7a8a908b74660732d9936165d37f9\GTP_LUT6D
Used module:     $paramod$51ba3dd58ea909a37fb1f2eee95066118db29344\GTP_LUT6D
Used module:     $paramod$0655169cba5e3f064d9800dfef6ec6bcdeb170f5\GTP_LUT6D
Used module:     $paramod$787ae1743757152282c433fae28d2873c77d959e\GTP_LUT6D
Used module:     $paramod$b9382d814e2aea547f778b95697bd5f02afe8316\GTP_LUT6D
Used module:     $paramod\GTP_LUT5D\INIT=32'00001000000100000010001001000100
Used module:     $paramod$a485649d3eb0d8db2ff413694bf3c13ed93104cf\GTP_LUT6D
Used module:     $paramod$bf688044d7006f24a363a8d8d35e419b81fa65a2\GTP_LUT6D
Used module:     $paramod$6a67e7ad5b769ae5137628890a68e5ba28d12845\GTP_LUT6D
Used module:     $paramod$7b5909897606972abb60700600c387653b8a7ba7\GTP_LUT6D
Used module:     $paramod\GTP_LUT5D\INIT=32'00111100110000110010100010000010
Used module:     $paramod$597daf74c79db71ea5fb24ac28d1cfa8991db059\GTP_LUT6D
Used module:     $paramod$563f51d25410d6118c7e396eb867c7efbe7af022\GTP_LUT6D
Used module:     $paramod\GTP_LUT5D\INIT=32'00000011000000110000000001010101
Used module:     $paramod\GTP_LUT5D\INIT=32'00000000110011000000010100000101
Used module:     $paramod$6be2243df3419684253c0740e43b1f519e5d2c96\GTP_LUT6D
Used module:     $paramod$16623ac16ae526b23f4cb05594c798b0a70ff496\GTP_LUT6D
Used module:     $paramod\GTP_LUT5D\INIT=32'00000001000000010000000000001111
Used module:     $paramod$b660817e25f55c8ce8371902b7ad56a879ba35a9\GTP_LUT6D
Used module:     $paramod$f00df641984b4bea474a3ef6662361539873b43b\GTP_LUT6D
Used module:     $paramod$038e4ba1483bc624d4c6b7f7de52906df87c9716\GTP_LUT6D
Used module:     $paramod\GTP_LUT5D\INIT=32'00100010010001000000100000010000
Used module:     $paramod\GTP_LUT5D\INIT=32'01000001100000100001010000101000
Used module:     $paramod\GTP_LUT5D\INIT=32'00010100001010000100000110000010
Used module:     $paramod\GTP_LUT5D\INIT=32'00010010010010000000100000010000
Used module:     $paramod$13e9608e46f2b6eccab0c62899183bddb83cac84\GTP_LUT6D
Used module:     $paramod$cac5c5ed07741e3e2f7abc035279250e650f99c5\GTP_LUT6D
Used module:     $paramod$629d318561296051405d58284773c5f52216aaa7\GTP_LUT6D
Used module:     $paramod$4f78b3b7cd5b543ab8c134b41c71c449300afab6\GTP_LUT6D
Used module:     $paramod$1ef34b57305a4e0229636a5cc6737a287b27e720\GTP_LUT6D
Used module:     $paramod$4a9f379797ccaed49d6a9967b7d3a42643cb192d\GTP_LUT6D
Used module:     $paramod$ec5d0dc905d6ad8270546299d86b6ca7cf43de37\GTP_LUT6D
Used module:     $paramod$8b7e035186a3e3027a3da34d7d7ff1450f157b12\GTP_LUT6D
Used module:     $paramod$8d17d4835318073197855e7490a402d852f3d207\GTP_LUT6D
Used module:     $paramod$3935c2a93c33adc9efef7e9c0061abf8aaba0833\GTP_LUT6D
Used module:     $paramod$36f5a139f57fa7bf0bef52b4df7cbd94b8b51658\GTP_LUT6D
Used module:     $paramod$4c1528fe78c382d0196c38cbf937dc9679ffe4b4\GTP_LUT6D
Used module:     $paramod$890293a43a73f602fc41116aec2a62ef37960c8a\GTP_LUT6D
Used module:     $paramod$e8e6c6aea26e44cb45a613aa5af87caed1579c1e\GTP_LUT6D
Used module:     $paramod\GTP_LUT5D\INIT=32'01000101110111110110010110011010
Used module:     $paramod$1701ef29f54fea5ccd70166e08f34a46c09e0ed5\GTP_LUT6D
Used module:     $paramod\GTP_LUT5D\INIT=32'10101001100101011001010101010110
Used module:     $paramod\GTP_LUT4D\INIT=16'0100000100110110
Used module:     $paramod\GTP_LUT4D\INIT=16'0101011010000000
Used module:     $paramod\GTP_LUT5D\INIT=32'01100110011001101000111011101000
Used module:     $paramod$611a59fcc887864f97613ac41ce674606e45bd44\GTP_LUT6D
Used module:     $paramod$90e1ff3b39af34dda09da336007f1fda9a029c6c\GTP_LUT6D
Used module:     $paramod$884b33cf6acde35fda5e2b074198f4c80a807029\GTP_LUT6D
Used module:     $paramod\GTP_LUT4D\INIT=16'1101010010011001
Used module:     $paramod\GTP_LUT5D\INIT=32'01110001000101110110011001100110
Used module:     $paramod\GTP_LUT5D\INIT=32'11011101000011011111000000001111
Used module:     $paramod$94b811dfb8d71f865d38a419d7c699ccc2e35766\GTP_LUT6D
Used module:     $paramod\GTP_LUT5D\INIT=32'01101001100101100110000011110110
Used module:     $paramod\GTP_LUT4D\INIT=16'1011001010010110
Used module:     $paramod$fe15a6b357003dabee975b4b2014fae33ada1ca6\GTP_LUT6D
Used module:     $paramod$a9c86e4bcc102f4ca8ef3327692aef41b82bcdc2\GTP_LUT6D
Used module:     $paramod$cd0b9cda9ec51e637a1eeab29f6e100ee623e7b5\GTP_LUT6D
Used module:     $paramod$b712c49b3f96e9a614b70e4f0b442aff5cffc855\GTP_LUT6D
Used module:     $paramod$0d1b702c1faf80d7d99bd41ea15e4ba10fecd2eb\GTP_LUT6D
Used module:     $paramod$00e928caef9ae0c4746e4a6e478588ad9d15b493\GTP_LUT6D
Used module:     $paramod$5cc63922fbcd60a009a4f5fcef3ccda92c53a403\GTP_LUT6D
Used module:     $paramod$be1dd9700b8792a138cb222cabe73972cc7ba51c\GTP_LUT6D
Used module:     $paramod$83e388f730fa45be9e1a2ebea51c35ea0cb3e511\GTP_LUT6D
Used module:     $paramod$69dffe266dc9b4138043e538e2bc9bf185d3541a\GTP_LUT6D
Used module:     $paramod$4f0209f8364e7a6a67c7df1aba523b53427c2b6d\GTP_LUT6D
Used module:     $paramod$8c9cf5cd6f914d1400dd8c47f4ec4720a3d91d99\GTP_LUT6D
Used module:     $paramod\GTP_LUT5D\INIT=32'00000000000001010000000000110011
Used module:     $paramod$42c2dbc7db875e57d3c3ce41e05db844abeb5d0a\GTP_LUT6D
Used module:     $paramod$0388bbc825b6283ef476014a43cc42270d7c451a\GTP_LUT6D
Used module:     $paramod$82d54c5a1ee1755b04354ab746721f28ec3a551b\GTP_LUT6D
Used module:     $paramod$758c79c506aacfff9e2fe6264413a7362382b3f6\GTP_LUT6D
Used module:     $paramod$133aa02276e7ff3144f6254d27d975f2224735d6\GTP_LUT6D
Used module:     $paramod\GTP_LUT5D\INIT=32'00000000000000010000000000001111
Used module:     $paramod\GTP_LUT5D\INIT=32'00000000000000010001000100010001
Used module:     $paramod\GTP_LUT5D\INIT=32'01010101010110100011100100111100
Used module:     $paramod$1eb58f7770a3246745b2b65e142afed761ca4d92\GTP_LUT6D
Used module:     $paramod$ee69c2c4e6f83239f41da02885809ed0efc133d7\GTP_LUT6D
Used module:     $paramod\GTP_LUT5D\INIT=32'01000001100000101000000000000001
Used module:     $paramod$9160f5f2ed146e5930c9677bd3bc262c1087f885\GTP_LUT6D
Used module:     $paramod$faefe5befe7161e0c4e6d9bdfb104277d3bda3cd\GTP_LUT6D
Used module:     $paramod$a74b56fbd09adbe68260a9c3604b2718ba40267b\GTP_LUT6D
Used module:     $paramod$b5e0740d2c8d2bc0d84912f0260af0cae6b97fdc\GTP_LUT6D
Used module:     $paramod$0ad5de74675881144a1c1f8db786412874e582f8\GTP_LUT6D
Used module:     $paramod$e40d21eb121a77cea029f37aadd479842bb5f328\GTP_LUT6D
Used module:     $paramod$b8f306825f1047a219c4f088f3b60265c95112c8\GTP_LUT6D
Used module:     $paramod$a828110721db22a47f96f6541e0b59d8a328c9ee\GTP_LUT6D
Used module:     $paramod$c980646285e72276b41e226095ee918b51922510\GTP_LUT6D
Used module:     $paramod$4576dcdc7bb48dc2e4cf38b66ca78b99a223d85b\GTP_LUT6D
Used module:     $paramod$37c1271ee1e833d7821c22ba55c7de8265e7b25a\GTP_LUT6D
Used module:     $paramod\GTP_LUT5D\INIT=32'00111100001111000110100111111111
Used module:     $paramod\GTP_LUT5D\INIT=32'10100101101001011100110000110011
Used module:     $paramod\GTP_LUT5D\INIT=32'01000100010001000000000000001111
Used module:     $paramod$c2aaeaf0960701313ad879bb1717dd1338371ffb\GTP_LUT6D
Used module:     $paramod$4c7fe9ea2b04aeccc57e67f9e80eee5427e4853a\GTP_LUT6D
Used module:     $paramod$a50e64fa03fe69e8afb8f204482c1dbd1d13024e\GTP_LUT6D
Used module:     $paramod$23cce9c356833b259b7f73ed2930ca70cd693cb5\GTP_LUT6D
Used module:     $paramod$4b1d4a4e00bc7cba53607ea16945c030bed79b8b\GTP_LUT6D
Used module:     $paramod$f87eed37ebd0c84f83f0c9f7832d42f42d5cc4b9\GTP_LUT6D
Used module:     $paramod$6520c545c64c11bae0b99cc2ea22f9b7d6cd69d6\GTP_LUT6D
Used module:     $paramod\GTP_LUT5D\INIT=32'00010001000100010000000000000101
Used module:     $paramod\GTP_LUT5D\INIT=32'00000101000001010000000000000011
Used module:     $paramod\GTP_LUT5D\INIT=32'00010001000100010000000000000011
Used module:     $paramod\GTP_LUT5D\INIT=32'00000000000000110000000001010101
Used module:     $paramod\GTP_LUT5D\INIT=32'00000011000000110000000000000101
Used module:     $paramod\GTP_LUT5D\INIT=32'00000000001000100000000000001111
Used module:     $paramod\GTP_LUT4D\INIT=16'0000010100000011
Used module:     $paramod$8f0c90adc20bc393b9085fd7c039b8c9c12305ca\GTP_LUT6D
Used module:     $paramod$7e8c8a6bb8073598b1ec09b1d67f7df3a1c1f6ed\GTP_LUT6D
Used module:     $paramod$b1e42903ef5de79f32b98dc9609f39aa9d57ca1d\GTP_LUT6D
Used module:     $paramod\GTP_LUT4D\INIT=16'0001000010000010
Used module:     $paramod\GTP_LUT5D\INIT=32'10000010100000010100010001000010
Used module:     $paramod$7f36db939656e77cf50b518b8ceafb98c6486c4a\GTP_LUT6D
Used module:     $paramod$035a32ca2bf8d9f4fefd44d4491411ab99a7d638\GTP_LUT6D
Used module:     $paramod$c5d33333e0aa97c6620c4c3a5f1534d8a6859f8f\GTP_LUT6D
Used module:     $paramod$d5e27bbb3ed1593f65ab1a6df0589a3ff34450c1\GTP_LUT6D
Used module:     $paramod$c34dfab3c2f32618d93d23c5ae9a8d597a110f62\GTP_LUT6D
Used module:     $paramod$c8d43438539a2e791cda345577356a9bdb5e4844\GTP_LUT6D
Used module:     $paramod$748a0635dd8dac5c478953003bfeb4917c414cf9\GTP_LUT6D
Used module:     $paramod$3b810c56aff8be4e45400958f9bdb7f2b6d83549\GTP_LUT6D
Used module:     $paramod$71e0823e6b658cff8244b7af678ec7f1eed498fe\GTP_LUT6D
Used module:     $paramod$5e6151bf8f62efe7536976f72e5d8c1468171060\GTP_LUT6D
Used module:     $paramod$e9cbdff4e82c83c590e3b52df6eabbe11454829b\GTP_LUT6D
Used module:     $paramod$c911b412edbbaf7bee0c4d9b508b98e12ee5dc60\GTP_LUT6D
Used module:     $paramod$eb3f3bb9879aa6e82fd19d22b364a12c9652082c\GTP_LUT6D
Used module:     $paramod$1337f2478a11272d14aafd49344dc7332ef553f0\GTP_LUT6D
Used module:     $paramod$df9d61511b1a2d4b4eb33ea70a7a6c79a63df8c0\GTP_LUT6D
Used module:     $paramod$d3df45c4d601edf3a5e60e51911a94837e3588b4\GTP_LUT6D
Used module:     $paramod$353462357b8e43f68672054d5279988256149e16\GTP_LUT6D
Used module:     $paramod$e9ddcb82a2a209a4958646d0f6cedb7d864f230e\GTP_LUT6D
Used module:     $paramod$e6c3202069b951b44f7e3ece612343b35bbddef9\GTP_LUT6D
Used module:     $paramod$d4a50317406e9d52a110a4b0c28f82ce223b4f46\GTP_LUT6D
Used module:     $paramod\GTP_LUT5D\INIT=32'10001111111011111001111101100000
Used module:     $paramod$27fd6f63f9bb96cd4c080e47fd438397a1dec72e\GTP_LUT6D
Used module:     $paramod$f9b99df59eb038b9673dba6ff6b6ba10fd7265a5\GTP_LUT6D
Used module:     $paramod\GTP_LUT5D\INIT=32'01011010101010100110110011001100
Used module:     $paramod$8040011029de3a5e7ff3a2b5f3f5d8e676d9a206\GTP_LUT6D
Used module:     $paramod\GTP_LUT5D\INIT=32'10111110001010001100001111000011
Used module:     $paramod\GTP_LUT5D\INIT=32'00101011001000100110100101100110
Used module:     $paramod\GTP_LUT4D\INIT=16'1101010010010110
Used module:     $paramod\GTP_LUT5D\INIT=32'00000101010101010111011101110010
Used module:     $paramod$4940a3b74b134303a91ca8585e3fe1d958ddbe19\GTP_LUT6D
Used module:     $paramod\GTP_LUT4D\INIT=16'1011001010011001
Used module:     $paramod$e4acf14cfe04d1cf7901e4011b8a3fe6c183e47f\GTP_LUT6D
Used module:     $paramod\GTP_LUT5D\INIT=32'11011110010010001001011001101001
Used module:     $paramod$358fc67897eab61e373881cac16865f0b6298079\GTP_LUT6D
Used module:     $paramod$94af045e6525b358398e9c793145859df1d78df2\GTP_LUT6D
Used module:     $paramod$8dbe290f62eaf6cea30392aadeb74c686684a1bc\GTP_LUT6D
Used module:     $paramod$f4ecca0b3f3137ec4c6888b363247477bf563bdf\GTP_LUT6D
Used module:     $paramod$aff55447f6b84c66607023a075cd7cc6b361bc11\GTP_LUT6D
Used module:     $paramod$f8a726c1d6c7558c89793e3b3b1f9651bbac057f\GTP_LUT6D
Used module:     $paramod$7e5cf34c68dfdebaec2cba497693e79f5e1fc716\GTP_LUT6D
Used module:     $paramod$13a8f65be051a066330c04d2f8490ce547df39a8\GTP_LUT6D
Used module:     $paramod$0bf6e0c8f341cb7962ae2ad51da7edd3ed41e5a3\GTP_LUT6D
Used module:     $paramod$9b5188f1fb63fd684f8717a9d65fd9f7dcf67fdc\GTP_LUT6D
Used module:     $paramod$d1b16b1e37f44c7a8103c37c41468c60f3c659b9\GTP_LUT6D
Used module:     $paramod\GTP_LUT5D\INIT=32'00010001000100010000000000001111
Used module:     $paramod\GTP_LUT5D\INIT=32'10011001100110010000000011110000
Used module:     $paramod$0868f2096dfd523986dd6dc7e88cc72865cf14d7\GTP_LUT6D
Used module:     $paramod$60f275acb8c843c85f8442c7c4b3bf7dc6e62c10\GTP_LUT6D
Used module:     $paramod$2ca9cb3e00dacd82908b4b99ae6fc0762ec452a0\GTP_LUT6D
Used module:     $paramod$3bb73babd5ad3f8f7744de694e089963f368714d\GTP_LUT6D
Used module:     $paramod\GTP_LUT5D\INIT=32'00101000001010000000111111100001
Used module:     $paramod\GTP_LUT5D\INIT=32'00000000000011110000000000100010
Used module:     $paramod$ecbaf444578fc51993aed171e3f6d61340556124\GTP_LUT6D
Used module:     $paramod\GTP_LUT5D\INIT=32'11110000000000001000100010001000
Used module:     $paramod\GTP_LUT5D\INIT=32'11000000110000001000000000000000
Used module:     $paramod$c4ccd854db31f5cbe8e9bed9ade210a6e5518838\GTP_LUT6D
Used module:     $paramod\GTP_LUT5D\INIT=32'10110010001010111001100110011001
Used module:     $paramod$36170dc405027d1bc2851f21048400928ab5ec67\GTP_LUT6D
Used module:     $paramod\GTP_LUT5D\INIT=32'10010110011010010001001001111011
Used module:     $paramod$6f850ba08798adc45263509eaf2c6a5b40a259ce\GTP_LUT6D
Used module:     $paramod\GTP_LUT4D\INIT=16'1001011010110010
Used module:     $paramod\GTP_LUT4D\INIT=16'1010010110010110
Used module:     $paramod\GTP_LUT4D\INIT=16'1001011011000011
Used module:     $paramod\GTP_LUT5D\INIT=32'00100001000100101001011001101001
Used module:     $paramod\GTP_LUT5D\INIT=32'10010110011010011100001100111100
Used module:     $paramod\GTP_LUT4D\INIT=16'1001011011010100
Used module:     $paramod\GTP_LUT4D\INIT=16'0010000110010110
Used module:     $paramod$db4c8c9d6c9c7ea04e4736c74e691ec3c79521e7\GTP_LUT6D
Used module:     $paramod$e2264bb769c178c3a81dfebcc6fb105dc9012e6a\GTP_LUT6D
Used module:     $paramod\GTP_LUT5D\INIT=32'01011001011010101010001010000000
Used module:     $paramod$4b94f0516362c2d9cdc7341fa86e0c55801e05f0\GTP_LUT6D
Used module:     $paramod$40e4b3212a4eaf979749fd36834bde5437e657c4\GTP_LUT6D
Used module:     $paramod$a0638cc5b8726831f44eaeacd98d9b55adcce07c\GTP_LUT6D
Used module:     $paramod$80c03b42649213f138cb634205e50e28450e4120\GTP_LUT6D
Used module:     $paramod$c0d1065e78e1346c0ab4ee74ceb5f7b3d29e474a\GTP_LUT6D
Used module:     $paramod$663d0dba9367529a6488b76ce731570352731351\GTP_LUT6D
Used module:     $paramod$68e36ed8863c92a90032264e505e3558c82dd0b7\GTP_LUT6D
Used module:     $paramod\GTP_LUT5D\INIT=32'00110011001111000110011001101001
Used module:     $paramod\GTP_LUT4D\INIT=16'1001011001000001
Used module:     $paramod\GTP_LUT5D\INIT=32'00010001000101000110011001101001
Used module:     $paramod\GTP_LUT4D\INIT=16'0000010001011001
Used module:     $paramod\GTP_LUT5D\INIT=32'01010110101010010101011001010110
Used module:     $paramod$acb62fed11ccab547a800d8a04aff18e8719a445\GTP_LUT6D
Used module:     $paramod$7393ed2b09f69b0645196452c1c6f2e6ab82ad30\GTP_LUT6D
Used module:     $paramod$3960a9baeb8c0687091c1985541763e74c0b2083\GTP_LUT6D
Used module:     $paramod\GTP_LUT4D\INIT=16'1001011001001000
Used module:     $paramod$16db2107d645ca722e86e2a2ae8922798eba9f0d\GTP_LUT6D
Used module:     $paramod$96f43a787c1335e5c11376e0c04f57a7046667b5\GTP_LUT6D
Used module:     $paramod\GTP_LUT5D\INIT=32'11000011110000110101010101100110
Used module:     $paramod$96c3ff2af8756ecece6b49c9a2c2e2bb536deebd\GTP_LUT6D
Used module:     $paramod$96e4d3eaff7878b34fc057f70cefe52dca6c0e01\GTP_LUT6D
Used module:     $paramod$7b3b9838a7e08f224aedbc575c24b539d6918093\GTP_LUT6D
Used module:     $paramod$ef8e039cafdf0043337b49e730795e397e7aa121\GTP_LUT6D
Used module:     $paramod$b7e4cf899a2a68e151ab0428102edfc5b669837e\GTP_LUT6D
Used module:     $paramod\GTP_LUT5D\INIT=32'01101001100110010000111111110000
Used module:     $paramod\GTP_LUT5D\INIT=32'00000000111011101111000000000000
Used module:     $paramod\GTP_LUT5D\INIT=32'01101010100101011000000001000000
Used module:     $paramod\GTP_LUT4D\INIT=16'0110100110000100
Used module:     $paramod$24537aff8e09fc8136d6ccebea38e7c67469f4eb\GTP_LUT6D
Used module:     $paramod\GTP_LUT5D\INIT=32'01101001100110011001000000000000
Used module:     $paramod$0762fcb99f6a367f0ccef7fde05eaff044ccf441\GTP_LUT6D
Used module:     $paramod$7953a6647d1ea32e50f317f116e6b3f1e29b2a4e\GTP_LUT6D
Used module:     $paramod$6ca1a5fb5d03a9ae5366277f2f28e1b7bb28e0cc\GTP_LUT6D
Used module:     $paramod$3f0478ecb976d55c8e00bd5b4ae6bda3c1052c95\GTP_LUT6D
Used module:     $paramod$9bb2781f6de0e885505a0d0e6be8ff4363f9f6ce\GTP_LUT6D
Used module:     $paramod\GTP_LUT4D\INIT=16'1100100100100010
Used module:     $paramod\GTP_LUT5D\INIT=32'10100110101001011100110011000011
Used module:     $paramod\GTP_LUT5D\INIT=32'01100110010101100011001100000001
Used module:     $paramod$2ea35650643077fc43ddbf640d273dc9ca798139\GTP_LUT6D
Used module:     $paramod\GTP_LUT5D\INIT=32'00111100001101100100000101000001
Used module:     $paramod\GTP_LUT5D\INIT=32'11001100001110010000001000000010
Used module:     $paramod$b098c66f9c2eeee0147739dfabb7d3bf125ecb92\GTP_LUT6D
Removing unused module `\GTP_LUT4D'.
Removing unused module `\GTP_LUT5D'.
Removing unused module `\GTP_LUT6D'.
Removing unused module `\GTP_LUT6'.
Removing unused module `\GTP_LUT5'.
Removing unused module `\GTP_LUT4'.
Removing unused module `\GTP_LUT3'.
Removing unused module `\GTP_LUT2'.
Removing unused module `\GTP_LUT1'.
Removed 9 unused modules.

4. Executing FLATTEN pass (flatten design).
Deleting now unused module $paramod$6ca1a5fb5d03a9ae5366277f2f28e1b7bb28e0cc\GTP_LUT6D.
Deleting now unused module $paramod$7953a6647d1ea32e50f317f116e6b3f1e29b2a4e\GTP_LUT6D.
Deleting now unused module $paramod$0762fcb99f6a367f0ccef7fde05eaff044ccf441\GTP_LUT6D.
Deleting now unused module $paramod\GTP_LUT5D\INIT=32'01101001100110011001000000000000.
Deleting now unused module $paramod$24537aff8e09fc8136d6ccebea38e7c67469f4eb\GTP_LUT6D.
Deleting now unused module $paramod\GTP_LUT4D\INIT=16'0110100110000100.
Deleting now unused module $paramod\GTP_LUT5D\INIT=32'01101010100101011000000001000000.
Deleting now unused module $paramod\GTP_LUT5D\INIT=32'00000000111011101111000000000000.
Deleting now unused module $paramod\GTP_LUT5D\INIT=32'01101001100110010000111111110000.
Deleting now unused module $paramod$b7e4cf899a2a68e151ab0428102edfc5b669837e\GTP_LUT6D.
Deleting now unused module $paramod$ef8e039cafdf0043337b49e730795e397e7aa121\GTP_LUT6D.
Deleting now unused module $paramod$7b3b9838a7e08f224aedbc575c24b539d6918093\GTP_LUT6D.
Deleting now unused module $paramod$96e4d3eaff7878b34fc057f70cefe52dca6c0e01\GTP_LUT6D.
Deleting now unused module $paramod$96c3ff2af8756ecece6b49c9a2c2e2bb536deebd\GTP_LUT6D.
Deleting now unused module $paramod\GTP_LUT5D\INIT=32'11000011110000110101010101100110.
Deleting now unused module $paramod$96f43a787c1335e5c11376e0c04f57a7046667b5\GTP_LUT6D.
Deleting now unused module $paramod$16db2107d645ca722e86e2a2ae8922798eba9f0d\GTP_LUT6D.
Deleting now unused module $paramod\GTP_LUT4D\INIT=16'1001011001001000.
Deleting now unused module $paramod$3960a9baeb8c0687091c1985541763e74c0b2083\GTP_LUT6D.
Deleting now unused module $paramod$7393ed2b09f69b0645196452c1c6f2e6ab82ad30\GTP_LUT6D.
Deleting now unused module $paramod$acb62fed11ccab547a800d8a04aff18e8719a445\GTP_LUT6D.
Deleting now unused module $paramod\GTP_LUT5D\INIT=32'01010110101010010101011001010110.
Deleting now unused module $paramod\GTP_LUT4D\INIT=16'0000010001011001.
Deleting now unused module $paramod\GTP_LUT5D\INIT=32'00010001000101000110011001101001.
Deleting now unused module $paramod\GTP_LUT4D\INIT=16'1001011001000001.
Deleting now unused module $paramod\GTP_LUT5D\INIT=32'00110011001111000110011001101001.
Deleting now unused module $paramod$68e36ed8863c92a90032264e505e3558c82dd0b7\GTP_LUT6D.
Deleting now unused module $paramod$663d0dba9367529a6488b76ce731570352731351\GTP_LUT6D.
Deleting now unused module $paramod$c0d1065e78e1346c0ab4ee74ceb5f7b3d29e474a\GTP_LUT6D.
Deleting now unused module $paramod$80c03b42649213f138cb634205e50e28450e4120\GTP_LUT6D.
Deleting now unused module $paramod$a0638cc5b8726831f44eaeacd98d9b55adcce07c\GTP_LUT6D.
Deleting now unused module $paramod$40e4b3212a4eaf979749fd36834bde5437e657c4\GTP_LUT6D.
Deleting now unused module $paramod$4b94f0516362c2d9cdc7341fa86e0c55801e05f0\GTP_LUT6D.
Deleting now unused module $paramod\GTP_LUT5D\INIT=32'01011001011010101010001010000000.
Deleting now unused module $paramod$e2264bb769c178c3a81dfebcc6fb105dc9012e6a\GTP_LUT6D.
Deleting now unused module $paramod$db4c8c9d6c9c7ea04e4736c74e691ec3c79521e7\GTP_LUT6D.
Deleting now unused module $paramod\GTP_LUT4D\INIT=16'0010000110010110.
Deleting now unused module $paramod\GTP_LUT4D\INIT=16'1001011011010100.
Deleting now unused module $paramod\GTP_LUT5D\INIT=32'10010110011010011100001100111100.
Deleting now unused module $paramod\GTP_LUT5D\INIT=32'00100001000100101001011001101001.
Deleting now unused module $paramod\GTP_LUT4D\INIT=16'1001011011000011.
Deleting now unused module $paramod\GTP_LUT4D\INIT=16'1010010110010110.
Deleting now unused module $paramod\GTP_LUT4D\INIT=16'1001011010110010.
Deleting now unused module $paramod$6f850ba08798adc45263509eaf2c6a5b40a259ce\GTP_LUT6D.
Deleting now unused module $paramod\GTP_LUT5D\INIT=32'10010110011010010001001001111011.
Deleting now unused module $paramod$36170dc405027d1bc2851f21048400928ab5ec67\GTP_LUT6D.
Deleting now unused module $paramod\GTP_LUT5D\INIT=32'10110010001010111001100110011001.
Deleting now unused module $paramod$c4ccd854db31f5cbe8e9bed9ade210a6e5518838\GTP_LUT6D.
Deleting now unused module $paramod\GTP_LUT5D\INIT=32'11000000110000001000000000000000.
Deleting now unused module $paramod\GTP_LUT5D\INIT=32'11110000000000001000100010001000.
Deleting now unused module $paramod$ecbaf444578fc51993aed171e3f6d61340556124\GTP_LUT6D.
Deleting now unused module $paramod\GTP_LUT5D\INIT=32'00000000000011110000000000100010.
Deleting now unused module $paramod\GTP_LUT5D\INIT=32'00101000001010000000111111100001.
Deleting now unused module $paramod$3bb73babd5ad3f8f7744de694e089963f368714d\GTP_LUT6D.
Deleting now unused module $paramod$2ca9cb3e00dacd82908b4b99ae6fc0762ec452a0\GTP_LUT6D.
Deleting now unused module $paramod$60f275acb8c843c85f8442c7c4b3bf7dc6e62c10\GTP_LUT6D.
Deleting now unused module $paramod$0868f2096dfd523986dd6dc7e88cc72865cf14d7\GTP_LUT6D.
Deleting now unused module $paramod\GTP_LUT5D\INIT=32'10011001100110010000000011110000.
Deleting now unused module $paramod\GTP_LUT5D\INIT=32'00010001000100010000000000001111.
Deleting now unused module $paramod$d1b16b1e37f44c7a8103c37c41468c60f3c659b9\GTP_LUT6D.
Deleting now unused module $paramod$9b5188f1fb63fd684f8717a9d65fd9f7dcf67fdc\GTP_LUT6D.
Deleting now unused module $paramod$0bf6e0c8f341cb7962ae2ad51da7edd3ed41e5a3\GTP_LUT6D.
Deleting now unused module $paramod$13a8f65be051a066330c04d2f8490ce547df39a8\GTP_LUT6D.
Deleting now unused module $paramod$7e5cf34c68dfdebaec2cba497693e79f5e1fc716\GTP_LUT6D.
Deleting now unused module $paramod$f8a726c1d6c7558c89793e3b3b1f9651bbac057f\GTP_LUT6D.
Deleting now unused module $paramod$aff55447f6b84c66607023a075cd7cc6b361bc11\GTP_LUT6D.
Deleting now unused module $paramod$f4ecca0b3f3137ec4c6888b363247477bf563bdf\GTP_LUT6D.
Deleting now unused module $paramod$8dbe290f62eaf6cea30392aadeb74c686684a1bc\GTP_LUT6D.
Deleting now unused module $paramod$94af045e6525b358398e9c793145859df1d78df2\GTP_LUT6D.
Deleting now unused module $paramod$358fc67897eab61e373881cac16865f0b6298079\GTP_LUT6D.
Deleting now unused module $paramod\GTP_LUT5D\INIT=32'11011110010010001001011001101001.
Deleting now unused module $paramod$e4acf14cfe04d1cf7901e4011b8a3fe6c183e47f\GTP_LUT6D.
Deleting now unused module $paramod\GTP_LUT4D\INIT=16'1011001010011001.
Deleting now unused module $paramod$4940a3b74b134303a91ca8585e3fe1d958ddbe19\GTP_LUT6D.
Deleting now unused module $paramod\GTP_LUT5D\INIT=32'00000101010101010111011101110010.
Deleting now unused module $paramod\GTP_LUT4D\INIT=16'1101010010010110.
Deleting now unused module $paramod\GTP_LUT5D\INIT=32'00101011001000100110100101100110.
Deleting now unused module $paramod\GTP_LUT5D\INIT=32'10111110001010001100001111000011.
Deleting now unused module $paramod$8040011029de3a5e7ff3a2b5f3f5d8e676d9a206\GTP_LUT6D.
Deleting now unused module $paramod\GTP_LUT5D\INIT=32'01011010101010100110110011001100.
Deleting now unused module $paramod$f9b99df59eb038b9673dba6ff6b6ba10fd7265a5\GTP_LUT6D.
Deleting now unused module $paramod$27fd6f63f9bb96cd4c080e47fd438397a1dec72e\GTP_LUT6D.
Deleting now unused module $paramod\GTP_LUT5D\INIT=32'10001111111011111001111101100000.
Deleting now unused module $paramod$d4a50317406e9d52a110a4b0c28f82ce223b4f46\GTP_LUT6D.
Deleting now unused module $paramod$e6c3202069b951b44f7e3ece612343b35bbddef9\GTP_LUT6D.
Deleting now unused module $paramod$e9ddcb82a2a209a4958646d0f6cedb7d864f230e\GTP_LUT6D.
Deleting now unused module $paramod$353462357b8e43f68672054d5279988256149e16\GTP_LUT6D.
Deleting now unused module $paramod$d3df45c4d601edf3a5e60e51911a94837e3588b4\GTP_LUT6D.
Deleting now unused module $paramod$df9d61511b1a2d4b4eb33ea70a7a6c79a63df8c0\GTP_LUT6D.
Deleting now unused module $paramod$1337f2478a11272d14aafd49344dc7332ef553f0\GTP_LUT6D.
Deleting now unused module $paramod$eb3f3bb9879aa6e82fd19d22b364a12c9652082c\GTP_LUT6D.
Deleting now unused module $paramod$c911b412edbbaf7bee0c4d9b508b98e12ee5dc60\GTP_LUT6D.
Deleting now unused module $paramod$e9cbdff4e82c83c590e3b52df6eabbe11454829b\GTP_LUT6D.
Deleting now unused module $paramod$5e6151bf8f62efe7536976f72e5d8c1468171060\GTP_LUT6D.
Deleting now unused module $paramod$71e0823e6b658cff8244b7af678ec7f1eed498fe\GTP_LUT6D.
Deleting now unused module $paramod$3b810c56aff8be4e45400958f9bdb7f2b6d83549\GTP_LUT6D.
Deleting now unused module $paramod$748a0635dd8dac5c478953003bfeb4917c414cf9\GTP_LUT6D.
Deleting now unused module $paramod$c8d43438539a2e791cda345577356a9bdb5e4844\GTP_LUT6D.
Deleting now unused module $paramod$c34dfab3c2f32618d93d23c5ae9a8d597a110f62\GTP_LUT6D.
Deleting now unused module $paramod$d5e27bbb3ed1593f65ab1a6df0589a3ff34450c1\GTP_LUT6D.
Deleting now unused module $paramod$c5d33333e0aa97c6620c4c3a5f1534d8a6859f8f\GTP_LUT6D.
Deleting now unused module $paramod$035a32ca2bf8d9f4fefd44d4491411ab99a7d638\GTP_LUT6D.
Deleting now unused module $paramod$7f36db939656e77cf50b518b8ceafb98c6486c4a\GTP_LUT6D.
Deleting now unused module $paramod\GTP_LUT5D\INIT=32'10000010100000010100010001000010.
Deleting now unused module $paramod\GTP_LUT4D\INIT=16'0001000010000010.
Deleting now unused module $paramod$b1e42903ef5de79f32b98dc9609f39aa9d57ca1d\GTP_LUT6D.
Deleting now unused module $paramod$7e8c8a6bb8073598b1ec09b1d67f7df3a1c1f6ed\GTP_LUT6D.
Deleting now unused module $paramod$8f0c90adc20bc393b9085fd7c039b8c9c12305ca\GTP_LUT6D.
Deleting now unused module $paramod\GTP_LUT4D\INIT=16'0000010100000011.
Deleting now unused module $paramod\GTP_LUT5D\INIT=32'00000000001000100000000000001111.
Deleting now unused module $paramod\GTP_LUT5D\INIT=32'00000011000000110000000000000101.
Deleting now unused module $paramod\GTP_LUT5D\INIT=32'00000000000000110000000001010101.
Deleting now unused module $paramod\GTP_LUT5D\INIT=32'00010001000100010000000000000011.
Deleting now unused module $paramod\GTP_LUT5D\INIT=32'00000101000001010000000000000011.
Deleting now unused module $paramod\GTP_LUT5D\INIT=32'00010001000100010000000000000101.
Deleting now unused module $paramod$6520c545c64c11bae0b99cc2ea22f9b7d6cd69d6\GTP_LUT6D.
Deleting now unused module $paramod$f87eed37ebd0c84f83f0c9f7832d42f42d5cc4b9\GTP_LUT6D.
Deleting now unused module $paramod$4b1d4a4e00bc7cba53607ea16945c030bed79b8b\GTP_LUT6D.
Deleting now unused module $paramod$23cce9c356833b259b7f73ed2930ca70cd693cb5\GTP_LUT6D.
Deleting now unused module $paramod$a50e64fa03fe69e8afb8f204482c1dbd1d13024e\GTP_LUT6D.
Deleting now unused module $paramod$4c7fe9ea2b04aeccc57e67f9e80eee5427e4853a\GTP_LUT6D.
Deleting now unused module $paramod$c2aaeaf0960701313ad879bb1717dd1338371ffb\GTP_LUT6D.
Deleting now unused module $paramod\GTP_LUT5D\INIT=32'01000100010001000000000000001111.
Deleting now unused module $paramod\GTP_LUT5D\INIT=32'10100101101001011100110000110011.
Deleting now unused module $paramod\GTP_LUT5D\INIT=32'00111100001111000110100111111111.
Deleting now unused module $paramod$37c1271ee1e833d7821c22ba55c7de8265e7b25a\GTP_LUT6D.
Deleting now unused module $paramod$4576dcdc7bb48dc2e4cf38b66ca78b99a223d85b\GTP_LUT6D.
Deleting now unused module $paramod$c980646285e72276b41e226095ee918b51922510\GTP_LUT6D.
Deleting now unused module $paramod$a828110721db22a47f96f6541e0b59d8a328c9ee\GTP_LUT6D.
Deleting now unused module $paramod$b8f306825f1047a219c4f088f3b60265c95112c8\GTP_LUT6D.
Deleting now unused module $paramod$e40d21eb121a77cea029f37aadd479842bb5f328\GTP_LUT6D.
Deleting now unused module $paramod$0ad5de74675881144a1c1f8db786412874e582f8\GTP_LUT6D.
Deleting now unused module $paramod$b5e0740d2c8d2bc0d84912f0260af0cae6b97fdc\GTP_LUT6D.
Deleting now unused module $paramod$a74b56fbd09adbe68260a9c3604b2718ba40267b\GTP_LUT6D.
Deleting now unused module $paramod$faefe5befe7161e0c4e6d9bdfb104277d3bda3cd\GTP_LUT6D.
Deleting now unused module $paramod$9160f5f2ed146e5930c9677bd3bc262c1087f885\GTP_LUT6D.
Deleting now unused module $paramod\GTP_LUT5D\INIT=32'01000001100000101000000000000001.
Deleting now unused module $paramod$ee69c2c4e6f83239f41da02885809ed0efc133d7\GTP_LUT6D.
Deleting now unused module $paramod$1eb58f7770a3246745b2b65e142afed761ca4d92\GTP_LUT6D.
Deleting now unused module $paramod\GTP_LUT5D\INIT=32'01010101010110100011100100111100.
Deleting now unused module $paramod\GTP_LUT5D\INIT=32'00000000000000010001000100010001.
Deleting now unused module $paramod\GTP_LUT5D\INIT=32'00000000000000010000000000001111.
Deleting now unused module $paramod$133aa02276e7ff3144f6254d27d975f2224735d6\GTP_LUT6D.
Deleting now unused module $paramod$758c79c506aacfff9e2fe6264413a7362382b3f6\GTP_LUT6D.
Deleting now unused module $paramod$82d54c5a1ee1755b04354ab746721f28ec3a551b\GTP_LUT6D.
Deleting now unused module $paramod$0388bbc825b6283ef476014a43cc42270d7c451a\GTP_LUT6D.
Deleting now unused module $paramod$42c2dbc7db875e57d3c3ce41e05db844abeb5d0a\GTP_LUT6D.
Deleting now unused module $paramod\GTP_LUT5D\INIT=32'00000000000001010000000000110011.
Deleting now unused module $paramod$8c9cf5cd6f914d1400dd8c47f4ec4720a3d91d99\GTP_LUT6D.
Deleting now unused module $paramod$4f0209f8364e7a6a67c7df1aba523b53427c2b6d\GTP_LUT6D.
Deleting now unused module $paramod$69dffe266dc9b4138043e538e2bc9bf185d3541a\GTP_LUT6D.
Deleting now unused module $paramod$83e388f730fa45be9e1a2ebea51c35ea0cb3e511\GTP_LUT6D.
Deleting now unused module $paramod$be1dd9700b8792a138cb222cabe73972cc7ba51c\GTP_LUT6D.
Deleting now unused module $paramod$5cc63922fbcd60a009a4f5fcef3ccda92c53a403\GTP_LUT6D.
Deleting now unused module $paramod$00e928caef9ae0c4746e4a6e478588ad9d15b493\GTP_LUT6D.
Deleting now unused module $paramod$0d1b702c1faf80d7d99bd41ea15e4ba10fecd2eb\GTP_LUT6D.
Deleting now unused module $paramod$b712c49b3f96e9a614b70e4f0b442aff5cffc855\GTP_LUT6D.
Deleting now unused module $paramod$cd0b9cda9ec51e637a1eeab29f6e100ee623e7b5\GTP_LUT6D.
Deleting now unused module $paramod$a9c86e4bcc102f4ca8ef3327692aef41b82bcdc2\GTP_LUT6D.
Deleting now unused module $paramod$fe15a6b357003dabee975b4b2014fae33ada1ca6\GTP_LUT6D.
Deleting now unused module $paramod\GTP_LUT4D\INIT=16'1011001010010110.
Deleting now unused module $paramod\GTP_LUT5D\INIT=32'01101001100101100110000011110110.
Deleting now unused module $paramod$94b811dfb8d71f865d38a419d7c699ccc2e35766\GTP_LUT6D.
Deleting now unused module $paramod\GTP_LUT5D\INIT=32'11011101000011011111000000001111.
Deleting now unused module $paramod\GTP_LUT5D\INIT=32'01110001000101110110011001100110.
Deleting now unused module $paramod\GTP_LUT4D\INIT=16'1101010010011001.
Deleting now unused module $paramod$884b33cf6acde35fda5e2b074198f4c80a807029\GTP_LUT6D.
Deleting now unused module $paramod$90e1ff3b39af34dda09da336007f1fda9a029c6c\GTP_LUT6D.
Deleting now unused module $paramod$611a59fcc887864f97613ac41ce674606e45bd44\GTP_LUT6D.
Deleting now unused module $paramod\GTP_LUT5D\INIT=32'01100110011001101000111011101000.
Deleting now unused module $paramod\GTP_LUT4D\INIT=16'0101011010000000.
Deleting now unused module $paramod\GTP_LUT4D\INIT=16'0100000100110110.
Deleting now unused module $paramod\GTP_LUT5D\INIT=32'10101001100101011001010101010110.
Deleting now unused module $paramod$1701ef29f54fea5ccd70166e08f34a46c09e0ed5\GTP_LUT6D.
Deleting now unused module $paramod\GTP_LUT5D\INIT=32'01000101110111110110010110011010.
Deleting now unused module $paramod$e8e6c6aea26e44cb45a613aa5af87caed1579c1e\GTP_LUT6D.
Deleting now unused module $paramod$890293a43a73f602fc41116aec2a62ef37960c8a\GTP_LUT6D.
Deleting now unused module $paramod$4c1528fe78c382d0196c38cbf937dc9679ffe4b4\GTP_LUT6D.
Deleting now unused module $paramod$36f5a139f57fa7bf0bef52b4df7cbd94b8b51658\GTP_LUT6D.
Deleting now unused module $paramod$3935c2a93c33adc9efef7e9c0061abf8aaba0833\GTP_LUT6D.
Deleting now unused module $paramod$8d17d4835318073197855e7490a402d852f3d207\GTP_LUT6D.
Deleting now unused module $paramod$8b7e035186a3e3027a3da34d7d7ff1450f157b12\GTP_LUT6D.
Deleting now unused module $paramod$ec5d0dc905d6ad8270546299d86b6ca7cf43de37\GTP_LUT6D.
Deleting now unused module $paramod$4a9f379797ccaed49d6a9967b7d3a42643cb192d\GTP_LUT6D.
Deleting now unused module $paramod$1ef34b57305a4e0229636a5cc6737a287b27e720\GTP_LUT6D.
Deleting now unused module $paramod$4f78b3b7cd5b543ab8c134b41c71c449300afab6\GTP_LUT6D.
Deleting now unused module $paramod$629d318561296051405d58284773c5f52216aaa7\GTP_LUT6D.
Deleting now unused module $paramod$cac5c5ed07741e3e2f7abc035279250e650f99c5\GTP_LUT6D.
Deleting now unused module $paramod$13e9608e46f2b6eccab0c62899183bddb83cac84\GTP_LUT6D.
Deleting now unused module $paramod\GTP_LUT5D\INIT=32'00010010010010000000100000010000.
Deleting now unused module $paramod\GTP_LUT5D\INIT=32'00010100001010000100000110000010.
Deleting now unused module $paramod\GTP_LUT5D\INIT=32'01000001100000100001010000101000.
Deleting now unused module $paramod\GTP_LUT5D\INIT=32'00100010010001000000100000010000.
Deleting now unused module $paramod$038e4ba1483bc624d4c6b7f7de52906df87c9716\GTP_LUT6D.
Deleting now unused module $paramod$f00df641984b4bea474a3ef6662361539873b43b\GTP_LUT6D.
Deleting now unused module $paramod$b660817e25f55c8ce8371902b7ad56a879ba35a9\GTP_LUT6D.
Deleting now unused module $paramod\GTP_LUT5D\INIT=32'00000001000000010000000000001111.
Deleting now unused module $paramod$16623ac16ae526b23f4cb05594c798b0a70ff496\GTP_LUT6D.
Deleting now unused module $paramod$6be2243df3419684253c0740e43b1f519e5d2c96\GTP_LUT6D.
Deleting now unused module $paramod\GTP_LUT5D\INIT=32'00000000110011000000010100000101.
Deleting now unused module $paramod\GTP_LUT5D\INIT=32'00000011000000110000000001010101.
Deleting now unused module $paramod$563f51d25410d6118c7e396eb867c7efbe7af022\GTP_LUT6D.
Deleting now unused module $paramod$597daf74c79db71ea5fb24ac28d1cfa8991db059\GTP_LUT6D.
Deleting now unused module $paramod\GTP_LUT5D\INIT=32'00111100110000110010100010000010.
Deleting now unused module $paramod$7b5909897606972abb60700600c387653b8a7ba7\GTP_LUT6D.
Deleting now unused module $paramod$6a67e7ad5b769ae5137628890a68e5ba28d12845\GTP_LUT6D.
Deleting now unused module $paramod$bf688044d7006f24a363a8d8d35e419b81fa65a2\GTP_LUT6D.
Deleting now unused module $paramod$a485649d3eb0d8db2ff413694bf3c13ed93104cf\GTP_LUT6D.
Deleting now unused module $paramod\GTP_LUT5D\INIT=32'00001000000100000010001001000100.
Deleting now unused module $paramod$b9382d814e2aea547f778b95697bd5f02afe8316\GTP_LUT6D.
Deleting now unused module $paramod$787ae1743757152282c433fae28d2873c77d959e\GTP_LUT6D.
Deleting now unused module $paramod$0655169cba5e3f064d9800dfef6ec6bcdeb170f5\GTP_LUT6D.
Deleting now unused module $paramod$51ba3dd58ea909a37fb1f2eee95066118db29344\GTP_LUT6D.
Deleting now unused module $paramod$5e7e55cf33b7a8a908b74660732d9936165d37f9\GTP_LUT6D.
Deleting now unused module $paramod$52a7ce304cccbdeb44552a3aed27bc1affb342c0\GTP_LUT6D.
Deleting now unused module $paramod$159e8a91e599e162ba070dfe39c45a814f99c545\GTP_LUT6D.
Deleting now unused module $paramod$5f4ded81c701432bb94929626fbaf47fa152ace1\GTP_LUT6D.
Deleting now unused module $paramod\GTP_LUT5D\INIT=32'01101010010101101000000010101000.
Deleting now unused module $paramod$a82c0463d02540e0a7f9784e5ed52a4e3e5a5699\GTP_LUT6D.
Deleting now unused module $paramod\GTP_LUT5D\INIT=32'10010101010101101010100110010101.
Deleting now unused module $paramod$2ea58139e8e40950a7b6beceebde8037590db721\GTP_LUT6D.
Deleting now unused module $paramod$690ab31e60aff93374e378bf68f0d0aa3897559a\GTP_LUT6D.
Deleting now unused module $paramod$f5b4a771051784ef8bd4621544d3e3e72b969ffe\GTP_LUT6D.
Deleting now unused module $paramod\GTP_LUT5D\INIT=32'01100110010101100110000000000110.
Deleting now unused module $paramod$9e1608677a17416d91dfe2e76b52582cdcc817dd\GTP_LUT6D.
Deleting now unused module $paramod$26e2d62330d960086746c2bdcf3a9543f8d9ddd7\GTP_LUT6D.
Deleting now unused module $paramod$ffbebf5a7dfb8ac10431e9fcda4ae2124f2275ed\GTP_LUT6D.
Deleting now unused module $paramod\GTP_LUT5D\INIT=32'00111100001111000010100010000001.
Deleting now unused module $paramod$52764f49bf79b8f1ece9a5fe230f6afb246ab353\GTP_LUT6D.
Deleting now unused module $paramod$d9ebd9aa5fa30ad2f3378d10b69c8e37e52ec775\GTP_LUT6D.
Deleting now unused module $paramod\GTP_LUT5D\INIT=32'10011001100110010000000000001111.
Deleting now unused module $paramod\GTP_LUT4D\INIT=16'0110100111000011.
Deleting now unused module $paramod$086d0b8b5336d060b895c385facb7edd8e7809b1\GTP_LUT6D.
Deleting now unused module $paramod\GTP_LUT5D\INIT=32'00001111000011000000111000001000.
Deleting now unused module $paramod$f91f8fedc400a9f48ddceeef36b789d3b5563b57\GTP_LUT6D.
Deleting now unused module $paramod\GTP_LUT5D\INIT=32'00000001000010110000110000001100.
Deleting now unused module $paramod$ad1cc42882d95944a28710ac6e0f6a4173aed33c\GTP_LUT6D.
Deleting now unused module $paramod$5213a839f9bc2411c83c676f6b7e9263b81566c7\GTP_LUT6D.
Deleting now unused module $paramod$40d0cecf4f8bad1327d3237f7695958c1fef5c12\GTP_LUT6D.
Deleting now unused module $paramod$c5a60bee00a868aa3e860755cd139983ebccd833\GTP_LUT6D.
Deleting now unused module $paramod\GTP_LUT5D\INIT=32'01101001100101100010101100010111.
Deleting now unused module $paramod\GTP_LUT5D\INIT=32'01000100010000011001100110010110.
Deleting now unused module $paramod\GTP_LUT5D\INIT=32'01101001011001100100110111101110.
Deleting now unused module $paramod$76d102a7659ec72b6eaa69adf6c361b8a46e8ee7\GTP_LUT6D.
Deleting now unused module $paramod\GTP_LUT4D\INIT=16'0110100100010100.
Deleting now unused module $paramod$4abcecfa7b66bbf00ae540b33948734c97ef409e\GTP_LUT6D.
Deleting now unused module $paramod$abe5c3d8bef28b06b7856a72cf5fa56e4d397b0f\GTP_LUT6D.
Deleting now unused module $paramod$9d1390b6997c134ef2d5fb0c4c0b6043bb33a0ce\GTP_LUT6D.
Deleting now unused module $paramod$7b17f47686b42d46b30408a92f332c8af086be08\GTP_LUT6D.
Deleting now unused module $paramod$a29d70b0c13c029469e04d5a3164933a6a554bd6\GTP_LUT6D.
Deleting now unused module $paramod$9c5cd3a5b940181802059b1476016e26f015bbfb\GTP_LUT6D.
Deleting now unused module $paramod\GTP_LUT5D\INIT=32'10010101101010010010101000000010.
Deleting now unused module $paramod$26318e9b8e61288adaf900d95ba9cf0f3f1d38b6\GTP_LUT6D.
Deleting now unused module $paramod$2cd3b4f9da1c99f72ee1f672ba6c6ac11a440b76\GTP_LUT6D.
Deleting now unused module $paramod$bf1eb1bd12db96230ea27fcc7ba783d7f11c8fba\GTP_LUT6D.
Deleting now unused module $paramod$e8428a894787b9ced4a4b4908e4043452a6c1be4\GTP_LUT6D.
Deleting now unused module $paramod$3e496141c6d18010dfa62f1e35d1c181f644504f\GTP_LUT6D.
Deleting now unused module $paramod$96f02e5d09f80b2a26441835c97e45a88d1e9d52\GTP_LUT6D.
Deleting now unused module $paramod$30e0c1a6f7b68d2b60ee77b39939e12740416f43\GTP_LUT6D.
Deleting now unused module $paramod$1eaa78a5f31231edd0db1f835051a0508ec11cc1\GTP_LUT6D.
Deleting now unused module $paramod$7ee3e0686a0c3b106001acfff912715fec4b18fe\GTP_LUT6D.
Deleting now unused module $paramod\GTP_LUT4D\INIT=16'1000001011000011.
Deleting now unused module $paramod$02c030e4d2bd102143f19c08884974523e00c772\GTP_LUT6D.
Deleting now unused module $paramod$0314bd488a307ca2c23ce75bb5eb75337d1aabcf\GTP_LUT6D.
Deleting now unused module $paramod$1d537d805282ecae8fc5503250125245a74ea558\GTP_LUT6D.
Deleting now unused module $paramod$e215c8b2477d4bab7ddf243a806f37db68db1e32\GTP_LUT6D.
Deleting now unused module $paramod$a8d41d6d3f5ba034e55533b88184c691f3b1d807\GTP_LUT6D.
Deleting now unused module $paramod$192af9005372cfc961d1cb22d193f61debd63869\GTP_LUT6D.
Deleting now unused module $paramod$58af62dce5620c79b8a2182aed73b1bd315c458f\GTP_LUT6D.
Deleting now unused module $paramod\GTP_LUT5D\INIT=32'00000000011101110000000001011111.
Deleting now unused module $paramod$b6d0c08f46bf3d8abea009c932ab3f01f22138b6\GTP_LUT6D.
Deleting now unused module $paramod\GTP_LUT4D\INIT=16'0010001010011001.
Deleting now unused module $paramod\GTP_LUT5D\INIT=32'01100101101001101000101000001000.
Deleting now unused module $paramod$273b170a3d2cfc29789665f17acb216f3d8462ff\GTP_LUT6D.
Deleting now unused module $paramod$8cdd4457caf263b5c1d693be1a2d477dc1ade346\GTP_LUT6D.
Deleting now unused module $paramod$af04101f996114950cd3c9ee5d7aba0a7c370ab4\GTP_LUT6D.
Deleting now unused module $paramod$5aa3b57c12d902ebec9ad09b2cb4940d4ab39fcf\GTP_LUT6D.
Deleting now unused module $paramod$605b6ec10415146449995f2253156fcdc707c4b9\GTP_LUT6D.
Deleting now unused module $paramod$72bd458e1de53d60288b7228ac87a0ef03de37b3\GTP_LUT6D.
Deleting now unused module $paramod$e83e5e8e58ae40f7c33161053960092fa667e5ed\GTP_LUT6D.
Deleting now unused module $paramod\GTP_LUT5D\INIT=32'00001111111100000000011101111111.
Deleting now unused module $paramod$265be2c54e40f32524fa9e50bf2ebeb57de2f4d9\GTP_LUT6D.
Deleting now unused module $paramod\GTP_LUT5D\INIT=32'01101001011010010110100110010110.
Deleting now unused module $paramod\GTP_LUT5D\INIT=32'00010111011101111001011001100110.
Deleting now unused module $paramod$dfcb9f835d9d4e1e5b5d23a7bbfb5ae3d2af8457\GTP_LUT6D.
Deleting now unused module $paramod$c6572de392db062400cc899ea1d61ed2504e2f39\GTP_LUT6D.
Deleting now unused module $paramod$5dddb8a83a7958c91cd8b8f4cb13a2876beffa27\GTP_LUT6D.
Deleting now unused module $paramod$4dc8bf0225158bb6d8c39d7d0549f27ef7a17d50\GTP_LUT6D.
Deleting now unused module $paramod$a38467204217eecc23fb32596de066d43bec5595\GTP_LUT6D.
Deleting now unused module $paramod$2d2c4e3f1e87bb1ffe0b94ae07fafc5804659329\GTP_LUT6D.
Deleting now unused module $paramod\GTP_LUT5D\INIT=32'11000000000011001010000000001010.
Deleting now unused module $paramod$6006032c9eaf17ecc77034d9592d89d2bc7d8dcc\GTP_LUT6D.
Deleting now unused module $paramod$865667cae7d3ee7f699f219354f05c6cdd3219f5\GTP_LUT6D.
Deleting now unused module $paramod$cf6e3c61c24b8f9caf8961c7087ed6139d69638f\GTP_LUT6D.
Deleting now unused module $paramod$2d568aa60c41c0904c0da29ff7b1044523650045\GTP_LUT6D.
Deleting now unused module $paramod$b9db4f609f5bc3c50d6a572e4e1767be3b99030d\GTP_LUT6D.
Deleting now unused module $paramod\GTP_LUT5D\INIT=32'00000000010111110000000001110111.
Deleting now unused module $paramod\GTP_LUT4D\INIT=16'0100110101101001.
Deleting now unused module $paramod\GTP_LUT4D\INIT=16'0111000101101001.
Deleting now unused module $paramod$5e2307217fd024c2d9480c98a257e087ac647511\GTP_LUT6D.
Deleting now unused module $paramod\GTP_LUT4D\INIT=16'0110100100101011.
Deleting now unused module $paramod\GTP_LUT4D\INIT=16'1001011000010111.
Deleting now unused module $paramod\GTP_LUT4D\INIT=16'0001011110010110.
Deleting now unused module $paramod$1c92da28ae33168b4856fc83508f9ec465d0b802\GTP_LUT6D.
Deleting now unused module $paramod\GTP_LUT5D\INIT=32'11111110111011000101011001100101.
Deleting now unused module $paramod$9d7fb1e9b8b2c31e14ec56267b6cb14d7e8bc367\GTP_LUT6D.
Deleting now unused module $paramod$4369fcf4d2c3ab07e7712cd8ff1d24f8d89bb8fa\GTP_LUT6D.
Deleting now unused module $paramod$f88add07def0bba1c06ac052f18c71486d345ac2\GTP_LUT6D.
Deleting now unused module $paramod$0e23b05553fca2bee8a35a959072553837bebb7d\GTP_LUT6D.
Deleting now unused module $paramod$22ff744aa12c3b033634603342281eb63aa8ac32\GTP_LUT6D.
Deleting now unused module $paramod$a4892fb414411c69875cc10b39ddd0caa9e41569\GTP_LUT6D.
Deleting now unused module $paramod$f70fcbfb14e55cbfd961ece87ea23bb88719fa64\GTP_LUT6D.
Deleting now unused module $paramod$0eed16c17d717d8acda3fb5bd03df5e15fcab290\GTP_LUT6D.
Deleting now unused module $paramod$7acb4de8d20cb8ab9fdd61eb1dc1df6178257c9f\GTP_LUT6D.
Deleting now unused module $paramod$e6b5367c50057e7f3e9640db27e9aa4f00b4dc6a\GTP_LUT6D.
Deleting now unused module $paramod$7c1902f686f7f0b011a361e09b7347e75bf58985\GTP_LUT6D.
Deleting now unused module $paramod$07678622d602aa27263453677160791b3caef2b8\GTP_LUT6D.
Deleting now unused module $paramod$4b67f519b0c02ef713392416f1a57aa680847c50\GTP_LUT6D.
Deleting now unused module $paramod$de9896d065b31e6773756addfcbe0a6ad431baee\GTP_LUT6D.
Deleting now unused module $paramod$13f87dbd0cda29f5cbbcd495ffbaca86983a17f8\GTP_LUT6D.
Deleting now unused module $paramod\GTP_LUT5D\INIT=32'10101111100011101010010110010110.
Deleting now unused module $paramod$663a60fac4706ce29605e774e286107ee0f091bc\GTP_LUT6D.
Deleting now unused module $paramod\GTP_LUT5D\INIT=32'00010001000100011111000000001111.
Deleting now unused module $paramod\GTP_LUT5D\INIT=32'01100110011001100000111111110000.
Deleting now unused module $paramod\GTP_LUT5D\INIT=32'10011001100110011111000000001111.
Deleting now unused module $paramod\GTP_LUT5D\INIT=32'11110000000011111001100110011001.
Deleting now unused module $paramod$b285fb0183fc8ed32a2291ecb81e381af96e2c1a\GTP_LUT6D.
Deleting now unused module $paramod$4ca73cb83a6434513df620c52c02d53f07d7885c\GTP_LUT6D.
Deleting now unused module $paramod$19ef2b67c3649c244ec7ad462df8626a037b183f\GTP_LUT6D.
Deleting now unused module $paramod$c74ed7e0e6081c614d0b9c3d72b9a9d5729d1493\GTP_LUT6D.
Deleting now unused module $paramod\GTP_LUT5\INIT=32'01010100010101000101010010101011.
Deleting now unused module $paramod$5fcc04ce422a5cf3274ddd78114809db82ef40fb\GTP_LUT6.
Deleting now unused module $paramod\GTP_LUT3\INIT=8'11001001.
Deleting now unused module $paramod$8d5049152395b860cec1acfd212699bcfdf08348\GTP_LUT6.
Deleting now unused module $paramod$100e00a58097e8121333b23eb182e6624d6cd71e\GTP_LUT6.
Deleting now unused module $paramod\GTP_LUT5\INIT=32'00000000000000010000000000000000.
Deleting now unused module $paramod$118c01b5117faa83bb15b38cd11e1f0a6e70b733\GTP_LUT6.
Deleting now unused module $paramod$aab53cb39e1a75962d77d6ebc1a306bece600138\GTP_LUT6.
Deleting now unused module $paramod$4a468d69dd90ff892b6ce921df9591698a0e9737\GTP_LUT6.
Deleting now unused module $paramod$7f3a2b451e279f4350e83a54f009767c19f9ec23\GTP_LUT6.
Deleting now unused module $paramod$4311dcdfb3bff1d0c114093752a37be97718df27\GTP_LUT6.
Deleting now unused module $paramod\GTP_LUT5\INIT=32'00000000000000001000000000000010.
Deleting now unused module $paramod$5954771cf079246da12512f7cefc2273474faa53\GTP_LUT6.
Deleting now unused module $paramod$acad5c2dbf3b06b3316afa739101ed52fc6dbd7e\GTP_LUT6.
Deleting now unused module $paramod\GTP_LUT4\INIT=16'1100011001100011.
Deleting now unused module $paramod\GTP_LUT5\INIT=32'00100001000000000000000000000000.
Deleting now unused module $paramod$e9a16771f46b79be36f5a5297a3a49e4fcffb1fc\GTP_LUT6.
Deleting now unused module $paramod$36a444de04734c0ab76877f831ae98c03cca853e\GTP_LUT6.
Deleting now unused module $paramod$520801dc72d276995868182849a37db9d426c361\GTP_LUT6.
Deleting now unused module $paramod$16fc402dddebbafdfe08a168c82919fcfe06d63f\GTP_LUT6.
Deleting now unused module $paramod$bce5ed6b255f66cd84d67ad1b5e17b39631b2b10\GTP_LUT6.
Deleting now unused module $paramod$d6522db9c321ab780db19ba7f3c2e80605bbef32\GTP_LUT6.
Deleting now unused module $paramod$e3afc37eb96e9732d18e353417186654877d064c\GTP_LUT6.
Deleting now unused module $paramod$f674485c781040b1bbcf450fd0b26dff6b5ab079\GTP_LUT6.
Deleting now unused module $paramod\GTP_LUT5\INIT=32'11010100010001001101110111010100.
Deleting now unused module $paramod$5b5ca128cd8d9956e89c2ed79c545d9ae0b2c356\GTP_LUT6.
Deleting now unused module $paramod$e38bd97661e71d5880599a976b003cc2edafafaa\GTP_LUT6.
Deleting now unused module $paramod$9d3052c0e0a07ded729f81fd3f383dd7dfa3fe79\GTP_LUT6.
Deleting now unused module $paramod\GTP_LUT4\INIT=16'0000100000000000.
Deleting now unused module $paramod$f5d0c8e1c3a7898bd818c9cc8dd705ac654e75d6\GTP_LUT6.
Deleting now unused module $paramod$505aabef23af6b7139dc8bdf56198a722fbd0db4\GTP_LUT6.
Deleting now unused module $paramod$0cdfb0ebb605cfdd1a9c3909e84ce05257ff70a1\GTP_LUT6.
Deleting now unused module $paramod$d2c51c604945303a3d6890b8b218d0864be8b989\GTP_LUT6.
Deleting now unused module $paramod$6763b602606b30155b9efa51c7aceb541fdd9d8d\GTP_LUT6.
Deleting now unused module $paramod$532e5c602221851b7020e7270e295af25581ebcc\GTP_LUT6.
Deleting now unused module $paramod\GTP_LUT5\INIT=32'00000000100000001000000010000000.
Deleting now unused module $paramod$b8beca0fae37c08b48fcad681858c33d652a9be0\GTP_LUT6.
Deleting now unused module $paramod$08f6bdbe26c23a5a55986e16cea32aec17bcab7e\GTP_LUT6.
Deleting now unused module $paramod$26ceb6639bc026dcb5b5adf7c886989c2d67049f\GTP_LUT6.
Deleting now unused module $paramod$1bee6e9d1a86be3a6fc5be10e348ee54d72c15ff\GTP_LUT6.
Deleting now unused module $paramod\GTP_LUT5\INIT=32'10011010101010010101100110010101.
Deleting now unused module $paramod$99cdd9f5c5cd78bf2f46c0529fe8c25221ca9fde\GTP_LUT6.
Deleting now unused module $paramod$980d934a061a28893692982b0f34a15db7d2a5dd\GTP_LUT6.
Deleting now unused module $paramod$7b00a4ec5fc8f06423ddbb75ddc5da3ec288cd54\GTP_LUT6.
Deleting now unused module $paramod$25cb9c9ab8cf6c91149c70ef5d64b51170abae1a\GTP_LUT6.
Deleting now unused module $paramod\GTP_LUT4\INIT=16'0111000000000111.
Deleting now unused module $paramod\GTP_LUT4\INIT=16'0010001110101111.
Deleting now unused module $paramod\GTP_LUT4\INIT=16'0011000100110000.
Deleting now unused module $paramod\GTP_LUT4\INIT=16'1000011110100101.
Deleting now unused module $paramod\GTP_LUT5\INIT=32'00110001110011100011000011001111.
Deleting now unused module $paramod\GTP_LUT5\INIT=32'11001110001100011100111100110000.
Deleting now unused module $paramod\GTP_LUT5\INIT=32'11001110110011110011000100110000.
Deleting now unused module $paramod\GTP_LUT5\INIT=32'00000000000000000000100000000000.
Deleting now unused module $paramod$0395f79417a703f7ff9fa820104ab71d032483d0\GTP_LUT6.
Deleting now unused module $paramod$c4be406c161d6b90a51984ed20c688fecc873801\GTP_LUT6.
Deleting now unused module $paramod$b60975c8175364777d73679c8a5ba433ba1df7d5\GTP_LUT6.
Deleting now unused module $paramod$c07eba62d99ff75fe91aa34e7ec716b241972db9\GTP_LUT6.
Deleting now unused module $paramod$fc54738aa20c5361a7cc6c42f258734b161dbecf\GTP_LUT6.
Deleting now unused module $paramod$76dcad30ee152e2c79d5a1c62c68b8f494c3de42\GTP_LUT6.
Deleting now unused module $paramod$2c06c0f85d98eef5125489928bc424c2b80080bc\GTP_LUT6.
Deleting now unused module $paramod$77d2a0bc16e6f4da1c24494c8cea23de63191617\GTP_LUT6.
Deleting now unused module $paramod$a4129e84bcf48113c55df707cac89582dd5da306\GTP_LUT6.
Deleting now unused module $paramod$b71a5bfcc3c23bc9b230696b2f90d4744d0d30f0\GTP_LUT6.
Deleting now unused module $paramod$6d85a20f85ffb2ad197674e86d34e64d868f3712\GTP_LUT6.
Deleting now unused module $paramod$f79e2320780da9747722ebfe5757971ceb26f16f\GTP_LUT6.
Deleting now unused module $paramod$8400d7c106faa7d0bc2363790ed471568bd24e26\GTP_LUT6.
Deleting now unused module $paramod$1035fd4713dbef3481894453ceff46e20dd9e6df\GTP_LUT6.
Deleting now unused module $paramod$187ce7335141e0440265815d126951729aa9f515\GTP_LUT6.
Deleting now unused module $paramod$233a43b743c533fe665be9e7dcbff2f0d4a2897c\GTP_LUT6.
Deleting now unused module $paramod$3ebc792c053e9a321234883bba74fcb193d9e358\GTP_LUT6.
Deleting now unused module $paramod$13de469b8af362167961a61e628e47b7eb25a982\GTP_LUT6.
Deleting now unused module $paramod$b892496ddc4ca23cae7132bc880c3ca548506eb8\GTP_LUT6.
Deleting now unused module $paramod$e318ca13bdd3eb417e786e5b27813ccd04826f6b\GTP_LUT6.
Deleting now unused module $paramod$e84b590e044e0aa80fe73d1da2e5ba58ba7248a8\GTP_LUT6.
Deleting now unused module $paramod$c82d392bd7a86b34a0ad44c18c62f9b844956103\GTP_LUT6.
Deleting now unused module $paramod$39fcc30b3a77d9fe9f6aaf663ed9db960b80b8d8\GTP_LUT6.
Deleting now unused module $paramod$9e66a747cb0a473915af2559837844df49660c7f\GTP_LUT6.
Deleting now unused module $paramod$bc2929788b7c5a177fe33ebea21523f7635525da\GTP_LUT6.
Deleting now unused module $paramod$ec5b187371ace2f0079db97b43555ea3002e646b\GTP_LUT6.
Deleting now unused module $paramod$43922d07075893d1e74ee28d10bca20f1bca928d\GTP_LUT6.
Deleting now unused module $paramod$4de1753cb540639d1b336bdb277d507385044b55\GTP_LUT6.
Deleting now unused module $paramod$6e7046a71153622b899e06a09d96f9e2d425e456\GTP_LUT6.
Deleting now unused module $paramod$89c07ac79a154119ca00ab77bc146b2f150beac5\GTP_LUT6.
Deleting now unused module $paramod$0545316f97ad6480c1bdf7e7e327a8867637eb33\GTP_LUT6.
Deleting now unused module $paramod$fc30b3d1e2908d22a39731114591359f9cca6e98\GTP_LUT6.
Deleting now unused module $paramod\GTP_LUT5\INIT=32'01101010101001100101011001100101.
Deleting now unused module $paramod$0698c0046700177edd05da402ca298c0239d5408\GTP_LUT6.
Deleting now unused module $paramod$5edb457411ca1e6b5852ed7e78b0868e1e976784\GTP_LUT6.
Deleting now unused module $paramod$b3d1c2d718f6cface3c888a67b96d489d412f289\GTP_LUT6.
Deleting now unused module $paramod$62b4b0e93911d26954c59f57e19364dfc6ffeab3\GTP_LUT6.
Deleting now unused module $paramod$db19050ea457a4e5e1e3753a0e548b2a1a282102\GTP_LUT6.
Deleting now unused module $paramod\GTP_LUT4\INIT=16'0010010000000000.
Deleting now unused module $paramod\GTP_LUT4\INIT=16'0010101000111111.
Deleting now unused module $paramod\GTP_LUT4\INIT=16'1000101011001111.
Deleting now unused module $paramod\GTP_LUT4\INIT=16'1100011001100110.
Deleting now unused module $paramod\GTP_LUT5\INIT=32'00011000000000000000000000000000.
Deleting now unused module $paramod\GTP_LUT4\INIT=16'1101001001011010.
Deleting now unused module $paramod\GTP_LUT5\INIT=32'00001111111000010000111111110000.
Deleting now unused module $paramod\GTP_LUT4\INIT=16'0010101011010101.
Deleting now unused module $paramod\GTP_LUT5\INIT=32'00000000000000000000000000000100.
Deleting now unused module $paramod\GTP_LUT4\INIT=16'0010100010101010.
Deleting now unused module $paramod\GTP_LUT5\INIT=32'01010001111100111111001101010001.
Deleting now unused module $paramod$cce3bb293c6c6fbf56fd6cf4217944155b7626f3\GTP_LUT6.
Deleting now unused module $paramod$a117fde88bea0488fc92b443b18e989549123c66\GTP_LUT6.
Deleting now unused module $paramod$1cb00b1e551f5bcdb99f6db3fcee793ee1e1c864\GTP_LUT6.
Deleting now unused module $paramod$8a22db0f62eb0fb4f3e89a3d4b3905b2e973b7ff\GTP_LUT6.
Deleting now unused module $paramod$32fda0518f918b4b914975d946b311db612317d5\GTP_LUT6.
Deleting now unused module $paramod$65b6766a5cb5be906a65cc106acbaf4679783ee1\GTP_LUT6.
Deleting now unused module $paramod$f2aecab80640810d7cb0f0d46f721e53bfea3fd7\GTP_LUT6.
Deleting now unused module $paramod$843082a3bae9bf59a96ab68cc873498a5e8db881\GTP_LUT6.
Deleting now unused module $paramod$8fa8e9b5ff32606f15651c43f1cfd000147ea9fa\GTP_LUT6.
Deleting now unused module $paramod$83aa2e4c523a99b1c5777a79963bfa26fcd18912\GTP_LUT6.
Deleting now unused module $paramod$f3b07fe58213463ba50f7d857df2815b2d8a286d\GTP_LUT6.
Deleting now unused module $paramod$8ce5ec102138d17bc9c56cb87ebd2b3399eb575b\GTP_LUT6.
Deleting now unused module $paramod$a5039f71b8757ecb9f59390f18ff6219983fb1cd\GTP_LUT6.
Deleting now unused module $paramod$5445cf5d63cc3fdf97e48f421c33ab9cf3a70272\GTP_LUT6.
Deleting now unused module $paramod\GTP_LUT4\INIT=16'0101100110011001.
Deleting now unused module $paramod\GTP_LUT5\INIT=32'00010011111101011111010100110001.
Deleting now unused module $paramod$5729668b3010591aa7cfbc0e39c291a55b076198\GTP_LUT6.
Deleting now unused module $paramod$889a23ce0162c6ad880b8e55cfbded9977ff1667\GTP_LUT6.
Deleting now unused module $paramod$6317a794f99de9b443bccb88ac3671ac4bb6c5ec\GTP_LUT6.
Deleting now unused module $paramod$bae379130e94cd88fe7075cfa429bff06db1647e\GTP_LUT6.
Deleting now unused module $paramod$cc4d010550c55b1c716248f8ca094bf32749d499\GTP_LUT6.
Deleting now unused module $paramod\GTP_LUT5\INIT=32'11010010010110101101110101010101.
Deleting now unused module $paramod$50f8c7be95fef7bc04099bfb1b4813a59565aca0\GTP_LUT6.
Deleting now unused module $paramod$36699084b5e72bc429d2b6d1188ddf32aeb147f7\GTP_LUT6.
Deleting now unused module $paramod$2c439bde1176f6ba389c053bdc436520dc3f53ef\GTP_LUT6.
Deleting now unused module $paramod$a2c3fda4eb5dad064dcdbc3dfdd518970ebac5f0\GTP_LUT6.
Deleting now unused module $paramod$da9cffa1b0a4bc8c5f49557b0f68e66fc2b16b88\GTP_LUT6.
Deleting now unused module $paramod$451edcc585f0591dfd36e65eb87d67486c3eaf75\GTP_LUT6.
Deleting now unused module $paramod$34b794c01fe6963adc6e70cf27a5514289fc561f\GTP_LUT6.
Deleting now unused module $paramod$ea87aa70ee8e7ce739db474441a9ddf6bfe80de3\GTP_LUT6.
Deleting now unused module $paramod$8a5cb1c1cdbd86d8f71d1ffc26e07f1a9d0a15e3\GTP_LUT6.
Deleting now unused module $paramod$4ea9881133b0b0367036115ab3f308aa906fb8a1\GTP_LUT6.
Deleting now unused module $paramod$8729638ba9748ed4e133555ca40aa1a4d79213e8\GTP_LUT6.
Deleting now unused module $paramod$3baaa4fe1af22e505166e0abd1ead1640ac9df73\GTP_LUT6.
Deleting now unused module $paramod$78ed729174005e4cda055af6cb97512daf967d44\GTP_LUT6.
Deleting now unused module $paramod$ae14a3117ddd1d07e6670d28c60da4f97d80c2bd\GTP_LUT6.
Deleting now unused module $paramod\GTP_LUT5\INIT=32'01011001101001101001100101100110.
Deleting now unused module $paramod$74054a69a6781eb5512d18b480a2b51582c190fb\GTP_LUT6.
Deleting now unused module $paramod$a7a906ed5ff23dd606aa53c617bde43bd7b78798\GTP_LUT6.
Deleting now unused module $paramod\GTP_LUT4\INIT=16'0110010101100110.
Deleting now unused module $paramod$0c1bff3fadc77781e570879aae8af5d3373bfe0c\GTP_LUT6.
Deleting now unused module $paramod$ab02dd1a77498fc3f4c362ecf2d09375bec842cc\GTP_LUT6.
Deleting now unused module $paramod$00282d4ba94f2dd06beb7bf4d4ddd77b8a1f83a7\GTP_LUT6.
Deleting now unused module $paramod$73d507c228778fe5984a1b4468ca7c436e7d4bad\GTP_LUT6.
Deleting now unused module $paramod$63d01f1a1e42093f7e58c5953bf2ffae32d87976\GTP_LUT6.
Deleting now unused module $paramod$bfc4c308e31110aed365267812b7fa3c221d44d7\GTP_LUT6.
Deleting now unused module $paramod$a96cfb8aa63230336e8b04668c49ff3a179737e0\GTP_LUT6.
Deleting now unused module $paramod$94398b9d9f695e42c3fab57b2b9ebc18cad21343\GTP_LUT6.
Deleting now unused module $paramod$2575e7423f132250845889a230de6a8de3ea5a37\GTP_LUT6.
Deleting now unused module $paramod\GTP_LUT5\INIT=32'00000000111111111111111000000001.
Deleting now unused module $paramod\GTP_LUT4\INIT=16'0010110110100101.
Deleting now unused module $paramod\GTP_LUT4\INIT=16'0110010110011010.
Deleting now unused module $paramod\GTP_LUT5\INIT=32'00000000000000010000000100000001.
Deleting now unused module $paramod\GTP_LUT4\INIT=16'1101010100101010.
Deleting now unused module $paramod$7410285b90db322f4a867b87c983a8ae9480648f\GTP_LUT6.
Deleting now unused module $paramod$c223f821ee68e0c076394c9fa6cd46204cb53d10\GTP_LUT6.
Deleting now unused module $paramod\GTP_LUT5\INIT=32'00010000000100010101000001010101.
Deleting now unused module $paramod\GTP_LUT4\INIT=16'0011100110011001.
Deleting now unused module $paramod$27d43fb595278d3ef43ace1aa05e9b0fbf14d7c7\GTP_LUT6.
Deleting now unused module $paramod$37065e52208c305688e33dc00062f9b4bd9631b1\GTP_LUT6.
Deleting now unused module $paramod$96f61037cb757b85af4442f094881f3ae9a5c529\GTP_LUT6.
Deleting now unused module $paramod$967d4d09a4dfab4f4a1f861005907375a387a6df\GTP_LUT6.
Deleting now unused module $paramod$df05d40030949e376341d9c6ad9252feea8f4aee\GTP_LUT6.
Deleting now unused module $paramod$41c1dff2837dfead2e38e114c2d701c2039b2a4d\GTP_LUT6.
Deleting now unused module $paramod$91ac7459a313ce652770841a4d652c25f1181f36\GTP_LUT6.
Deleting now unused module $paramod$f6c419df22fe39541753b9b8f9bb17c79cac90ef\GTP_LUT6.
Deleting now unused module $paramod\GTP_LUT5\INIT=32'01010101010110010101100101011001.
Deleting now unused module $paramod$11c52eaff059bbedde3cab20ab5bff4e4831b8c3\GTP_LUT6.
Deleting now unused module $paramod$84284631376f114e4ec7dc9abcae89378739e4ca\GTP_LUT6.
Deleting now unused module $paramod\GTP_LUT5\INIT=32'00000010001000000010001000100010.
Deleting now unused module $paramod$cbe6d5c44370dde7a7cc34230f9c46961f98a254\GTP_LUT6.
Deleting now unused module $paramod$028cc3032a54c473f517ff402686cedd1fea07d8\GTP_LUT6.
Deleting now unused module $paramod$3982f7faedddf968249a15a1942c2aeb83a92530\GTP_LUT6.
Deleting now unused module $paramod$a0383f873e84caefe1338c32038f8436a80841bf\GTP_LUT6.
Deleting now unused module $paramod$96b44b64fd3795e394c8070a76bbf20ab795cfdf\GTP_LUT6.
Deleting now unused module $paramod$b17b9fc4eeccec80cf086961bbf7df31b3b11099\GTP_LUT6.
Deleting now unused module $paramod$f9b7299f6ca3e5ab70b5dfb4c0c18981c60f7861\GTP_LUT6.
Deleting now unused module $paramod$98499b3959bb1061e27bb3ab1e269a14d91764d9\GTP_LUT6.
Deleting now unused module $paramod$35cac626ca71106bad861f12d4e32a2f98fb23d5\GTP_LUT6.
Deleting now unused module $paramod$24603cbe13e2f4b4bfd82fafb1d5ee773fe2b1b1\GTP_LUT6.
Deleting now unused module $paramod$3246ec3f5edf1b2bfeccdf50e01c1d973583439a\GTP_LUT6.
Deleting now unused module $paramod$1b485defa9de05d73d444ee05daed7ad0c7bc16a\GTP_LUT6.
Deleting now unused module $paramod$ea646375d97c3ef446cb6d3a34886e7a08a3a19c\GTP_LUT6.
Deleting now unused module $paramod$ff34b33b3443ebb43dc44bb5068ba982e4aa8bf3\GTP_LUT6.
Deleting now unused module $paramod$c6d75ecf9659b37b96560968ffe01f36938094fe\GTP_LUT6.
Deleting now unused module $paramod$8c3e1ac9ad8b2c0c4583456a947ba31f68cce36d\GTP_LUT6.
Deleting now unused module $paramod$64a203ea49c7fa5d8280338f80a3cdc884831238\GTP_LUT6.
Deleting now unused module $paramod\GTP_LUT5\INIT=32'11111110111010101010100010000000.
Deleting now unused module $paramod$7f938c331c62fe261a68abac2cba8f884414795f\GTP_LUT6.
Deleting now unused module $paramod\GTP_LUT5\INIT=32'10001110100011101000100010001110.
Deleting now unused module $paramod$d0cf1b51454b6bc949d5c25668023fe2b0717b6a\GTP_LUT6.
Deleting now unused module $paramod$0e03d1854af144816169b5573456b855eafd7561\GTP_LUT6.
Deleting now unused module $paramod$fbb6b9563eff822949654b2306c1622547b275db\GTP_LUT6.
Deleting now unused module $paramod$02a6feb0dc4469a9f4277688f349c8f33417d3a3\GTP_LUT6.
Deleting now unused module $paramod$69df7776ccde050e9114bd26fb76c06448c1a01a\GTP_LUT6.
Deleting now unused module $paramod$eec57cd2b331a49f53c93de488aa165e33b9cd47\GTP_LUT6.
Deleting now unused module $paramod$d8b37be1fea09c2fb852d621afe2190e48ee8393\GTP_LUT6.
Deleting now unused module $paramod\GTP_LUT5\INIT=32'01010101010101100110011001100110.
Deleting now unused module $paramod\GTP_LUT5\INIT=32'01000101000001010100010101000101.
Deleting now unused module $paramod\GTP_LUT5\INIT=32'10001010000010001110111110101110.
Deleting now unused module $paramod\GTP_LUT3\INIT=8'10010000.
Deleting now unused module $paramod\GTP_LUT4\INIT=16'0001001101011111.
Deleting now unused module $paramod\GTP_LUT4\INIT=16'0001010100111111.
Deleting now unused module $paramod\GTP_LUT4\INIT=16'0100110001011111.
Deleting now unused module $paramod\GTP_LUT5\INIT=32'00001000000000000000000000000000.
Deleting now unused module $paramod\GTP_LUT3\INIT=8'01011001.
Deleting now unused module $paramod\GTP_LUT5\INIT=32'00010101010100010011111111110011.
Deleting now unused module $paramod$735876b0920e64ced6cbc04dcda267f89afdc028\GTP_LUT6.
Deleting now unused module $paramod$7ba9b5e712fc072183dc5830e786f49a8479c302\GTP_LUT6.
Deleting now unused module $paramod\GTP_LUT5\INIT=32'00000000000101010001010100010101.
Deleting now unused module $paramod$bab8f8d79e4ec36920843357452ace54a9f00396\GTP_LUT6.
Deleting now unused module $paramod$d5843063c2a8f23e5b70fa1750afcfa29cf8b6e3\GTP_LUT6.
Deleting now unused module $paramod$84b5b630294ec426e51eb3ee26536af7f2d9f257\GTP_LUT6.
Deleting now unused module $paramod\GTP_LUT5\INIT=32'01000000101010101010101010101010.
Deleting now unused module $paramod\GTP_LUT5\INIT=32'00000000100000000000000000000000.
Deleting now unused module $paramod\GTP_LUT5\INIT=32'11111001100100001111100111111001.
Deleting now unused module $paramod$1a6c68c392922bfe756f640c8ce9e95e561d2cc8\GTP_LUT6.
Deleting now unused module $paramod\GTP_LUT4\INIT=16'0100111011011110.
Deleting now unused module $paramod$4ecb3be821d3b40e7dcd2ac99774bb5bf8518a0a\GTP_LUT6.
Deleting now unused module $paramod$1106b90a3a39e2b008e7a226af2bd2653df33ac5\GTP_LUT6.
Deleting now unused module $paramod$9d8fde011952c7301e9f11e99ab3c8987a82352c\GTP_LUT6.
Deleting now unused module $paramod$46c7abedc68dace281cdbb3972edd7c0b4f540e9\GTP_LUT6.
Deleting now unused module $paramod$fdfef22d4aef202f5ef80554578f2376b3b491f1\GTP_LUT6.
Deleting now unused module $paramod$5efd2f170c563b0a816c7163513d5db7dc944f15\GTP_LUT6.
Deleting now unused module $paramod$aef3c48a43f77dddbf3a8dbfd3dc1135a0ecbe65\GTP_LUT6.
Deleting now unused module $paramod$9c60f886ba211da1de8393acb2a39d60dee02db0\GTP_LUT6.
Deleting now unused module $paramod$bcadd7b40bf918cc7020ab79ea342a52565d1a7c\GTP_LUT6.
Deleting now unused module $paramod\GTP_LUT5\INIT=32'11010101110101010010101011010101.
Deleting now unused module $paramod$6ee3f279dccb699147fd7aebf1d49b5cfff53a40\GTP_LUT6.
Deleting now unused module $paramod$ee056d8c40095bdbb87dd871972c5ece73de5582\GTP_LUT6.
Deleting now unused module $paramod$d35c1e53f1e12618720d1ecbf4a0c05c4140493e\GTP_LUT6.
Deleting now unused module $paramod$bf2ca687a834c4eafa920698f41b178cc1e4594e\GTP_LUT6.
Deleting now unused module $paramod$941278bab29cec001f9a864f1304865d8011b7aa\GTP_LUT6.
Deleting now unused module $paramod$7ae97efefe0ad4d6d1fa069ba2ba7191c10c00a0\GTP_LUT6.
Deleting now unused module $paramod$b661e842effff1c1f4c1c9a25a884e54184db9f1\GTP_LUT6.
Deleting now unused module $paramod$8394e6074c3046fc0321372410999046506a4271\GTP_LUT6.
Deleting now unused module $paramod$66a664f34a2ecc7eb2983d5cd844377af2a34ad8\GTP_LUT6.
Deleting now unused module $paramod$79bc77f58871aae4e671adf3e01718a25f873b42\GTP_LUT6.
Deleting now unused module $paramod$d5aac5ae8eaf493eeb7a9aca3e163ac8a3e2f3f8\GTP_LUT6.
Deleting now unused module $paramod$030dbc0a804788c25205e345a4e4fe7ebc844bb9\GTP_LUT6.
Deleting now unused module $paramod$883fb4572a3bc4e2afd9242a8f2fb137947de019\GTP_LUT6.
Deleting now unused module $paramod$7f3cd46912ead349d3a9fac2a54303e9b19970b4\GTP_LUT6.
Deleting now unused module $paramod\GTP_LUT5\INIT=32'01010101010101010100000100010100.
Deleting now unused module $paramod$a02b7d775201ad999b898c8114025838f469832c\GTP_LUT6.
Deleting now unused module $paramod$281ff38162703ff73effa810d901a46b3679ab11\GTP_LUT6.
Deleting now unused module $paramod$049d3ca4cc721f314d14e9ccc5053201016f8ece\GTP_LUT6.
Deleting now unused module $paramod$2de82c17b30dc0cd94174cc4ef91f69a44629576\GTP_LUT6.
Deleting now unused module $paramod\GTP_LUT5\INIT=32'10101010101010101000000010101000.
Deleting now unused module $paramod$05a00cbfa065f5ae79ef3ae4d2cb12f33b1cf874\GTP_LUT6.
Deleting now unused module $paramod$8adebc750ed84073c4987b6c481306925b09161e\GTP_LUT6.
Deleting now unused module $paramod$05771141b19a9d8d4f4a8b8efd5ee741f5cf3cf5\GTP_LUT6.
Deleting now unused module $paramod\GTP_LUT4\INIT=16'0011111100010101.
Deleting now unused module $paramod\GTP_LUT4\INIT=16'0000000000000010.
Deleting now unused module $paramod\GTP_LUT4\INIT=16'0000000000001000.
Deleting now unused module $paramod\GTP_LUT4\INIT=16'0000000010000000.
Deleting now unused module $paramod\GTP_LUT5\INIT=32'00000011000011110101011001011010.
Deleting now unused module $paramod\GTP_LUT5\INIT=32'00000110011001100000111111111111.
Deleting now unused module $paramod\GTP_LUT5\INIT=32'00000110000011110110011011111111.
Deleting now unused module $paramod\GTP_LUT5\INIT=32'00010011001100010101111111110101.
Deleting now unused module $paramod\GTP_LUT5\INIT=32'00010101001111110011111100010101.
Deleting now unused module $paramod\GTP_LUT5\INIT=32'00001101000011010001000111011101.
Deleting now unused module $paramod$f19629508eea40913004b6eb0209fd8199819bf7\GTP_LUT6.
Deleting now unused module $paramod\GTP_LUT3\INIT=8'00000110.
Deleting now unused module $paramod$e3fceaba1ca59c9d42081035a3042168e0a6b33f\GTP_LUT6.
Deleting now unused module $paramod$2a8de75338d836580b80372ca0fbc6879c1aadb6\GTP_LUT6.
Deleting now unused module $paramod\GTP_LUT5\INIT=32'00101010101000101010001000101010.
Deleting now unused module $paramod\GTP_LUT3\INIT=8'10000000.
Deleting now unused module $paramod$41d1457b9d0c70bc5c643e593fb7022481a5595e\GTP_LUT6.
Deleting now unused module $paramod\GTP_LUT5\INIT=32'00000000011010010110100100000000.
Deleting now unused module $paramod$57f580f0481d484a19f53c0a4eed8d29d2aa55f3\GTP_LUT6.
Deleting now unused module $paramod$6ffaf6e310be540d876f6598fc957885771e1b77\GTP_LUT6.
Deleting now unused module $paramod$83191f8fabf4c430f400d6c6cac6eba6c6590677\GTP_LUT6.
Deleting now unused module $paramod$b43a7e0ec80a203a2d0a6f330a15d15d148158df\GTP_LUT6.
Deleting now unused module $paramod$e0b171009fd08a7a363e74ba89ca371723c97f03\GTP_LUT6.
Deleting now unused module $paramod$97a4320655941dc4ecace86c4159d4d87c4cff16\GTP_LUT6.
Deleting now unused module $paramod$0884b56864b2a3f7ae8c4fc0456a33e42c316f51\GTP_LUT6.
Deleting now unused module $paramod\GTP_LUT4\INIT=16'0101010101101010.
Deleting now unused module $paramod$57a254d80c8f7face295b7d7fe3ec759d4b989d1\GTP_LUT6.
Deleting now unused module $paramod$3d515f1d138ff9442b9a60226149011b407e9d21\GTP_LUT6.
Deleting now unused module $paramod$2721d47ffebc2f7e949d95c623e81a971694df19\GTP_LUT6.
Deleting now unused module $paramod$51c4ef27bae16d32b56514fb590edeef3528db16\GTP_LUT6.
Deleting now unused module $paramod$0154bf3fd91ac70b51ca1f3fb3c7f92e08f360a3\GTP_LUT6.
Deleting now unused module $paramod\GTP_LUT5\INIT=32'00001011101100000000001000100000.
Deleting now unused module $paramod$c2610a3566f0ed660bf62575ca9f0f4a3a442118\GTP_LUT6.
Deleting now unused module $paramod$7a65706fa368b168aa11ad53815cfa5fa11c7227\GTP_LUT6.
Deleting now unused module $paramod$e2305a18109662e98bc23d5f5187a68cbaef5c91\GTP_LUT6.
Deleting now unused module $paramod$ffda0105e6c5237344f6740fffddc8e74ae585d8\GTP_LUT6.
Deleting now unused module $paramod$c1937310ed9a655a81df1692d38e94ec2a6f8cd7\GTP_LUT6.
Deleting now unused module $paramod$a74d991783063dd3a97bb788b57b6cb6572f9c5a\GTP_LUT6.
Deleting now unused module $paramod$6c67b5cd8047f13eeddc04412321afc106357b79\GTP_LUT6.
Deleting now unused module $paramod\GTP_LUT5\INIT=32'01101010101010011001010101010110.
Deleting now unused module $paramod$468ea583c8d7d94df128dac91aa5e74b8ab68ac9\GTP_LUT6.
Deleting now unused module $paramod$50e2181eca2d26f43545a718f74d59385b12e708\GTP_LUT6.
Deleting now unused module $paramod$aa974b62d67e2c8dc753865f779572c474f71f38\GTP_LUT6.
Deleting now unused module $paramod$654b72bfab47098056abb3ad6eeba86df6cdaa98\GTP_LUT6.
Deleting now unused module $paramod$d454f0fdb88a2de130175c20b236038c376549ba\GTP_LUT6.
Deleting now unused module $paramod$ae55d7b1e7ca2cb53a10fbb1e5f6cbc2e125e325\GTP_LUT6.
Deleting now unused module $paramod$ddd8a7210d2d272350ae7a5691065f23a683bbfd\GTP_LUT6.
Deleting now unused module $paramod$ba35259528df06e451ee2f6b891cd3eb6afed8d2\GTP_LUT6.
Deleting now unused module $paramod$3880597822d839ad4d6a9f6e9bcb09b56a0f7d6d\GTP_LUT6.
Deleting now unused module $paramod$3f91500e544081a7a667d71f624ad72824f2d095\GTP_LUT6.
Deleting now unused module $paramod$ec2cac0771fde7e21bfc8d37321f934609a3b2da\GTP_LUT6.
Deleting now unused module $paramod\GTP_LUT3\INIT=8'01101001.
Deleting now unused module $paramod\GTP_LUT4\INIT=16'0000000100000000.
Deleting now unused module $paramod\GTP_LUT4\INIT=16'0011011000010100.
Deleting now unused module $paramod\GTP_LUT4\INIT=16'0101111100010011.
Deleting now unused module $paramod\GTP_LUT4\INIT=16'1001011000000000.
Deleting now unused module $paramod\GTP_LUT4\INIT=16'0000101101010001.
Deleting now unused module $paramod\GTP_LUT5\INIT=32'00000010001000111100101010101111.
Deleting now unused module $paramod\GTP_LUT5\INIT=32'00000001000101011010001100111111.
Deleting now unused module $paramod\GTP_LUT3\INIT=8'10010110.
Deleting now unused module $paramod\GTP_LUT5\INIT=32'00000001100000110001010110111111.
Deleting now unused module $paramod\GTP_LUT5\INIT=32'00000001000100111100010101011111.
Deleting now unused module $paramod\GTP_LUT5\INIT=32'00000000000000000000000000000010.
Deleting now unused module $paramod\GTP_LUT5\INIT=32'00000000000000000110001101000001.
Deleting now unused module $paramod\GTP_LUT4\INIT=16'0110100110010110.
Deleting now unused module $paramod\GTP_LUT5\INIT=32'00110110001010000001010001101100.
Deleting now unused module $paramod\GTP_LUT5\INIT=32'00000001001111011011110010000000.
Deleting now unused module $paramod\GTP_LUT5\INIT=32'00011110010010000001001001111000.
Deleting now unused module $paramod\GTP_LUT5\INIT=32'00110010000101100110100001001100.
Deleting now unused module $paramod\GTP_LUT5\INIT=32'00001011000111000011100011010000.
Deleting now unused module $paramod\GTP_LUT5\INIT=32'00000101010100111100101010100000.
Deleting now unused module $paramod\GTP_LUT5\INIT=32'00000000000000000000000010000000.
Deleting now unused module $paramod\GTP_LUT5\INIT=32'00010011010111110101111100010011.
Deleting now unused module $paramod\GTP_LUT4\INIT=16'1000000000000000.
Deleting now unused module $paramod\GTP_LUT5\INIT=32'00000000000111011101110100011101.
Deleting now unused module $paramod\GTP_LUT5\INIT=32'11101000000101111110100011101000.
Deleting now unused module $paramod$6a4de790a6eee7de3c57a7621210b91c1b209419\GTP_LUT6.
Deleting now unused module $paramod$cf0557585c3716697887a6be9a71ddda644eb00f\GTP_LUT6.
Deleting now unused module $paramod$6a348a4c549d96612817c163b86854936fe5bdfc\GTP_LUT6.
Deleting now unused module $paramod\GTP_LUT4\INIT=16'0000001000100010.
Deleting now unused module $paramod\GTP_LUT3\INIT=8'00010111.
Deleting now unused module $paramod\GTP_LUT5\INIT=32'00000001000001010001000101010101.
Deleting now unused module $paramod$93ea42f15927ee0419824ce4ab0ae39b9241ea9e\GTP_LUT6.
Deleting now unused module $paramod$5609fbf15dc1cb69e969c45c754e1d6e86fecac5\GTP_LUT6.
Deleting now unused module $paramod$15b020ac927ddb1879e5c2605abe35d430e43019\GTP_LUT6.
Deleting now unused module $paramod$ccd814fe16a9482c56069d9c3cfa08c458aabfee\GTP_LUT6.
Deleting now unused module $paramod$1acccfae78878bf436c2475b8e9069cdea9f5758\GTP_LUT6.
Deleting now unused module $paramod$5d708229068c0ff045932b4978bcde768d7c825b\GTP_LUT6.
Deleting now unused module $paramod$6a5e6f257d0c57a5de700a6ae2cad718ae1657e8\GTP_LUT6.
Deleting now unused module $paramod\GTP_LUT5\INIT=32'00000101000000010101010100010001.
Deleting now unused module $paramod$e49ac9683bedfa772c8980ab3f150cf85803cb1d\GTP_LUT6.
Deleting now unused module $paramod$582a64997518d67efc7933070309eadf9cee13fe\GTP_LUT6.
Deleting now unused module $paramod$f3e8f7d4270400c3051d2b204c357574a1ad01ec\GTP_LUT6.
Deleting now unused module $paramod$4bb9959d48ad841ee09aec550ca5f770c903c2e6\GTP_LUT6.
Deleting now unused module $paramod$494f800a9d246b61868b6a6f05a5a99e3c9d8e3a\GTP_LUT6.
Deleting now unused module $paramod$3aef47ae8795028b41429476431c6e3533bc932d\GTP_LUT6.
Deleting now unused module $paramod\GTP_LUT3\INIT=8'00000111.
Deleting now unused module $paramod\GTP_LUT5\INIT=32'00000000110101110001011100010111.
Deleting now unused module $paramod\GTP_LUT5\INIT=32'00000001100100010000011111110111.
Deleting now unused module $paramod\GTP_LUT5\INIT=32'00000001000101011000001110111111.
Deleting now unused module $paramod\GTP_LUT5\INIT=32'00010100111010000001011100101000.
Deleting now unused module $paramod\GTP_LUT5\INIT=32'00000001101111000011110110000000.
Deleting now unused module $paramod\GTP_LUT5\INIT=32'00000110111010000001011101100000.
Deleting now unused module $paramod\GTP_LUT5\INIT=32'00011110001010000001010001111000.
Deleting now unused module $paramod\GTP_LUT5\INIT=32'00000011101011000011010111000000.
Deleting now unused module $paramod\GTP_LUT5\INIT=32'00001101000110100101100010110000.
Deleting now unused module $paramod\GTP_LUT5\INIT=32'00000001111001100110011110000000.
Deleting now unused module $paramod\GTP_LUT5\INIT=32'00110001001001100110010010001100.
Deleting now unused module $paramod\GTP_LUT5\INIT=32'00000110000101111110100001100000.
Deleting now unused module $paramod\GTP_LUT5\INIT=32'00110110000101000010100001101100.
Deleting now unused module $paramod\GTP_LUT5\INIT=32'00001110000101100110100001110000.
Deleting now unused module $paramod\GTP_LUT5\INIT=32'00000011001101011010110011000000.
Deleting now unused module $paramod\GTP_LUT5\INIT=32'00000000000000000000000000001000.
Deleting now unused module $paramod$3f62f816985d426702751c0ed88eedee17fe81a3\GTP_LUT6.
Deleting now unused module $paramod$34d15386e834a6a380e9de8ef8c91b412c6727c2\GTP_LUT6.
Deleting now unused module $paramod\GTP_LUT5\INIT=32'11000100010011000100110011000100.
Deleting now unused module $paramod\GTP_LUT5\INIT=32'00000000000000001000000000000000.
Deleting now unused module $paramod\GTP_LUT5\INIT=32'00000000000000000111111111111111.
Deleting now unused module $paramod$f9fc00fda397f32050489767c6cd6914bc8ad659\GTP_LUT6.
Deleting now unused module $paramod$5000dfcc6b6076274589af648d56474541f5193e\GTP_LUT6.
Deleting now unused module $paramod$59a0039f35ecdbe38b8a0ce2f13aa40890a8a3be\GTP_LUT6.
Deleting now unused module $paramod$a7200ea2a4d046116b1b5cbf3515cc6f3799da6b\GTP_LUT6.
Deleting now unused module $paramod\GTP_LUT5\INIT=32'10000000000000000000000000000000.
Deleting now unused module $paramod$bdc761d4d59549115c844e97a239d1b6f300d8a2\GTP_LUT6.
Deleting now unused module $paramod\GTP_LUT3\INIT=8'00000001.
Deleting now unused module $paramod\GTP_LUT4\INIT=16'0000000000010000.
Deleting now unused module $paramod\GTP_LUT5\INIT=32'00000000000000000000000000000001.
Deleting now unused module $paramod$20246d5e7b6bcf137d425da26da5fdd90dad3f52\GTP_LUT6.
Deleting now unused module $paramod$492504319aaaedd247a3255e8ac4e753d3714520\GTP_LUT6.
Deleting now unused module $paramod\GTP_LUT4\INIT=16'1010100101010110.
Deleting now unused module $paramod\GTP_LUT4\INIT=16'0000000000000001.
Deleting now unused module $paramod$b098c66f9c2eeee0147739dfabb7d3bf125ecb92\GTP_LUT6D.
Deleting now unused module $paramod\GTP_LUT5D\INIT=32'11001100001110010000001000000010.
Deleting now unused module $paramod\GTP_LUT5D\INIT=32'00111100001101100100000101000001.
Deleting now unused module $paramod$2ea35650643077fc43ddbf640d273dc9ca798139\GTP_LUT6D.
Deleting now unused module $paramod\GTP_LUT5D\INIT=32'01100110010101100011001100000001.
Deleting now unused module $paramod\GTP_LUT5D\INIT=32'10100110101001011100110011000011.
Deleting now unused module $paramod\GTP_LUT4D\INIT=16'1100100100100010.
Deleting now unused module $paramod$9bb2781f6de0e885505a0d0e6be8ff4363f9f6ce\GTP_LUT6D.
Deleting now unused module $paramod$3f0478ecb976d55c8e00bd5b4ae6bda3c1052c95\GTP_LUT6D.
<suppressed ~1102 debug messages>

5. Executing TECHMAP pass (map to technology primitives).

5.1. Executing Verilog-2005 frontend: /Users/yoyowang/Desktop/yosysDualOutputLUT/share/techmap.v
Parsing Verilog input from `/Users/yoyowang/Desktop/yosysDualOutputLUT/share/techmap.v' to AST representation.
verilog frontend filename /Users/yoyowang/Desktop/yosysDualOutputLUT/share/techmap.v
Generating RTLIL representation for module `\_90_simplemap_bool_ops'.
Generating RTLIL representation for module `\_90_simplemap_reduce_ops'.
Generating RTLIL representation for module `\_90_simplemap_logic_ops'.
Generating RTLIL representation for module `\_90_simplemap_compare_ops'.
Generating RTLIL representation for module `\_90_simplemap_various'.
Generating RTLIL representation for module `\_90_simplemap_registers'.
Generating RTLIL representation for module `\_90_shift_ops_shr_shl_sshl_sshr'.
Generating RTLIL representation for module `\_90_shift_shiftx'.
Generating RTLIL representation for module `\_90_fa'.
Generating RTLIL representation for module `\_90_lcu_brent_kung'.
Generating RTLIL representation for module `\_90_alu'.
Generating RTLIL representation for module `\_90_macc'.
Generating RTLIL representation for module `\_90_alumacc'.
Generating RTLIL representation for module `\$__div_mod_u'.
Generating RTLIL representation for module `\$__div_mod_trunc'.
Generating RTLIL representation for module `\_90_div'.
Generating RTLIL representation for module `\_90_mod'.
Generating RTLIL representation for module `\$__div_mod_floor'.
Generating RTLIL representation for module `\_90_divfloor'.
Generating RTLIL representation for module `\_90_modfloor'.
Generating RTLIL representation for module `\_90_pow'.
Generating RTLIL representation for module `\_90_pmux'.
Generating RTLIL representation for module `\_90_demux'.
Generating RTLIL representation for module `\_90_lut'.
Generating RTLIL representation for module `\$connect'.
Generating RTLIL representation for module `\$input_port'.
Successfully finished Verilog frontend.

5.2. Continuing TECHMAP pass.
Using extmapper simplemap for cells of type $mux.
Using extmapper simplemap for cells of type $lut.
No more expansions possible.
<suppressed ~4779 debug messages>

6. Executing OPT pass (performing simple optimizations).

6.1. Executing OPT_EXPR pass (perform const folding).
Optimizing module /Users/yoyowang/Desktop/benchmark/sin.aig.
Couldn't topologically sort cells, optimizing module /Users/yoyowang/Desktop/benchmark/sin.aig may take a longer time.
Couldn't topologically sort cells, optimizing module /Users/yoyowang/Desktop/benchmark/sin.aig may take a longer time.
Couldn't topologically sort cells, optimizing module /Users/yoyowang/Desktop/benchmark/sin.aig may take a longer time.
<suppressed ~44073 debug messages>

6.2. Executing OPT_MERGE pass (detect identical cells).
Finding identical cells in module `\/Users/yoyowang/Desktop/benchmark/sin.aig'.
<suppressed ~31308 debug messages>
Removed a total of 10436 cells.

6.3. Executing OPT_MUXTREE pass (detect dead branches in mux trees).
Running muxtree optimizer on module \/Users/yoyowang/Desktop/benchmark/sin.aig..
  Creating internal representation of mux trees.
  No muxes found in this module.
Removed 0 multiplexer ports.

6.4. Executing OPT_REDUCE pass (consolidate $*mux and $reduce_* inputs).
  Optimizing cells in module \/Users/yoyowang/Desktop/benchmark/sin.aig.
Performed a total of 0 changes.

6.5. Executing OPT_MERGE pass (detect identical cells).
Finding identical cells in module `\/Users/yoyowang/Desktop/benchmark/sin.aig'.
Removed a total of 0 cells.

6.6. Executing OPT_DFF pass (perform DFF optimizations).

6.7. Executing OPT_CLEAN pass (remove unused cells and wires).
Finding unused cells or wires in module \/Users/yoyowang/Desktop/benchmark/sin.aig..
Removed 0 unused cells and 6558 unused wires.
<suppressed ~1 debug messages>

6.8. Executing OPT_EXPR pass (perform const folding).
Optimizing module /Users/yoyowang/Desktop/benchmark/sin.aig.
Couldn't topologically sort cells, optimizing module /Users/yoyowang/Desktop/benchmark/sin.aig may take a longer time.
<suppressed ~1145 debug messages>

6.9. Rerunning OPT passes. (Maybe there is more to do..)

6.10. Executing OPT_MUXTREE pass (detect dead branches in mux trees).
Running muxtree optimizer on module \/Users/yoyowang/Desktop/benchmark/sin.aig..
  Creating internal representation of mux trees.
  No muxes found in this module.
Removed 0 multiplexer ports.

6.11. Executing OPT_REDUCE pass (consolidate $*mux and $reduce_* inputs).
  Optimizing cells in module \/Users/yoyowang/Desktop/benchmark/sin.aig.
Performed a total of 0 changes.

6.12. Executing OPT_MERGE pass (detect identical cells).
Finding identical cells in module `\/Users/yoyowang/Desktop/benchmark/sin.aig'.
<suppressed ~30 debug messages>
Removed a total of 10 cells.

6.13. Executing OPT_DFF pass (perform DFF optimizations).

6.14. Executing OPT_CLEAN pass (remove unused cells and wires).
Finding unused cells or wires in module \/Users/yoyowang/Desktop/benchmark/sin.aig..
Removed 0 unused cells and 3 unused wires.
<suppressed ~1 debug messages>

6.15. Executing OPT_EXPR pass (perform const folding).
Optimizing module /Users/yoyowang/Desktop/benchmark/sin.aig.

6.16. Rerunning OPT passes. (Maybe there is more to do..)

6.17. Executing OPT_MUXTREE pass (detect dead branches in mux trees).
Running muxtree optimizer on module \/Users/yoyowang/Desktop/benchmark/sin.aig..
  Creating internal representation of mux trees.
  No muxes found in this module.
Removed 0 multiplexer ports.

6.18. Executing OPT_REDUCE pass (consolidate $*mux and $reduce_* inputs).
  Optimizing cells in module \/Users/yoyowang/Desktop/benchmark/sin.aig.
Performed a total of 0 changes.

6.19. Executing OPT_MERGE pass (detect identical cells).
Finding identical cells in module `\/Users/yoyowang/Desktop/benchmark/sin.aig'.
Removed a total of 0 cells.

6.20. Executing OPT_DFF pass (perform DFF optimizations).

6.21. Executing OPT_CLEAN pass (remove unused cells and wires).
Finding unused cells or wires in module \/Users/yoyowang/Desktop/benchmark/sin.aig..

6.22. Executing OPT_EXPR pass (perform const folding).
Optimizing module /Users/yoyowang/Desktop/benchmark/sin.aig.

6.23. Finished fast OPT passes. (There is nothing left to do.)

7. Executing AIGMAP pass (map logic to AIG).
Module /Users/yoyowang/Desktop/benchmark/sin.aig: replaced 7048 cells with 49336 new cells, skipped 1607 cells.
  replaced 1 cell types:
    7048 $_MUX_
  not replaced 2 cell types:
     505 $_NOT_
    1102 $scopeinfo

8. Executing AIGER backend.
Warning: Treating undriven bit /Users/yoyowang/Desktop/benchmark/sin.aig.\a[0] like $anyseq.
Warning: Treating undriven bit /Users/yoyowang/Desktop/benchmark/sin.aig.\a[1] like $anyseq.
Warning: Treating undriven bit /Users/yoyowang/Desktop/benchmark/sin.aig.\a[2] like $anyseq.
Warning: Treating undriven bit /Users/yoyowang/Desktop/benchmark/sin.aig.\a[3] like $anyseq.
Warning: Treating undriven bit /Users/yoyowang/Desktop/benchmark/sin.aig.\a[4] like $anyseq.
Warning: Treating undriven bit /Users/yoyowang/Desktop/benchmark/sin.aig.\a[5] like $anyseq.
Warning: Treating undriven bit /Users/yoyowang/Desktop/benchmark/sin.aig.\a[6] like $anyseq.
Warning: Treating undriven bit /Users/yoyowang/Desktop/benchmark/sin.aig.\a[7] like $anyseq.
Warning: Treating undriven bit /Users/yoyowang/Desktop/benchmark/sin.aig.\a[8] like $anyseq.
Warning: Treating undriven bit /Users/yoyowang/Desktop/benchmark/sin.aig.\a[9] like $anyseq.
Warning: Treating undriven bit /Users/yoyowang/Desktop/benchmark/sin.aig.\a[10] like $anyseq.
Warning: Treating undriven bit /Users/yoyowang/Desktop/benchmark/sin.aig.\a[11] like $anyseq.
Warning: Treating undriven bit /Users/yoyowang/Desktop/benchmark/sin.aig.\a[12] like $anyseq.
Warning: Treating undriven bit /Users/yoyowang/Desktop/benchmark/sin.aig.\a[13] like $anyseq.
Warning: Treating undriven bit /Users/yoyowang/Desktop/benchmark/sin.aig.\a[14] like $anyseq.
Warning: Treating undriven bit /Users/yoyowang/Desktop/benchmark/sin.aig.\a[15] like $anyseq.
Warning: Treating undriven bit /Users/yoyowang/Desktop/benchmark/sin.aig.\a[16] like $anyseq.
Warning: Treating undriven bit /Users/yoyowang/Desktop/benchmark/sin.aig.\a[17] like $anyseq.
Warning: Treating undriven bit /Users/yoyowang/Desktop/benchmark/sin.aig.\a[18] like $anyseq.
Warning: Treating undriven bit /Users/yoyowang/Desktop/benchmark/sin.aig.\a[19] like $anyseq.
Warning: Treating undriven bit /Users/yoyowang/Desktop/benchmark/sin.aig.\a[20] like $anyseq.
Warning: Treating undriven bit /Users/yoyowang/Desktop/benchmark/sin.aig.\a[21] like $anyseq.
Warning: Treating undriven bit /Users/yoyowang/Desktop/benchmark/sin.aig.\a[22] like $anyseq.
Warning: Treating undriven bit /Users/yoyowang/Desktop/benchmark/sin.aig.\a[23] like $anyseq.
Warning: Treating a total of 24 undriven bits in /Users/yoyowang/Desktop/benchmark/sin.aig like $anyseq.

Warnings: 25 unique messages, 25 total
End of script. Logfile hash: 7e818a2a1a, CPU: user 0.70s system 0.03s, MEM: 170.41 MB peak
Yosys 0.60+64 (git sha1 e3af261e1-dirty, clang++ 17.0.0 -fPIC -O3)
Time spent: 29% 4x opt_expr (0 sec), 18% 3x opt_clean (0 sec), ...
