
 /----------------------------------------------------------------------------\
 |  yosys -- Yosys Open SYnthesis Suite                                       |
 |  Copyright (C) 2012 - 2025  Claire Xenia Wolf <claire@yosyshq.com>         |
 |  Distributed under an ISC-like license, type "license" to see terms        |
 \----------------------------------------------------------------------------/
 Yosys 0.60+64 (git sha1 e3af261e1-dirty, clang++ 17.0.0 -fPIC -O3)

-- Running command `
        read_verilog -icells techlibs/yoyo/cells_sim.v
        read_verilog test_output_epfl/sqrt_lut6d_mapped.v
        hierarchy -check -auto-top
        flatten
        techmap
        opt
        aigmap
        write_aiger test_output_epfl/sqrt_lut6d_gate_cec.aig
    ' --

1. Executing Verilog-2005 frontend: techlibs/yoyo/cells_sim.v
Parsing Verilog input from `techlibs/yoyo/cells_sim.v' to AST representation.
verilog frontend filename techlibs/yoyo/cells_sim.v
Generating RTLIL representation for module `\GTP_LUT1'.
Generating RTLIL representation for module `\GTP_LUT2'.
Generating RTLIL representation for module `\GTP_LUT3'.
Generating RTLIL representation for module `\GTP_LUT4'.
Generating RTLIL representation for module `\GTP_LUT5'.
Generating RTLIL representation for module `\GTP_LUT6'.
Generating RTLIL representation for module `\GTP_LUT6D'.
Generating RTLIL representation for module `\GTP_LUT5D'.
Generating RTLIL representation for module `\GTP_LUT4D'.
Successfully finished Verilog frontend.

2. Executing Verilog-2005 frontend: test_output_epfl/sqrt_lut6d_mapped.v
Parsing Verilog input from `test_output_epfl/sqrt_lut6d_mapped.v' to AST representation.
verilog frontend filename test_output_epfl/sqrt_lut6d_mapped.v
Generating RTLIL representation for module `\/Users/yoyowang/Desktop/benchmark/sqrt.aig'.
Successfully finished Verilog frontend.

3. Executing HIERARCHY pass (managing design hierarchy).
Attribute `top' found on module `/Users/yoyowang/Desktop/benchmark/sqrt.aig'. Setting top module to /Users/yoyowang/Desktop/benchmark/sqrt.aig.

3.1. Analyzing design hierarchy..
Top module:  \/Users/yoyowang/Desktop/benchmark/sqrt.aig
Used module:     \GTP_LUT6
Used module:     \GTP_LUT5
Used module:     \GTP_LUT4
Used module:     \GTP_LUT3
Used module:     \GTP_LUT5D
Used module:     \GTP_LUT6D
Used module:     \GTP_LUT4D
Parameter \INIT = 64'0110011000010011011001100110011000100110000000110010011000100110

3.2. Executing AST frontend in derive mode using pre-parsed AST for module `\GTP_LUT6'.
Parameter \INIT = 64'0110011000010011011001100110011000100110000000110010011000100110
Generating RTLIL representation for module `$paramod$ad9e2d3baac0fe87ed679e45e0968028e501f12b\GTP_LUT6'.
Parameter \INIT = 57231

3.3. Executing AST frontend in derive mode using pre-parsed AST for module `\GTP_LUT5'.
Parameter \INIT = 57231
Generating RTLIL representation for module `$paramod\GTP_LUT5\INIT=32'00000000000000001101111110001111'.
Parameter \INIT = 32'11000100110011001000000010001000

3.4. Executing AST frontend in derive mode using pre-parsed AST for module `\GTP_LUT5'.
Parameter \INIT = 32'11000100110011001000000010001000
Generating RTLIL representation for module `$paramod\GTP_LUT5\INIT=32'11000100110011001000000010001000'.
Parameter \INIT = 57231
Found cached RTLIL representation for module `$paramod\GTP_LUT5\INIT=32'00000000000000001101111110001111'.
Parameter \INIT = 57231
Found cached RTLIL representation for module `$paramod\GTP_LUT5\INIT=32'00000000000000001101111110001111'.
Parameter \INIT = 218640255

3.5. Executing AST frontend in derive mode using pre-parsed AST for module `\GTP_LUT5'.
Parameter \INIT = 218640255
Generating RTLIL representation for module `$paramod\GTP_LUT5\INIT=32'00001101000010000010111101111111'.
Parameter \INIT = 218640255
Found cached RTLIL representation for module `$paramod\GTP_LUT5\INIT=32'00001101000010000010111101111111'.
Parameter \INIT = 64'1110111011101100100010001000000011111111111111101100110011001000

3.6. Executing AST frontend in derive mode using pre-parsed AST for module `\GTP_LUT6'.
Parameter \INIT = 64'1110111011101100100010001000000011111111111111101100110011001000
Generating RTLIL representation for module `$paramod$ef3cc5da301ed9bfe44b39b3fea70f96bcc9e5bd\GTP_LUT6'.
Parameter \INIT = 64'0110001101100011011000110110001101100011011000111001110001100011

3.7. Executing AST frontend in derive mode using pre-parsed AST for module `\GTP_LUT6'.
Parameter \INIT = 64'0110001101100011011000110110001101100011011000111001110001100011
Generating RTLIL representation for module `$paramod$e1513f5c19d62423181ff4c582d2510505ba6002\GTP_LUT6'.
Parameter \INIT = 64'0001001100000011000100110000001100010011000000110110011000100110

3.8. Executing AST frontend in derive mode using pre-parsed AST for module `\GTP_LUT6'.
Parameter \INIT = 64'0001001100000011000100110000001100010011000000110110011000100110
Generating RTLIL representation for module `$paramod$110d5d0540a6a1687c14b363532825e0ca233006\GTP_LUT6'.
Parameter \INIT = 1077952712

3.9. Executing AST frontend in derive mode using pre-parsed AST for module `\GTP_LUT5'.
Parameter \INIT = 1077952712
Generating RTLIL representation for module `$paramod\GTP_LUT5\INIT=32'01000000010000000100000011001000'.
Parameter \INIT = 64'1001110001100011011000110110001110011100011000111001110001100011

3.10. Executing AST frontend in derive mode using pre-parsed AST for module `\GTP_LUT6'.
Parameter \INIT = 64'1001110001100011011000110110001110011100011000111001110001100011
Generating RTLIL representation for module `$paramod$2ce09dc0b8049bec1f386e6a4f9cd2edb0c3b2ed\GTP_LUT6'.
Parameter \INIT = 64'0000100100011001000010010001100110001100110011000000100100011001

3.11. Executing AST frontend in derive mode using pre-parsed AST for module `\GTP_LUT6'.
Parameter \INIT = 64'0000100100011001000010010001100110001100110011000000100100011001
Generating RTLIL representation for module `$paramod$b9efae4d8d49dd829edcc803e2dd24488eae7797\GTP_LUT6'.
Parameter \INIT = 64'0101111111010111101000000010100011010111111101010010100000001010

3.12. Executing AST frontend in derive mode using pre-parsed AST for module `\GTP_LUT6'.
Parameter \INIT = 64'0101111111010111101000000010100011010111111101010010100000001010
Generating RTLIL representation for module `$paramod$faadfbce9aec5860350c941f014058f2c932bfb5\GTP_LUT6'.
Parameter \INIT = 32'10010110110000110110011000110011

3.13. Executing AST frontend in derive mode using pre-parsed AST for module `\GTP_LUT5'.
Parameter \INIT = 32'10010110110000110110011000110011
Generating RTLIL representation for module `$paramod\GTP_LUT5\INIT=32'10010110110000110110011000110011'.
Parameter \INIT = 57231
Found cached RTLIL representation for module `$paramod\GTP_LUT5\INIT=32'00000000000000001101111110001111'.
Parameter \INIT = 12159

3.14. Executing AST frontend in derive mode using pre-parsed AST for module `\GTP_LUT5'.
Parameter \INIT = 12159
Generating RTLIL representation for module `$paramod\GTP_LUT5\INIT=32'00000000000000000010111101111111'.
Parameter \INIT = 1765579212

3.15. Executing AST frontend in derive mode using pre-parsed AST for module `\GTP_LUT5'.
Parameter \INIT = 1765579212
Generating RTLIL representation for module `$paramod\GTP_LUT5\INIT=32'01101001001111001001100111001100'.
Parameter \INIT = 32'10010110110000110110011000110011
Found cached RTLIL representation for module `$paramod\GTP_LUT5\INIT=32'10010110110000110110011000110011'.
Parameter \INIT = 64'1111010101100001101000000010000011110111011000111110001101100011

3.16. Executing AST frontend in derive mode using pre-parsed AST for module `\GTP_LUT6'.
Parameter \INIT = 64'1111010101100001101000000010000011110111011000111110001101100011
Generating RTLIL representation for module `$paramod$86f9906103e8fc19235c85b7ceabae06eb43c373\GTP_LUT6'.
Parameter \INIT = 64'0000101010011110010111111101111100001000100111000001110010011100

3.17. Executing AST frontend in derive mode using pre-parsed AST for module `\GTP_LUT6'.
Parameter \INIT = 64'0000101010011110010111111101111100001000100111000001110010011100
Generating RTLIL representation for module `$paramod$a5be1c4808c883f563053539778990037d2d5481\GTP_LUT6'.
Parameter \INIT = 64'0000101010011110010111111101111100001000100111000001110010011100
Found cached RTLIL representation for module `$paramod$a5be1c4808c883f563053539778990037d2d5481\GTP_LUT6'.
Parameter \INIT = 218640255
Found cached RTLIL representation for module `$paramod\GTP_LUT5\INIT=32'00001101000010000010111101111111'.
Parameter \INIT = 218640255
Found cached RTLIL representation for module `$paramod\GTP_LUT5\INIT=32'00001101000010000010111101111111'.
Parameter \INIT = 16'0111100011010010

3.18. Executing AST frontend in derive mode using pre-parsed AST for module `\GTP_LUT4'.
Parameter \INIT = 16'0111100011010010
Generating RTLIL representation for module `$paramod\GTP_LUT4\INIT=16'0111100011010010'.
Parameter \INIT = 16'0101011010011010

3.19. Executing AST frontend in derive mode using pre-parsed AST for module `\GTP_LUT4'.
Parameter \INIT = 16'0101011010011010
Generating RTLIL representation for module `$paramod\GTP_LUT4\INIT=16'0101011010011010'.
Parameter \INIT = 16'0101011010011010
Found cached RTLIL representation for module `$paramod\GTP_LUT4\INIT=16'0101011010011010'.
Parameter \INIT = 64'1110111011101100100010001000000011111111111111101100110011001000
Found cached RTLIL representation for module `$paramod$ef3cc5da301ed9bfe44b39b3fea70f96bcc9e5bd\GTP_LUT6'.
Parameter \INIT = 64'0101111111010111101000000010100011010111111101010010100000001010
Found cached RTLIL representation for module `$paramod$faadfbce9aec5860350c941f014058f2c932bfb5\GTP_LUT6'.
Parameter \INIT = 64'0000000000001000110011001100111010001000100011001110111011101111

3.20. Executing AST frontend in derive mode using pre-parsed AST for module `\GTP_LUT6'.
Parameter \INIT = 64'0000000000001000110011001100111010001000100011001110111011101111
Generating RTLIL representation for module `$paramod$d2afb1cb2b4c539086d411af8b70bde4b1f6214f\GTP_LUT6'.
Parameter \INIT = 64'0101111111010111101000000010100011010111111101010010100000001010
Found cached RTLIL representation for module `$paramod$faadfbce9aec5860350c941f014058f2c932bfb5\GTP_LUT6'.
Parameter \INIT = 64'0101111111010111101000000010100011010111111101010010100000001010
Found cached RTLIL representation for module `$paramod$faadfbce9aec5860350c941f014058f2c932bfb5\GTP_LUT6'.
Parameter \INIT = 64'0101111111010111101000000010100011010111111101010010100000001010
Found cached RTLIL representation for module `$paramod$faadfbce9aec5860350c941f014058f2c932bfb5\GTP_LUT6'.
Parameter \INIT = 16'0111110110000010

3.21. Executing AST frontend in derive mode using pre-parsed AST for module `\GTP_LUT4'.
Parameter \INIT = 16'0111110110000010
Generating RTLIL representation for module `$paramod\GTP_LUT4\INIT=16'0111110110000010'.
Parameter \INIT = 64'1101011111110101001010000000101001011111110101111010000000101000

3.22. Executing AST frontend in derive mode using pre-parsed AST for module `\GTP_LUT6'.
Parameter \INIT = 64'1101011111110101001010000000101001011111110101111010000000101000
Generating RTLIL representation for module `$paramod$6191c5fd7bcfaaff37808c3297a2620807ea9213\GTP_LUT6'.
Parameter \INIT = 838275187

3.23. Executing AST frontend in derive mode using pre-parsed AST for module `\GTP_LUT5'.
Parameter \INIT = 838275187
Generating RTLIL representation for module `$paramod\GTP_LUT5\INIT=32'00110001111101110001000001110011'.
Parameter \INIT = 838275187
Found cached RTLIL representation for module `$paramod\GTP_LUT5\INIT=32'00110001111101110001000001110011'.
Parameter \INIT = 64'0110011000100110011001100010011000010011000000110110011000100110

3.24. Executing AST frontend in derive mode using pre-parsed AST for module `\GTP_LUT6'.
Parameter \INIT = 64'0110011000100110011001100010011000010011000000110110011000100110
Generating RTLIL representation for module `$paramod$6c2da2995a9a552dc29dc83bb5bdccf018f7b262\GTP_LUT6'.
Parameter \INIT = 64'1101011111110101001010000000101001011111110101111010000000101000
Found cached RTLIL representation for module `$paramod$6191c5fd7bcfaaff37808c3297a2620807ea9213\GTP_LUT6'.
Parameter \INIT = 64'0110001110011100011000111001110010011100100111000110001110011100

3.25. Executing AST frontend in derive mode using pre-parsed AST for module `\GTP_LUT6'.
Parameter \INIT = 64'0110001110011100011000111001110010011100100111000110001110011100
Generating RTLIL representation for module `$paramod$1ac6f3b5fae68c1e1b28c69d7ac2d00160e77fde\GTP_LUT6'.
Parameter \INIT = 64'0110001110011100100111001001110001100011100111000110001110011100

3.26. Executing AST frontend in derive mode using pre-parsed AST for module `\GTP_LUT6'.
Parameter \INIT = 64'0110001110011100100111001001110001100011100111000110001110011100
Generating RTLIL representation for module `$paramod$938b553e9006f90bbbcc312c4a1d200b82171030\GTP_LUT6'.
Parameter \INIT = 32'11101111100011001100111000001000

3.27. Executing AST frontend in derive mode using pre-parsed AST for module `\GTP_LUT5'.
Parameter \INIT = 32'11101111100011001100111000001000
Generating RTLIL representation for module `$paramod\GTP_LUT5\INIT=32'11101111100011001100111000001000'.
Parameter \INIT = 64'0110011000010011011001100110011000100110000000110010011000100110
Found cached RTLIL representation for module `$paramod$ad9e2d3baac0fe87ed679e45e0968028e501f12b\GTP_LUT6'.
Parameter \INIT = 64'1101011111110101001010000000101001011111110101111010000000101000
Found cached RTLIL representation for module `$paramod$6191c5fd7bcfaaff37808c3297a2620807ea9213\GTP_LUT6'.
Parameter \INIT = 32'11001000110010000100000011001000

3.28. Executing AST frontend in derive mode using pre-parsed AST for module `\GTP_LUT5'.
Parameter \INIT = 32'11001000110010000100000011001000
Generating RTLIL representation for module `$paramod\GTP_LUT5\INIT=32'11001000110010000100000011001000'.
Parameter \INIT = 16'0111110110000010
Found cached RTLIL representation for module `$paramod\GTP_LUT4\INIT=16'0111110110000010'.
Parameter \INIT = 275984887

3.29. Executing AST frontend in derive mode using pre-parsed AST for module `\GTP_LUT5'.
Parameter \INIT = 275984887
Generating RTLIL representation for module `$paramod\GTP_LUT5\INIT=32'00010000011100110011000111110111'.
Parameter \INIT = 64'0101111111010111101000000010100011010111111101010010100000001010
Found cached RTLIL representation for module `$paramod$faadfbce9aec5860350c941f014058f2c932bfb5\GTP_LUT6'.
Parameter \INIT = 16'0111110110000010
Found cached RTLIL representation for module `$paramod\GTP_LUT4\INIT=16'0111110110000010'.
Parameter \INIT = 32'11000100110011001000000010001000
Found cached RTLIL representation for module `$paramod\GTP_LUT5\INIT=32'11000100110011001000000010001000'.
Parameter \INIT = 1515873882

3.30. Executing AST frontend in derive mode using pre-parsed AST for module `\GTP_LUT5'.
Parameter \INIT = 1515873882
Generating RTLIL representation for module `$paramod\GTP_LUT5\INIT=32'01011010010110100110011001011010'.
Parameter \INIT = 32'11110111001100010111001100010000

3.31. Executing AST frontend in derive mode using pre-parsed AST for module `\GTP_LUT5'.
Parameter \INIT = 32'11110111001100010111001100010000
Generating RTLIL representation for module `$paramod\GTP_LUT5\INIT=32'11110111001100010111001100010000'.
Parameter \INIT = 64'0000100010011100000111001001110000001000100111100001110011011111

3.32. Executing AST frontend in derive mode using pre-parsed AST for module `\GTP_LUT6'.
Parameter \INIT = 64'0000100010011100000111001001110000001000100111100001110011011111
Generating RTLIL representation for module `$paramod$82641c6c77dc6fde27fa483fcd073141a77b7c73\GTP_LUT6'.
Parameter \INIT = 57231
Found cached RTLIL representation for module `$paramod\GTP_LUT5\INIT=32'00000000000000001101111110001111'.
Parameter \INIT = 838275187
Found cached RTLIL representation for module `$paramod\GTP_LUT5\INIT=32'00110001111101110001000001110011'.
Parameter \INIT = 16'1101001001111000

3.33. Executing AST frontend in derive mode using pre-parsed AST for module `\GTP_LUT4'.
Parameter \INIT = 16'1101001001111000
Generating RTLIL representation for module `$paramod\GTP_LUT4\INIT=16'1101001001111000'.
Parameter \INIT = 16'1101001001111000
Found cached RTLIL representation for module `$paramod\GTP_LUT4\INIT=16'1101001001111000'.
Parameter \INIT = 1765579212
Found cached RTLIL representation for module `$paramod\GTP_LUT5\INIT=32'01101001001111001001100111001100'.
Parameter \INIT = 16'0111100011010010
Found cached RTLIL representation for module `$paramod\GTP_LUT4\INIT=16'0111100011010010'.
Parameter \INIT = 32'10010110110000110110011000110011
Found cached RTLIL representation for module `$paramod\GTP_LUT5\INIT=32'10010110110000110110011000110011'.
Parameter \INIT = 64'0000101010011110010111111101111100001000100111000001110010011100
Found cached RTLIL representation for module `$paramod$a5be1c4808c883f563053539778990037d2d5481\GTP_LUT6'.
Parameter \INIT = 221186175

3.34. Executing AST frontend in derive mode using pre-parsed AST for module `\GTP_LUT5'.
Parameter \INIT = 221186175
Generating RTLIL representation for module `$paramod\GTP_LUT5\INIT=32'00001101001011110000100001111111'.
Parameter \INIT = 218640255
Found cached RTLIL representation for module `$paramod\GTP_LUT5\INIT=32'00001101000010000010111101111111'.
Parameter \INIT = 16'1101001001111000
Found cached RTLIL representation for module `$paramod\GTP_LUT4\INIT=16'1101001001111000'.
Parameter \INIT = 16'0111100011010010
Found cached RTLIL representation for module `$paramod\GTP_LUT4\INIT=16'0111100011010010'.
Parameter \INIT = 16'0101011010011010
Found cached RTLIL representation for module `$paramod\GTP_LUT4\INIT=16'0101011010011010'.
Parameter \INIT = 64'1000100010000000111011101110110011001100110010001111111111111110

3.35. Executing AST frontend in derive mode using pre-parsed AST for module `\GTP_LUT6'.
Parameter \INIT = 64'1000100010000000111011101110110011001100110010001111111111111110
Generating RTLIL representation for module `$paramod$2b8a633d22fdba6cb860910815984a0efd9868eb\GTP_LUT6'.
Parameter \INIT = 64'0101111111010111101000000010100011010111111101010010100000001010
Found cached RTLIL representation for module `$paramod$faadfbce9aec5860350c941f014058f2c932bfb5\GTP_LUT6'.
Parameter \INIT = 838275187
Found cached RTLIL representation for module `$paramod\GTP_LUT5\INIT=32'00110001111101110001000001110011'.
Parameter \INIT = 64'1000100010000000111011101110110011001100110010001111111111111110
Found cached RTLIL representation for module `$paramod$2b8a633d22fdba6cb860910815984a0efd9868eb\GTP_LUT6'.
Parameter \INIT = 64'1101011101011111001010001010000011110101110101110000101000101000

3.36. Executing AST frontend in derive mode using pre-parsed AST for module `\GTP_LUT6'.
Parameter \INIT = 64'1101011101011111001010001010000011110101110101110000101000101000
Generating RTLIL representation for module `$paramod$ac322abe1352d00788da342d809764297918a223\GTP_LUT6'.
Parameter \INIT = 64'1101011111110101001010000000101001011111110101111010000000101000
Found cached RTLIL representation for module `$paramod$6191c5fd7bcfaaff37808c3297a2620807ea9213\GTP_LUT6'.
Parameter \INIT = 64'1101011111110101001010000000101001011111110101111010000000101000
Found cached RTLIL representation for module `$paramod$6191c5fd7bcfaaff37808c3297a2620807ea9213\GTP_LUT6'.
Parameter \INIT = 64'0101111111010111101000000010100011010111111101010010100000001010
Found cached RTLIL representation for module `$paramod$faadfbce9aec5860350c941f014058f2c932bfb5\GTP_LUT6'.
Parameter \INIT = 32'11101111100011001100111000001000
Found cached RTLIL representation for module `$paramod\GTP_LUT5\INIT=32'11101111100011001100111000001000'.
Parameter \INIT = 32'10001100111011110000100011001110

3.37. Executing AST frontend in derive mode using pre-parsed AST for module `\GTP_LUT5'.
Parameter \INIT = 32'10001100111011110000100011001110
Generating RTLIL representation for module `$paramod\GTP_LUT5\INIT=32'10001100111011110000100011001110'.
Parameter \INIT = 64'0101111111010111101000000010100011010111111101010010100000001010
Found cached RTLIL representation for module `$paramod$faadfbce9aec5860350c941f014058f2c932bfb5\GTP_LUT6'.
Parameter \INIT = 32'11101111100011001100111000001000
Found cached RTLIL representation for module `$paramod\GTP_LUT5\INIT=32'11101111100011001100111000001000'.
Parameter \INIT = 64'0101111111010111101000000010100011010111111101010010100000001010
Found cached RTLIL representation for module `$paramod$faadfbce9aec5860350c941f014058f2c932bfb5\GTP_LUT6'.
Parameter \INIT = 64'0101111111010111101000000010100011010111111101010010100000001010
Found cached RTLIL representation for module `$paramod$faadfbce9aec5860350c941f014058f2c932bfb5\GTP_LUT6'.
Parameter \INIT = 32'11110111001100010111001100010000
Found cached RTLIL representation for module `$paramod\GTP_LUT5\INIT=32'11110111001100010111001100010000'.
Parameter \INIT = 64'0101111111010111101000000010100011010111111101010010100000001010
Found cached RTLIL representation for module `$paramod$faadfbce9aec5860350c941f014058f2c932bfb5\GTP_LUT6'.
Parameter \INIT = 32'11110111001100010111001100010000
Found cached RTLIL representation for module `$paramod\GTP_LUT5\INIT=32'11110111001100010111001100010000'.
Parameter \INIT = 32'11110111001100010111001100010000
Found cached RTLIL representation for module `$paramod\GTP_LUT5\INIT=32'11110111001100010111001100010000'.
Parameter \INIT = 32'10001100111011110000100011001110
Found cached RTLIL representation for module `$paramod\GTP_LUT5\INIT=32'10001100111011110000100011001110'.
Parameter \INIT = 64'1101011111110101001010000000101001011111110101111010000000101000
Found cached RTLIL representation for module `$paramod$6191c5fd7bcfaaff37808c3297a2620807ea9213\GTP_LUT6'.
Parameter \INIT = 32'11101111100011001100111000001000
Found cached RTLIL representation for module `$paramod\GTP_LUT5\INIT=32'11101111100011001100111000001000'.
Parameter \INIT = 64'1101011111110101001010000000101001011111110101111010000000101000
Found cached RTLIL representation for module `$paramod$6191c5fd7bcfaaff37808c3297a2620807ea9213\GTP_LUT6'.
Parameter \INIT = 64'0110001110011100011000111001110010011100100111000110001110011100
Found cached RTLIL representation for module `$paramod$1ac6f3b5fae68c1e1b28c69d7ac2d00160e77fde\GTP_LUT6'.
Parameter \INIT = 16'1101001001111000
Found cached RTLIL representation for module `$paramod\GTP_LUT4\INIT=16'1101001001111000'.
Parameter \INIT = 64'0000100100011001000010010001100110001100110011000000100100011001
Found cached RTLIL representation for module `$paramod$b9efae4d8d49dd829edcc803e2dd24488eae7797\GTP_LUT6'.
Parameter \INIT = 64'0110011000010011011001100110011000100110000000110010011000100110
Found cached RTLIL representation for module `$paramod$ad9e2d3baac0fe87ed679e45e0968028e501f12b\GTP_LUT6'.
Parameter \INIT = 64'0110001110011100100111001001110001100011100111000110001110011100
Found cached RTLIL representation for module `$paramod$938b553e9006f90bbbcc312c4a1d200b82171030\GTP_LUT6'.
Parameter \INIT = 16'1101011100101000

3.38. Executing AST frontend in derive mode using pre-parsed AST for module `\GTP_LUT4'.
Parameter \INIT = 16'1101011100101000
Generating RTLIL representation for module `$paramod\GTP_LUT4\INIT=16'1101011100101000'.
Parameter \INIT = 64'0101111111010111101000000010100011010111111101010010100000001010
Found cached RTLIL representation for module `$paramod$faadfbce9aec5860350c941f014058f2c932bfb5\GTP_LUT6'.
Parameter \INIT = 64'0101111111010111101000000010100011010111111101010010100000001010
Found cached RTLIL representation for module `$paramod$faadfbce9aec5860350c941f014058f2c932bfb5\GTP_LUT6'.
Parameter \INIT = 16'0111100011010010
Found cached RTLIL representation for module `$paramod\GTP_LUT4\INIT=16'0111100011010010'.
Parameter \INIT = 16'0111110110000010
Found cached RTLIL representation for module `$paramod\GTP_LUT4\INIT=16'0111110110000010'.
Parameter \INIT = 32'11110111001100010111001100010000
Found cached RTLIL representation for module `$paramod\GTP_LUT5\INIT=32'11110111001100010111001100010000'.
Parameter \INIT = 16'1101001001111000
Found cached RTLIL representation for module `$paramod\GTP_LUT4\INIT=16'1101001001111000'.
Parameter \INIT = 16'1101001001111000
Found cached RTLIL representation for module `$paramod\GTP_LUT4\INIT=16'1101001001111000'.
Parameter \INIT = 16'0111100011010010
Found cached RTLIL representation for module `$paramod\GTP_LUT4\INIT=16'0111100011010010'.
Parameter \INIT = 16'1101001001111000
Found cached RTLIL representation for module `$paramod\GTP_LUT4\INIT=16'1101001001111000'.
Parameter \INIT = 32'11000100110011001000000010001000
Found cached RTLIL representation for module `$paramod\GTP_LUT5\INIT=32'11000100110011001000000010001000'.
Parameter \INIT = 16'0111100011010010
Found cached RTLIL representation for module `$paramod\GTP_LUT4\INIT=16'0111100011010010'.
Parameter \INIT = 838275187
Found cached RTLIL representation for module `$paramod\GTP_LUT5\INIT=32'00110001111101110001000001110011'.
Parameter \INIT = 16'0111100011010010
Found cached RTLIL representation for module `$paramod\GTP_LUT4\INIT=16'0111100011010010'.
Parameter \INIT = 32'10010110110000110110011000110011
Found cached RTLIL representation for module `$paramod\GTP_LUT5\INIT=32'10010110110000110110011000110011'.
Parameter \INIT = 57231
Found cached RTLIL representation for module `$paramod\GTP_LUT5\INIT=32'00000000000000001101111110001111'.
Parameter \INIT = 16'0111100011010010
Found cached RTLIL representation for module `$paramod\GTP_LUT4\INIT=16'0111100011010010'.
Parameter \INIT = 64'0000101010011110010111111101111100001000100111000001110010011100
Found cached RTLIL representation for module `$paramod$a5be1c4808c883f563053539778990037d2d5481\GTP_LUT6'.
Parameter \INIT = 218640255
Found cached RTLIL representation for module `$paramod\GTP_LUT5\INIT=32'00001101000010000010111101111111'.
Parameter \INIT = 16'0111100011010010
Found cached RTLIL representation for module `$paramod\GTP_LUT4\INIT=16'0111100011010010'.
Parameter \INIT = 16'0111100011010010
Found cached RTLIL representation for module `$paramod\GTP_LUT4\INIT=16'0111100011010010'.
Parameter \INIT = 16'0101011010011010
Found cached RTLIL representation for module `$paramod\GTP_LUT4\INIT=16'0101011010011010'.
Parameter \INIT = 64'0000000000001000110011001100111010001000100011001110111011101111
Found cached RTLIL representation for module `$paramod$d2afb1cb2b4c539086d411af8b70bde4b1f6214f\GTP_LUT6'.
Parameter \INIT = 64'0101111111010111101000000010100011010111111101010010100000001010
Found cached RTLIL representation for module `$paramod$faadfbce9aec5860350c941f014058f2c932bfb5\GTP_LUT6'.
Parameter \INIT = 64'1101011111110101001010000000101001011111110101111010000000101000
Found cached RTLIL representation for module `$paramod$6191c5fd7bcfaaff37808c3297a2620807ea9213\GTP_LUT6'.
Parameter \INIT = 32'11110111001100010111001100010000
Found cached RTLIL representation for module `$paramod\GTP_LUT5\INIT=32'11110111001100010111001100010000'.
Parameter \INIT = 64'0101111111010111101000000010100011010111111101010010100000001010
Found cached RTLIL representation for module `$paramod$faadfbce9aec5860350c941f014058f2c932bfb5\GTP_LUT6'.
Parameter \INIT = 32'11101111100011001100111000001000
Found cached RTLIL representation for module `$paramod\GTP_LUT5\INIT=32'11101111100011001100111000001000'.
Parameter \INIT = 838275187
Found cached RTLIL representation for module `$paramod\GTP_LUT5\INIT=32'00110001111101110001000001110011'.
Parameter \INIT = 64'1000100010000000111011101110110011001100110010001111111111111110
Found cached RTLIL representation for module `$paramod$2b8a633d22fdba6cb860910815984a0efd9868eb\GTP_LUT6'.
Parameter \INIT = 838275187
Found cached RTLIL representation for module `$paramod\GTP_LUT5\INIT=32'00110001111101110001000001110011'.
Parameter \INIT = 64'0101111111010111101000000010100011010111111101010010100000001010
Found cached RTLIL representation for module `$paramod$faadfbce9aec5860350c941f014058f2c932bfb5\GTP_LUT6'.
Parameter \INIT = 64'1101011111110101001010000000101001011111110101111010000000101000
Found cached RTLIL representation for module `$paramod$6191c5fd7bcfaaff37808c3297a2620807ea9213\GTP_LUT6'.
Parameter \INIT = 32'11110111001100010111001100010000
Found cached RTLIL representation for module `$paramod\GTP_LUT5\INIT=32'11110111001100010111001100010000'.
Parameter \INIT = 64'1101011111110101001010000000101001011111110101111010000000101000
Found cached RTLIL representation for module `$paramod$6191c5fd7bcfaaff37808c3297a2620807ea9213\GTP_LUT6'.
Parameter \INIT = 64'1101011111110101001010000000101001011111110101111010000000101000
Found cached RTLIL representation for module `$paramod$6191c5fd7bcfaaff37808c3297a2620807ea9213\GTP_LUT6'.
Parameter \INIT = 64'1101011111110101001010000000101001011111110101111010000000101000
Found cached RTLIL representation for module `$paramod$6191c5fd7bcfaaff37808c3297a2620807ea9213\GTP_LUT6'.
Parameter \INIT = 64'0101111111010111101000000010100011010111111101010010100000001010
Found cached RTLIL representation for module `$paramod$faadfbce9aec5860350c941f014058f2c932bfb5\GTP_LUT6'.
Parameter \INIT = 838275187
Found cached RTLIL representation for module `$paramod\GTP_LUT5\INIT=32'00110001111101110001000001110011'.
Parameter \INIT = 64'0101111111010111101000000010100011010111111101010010100000001010
Found cached RTLIL representation for module `$paramod$faadfbce9aec5860350c941f014058f2c932bfb5\GTP_LUT6'.
Parameter \INIT = 32'10001100111011110000100011001110
Found cached RTLIL representation for module `$paramod\GTP_LUT5\INIT=32'10001100111011110000100011001110'.
Parameter \INIT = 32'11101111100011001100111000001000
Found cached RTLIL representation for module `$paramod\GTP_LUT5\INIT=32'11101111100011001100111000001000'.
Parameter \INIT = 64'0101111111010111101000000010100011010111111101010010100000001010
Found cached RTLIL representation for module `$paramod$faadfbce9aec5860350c941f014058f2c932bfb5\GTP_LUT6'.
Parameter \INIT = 838275187
Found cached RTLIL representation for module `$paramod\GTP_LUT5\INIT=32'00110001111101110001000001110011'.
Parameter \INIT = 32'10001100111011110000100011001110
Found cached RTLIL representation for module `$paramod\GTP_LUT5\INIT=32'10001100111011110000100011001110'.
Parameter \INIT = 838275187
Found cached RTLIL representation for module `$paramod\GTP_LUT5\INIT=32'00110001111101110001000001110011'.
Parameter \INIT = 64'1101011111110101001010000000101001011111110101111010000000101000
Found cached RTLIL representation for module `$paramod$6191c5fd7bcfaaff37808c3297a2620807ea9213\GTP_LUT6'.
Parameter \INIT = 64'1101011111110101001010000000101001011111110101111010000000101000
Found cached RTLIL representation for module `$paramod$6191c5fd7bcfaaff37808c3297a2620807ea9213\GTP_LUT6'.
Parameter \INIT = 64'0101111111010111101000000010100011010111111101010010100000001010
Found cached RTLIL representation for module `$paramod$faadfbce9aec5860350c941f014058f2c932bfb5\GTP_LUT6'.
Parameter \INIT = 32'10001100111011110000100011001110
Found cached RTLIL representation for module `$paramod\GTP_LUT5\INIT=32'10001100111011110000100011001110'.
Parameter \INIT = 32'11110111001100010111001100010000
Found cached RTLIL representation for module `$paramod\GTP_LUT5\INIT=32'11110111001100010111001100010000'.
Parameter \INIT = 64'0110001110011100011000111001110010011100100111000110001110011100
Found cached RTLIL representation for module `$paramod$1ac6f3b5fae68c1e1b28c69d7ac2d00160e77fde\GTP_LUT6'.
Parameter \INIT = 32'11101111100011001100111000001000
Found cached RTLIL representation for module `$paramod\GTP_LUT5\INIT=32'11101111100011001100111000001000'.
Parameter \INIT = 64'1101011111110101001010000000101001011111110101111010000000101000
Found cached RTLIL representation for module `$paramod$6191c5fd7bcfaaff37808c3297a2620807ea9213\GTP_LUT6'.
Parameter \INIT = 16'0111100011010010
Found cached RTLIL representation for module `$paramod\GTP_LUT4\INIT=16'0111100011010010'.
Parameter \INIT = 16'0111110110000010
Found cached RTLIL representation for module `$paramod\GTP_LUT4\INIT=16'0111110110000010'.
Parameter \INIT = 64'0101111111010111101000000010100011010111111101010010100000001010
Found cached RTLIL representation for module `$paramod$faadfbce9aec5860350c941f014058f2c932bfb5\GTP_LUT6'.
Parameter \INIT = 1515873882
Found cached RTLIL representation for module `$paramod\GTP_LUT5\INIT=32'01011010010110100110011001011010'.
Parameter \INIT = 16'1101001001111000
Found cached RTLIL representation for module `$paramod\GTP_LUT4\INIT=16'1101001001111000'.
Parameter \INIT = 838275187
Found cached RTLIL representation for module `$paramod\GTP_LUT5\INIT=32'00110001111101110001000001110011'.
Parameter \INIT = 64'0101111111010111101000000010100011010111111101010010100000001010
Found cached RTLIL representation for module `$paramod$faadfbce9aec5860350c941f014058f2c932bfb5\GTP_LUT6'.
Parameter \INIT = 16'1101001001111000
Found cached RTLIL representation for module `$paramod\GTP_LUT4\INIT=16'1101001001111000'.
Parameter \INIT = 16'1101001001111000
Found cached RTLIL representation for module `$paramod\GTP_LUT4\INIT=16'1101001001111000'.
Parameter \INIT = 16'0111100011010010
Found cached RTLIL representation for module `$paramod\GTP_LUT4\INIT=16'0111100011010010'.
Parameter \INIT = 16'1101001001111000
Found cached RTLIL representation for module `$paramod\GTP_LUT4\INIT=16'1101001001111000'.
Parameter \INIT = 16'1101001001111000
Found cached RTLIL representation for module `$paramod\GTP_LUT4\INIT=16'1101001001111000'.
Parameter \INIT = 16'0111100011010010
Found cached RTLIL representation for module `$paramod\GTP_LUT4\INIT=16'0111100011010010'.
Parameter \INIT = 16'1101001001111000
Found cached RTLIL representation for module `$paramod\GTP_LUT4\INIT=16'1101001001111000'.
Parameter \INIT = 16'0111100011010010
Found cached RTLIL representation for module `$paramod\GTP_LUT4\INIT=16'0111100011010010'.
Parameter \INIT = 12159
Found cached RTLIL representation for module `$paramod\GTP_LUT5\INIT=32'00000000000000000010111101111111'.
Parameter \INIT = 16'1101001001111000
Found cached RTLIL representation for module `$paramod\GTP_LUT4\INIT=16'1101001001111000'.
Parameter \INIT = 16'1101001001111000
Found cached RTLIL representation for module `$paramod\GTP_LUT4\INIT=16'1101001001111000'.
Parameter \INIT = 16'0111100011010010
Found cached RTLIL representation for module `$paramod\GTP_LUT4\INIT=16'0111100011010010'.
Parameter \INIT = 57231
Found cached RTLIL representation for module `$paramod\GTP_LUT5\INIT=32'00000000000000001101111110001111'.
Parameter \INIT = 1765579212
Found cached RTLIL representation for module `$paramod\GTP_LUT5\INIT=32'01101001001111001001100111001100'.
Parameter \INIT = 64'0000101010011110010111111101111100001000100111000001110010011100
Found cached RTLIL representation for module `$paramod$a5be1c4808c883f563053539778990037d2d5481\GTP_LUT6'.
Parameter \INIT = 16'0111100011010010
Found cached RTLIL representation for module `$paramod\GTP_LUT4\INIT=16'0111100011010010'.
Parameter \INIT = 218640255
Found cached RTLIL representation for module `$paramod\GTP_LUT5\INIT=32'00001101000010000010111101111111'.
Parameter \INIT = 16'0111100011010010
Found cached RTLIL representation for module `$paramod\GTP_LUT4\INIT=16'0111100011010010'.
Parameter \INIT = 16'0111100011010010
Found cached RTLIL representation for module `$paramod\GTP_LUT4\INIT=16'0111100011010010'.
Parameter \INIT = 16'0101011010011010
Found cached RTLIL representation for module `$paramod\GTP_LUT4\INIT=16'0101011010011010'.
Parameter \INIT = 64'1101011111110101001010000000101001011111110101111010000000101000
Found cached RTLIL representation for module `$paramod$6191c5fd7bcfaaff37808c3297a2620807ea9213\GTP_LUT6'.
Parameter \INIT = 32'10001100111011110000100011001110
Found cached RTLIL representation for module `$paramod\GTP_LUT5\INIT=32'10001100111011110000100011001110'.
Parameter \INIT = 32'11101111100011001100111000001000
Found cached RTLIL representation for module `$paramod\GTP_LUT5\INIT=32'11101111100011001100111000001000'.
Parameter \INIT = 32'11101111100011001100111000001000
Found cached RTLIL representation for module `$paramod\GTP_LUT5\INIT=32'11101111100011001100111000001000'.
Parameter \INIT = 64'0101111111010111101000000010100011010111111101010010100000001010
Found cached RTLIL representation for module `$paramod$faadfbce9aec5860350c941f014058f2c932bfb5\GTP_LUT6'.
Parameter \INIT = 64'0101111111010111101000000010100011010111111101010010100000001010
Found cached RTLIL representation for module `$paramod$faadfbce9aec5860350c941f014058f2c932bfb5\GTP_LUT6'.
Parameter \INIT = 64'1101011101011111001010001010000011110101110101110000101000101000
Found cached RTLIL representation for module `$paramod$ac322abe1352d00788da342d809764297918a223\GTP_LUT6'.
Parameter \INIT = 64'0101111111010111101000000010100011010111111101010010100000001010
Found cached RTLIL representation for module `$paramod$faadfbce9aec5860350c941f014058f2c932bfb5\GTP_LUT6'.
Parameter \INIT = 64'0101111111010111101000000010100011010111111101010010100000001010
Found cached RTLIL representation for module `$paramod$faadfbce9aec5860350c941f014058f2c932bfb5\GTP_LUT6'.
Parameter \INIT = 838275187
Found cached RTLIL representation for module `$paramod\GTP_LUT5\INIT=32'00110001111101110001000001110011'.
Parameter \INIT = 64'1101011111110101001010000000101001011111110101111010000000101000
Found cached RTLIL representation for module `$paramod$6191c5fd7bcfaaff37808c3297a2620807ea9213\GTP_LUT6'.
Parameter \INIT = 64'0101111111010111101000000010100011010111111101010010100000001010
Found cached RTLIL representation for module `$paramod$faadfbce9aec5860350c941f014058f2c932bfb5\GTP_LUT6'.
Parameter \INIT = 64'0101111111010111101000000010100011010111111101010010100000001010
Found cached RTLIL representation for module `$paramod$faadfbce9aec5860350c941f014058f2c932bfb5\GTP_LUT6'.
Parameter \INIT = 64'1101011111110101001010000000101001011111110101111010000000101000
Found cached RTLIL representation for module `$paramod$6191c5fd7bcfaaff37808c3297a2620807ea9213\GTP_LUT6'.
Parameter \INIT = 32'11110111001100010111001100010000
Found cached RTLIL representation for module `$paramod\GTP_LUT5\INIT=32'11110111001100010111001100010000'.
Parameter \INIT = 64'0101111111010111101000000010100011010111111101010010100000001010
Found cached RTLIL representation for module `$paramod$faadfbce9aec5860350c941f014058f2c932bfb5\GTP_LUT6'.
Parameter \INIT = 64'1101011111110101001010000000101001011111110101111010000000101000
Found cached RTLIL representation for module `$paramod$6191c5fd7bcfaaff37808c3297a2620807ea9213\GTP_LUT6'.
Parameter \INIT = 32'11101111100011001100111000001000
Found cached RTLIL representation for module `$paramod\GTP_LUT5\INIT=32'11101111100011001100111000001000'.
Parameter \INIT = 32'11110111001100010111001100010000
Found cached RTLIL representation for module `$paramod\GTP_LUT5\INIT=32'11110111001100010111001100010000'.
Parameter \INIT = 32'11110111001100010111001100010000
Found cached RTLIL representation for module `$paramod\GTP_LUT5\INIT=32'11110111001100010111001100010000'.
Parameter \INIT = 64'0101111111010111101000000010100011010111111101010010100000001010
Found cached RTLIL representation for module `$paramod$faadfbce9aec5860350c941f014058f2c932bfb5\GTP_LUT6'.
Parameter \INIT = 32'11110111001100010111001100010000
Found cached RTLIL representation for module `$paramod\GTP_LUT5\INIT=32'11110111001100010111001100010000'.
Parameter \INIT = 32'11101111100011001100111000001000
Found cached RTLIL representation for module `$paramod\GTP_LUT5\INIT=32'11101111100011001100111000001000'.
Parameter \INIT = 64'1101011111110101001010000000101001011111110101111010000000101000
Found cached RTLIL representation for module `$paramod$6191c5fd7bcfaaff37808c3297a2620807ea9213\GTP_LUT6'.
Parameter \INIT = 32'11110111001100010111001100010000
Found cached RTLIL representation for module `$paramod\GTP_LUT5\INIT=32'11110111001100010111001100010000'.
Parameter \INIT = 32'10001100111011110000100011001110
Found cached RTLIL representation for module `$paramod\GTP_LUT5\INIT=32'10001100111011110000100011001110'.
Parameter \INIT = 64'0101111111010111101000000010100011010111111101010010100000001010
Found cached RTLIL representation for module `$paramod$faadfbce9aec5860350c941f014058f2c932bfb5\GTP_LUT6'.
Parameter \INIT = 32'10001100111011110000100011001110
Found cached RTLIL representation for module `$paramod\GTP_LUT5\INIT=32'10001100111011110000100011001110'.
Parameter \INIT = 64'1101011111110101001010000000101001011111110101111010000000101000
Found cached RTLIL representation for module `$paramod$6191c5fd7bcfaaff37808c3297a2620807ea9213\GTP_LUT6'.
Parameter \INIT = 64'0101111111010111101000000010100011010111111101010010100000001010
Found cached RTLIL representation for module `$paramod$faadfbce9aec5860350c941f014058f2c932bfb5\GTP_LUT6'.
Parameter \INIT = 64'0110011000100110011001100010011000010011000000110110011000100110
Found cached RTLIL representation for module `$paramod$6c2da2995a9a552dc29dc83bb5bdccf018f7b262\GTP_LUT6'.
Parameter \INIT = 32'11110111001100010111001100010000
Found cached RTLIL representation for module `$paramod\GTP_LUT5\INIT=32'11110111001100010111001100010000'.
Parameter \INIT = 64'1101011111110101001010000000101001011111110101111010000000101000
Found cached RTLIL representation for module `$paramod$6191c5fd7bcfaaff37808c3297a2620807ea9213\GTP_LUT6'.
Parameter \INIT = 64'1101011111110101001010000000101001011111110101111010000000101000
Found cached RTLIL representation for module `$paramod$6191c5fd7bcfaaff37808c3297a2620807ea9213\GTP_LUT6'.
Parameter \INIT = 64'0101111111010111101000000010100011010111111101010010100000001010
Found cached RTLIL representation for module `$paramod$faadfbce9aec5860350c941f014058f2c932bfb5\GTP_LUT6'.
Parameter \INIT = 32'10001100111011110000100011001110
Found cached RTLIL representation for module `$paramod\GTP_LUT5\INIT=32'10001100111011110000100011001110'.
Parameter \INIT = 32'11101111100011001100111000001000
Found cached RTLIL representation for module `$paramod\GTP_LUT5\INIT=32'11101111100011001100111000001000'.
Parameter \INIT = 32'11110111001100010111001100010000
Found cached RTLIL representation for module `$paramod\GTP_LUT5\INIT=32'11110111001100010111001100010000'.
Parameter \INIT = 32'11001000110010000100000011001000
Found cached RTLIL representation for module `$paramod\GTP_LUT5\INIT=32'11001000110010000100000011001000'.
Parameter \INIT = 16'1101011100101000
Found cached RTLIL representation for module `$paramod\GTP_LUT4\INIT=16'1101011100101000'.
Parameter \INIT = 16'1101001001111000
Found cached RTLIL representation for module `$paramod\GTP_LUT4\INIT=16'1101001001111000'.
Parameter \INIT = 64'0110011000010011011001100110011000100110000000110010011000100110
Found cached RTLIL representation for module `$paramod$ad9e2d3baac0fe87ed679e45e0968028e501f12b\GTP_LUT6'.
Parameter \INIT = 32'10001100111011110000100011001110
Found cached RTLIL representation for module `$paramod\GTP_LUT5\INIT=32'10001100111011110000100011001110'.
Parameter \INIT = 16'0111100011010010
Found cached RTLIL representation for module `$paramod\GTP_LUT4\INIT=16'0111100011010010'.
Parameter \INIT = 16'0111100011010010
Found cached RTLIL representation for module `$paramod\GTP_LUT4\INIT=16'0111100011010010'.
Parameter \INIT = 16'0111110110000010
Found cached RTLIL representation for module `$paramod\GTP_LUT4\INIT=16'0111110110000010'.
Parameter \INIT = 16'0111100011010010
Found cached RTLIL representation for module `$paramod\GTP_LUT4\INIT=16'0111100011010010'.
Parameter \INIT = 32'11110111001100010111001100010000
Found cached RTLIL representation for module `$paramod\GTP_LUT5\INIT=32'11110111001100010111001100010000'.
Parameter \INIT = 16'0111100011010010
Found cached RTLIL representation for module `$paramod\GTP_LUT4\INIT=16'0111100011010010'.
Parameter \INIT = 16'1001001110011001

3.39. Executing AST frontend in derive mode using pre-parsed AST for module `\GTP_LUT4'.
Parameter \INIT = 16'1001001110011001
Generating RTLIL representation for module `$paramod\GTP_LUT4\INIT=16'1001001110011001'.
Parameter \INIT = 16'1101001001111000
Found cached RTLIL representation for module `$paramod\GTP_LUT4\INIT=16'1101001001111000'.
Parameter \INIT = 32'11000100110011001000000010001000
Found cached RTLIL representation for module `$paramod\GTP_LUT5\INIT=32'11000100110011001000000010001000'.
Parameter \INIT = 16'0111100011010010
Found cached RTLIL representation for module `$paramod\GTP_LUT4\INIT=16'0111100011010010'.
Parameter \INIT = 16'1101001001111000
Found cached RTLIL representation for module `$paramod\GTP_LUT4\INIT=16'1101001001111000'.
Parameter \INIT = 16'1101001001111000
Found cached RTLIL representation for module `$paramod\GTP_LUT4\INIT=16'1101001001111000'.
Parameter \INIT = 16'1101001001111000
Found cached RTLIL representation for module `$paramod\GTP_LUT4\INIT=16'1101001001111000'.
Parameter \INIT = 16'0111100011010010
Found cached RTLIL representation for module `$paramod\GTP_LUT4\INIT=16'0111100011010010'.
Parameter \INIT = 16'0111100011010010
Found cached RTLIL representation for module `$paramod\GTP_LUT4\INIT=16'0111100011010010'.
Parameter \INIT = 16'1101001001111000
Found cached RTLIL representation for module `$paramod\GTP_LUT4\INIT=16'1101001001111000'.
Parameter \INIT = 32'11110111001100010111001100010000
Found cached RTLIL representation for module `$paramod\GTP_LUT5\INIT=32'11110111001100010111001100010000'.
Parameter \INIT = 16'1101001001111000
Found cached RTLIL representation for module `$paramod\GTP_LUT4\INIT=16'1101001001111000'.
Parameter \INIT = 1765579212
Found cached RTLIL representation for module `$paramod\GTP_LUT5\INIT=32'01101001001111001001100111001100'.
Parameter \INIT = 16'0111100011010010
Found cached RTLIL representation for module `$paramod\GTP_LUT4\INIT=16'0111100011010010'.
Parameter \INIT = 16'0111100011010010
Found cached RTLIL representation for module `$paramod\GTP_LUT4\INIT=16'0111100011010010'.
Parameter \INIT = 64'0000101010011110010111111101111100001000100111000001110010011100
Found cached RTLIL representation for module `$paramod$a5be1c4808c883f563053539778990037d2d5481\GTP_LUT6'.
Parameter \INIT = 16'1101001001111000
Found cached RTLIL representation for module `$paramod\GTP_LUT4\INIT=16'1101001001111000'.
Parameter \INIT = 218640255
Found cached RTLIL representation for module `$paramod\GTP_LUT5\INIT=32'00001101000010000010111101111111'.
Parameter \INIT = 16'0111100011010010
Found cached RTLIL representation for module `$paramod\GTP_LUT4\INIT=16'0111100011010010'.
Parameter \INIT = 32'10010110110000110110011000110011
Found cached RTLIL representation for module `$paramod\GTP_LUT5\INIT=32'10010110110000110110011000110011'.
Parameter \INIT = 64'0000101010011110010111111101111100001000100111000001110010011100
Found cached RTLIL representation for module `$paramod$a5be1c4808c883f563053539778990037d2d5481\GTP_LUT6'.
Parameter \INIT = 16'0101011010011010
Found cached RTLIL representation for module `$paramod\GTP_LUT4\INIT=16'0101011010011010'.
Parameter \INIT = 64'1000100010000000111011101110110011001100110010001111111111111110
Found cached RTLIL representation for module `$paramod$2b8a633d22fdba6cb860910815984a0efd9868eb\GTP_LUT6'.
Parameter \INIT = 64'0101111111010111101000000010100011010111111101010010100000001010
Found cached RTLIL representation for module `$paramod$faadfbce9aec5860350c941f014058f2c932bfb5\GTP_LUT6'.
Parameter \INIT = 838275187
Found cached RTLIL representation for module `$paramod\GTP_LUT5\INIT=32'00110001111101110001000001110011'.
Parameter \INIT = 32'11110111001100010111001100010000
Found cached RTLIL representation for module `$paramod\GTP_LUT5\INIT=32'11110111001100010111001100010000'.
Parameter \INIT = 64'1101011111110101001010000000101001011111110101111010000000101000
Found cached RTLIL representation for module `$paramod$6191c5fd7bcfaaff37808c3297a2620807ea9213\GTP_LUT6'.
Parameter \INIT = 838275187
Found cached RTLIL representation for module `$paramod\GTP_LUT5\INIT=32'00110001111101110001000001110011'.
Parameter \INIT = 64'1101011111110101001010000000101001011111110101111010000000101000
Found cached RTLIL representation for module `$paramod$6191c5fd7bcfaaff37808c3297a2620807ea9213\GTP_LUT6'.
Parameter \INIT = 64'1101011111110101001010000000101001011111110101111010000000101000
Found cached RTLIL representation for module `$paramod$6191c5fd7bcfaaff37808c3297a2620807ea9213\GTP_LUT6'.
Parameter \INIT = 64'1101011111110101001010000000101001011111110101111010000000101000
Found cached RTLIL representation for module `$paramod$6191c5fd7bcfaaff37808c3297a2620807ea9213\GTP_LUT6'.
Parameter \INIT = 64'0101111111010111101000000010100011010111111101010010100000001010
Found cached RTLIL representation for module `$paramod$faadfbce9aec5860350c941f014058f2c932bfb5\GTP_LUT6'.
Parameter \INIT = 64'1101011111110101001010000000101001011111110101111010000000101000
Found cached RTLIL representation for module `$paramod$6191c5fd7bcfaaff37808c3297a2620807ea9213\GTP_LUT6'.
Parameter \INIT = 64'1000100010000000111011101110110011001100110010001111111111111110
Found cached RTLIL representation for module `$paramod$2b8a633d22fdba6cb860910815984a0efd9868eb\GTP_LUT6'.
Parameter \INIT = 32'10001100111011110000100011001110
Found cached RTLIL representation for module `$paramod\GTP_LUT5\INIT=32'10001100111011110000100011001110'.
Parameter \INIT = 64'1101011111110101001010000000101001011111110101111010000000101000
Found cached RTLIL representation for module `$paramod$6191c5fd7bcfaaff37808c3297a2620807ea9213\GTP_LUT6'.
Parameter \INIT = 64'0101111111010111101000000010100011010111111101010010100000001010
Found cached RTLIL representation for module `$paramod$faadfbce9aec5860350c941f014058f2c932bfb5\GTP_LUT6'.
Parameter \INIT = 32'11101111100011001100111000001000
Found cached RTLIL representation for module `$paramod\GTP_LUT5\INIT=32'11101111100011001100111000001000'.
Parameter \INIT = 64'0101111111010111101000000010100011010111111101010010100000001010
Found cached RTLIL representation for module `$paramod$faadfbce9aec5860350c941f014058f2c932bfb5\GTP_LUT6'.
Parameter \INIT = 838275187
Found cached RTLIL representation for module `$paramod\GTP_LUT5\INIT=32'00110001111101110001000001110011'.
Parameter \INIT = 32'10001100111011110000100011001110
Found cached RTLIL representation for module `$paramod\GTP_LUT5\INIT=32'10001100111011110000100011001110'.
Parameter \INIT = 32'10001100111011110000100011001110
Found cached RTLIL representation for module `$paramod\GTP_LUT5\INIT=32'10001100111011110000100011001110'.
Parameter \INIT = 64'0101111111010111101000000010100011010111111101010010100000001010
Found cached RTLIL representation for module `$paramod$faadfbce9aec5860350c941f014058f2c932bfb5\GTP_LUT6'.
Parameter \INIT = 32'10001100111011110000100011001110
Found cached RTLIL representation for module `$paramod\GTP_LUT5\INIT=32'10001100111011110000100011001110'.
Parameter \INIT = 838275187
Found cached RTLIL representation for module `$paramod\GTP_LUT5\INIT=32'00110001111101110001000001110011'.
Parameter \INIT = 64'1101011111110101001010000000101001011111110101111010000000101000
Found cached RTLIL representation for module `$paramod$6191c5fd7bcfaaff37808c3297a2620807ea9213\GTP_LUT6'.
Parameter \INIT = 64'1101011111110101001010000000101001011111110101111010000000101000
Found cached RTLIL representation for module `$paramod$6191c5fd7bcfaaff37808c3297a2620807ea9213\GTP_LUT6'.
Parameter \INIT = 32'11110111001100010111001100010000
Found cached RTLIL representation for module `$paramod\GTP_LUT5\INIT=32'11110111001100010111001100010000'.
Parameter \INIT = 32'11110111001100010111001100010000
Found cached RTLIL representation for module `$paramod\GTP_LUT5\INIT=32'11110111001100010111001100010000'.
Parameter \INIT = 64'0101111111010111101000000010100011010111111101010010100000001010
Found cached RTLIL representation for module `$paramod$faadfbce9aec5860350c941f014058f2c932bfb5\GTP_LUT6'.
Parameter \INIT = 64'0101111111010111101000000010100011010111111101010010100000001010
Found cached RTLIL representation for module `$paramod$faadfbce9aec5860350c941f014058f2c932bfb5\GTP_LUT6'.
Parameter \INIT = 32'10001100111011110000100011001110
Found cached RTLIL representation for module `$paramod\GTP_LUT5\INIT=32'10001100111011110000100011001110'.
Parameter \INIT = 64'0101111111010111101000000010100011010111111101010010100000001010
Found cached RTLIL representation for module `$paramod$faadfbce9aec5860350c941f014058f2c932bfb5\GTP_LUT6'.
Parameter \INIT = 838275187
Found cached RTLIL representation for module `$paramod\GTP_LUT5\INIT=32'00110001111101110001000001110011'.
Parameter \INIT = 32'10001100111011110000100011001110
Found cached RTLIL representation for module `$paramod\GTP_LUT5\INIT=32'10001100111011110000100011001110'.
Parameter \INIT = 64'1101011111110101001010000000101001011111110101111010000000101000
Found cached RTLIL representation for module `$paramod$6191c5fd7bcfaaff37808c3297a2620807ea9213\GTP_LUT6'.
Parameter \INIT = 64'1101011111110101001010000000101001011111110101111010000000101000
Found cached RTLIL representation for module `$paramod$6191c5fd7bcfaaff37808c3297a2620807ea9213\GTP_LUT6'.
Parameter \INIT = 64'0110001110011100011000111001110010011100100111000110001110011100
Found cached RTLIL representation for module `$paramod$1ac6f3b5fae68c1e1b28c69d7ac2d00160e77fde\GTP_LUT6'.
Parameter \INIT = 32'10001100111011110000100011001110
Found cached RTLIL representation for module `$paramod\GTP_LUT5\INIT=32'10001100111011110000100011001110'.
Parameter \INIT = 32'11110111001100010111001100010000
Found cached RTLIL representation for module `$paramod\GTP_LUT5\INIT=32'11110111001100010111001100010000'.
Parameter \INIT = 64'0101111111010111101000000010100011010111111101010010100000001010
Found cached RTLIL representation for module `$paramod$faadfbce9aec5860350c941f014058f2c932bfb5\GTP_LUT6'.
Parameter \INIT = 64'0101111111010111101000000010100011010111111101010010100000001010
Found cached RTLIL representation for module `$paramod$faadfbce9aec5860350c941f014058f2c932bfb5\GTP_LUT6'.
Parameter \INIT = 64'0101111111010111101000000010100011010111111101010010100000001010
Found cached RTLIL representation for module `$paramod$faadfbce9aec5860350c941f014058f2c932bfb5\GTP_LUT6'.
Parameter \INIT = 32'10001100111011110000100011001110
Found cached RTLIL representation for module `$paramod\GTP_LUT5\INIT=32'10001100111011110000100011001110'.
Parameter \INIT = 32'11110111001100010111001100010000
Found cached RTLIL representation for module `$paramod\GTP_LUT5\INIT=32'11110111001100010111001100010000'.
Parameter \INIT = 32'11110111001100010111001100010000
Found cached RTLIL representation for module `$paramod\GTP_LUT5\INIT=32'11110111001100010111001100010000'.
Parameter \INIT = 32'10001100111011110000100011001110
Found cached RTLIL representation for module `$paramod\GTP_LUT5\INIT=32'10001100111011110000100011001110'.
Parameter \INIT = 64'1101011111110101001010000000101001011111110101111010000000101000
Found cached RTLIL representation for module `$paramod$6191c5fd7bcfaaff37808c3297a2620807ea9213\GTP_LUT6'.
Parameter \INIT = 16'1101001001111000
Found cached RTLIL representation for module `$paramod\GTP_LUT4\INIT=16'1101001001111000'.
Parameter \INIT = 16'1101001001111000
Found cached RTLIL representation for module `$paramod\GTP_LUT4\INIT=16'1101001001111000'.
Parameter \INIT = 64'0101111111010111101000000010100011010111111101010010100000001010
Found cached RTLIL representation for module `$paramod$faadfbce9aec5860350c941f014058f2c932bfb5\GTP_LUT6'.
Parameter \INIT = 16'0111100011010010
Found cached RTLIL representation for module `$paramod\GTP_LUT4\INIT=16'0111100011010010'.
Parameter \INIT = 16'1101001001111000
Found cached RTLIL representation for module `$paramod\GTP_LUT4\INIT=16'1101001001111000'.
Parameter \INIT = 57231
Found cached RTLIL representation for module `$paramod\GTP_LUT5\INIT=32'00000000000000001101111110001111'.
Parameter \INIT = 16'1101001001111000
Found cached RTLIL representation for module `$paramod\GTP_LUT4\INIT=16'1101001001111000'.
Parameter \INIT = 16'0111100011010010
Found cached RTLIL representation for module `$paramod\GTP_LUT4\INIT=16'0111100011010010'.
Parameter \INIT = 57231
Found cached RTLIL representation for module `$paramod\GTP_LUT5\INIT=32'00000000000000001101111110001111'.
Parameter \INIT = 16'1101001001111000
Found cached RTLIL representation for module `$paramod\GTP_LUT4\INIT=16'1101001001111000'.
Parameter \INIT = 16'0111100011010010
Found cached RTLIL representation for module `$paramod\GTP_LUT4\INIT=16'0111100011010010'.
Parameter \INIT = 16'0111100011010010
Found cached RTLIL representation for module `$paramod\GTP_LUT4\INIT=16'0111100011010010'.
Parameter \INIT = 16'0111100011010010
Found cached RTLIL representation for module `$paramod\GTP_LUT4\INIT=16'0111100011010010'.
Parameter \INIT = 16'1101001001111000
Found cached RTLIL representation for module `$paramod\GTP_LUT4\INIT=16'1101001001111000'.
Parameter \INIT = 16'0111100011010010
Found cached RTLIL representation for module `$paramod\GTP_LUT4\INIT=16'0111100011010010'.
Parameter \INIT = 16'1101001001111000
Found cached RTLIL representation for module `$paramod\GTP_LUT4\INIT=16'1101001001111000'.
Parameter \INIT = 16'0111100011010010
Found cached RTLIL representation for module `$paramod\GTP_LUT4\INIT=16'0111100011010010'.
Parameter \INIT = 64'0101111111010111101000000010100011010111111101010010100000001010
Found cached RTLIL representation for module `$paramod$faadfbce9aec5860350c941f014058f2c932bfb5\GTP_LUT6'.
Parameter \INIT = 16'0111110110000010
Found cached RTLIL representation for module `$paramod\GTP_LUT4\INIT=16'0111110110000010'.
Parameter \INIT = 16'1101001001111000
Found cached RTLIL representation for module `$paramod\GTP_LUT4\INIT=16'1101001001111000'.
Parameter \INIT = 16'1101001001111000
Found cached RTLIL representation for module `$paramod\GTP_LUT4\INIT=16'1101001001111000'.
Parameter \INIT = 16'0111100011010010
Found cached RTLIL representation for module `$paramod\GTP_LUT4\INIT=16'0111100011010010'.
Parameter \INIT = 16'1101001001111000
Found cached RTLIL representation for module `$paramod\GTP_LUT4\INIT=16'1101001001111000'.
Parameter \INIT = 16'1101001001111000
Found cached RTLIL representation for module `$paramod\GTP_LUT4\INIT=16'1101001001111000'.
Parameter \INIT = 16'0111100011010010
Found cached RTLIL representation for module `$paramod\GTP_LUT4\INIT=16'0111100011010010'.
Parameter \INIT = 838275187
Found cached RTLIL representation for module `$paramod\GTP_LUT5\INIT=32'00110001111101110001000001110011'.
Parameter \INIT = 16'0111100011010010
Found cached RTLIL representation for module `$paramod\GTP_LUT4\INIT=16'0111100011010010'.
Parameter \INIT = 12159
Found cached RTLIL representation for module `$paramod\GTP_LUT5\INIT=32'00000000000000000010111101111111'.
Parameter \INIT = 218640255
Found cached RTLIL representation for module `$paramod\GTP_LUT5\INIT=32'00001101000010000010111101111111'.
Parameter \INIT = 218640255
Found cached RTLIL representation for module `$paramod\GTP_LUT5\INIT=32'00001101000010000010111101111111'.
Parameter \INIT = 16'0111100011010010
Found cached RTLIL representation for module `$paramod\GTP_LUT4\INIT=16'0111100011010010'.
Parameter \INIT = 16'0111100011010010
Found cached RTLIL representation for module `$paramod\GTP_LUT4\INIT=16'0111100011010010'.
Parameter \INIT = 64'0101111111010111101000000010100011010111111101010010100000001010
Found cached RTLIL representation for module `$paramod$faadfbce9aec5860350c941f014058f2c932bfb5\GTP_LUT6'.
Parameter \INIT = 64'0101111111010111101000000010100011010111111101010010100000001010
Found cached RTLIL representation for module `$paramod$faadfbce9aec5860350c941f014058f2c932bfb5\GTP_LUT6'.
Parameter \INIT = 32'11101111100011001100111000001000
Found cached RTLIL representation for module `$paramod\GTP_LUT5\INIT=32'11101111100011001100111000001000'.
Parameter \INIT = 32'11101111100011001100111000001000
Found cached RTLIL representation for module `$paramod\GTP_LUT5\INIT=32'11101111100011001100111000001000'.
Parameter \INIT = 64'1101011111110101001010000000101001011111110101111010000000101000
Found cached RTLIL representation for module `$paramod$6191c5fd7bcfaaff37808c3297a2620807ea9213\GTP_LUT6'.
Parameter \INIT = 64'0101111111010111101000000010100011010111111101010010100000001010
Found cached RTLIL representation for module `$paramod$faadfbce9aec5860350c941f014058f2c932bfb5\GTP_LUT6'.
Parameter \INIT = 64'0101111111010111101000000010100011010111111101010010100000001010
Found cached RTLIL representation for module `$paramod$faadfbce9aec5860350c941f014058f2c932bfb5\GTP_LUT6'.
Parameter \INIT = 32'10001100111011110000100011001110
Found cached RTLIL representation for module `$paramod\GTP_LUT5\INIT=32'10001100111011110000100011001110'.
Parameter \INIT = 32'11110111001100010111001100010000
Found cached RTLIL representation for module `$paramod\GTP_LUT5\INIT=32'11110111001100010111001100010000'.
Parameter \INIT = 64'1101011111110101001010000000101001011111110101111010000000101000
Found cached RTLIL representation for module `$paramod$6191c5fd7bcfaaff37808c3297a2620807ea9213\GTP_LUT6'.
Parameter \INIT = 64'0101111111010111101000000010100011010111111101010010100000001010
Found cached RTLIL representation for module `$paramod$faadfbce9aec5860350c941f014058f2c932bfb5\GTP_LUT6'.
Parameter \INIT = 64'0101111111010111101000000010100011010111111101010010100000001010
Found cached RTLIL representation for module `$paramod$faadfbce9aec5860350c941f014058f2c932bfb5\GTP_LUT6'.
Parameter \INIT = 64'1101011111110101001010000000101001011111110101111010000000101000
Found cached RTLIL representation for module `$paramod$6191c5fd7bcfaaff37808c3297a2620807ea9213\GTP_LUT6'.
Parameter \INIT = 64'1101011111110101001010000000101001011111110101111010000000101000
Found cached RTLIL representation for module `$paramod$6191c5fd7bcfaaff37808c3297a2620807ea9213\GTP_LUT6'.
Parameter \INIT = 64'0101111111010111101000000010100011010111111101010010100000001010
Found cached RTLIL representation for module `$paramod$faadfbce9aec5860350c941f014058f2c932bfb5\GTP_LUT6'.
Parameter \INIT = 32'11110111001100010111001100010000
Found cached RTLIL representation for module `$paramod\GTP_LUT5\INIT=32'11110111001100010111001100010000'.
Parameter \INIT = 32'11110111001100010111001100010000
Found cached RTLIL representation for module `$paramod\GTP_LUT5\INIT=32'11110111001100010111001100010000'.
Parameter \INIT = 64'1101011111110101001010000000101001011111110101111010000000101000
Found cached RTLIL representation for module `$paramod$6191c5fd7bcfaaff37808c3297a2620807ea9213\GTP_LUT6'.
Parameter \INIT = 64'1101011111110101001010000000101001011111110101111010000000101000
Found cached RTLIL representation for module `$paramod$6191c5fd7bcfaaff37808c3297a2620807ea9213\GTP_LUT6'.
Parameter \INIT = 32'11101111100011001100111000001000
Found cached RTLIL representation for module `$paramod\GTP_LUT5\INIT=32'11101111100011001100111000001000'.
Parameter \INIT = 32'11110111001100010111001100010000
Found cached RTLIL representation for module `$paramod\GTP_LUT5\INIT=32'11110111001100010111001100010000'.
Parameter \INIT = 838275187
Found cached RTLIL representation for module `$paramod\GTP_LUT5\INIT=32'00110001111101110001000001110011'.
Parameter \INIT = 32'11110111001100010111001100010000
Found cached RTLIL representation for module `$paramod\GTP_LUT5\INIT=32'11110111001100010111001100010000'.
Parameter \INIT = 64'1101011111110101001010000000101001011111110101111010000000101000
Found cached RTLIL representation for module `$paramod$6191c5fd7bcfaaff37808c3297a2620807ea9213\GTP_LUT6'.
Parameter \INIT = 32'11110111001100010111001100010000
Found cached RTLIL representation for module `$paramod\GTP_LUT5\INIT=32'11110111001100010111001100010000'.
Parameter \INIT = 64'0101111111010111101000000010100011010111111101010010100000001010
Found cached RTLIL representation for module `$paramod$faadfbce9aec5860350c941f014058f2c932bfb5\GTP_LUT6'.
Parameter \INIT = 32'11101111100011001100111000001000
Found cached RTLIL representation for module `$paramod\GTP_LUT5\INIT=32'11101111100011001100111000001000'.
Parameter \INIT = 32'10001100111011110000100011001110
Found cached RTLIL representation for module `$paramod\GTP_LUT5\INIT=32'10001100111011110000100011001110'.
Parameter \INIT = 32'11110111001100010111001100010000
Found cached RTLIL representation for module `$paramod\GTP_LUT5\INIT=32'11110111001100010111001100010000'.
Parameter \INIT = 64'0101111111010111101000000010100011010111111101010010100000001010
Found cached RTLIL representation for module `$paramod$faadfbce9aec5860350c941f014058f2c932bfb5\GTP_LUT6'.
Parameter \INIT = 64'1101011111110101001010000000101001011111110101111010000000101000
Found cached RTLIL representation for module `$paramod$6191c5fd7bcfaaff37808c3297a2620807ea9213\GTP_LUT6'.
Parameter \INIT = 32'10001100111011110000100011001110
Found cached RTLIL representation for module `$paramod\GTP_LUT5\INIT=32'10001100111011110000100011001110'.
Parameter \INIT = 32'11101111100011001100111000001000
Found cached RTLIL representation for module `$paramod\GTP_LUT5\INIT=32'11101111100011001100111000001000'.
Parameter \INIT = 32'11110111001100010111001100010000
Found cached RTLIL representation for module `$paramod\GTP_LUT5\INIT=32'11110111001100010111001100010000'.
Parameter \INIT = 64'1101011111110101001010000000101001011111110101111010000000101000
Found cached RTLIL representation for module `$paramod$6191c5fd7bcfaaff37808c3297a2620807ea9213\GTP_LUT6'.
Parameter \INIT = 64'0101111111010111101000000010100011010111111101010010100000001010
Found cached RTLIL representation for module `$paramod$faadfbce9aec5860350c941f014058f2c932bfb5\GTP_LUT6'.
Parameter \INIT = 64'1101011111110101001010000000101001011111110101111010000000101000
Found cached RTLIL representation for module `$paramod$6191c5fd7bcfaaff37808c3297a2620807ea9213\GTP_LUT6'.
Parameter \INIT = 32'10001100111011110000100011001110
Found cached RTLIL representation for module `$paramod\GTP_LUT5\INIT=32'10001100111011110000100011001110'.
Parameter \INIT = 64'1101011111110101001010000000101001011111110101111010000000101000
Found cached RTLIL representation for module `$paramod$6191c5fd7bcfaaff37808c3297a2620807ea9213\GTP_LUT6'.
Parameter \INIT = 64'1101011111110101001010000000101001011111110101111010000000101000
Found cached RTLIL representation for module `$paramod$6191c5fd7bcfaaff37808c3297a2620807ea9213\GTP_LUT6'.
Parameter \INIT = 64'0101111111010111101000000010100011010111111101010010100000001010
Found cached RTLIL representation for module `$paramod$faadfbce9aec5860350c941f014058f2c932bfb5\GTP_LUT6'.
Parameter \INIT = 32'11110111001100010111001100010000
Found cached RTLIL representation for module `$paramod\GTP_LUT5\INIT=32'11110111001100010111001100010000'.
Parameter \INIT = 64'1101011111110101001010000000101001011111110101111010000000101000
Found cached RTLIL representation for module `$paramod$6191c5fd7bcfaaff37808c3297a2620807ea9213\GTP_LUT6'.
Parameter \INIT = 64'0110011000100110011001100010011000010011000000110110011000100110
Found cached RTLIL representation for module `$paramod$6c2da2995a9a552dc29dc83bb5bdccf018f7b262\GTP_LUT6'.
Parameter \INIT = 838275187
Found cached RTLIL representation for module `$paramod\GTP_LUT5\INIT=32'00110001111101110001000001110011'.
Parameter \INIT = 64'0110011000100110011001100010011000010011000000110110011000100110
Found cached RTLIL representation for module `$paramod$6c2da2995a9a552dc29dc83bb5bdccf018f7b262\GTP_LUT6'.
Parameter \INIT = 64'1001110001100011100111000110001101100011011000111001110001100011

3.40. Executing AST frontend in derive mode using pre-parsed AST for module `\GTP_LUT6'.
Parameter \INIT = 64'1001110001100011100111000110001101100011011000111001110001100011
Generating RTLIL representation for module `$paramod$89e4f60ba9ba2575910582725390b5f45a3b0c2d\GTP_LUT6'.
Parameter \INIT = 64'0110001110011100011000111001110010011100100111000110001110011100
Found cached RTLIL representation for module `$paramod$1ac6f3b5fae68c1e1b28c69d7ac2d00160e77fde\GTP_LUT6'.
Parameter \INIT = 64'0101111111010111101000000010100011010111111101010010100000001010
Found cached RTLIL representation for module `$paramod$faadfbce9aec5860350c941f014058f2c932bfb5\GTP_LUT6'.
Parameter \INIT = 32'10001100111011110000100011001110
Found cached RTLIL representation for module `$paramod\GTP_LUT5\INIT=32'10001100111011110000100011001110'.
Parameter \INIT = 32'11101111100011001100111000001000
Found cached RTLIL representation for module `$paramod\GTP_LUT5\INIT=32'11101111100011001100111000001000'.
Parameter \INIT = 64'1101011111110101001010000000101001011111110101111010000000101000
Found cached RTLIL representation for module `$paramod$6191c5fd7bcfaaff37808c3297a2620807ea9213\GTP_LUT6'.
Parameter \INIT = 64'0101111111010111101000000010100011010111111101010010100000001010
Found cached RTLIL representation for module `$paramod$faadfbce9aec5860350c941f014058f2c932bfb5\GTP_LUT6'.
Parameter \INIT = 16'0111110110000010
Found cached RTLIL representation for module `$paramod\GTP_LUT4\INIT=16'0111110110000010'.
Parameter \INIT = 838275187
Found cached RTLIL representation for module `$paramod\GTP_LUT5\INIT=32'00110001111101110001000001110011'.
Parameter \INIT = 32'11110111001100010111001100010000
Found cached RTLIL representation for module `$paramod\GTP_LUT5\INIT=32'11110111001100010111001100010000'.
Parameter \INIT = 32'11001000110010000100000011001000
Found cached RTLIL representation for module `$paramod\GTP_LUT5\INIT=32'11001000110010000100000011001000'.
Parameter \INIT = 32'11001000110010000100000011001000
Found cached RTLIL representation for module `$paramod\GTP_LUT5\INIT=32'11001000110010000100000011001000'.
Parameter \INIT = 16'0111100011010010
Found cached RTLIL representation for module `$paramod\GTP_LUT4\INIT=16'0111100011010010'.
Parameter \INIT = 16'0111100011010010
Found cached RTLIL representation for module `$paramod\GTP_LUT4\INIT=16'0111100011010010'.
Parameter \INIT = 16'0111100011010010
Found cached RTLIL representation for module `$paramod\GTP_LUT4\INIT=16'0111100011010010'.
Parameter \INIT = 16'1101001001111000
Found cached RTLIL representation for module `$paramod\GTP_LUT4\INIT=16'1101001001111000'.
Parameter \INIT = 32'11101111100011001100111000001000
Found cached RTLIL representation for module `$paramod\GTP_LUT5\INIT=32'11101111100011001100111000001000'.
Parameter \INIT = 64'0110001110011100100111001001110001100011100111000110001110011100
Found cached RTLIL representation for module `$paramod$938b553e9006f90bbbcc312c4a1d200b82171030\GTP_LUT6'.
Parameter \INIT = 57231
Found cached RTLIL representation for module `$paramod\GTP_LUT5\INIT=32'00000000000000001101111110001111'.
Parameter \INIT = 16'1101001001111000
Found cached RTLIL representation for module `$paramod\GTP_LUT4\INIT=16'1101001001111000'.
Parameter \INIT = 16'1101001001111000
Found cached RTLIL representation for module `$paramod\GTP_LUT4\INIT=16'1101001001111000'.
Parameter \INIT = 16'1101001001111000
Found cached RTLIL representation for module `$paramod\GTP_LUT4\INIT=16'1101001001111000'.
Parameter \INIT = 275984887
Found cached RTLIL representation for module `$paramod\GTP_LUT5\INIT=32'00010000011100110011000111110111'.
Parameter \INIT = 16'1101001001111000
Found cached RTLIL representation for module `$paramod\GTP_LUT4\INIT=16'1101001001111000'.
Parameter \INIT = 16'0111100011010010
Found cached RTLIL representation for module `$paramod\GTP_LUT4\INIT=16'0111100011010010'.
Parameter \INIT = 16'0111100011010010
Found cached RTLIL representation for module `$paramod\GTP_LUT4\INIT=16'0111100011010010'.
Parameter \INIT = 16'1101001001111000
Found cached RTLIL representation for module `$paramod\GTP_LUT4\INIT=16'1101001001111000'.
Parameter \INIT = 64'0110011000010011011001100110011000100110000000110010011000100110
Found cached RTLIL representation for module `$paramod$ad9e2d3baac0fe87ed679e45e0968028e501f12b\GTP_LUT6'.
Parameter \INIT = 16'0111100011010010
Found cached RTLIL representation for module `$paramod\GTP_LUT4\INIT=16'0111100011010010'.
Parameter \INIT = 16'1101001001111000
Found cached RTLIL representation for module `$paramod\GTP_LUT4\INIT=16'1101001001111000'.
Parameter \INIT = 16'0111100011010010
Found cached RTLIL representation for module `$paramod\GTP_LUT4\INIT=16'0111100011010010'.
Parameter \INIT = 67406852

3.41. Executing AST frontend in derive mode using pre-parsed AST for module `\GTP_LUT5'.
Parameter \INIT = 67406852
Generating RTLIL representation for module `$paramod\GTP_LUT5\INIT=32'00000100000001001000110000000100'.
Parameter \INIT = 16'1101001001111000
Found cached RTLIL representation for module `$paramod\GTP_LUT4\INIT=16'1101001001111000'.
Parameter \INIT = 16'0111100011010010
Found cached RTLIL representation for module `$paramod\GTP_LUT4\INIT=16'0111100011010010'.
Parameter \INIT = 64'0000100100011001000010010001100110001100110011000000100100011001
Found cached RTLIL representation for module `$paramod$b9efae4d8d49dd829edcc803e2dd24488eae7797\GTP_LUT6'.
Parameter \INIT = 16'0111100011010010
Found cached RTLIL representation for module `$paramod\GTP_LUT4\INIT=16'0111100011010010'.
Parameter \INIT = 16'1101001001111000
Found cached RTLIL representation for module `$paramod\GTP_LUT4\INIT=16'1101001001111000'.
Parameter \INIT = 1765579212
Found cached RTLIL representation for module `$paramod\GTP_LUT5\INIT=32'01101001001111001001100111001100'.
Parameter \INIT = 16'1101001001111000
Found cached RTLIL representation for module `$paramod\GTP_LUT4\INIT=16'1101001001111000'.
Parameter \INIT = 16'1101001001111000
Found cached RTLIL representation for module `$paramod\GTP_LUT4\INIT=16'1101001001111000'.
Parameter \INIT = 32'10010110110000110110011000110011
Found cached RTLIL representation for module `$paramod\GTP_LUT5\INIT=32'10010110110000110110011000110011'.
Parameter \INIT = 16'1101001001111000
Found cached RTLIL representation for module `$paramod\GTP_LUT4\INIT=16'1101001001111000'.
Parameter \INIT = 16'0111100011010010
Found cached RTLIL representation for module `$paramod\GTP_LUT4\INIT=16'0111100011010010'.
Parameter \INIT = 32'11000100110011001000000010001000
Found cached RTLIL representation for module `$paramod\GTP_LUT5\INIT=32'11000100110011001000000010001000'.
Parameter \INIT = 1515873882
Found cached RTLIL representation for module `$paramod\GTP_LUT5\INIT=32'01011010010110100110011001011010'.
Parameter \INIT = 16'0111100011010010
Found cached RTLIL representation for module `$paramod\GTP_LUT4\INIT=16'0111100011010010'.
Parameter \INIT = 64'0000101010011110010111111101111100001000100111000001110010011100
Found cached RTLIL representation for module `$paramod$a5be1c4808c883f563053539778990037d2d5481\GTP_LUT6'.
Parameter \INIT = 64'1111010101100001101000000010000011110111011000111110001101100011
Found cached RTLIL representation for module `$paramod$86f9906103e8fc19235c85b7ceabae06eb43c373\GTP_LUT6'.
Parameter \INIT = 16'1101001001111000
Found cached RTLIL representation for module `$paramod\GTP_LUT4\INIT=16'1101001001111000'.
Parameter \INIT = 218640255
Found cached RTLIL representation for module `$paramod\GTP_LUT5\INIT=32'00001101000010000010111101111111'.
Parameter \INIT = 16'0111100011010010
Found cached RTLIL representation for module `$paramod\GTP_LUT4\INIT=16'0111100011010010'.
Parameter \INIT = 8'00010101

3.42. Executing AST frontend in derive mode using pre-parsed AST for module `\GTP_LUT3'.
Parameter \INIT = 8'00010101
Generating RTLIL representation for module `$paramod\GTP_LUT3\INIT=8'00010101'.
Parameter \INIT = 16'0101011010011010
Found cached RTLIL representation for module `$paramod\GTP_LUT4\INIT=16'0101011010011010'.
Parameter \INIT = 16'0101011010011010
Found cached RTLIL representation for module `$paramod\GTP_LUT4\INIT=16'0101011010011010'.
Parameter \INIT = 64'1110111011101100100010001000000011111111111111101100110011001000
Found cached RTLIL representation for module `$paramod$ef3cc5da301ed9bfe44b39b3fea70f96bcc9e5bd\GTP_LUT6'.
Parameter \INIT = 64'1000100010000000111011101110110011001100110010001111111111111110
Found cached RTLIL representation for module `$paramod$2b8a633d22fdba6cb860910815984a0efd9868eb\GTP_LUT6'.
Parameter \INIT = 64'0101111111010111101000000010100011010111111101010010100000001010
Found cached RTLIL representation for module `$paramod$faadfbce9aec5860350c941f014058f2c932bfb5\GTP_LUT6'.
Parameter \INIT = 838275187
Found cached RTLIL representation for module `$paramod\GTP_LUT5\INIT=32'00110001111101110001000001110011'.
Parameter \INIT = 64'1101011111110101001010000000101001011111110101111010000000101000
Found cached RTLIL representation for module `$paramod$6191c5fd7bcfaaff37808c3297a2620807ea9213\GTP_LUT6'.
Parameter \INIT = 64'1101011111110101001010000000101001011111110101111010000000101000
Found cached RTLIL representation for module `$paramod$6191c5fd7bcfaaff37808c3297a2620807ea9213\GTP_LUT6'.
Parameter \INIT = 64'0101111111010111101000000010100011010111111101010010100000001010
Found cached RTLIL representation for module `$paramod$faadfbce9aec5860350c941f014058f2c932bfb5\GTP_LUT6'.
Parameter \INIT = 64'1101011111110101001010000000101001011111110101111010000000101000
Found cached RTLIL representation for module `$paramod$6191c5fd7bcfaaff37808c3297a2620807ea9213\GTP_LUT6'.
Parameter \INIT = 838275187
Found cached RTLIL representation for module `$paramod\GTP_LUT5\INIT=32'00110001111101110001000001110011'.
Parameter \INIT = 32'10001100111011110000100011001110
Found cached RTLIL representation for module `$paramod\GTP_LUT5\INIT=32'10001100111011110000100011001110'.
Parameter \INIT = 64'0101111111010111101000000010100011010111111101010010100000001010
Found cached RTLIL representation for module `$paramod$faadfbce9aec5860350c941f014058f2c932bfb5\GTP_LUT6'.
Parameter \INIT = 64'0101111111010111101000000010100011010111111101010010100000001010
Found cached RTLIL representation for module `$paramod$faadfbce9aec5860350c941f014058f2c932bfb5\GTP_LUT6'.
Parameter \INIT = 64'0101111111010111101000000010100011010111111101010010100000001010
Found cached RTLIL representation for module `$paramod$faadfbce9aec5860350c941f014058f2c932bfb5\GTP_LUT6'.
Parameter \INIT = 32'11110111001100010111001100010000
Found cached RTLIL representation for module `$paramod\GTP_LUT5\INIT=32'11110111001100010111001100010000'.
Parameter \INIT = 64'1101011111110101001010000000101001011111110101111010000000101000
Found cached RTLIL representation for module `$paramod$6191c5fd7bcfaaff37808c3297a2620807ea9213\GTP_LUT6'.
Parameter \INIT = 64'0101111111010111101000000010100011010111111101010010100000001010
Found cached RTLIL representation for module `$paramod$faadfbce9aec5860350c941f014058f2c932bfb5\GTP_LUT6'.
Parameter \INIT = 64'1101011111110101001010000000101001011111110101111010000000101000
Found cached RTLIL representation for module `$paramod$6191c5fd7bcfaaff37808c3297a2620807ea9213\GTP_LUT6'.
Parameter \INIT = 64'1101011111110101001010000000101001011111110101111010000000101000
Found cached RTLIL representation for module `$paramod$6191c5fd7bcfaaff37808c3297a2620807ea9213\GTP_LUT6'.
Parameter \INIT = 32'10001100111011110000100011001110
Found cached RTLIL representation for module `$paramod\GTP_LUT5\INIT=32'10001100111011110000100011001110'.
Parameter \INIT = 64'0101111111010111101000000010100011010111111101010010100000001010
Found cached RTLIL representation for module `$paramod$faadfbce9aec5860350c941f014058f2c932bfb5\GTP_LUT6'.
Parameter \INIT = 64'0101111111010111101000000010100011010111111101010010100000001010
Found cached RTLIL representation for module `$paramod$faadfbce9aec5860350c941f014058f2c932bfb5\GTP_LUT6'.
Parameter \INIT = 838275187
Found cached RTLIL representation for module `$paramod\GTP_LUT5\INIT=32'00110001111101110001000001110011'.
Parameter \INIT = 838275187
Found cached RTLIL representation for module `$paramod\GTP_LUT5\INIT=32'00110001111101110001000001110011'.
Parameter \INIT = 64'0101111111010111101000000010100011010111111101010010100000001010
Found cached RTLIL representation for module `$paramod$faadfbce9aec5860350c941f014058f2c932bfb5\GTP_LUT6'.
Parameter \INIT = 64'1101011111110101001010000000101001011111110101111010000000101000
Found cached RTLIL representation for module `$paramod$6191c5fd7bcfaaff37808c3297a2620807ea9213\GTP_LUT6'.
Parameter \INIT = 32'10001100111011110000100011001110
Found cached RTLIL representation for module `$paramod\GTP_LUT5\INIT=32'10001100111011110000100011001110'.
Parameter \INIT = 32'10001100111011110000100011001110
Found cached RTLIL representation for module `$paramod\GTP_LUT5\INIT=32'10001100111011110000100011001110'.
Parameter \INIT = 64'0101111111010111101000000010100011010111111101010010100000001010
Found cached RTLIL representation for module `$paramod$faadfbce9aec5860350c941f014058f2c932bfb5\GTP_LUT6'.
Parameter \INIT = 32'11110111001100010111001100010000
Found cached RTLIL representation for module `$paramod\GTP_LUT5\INIT=32'11110111001100010111001100010000'.
Parameter \INIT = 32'11110111001100010111001100010000
Found cached RTLIL representation for module `$paramod\GTP_LUT5\INIT=32'11110111001100010111001100010000'.
Parameter \INIT = 32'10001100111011110000100011001110
Found cached RTLIL representation for module `$paramod\GTP_LUT5\INIT=32'10001100111011110000100011001110'.
Parameter \INIT = 32'10001100111011110000100011001110
Found cached RTLIL representation for module `$paramod\GTP_LUT5\INIT=32'10001100111011110000100011001110'.
Parameter \INIT = 32'11101111100011001100111000001000
Found cached RTLIL representation for module `$paramod\GTP_LUT5\INIT=32'11101111100011001100111000001000'.
Parameter \INIT = 64'0101111111010111101000000010100011010111111101010010100000001010
Found cached RTLIL representation for module `$paramod$faadfbce9aec5860350c941f014058f2c932bfb5\GTP_LUT6'.
Parameter \INIT = 64'1101011111110101001010000000101001011111110101111010000000101000
Found cached RTLIL representation for module `$paramod$6191c5fd7bcfaaff37808c3297a2620807ea9213\GTP_LUT6'.
Parameter \INIT = 32'11110111001100010111001100010000
Found cached RTLIL representation for module `$paramod\GTP_LUT5\INIT=32'11110111001100010111001100010000'.
Parameter \INIT = 64'0101111111010111101000000010100011010111111101010010100000001010
Found cached RTLIL representation for module `$paramod$faadfbce9aec5860350c941f014058f2c932bfb5\GTP_LUT6'.
Parameter \INIT = 64'0101111111010111101000000010100011010111111101010010100000001010
Found cached RTLIL representation for module `$paramod$faadfbce9aec5860350c941f014058f2c932bfb5\GTP_LUT6'.
Parameter \INIT = 838275187
Found cached RTLIL representation for module `$paramod\GTP_LUT5\INIT=32'00110001111101110001000001110011'.
Parameter \INIT = 64'1101011111110101001010000000101001011111110101111010000000101000
Found cached RTLIL representation for module `$paramod$6191c5fd7bcfaaff37808c3297a2620807ea9213\GTP_LUT6'.
Parameter \INIT = 32'10001100111011110000100011001110
Found cached RTLIL representation for module `$paramod\GTP_LUT5\INIT=32'10001100111011110000100011001110'.
Parameter \INIT = 32'10001100111011110000100011001110
Found cached RTLIL representation for module `$paramod\GTP_LUT5\INIT=32'10001100111011110000100011001110'.
Parameter \INIT = 838275187
Found cached RTLIL representation for module `$paramod\GTP_LUT5\INIT=32'00110001111101110001000001110011'.
Parameter \INIT = 64'0101111111010111101000000010100011010111111101010010100000001010
Found cached RTLIL representation for module `$paramod$faadfbce9aec5860350c941f014058f2c932bfb5\GTP_LUT6'.
Parameter \INIT = 64'1111111111110111001100110011000101110111011100110001000100010000

3.43. Executing AST frontend in derive mode using pre-parsed AST for module `\GTP_LUT6'.
Parameter \INIT = 64'1111111111110111001100110011000101110111011100110001000100010000
Generating RTLIL representation for module `$paramod$9a97d69e6250cee5113f49459ed2110fc711c59b\GTP_LUT6'.
Parameter \INIT = 64'1101011111110101001010000000101001011111110101111010000000101000
Found cached RTLIL representation for module `$paramod$6191c5fd7bcfaaff37808c3297a2620807ea9213\GTP_LUT6'.
Parameter \INIT = 32'11101111100011001100111000001000
Found cached RTLIL representation for module `$paramod\GTP_LUT5\INIT=32'11101111100011001100111000001000'.
Parameter \INIT = 64'1000100010000000111011101110110011001100110010001111111111111110
Found cached RTLIL representation for module `$paramod$2b8a633d22fdba6cb860910815984a0efd9868eb\GTP_LUT6'.
Parameter \INIT = 64'1101011111110101001010000000101001011111110101111010000000101000
Found cached RTLIL representation for module `$paramod$6191c5fd7bcfaaff37808c3297a2620807ea9213\GTP_LUT6'.
Parameter \INIT = 838275187
Found cached RTLIL representation for module `$paramod\GTP_LUT5\INIT=32'00110001111101110001000001110011'.
Parameter \INIT = 64'0101111111010111101000000010100011010111111101010010100000001010
Found cached RTLIL representation for module `$paramod$faadfbce9aec5860350c941f014058f2c932bfb5\GTP_LUT6'.
Parameter \INIT = 64'0101111111010111101000000010100011010111111101010010100000001010
Found cached RTLIL representation for module `$paramod$faadfbce9aec5860350c941f014058f2c932bfb5\GTP_LUT6'.
Parameter \INIT = 64'0101111111010111101000000010100011010111111101010010100000001010
Found cached RTLIL representation for module `$paramod$faadfbce9aec5860350c941f014058f2c932bfb5\GTP_LUT6'.
Parameter \INIT = 64'1101011111110101001010000000101001011111110101111010000000101000
Found cached RTLIL representation for module `$paramod$6191c5fd7bcfaaff37808c3297a2620807ea9213\GTP_LUT6'.
Parameter \INIT = 64'1101011111110101001010000000101001011111110101111010000000101000
Found cached RTLIL representation for module `$paramod$6191c5fd7bcfaaff37808c3297a2620807ea9213\GTP_LUT6'.
Parameter \INIT = 64'1101011101011111001010001010000011110101110101110000101000101000
Found cached RTLIL representation for module `$paramod$ac322abe1352d00788da342d809764297918a223\GTP_LUT6'.
Parameter \INIT = 32'11101111100011001100111000001000
Found cached RTLIL representation for module `$paramod\GTP_LUT5\INIT=32'11101111100011001100111000001000'.
Parameter \INIT = 32'11110111001100010111001100010000
Found cached RTLIL representation for module `$paramod\GTP_LUT5\INIT=32'11110111001100010111001100010000'.
Parameter \INIT = 32'11101111100011001100111000001000
Found cached RTLIL representation for module `$paramod\GTP_LUT5\INIT=32'11101111100011001100111000001000'.
Parameter \INIT = 32'11110111001100010111001100010000
Found cached RTLIL representation for module `$paramod\GTP_LUT5\INIT=32'11110111001100010111001100010000'.
Parameter \INIT = 64'0110011000100110011001100010011000010011000000110110011000100110
Found cached RTLIL representation for module `$paramod$6c2da2995a9a552dc29dc83bb5bdccf018f7b262\GTP_LUT6'.
Parameter \INIT = 32'10001100111011110000100011001110
Found cached RTLIL representation for module `$paramod\GTP_LUT5\INIT=32'10001100111011110000100011001110'.
Parameter \INIT = 64'0110001110011100011000111001110010011100100111000110001110011100
Found cached RTLIL representation for module `$paramod$1ac6f3b5fae68c1e1b28c69d7ac2d00160e77fde\GTP_LUT6'.
Parameter \INIT = 16'0111110110000010
Found cached RTLIL representation for module `$paramod\GTP_LUT4\INIT=16'0111110110000010'.
Parameter \INIT = 32'11110111001100010111001100010000
Found cached RTLIL representation for module `$paramod\GTP_LUT5\INIT=32'11110111001100010111001100010000'.
Parameter \INIT = 16'0111110110000010
Found cached RTLIL representation for module `$paramod\GTP_LUT4\INIT=16'0111110110000010'.
Parameter \INIT = 32'10001100111011110000100011001110
Found cached RTLIL representation for module `$paramod\GTP_LUT5\INIT=32'10001100111011110000100011001110'.
Parameter \INIT = 64'0111100001111000011110000111100011010010110100101101001001111000

3.44. Executing AST frontend in derive mode using pre-parsed AST for module `\GTP_LUT6'.
Parameter \INIT = 64'0111100001111000011110000111100011010010110100101101001001111000
Generating RTLIL representation for module `$paramod$581229e3bd4d18bbf9031d1fdaf65647ada5637d\GTP_LUT6'.
Parameter \INIT = 16'1101001001111000
Found cached RTLIL representation for module `$paramod\GTP_LUT4\INIT=16'1101001001111000'.
Parameter \INIT = 32'11001000110010000100000011001000
Found cached RTLIL representation for module `$paramod\GTP_LUT5\INIT=32'11001000110010000100000011001000'.
Parameter \INIT = 16'1101001001111000
Found cached RTLIL representation for module `$paramod\GTP_LUT4\INIT=16'1101001001111000'.
Parameter \INIT = 16'1101001001111000
Found cached RTLIL representation for module `$paramod\GTP_LUT4\INIT=16'1101001001111000'.
Parameter \INIT = 64'0101111111010111101000000010100011010111111101010010100000001010
Found cached RTLIL representation for module `$paramod$faadfbce9aec5860350c941f014058f2c932bfb5\GTP_LUT6'.
Parameter \INIT = 64'1101011111110101001010000000101001011111110101111010000000101000
Found cached RTLIL representation for module `$paramod$6191c5fd7bcfaaff37808c3297a2620807ea9213\GTP_LUT6'.
Parameter \INIT = 275984887
Found cached RTLIL representation for module `$paramod\GTP_LUT5\INIT=32'00010000011100110011000111110111'.
Parameter \INIT = 16'0111100011010010
Found cached RTLIL representation for module `$paramod\GTP_LUT4\INIT=16'0111100011010010'.
Parameter \INIT = 16'0111100011010010
Found cached RTLIL representation for module `$paramod\GTP_LUT4\INIT=16'0111100011010010'.
Parameter \INIT = 16'0111100011010010
Found cached RTLIL representation for module `$paramod\GTP_LUT4\INIT=16'0111100011010010'.
Parameter \INIT = 16'1101001001111000
Found cached RTLIL representation for module `$paramod\GTP_LUT4\INIT=16'1101001001111000'.
Parameter \INIT = 16'0111100011010010
Found cached RTLIL representation for module `$paramod\GTP_LUT4\INIT=16'0111100011010010'.
Parameter \INIT = 16'0111100011010010
Found cached RTLIL representation for module `$paramod\GTP_LUT4\INIT=16'0111100011010010'.
Parameter \INIT = 16'1101001001111000
Found cached RTLIL representation for module `$paramod\GTP_LUT4\INIT=16'1101001001111000'.
Parameter \INIT = 57231
Found cached RTLIL representation for module `$paramod\GTP_LUT5\INIT=32'00000000000000001101111110001111'.
Parameter \INIT = 16'1101001001111000
Found cached RTLIL representation for module `$paramod\GTP_LUT4\INIT=16'1101001001111000'.
Parameter \INIT = 16'1101001001111000
Found cached RTLIL representation for module `$paramod\GTP_LUT4\INIT=16'1101001001111000'.
Parameter \INIT = 16'0111100011010010
Found cached RTLIL representation for module `$paramod\GTP_LUT4\INIT=16'0111100011010010'.
Parameter \INIT = 16'0111100011010010
Found cached RTLIL representation for module `$paramod\GTP_LUT4\INIT=16'0111100011010010'.
Parameter \INIT = 32'11110111001100010111001100010000
Found cached RTLIL representation for module `$paramod\GTP_LUT5\INIT=32'11110111001100010111001100010000'.
Parameter \INIT = 16'0111100011010010
Found cached RTLIL representation for module `$paramod\GTP_LUT4\INIT=16'0111100011010010'.
Parameter \INIT = 16'1101001001111000
Found cached RTLIL representation for module `$paramod\GTP_LUT4\INIT=16'1101001001111000'.
Parameter \INIT = 16'1101001001111000
Found cached RTLIL representation for module `$paramod\GTP_LUT4\INIT=16'1101001001111000'.
Parameter \INIT = 16'0111100011010010
Found cached RTLIL representation for module `$paramod\GTP_LUT4\INIT=16'0111100011010010'.
Parameter \INIT = 16'1101001001111000
Found cached RTLIL representation for module `$paramod\GTP_LUT4\INIT=16'1101001001111000'.
Parameter \INIT = 16'0111100011010010
Found cached RTLIL representation for module `$paramod\GTP_LUT4\INIT=16'0111100011010010'.
Parameter \INIT = 32'10010110110000110110011000110011
Found cached RTLIL representation for module `$paramod\GTP_LUT5\INIT=32'10010110110000110110011000110011'.
Parameter \INIT = 16'1101001001111000
Found cached RTLIL representation for module `$paramod\GTP_LUT4\INIT=16'1101001001111000'.
Parameter \INIT = 16'1101001001111000
Found cached RTLIL representation for module `$paramod\GTP_LUT4\INIT=16'1101001001111000'.
Parameter \INIT = 16'0111100011010010
Found cached RTLIL representation for module `$paramod\GTP_LUT4\INIT=16'0111100011010010'.
Parameter \INIT = 16'0111100011010010
Found cached RTLIL representation for module `$paramod\GTP_LUT4\INIT=16'0111100011010010'.
Parameter \INIT = 16'1101001001111000
Found cached RTLIL representation for module `$paramod\GTP_LUT4\INIT=16'1101001001111000'.
Parameter \INIT = 16'1101011100101000
Found cached RTLIL representation for module `$paramod\GTP_LUT4\INIT=16'1101011100101000'.
Parameter \INIT = 64'0101101001011010010110100101101001011010010110100101101001100110

3.45. Executing AST frontend in derive mode using pre-parsed AST for module `\GTP_LUT6'.
Parameter \INIT = 64'0101101001011010010110100101101001011010010110100101101001100110
Generating RTLIL representation for module `$paramod$7bd23b6eec1e989d865f12ae410c49b224445599\GTP_LUT6'.
Parameter \INIT = 16'0111100011010010
Found cached RTLIL representation for module `$paramod\GTP_LUT4\INIT=16'0111100011010010'.
Parameter \INIT = 16'0111100011010010
Found cached RTLIL representation for module `$paramod\GTP_LUT4\INIT=16'0111100011010010'.
Parameter \INIT = 16'1101001001111000
Found cached RTLIL representation for module `$paramod\GTP_LUT4\INIT=16'1101001001111000'.
Parameter \INIT = 64'1111010101100001101000000010000011110111011000111110001101100011
Found cached RTLIL representation for module `$paramod$86f9906103e8fc19235c85b7ceabae06eb43c373\GTP_LUT6'.
Parameter \INIT = 57231
Found cached RTLIL representation for module `$paramod\GTP_LUT5\INIT=32'00000000000000001101111110001111'.
Parameter \INIT = 16'0111100011010010
Found cached RTLIL representation for module `$paramod\GTP_LUT4\INIT=16'0111100011010010'.
Parameter \INIT = 218640255
Found cached RTLIL representation for module `$paramod\GTP_LUT5\INIT=32'00001101000010000010111101111111'.
Parameter \INIT = 16'1101001001111000
Found cached RTLIL representation for module `$paramod\GTP_LUT4\INIT=16'1101001001111000'.
Parameter \INIT = 16'0111100011010010
Found cached RTLIL representation for module `$paramod\GTP_LUT4\INIT=16'0111100011010010'.
Parameter \INIT = 16'0101011010011010
Found cached RTLIL representation for module `$paramod\GTP_LUT4\INIT=16'0101011010011010'.
Parameter \INIT = 64'1000100010000000111011101110110011001100110010001111111111111110
Found cached RTLIL representation for module `$paramod$2b8a633d22fdba6cb860910815984a0efd9868eb\GTP_LUT6'.
Parameter \INIT = 64'0101111111010111101000000010100011010111111101010010100000001010
Found cached RTLIL representation for module `$paramod$faadfbce9aec5860350c941f014058f2c932bfb5\GTP_LUT6'.
Parameter \INIT = 64'0101111111010111101000000010100011010111111101010010100000001010
Found cached RTLIL representation for module `$paramod$faadfbce9aec5860350c941f014058f2c932bfb5\GTP_LUT6'.
Parameter \INIT = 32'11101111100011001100111000001000
Found cached RTLIL representation for module `$paramod\GTP_LUT5\INIT=32'11101111100011001100111000001000'.
Parameter \INIT = 32'11110111001100010111001100010000
Found cached RTLIL representation for module `$paramod\GTP_LUT5\INIT=32'11110111001100010111001100010000'.
Parameter \INIT = 64'0101111111010111101000000010100011010111111101010010100000001010
Found cached RTLIL representation for module `$paramod$faadfbce9aec5860350c941f014058f2c932bfb5\GTP_LUT6'.
Parameter \INIT = 64'1101011111110101001010000000101001011111110101111010000000101000
Found cached RTLIL representation for module `$paramod$6191c5fd7bcfaaff37808c3297a2620807ea9213\GTP_LUT6'.
Parameter \INIT = 32'11101111100011001100111000001000
Found cached RTLIL representation for module `$paramod\GTP_LUT5\INIT=32'11101111100011001100111000001000'.
Parameter \INIT = 64'0101111111010111101000000010100011010111111101010010100000001010
Found cached RTLIL representation for module `$paramod$faadfbce9aec5860350c941f014058f2c932bfb5\GTP_LUT6'.
Parameter \INIT = 64'1101011111110101001010000000101001011111110101111010000000101000
Found cached RTLIL representation for module `$paramod$6191c5fd7bcfaaff37808c3297a2620807ea9213\GTP_LUT6'.
Parameter \INIT = 64'1101011111110101001010000000101001011111110101111010000000101000
Found cached RTLIL representation for module `$paramod$6191c5fd7bcfaaff37808c3297a2620807ea9213\GTP_LUT6'.
Parameter \INIT = 64'0101111111010111101000000010100011010111111101010010100000001010
Found cached RTLIL representation for module `$paramod$faadfbce9aec5860350c941f014058f2c932bfb5\GTP_LUT6'.
Parameter \INIT = 32'11101111100011001100111000001000
Found cached RTLIL representation for module `$paramod\GTP_LUT5\INIT=32'11101111100011001100111000001000'.
Parameter \INIT = 64'1101011111110101001010000000101001011111110101111010000000101000
Found cached RTLIL representation for module `$paramod$6191c5fd7bcfaaff37808c3297a2620807ea9213\GTP_LUT6'.
Parameter \INIT = 32'11110111001100010111001100010000
Found cached RTLIL representation for module `$paramod\GTP_LUT5\INIT=32'11110111001100010111001100010000'.
Parameter \INIT = 32'11110111001100010111001100010000
Found cached RTLIL representation for module `$paramod\GTP_LUT5\INIT=32'11110111001100010111001100010000'.
Parameter \INIT = 64'0101111111010111101000000010100011010111111101010010100000001010
Found cached RTLIL representation for module `$paramod$faadfbce9aec5860350c941f014058f2c932bfb5\GTP_LUT6'.
Parameter \INIT = 64'1101011111110101001010000000101001011111110101111010000000101000
Found cached RTLIL representation for module `$paramod$6191c5fd7bcfaaff37808c3297a2620807ea9213\GTP_LUT6'.
Parameter \INIT = 64'0101111111010111101000000010100011010111111101010010100000001010
Found cached RTLIL representation for module `$paramod$faadfbce9aec5860350c941f014058f2c932bfb5\GTP_LUT6'.
Parameter \INIT = 64'1101011111110101001010000000101001011111110101111010000000101000
Found cached RTLIL representation for module `$paramod$6191c5fd7bcfaaff37808c3297a2620807ea9213\GTP_LUT6'.
Parameter \INIT = 32'11101111100011001100111000001000
Found cached RTLIL representation for module `$paramod\GTP_LUT5\INIT=32'11101111100011001100111000001000'.
Parameter \INIT = 64'0101111111010111101000000010100011010111111101010010100000001010
Found cached RTLIL representation for module `$paramod$faadfbce9aec5860350c941f014058f2c932bfb5\GTP_LUT6'.
Parameter \INIT = 64'1101011111110101001010000000101001011111110101111010000000101000
Found cached RTLIL representation for module `$paramod$6191c5fd7bcfaaff37808c3297a2620807ea9213\GTP_LUT6'.
Parameter \INIT = 32'11110111001100010111001100010000
Found cached RTLIL representation for module `$paramod\GTP_LUT5\INIT=32'11110111001100010111001100010000'.
Parameter \INIT = 32'10001100111011110000100011001110
Found cached RTLIL representation for module `$paramod\GTP_LUT5\INIT=32'10001100111011110000100011001110'.
Parameter \INIT = 64'1101011111110101001010000000101001011111110101111010000000101000
Found cached RTLIL representation for module `$paramod$6191c5fd7bcfaaff37808c3297a2620807ea9213\GTP_LUT6'.
Parameter \INIT = 64'1101011111110101001010000000101001011111110101111010000000101000
Found cached RTLIL representation for module `$paramod$6191c5fd7bcfaaff37808c3297a2620807ea9213\GTP_LUT6'.
Parameter \INIT = 838275187
Found cached RTLIL representation for module `$paramod\GTP_LUT5\INIT=32'00110001111101110001000001110011'.
Parameter \INIT = 64'0101111111010111101000000010100011010111111101010010100000001010
Found cached RTLIL representation for module `$paramod$faadfbce9aec5860350c941f014058f2c932bfb5\GTP_LUT6'.
Parameter \INIT = 32'10001100111011110000100011001110
Found cached RTLIL representation for module `$paramod\GTP_LUT5\INIT=32'10001100111011110000100011001110'.
Parameter \INIT = 64'1101011111110101001010000000101001011111110101111010000000101000
Found cached RTLIL representation for module `$paramod$6191c5fd7bcfaaff37808c3297a2620807ea9213\GTP_LUT6'.
Parameter \INIT = 32'10001100111011110000100011001110
Found cached RTLIL representation for module `$paramod\GTP_LUT5\INIT=32'10001100111011110000100011001110'.
Parameter \INIT = 32'11110111001100010111001100010000
Found cached RTLIL representation for module `$paramod\GTP_LUT5\INIT=32'11110111001100010111001100010000'.
Parameter \INIT = 64'0101111111010111101000000010100011010111111101010010100000001010
Found cached RTLIL representation for module `$paramod$faadfbce9aec5860350c941f014058f2c932bfb5\GTP_LUT6'.
Parameter \INIT = 32'11110111001100010111001100010000
Found cached RTLIL representation for module `$paramod\GTP_LUT5\INIT=32'11110111001100010111001100010000'.
Parameter \INIT = 64'0101111111010111101000000010100011010111111101010010100000001010
Found cached RTLIL representation for module `$paramod$faadfbce9aec5860350c941f014058f2c932bfb5\GTP_LUT6'.
Parameter \INIT = 32'11101111100011001100111000001000
Found cached RTLIL representation for module `$paramod\GTP_LUT5\INIT=32'11101111100011001100111000001000'.
Parameter \INIT = 838275187
Found cached RTLIL representation for module `$paramod\GTP_LUT5\INIT=32'00110001111101110001000001110011'.
Parameter \INIT = 32'10001100111011110000100011001110
Found cached RTLIL representation for module `$paramod\GTP_LUT5\INIT=32'10001100111011110000100011001110'.
Parameter \INIT = 838275187
Found cached RTLIL representation for module `$paramod\GTP_LUT5\INIT=32'00110001111101110001000001110011'.
Parameter \INIT = 64'0101111111010111101000000010100011010111111101010010100000001010
Found cached RTLIL representation for module `$paramod$faadfbce9aec5860350c941f014058f2c932bfb5\GTP_LUT6'.
Parameter \INIT = 64'1101011111110101001010000000101001011111110101111010000000101000
Found cached RTLIL representation for module `$paramod$6191c5fd7bcfaaff37808c3297a2620807ea9213\GTP_LUT6'.
Parameter \INIT = 64'1101011111110101001010000000101001011111110101111010000000101000
Found cached RTLIL representation for module `$paramod$6191c5fd7bcfaaff37808c3297a2620807ea9213\GTP_LUT6'.
Parameter \INIT = 32'11110111001100010111001100010000
Found cached RTLIL representation for module `$paramod\GTP_LUT5\INIT=32'11110111001100010111001100010000'.
Parameter \INIT = 32'11110111001100010111001100010000
Found cached RTLIL representation for module `$paramod\GTP_LUT5\INIT=32'11110111001100010111001100010000'.
Parameter \INIT = 32'11101111100011001100111000001000
Found cached RTLIL representation for module `$paramod\GTP_LUT5\INIT=32'11101111100011001100111000001000'.
Parameter \INIT = 838275187
Found cached RTLIL representation for module `$paramod\GTP_LUT5\INIT=32'00110001111101110001000001110011'.
Parameter \INIT = 64'0101111111010111101000000010100011010111111101010010100000001010
Found cached RTLIL representation for module `$paramod$faadfbce9aec5860350c941f014058f2c932bfb5\GTP_LUT6'.
Parameter \INIT = 32'11110111001100010111001100010000
Found cached RTLIL representation for module `$paramod\GTP_LUT5\INIT=32'11110111001100010111001100010000'.
Parameter \INIT = 64'1101011111110101001010000000101001011111110101111010000000101000
Found cached RTLIL representation for module `$paramod$6191c5fd7bcfaaff37808c3297a2620807ea9213\GTP_LUT6'.
Parameter \INIT = 64'1101011111110101001010000000101001011111110101111010000000101000
Found cached RTLIL representation for module `$paramod$6191c5fd7bcfaaff37808c3297a2620807ea9213\GTP_LUT6'.
Parameter \INIT = 32'10001100111011110000100011001110
Found cached RTLIL representation for module `$paramod\GTP_LUT5\INIT=32'10001100111011110000100011001110'.
Parameter \INIT = 64'0101111111010111101000000010100011010111111101010010100000001010
Found cached RTLIL representation for module `$paramod$faadfbce9aec5860350c941f014058f2c932bfb5\GTP_LUT6'.
Parameter \INIT = 64'1101011111110101001010000000101001011111110101111010000000101000
Found cached RTLIL representation for module `$paramod$6191c5fd7bcfaaff37808c3297a2620807ea9213\GTP_LUT6'.
Parameter \INIT = 32'11110111001100010111001100010000
Found cached RTLIL representation for module `$paramod\GTP_LUT5\INIT=32'11110111001100010111001100010000'.
Parameter \INIT = 64'0101111111010111101000000010100011010111111101010010100000001010
Found cached RTLIL representation for module `$paramod$faadfbce9aec5860350c941f014058f2c932bfb5\GTP_LUT6'.
Parameter \INIT = 64'0101111111010111101000000010100011010111111101010010100000001010
Found cached RTLIL representation for module `$paramod$faadfbce9aec5860350c941f014058f2c932bfb5\GTP_LUT6'.
Parameter \INIT = 64'1101011111110101001010000000101001011111110101111010000000101000
Found cached RTLIL representation for module `$paramod$6191c5fd7bcfaaff37808c3297a2620807ea9213\GTP_LUT6'.
Parameter \INIT = 64'1101011111110101001010000000101001011111110101111010000000101000
Found cached RTLIL representation for module `$paramod$6191c5fd7bcfaaff37808c3297a2620807ea9213\GTP_LUT6'.
Parameter \INIT = 32'11110111001100010111001100010000
Found cached RTLIL representation for module `$paramod\GTP_LUT5\INIT=32'11110111001100010111001100010000'.
Parameter \INIT = 32'10001100111011110000100011001110
Found cached RTLIL representation for module `$paramod\GTP_LUT5\INIT=32'10001100111011110000100011001110'.
Parameter \INIT = 32'11110111001100010111001100010000
Found cached RTLIL representation for module `$paramod\GTP_LUT5\INIT=32'11110111001100010111001100010000'.
Parameter \INIT = 64'0000100100011001000010010001100110001100110011000000100100011001
Found cached RTLIL representation for module `$paramod$b9efae4d8d49dd829edcc803e2dd24488eae7797\GTP_LUT6'.
Parameter \INIT = 32'10001100111011110000100011001110
Found cached RTLIL representation for module `$paramod\GTP_LUT5\INIT=32'10001100111011110000100011001110'.
Parameter \INIT = 32'11101111100011001100111000001000
Found cached RTLIL representation for module `$paramod\GTP_LUT5\INIT=32'11101111100011001100111000001000'.
Parameter \INIT = 32'10001100111011110000100011001110
Found cached RTLIL representation for module `$paramod\GTP_LUT5\INIT=32'10001100111011110000100011001110'.
Parameter \INIT = 32'11110111001100010111001100010000
Found cached RTLIL representation for module `$paramod\GTP_LUT5\INIT=32'11110111001100010111001100010000'.
Parameter \INIT = 32'10001100111011110000100011001110
Found cached RTLIL representation for module `$paramod\GTP_LUT5\INIT=32'10001100111011110000100011001110'.
Parameter \INIT = 32'10001100111011110000100011001110
Found cached RTLIL representation for module `$paramod\GTP_LUT5\INIT=32'10001100111011110000100011001110'.
Parameter \INIT = 64'1101011111110101001010000000101001011111110101111010000000101000
Found cached RTLIL representation for module `$paramod$6191c5fd7bcfaaff37808c3297a2620807ea9213\GTP_LUT6'.
Parameter \INIT = 64'0101111111010111101000000010100011010111111101010010100000001010
Found cached RTLIL representation for module `$paramod$faadfbce9aec5860350c941f014058f2c932bfb5\GTP_LUT6'.
Parameter \INIT = 16'0111110110000010
Found cached RTLIL representation for module `$paramod\GTP_LUT4\INIT=16'0111110110000010'.
Parameter \INIT = 32'11110111001100010111001100010000
Found cached RTLIL representation for module `$paramod\GTP_LUT5\INIT=32'11110111001100010111001100010000'.
Parameter \INIT = 16'0111100011010010
Found cached RTLIL representation for module `$paramod\GTP_LUT4\INIT=16'0111100011010010'.
Parameter \INIT = 16'0111100011010010
Found cached RTLIL representation for module `$paramod\GTP_LUT4\INIT=16'0111100011010010'.
Parameter \INIT = 64'1101011111110101001010000000101001011111110101111010000000101000
Found cached RTLIL representation for module `$paramod$6191c5fd7bcfaaff37808c3297a2620807ea9213\GTP_LUT6'.
Parameter \INIT = 16'1101001001111000
Found cached RTLIL representation for module `$paramod\GTP_LUT4\INIT=16'1101001001111000'.
Parameter \INIT = 16'0111100011010010
Found cached RTLIL representation for module `$paramod\GTP_LUT4\INIT=16'0111100011010010'.
Parameter \INIT = 16'1101001001111000
Found cached RTLIL representation for module `$paramod\GTP_LUT4\INIT=16'1101001001111000'.
Parameter \INIT = 16'1101001001111000
Found cached RTLIL representation for module `$paramod\GTP_LUT4\INIT=16'1101001001111000'.
Parameter \INIT = 16'0111100011010010
Found cached RTLIL representation for module `$paramod\GTP_LUT4\INIT=16'0111100011010010'.
Parameter \INIT = 16'1101001001111000
Found cached RTLIL representation for module `$paramod\GTP_LUT4\INIT=16'1101001001111000'.
Parameter \INIT = 32'11011101110111010100010001001101

3.46. Executing AST frontend in derive mode using pre-parsed AST for module `\GTP_LUT5'.
Parameter \INIT = 32'11011101110111010100010001001101
Generating RTLIL representation for module `$paramod\GTP_LUT5\INIT=32'11011101110111010100010001001101'.
Parameter \INIT = 16'1101001001111000
Found cached RTLIL representation for module `$paramod\GTP_LUT4\INIT=16'1101001001111000'.
Parameter \INIT = 16'1101001001111000
Found cached RTLIL representation for module `$paramod\GTP_LUT4\INIT=16'1101001001111000'.
Parameter \INIT = 16'0111100011010010
Found cached RTLIL representation for module `$paramod\GTP_LUT4\INIT=16'0111100011010010'.
Parameter \INIT = 16'1101001001111000
Found cached RTLIL representation for module `$paramod\GTP_LUT4\INIT=16'1101001001111000'.
Parameter \INIT = 1930491697

3.47. Executing AST frontend in derive mode using pre-parsed AST for module `\GTP_LUT5'.
Parameter \INIT = 1930491697
Generating RTLIL representation for module `$paramod\GTP_LUT5\INIT=32'01110011000100001111011100110001'.
Parameter \INIT = 16'1101001001111000
Found cached RTLIL representation for module `$paramod\GTP_LUT4\INIT=16'1101001001111000'.
Parameter \INIT = 16'0111100011010010
Found cached RTLIL representation for module `$paramod\GTP_LUT4\INIT=16'0111100011010010'.
Parameter \INIT = 16'0111100011010010
Found cached RTLIL representation for module `$paramod\GTP_LUT4\INIT=16'0111100011010010'.
Parameter \INIT = 16'1101001001111000
Found cached RTLIL representation for module `$paramod\GTP_LUT4\INIT=16'1101001001111000'.
Parameter \INIT = 16'1101001001111000
Found cached RTLIL representation for module `$paramod\GTP_LUT4\INIT=16'1101001001111000'.
Parameter \INIT = 16'1101001001111000
Found cached RTLIL representation for module `$paramod\GTP_LUT4\INIT=16'1101001001111000'.
Parameter \INIT = 16'0111100011010010
Found cached RTLIL representation for module `$paramod\GTP_LUT4\INIT=16'0111100011010010'.
Parameter \INIT = 16'0111100011010010
Found cached RTLIL representation for module `$paramod\GTP_LUT4\INIT=16'0111100011010010'.
Parameter \INIT = 16'0111100011010010
Found cached RTLIL representation for module `$paramod\GTP_LUT4\INIT=16'0111100011010010'.
Parameter \INIT = 16'1101001001111000
Found cached RTLIL representation for module `$paramod\GTP_LUT4\INIT=16'1101001001111000'.
Parameter \INIT = 16'0111100011010010
Found cached RTLIL representation for module `$paramod\GTP_LUT4\INIT=16'0111100011010010'.
Parameter \INIT = 16'0111100011010010
Found cached RTLIL representation for module `$paramod\GTP_LUT4\INIT=16'0111100011010010'.
Parameter \INIT = 16'1101001001111000
Found cached RTLIL representation for module `$paramod\GTP_LUT4\INIT=16'1101001001111000'.
Parameter \INIT = 16'1101001001111000
Found cached RTLIL representation for module `$paramod\GTP_LUT4\INIT=16'1101001001111000'.
Parameter \INIT = 64'0101111111010111101000000010100011010111111101010010100000001010
Found cached RTLIL representation for module `$paramod$faadfbce9aec5860350c941f014058f2c932bfb5\GTP_LUT6'.
Parameter \INIT = 1765579212
Found cached RTLIL representation for module `$paramod\GTP_LUT5\INIT=32'01101001001111001001100111001100'.
Parameter \INIT = 16'1101001001111000
Found cached RTLIL representation for module `$paramod\GTP_LUT4\INIT=16'1101001001111000'.
Parameter \INIT = 16'0111100011010010
Found cached RTLIL representation for module `$paramod\GTP_LUT4\INIT=16'0111100011010010'.
Parameter \INIT = 16'0111100011010010
Found cached RTLIL representation for module `$paramod\GTP_LUT4\INIT=16'0111100011010010'.
Parameter \INIT = 16'0111100011010010
Found cached RTLIL representation for module `$paramod\GTP_LUT4\INIT=16'0111100011010010'.
Parameter \INIT = 16'0111100011010010
Found cached RTLIL representation for module `$paramod\GTP_LUT4\INIT=16'0111100011010010'.
Parameter \INIT = 16'1101001001111000
Found cached RTLIL representation for module `$paramod\GTP_LUT4\INIT=16'1101001001111000'.
Parameter \INIT = 16'0111100011010010
Found cached RTLIL representation for module `$paramod\GTP_LUT4\INIT=16'0111100011010010'.
Parameter \INIT = 16'1101001001111000
Found cached RTLIL representation for module `$paramod\GTP_LUT4\INIT=16'1101001001111000'.
Parameter \INIT = 64'1111010101100001101000000010000011110111011000111110001101100011
Found cached RTLIL representation for module `$paramod$86f9906103e8fc19235c85b7ceabae06eb43c373\GTP_LUT6'.
Parameter \INIT = 1765579212
Found cached RTLIL representation for module `$paramod\GTP_LUT5\INIT=32'01101001001111001001100111001100'.
Parameter \INIT = 218640255
Found cached RTLIL representation for module `$paramod\GTP_LUT5\INIT=32'00001101000010000010111101111111'.
Parameter \INIT = 12159
Found cached RTLIL representation for module `$paramod\GTP_LUT5\INIT=32'00000000000000000010111101111111'.
Parameter \INIT = 64'0000101010011110010111111101111100001000100111000001110010011100
Found cached RTLIL representation for module `$paramod$a5be1c4808c883f563053539778990037d2d5481\GTP_LUT6'.
Parameter \INIT = 16'0111100011010010
Found cached RTLIL representation for module `$paramod\GTP_LUT4\INIT=16'0111100011010010'.
Parameter \INIT = 1765579212
Found cached RTLIL representation for module `$paramod\GTP_LUT5\INIT=32'01101001001111001001100111001100'.
Parameter \INIT = 218640255
Found cached RTLIL representation for module `$paramod\GTP_LUT5\INIT=32'00001101000010000010111101111111'.
Parameter \INIT = 218640255
Found cached RTLIL representation for module `$paramod\GTP_LUT5\INIT=32'00001101000010000010111101111111'.
Parameter \INIT = 16'1101001001111000
Found cached RTLIL representation for module `$paramod\GTP_LUT4\INIT=16'1101001001111000'.
Parameter \INIT = 8'00010101
Found cached RTLIL representation for module `$paramod\GTP_LUT3\INIT=8'00010101'.
Parameter \INIT = 16'0111100011010010
Found cached RTLIL representation for module `$paramod\GTP_LUT4\INIT=16'0111100011010010'.
Parameter \INIT = 16'0101011010011010
Found cached RTLIL representation for module `$paramod\GTP_LUT4\INIT=16'0101011010011010'.
Parameter \INIT = 16'0101011010011010
Found cached RTLIL representation for module `$paramod\GTP_LUT4\INIT=16'0101011010011010'.
Parameter \INIT = 64'0000000000001000110011001100111010001000100011001110111011101111
Found cached RTLIL representation for module `$paramod$d2afb1cb2b4c539086d411af8b70bde4b1f6214f\GTP_LUT6'.
Parameter \INIT = 64'1101011111110101001010000000101001011111110101111010000000101000
Found cached RTLIL representation for module `$paramod$6191c5fd7bcfaaff37808c3297a2620807ea9213\GTP_LUT6'.
Parameter \INIT = 838275187
Found cached RTLIL representation for module `$paramod\GTP_LUT5\INIT=32'00110001111101110001000001110011'.
Parameter \INIT = 64'0101111111010111101000000010100011010111111101010010100000001010
Found cached RTLIL representation for module `$paramod$faadfbce9aec5860350c941f014058f2c932bfb5\GTP_LUT6'.
Parameter \INIT = 64'1101011111110101001010000000101001011111110101111010000000101000
Found cached RTLIL representation for module `$paramod$6191c5fd7bcfaaff37808c3297a2620807ea9213\GTP_LUT6'.
Parameter \INIT = 838275187
Found cached RTLIL representation for module `$paramod\GTP_LUT5\INIT=32'00110001111101110001000001110011'.
Parameter \INIT = 838275187
Found cached RTLIL representation for module `$paramod\GTP_LUT5\INIT=32'00110001111101110001000001110011'.
Parameter \INIT = 64'0101111111010111101000000010100011010111111101010010100000001010
Found cached RTLIL representation for module `$paramod$faadfbce9aec5860350c941f014058f2c932bfb5\GTP_LUT6'.
Parameter \INIT = 64'0101111111010111101000000010100011010111111101010010100000001010
Found cached RTLIL representation for module `$paramod$faadfbce9aec5860350c941f014058f2c932bfb5\GTP_LUT6'.
Parameter \INIT = 64'1101011111110101001010000000101001011111110101111010000000101000
Found cached RTLIL representation for module `$paramod$6191c5fd7bcfaaff37808c3297a2620807ea9213\GTP_LUT6'.
Parameter \INIT = 64'1101011111110101001010000000101001011111110101111010000000101000
Found cached RTLIL representation for module `$paramod$6191c5fd7bcfaaff37808c3297a2620807ea9213\GTP_LUT6'.
Parameter \INIT = 64'0101111111010111101000000010100011010111111101010010100000001010
Found cached RTLIL representation for module `$paramod$faadfbce9aec5860350c941f014058f2c932bfb5\GTP_LUT6'.
Parameter \INIT = 32'10001100111011110000100011001110
Found cached RTLIL representation for module `$paramod\GTP_LUT5\INIT=32'10001100111011110000100011001110'.
Parameter \INIT = 64'1101011111110101001010000000101001011111110101111010000000101000
Found cached RTLIL representation for module `$paramod$6191c5fd7bcfaaff37808c3297a2620807ea9213\GTP_LUT6'.
Parameter \INIT = 64'0101111111010111101000000010100011010111111101010010100000001010
Found cached RTLIL representation for module `$paramod$faadfbce9aec5860350c941f014058f2c932bfb5\GTP_LUT6'.
Parameter \INIT = 64'1101011111110101001010000000101001011111110101111010000000101000
Found cached RTLIL representation for module `$paramod$6191c5fd7bcfaaff37808c3297a2620807ea9213\GTP_LUT6'.
Parameter \INIT = 64'0101111111010111101000000010100011010111111101010010100000001010
Found cached RTLIL representation for module `$paramod$faadfbce9aec5860350c941f014058f2c932bfb5\GTP_LUT6'.
Parameter \INIT = 64'0101111111010111101000000010100011010111111101010010100000001010
Found cached RTLIL representation for module `$paramod$faadfbce9aec5860350c941f014058f2c932bfb5\GTP_LUT6'.
Parameter \INIT = 32'10001100111011110000100011001110
Found cached RTLIL representation for module `$paramod\GTP_LUT5\INIT=32'10001100111011110000100011001110'.
Parameter \INIT = 838275187
Found cached RTLIL representation for module `$paramod\GTP_LUT5\INIT=32'00110001111101110001000001110011'.
Parameter \INIT = 838275187
Found cached RTLIL representation for module `$paramod\GTP_LUT5\INIT=32'00110001111101110001000001110011'.
Parameter \INIT = 32'11110111001100010111001100010000
Found cached RTLIL representation for module `$paramod\GTP_LUT5\INIT=32'11110111001100010111001100010000'.
Parameter \INIT = 64'1101011111110101001010000000101001011111110101111010000000101000
Found cached RTLIL representation for module `$paramod$6191c5fd7bcfaaff37808c3297a2620807ea9213\GTP_LUT6'.
Parameter \INIT = 32'11110111001100010111001100010000
Found cached RTLIL representation for module `$paramod\GTP_LUT5\INIT=32'11110111001100010111001100010000'.
Parameter \INIT = 64'0101111111010111101000000010100011010111111101010010100000001010
Found cached RTLIL representation for module `$paramod$faadfbce9aec5860350c941f014058f2c932bfb5\GTP_LUT6'.
Parameter \INIT = 32'10001100111011110000100011001110
Found cached RTLIL representation for module `$paramod\GTP_LUT5\INIT=32'10001100111011110000100011001110'.
Parameter \INIT = 64'0101111111010111101000000010100011010111111101010010100000001010
Found cached RTLIL representation for module `$paramod$faadfbce9aec5860350c941f014058f2c932bfb5\GTP_LUT6'.
Parameter \INIT = 838275187
Found cached RTLIL representation for module `$paramod\GTP_LUT5\INIT=32'00110001111101110001000001110011'.
Parameter \INIT = 64'1101011111110101001010000000101001011111110101111010000000101000
Found cached RTLIL representation for module `$paramod$6191c5fd7bcfaaff37808c3297a2620807ea9213\GTP_LUT6'.
Parameter \INIT = 32'11101111100011001100111000001000
Found cached RTLIL representation for module `$paramod\GTP_LUT5\INIT=32'11101111100011001100111000001000'.
Parameter \INIT = 64'0101111111010111101000000010100011010111111101010010100000001010
Found cached RTLIL representation for module `$paramod$faadfbce9aec5860350c941f014058f2c932bfb5\GTP_LUT6'.
Parameter \INIT = 32'10001100111011110000100011001110
Found cached RTLIL representation for module `$paramod\GTP_LUT5\INIT=32'10001100111011110000100011001110'.
Parameter \INIT = 32'11110111001100010111001100010000
Found cached RTLIL representation for module `$paramod\GTP_LUT5\INIT=32'11110111001100010111001100010000'.
Parameter \INIT = 32'10001100111011110000100011001110
Found cached RTLIL representation for module `$paramod\GTP_LUT5\INIT=32'10001100111011110000100011001110'.
Parameter \INIT = 64'1101011111110101001010000000101001011111110101111010000000101000
Found cached RTLIL representation for module `$paramod$6191c5fd7bcfaaff37808c3297a2620807ea9213\GTP_LUT6'.
Parameter \INIT = 32'11101111100011001100111000001000
Found cached RTLIL representation for module `$paramod\GTP_LUT5\INIT=32'11101111100011001100111000001000'.
Parameter \INIT = 32'11110111001100010111001100010000
Found cached RTLIL representation for module `$paramod\GTP_LUT5\INIT=32'11110111001100010111001100010000'.
Parameter \INIT = 32'11110111001100010111001100010000
Found cached RTLIL representation for module `$paramod\GTP_LUT5\INIT=32'11110111001100010111001100010000'.
Parameter \INIT = 32'10001100111011110000100011001110
Found cached RTLIL representation for module `$paramod\GTP_LUT5\INIT=32'10001100111011110000100011001110'.
Parameter \INIT = 64'0101111111010111101000000010100011010111111101010010100000001010
Found cached RTLIL representation for module `$paramod$faadfbce9aec5860350c941f014058f2c932bfb5\GTP_LUT6'.
Parameter \INIT = 64'0101111111010111101000000010100011010111111101010010100000001010
Found cached RTLIL representation for module `$paramod$faadfbce9aec5860350c941f014058f2c932bfb5\GTP_LUT6'.
Parameter \INIT = 64'1101011111110101001010000000101001011111110101111010000000101000
Found cached RTLIL representation for module `$paramod$6191c5fd7bcfaaff37808c3297a2620807ea9213\GTP_LUT6'.
Parameter \INIT = 64'1101011111110101001010000000101001011111110101111010000000101000
Found cached RTLIL representation for module `$paramod$6191c5fd7bcfaaff37808c3297a2620807ea9213\GTP_LUT6'.
Parameter \INIT = 64'0101111111010111101000000010100011010111111101010010100000001010
Found cached RTLIL representation for module `$paramod$faadfbce9aec5860350c941f014058f2c932bfb5\GTP_LUT6'.
Parameter \INIT = 32'11101111100011001100111000001000
Found cached RTLIL representation for module `$paramod\GTP_LUT5\INIT=32'11101111100011001100111000001000'.
Parameter \INIT = 64'1101011111110101001010000000101001011111110101111010000000101000
Found cached RTLIL representation for module `$paramod$6191c5fd7bcfaaff37808c3297a2620807ea9213\GTP_LUT6'.
Parameter \INIT = 64'0101111111010111101000000010100011010111111101010010100000001010
Found cached RTLIL representation for module `$paramod$faadfbce9aec5860350c941f014058f2c932bfb5\GTP_LUT6'.
Parameter \INIT = 64'0101111111010111101000000010100011010111111101010010100000001010
Found cached RTLIL representation for module `$paramod$faadfbce9aec5860350c941f014058f2c932bfb5\GTP_LUT6'.
Parameter \INIT = 64'0101111111010111101000000010100011010111111101010010100000001010
Found cached RTLIL representation for module `$paramod$faadfbce9aec5860350c941f014058f2c932bfb5\GTP_LUT6'.
Parameter \INIT = 32'10001100111011110000100011001110
Found cached RTLIL representation for module `$paramod\GTP_LUT5\INIT=32'10001100111011110000100011001110'.
Parameter \INIT = 32'11110111001100010111001100010000
Found cached RTLIL representation for module `$paramod\GTP_LUT5\INIT=32'11110111001100010111001100010000'.
Parameter \INIT = 32'11110111001100010111001100010000
Found cached RTLIL representation for module `$paramod\GTP_LUT5\INIT=32'11110111001100010111001100010000'.
Parameter \INIT = 32'11101111100011001100111000001000
Found cached RTLIL representation for module `$paramod\GTP_LUT5\INIT=32'11101111100011001100111000001000'.
Parameter \INIT = 64'1101011111110101001010000000101001011111110101111010000000101000
Found cached RTLIL representation for module `$paramod$6191c5fd7bcfaaff37808c3297a2620807ea9213\GTP_LUT6'.
Parameter \INIT = 32'11110111001100010111001100010000
Found cached RTLIL representation for module `$paramod\GTP_LUT5\INIT=32'11110111001100010111001100010000'.
Parameter \INIT = 32'10001100111011110000100011001110
Found cached RTLIL representation for module `$paramod\GTP_LUT5\INIT=32'10001100111011110000100011001110'.
Parameter \INIT = 64'1101011111110101001010000000101001011111110101111010000000101000
Found cached RTLIL representation for module `$paramod$6191c5fd7bcfaaff37808c3297a2620807ea9213\GTP_LUT6'.
Parameter \INIT = 838275187
Found cached RTLIL representation for module `$paramod\GTP_LUT5\INIT=32'00110001111101110001000001110011'.
Parameter \INIT = 32'10001100111011110000100011001110
Found cached RTLIL representation for module `$paramod\GTP_LUT5\INIT=32'10001100111011110000100011001110'.
Parameter \INIT = 64'0101111111010111101000000010100011010111111101010010100000001010
Found cached RTLIL representation for module `$paramod$faadfbce9aec5860350c941f014058f2c932bfb5\GTP_LUT6'.
Parameter \INIT = 64'0101111111010111101000000010100011010111111101010010100000001010
Found cached RTLIL representation for module `$paramod$faadfbce9aec5860350c941f014058f2c932bfb5\GTP_LUT6'.
Parameter \INIT = 32'11110111001100010111001100010000
Found cached RTLIL representation for module `$paramod\GTP_LUT5\INIT=32'11110111001100010111001100010000'.
Parameter \INIT = 64'1101011111110101001010000000101001011111110101111010000000101000
Found cached RTLIL representation for module `$paramod$6191c5fd7bcfaaff37808c3297a2620807ea9213\GTP_LUT6'.
Parameter \INIT = 32'11110111001100010111001100010000
Found cached RTLIL representation for module `$paramod\GTP_LUT5\INIT=32'11110111001100010111001100010000'.
Parameter \INIT = 32'10001100111011110000100011001110
Found cached RTLIL representation for module `$paramod\GTP_LUT5\INIT=32'10001100111011110000100011001110'.
Parameter \INIT = 64'0110001110011100011000111001110010011100100111000110001110011100
Found cached RTLIL representation for module `$paramod$1ac6f3b5fae68c1e1b28c69d7ac2d00160e77fde\GTP_LUT6'.
Parameter \INIT = 32'10001100111011110000100011001110
Found cached RTLIL representation for module `$paramod\GTP_LUT5\INIT=32'10001100111011110000100011001110'.
Parameter \INIT = 32'10001100111011110000100011001110
Found cached RTLIL representation for module `$paramod\GTP_LUT5\INIT=32'10001100111011110000100011001110'.
Parameter \INIT = 32'11110111001100010111001100010000
Found cached RTLIL representation for module `$paramod\GTP_LUT5\INIT=32'11110111001100010111001100010000'.
Parameter \INIT = 64'1101011111110101001010000000101001011111110101111010000000101000
Found cached RTLIL representation for module `$paramod$6191c5fd7bcfaaff37808c3297a2620807ea9213\GTP_LUT6'.
Parameter \INIT = 32'10001100111011110000100011001110
Found cached RTLIL representation for module `$paramod\GTP_LUT5\INIT=32'10001100111011110000100011001110'.
Parameter \INIT = 64'0101111111010111101000000010100011010111111101010010100000001010
Found cached RTLIL representation for module `$paramod$faadfbce9aec5860350c941f014058f2c932bfb5\GTP_LUT6'.
Parameter \INIT = 32'11110111001100010111001100010000
Found cached RTLIL representation for module `$paramod\GTP_LUT5\INIT=32'11110111001100010111001100010000'.
Parameter \INIT = 64'1000000011000000111000001111000000000000100000001100000011100000

3.48. Executing AST frontend in derive mode using pre-parsed AST for module `\GTP_LUT6'.
Parameter \INIT = 64'1000000011000000111000001111000000000000100000001100000011100000
Generating RTLIL representation for module `$paramod$fae92b70435d2452042dc5d151313cfa0638e19d\GTP_LUT6'.
Parameter \INIT = 64'0000011100000011000000010000000000001111000001110000001100000001

3.49. Executing AST frontend in derive mode using pre-parsed AST for module `\GTP_LUT6'.
Parameter \INIT = 64'0000011100000011000000010000000000001111000001110000001100000001
Generating RTLIL representation for module `$paramod$80f99d234a25a6e0536450028dd8da76ef60284a\GTP_LUT6'.
Parameter \INIT = 32'10001100111011110000100011001110
Found cached RTLIL representation for module `$paramod\GTP_LUT5\INIT=32'10001100111011110000100011001110'.
Parameter \INIT = 1515873882
Found cached RTLIL representation for module `$paramod\GTP_LUT5\INIT=32'01011010010110100110011001011010'.
Parameter \INIT = 64'1101011111110101001010000000101001011111110101111010000000101000
Found cached RTLIL representation for module `$paramod$6191c5fd7bcfaaff37808c3297a2620807ea9213\GTP_LUT6'.
Parameter \INIT = 64'0101111111010111101000000010100011010111111101010010100000001010
Found cached RTLIL representation for module `$paramod$faadfbce9aec5860350c941f014058f2c932bfb5\GTP_LUT6'.
Parameter \INIT = 16'1101001001111000
Found cached RTLIL representation for module `$paramod\GTP_LUT4\INIT=16'1101001001111000'.
Parameter \INIT = 16'0111100011010010
Found cached RTLIL representation for module `$paramod\GTP_LUT4\INIT=16'0111100011010010'.
Parameter \INIT = 64'1101011111110101001010000000101001011111110101111010000000101000
Found cached RTLIL representation for module `$paramod$6191c5fd7bcfaaff37808c3297a2620807ea9213\GTP_LUT6'.
Parameter \INIT = 16'1101001001111000
Found cached RTLIL representation for module `$paramod\GTP_LUT4\INIT=16'1101001001111000'.
Parameter \INIT = 16'1101001001111000
Found cached RTLIL representation for module `$paramod\GTP_LUT4\INIT=16'1101001001111000'.
Parameter \INIT = 16'0111100011010010
Found cached RTLIL representation for module `$paramod\GTP_LUT4\INIT=16'0111100011010010'.
Parameter \INIT = 16'0111100011010010
Found cached RTLIL representation for module `$paramod\GTP_LUT4\INIT=16'0111100011010010'.
Parameter \INIT = 16'1101001001111000
Found cached RTLIL representation for module `$paramod\GTP_LUT4\INIT=16'1101001001111000'.
Parameter \INIT = 16'0111100011010010
Found cached RTLIL representation for module `$paramod\GTP_LUT4\INIT=16'0111100011010010'.
Parameter \INIT = 16'0111100011010010
Found cached RTLIL representation for module `$paramod\GTP_LUT4\INIT=16'0111100011010010'.
Parameter \INIT = 16'1101001001111000
Found cached RTLIL representation for module `$paramod\GTP_LUT4\INIT=16'1101001001111000'.
Parameter \INIT = 16'0111100011010010
Found cached RTLIL representation for module `$paramod\GTP_LUT4\INIT=16'0111100011010010'.
Parameter \INIT = 64'0101111111010111101000000010100011010111111101010010100000001010
Found cached RTLIL representation for module `$paramod$faadfbce9aec5860350c941f014058f2c932bfb5\GTP_LUT6'.
Parameter \INIT = 16'1101001001111000
Found cached RTLIL representation for module `$paramod\GTP_LUT4\INIT=16'1101001001111000'.
Parameter \INIT = 16'0111100011010010
Found cached RTLIL representation for module `$paramod\GTP_LUT4\INIT=16'0111100011010010'.
Parameter \INIT = 16'1101001001111000
Found cached RTLIL representation for module `$paramod\GTP_LUT4\INIT=16'1101001001111000'.
Parameter \INIT = 16'1101001001111000
Found cached RTLIL representation for module `$paramod\GTP_LUT4\INIT=16'1101001001111000'.
Parameter \INIT = 16'0111100011010010
Found cached RTLIL representation for module `$paramod\GTP_LUT4\INIT=16'0111100011010010'.
Parameter \INIT = 16'0111100011010010
Found cached RTLIL representation for module `$paramod\GTP_LUT4\INIT=16'0111100011010010'.
Parameter \INIT = 16'0111100011010010
Found cached RTLIL representation for module `$paramod\GTP_LUT4\INIT=16'0111100011010010'.
Parameter \INIT = 16'0111100011010010
Found cached RTLIL representation for module `$paramod\GTP_LUT4\INIT=16'0111100011010010'.
Parameter \INIT = 16'1101001001111000
Found cached RTLIL representation for module `$paramod\GTP_LUT4\INIT=16'1101001001111000'.
Parameter \INIT = 16'1101001001111000
Found cached RTLIL representation for module `$paramod\GTP_LUT4\INIT=16'1101001001111000'.
Parameter \INIT = 16'1101001001111000
Found cached RTLIL representation for module `$paramod\GTP_LUT4\INIT=16'1101001001111000'.
Parameter \INIT = 32'11110111001100010111001100010000
Found cached RTLIL representation for module `$paramod\GTP_LUT5\INIT=32'11110111001100010111001100010000'.
Parameter \INIT = 16'0111100011010010
Found cached RTLIL representation for module `$paramod\GTP_LUT4\INIT=16'0111100011010010'.
Parameter \INIT = 16'1101001001111000
Found cached RTLIL representation for module `$paramod\GTP_LUT4\INIT=16'1101001001111000'.
Parameter \INIT = 16'0111100011010010
Found cached RTLIL representation for module `$paramod\GTP_LUT4\INIT=16'0111100011010010'.
Parameter \INIT = 12159
Found cached RTLIL representation for module `$paramod\GTP_LUT5\INIT=32'00000000000000000010111101111111'.
Parameter \INIT = 16'0111100011010010
Found cached RTLIL representation for module `$paramod\GTP_LUT4\INIT=16'0111100011010010'.
Parameter \INIT = 64'0101111111010111101000000010100011010111111101010010100000001010
Found cached RTLIL representation for module `$paramod$faadfbce9aec5860350c941f014058f2c932bfb5\GTP_LUT6'.
Parameter \INIT = 16'1101001001111000
Found cached RTLIL representation for module `$paramod\GTP_LUT4\INIT=16'1101001001111000'.
Parameter \INIT = 16'1101001001111000
Found cached RTLIL representation for module `$paramod\GTP_LUT4\INIT=16'1101001001111000'.
Parameter \INIT = 16'1101001001111000
Found cached RTLIL representation for module `$paramod\GTP_LUT4\INIT=16'1101001001111000'.
Parameter \INIT = 16'0111100011010010
Found cached RTLIL representation for module `$paramod\GTP_LUT4\INIT=16'0111100011010010'.
Parameter \INIT = 64'0110001110011100011000111001110010011100100111000110001110011100
Found cached RTLIL representation for module `$paramod$1ac6f3b5fae68c1e1b28c69d7ac2d00160e77fde\GTP_LUT6'.
Parameter \INIT = 16'1101001001111000
Found cached RTLIL representation for module `$paramod\GTP_LUT4\INIT=16'1101001001111000'.
Parameter \INIT = 16'1101001001111000
Found cached RTLIL representation for module `$paramod\GTP_LUT4\INIT=16'1101001001111000'.
Parameter \INIT = 64'0110011000010011011001100110011000100110000000110010011000100110
Found cached RTLIL representation for module `$paramod$ad9e2d3baac0fe87ed679e45e0968028e501f12b\GTP_LUT6'.
Parameter \INIT = 16'0111100011010010
Found cached RTLIL representation for module `$paramod\GTP_LUT4\INIT=16'0111100011010010'.
Parameter \INIT = 64'1001110001100011011000110110001110011100011000111001110001100011
Found cached RTLIL representation for module `$paramod$2ce09dc0b8049bec1f386e6a4f9cd2edb0c3b2ed\GTP_LUT6'.
Parameter \INIT = 16'0111100011010010
Found cached RTLIL representation for module `$paramod\GTP_LUT4\INIT=16'0111100011010010'.
Parameter \INIT = 64'0000100100011001000010010001100110001100110011000000100100011001
Found cached RTLIL representation for module `$paramod$b9efae4d8d49dd829edcc803e2dd24488eae7797\GTP_LUT6'.
Parameter \INIT = 16'0111100011010010
Found cached RTLIL representation for module `$paramod\GTP_LUT4\INIT=16'0111100011010010'.
Parameter \INIT = 64'0101111111010111101000000010100011010111111101010010100000001010
Found cached RTLIL representation for module `$paramod$faadfbce9aec5860350c941f014058f2c932bfb5\GTP_LUT6'.
Parameter \INIT = 32'11110111001100010111001100010000
Found cached RTLIL representation for module `$paramod\GTP_LUT5\INIT=32'11110111001100010111001100010000'.
Parameter \INIT = 1515873882
Found cached RTLIL representation for module `$paramod\GTP_LUT5\INIT=32'01011010010110100110011001011010'.
Parameter \INIT = 16'1101001001111000
Found cached RTLIL representation for module `$paramod\GTP_LUT4\INIT=16'1101001001111000'.
Parameter \INIT = 16'0111110110000010
Found cached RTLIL representation for module `$paramod\GTP_LUT4\INIT=16'0111110110000010'.
Parameter \INIT = 32'11110111001100010111001100010000
Found cached RTLIL representation for module `$paramod\GTP_LUT5\INIT=32'11110111001100010111001100010000'.
Parameter \INIT = 16'0111100011010010
Found cached RTLIL representation for module `$paramod\GTP_LUT4\INIT=16'0111100011010010'.
Parameter \INIT = 32'11000100110011001000000010001000
Found cached RTLIL representation for module `$paramod\GTP_LUT5\INIT=32'11000100110011001000000010001000'.
Parameter \INIT = 16'0111100011010010
Found cached RTLIL representation for module `$paramod\GTP_LUT4\INIT=16'0111100011010010'.
Parameter \INIT = 57231
Found cached RTLIL representation for module `$paramod\GTP_LUT5\INIT=32'00000000000000001101111110001111'.
Parameter \INIT = 251527168

3.50. Executing AST frontend in derive mode using pre-parsed AST for module `\GTP_LUT5'.
Parameter \INIT = 251527168
Generating RTLIL representation for module `$paramod\GTP_LUT5\INIT=32'00001110111111100000000000000000'.
Parameter \INIT = 64'0000101010011110010111111101111100001000100111000001110010011100
Found cached RTLIL representation for module `$paramod$a5be1c4808c883f563053539778990037d2d5481\GTP_LUT6'.
Parameter \INIT = 1765579212
Found cached RTLIL representation for module `$paramod\GTP_LUT5\INIT=32'01101001001111001001100111001100'.
Parameter \INIT = 16'0111100011010010
Found cached RTLIL representation for module `$paramod\GTP_LUT4\INIT=16'0111100011010010'.
Parameter \INIT = 64'0000000000001110111111100000000011110000000011111111111100000000

3.51. Executing AST frontend in derive mode using pre-parsed AST for module `\GTP_LUT6'.
Parameter \INIT = 64'0000000000001110111111100000000011110000000011111111111100000000
Generating RTLIL representation for module `$paramod$f18fe4a36863e2e493b6f67998a69eae5007968c\GTP_LUT6'.
Parameter \INIT = 16'1101001001111000
Found cached RTLIL representation for module `$paramod\GTP_LUT4\INIT=16'1101001001111000'.
Parameter \INIT = 8'00010101
Found cached RTLIL representation for module `$paramod\GTP_LUT3\INIT=8'00010101'.
Parameter \INIT = 16'0101011010011010
Found cached RTLIL representation for module `$paramod\GTP_LUT4\INIT=16'0101011010011010'.
Parameter \INIT = 32'11101110111011101000100010001110

3.52. Executing AST frontend in derive mode using pre-parsed AST for module `\GTP_LUT5'.
Parameter \INIT = 32'11101110111011101000100010001110
Generating RTLIL representation for module `$paramod\GTP_LUT5\INIT=32'11101110111011101000100010001110'.
Parameter \INIT = 64'1101011101011111001010001010000011110101110101110000101000101000
Found cached RTLIL representation for module `$paramod$ac322abe1352d00788da342d809764297918a223\GTP_LUT6'.
Parameter \INIT = 64'0101111111010111101000000010100011010111111101010010100000001010
Found cached RTLIL representation for module `$paramod$faadfbce9aec5860350c941f014058f2c932bfb5\GTP_LUT6'.
Parameter \INIT = 32'11101111100011001100111000001000
Found cached RTLIL representation for module `$paramod\GTP_LUT5\INIT=32'11101111100011001100111000001000'.
Parameter \INIT = 64'1101011101011111001010001010000011110101110101110000101000101000
Found cached RTLIL representation for module `$paramod$ac322abe1352d00788da342d809764297918a223\GTP_LUT6'.
Parameter \INIT = 64'0101111111010111101000000010100011010111111101010010100000001010
Found cached RTLIL representation for module `$paramod$faadfbce9aec5860350c941f014058f2c932bfb5\GTP_LUT6'.
Parameter \INIT = 32'11110111001100010111001100010000
Found cached RTLIL representation for module `$paramod\GTP_LUT5\INIT=32'11110111001100010111001100010000'.
Parameter \INIT = 64'1101011111110101001010000000101001011111110101111010000000101000
Found cached RTLIL representation for module `$paramod$6191c5fd7bcfaaff37808c3297a2620807ea9213\GTP_LUT6'.
Parameter \INIT = 64'0101111111010111101000000010100011010111111101010010100000001010
Found cached RTLIL representation for module `$paramod$faadfbce9aec5860350c941f014058f2c932bfb5\GTP_LUT6'.
Parameter \INIT = 32'11101111100011001100111000001000
Found cached RTLIL representation for module `$paramod\GTP_LUT5\INIT=32'11101111100011001100111000001000'.
Parameter \INIT = 64'1101011111110101001010000000101001011111110101111010000000101000
Found cached RTLIL representation for module `$paramod$6191c5fd7bcfaaff37808c3297a2620807ea9213\GTP_LUT6'.
Parameter \INIT = 64'1101011111110101001010000000101001011111110101111010000000101000
Found cached RTLIL representation for module `$paramod$6191c5fd7bcfaaff37808c3297a2620807ea9213\GTP_LUT6'.
Parameter \INIT = 64'0101111111010111101000000010100011010111111101010010100000001010
Found cached RTLIL representation for module `$paramod$faadfbce9aec5860350c941f014058f2c932bfb5\GTP_LUT6'.
Parameter \INIT = 64'1101011111110101001010000000101001011111110101111010000000101000
Found cached RTLIL representation for module `$paramod$6191c5fd7bcfaaff37808c3297a2620807ea9213\GTP_LUT6'.
Parameter \INIT = 64'0101111111010111101000000010100011010111111101010010100000001010
Found cached RTLIL representation for module `$paramod$faadfbce9aec5860350c941f014058f2c932bfb5\GTP_LUT6'.
Parameter \INIT = 64'1101011111110101001010000000101001011111110101111010000000101000
Found cached RTLIL representation for module `$paramod$6191c5fd7bcfaaff37808c3297a2620807ea9213\GTP_LUT6'.
Parameter \INIT = 64'0101111111010111101000000010100011010111111101010010100000001010
Found cached RTLIL representation for module `$paramod$faadfbce9aec5860350c941f014058f2c932bfb5\GTP_LUT6'.
Parameter \INIT = 32'11110111001100010111001100010000
Found cached RTLIL representation for module `$paramod\GTP_LUT5\INIT=32'11110111001100010111001100010000'.
Parameter \INIT = 32'10001100111011110000100011001110
Found cached RTLIL representation for module `$paramod\GTP_LUT5\INIT=32'10001100111011110000100011001110'.
Parameter \INIT = 32'11110111001100010111001100010000
Found cached RTLIL representation for module `$paramod\GTP_LUT5\INIT=32'11110111001100010111001100010000'.
Parameter \INIT = 64'1101011111110101001010000000101001011111110101111010000000101000
Found cached RTLIL representation for module `$paramod$6191c5fd7bcfaaff37808c3297a2620807ea9213\GTP_LUT6'.
Parameter \INIT = 32'11110111001100010111001100010000
Found cached RTLIL representation for module `$paramod\GTP_LUT5\INIT=32'11110111001100010111001100010000'.
Parameter \INIT = 64'1101011111110101001010000000101001011111110101111010000000101000
Found cached RTLIL representation for module `$paramod$6191c5fd7bcfaaff37808c3297a2620807ea9213\GTP_LUT6'.
Parameter \INIT = 64'1101011111110101001010000000101001011111110101111010000000101000
Found cached RTLIL representation for module `$paramod$6191c5fd7bcfaaff37808c3297a2620807ea9213\GTP_LUT6'.
Parameter \INIT = 32'11110111001100010111001100010000
Found cached RTLIL representation for module `$paramod\GTP_LUT5\INIT=32'11110111001100010111001100010000'.
Parameter \INIT = 32'11101111100011001100111000001000
Found cached RTLIL representation for module `$paramod\GTP_LUT5\INIT=32'11101111100011001100111000001000'.
Parameter \INIT = 64'1101011111110101001010000000101001011111110101111010000000101000
Found cached RTLIL representation for module `$paramod$6191c5fd7bcfaaff37808c3297a2620807ea9213\GTP_LUT6'.
Parameter \INIT = 64'0101111111010111101000000010100011010111111101010010100000001010
Found cached RTLIL representation for module `$paramod$faadfbce9aec5860350c941f014058f2c932bfb5\GTP_LUT6'.
Parameter \INIT = 32'11101111100011001100111000001000
Found cached RTLIL representation for module `$paramod\GTP_LUT5\INIT=32'11101111100011001100111000001000'.
Parameter \INIT = 64'0101111111010111101000000010100011010111111101010010100000001010
Found cached RTLIL representation for module `$paramod$faadfbce9aec5860350c941f014058f2c932bfb5\GTP_LUT6'.
Parameter \INIT = 32'11101111100011001100111000001000
Found cached RTLIL representation for module `$paramod\GTP_LUT5\INIT=32'11101111100011001100111000001000'.
Parameter \INIT = 838275187
Found cached RTLIL representation for module `$paramod\GTP_LUT5\INIT=32'00110001111101110001000001110011'.
Parameter \INIT = 32'11110111001100010111001100010000
Found cached RTLIL representation for module `$paramod\GTP_LUT5\INIT=32'11110111001100010111001100010000'.
Parameter \INIT = 32'10001100111011110000100011001110
Found cached RTLIL representation for module `$paramod\GTP_LUT5\INIT=32'10001100111011110000100011001110'.
Parameter \INIT = 32'11110111001100010111001100010000
Found cached RTLIL representation for module `$paramod\GTP_LUT5\INIT=32'11110111001100010111001100010000'.
Parameter \INIT = 32'11110111001100010111001100010000
Found cached RTLIL representation for module `$paramod\GTP_LUT5\INIT=32'11110111001100010111001100010000'.
Parameter \INIT = 32'10001100111011110000100011001110
Found cached RTLIL representation for module `$paramod\GTP_LUT5\INIT=32'10001100111011110000100011001110'.
Parameter \INIT = 64'0101111111010111101000000010100011010111111101010010100000001010
Found cached RTLIL representation for module `$paramod$faadfbce9aec5860350c941f014058f2c932bfb5\GTP_LUT6'.
Parameter \INIT = 64'1101011111110101001010000000101001011111110101111010000000101000
Found cached RTLIL representation for module `$paramod$6191c5fd7bcfaaff37808c3297a2620807ea9213\GTP_LUT6'.
Parameter \INIT = 32'10001100111011110000100011001110
Found cached RTLIL representation for module `$paramod\GTP_LUT5\INIT=32'10001100111011110000100011001110'.
Parameter \INIT = 64'1101011111110101001010000000101001011111110101111010000000101000
Found cached RTLIL representation for module `$paramod$6191c5fd7bcfaaff37808c3297a2620807ea9213\GTP_LUT6'.
Parameter \INIT = 64'1101011111110101001010000000101001011111110101111010000000101000
Found cached RTLIL representation for module `$paramod$6191c5fd7bcfaaff37808c3297a2620807ea9213\GTP_LUT6'.
Parameter \INIT = 32'11110111001100010111001100010000
Found cached RTLIL representation for module `$paramod\GTP_LUT5\INIT=32'11110111001100010111001100010000'.
Parameter \INIT = 838275187
Found cached RTLIL representation for module `$paramod\GTP_LUT5\INIT=32'00110001111101110001000001110011'.
Parameter \INIT = 32'10001100111011110000100011001110
Found cached RTLIL representation for module `$paramod\GTP_LUT5\INIT=32'10001100111011110000100011001110'.
Parameter \INIT = 64'1101011111110101001010000000101001011111110101111010000000101000
Found cached RTLIL representation for module `$paramod$6191c5fd7bcfaaff37808c3297a2620807ea9213\GTP_LUT6'.
Parameter \INIT = 32'11110111001100010111001100010000
Found cached RTLIL representation for module `$paramod\GTP_LUT5\INIT=32'11110111001100010111001100010000'.
Parameter \INIT = 64'0101111111010111101000000010100011010111111101010010100000001010
Found cached RTLIL representation for module `$paramod$faadfbce9aec5860350c941f014058f2c932bfb5\GTP_LUT6'.
Parameter \INIT = 64'0101111111010111101000000010100011010111111101010010100000001010
Found cached RTLIL representation for module `$paramod$faadfbce9aec5860350c941f014058f2c932bfb5\GTP_LUT6'.
Parameter \INIT = 64'0101111111010111101000000010100011010111111101010010100000001010
Found cached RTLIL representation for module `$paramod$faadfbce9aec5860350c941f014058f2c932bfb5\GTP_LUT6'.
Parameter \INIT = 32'10001100111011110000100011001110
Found cached RTLIL representation for module `$paramod\GTP_LUT5\INIT=32'10001100111011110000100011001110'.
Parameter \INIT = 64'0101111111010111101000000010100011010111111101010010100000001010
Found cached RTLIL representation for module `$paramod$faadfbce9aec5860350c941f014058f2c932bfb5\GTP_LUT6'.
Parameter \INIT = 32'11101111100011001100111000001000
Found cached RTLIL representation for module `$paramod\GTP_LUT5\INIT=32'11101111100011001100111000001000'.
Parameter \INIT = 32'11110111001100010111001100010000
Found cached RTLIL representation for module `$paramod\GTP_LUT5\INIT=32'11110111001100010111001100010000'.
Parameter \INIT = 32'10001100111011110000100011001110
Found cached RTLIL representation for module `$paramod\GTP_LUT5\INIT=32'10001100111011110000100011001110'.
Parameter \INIT = 64'1101011111110101001010000000101001011111110101111010000000101000
Found cached RTLIL representation for module `$paramod$6191c5fd7bcfaaff37808c3297a2620807ea9213\GTP_LUT6'.
Parameter \INIT = 838275187
Found cached RTLIL representation for module `$paramod\GTP_LUT5\INIT=32'00110001111101110001000001110011'.
Parameter \INIT = 32'11110111001100010111001100010000
Found cached RTLIL representation for module `$paramod\GTP_LUT5\INIT=32'11110111001100010111001100010000'.
Parameter \INIT = 64'1101011111110101001010000000101001011111110101111010000000101000
Found cached RTLIL representation for module `$paramod$6191c5fd7bcfaaff37808c3297a2620807ea9213\GTP_LUT6'.
Parameter \INIT = 64'0101111111010111101000000010100011010111111101010010100000001010
Found cached RTLIL representation for module `$paramod$faadfbce9aec5860350c941f014058f2c932bfb5\GTP_LUT6'.
Parameter \INIT = 64'0101111111010111101000000010100011010111111101010010100000001010
Found cached RTLIL representation for module `$paramod$faadfbce9aec5860350c941f014058f2c932bfb5\GTP_LUT6'.
Parameter \INIT = 64'0101111111010111101000000010100011010111111101010010100000001010
Found cached RTLIL representation for module `$paramod$faadfbce9aec5860350c941f014058f2c932bfb5\GTP_LUT6'.
Parameter \INIT = 64'1101011111110101001010000000101001011111110101111010000000101000
Found cached RTLIL representation for module `$paramod$6191c5fd7bcfaaff37808c3297a2620807ea9213\GTP_LUT6'.
Parameter \INIT = 32'10001100111011110000100011001110
Found cached RTLIL representation for module `$paramod\GTP_LUT5\INIT=32'10001100111011110000100011001110'.
Parameter \INIT = 32'10001100111011110000100011001110
Found cached RTLIL representation for module `$paramod\GTP_LUT5\INIT=32'10001100111011110000100011001110'.
Parameter \INIT = 32'11110111001100010111001100010000
Found cached RTLIL representation for module `$paramod\GTP_LUT5\INIT=32'11110111001100010111001100010000'.
Parameter \INIT = 32'11110111001100010111001100010000
Found cached RTLIL representation for module `$paramod\GTP_LUT5\INIT=32'11110111001100010111001100010000'.
Parameter \INIT = 32'11110111001100010111001100010000
Found cached RTLIL representation for module `$paramod\GTP_LUT5\INIT=32'11110111001100010111001100010000'.
Parameter \INIT = 64'0101111111010111101000000010100011010111111101010010100000001010
Found cached RTLIL representation for module `$paramod$faadfbce9aec5860350c941f014058f2c932bfb5\GTP_LUT6'.
Parameter \INIT = 64'1101011111110101001010000000101001011111110101111010000000101000
Found cached RTLIL representation for module `$paramod$6191c5fd7bcfaaff37808c3297a2620807ea9213\GTP_LUT6'.
Parameter \INIT = 32'10001100111011110000100011001110
Found cached RTLIL representation for module `$paramod\GTP_LUT5\INIT=32'10001100111011110000100011001110'.
Parameter \INIT = 32'10001100111011110000100011001110
Found cached RTLIL representation for module `$paramod\GTP_LUT5\INIT=32'10001100111011110000100011001110'.
Parameter \INIT = 32'11110111001100010111001100010000
Found cached RTLIL representation for module `$paramod\GTP_LUT5\INIT=32'11110111001100010111001100010000'.
Parameter \INIT = 64'1101011111110101001010000000101001011111110101111010000000101000
Found cached RTLIL representation for module `$paramod$6191c5fd7bcfaaff37808c3297a2620807ea9213\GTP_LUT6'.
Parameter \INIT = 32'10001100111011110000100011001110
Found cached RTLIL representation for module `$paramod\GTP_LUT5\INIT=32'10001100111011110000100011001110'.
Parameter \INIT = 16'1101011100101000
Found cached RTLIL representation for module `$paramod\GTP_LUT4\INIT=16'1101011100101000'.
Parameter \INIT = 64'0101111111010111101000000010100011010111111101010010100000001010
Found cached RTLIL representation for module `$paramod$faadfbce9aec5860350c941f014058f2c932bfb5\GTP_LUT6'.
Parameter \INIT = 64'0000000000001000110011001100111010001000100011001110111011101111
Found cached RTLIL representation for module `$paramod$d2afb1cb2b4c539086d411af8b70bde4b1f6214f\GTP_LUT6'.
Parameter \INIT = 64'1110111011101100100010001000000011111111111111101100110011001000
Found cached RTLIL representation for module `$paramod$ef3cc5da301ed9bfe44b39b3fea70f96bcc9e5bd\GTP_LUT6'.
Parameter \INIT = 838275187
Found cached RTLIL representation for module `$paramod\GTP_LUT5\INIT=32'00110001111101110001000001110011'.
Parameter \INIT = 64'1101011111110101001010000000101001011111110101111010000000101000
Found cached RTLIL representation for module `$paramod$6191c5fd7bcfaaff37808c3297a2620807ea9213\GTP_LUT6'.
Parameter \INIT = 64'1101011101011111001010001010000011110101110101110000101000101000
Found cached RTLIL representation for module `$paramod$ac322abe1352d00788da342d809764297918a223\GTP_LUT6'.
Parameter \INIT = 32'10001100111011110000100011001110
Found cached RTLIL representation for module `$paramod\GTP_LUT5\INIT=32'10001100111011110000100011001110'.
Parameter \INIT = 64'1111111111110111001100110011000101110111011100110001000100010000
Found cached RTLIL representation for module `$paramod$9a97d69e6250cee5113f49459ed2110fc711c59b\GTP_LUT6'.
Parameter \INIT = 16'1101001001111000
Found cached RTLIL representation for module `$paramod\GTP_LUT4\INIT=16'1101001001111000'.
Parameter \INIT = 16'0111100011010010
Found cached RTLIL representation for module `$paramod\GTP_LUT4\INIT=16'0111100011010010'.
Parameter \INIT = 16'1101011100101000
Found cached RTLIL representation for module `$paramod\GTP_LUT4\INIT=16'1101011100101000'.
Parameter \INIT = 16'0111100011010010
Found cached RTLIL representation for module `$paramod\GTP_LUT4\INIT=16'0111100011010010'.
Parameter \INIT = 16'1101001001111000
Found cached RTLIL representation for module `$paramod\GTP_LUT4\INIT=16'1101001001111000'.
Parameter \INIT = 16'0111100011010010
Found cached RTLIL representation for module `$paramod\GTP_LUT4\INIT=16'0111100011010010'.
Parameter \INIT = 64'0101111111010111101000000010100011010111111101010010100000001010
Found cached RTLIL representation for module `$paramod$faadfbce9aec5860350c941f014058f2c932bfb5\GTP_LUT6'.
Parameter \INIT = 16'1101001001111000
Found cached RTLIL representation for module `$paramod\GTP_LUT4\INIT=16'1101001001111000'.
Parameter \INIT = 16'1101001001111000
Found cached RTLIL representation for module `$paramod\GTP_LUT4\INIT=16'1101001001111000'.
Parameter \INIT = 16'0111100011010010
Found cached RTLIL representation for module `$paramod\GTP_LUT4\INIT=16'0111100011010010'.
Parameter \INIT = 16'0111100011010010
Found cached RTLIL representation for module `$paramod\GTP_LUT4\INIT=16'0111100011010010'.
Parameter \INIT = 16'0111100011010010
Found cached RTLIL representation for module `$paramod\GTP_LUT4\INIT=16'0111100011010010'.
Parameter \INIT = 16'0111100011010010
Found cached RTLIL representation for module `$paramod\GTP_LUT4\INIT=16'0111100011010010'.
Parameter \INIT = 16'1101001001111000
Found cached RTLIL representation for module `$paramod\GTP_LUT4\INIT=16'1101001001111000'.
Parameter \INIT = 16'1101001001111000
Found cached RTLIL representation for module `$paramod\GTP_LUT4\INIT=16'1101001001111000'.
Parameter \INIT = 16'0111100011010010
Found cached RTLIL representation for module `$paramod\GTP_LUT4\INIT=16'0111100011010010'.
Parameter \INIT = 16'1101001001111000
Found cached RTLIL representation for module `$paramod\GTP_LUT4\INIT=16'1101001001111000'.
Parameter \INIT = 16'1101001001111000
Found cached RTLIL representation for module `$paramod\GTP_LUT4\INIT=16'1101001001111000'.
Parameter \INIT = 16'1101001001111000
Found cached RTLIL representation for module `$paramod\GTP_LUT4\INIT=16'1101001001111000'.
Parameter \INIT = 64'0101111111010111101000000010100011010111111101010010100000001010
Found cached RTLIL representation for module `$paramod$faadfbce9aec5860350c941f014058f2c932bfb5\GTP_LUT6'.
Parameter \INIT = 16'0111100011010010
Found cached RTLIL representation for module `$paramod\GTP_LUT4\INIT=16'0111100011010010'.
Parameter \INIT = 64'1101011101011111001010001010000011110101110101110000101000101000
Found cached RTLIL representation for module `$paramod$ac322abe1352d00788da342d809764297918a223\GTP_LUT6'.
Parameter \INIT = 16'0111100011010010
Found cached RTLIL representation for module `$paramod\GTP_LUT4\INIT=16'0111100011010010'.
Parameter \INIT = 838275187
Found cached RTLIL representation for module `$paramod\GTP_LUT5\INIT=32'00110001111101110001000001110011'.
Parameter \INIT = 16'1101001001111000
Found cached RTLIL representation for module `$paramod\GTP_LUT4\INIT=16'1101001001111000'.
Parameter \INIT = 16'0111100011010010
Found cached RTLIL representation for module `$paramod\GTP_LUT4\INIT=16'0111100011010010'.
Parameter \INIT = 16'1101001001111000
Found cached RTLIL representation for module `$paramod\GTP_LUT4\INIT=16'1101001001111000'.
Parameter \INIT = 16'1101001001111000
Found cached RTLIL representation for module `$paramod\GTP_LUT4\INIT=16'1101001001111000'.
Parameter \INIT = 16'1101001001111000
Found cached RTLIL representation for module `$paramod\GTP_LUT4\INIT=16'1101001001111000'.
Parameter \INIT = 8'01010001

3.53. Executing AST frontend in derive mode using pre-parsed AST for module `\GTP_LUT3'.
Parameter \INIT = 8'01010001
Generating RTLIL representation for module `$paramod\GTP_LUT3\INIT=8'01010001'.
Parameter \INIT = 16'0111100011010010
Found cached RTLIL representation for module `$paramod\GTP_LUT4\INIT=16'0111100011010010'.
Parameter \INIT = 16'0111100011010010
Found cached RTLIL representation for module `$paramod\GTP_LUT4\INIT=16'0111100011010010'.
Parameter \INIT = 16'0111100011010010
Found cached RTLIL representation for module `$paramod\GTP_LUT4\INIT=16'0111100011010010'.
Parameter \INIT = 838275187
Found cached RTLIL representation for module `$paramod\GTP_LUT5\INIT=32'00110001111101110001000001110011'.
Parameter \INIT = 16'0111100011010010
Found cached RTLIL representation for module `$paramod\GTP_LUT4\INIT=16'0111100011010010'.
Parameter \INIT = 64'1101011111110101001010000000101001011111110101111010000000101000
Found cached RTLIL representation for module `$paramod$6191c5fd7bcfaaff37808c3297a2620807ea9213\GTP_LUT6'.
Parameter \INIT = 16'0111100011010010
Found cached RTLIL representation for module `$paramod\GTP_LUT4\INIT=16'0111100011010010'.
Parameter \INIT = 16'1101001001111000
Found cached RTLIL representation for module `$paramod\GTP_LUT4\INIT=16'1101001001111000'.
Parameter \INIT = 16'1101001001111000
Found cached RTLIL representation for module `$paramod\GTP_LUT4\INIT=16'1101001001111000'.
Parameter \INIT = 16'1101001001111000
Found cached RTLIL representation for module `$paramod\GTP_LUT4\INIT=16'1101001001111000'.
Parameter \INIT = 16'0111100011010010
Found cached RTLIL representation for module `$paramod\GTP_LUT4\INIT=16'0111100011010010'.
Parameter \INIT = 16'0111100011010010
Found cached RTLIL representation for module `$paramod\GTP_LUT4\INIT=16'0111100011010010'.
Parameter \INIT = 64'1001110001101001100111000011110010010110011000111100001101100011

3.54. Executing AST frontend in derive mode using pre-parsed AST for module `\GTP_LUT6'.
Parameter \INIT = 64'1001110001101001100111000011110010010110011000111100001101100011
Generating RTLIL representation for module `$paramod$91e9d86e747838dc39c46d6943f5d40dd044b44f\GTP_LUT6'.
Parameter \INIT = 16'1101001001111000
Found cached RTLIL representation for module `$paramod\GTP_LUT4\INIT=16'1101001001111000'.
Parameter \INIT = 1765579212
Found cached RTLIL representation for module `$paramod\GTP_LUT5\INIT=32'01101001001111001001100111001100'.
Parameter \INIT = 32'11110111001100010111001100010000
Found cached RTLIL representation for module `$paramod\GTP_LUT5\INIT=32'11110111001100010111001100010000'.
Parameter \INIT = 16'0111100011010010
Found cached RTLIL representation for module `$paramod\GTP_LUT4\INIT=16'0111100011010010'.
Parameter \INIT = 64'1101011111110101001010000000101001011111110101111010000000101000
Found cached RTLIL representation for module `$paramod$6191c5fd7bcfaaff37808c3297a2620807ea9213\GTP_LUT6'.
Parameter \INIT = 64'0101111111010111101000000010100011010111111101010010100000001010
Found cached RTLIL representation for module `$paramod$faadfbce9aec5860350c941f014058f2c932bfb5\GTP_LUT6'.
Parameter \INIT = 16'1101011100101000
Found cached RTLIL representation for module `$paramod\GTP_LUT4\INIT=16'1101011100101000'.
Parameter \INIT = 16'0111100011010010
Found cached RTLIL representation for module `$paramod\GTP_LUT4\INIT=16'0111100011010010'.
Parameter \INIT = 16'1101001001111000
Found cached RTLIL representation for module `$paramod\GTP_LUT4\INIT=16'1101001001111000'.
Parameter \INIT = 64'0000000000000000111100010000000100001110111111101111111111111111

3.55. Executing AST frontend in derive mode using pre-parsed AST for module `\GTP_LUT6'.
Parameter \INIT = 64'0000000000000000111100010000000100001110111111101111111111111111
Generating RTLIL representation for module `$paramod$a970cf44c1508e41ba7a6da410b3603006670256\GTP_LUT6'.
Parameter \INIT = 32'11110111001100010111001100010000
Found cached RTLIL representation for module `$paramod\GTP_LUT5\INIT=32'11110111001100010111001100010000'.
Parameter \INIT = 16'0111100011010010
Found cached RTLIL representation for module `$paramod\GTP_LUT4\INIT=16'0111100011010010'.
Parameter \INIT = 16'0111100011010010
Found cached RTLIL representation for module `$paramod\GTP_LUT4\INIT=16'0111100011010010'.
Parameter \INIT = 16'1101001001111000
Found cached RTLIL representation for module `$paramod\GTP_LUT4\INIT=16'1101001001111000'.
Parameter \INIT = 32'10010110110000110110011000110011
Found cached RTLIL representation for module `$paramod\GTP_LUT5\INIT=32'10010110110000110110011000110011'.
Parameter \INIT = 64'1111010101100001101000000010000011110111011000111110001101100011
Found cached RTLIL representation for module `$paramod$86f9906103e8fc19235c85b7ceabae06eb43c373\GTP_LUT6'.
Parameter \INIT = 221186175
Found cached RTLIL representation for module `$paramod\GTP_LUT5\INIT=32'00001101001011110000100001111111'.
Parameter \INIT = 16'0111100011010010
Found cached RTLIL representation for module `$paramod\GTP_LUT4\INIT=16'0111100011010010'.
Parameter \INIT = 16'1101001001111000
Found cached RTLIL representation for module `$paramod\GTP_LUT4\INIT=16'1101001001111000'.
Parameter \INIT = 16'0101011010011010
Found cached RTLIL representation for module `$paramod\GTP_LUT4\INIT=16'0101011010011010'.
Parameter \INIT = 64'1101011111110101001010000000101001011111110101111010000000101000
Found cached RTLIL representation for module `$paramod$6191c5fd7bcfaaff37808c3297a2620807ea9213\GTP_LUT6'.
Parameter \INIT = 32'10001100111011110000100011001110
Found cached RTLIL representation for module `$paramod\GTP_LUT5\INIT=32'10001100111011110000100011001110'.
Parameter \INIT = 64'1101011111110101001010000000101001011111110101111010000000101000
Found cached RTLIL representation for module `$paramod$6191c5fd7bcfaaff37808c3297a2620807ea9213\GTP_LUT6'.
Parameter \INIT = 838275187
Found cached RTLIL representation for module `$paramod\GTP_LUT5\INIT=32'00110001111101110001000001110011'.
Parameter \INIT = 64'0101111111010111101000000010100011010111111101010010100000001010
Found cached RTLIL representation for module `$paramod$faadfbce9aec5860350c941f014058f2c932bfb5\GTP_LUT6'.
Parameter \INIT = 32'10001100111011110000100011001110
Found cached RTLIL representation for module `$paramod\GTP_LUT5\INIT=32'10001100111011110000100011001110'.
Parameter \INIT = 64'0101111111010111101000000010100011010111111101010010100000001010
Found cached RTLIL representation for module `$paramod$faadfbce9aec5860350c941f014058f2c932bfb5\GTP_LUT6'.
Parameter \INIT = 32'11110111001100010111001100010000
Found cached RTLIL representation for module `$paramod\GTP_LUT5\INIT=32'11110111001100010111001100010000'.
Parameter \INIT = 64'1101011111110101001010000000101001011111110101111010000000101000
Found cached RTLIL representation for module `$paramod$6191c5fd7bcfaaff37808c3297a2620807ea9213\GTP_LUT6'.
Parameter \INIT = 64'1101011111110101001010000000101001011111110101111010000000101000
Found cached RTLIL representation for module `$paramod$6191c5fd7bcfaaff37808c3297a2620807ea9213\GTP_LUT6'.
Parameter \INIT = 64'0101111111010111101000000010100011010111111101010010100000001010
Found cached RTLIL representation for module `$paramod$faadfbce9aec5860350c941f014058f2c932bfb5\GTP_LUT6'.
Parameter \INIT = 64'1101011111110101001010000000101001011111110101111010000000101000
Found cached RTLIL representation for module `$paramod$6191c5fd7bcfaaff37808c3297a2620807ea9213\GTP_LUT6'.
Parameter \INIT = 838275187
Found cached RTLIL representation for module `$paramod\GTP_LUT5\INIT=32'00110001111101110001000001110011'.
Parameter \INIT = 838275187
Found cached RTLIL representation for module `$paramod\GTP_LUT5\INIT=32'00110001111101110001000001110011'.
Parameter \INIT = 64'0101111111010111101000000010100011010111111101010010100000001010
Found cached RTLIL representation for module `$paramod$faadfbce9aec5860350c941f014058f2c932bfb5\GTP_LUT6'.
Parameter \INIT = 64'1101011111110101001010000000101001011111110101111010000000101000
Found cached RTLIL representation for module `$paramod$6191c5fd7bcfaaff37808c3297a2620807ea9213\GTP_LUT6'.
Parameter \INIT = 64'1101011111110101001010000000101001011111110101111010000000101000
Found cached RTLIL representation for module `$paramod$6191c5fd7bcfaaff37808c3297a2620807ea9213\GTP_LUT6'.
Parameter \INIT = 32'11110111001100010111001100010000
Found cached RTLIL representation for module `$paramod\GTP_LUT5\INIT=32'11110111001100010111001100010000'.
Parameter \INIT = 32'10001100111011110000100011001110
Found cached RTLIL representation for module `$paramod\GTP_LUT5\INIT=32'10001100111011110000100011001110'.
Parameter \INIT = 64'0101111111010111101000000010100011010111111101010010100000001010
Found cached RTLIL representation for module `$paramod$faadfbce9aec5860350c941f014058f2c932bfb5\GTP_LUT6'.
Parameter \INIT = 64'1101011111110101001010000000101001011111110101111010000000101000
Found cached RTLIL representation for module `$paramod$6191c5fd7bcfaaff37808c3297a2620807ea9213\GTP_LUT6'.
Parameter \INIT = 64'0101111111010111101000000010100011010111111101010010100000001010
Found cached RTLIL representation for module `$paramod$faadfbce9aec5860350c941f014058f2c932bfb5\GTP_LUT6'.
Parameter \INIT = 64'0101111111010111101000000010100011010111111101010010100000001010
Found cached RTLIL representation for module `$paramod$faadfbce9aec5860350c941f014058f2c932bfb5\GTP_LUT6'.
Parameter \INIT = 64'0101111111010111101000000010100011010111111101010010100000001010
Found cached RTLIL representation for module `$paramod$faadfbce9aec5860350c941f014058f2c932bfb5\GTP_LUT6'.
Parameter \INIT = 32'10001100111011110000100011001110
Found cached RTLIL representation for module `$paramod\GTP_LUT5\INIT=32'10001100111011110000100011001110'.
Parameter \INIT = 64'0101111111010111101000000010100011010111111101010010100000001010
Found cached RTLIL representation for module `$paramod$faadfbce9aec5860350c941f014058f2c932bfb5\GTP_LUT6'.
Parameter \INIT = 838275187
Found cached RTLIL representation for module `$paramod\GTP_LUT5\INIT=32'00110001111101110001000001110011'.
Parameter \INIT = 64'1101011111110101001010000000101001011111110101111010000000101000
Found cached RTLIL representation for module `$paramod$6191c5fd7bcfaaff37808c3297a2620807ea9213\GTP_LUT6'.
Parameter \INIT = 838275187
Found cached RTLIL representation for module `$paramod\GTP_LUT5\INIT=32'00110001111101110001000001110011'.
Parameter \INIT = 64'0101111111010111101000000010100011010111111101010010100000001010
Found cached RTLIL representation for module `$paramod$faadfbce9aec5860350c941f014058f2c932bfb5\GTP_LUT6'.
Parameter \INIT = 32'11110111001100010111001100010000
Found cached RTLIL representation for module `$paramod\GTP_LUT5\INIT=32'11110111001100010111001100010000'.
Parameter \INIT = 32'10001100111011110000100011001110
Found cached RTLIL representation for module `$paramod\GTP_LUT5\INIT=32'10001100111011110000100011001110'.
Parameter \INIT = 64'1101011111110101001010000000101001011111110101111010000000101000
Found cached RTLIL representation for module `$paramod$6191c5fd7bcfaaff37808c3297a2620807ea9213\GTP_LUT6'.
Parameter \INIT = 32'10001100111011110000100011001110
Found cached RTLIL representation for module `$paramod\GTP_LUT5\INIT=32'10001100111011110000100011001110'.
Parameter \INIT = 64'0101111111010111101000000010100011010111111101010010100000001010
Found cached RTLIL representation for module `$paramod$faadfbce9aec5860350c941f014058f2c932bfb5\GTP_LUT6'.
Parameter \INIT = 32'11101111100011001100111000001000
Found cached RTLIL representation for module `$paramod\GTP_LUT5\INIT=32'11101111100011001100111000001000'.
Parameter \INIT = 64'1101011111110101001010000000101001011111110101111010000000101000
Found cached RTLIL representation for module `$paramod$6191c5fd7bcfaaff37808c3297a2620807ea9213\GTP_LUT6'.
Parameter \INIT = 32'11110111001100010111001100010000
Found cached RTLIL representation for module `$paramod\GTP_LUT5\INIT=32'11110111001100010111001100010000'.
Parameter \INIT = 32'11110111001100010111001100010000
Found cached RTLIL representation for module `$paramod\GTP_LUT5\INIT=32'11110111001100010111001100010000'.
Parameter \INIT = 64'0101111111010111101000000010100011010111111101010010100000001010
Found cached RTLIL representation for module `$paramod$faadfbce9aec5860350c941f014058f2c932bfb5\GTP_LUT6'.
Parameter \INIT = 32'10001100111011110000100011001110
Found cached RTLIL representation for module `$paramod\GTP_LUT5\INIT=32'10001100111011110000100011001110'.
Parameter \INIT = 32'10001100111011110000100011001110
Found cached RTLIL representation for module `$paramod\GTP_LUT5\INIT=32'10001100111011110000100011001110'.
Parameter \INIT = 64'0101111111010111101000000010100011010111111101010010100000001010
Found cached RTLIL representation for module `$paramod$faadfbce9aec5860350c941f014058f2c932bfb5\GTP_LUT6'.
Parameter \INIT = 64'0101111111010111101000000010100011010111111101010010100000001010
Found cached RTLIL representation for module `$paramod$faadfbce9aec5860350c941f014058f2c932bfb5\GTP_LUT6'.
Parameter \INIT = 32'11110111001100010111001100010000
Found cached RTLIL representation for module `$paramod\GTP_LUT5\INIT=32'11110111001100010111001100010000'.
Parameter \INIT = 64'0101111111010111101000000010100011010111111101010010100000001010
Found cached RTLIL representation for module `$paramod$faadfbce9aec5860350c941f014058f2c932bfb5\GTP_LUT6'.
Parameter \INIT = 838275187
Found cached RTLIL representation for module `$paramod\GTP_LUT5\INIT=32'00110001111101110001000001110011'.
Parameter \INIT = 32'10001100111011110000100011001110
Found cached RTLIL representation for module `$paramod\GTP_LUT5\INIT=32'10001100111011110000100011001110'.
Parameter \INIT = 32'11101111100011001100111000001000
Found cached RTLIL representation for module `$paramod\GTP_LUT5\INIT=32'11101111100011001100111000001000'.
Parameter \INIT = 64'1101011111110101001010000000101001011111110101111010000000101000
Found cached RTLIL representation for module `$paramod$6191c5fd7bcfaaff37808c3297a2620807ea9213\GTP_LUT6'.
Parameter \INIT = 64'1101011111110101001010000000101001011111110101111010000000101000
Found cached RTLIL representation for module `$paramod$6191c5fd7bcfaaff37808c3297a2620807ea9213\GTP_LUT6'.
Parameter \INIT = 64'0101111111010111101000000010100011010111111101010010100000001010
Found cached RTLIL representation for module `$paramod$faadfbce9aec5860350c941f014058f2c932bfb5\GTP_LUT6'.
Parameter \INIT = 64'0101111111010111101000000010100011010111111101010010100000001010
Found cached RTLIL representation for module `$paramod$faadfbce9aec5860350c941f014058f2c932bfb5\GTP_LUT6'.
Parameter \INIT = 838275187
Found cached RTLIL representation for module `$paramod\GTP_LUT5\INIT=32'00110001111101110001000001110011'.
Parameter \INIT = 32'11110111001100010111001100010000
Found cached RTLIL representation for module `$paramod\GTP_LUT5\INIT=32'11110111001100010111001100010000'.
Parameter \INIT = 32'10001100111011110000100011001110
Found cached RTLIL representation for module `$paramod\GTP_LUT5\INIT=32'10001100111011110000100011001110'.
Parameter \INIT = 32'11110111001100010111001100010000
Found cached RTLIL representation for module `$paramod\GTP_LUT5\INIT=32'11110111001100010111001100010000'.
Parameter \INIT = 32'10001100111011110000100011001110
Found cached RTLIL representation for module `$paramod\GTP_LUT5\INIT=32'10001100111011110000100011001110'.
Parameter \INIT = 64'1101011111110101001010000000101001011111110101111010000000101000
Found cached RTLIL representation for module `$paramod$6191c5fd7bcfaaff37808c3297a2620807ea9213\GTP_LUT6'.
Parameter \INIT = 64'0101111111010111101000000010100011010111111101010010100000001010
Found cached RTLIL representation for module `$paramod$faadfbce9aec5860350c941f014058f2c932bfb5\GTP_LUT6'.
Parameter \INIT = 32'11101111100011001100111000001000
Found cached RTLIL representation for module `$paramod\GTP_LUT5\INIT=32'11101111100011001100111000001000'.
Parameter \INIT = 32'11110111001100010111001100010000
Found cached RTLIL representation for module `$paramod\GTP_LUT5\INIT=32'11110111001100010111001100010000'.
Parameter \INIT = 32'10001100111011110000100011001110
Found cached RTLIL representation for module `$paramod\GTP_LUT5\INIT=32'10001100111011110000100011001110'.
Parameter \INIT = 64'1101011111110101001010000000101001011111110101111010000000101000
Found cached RTLIL representation for module `$paramod$6191c5fd7bcfaaff37808c3297a2620807ea9213\GTP_LUT6'.
Parameter \INIT = 32'10001100111011110000100011001110
Found cached RTLIL representation for module `$paramod\GTP_LUT5\INIT=32'10001100111011110000100011001110'.
Parameter \INIT = 64'0101111111010111101000000010100011010111111101010010100000001010
Found cached RTLIL representation for module `$paramod$faadfbce9aec5860350c941f014058f2c932bfb5\GTP_LUT6'.
Parameter \INIT = 32'11110111001100010111001100010000
Found cached RTLIL representation for module `$paramod\GTP_LUT5\INIT=32'11110111001100010111001100010000'.
Parameter \INIT = 64'1101011111110101001010000000101001011111110101111010000000101000
Found cached RTLIL representation for module `$paramod$6191c5fd7bcfaaff37808c3297a2620807ea9213\GTP_LUT6'.
Parameter \INIT = 64'1101011111110101001010000000101001011111110101111010000000101000
Found cached RTLIL representation for module `$paramod$6191c5fd7bcfaaff37808c3297a2620807ea9213\GTP_LUT6'.
Parameter \INIT = 838275187
Found cached RTLIL representation for module `$paramod\GTP_LUT5\INIT=32'00110001111101110001000001110011'.
Parameter \INIT = 32'10001100111011110000100011001110
Found cached RTLIL representation for module `$paramod\GTP_LUT5\INIT=32'10001100111011110000100011001110'.
Parameter \INIT = 32'11101111100011001100111000001000
Found cached RTLIL representation for module `$paramod\GTP_LUT5\INIT=32'11101111100011001100111000001000'.
Parameter \INIT = 16'1101001001111000
Found cached RTLIL representation for module `$paramod\GTP_LUT4\INIT=16'1101001001111000'.
Parameter \INIT = 64'0101111111010111101000000010100011010111111101010010100000001010
Found cached RTLIL representation for module `$paramod$faadfbce9aec5860350c941f014058f2c932bfb5\GTP_LUT6'.
Parameter \INIT = 838275187
Found cached RTLIL representation for module `$paramod\GTP_LUT5\INIT=32'00110001111101110001000001110011'.
Parameter \INIT = 64'1101011111110101001010000000101001011111110101111010000000101000
Found cached RTLIL representation for module `$paramod$6191c5fd7bcfaaff37808c3297a2620807ea9213\GTP_LUT6'.
Parameter \INIT = 64'0101111111010111101000000010100011010111111101010010100000001010
Found cached RTLIL representation for module `$paramod$faadfbce9aec5860350c941f014058f2c932bfb5\GTP_LUT6'.
Parameter \INIT = 32'11101111100011001100111000001000
Found cached RTLIL representation for module `$paramod\GTP_LUT5\INIT=32'11101111100011001100111000001000'.
Parameter \INIT = 32'11110111001100010111001100010000
Found cached RTLIL representation for module `$paramod\GTP_LUT5\INIT=32'11110111001100010111001100010000'.
Parameter \INIT = 64'1110000011110000100000001100000011000000111000000000000010000000

3.56. Executing AST frontend in derive mode using pre-parsed AST for module `\GTP_LUT6'.
Parameter \INIT = 64'1110000011110000100000001100000011000000111000000000000010000000
Generating RTLIL representation for module `$paramod$d66a7553a13cf71dacb4a9d0dcc28942533ae0fa\GTP_LUT6'.
Parameter \INIT = 64'0000000100000000000001110000001100000011000000010000111100000111

3.57. Executing AST frontend in derive mode using pre-parsed AST for module `\GTP_LUT6'.
Parameter \INIT = 64'0000000100000000000001110000001100000011000000010000111100000111
Generating RTLIL representation for module `$paramod$19e8730f01981c9c9578e92a66a73c479c6e801d\GTP_LUT6'.
Parameter \INIT = 64'0101111111010111101000000010100011010111111101010010100000001010
Found cached RTLIL representation for module `$paramod$faadfbce9aec5860350c941f014058f2c932bfb5\GTP_LUT6'.
Parameter \INIT = 8'01010001
Found cached RTLIL representation for module `$paramod\GTP_LUT3\INIT=8'01010001'.
Parameter \INIT = 64'1101011111110101001010000000101001011111110101111010000000101000
Found cached RTLIL representation for module `$paramod$6191c5fd7bcfaaff37808c3297a2620807ea9213\GTP_LUT6'.
Parameter \INIT = 32'11110111001100010111001100010000
Found cached RTLIL representation for module `$paramod\GTP_LUT5\INIT=32'11110111001100010111001100010000'.
Parameter \INIT = 16'1101001001111000
Found cached RTLIL representation for module `$paramod\GTP_LUT4\INIT=16'1101001001111000'.
Parameter \INIT = 64'1000000011000000111000001111000000000000100000001100000011100000
Found cached RTLIL representation for module `$paramod$fae92b70435d2452042dc5d151313cfa0638e19d\GTP_LUT6'.
Parameter \INIT = 64'0000011100000011000000010000000000001111000001110000001100000001
Found cached RTLIL representation for module `$paramod$80f99d234a25a6e0536450028dd8da76ef60284a\GTP_LUT6'.
Parameter \INIT = 16'0111100011010010
Found cached RTLIL representation for module `$paramod\GTP_LUT4\INIT=16'0111100011010010'.
Parameter \INIT = 16'0111100011010010
Found cached RTLIL representation for module `$paramod\GTP_LUT4\INIT=16'0111100011010010'.
Parameter \INIT = 16'1101001001111000
Found cached RTLIL representation for module `$paramod\GTP_LUT4\INIT=16'1101001001111000'.
Parameter \INIT = 16'1101001001111000
Found cached RTLIL representation for module `$paramod\GTP_LUT4\INIT=16'1101001001111000'.
Parameter \INIT = 16'0111100011010010
Found cached RTLIL representation for module `$paramod\GTP_LUT4\INIT=16'0111100011010010'.
Parameter \INIT = 32'11101111100011001100111000001000
Found cached RTLIL representation for module `$paramod\GTP_LUT5\INIT=32'11101111100011001100111000001000'.
Parameter \INIT = 64'0101111111010111101000000010100011010111111101010010100000001010
Found cached RTLIL representation for module `$paramod$faadfbce9aec5860350c941f014058f2c932bfb5\GTP_LUT6'.
Parameter \INIT = 64'1101011101011111001010001010000011110101110101110000101000101000
Found cached RTLIL representation for module `$paramod$ac322abe1352d00788da342d809764297918a223\GTP_LUT6'.
Parameter \INIT = 16'1101001001111000
Found cached RTLIL representation for module `$paramod\GTP_LUT4\INIT=16'1101001001111000'.
Parameter \INIT = 64'0101111111010111101000000010100011010111111101010010100000001010
Found cached RTLIL representation for module `$paramod$faadfbce9aec5860350c941f014058f2c932bfb5\GTP_LUT6'.
Parameter \INIT = 16'1101001001111000
Found cached RTLIL representation for module `$paramod\GTP_LUT4\INIT=16'1101001001111000'.
Parameter \INIT = 64'1101011111110101001010000000101001011111110101111010000000101000
Found cached RTLIL representation for module `$paramod$6191c5fd7bcfaaff37808c3297a2620807ea9213\GTP_LUT6'.
Parameter \INIT = 16'0111100011010010
Found cached RTLIL representation for module `$paramod\GTP_LUT4\INIT=16'0111100011010010'.
Parameter \INIT = 64'0101111111010111101000000010100011010111111101010010100000001010
Found cached RTLIL representation for module `$paramod$faadfbce9aec5860350c941f014058f2c932bfb5\GTP_LUT6'.
Parameter \INIT = 16'1101001001111000
Found cached RTLIL representation for module `$paramod\GTP_LUT4\INIT=16'1101001001111000'.
Parameter \INIT = 16'0111100011010010
Found cached RTLIL representation for module `$paramod\GTP_LUT4\INIT=16'0111100011010010'.
Parameter \INIT = 16'1101001001111000
Found cached RTLIL representation for module `$paramod\GTP_LUT4\INIT=16'1101001001111000'.
Parameter \INIT = 16'1101001001111000
Found cached RTLIL representation for module `$paramod\GTP_LUT4\INIT=16'1101001001111000'.
Parameter \INIT = 16'0111100011010010
Found cached RTLIL representation for module `$paramod\GTP_LUT4\INIT=16'0111100011010010'.
Parameter \INIT = 16'0111100011010010
Found cached RTLIL representation for module `$paramod\GTP_LUT4\INIT=16'0111100011010010'.
Parameter \INIT = 64'0101111111010111101000000010100011010111111101010010100000001010
Found cached RTLIL representation for module `$paramod$faadfbce9aec5860350c941f014058f2c932bfb5\GTP_LUT6'.
Parameter \INIT = 16'0111100011010010
Found cached RTLIL representation for module `$paramod\GTP_LUT4\INIT=16'0111100011010010'.
Parameter \INIT = 16'1101001001111000
Found cached RTLIL representation for module `$paramod\GTP_LUT4\INIT=16'1101001001111000'.
Parameter \INIT = 64'0101111111010111101000000010100011010111111101010010100000001010
Found cached RTLIL representation for module `$paramod$faadfbce9aec5860350c941f014058f2c932bfb5\GTP_LUT6'.
Parameter \INIT = 16'0111100011010010
Found cached RTLIL representation for module `$paramod\GTP_LUT4\INIT=16'0111100011010010'.
Parameter \INIT = 16'1101001001111000
Found cached RTLIL representation for module `$paramod\GTP_LUT4\INIT=16'1101001001111000'.
Parameter \INIT = 16'0111100011010010
Found cached RTLIL representation for module `$paramod\GTP_LUT4\INIT=16'0111100011010010'.
Parameter \INIT = 16'0111100011010010
Found cached RTLIL representation for module `$paramod\GTP_LUT4\INIT=16'0111100011010010'.
Parameter \INIT = 32'10001100111011110000100011001110
Found cached RTLIL representation for module `$paramod\GTP_LUT5\INIT=32'10001100111011110000100011001110'.
Parameter \INIT = 16'1101001001111000
Found cached RTLIL representation for module `$paramod\GTP_LUT4\INIT=16'1101001001111000'.
Parameter \INIT = 32'11110111001100010111001100010000
Found cached RTLIL representation for module `$paramod\GTP_LUT5\INIT=32'11110111001100010111001100010000'.
Parameter \INIT = 32'11110111001100010111001100010000
Found cached RTLIL representation for module `$paramod\GTP_LUT5\INIT=32'11110111001100010111001100010000'.
Parameter \INIT = 64'0101111111010111101000000010100011010111111101010010100000001010
Found cached RTLIL representation for module `$paramod$faadfbce9aec5860350c941f014058f2c932bfb5\GTP_LUT6'.
Parameter \INIT = 16'1101001001111000
Found cached RTLIL representation for module `$paramod\GTP_LUT4\INIT=16'1101001001111000'.
Parameter \INIT = 16'0111100011010010
Found cached RTLIL representation for module `$paramod\GTP_LUT4\INIT=16'0111100011010010'.
Parameter \INIT = 16'0111100011010010
Found cached RTLIL representation for module `$paramod\GTP_LUT4\INIT=16'0111100011010010'.
Parameter \INIT = 16'1101001001111000
Found cached RTLIL representation for module `$paramod\GTP_LUT4\INIT=16'1101001001111000'.
Parameter \INIT = 16'0111100011010010
Found cached RTLIL representation for module `$paramod\GTP_LUT4\INIT=16'0111100011010010'.
Parameter \INIT = 32'11110111001100010111001100010000
Found cached RTLIL representation for module `$paramod\GTP_LUT5\INIT=32'11110111001100010111001100010000'.
Parameter \INIT = 16'1101001001111000
Found cached RTLIL representation for module `$paramod\GTP_LUT4\INIT=16'1101001001111000'.
Parameter \INIT = 16'0111100011010010
Found cached RTLIL representation for module `$paramod\GTP_LUT4\INIT=16'0111100011010010'.
Parameter \INIT = 16'1101001001111000
Found cached RTLIL representation for module `$paramod\GTP_LUT4\INIT=16'1101001001111000'.
Parameter \INIT = 16'0111100011010010
Found cached RTLIL representation for module `$paramod\GTP_LUT4\INIT=16'0111100011010010'.
Parameter \INIT = 64'1101011111110101001010000000101001011111110101111010000000101000
Found cached RTLIL representation for module `$paramod$6191c5fd7bcfaaff37808c3297a2620807ea9213\GTP_LUT6'.
Parameter \INIT = 2131965697

3.58. Executing AST frontend in derive mode using pre-parsed AST for module `\GTP_LUT5'.
Parameter \INIT = 2131965697
Generating RTLIL representation for module `$paramod\GTP_LUT5\INIT=32'01111111000100110011011100000001'.
Parameter \INIT = 16'1101001001111000
Found cached RTLIL representation for module `$paramod\GTP_LUT4\INIT=16'1101001001111000'.
Parameter \INIT = 16'0111100011010010
Found cached RTLIL representation for module `$paramod\GTP_LUT4\INIT=16'0111100011010010'.
Parameter \INIT = 16'0111100011010010
Found cached RTLIL representation for module `$paramod\GTP_LUT4\INIT=16'0111100011010010'.
Parameter \INIT = 16'0111100011010010
Found cached RTLIL representation for module `$paramod\GTP_LUT4\INIT=16'0111100011010010'.
Parameter \INIT = 16'1101001001111000
Found cached RTLIL representation for module `$paramod\GTP_LUT4\INIT=16'1101001001111000'.
Parameter \INIT = 32'11101111100011001100111000001000
Found cached RTLIL representation for module `$paramod\GTP_LUT5\INIT=32'11101111100011001100111000001000'.
Parameter \INIT = 32'10001100111011110000100011001110
Found cached RTLIL representation for module `$paramod\GTP_LUT5\INIT=32'10001100111011110000100011001110'.
Parameter \INIT = 16'0111100011010010
Found cached RTLIL representation for module `$paramod\GTP_LUT4\INIT=16'0111100011010010'.
Parameter \INIT = 32'10001100111011110000100011001110
Found cached RTLIL representation for module `$paramod\GTP_LUT5\INIT=32'10001100111011110000100011001110'.
Parameter \INIT = 64'1111010101100001101000000010000011110111011000111110001101100011
Found cached RTLIL representation for module `$paramod$86f9906103e8fc19235c85b7ceabae06eb43c373\GTP_LUT6'.
Parameter \INIT = 16'1101001001111000
Found cached RTLIL representation for module `$paramod\GTP_LUT4\INIT=16'1101001001111000'.
Parameter \INIT = 8'01010001
Found cached RTLIL representation for module `$paramod\GTP_LUT3\INIT=8'01010001'.
Parameter \INIT = 64'0110011000100110011001100010011000010011000000110110011000100110
Found cached RTLIL representation for module `$paramod$6c2da2995a9a552dc29dc83bb5bdccf018f7b262\GTP_LUT6'.
Parameter \INIT = 32'11111001111111000000100100001100

3.59. Executing AST frontend in derive mode using pre-parsed AST for module `\GTP_LUT5'.
Parameter \INIT = 32'11111001111111000000100100001100
Generating RTLIL representation for module `$paramod\GTP_LUT5\INIT=32'11111001111111000000100100001100'.
Parameter \INIT = 16'0111100011010010
Found cached RTLIL representation for module `$paramod\GTP_LUT4\INIT=16'0111100011010010'.
Parameter \INIT = 16'0111100011010010
Found cached RTLIL representation for module `$paramod\GTP_LUT4\INIT=16'0111100011010010'.
Parameter \INIT = 16'1101001001111000
Found cached RTLIL representation for module `$paramod\GTP_LUT4\INIT=16'1101001001111000'.
Parameter \INIT = 16'0111100011010010
Found cached RTLIL representation for module `$paramod\GTP_LUT4\INIT=16'0111100011010010'.
Parameter \INIT = 16'0111110110000010
Found cached RTLIL representation for module `$paramod\GTP_LUT4\INIT=16'0111110110000010'.
Parameter \INIT = 275984887
Found cached RTLIL representation for module `$paramod\GTP_LUT5\INIT=32'00010000011100110011000111110111'.
Parameter \INIT = 1765579212
Found cached RTLIL representation for module `$paramod\GTP_LUT5\INIT=32'01101001001111001001100111001100'.
Parameter \INIT = 32'11001000110010000100000011001000
Found cached RTLIL representation for module `$paramod\GTP_LUT5\INIT=32'11001000110010000100000011001000'.
Parameter \INIT = 16'1101001001111000
Found cached RTLIL representation for module `$paramod\GTP_LUT4\INIT=16'1101001001111000'.
Parameter \INIT = 16'1001100100111001

3.60. Executing AST frontend in derive mode using pre-parsed AST for module `\GTP_LUT4'.
Parameter \INIT = 16'1001100100111001
Generating RTLIL representation for module `$paramod\GTP_LUT4\INIT=16'1001100100111001'.
Parameter \INIT = 16'0111100011010010
Found cached RTLIL representation for module `$paramod\GTP_LUT4\INIT=16'0111100011010010'.
Parameter \INIT = 8'00010101
Found cached RTLIL representation for module `$paramod\GTP_LUT3\INIT=8'00010101'.
Parameter \INIT = 16'1101001001111000
Found cached RTLIL representation for module `$paramod\GTP_LUT4\INIT=16'1101001001111000'.
Parameter \INIT = 16'1101011100101000
Found cached RTLIL representation for module `$paramod\GTP_LUT4\INIT=16'1101011100101000'.
Parameter \INIT = 64'1111010101100001111101110110001110100000001000001110001101100011

3.61. Executing AST frontend in derive mode using pre-parsed AST for module `\GTP_LUT6'.
Parameter \INIT = 64'1111010101100001111101110110001110100000001000001110001101100011
Generating RTLIL representation for module `$paramod$3fd5d139fd2b19ffc7751270d7d61be34909ccb7\GTP_LUT6'.
Parameter \INIT = 16'0111100011010010
Found cached RTLIL representation for module `$paramod\GTP_LUT4\INIT=16'0111100011010010'.
Parameter \INIT = 16'0111100011010010
Found cached RTLIL representation for module `$paramod\GTP_LUT4\INIT=16'0111100011010010'.
Parameter \INIT = 64'0110011010010011100101100110001100110110110000111100011000110011

3.62. Executing AST frontend in derive mode using pre-parsed AST for module `\GTP_LUT6'.
Parameter \INIT = 64'0110011010010011100101100110001100110110110000111100011000110011
Generating RTLIL representation for module `$paramod$035de34368019fb32107e33d3d2d9f9818aaba30\GTP_LUT6'.
Parameter \INIT = 32'11100001000011111110000111110000

3.63. Executing AST frontend in derive mode using pre-parsed AST for module `\GTP_LUT5'.
Parameter \INIT = 32'11100001000011111110000111110000
Generating RTLIL representation for module `$paramod\GTP_LUT5\INIT=32'11100001000011111110000111110000'.
Parameter \INIT = 16'0101011010011010
Found cached RTLIL representation for module `$paramod\GTP_LUT4\INIT=16'0101011010011010'.
Parameter \INIT = 64'0101111111010111101000000010100011010111111101010010100000001010
Found cached RTLIL representation for module `$paramod$faadfbce9aec5860350c941f014058f2c932bfb5\GTP_LUT6'.
Parameter \INIT = 32'11110111001100010111001100010000
Found cached RTLIL representation for module `$paramod\GTP_LUT5\INIT=32'11110111001100010111001100010000'.
Parameter \INIT = 64'1101011111110101001010000000101001011111110101111010000000101000
Found cached RTLIL representation for module `$paramod$6191c5fd7bcfaaff37808c3297a2620807ea9213\GTP_LUT6'.
Parameter \INIT = 64'1101011111110101001010000000101001011111110101111010000000101000
Found cached RTLIL representation for module `$paramod$6191c5fd7bcfaaff37808c3297a2620807ea9213\GTP_LUT6'.
Parameter \INIT = 64'0101111111010111101000000010100011010111111101010010100000001010
Found cached RTLIL representation for module `$paramod$faadfbce9aec5860350c941f014058f2c932bfb5\GTP_LUT6'.
Parameter \INIT = 64'1000110010001100100011001000110000001000000010000000100010001100

3.64. Executing AST frontend in derive mode using pre-parsed AST for module `\GTP_LUT6'.
Parameter \INIT = 64'1000110010001100100011001000110000001000000010000000100010001100
Generating RTLIL representation for module `$paramod$f7103cd2e51c68e0298950123727ed6b77c00d21\GTP_LUT6'.
Parameter \INIT = 64'0001000000010000000100000001000000110001001100010011000100010000

3.65. Executing AST frontend in derive mode using pre-parsed AST for module `\GTP_LUT6'.
Parameter \INIT = 64'0001000000010000000100000001000000110001001100010011000100010000
Generating RTLIL representation for module `$paramod$a9b2083fad3293c392dca47a3cc1b7a60de221c6\GTP_LUT6'.
Parameter \INIT = 64'1101011111110101001010000000101001011111110101111010000000101000
Found cached RTLIL representation for module `$paramod$6191c5fd7bcfaaff37808c3297a2620807ea9213\GTP_LUT6'.
Parameter \INIT = 32'11110111001100010111001100010000
Found cached RTLIL representation for module `$paramod\GTP_LUT5\INIT=32'11110111001100010111001100010000'.
Parameter \INIT = 32'11101111100011001100111000001000
Found cached RTLIL representation for module `$paramod\GTP_LUT5\INIT=32'11101111100011001100111000001000'.
Parameter \INIT = 64'0101111111010111101000000010100011010111111101010010100000001010
Found cached RTLIL representation for module `$paramod$faadfbce9aec5860350c941f014058f2c932bfb5\GTP_LUT6'.
Parameter \INIT = 32'10001100111011110000100011001110
Found cached RTLIL representation for module `$paramod\GTP_LUT5\INIT=32'10001100111011110000100011001110'.
Parameter \INIT = 32'10001100111011110000100011001110
Found cached RTLIL representation for module `$paramod\GTP_LUT5\INIT=32'10001100111011110000100011001110'.
Parameter \INIT = 64'1101011111110101001010000000101001011111110101111010000000101000
Found cached RTLIL representation for module `$paramod$6191c5fd7bcfaaff37808c3297a2620807ea9213\GTP_LUT6'.
Parameter \INIT = 64'0101111111010111101000000010100011010111111101010010100000001010
Found cached RTLIL representation for module `$paramod$faadfbce9aec5860350c941f014058f2c932bfb5\GTP_LUT6'.
Parameter \INIT = 64'0101111111010111101000000010100011010111111101010010100000001010
Found cached RTLIL representation for module `$paramod$faadfbce9aec5860350c941f014058f2c932bfb5\GTP_LUT6'.
Parameter \INIT = 64'1101011111110101001010000000101001011111110101111010000000101000
Found cached RTLIL representation for module `$paramod$6191c5fd7bcfaaff37808c3297a2620807ea9213\GTP_LUT6'.
Parameter \INIT = 32'11101111100011001100111000001000
Found cached RTLIL representation for module `$paramod\GTP_LUT5\INIT=32'11101111100011001100111000001000'.
Parameter \INIT = 64'0101111111010111101000000010100011010111111101010010100000001010
Found cached RTLIL representation for module `$paramod$faadfbce9aec5860350c941f014058f2c932bfb5\GTP_LUT6'.
Parameter \INIT = 32'11110111001100010111001100010000
Found cached RTLIL representation for module `$paramod\GTP_LUT5\INIT=32'11110111001100010111001100010000'.
Parameter \INIT = 32'11110111001100010111001100010000
Found cached RTLIL representation for module `$paramod\GTP_LUT5\INIT=32'11110111001100010111001100010000'.
Parameter \INIT = 64'0101111111010111101000000010100011010111111101010010100000001010
Found cached RTLIL representation for module `$paramod$faadfbce9aec5860350c941f014058f2c932bfb5\GTP_LUT6'.
Parameter \INIT = 64'0101111111010111101000000010100011010111111101010010100000001010
Found cached RTLIL representation for module `$paramod$faadfbce9aec5860350c941f014058f2c932bfb5\GTP_LUT6'.
Parameter \INIT = 64'1101011111110101001010000000101001011111110101111010000000101000
Found cached RTLIL representation for module `$paramod$6191c5fd7bcfaaff37808c3297a2620807ea9213\GTP_LUT6'.
Parameter \INIT = 32'11110111001100010111001100010000
Found cached RTLIL representation for module `$paramod\GTP_LUT5\INIT=32'11110111001100010111001100010000'.
Parameter \INIT = 64'1101011111110101001010000000101001011111110101111010000000101000
Found cached RTLIL representation for module `$paramod$6191c5fd7bcfaaff37808c3297a2620807ea9213\GTP_LUT6'.
Parameter \INIT = 64'0101111111010111101000000010100011010111111101010010100000001010
Found cached RTLIL representation for module `$paramod$faadfbce9aec5860350c941f014058f2c932bfb5\GTP_LUT6'.
Parameter \INIT = 32'10001100111011110000100011001110
Found cached RTLIL representation for module `$paramod\GTP_LUT5\INIT=32'10001100111011110000100011001110'.
Parameter \INIT = 64'1101011111110101001010000000101001011111110101111010000000101000
Found cached RTLIL representation for module `$paramod$6191c5fd7bcfaaff37808c3297a2620807ea9213\GTP_LUT6'.
Parameter \INIT = 32'11101111100011001100111000001000
Found cached RTLIL representation for module `$paramod\GTP_LUT5\INIT=32'11101111100011001100111000001000'.
Parameter \INIT = 64'1101011111110101001010000000101001011111110101111010000000101000
Found cached RTLIL representation for module `$paramod$6191c5fd7bcfaaff37808c3297a2620807ea9213\GTP_LUT6'.
Parameter \INIT = 32'11110111001100010111001100010000
Found cached RTLIL representation for module `$paramod\GTP_LUT5\INIT=32'11110111001100010111001100010000'.
Parameter \INIT = 64'0101111111010111101000000010100011010111111101010010100000001010
Found cached RTLIL representation for module `$paramod$faadfbce9aec5860350c941f014058f2c932bfb5\GTP_LUT6'.
Parameter \INIT = 32'11110111001100010111001100010000
Found cached RTLIL representation for module `$paramod\GTP_LUT5\INIT=32'11110111001100010111001100010000'.
Parameter \INIT = 64'1101011111110101001010000000101001011111110101111010000000101000
Found cached RTLIL representation for module `$paramod$6191c5fd7bcfaaff37808c3297a2620807ea9213\GTP_LUT6'.
Parameter \INIT = 32'11110111001100010111001100010000
Found cached RTLIL representation for module `$paramod\GTP_LUT5\INIT=32'11110111001100010111001100010000'.
Parameter \INIT = 32'11101111100011001100111000001000
Found cached RTLIL representation for module `$paramod\GTP_LUT5\INIT=32'11101111100011001100111000001000'.
Parameter \INIT = 64'1101011111110101001010000000101001011111110101111010000000101000
Found cached RTLIL representation for module `$paramod$6191c5fd7bcfaaff37808c3297a2620807ea9213\GTP_LUT6'.
Parameter \INIT = 838275187
Found cached RTLIL representation for module `$paramod\GTP_LUT5\INIT=32'00110001111101110001000001110011'.
Parameter \INIT = 64'1101011111110101001010000000101001011111110101111010000000101000
Found cached RTLIL representation for module `$paramod$6191c5fd7bcfaaff37808c3297a2620807ea9213\GTP_LUT6'.
Parameter \INIT = 32'11101111100011001100111000001000
Found cached RTLIL representation for module `$paramod\GTP_LUT5\INIT=32'11101111100011001100111000001000'.
Parameter \INIT = 32'10001100111011110000100011001110
Found cached RTLIL representation for module `$paramod\GTP_LUT5\INIT=32'10001100111011110000100011001110'.
Parameter \INIT = 64'0101111111010111101000000010100011010111111101010010100000001010
Found cached RTLIL representation for module `$paramod$faadfbce9aec5860350c941f014058f2c932bfb5\GTP_LUT6'.
Parameter \INIT = 64'0101111111010111101000000010100011010111111101010010100000001010
Found cached RTLIL representation for module `$paramod$faadfbce9aec5860350c941f014058f2c932bfb5\GTP_LUT6'.
Parameter \INIT = 64'1101011111110101001010000000101001011111110101111010000000101000
Found cached RTLIL representation for module `$paramod$6191c5fd7bcfaaff37808c3297a2620807ea9213\GTP_LUT6'.
Parameter \INIT = 64'1101011111110101001010000000101001011111110101111010000000101000
Found cached RTLIL representation for module `$paramod$6191c5fd7bcfaaff37808c3297a2620807ea9213\GTP_LUT6'.
Parameter \INIT = 838275187
Found cached RTLIL representation for module `$paramod\GTP_LUT5\INIT=32'00110001111101110001000001110011'.
Parameter \INIT = 64'0101111111010111101000000010100011010111111101010010100000001010
Found cached RTLIL representation for module `$paramod$faadfbce9aec5860350c941f014058f2c932bfb5\GTP_LUT6'.
Parameter \INIT = 32'10001100111011110000100011001110
Found cached RTLIL representation for module `$paramod\GTP_LUT5\INIT=32'10001100111011110000100011001110'.
Parameter \INIT = 32'10001100111011110000100011001110
Found cached RTLIL representation for module `$paramod\GTP_LUT5\INIT=32'10001100111011110000100011001110'.
Parameter \INIT = 64'1101011111110101001010000000101001011111110101111010000000101000
Found cached RTLIL representation for module `$paramod$6191c5fd7bcfaaff37808c3297a2620807ea9213\GTP_LUT6'.
Parameter \INIT = 64'0101111111010111101000000010100011010111111101010010100000001010
Found cached RTLIL representation for module `$paramod$faadfbce9aec5860350c941f014058f2c932bfb5\GTP_LUT6'.
Parameter \INIT = 32'11110111001100010111001100010000
Found cached RTLIL representation for module `$paramod\GTP_LUT5\INIT=32'11110111001100010111001100010000'.
Parameter \INIT = 64'1101011111110101001010000000101001011111110101111010000000101000
Found cached RTLIL representation for module `$paramod$6191c5fd7bcfaaff37808c3297a2620807ea9213\GTP_LUT6'.
Parameter \INIT = 32'11110111001100010111001100010000
Found cached RTLIL representation for module `$paramod\GTP_LUT5\INIT=32'11110111001100010111001100010000'.
Parameter \INIT = 32'11101111100011001100111000001000
Found cached RTLIL representation for module `$paramod\GTP_LUT5\INIT=32'11101111100011001100111000001000'.
Parameter \INIT = 838275187
Found cached RTLIL representation for module `$paramod\GTP_LUT5\INIT=32'00110001111101110001000001110011'.
Parameter \INIT = 32'10001100111011110000100011001110
Found cached RTLIL representation for module `$paramod\GTP_LUT5\INIT=32'10001100111011110000100011001110'.
Parameter \INIT = 64'0000010000000100000001000000010000000100000001000000010010001100

3.66. Executing AST frontend in derive mode using pre-parsed AST for module `\GTP_LUT6'.
Parameter \INIT = 64'0000010000000100000001000000010000000100000001000000010010001100
Generating RTLIL representation for module `$paramod$e5459f1d00d45034e3c5558ae64d38947959c9a4\GTP_LUT6'.
Parameter \INIT = 32'11110111001100010111001100010000
Found cached RTLIL representation for module `$paramod\GTP_LUT5\INIT=32'11110111001100010111001100010000'.
Parameter \INIT = 32'10001100111011110000100011001110
Found cached RTLIL representation for module `$paramod\GTP_LUT5\INIT=32'10001100111011110000100011001110'.
Parameter \INIT = 64'1101011101011111001010001010000011110101110101110000101000101000
Found cached RTLIL representation for module `$paramod$ac322abe1352d00788da342d809764297918a223\GTP_LUT6'.
Parameter \INIT = 64'0101111111010111101000000010100011010111111101010010100000001010
Found cached RTLIL representation for module `$paramod$faadfbce9aec5860350c941f014058f2c932bfb5\GTP_LUT6'.
Parameter \INIT = 64'1100100011001000110010001100100010000000100000001000000011001000

3.67. Executing AST frontend in derive mode using pre-parsed AST for module `\GTP_LUT6'.
Parameter \INIT = 64'1100100011001000110010001100100010000000100000001000000011001000
Generating RTLIL representation for module `$paramod$54e5d3ac8766f139f7d2f8ae227aed6a9b2994b2\GTP_LUT6'.
Parameter \INIT = 64'0000000100000001000000010000000100010011000100110001001100000001

3.68. Executing AST frontend in derive mode using pre-parsed AST for module `\GTP_LUT6'.
Parameter \INIT = 64'0000000100000001000000010000000100010011000100110001001100000001
Generating RTLIL representation for module `$paramod$6db6a6e9ea450ba7c97151f52348322ee1090e39\GTP_LUT6'.
Parameter \INIT = 64'0101111111010111101000000010100011010111111101010010100000001010
Found cached RTLIL representation for module `$paramod$faadfbce9aec5860350c941f014058f2c932bfb5\GTP_LUT6'.
Parameter \INIT = 64'1101011111110101001010000000101001011111110101111010000000101000
Found cached RTLIL representation for module `$paramod$6191c5fd7bcfaaff37808c3297a2620807ea9213\GTP_LUT6'.
Parameter \INIT = 64'1101011111110101001010000000101001011111110101111010000000101000
Found cached RTLIL representation for module `$paramod$6191c5fd7bcfaaff37808c3297a2620807ea9213\GTP_LUT6'.
Parameter \INIT = 32'11110111001100010111001100010000
Found cached RTLIL representation for module `$paramod\GTP_LUT5\INIT=32'11110111001100010111001100010000'.
Parameter \INIT = 838275187
Found cached RTLIL representation for module `$paramod\GTP_LUT5\INIT=32'00110001111101110001000001110011'.
Parameter \INIT = 64'0101111111010111101000000010100011010111111101010010100000001010
Found cached RTLIL representation for module `$paramod$faadfbce9aec5860350c941f014058f2c932bfb5\GTP_LUT6'.
Parameter \INIT = 32'11101111100011001100111000001000
Found cached RTLIL representation for module `$paramod\GTP_LUT5\INIT=32'11101111100011001100111000001000'.
Parameter \INIT = 32'11110111001100010111001100010000
Found cached RTLIL representation for module `$paramod\GTP_LUT5\INIT=32'11110111001100010111001100010000'.
Parameter \INIT = 64'1101011111110101001010000000101001011111110101111010000000101000
Found cached RTLIL representation for module `$paramod$6191c5fd7bcfaaff37808c3297a2620807ea9213\GTP_LUT6'.
Parameter \INIT = 32'11110111001100010111001100010000
Found cached RTLIL representation for module `$paramod\GTP_LUT5\INIT=32'11110111001100010111001100010000'.
Parameter \INIT = 32'10001100111011110000100011001110
Found cached RTLIL representation for module `$paramod\GTP_LUT5\INIT=32'10001100111011110000100011001110'.
Parameter \INIT = 32'10001100111011110000100011001110
Found cached RTLIL representation for module `$paramod\GTP_LUT5\INIT=32'10001100111011110000100011001110'.
Parameter \INIT = 64'1101011111110101001010000000101001011111110101111010000000101000
Found cached RTLIL representation for module `$paramod$6191c5fd7bcfaaff37808c3297a2620807ea9213\GTP_LUT6'.
Parameter \INIT = 64'0101111111010111101000000010100011010111111101010010100000001010
Found cached RTLIL representation for module `$paramod$faadfbce9aec5860350c941f014058f2c932bfb5\GTP_LUT6'.
Parameter \INIT = 64'0101101001011010010110100101101001011010010110100101101001100110
Found cached RTLIL representation for module `$paramod$7bd23b6eec1e989d865f12ae410c49b224445599\GTP_LUT6'.
Parameter \INIT = 32'11110111001100010111001100010000
Found cached RTLIL representation for module `$paramod\GTP_LUT5\INIT=32'11110111001100010111001100010000'.
Parameter \INIT = 64'1101011111110101001010000000101001011111110101111010000000101000
Found cached RTLIL representation for module `$paramod$6191c5fd7bcfaaff37808c3297a2620807ea9213\GTP_LUT6'.
Parameter \INIT = 32'11110111001100010111001100010000
Found cached RTLIL representation for module `$paramod\GTP_LUT5\INIT=32'11110111001100010111001100010000'.
Parameter \INIT = 32'10001100111011110000100011001110
Found cached RTLIL representation for module `$paramod\GTP_LUT5\INIT=32'10001100111011110000100011001110'.
Parameter \INIT = 64'0101111111010111101000000010100011010111111101010010100000001010
Found cached RTLIL representation for module `$paramod$faadfbce9aec5860350c941f014058f2c932bfb5\GTP_LUT6'.
Parameter \INIT = 64'0101111111010111101000000010100011010111111101010010100000001010
Found cached RTLIL representation for module `$paramod$faadfbce9aec5860350c941f014058f2c932bfb5\GTP_LUT6'.
Parameter \INIT = 64'1101011111110101001010000000101001011111110101111010000000101000
Found cached RTLIL representation for module `$paramod$6191c5fd7bcfaaff37808c3297a2620807ea9213\GTP_LUT6'.
Parameter \INIT = 64'1100100011001000110010001100100011001000110010001100100001000000

3.69. Executing AST frontend in derive mode using pre-parsed AST for module `\GTP_LUT6'.
Parameter \INIT = 64'1100100011001000110010001100100011001000110010001100100001000000
Generating RTLIL representation for module `$paramod$0f70a2e6a68658e2794db27f314a2d5b7fe28a8f\GTP_LUT6'.
Parameter \INIT = 64'0101101001011010010110100101101001011010010110100101101001100110
Found cached RTLIL representation for module `$paramod$7bd23b6eec1e989d865f12ae410c49b224445599\GTP_LUT6'.
Parameter \INIT = 16'1101001001111000
Found cached RTLIL representation for module `$paramod\GTP_LUT4\INIT=16'1101001001111000'.
Parameter \INIT = 32'11110111001100010111001100010000
Found cached RTLIL representation for module `$paramod\GTP_LUT5\INIT=32'11110111001100010111001100010000'.
Parameter \INIT = 838275187
Found cached RTLIL representation for module `$paramod\GTP_LUT5\INIT=32'00110001111101110001000001110011'.
Parameter \INIT = 16'0111100011010010
Found cached RTLIL representation for module `$paramod\GTP_LUT4\INIT=16'0111100011010010'.
Parameter \INIT = 16'0111100011010010
Found cached RTLIL representation for module `$paramod\GTP_LUT4\INIT=16'0111100011010010'.
Parameter \INIT = 64'1000100010000000111011101110110011001100110010001111111111111110
Found cached RTLIL representation for module `$paramod$2b8a633d22fdba6cb860910815984a0efd9868eb\GTP_LUT6'.
Parameter \INIT = 16'0111100011010010
Found cached RTLIL representation for module `$paramod\GTP_LUT4\INIT=16'0111100011010010'.
Parameter \INIT = 16'1101001001111000
Found cached RTLIL representation for module `$paramod\GTP_LUT4\INIT=16'1101001001111000'.
Parameter \INIT = 64'1101011111110101001010000000101001011111110101111010000000101000
Found cached RTLIL representation for module `$paramod$6191c5fd7bcfaaff37808c3297a2620807ea9213\GTP_LUT6'.
Parameter \INIT = 32'11110111001100010111001100010000
Found cached RTLIL representation for module `$paramod\GTP_LUT5\INIT=32'11110111001100010111001100010000'.
Parameter \INIT = 16'0111100011010010
Found cached RTLIL representation for module `$paramod\GTP_LUT4\INIT=16'0111100011010010'.
Parameter \INIT = 64'0101111111010111101000000010100011010111111101010010100000001010
Found cached RTLIL representation for module `$paramod$faadfbce9aec5860350c941f014058f2c932bfb5\GTP_LUT6'.
Parameter \INIT = 16'0111100011010010
Found cached RTLIL representation for module `$paramod\GTP_LUT4\INIT=16'0111100011010010'.
Parameter \INIT = 16'1101001001111000
Found cached RTLIL representation for module `$paramod\GTP_LUT4\INIT=16'1101001001111000'.
Parameter \INIT = 32'10001100111011110000100011001110
Found cached RTLIL representation for module `$paramod\GTP_LUT5\INIT=32'10001100111011110000100011001110'.
Parameter \INIT = 16'0111100011010010
Found cached RTLIL representation for module `$paramod\GTP_LUT4\INIT=16'0111100011010010'.
Parameter \INIT = 64'1101011111110101001010000000101001011111110101111010000000101000
Found cached RTLIL representation for module `$paramod$6191c5fd7bcfaaff37808c3297a2620807ea9213\GTP_LUT6'.
Parameter \INIT = 16'1101001001111000
Found cached RTLIL representation for module `$paramod\GTP_LUT4\INIT=16'1101001001111000'.
Parameter \INIT = 64'0101111111010111101000000010100011010111111101010010100000001010
Found cached RTLIL representation for module `$paramod$faadfbce9aec5860350c941f014058f2c932bfb5\GTP_LUT6'.
Parameter \INIT = 16'1101001001111000
Found cached RTLIL representation for module `$paramod\GTP_LUT4\INIT=16'1101001001111000'.
Parameter \INIT = 16'0111100011010010
Found cached RTLIL representation for module `$paramod\GTP_LUT4\INIT=16'0111100011010010'.
Parameter \INIT = 16'1101001001111000
Found cached RTLIL representation for module `$paramod\GTP_LUT4\INIT=16'1101001001111000'.
Parameter \INIT = 64'0101111111010111101000000010100011010111111101010010100000001010
Found cached RTLIL representation for module `$paramod$faadfbce9aec5860350c941f014058f2c932bfb5\GTP_LUT6'.
Parameter \INIT = 16'0111100011010010
Found cached RTLIL representation for module `$paramod\GTP_LUT4\INIT=16'0111100011010010'.
Parameter \INIT = 16'0111100011010010
Found cached RTLIL representation for module `$paramod\GTP_LUT4\INIT=16'0111100011010010'.
Parameter \INIT = 16'1101001001111000
Found cached RTLIL representation for module `$paramod\GTP_LUT4\INIT=16'1101001001111000'.
Parameter \INIT = 16'1101001001111000
Found cached RTLIL representation for module `$paramod\GTP_LUT4\INIT=16'1101001001111000'.
Parameter \INIT = 16'1101001001111000
Found cached RTLIL representation for module `$paramod\GTP_LUT4\INIT=16'1101001001111000'.
Parameter \INIT = 16'0111100011010010
Found cached RTLIL representation for module `$paramod\GTP_LUT4\INIT=16'0111100011010010'.
Parameter \INIT = 16'0111100011010010
Found cached RTLIL representation for module `$paramod\GTP_LUT4\INIT=16'0111100011010010'.
Parameter \INIT = 16'0111100011010010
Found cached RTLIL representation for module `$paramod\GTP_LUT4\INIT=16'0111100011010010'.
Parameter \INIT = 64'0101111111010111101000000010100011010111111101010010100000001010
Found cached RTLIL representation for module `$paramod$faadfbce9aec5860350c941f014058f2c932bfb5\GTP_LUT6'.
Parameter \INIT = 16'0111100011010010
Found cached RTLIL representation for module `$paramod\GTP_LUT4\INIT=16'0111100011010010'.
Parameter \INIT = 16'1101001001111000
Found cached RTLIL representation for module `$paramod\GTP_LUT4\INIT=16'1101001001111000'.
Parameter \INIT = 32'11110111001100010111001100010000
Found cached RTLIL representation for module `$paramod\GTP_LUT5\INIT=32'11110111001100010111001100010000'.
Parameter \INIT = 64'0101111111010111101000000010100011010111111101010010100000001010
Found cached RTLIL representation for module `$paramod$faadfbce9aec5860350c941f014058f2c932bfb5\GTP_LUT6'.
Parameter \INIT = 16'0111100011010010
Found cached RTLIL representation for module `$paramod\GTP_LUT4\INIT=16'0111100011010010'.
Parameter \INIT = 16'0111100011010010
Found cached RTLIL representation for module `$paramod\GTP_LUT4\INIT=16'0111100011010010'.
Parameter \INIT = 16'1101001001111000
Found cached RTLIL representation for module `$paramod\GTP_LUT4\INIT=16'1101001001111000'.
Parameter \INIT = 16'1101001001111000
Found cached RTLIL representation for module `$paramod\GTP_LUT4\INIT=16'1101001001111000'.
Parameter \INIT = 32'11110111001100010111001100010000
Found cached RTLIL representation for module `$paramod\GTP_LUT5\INIT=32'11110111001100010111001100010000'.
Parameter \INIT = 64'0101111111010111101000000010100011010111111101010010100000001010
Found cached RTLIL representation for module `$paramod$faadfbce9aec5860350c941f014058f2c932bfb5\GTP_LUT6'.
Parameter \INIT = 16'1101001001111000
Found cached RTLIL representation for module `$paramod\GTP_LUT4\INIT=16'1101001001111000'.
Parameter \INIT = 16'0111100011010010
Found cached RTLIL representation for module `$paramod\GTP_LUT4\INIT=16'0111100011010010'.
Parameter \INIT = 16'1101001001111000
Found cached RTLIL representation for module `$paramod\GTP_LUT4\INIT=16'1101001001111000'.
Parameter \INIT = 64'1101011111110101001010000000101001011111110101111010000000101000
Found cached RTLIL representation for module `$paramod$6191c5fd7bcfaaff37808c3297a2620807ea9213\GTP_LUT6'.
Parameter \INIT = 16'1101001001111000
Found cached RTLIL representation for module `$paramod\GTP_LUT4\INIT=16'1101001001111000'.
Parameter \INIT = 16'0111100011010010
Found cached RTLIL representation for module `$paramod\GTP_LUT4\INIT=16'0111100011010010'.
Parameter \INIT = 32'11110111001100010111001100010000
Found cached RTLIL representation for module `$paramod\GTP_LUT5\INIT=32'11110111001100010111001100010000'.
Parameter \INIT = 838275187
Found cached RTLIL representation for module `$paramod\GTP_LUT5\INIT=32'00110001111101110001000001110011'.
Parameter \INIT = 32'10001100111011110000100011001110
Found cached RTLIL representation for module `$paramod\GTP_LUT5\INIT=32'10001100111011110000100011001110'.
Parameter \INIT = 64'0101111111010111101000000010100011010111111101010010100000001010
Found cached RTLIL representation for module `$paramod$faadfbce9aec5860350c941f014058f2c932bfb5\GTP_LUT6'.
Parameter \INIT = 16'0111100011010010
Found cached RTLIL representation for module `$paramod\GTP_LUT4\INIT=16'0111100011010010'.
Parameter \INIT = 32'11110111001100010111001100010000
Found cached RTLIL representation for module `$paramod\GTP_LUT5\INIT=32'11110111001100010111001100010000'.
Parameter \INIT = 32'11110111001100010111001100010000
Found cached RTLIL representation for module `$paramod\GTP_LUT5\INIT=32'11110111001100010111001100010000'.
Parameter \INIT = 16'1101011100101000
Found cached RTLIL representation for module `$paramod\GTP_LUT4\INIT=16'1101011100101000'.
Parameter \INIT = 64'1101011111110101001010000000101001011111110101111010000000101000
Found cached RTLIL representation for module `$paramod$6191c5fd7bcfaaff37808c3297a2620807ea9213\GTP_LUT6'.
Parameter \INIT = 32'10001100111011110000100011001110
Found cached RTLIL representation for module `$paramod\GTP_LUT5\INIT=32'10001100111011110000100011001110'.
Parameter \INIT = 16'1101001001111000
Found cached RTLIL representation for module `$paramod\GTP_LUT4\INIT=16'1101001001111000'.
Parameter \INIT = 32'11110111001100010111001100010000
Found cached RTLIL representation for module `$paramod\GTP_LUT5\INIT=32'11110111001100010111001100010000'.
Parameter \INIT = 16'0111100011010010
Found cached RTLIL representation for module `$paramod\GTP_LUT4\INIT=16'0111100011010010'.
Parameter \INIT = 16'1101001001111000
Found cached RTLIL representation for module `$paramod\GTP_LUT4\INIT=16'1101001001111000'.
Parameter \INIT = 16'1101001001111000
Found cached RTLIL representation for module `$paramod\GTP_LUT4\INIT=16'1101001001111000'.
Parameter \INIT = 64'1001110010011100100111001001110010011100100111000110001110011100

3.70. Executing AST frontend in derive mode using pre-parsed AST for module `\GTP_LUT6'.
Parameter \INIT = 64'1001110010011100100111001001110010011100100111000110001110011100
Generating RTLIL representation for module `$paramod$9e46f84a2aabf5362add5a9117435fd75dfa163a\GTP_LUT6'.
Parameter \INIT = 16'0111100011010010
Found cached RTLIL representation for module `$paramod\GTP_LUT4\INIT=16'0111100011010010'.
Parameter \INIT = 64'1101011111110101001010000000101001011111110101111010000000101000
Found cached RTLIL representation for module `$paramod$6191c5fd7bcfaaff37808c3297a2620807ea9213\GTP_LUT6'.
Parameter \INIT = 64'1000111010001110100011100000100111001111110011111100111100011101

3.71. Executing AST frontend in derive mode using pre-parsed AST for module `\GTP_LUT6'.
Parameter \INIT = 64'1000111010001110100011100000100111001111110011111100111100011101
Generating RTLIL representation for module `$paramod$01688d0791fcf8a2e7fad64ab86fc8e1b9af73d9\GTP_LUT6'.
Parameter \INIT = 16'0111100011010010
Found cached RTLIL representation for module `$paramod\GTP_LUT4\INIT=16'0111100011010010'.
Parameter \INIT = 16'1101001001111000
Found cached RTLIL representation for module `$paramod\GTP_LUT4\INIT=16'1101001001111000'.
Parameter \INIT = 16'1101001001111000
Found cached RTLIL representation for module `$paramod\GTP_LUT4\INIT=16'1101001001111000'.
Parameter \INIT = 64'0000101010011110010111111101111100001000100111000001110010011100
Found cached RTLIL representation for module `$paramod$a5be1c4808c883f563053539778990037d2d5481\GTP_LUT6'.
Parameter \INIT = 16'0111100011010010
Found cached RTLIL representation for module `$paramod\GTP_LUT4\INIT=16'0111100011010010'.
Parameter \INIT = 16'0111100011010010
Found cached RTLIL representation for module `$paramod\GTP_LUT4\INIT=16'0111100011010010'.
Parameter \INIT = 16'1101001001111000
Found cached RTLIL representation for module `$paramod\GTP_LUT4\INIT=16'1101001001111000'.
Parameter \INIT = 16'0111100011010010
Found cached RTLIL representation for module `$paramod\GTP_LUT4\INIT=16'0111100011010010'.
Parameter \INIT = 218640255
Found cached RTLIL representation for module `$paramod\GTP_LUT5\INIT=32'00001101000010000010111101111111'.
Parameter \INIT = 16'0111100011010010
Found cached RTLIL representation for module `$paramod\GTP_LUT4\INIT=16'0111100011010010'.
Parameter \INIT = 16'1101001001111000
Found cached RTLIL representation for module `$paramod\GTP_LUT4\INIT=16'1101001001111000'.
Parameter \INIT = 16'0111100011010010
Found cached RTLIL representation for module `$paramod\GTP_LUT4\INIT=16'0111100011010010'.
Parameter \INIT = 16'0111100011010010
Found cached RTLIL representation for module `$paramod\GTP_LUT4\INIT=16'0111100011010010'.
Parameter \INIT = 16'0111100011010010
Found cached RTLIL representation for module `$paramod\GTP_LUT4\INIT=16'0111100011010010'.
Parameter \INIT = 64'0110011010010011100101100110001100110110110000111100011000110011
Found cached RTLIL representation for module `$paramod$035de34368019fb32107e33d3d2d9f9818aaba30\GTP_LUT6'.
Parameter \INIT = 16'1101001001111000
Found cached RTLIL representation for module `$paramod\GTP_LUT4\INIT=16'1101001001111000'.
Parameter \INIT = 16'0111100011010010
Found cached RTLIL representation for module `$paramod\GTP_LUT4\INIT=16'0111100011010010'.
Parameter \INIT = 64'1101011111110101001010000000101001011111110101111010000000101000
Found cached RTLIL representation for module `$paramod$6191c5fd7bcfaaff37808c3297a2620807ea9213\GTP_LUT6'.
Parameter \INIT = 16'1101001001111000
Found cached RTLIL representation for module `$paramod\GTP_LUT4\INIT=16'1101001001111000'.
Parameter \INIT = 16'1101001001111000
Found cached RTLIL representation for module `$paramod\GTP_LUT4\INIT=16'1101001001111000'.
Parameter \INIT = 16'1101001001111000
Found cached RTLIL representation for module `$paramod\GTP_LUT4\INIT=16'1101001001111000'.
Parameter \INIT = 275984887
Found cached RTLIL representation for module `$paramod\GTP_LUT5\INIT=32'00010000011100110011000111110111'.
Parameter \INIT = 144579807

3.72. Executing AST frontend in derive mode using pre-parsed AST for module `\GTP_LUT5'.
Parameter \INIT = 144579807
Generating RTLIL representation for module `$paramod\GTP_LUT5\INIT=32'00001000100111100001110011011111'.
Parameter \INIT = 16'0101011010011010
Found cached RTLIL representation for module `$paramod\GTP_LUT4\INIT=16'0101011010011010'.
Parameter \INIT = 16'1101001001111000
Found cached RTLIL representation for module `$paramod\GTP_LUT4\INIT=16'1101001001111000'.
Parameter \INIT = 8'01100011

3.73. Executing AST frontend in derive mode using pre-parsed AST for module `\GTP_LUT3'.
Parameter \INIT = 8'01100011
Generating RTLIL representation for module `$paramod\GTP_LUT3\INIT=8'01100011'.
Parameter \INIT = 32'10111011101110110010001000101011

3.74. Executing AST frontend in derive mode using pre-parsed AST for module `\GTP_LUT5'.
Parameter \INIT = 32'10111011101110110010001000101011
Generating RTLIL representation for module `$paramod\GTP_LUT5\INIT=32'10111011101110110010001000101011'.
Parameter \INIT = 32'10111011101110110010001000101011
Found cached RTLIL representation for module `$paramod\GTP_LUT5\INIT=32'10111011101110110010001000101011'.
Parameter \INIT = 64'1101011100101000110101110010100011011101001000101101011100101000

3.75. Executing AST frontend in derive mode using pre-parsed AST for module `\GTP_LUT6'.
Parameter \INIT = 64'1101011100101000110101110010100011011101001000101101011100101000
Generating RTLIL representation for module `$paramod$48b50617ef81380947632babc67a0ce4089391e4\GTP_LUT6'.
Parameter \INIT = 64'0101111111010111101000000010100011010111111101010010100000001010
Found cached RTLIL representation for module `$paramod$faadfbce9aec5860350c941f014058f2c932bfb5\GTP_LUT6'.
Parameter \INIT = 64'1101011111110101001010000000101001011111110101111010000000101000
Found cached RTLIL representation for module `$paramod$6191c5fd7bcfaaff37808c3297a2620807ea9213\GTP_LUT6'.
Parameter \INIT = 64'1101011101011111001010001010000011110101110101110000101000101000
Found cached RTLIL representation for module `$paramod$ac322abe1352d00788da342d809764297918a223\GTP_LUT6'.
Parameter \INIT = 32'11110111001100010111001100010000
Found cached RTLIL representation for module `$paramod\GTP_LUT5\INIT=32'11110111001100010111001100010000'.
Parameter \INIT = 1903251569

3.76. Executing AST frontend in derive mode using pre-parsed AST for module `\GTP_LUT5'.
Parameter \INIT = 1903251569
Generating RTLIL representation for module `$paramod\GTP_LUT5\INIT=32'01110001011100010101000001110001'.
Parameter \INIT = 64'0101111111010111101000000010100011010111111101010010100000001010
Found cached RTLIL representation for module `$paramod$faadfbce9aec5860350c941f014058f2c932bfb5\GTP_LUT6'.
Parameter \INIT = 32'10001100111011110000100011001110
Found cached RTLIL representation for module `$paramod\GTP_LUT5\INIT=32'10001100111011110000100011001110'.
Parameter \INIT = 64'0101111111010111101000000010100011010111111101010010100000001010
Found cached RTLIL representation for module `$paramod$faadfbce9aec5860350c941f014058f2c932bfb5\GTP_LUT6'.
Parameter \INIT = 32'11110111001100010111001100010000
Found cached RTLIL representation for module `$paramod\GTP_LUT5\INIT=32'11110111001100010111001100010000'.
Parameter \INIT = 32'11110111001100010111001100010000
Found cached RTLIL representation for module `$paramod\GTP_LUT5\INIT=32'11110111001100010111001100010000'.
Parameter \INIT = 64'1101011111110101001010000000101001011111110101111010000000101000
Found cached RTLIL representation for module `$paramod$6191c5fd7bcfaaff37808c3297a2620807ea9213\GTP_LUT6'.
Parameter \INIT = 64'1101011111110101001010000000101001011111110101111010000000101000
Found cached RTLIL representation for module `$paramod$6191c5fd7bcfaaff37808c3297a2620807ea9213\GTP_LUT6'.
Parameter \INIT = 32'10001100111011110000100011001110
Found cached RTLIL representation for module `$paramod\GTP_LUT5\INIT=32'10001100111011110000100011001110'.
Parameter \INIT = 64'1101011111110101001010000000101001011111110101111010000000101000
Found cached RTLIL representation for module `$paramod$6191c5fd7bcfaaff37808c3297a2620807ea9213\GTP_LUT6'.
Parameter \INIT = 64'0101111111010111101000000010100011010111111101010010100000001010
Found cached RTLIL representation for module `$paramod$faadfbce9aec5860350c941f014058f2c932bfb5\GTP_LUT6'.
Parameter \INIT = 64'1101011111110101001010000000101001011111110101111010000000101000
Found cached RTLIL representation for module `$paramod$6191c5fd7bcfaaff37808c3297a2620807ea9213\GTP_LUT6'.
Parameter \INIT = 64'0101111111010111101000000010100011010111111101010010100000001010
Found cached RTLIL representation for module `$paramod$faadfbce9aec5860350c941f014058f2c932bfb5\GTP_LUT6'.
Parameter \INIT = 838275187
Found cached RTLIL representation for module `$paramod\GTP_LUT5\INIT=32'00110001111101110001000001110011'.
Parameter \INIT = 838275187
Found cached RTLIL representation for module `$paramod\GTP_LUT5\INIT=32'00110001111101110001000001110011'.
Parameter \INIT = 32'10001100111011110000100011001110
Found cached RTLIL representation for module `$paramod\GTP_LUT5\INIT=32'10001100111011110000100011001110'.
Parameter \INIT = 32'10001100111011110000100011001110
Found cached RTLIL representation for module `$paramod\GTP_LUT5\INIT=32'10001100111011110000100011001110'.
Parameter \INIT = 64'1101011111110101001010000000101001011111110101111010000000101000
Found cached RTLIL representation for module `$paramod$6191c5fd7bcfaaff37808c3297a2620807ea9213\GTP_LUT6'.
Parameter \INIT = 64'0101111111010111101000000010100011010111111101010010100000001010
Found cached RTLIL representation for module `$paramod$faadfbce9aec5860350c941f014058f2c932bfb5\GTP_LUT6'.
Parameter \INIT = 64'0101111111010111101000000010100011010111111101010010100000001010
Found cached RTLIL representation for module `$paramod$faadfbce9aec5860350c941f014058f2c932bfb5\GTP_LUT6'.
Parameter \INIT = 32'10001100111011110000100011001110
Found cached RTLIL representation for module `$paramod\GTP_LUT5\INIT=32'10001100111011110000100011001110'.
Parameter \INIT = 32'10001100111011110000100011001110
Found cached RTLIL representation for module `$paramod\GTP_LUT5\INIT=32'10001100111011110000100011001110'.
Parameter \INIT = 838275187
Found cached RTLIL representation for module `$paramod\GTP_LUT5\INIT=32'00110001111101110001000001110011'.
Parameter \INIT = 64'1101011101011111001010001010000011110101110101110000101000101000
Found cached RTLIL representation for module `$paramod$ac322abe1352d00788da342d809764297918a223\GTP_LUT6'.
Parameter \INIT = 838275187
Found cached RTLIL representation for module `$paramod\GTP_LUT5\INIT=32'00110001111101110001000001110011'.
Parameter \INIT = 64'0101111111010111101000000010100011010111111101010010100000001010
Found cached RTLIL representation for module `$paramod$faadfbce9aec5860350c941f014058f2c932bfb5\GTP_LUT6'.
Parameter \INIT = 64'1101011111110101001010000000101001011111110101111010000000101000
Found cached RTLIL representation for module `$paramod$6191c5fd7bcfaaff37808c3297a2620807ea9213\GTP_LUT6'.
Parameter \INIT = 64'1101011111110101001010000000101001011111110101111010000000101000
Found cached RTLIL representation for module `$paramod$6191c5fd7bcfaaff37808c3297a2620807ea9213\GTP_LUT6'.
Parameter \INIT = 64'0101111111010111101000000010100011010111111101010010100000001010
Found cached RTLIL representation for module `$paramod$faadfbce9aec5860350c941f014058f2c932bfb5\GTP_LUT6'.
Parameter \INIT = 64'0101111111010111101000000010100011010111111101010010100000001010
Found cached RTLIL representation for module `$paramod$faadfbce9aec5860350c941f014058f2c932bfb5\GTP_LUT6'.
Parameter \INIT = 838275187
Found cached RTLIL representation for module `$paramod\GTP_LUT5\INIT=32'00110001111101110001000001110011'.
Parameter \INIT = 32'10001100111011110000100011001110
Found cached RTLIL representation for module `$paramod\GTP_LUT5\INIT=32'10001100111011110000100011001110'.
Parameter \INIT = 64'0101111111010111101000000010100011010111111101010010100000001010
Found cached RTLIL representation for module `$paramod$faadfbce9aec5860350c941f014058f2c932bfb5\GTP_LUT6'.
Parameter \INIT = 64'1101011101011111001010001010000011110101110101110000101000101000
Found cached RTLIL representation for module `$paramod$ac322abe1352d00788da342d809764297918a223\GTP_LUT6'.
Parameter \INIT = 64'1101011111110101001010000000101001011111110101111010000000101000
Found cached RTLIL representation for module `$paramod$6191c5fd7bcfaaff37808c3297a2620807ea9213\GTP_LUT6'.
Parameter \INIT = 64'0101111111010111101000000010100011010111111101010010100000001010
Found cached RTLIL representation for module `$paramod$faadfbce9aec5860350c941f014058f2c932bfb5\GTP_LUT6'.
Parameter \INIT = 64'1101011111110101001010000000101001011111110101111010000000101000
Found cached RTLIL representation for module `$paramod$6191c5fd7bcfaaff37808c3297a2620807ea9213\GTP_LUT6'.
Parameter \INIT = 32'11101111100011001100111000001000
Found cached RTLIL representation for module `$paramod\GTP_LUT5\INIT=32'11101111100011001100111000001000'.
Parameter \INIT = 32'11110111001100010111001100010000
Found cached RTLIL representation for module `$paramod\GTP_LUT5\INIT=32'11110111001100010111001100010000'.
Parameter \INIT = 32'11110111001100010111001100010000
Found cached RTLIL representation for module `$paramod\GTP_LUT5\INIT=32'11110111001100010111001100010000'.
Parameter \INIT = 32'11110111001100010111001100010000
Found cached RTLIL representation for module `$paramod\GTP_LUT5\INIT=32'11110111001100010111001100010000'.
Parameter \INIT = 64'0101111111010111101000000010100011010111111101010010100000001010
Found cached RTLIL representation for module `$paramod$faadfbce9aec5860350c941f014058f2c932bfb5\GTP_LUT6'.
Parameter \INIT = 32'11101111100011001100111000001000
Found cached RTLIL representation for module `$paramod\GTP_LUT5\INIT=32'11101111100011001100111000001000'.
Parameter \INIT = 32'11101111100011001100111000001000
Found cached RTLIL representation for module `$paramod\GTP_LUT5\INIT=32'11101111100011001100111000001000'.
Parameter \INIT = 64'1101011111110101001010000000101001011111110101111010000000101000
Found cached RTLIL representation for module `$paramod$6191c5fd7bcfaaff37808c3297a2620807ea9213\GTP_LUT6'.
Parameter \INIT = 64'0101111111010111101000000010100011010111111101010010100000001010
Found cached RTLIL representation for module `$paramod$faadfbce9aec5860350c941f014058f2c932bfb5\GTP_LUT6'.
Parameter \INIT = 838275187
Found cached RTLIL representation for module `$paramod\GTP_LUT5\INIT=32'00110001111101110001000001110011'.
Parameter \INIT = 32'11110111001100010111001100010000
Found cached RTLIL representation for module `$paramod\GTP_LUT5\INIT=32'11110111001100010111001100010000'.
Parameter \INIT = 2131965697
Found cached RTLIL representation for module `$paramod\GTP_LUT5\INIT=32'01111111000100110011011100000001'.
Parameter \INIT = 64'0101111111010111101000000010100011010111111101010010100000001010
Found cached RTLIL representation for module `$paramod$faadfbce9aec5860350c941f014058f2c932bfb5\GTP_LUT6'.
Parameter \INIT = 64'0101111111010111101000000010100011010111111101010010100000001010
Found cached RTLIL representation for module `$paramod$faadfbce9aec5860350c941f014058f2c932bfb5\GTP_LUT6'.
Parameter \INIT = 32'10001100111011110000100011001110
Found cached RTLIL representation for module `$paramod\GTP_LUT5\INIT=32'10001100111011110000100011001110'.
Parameter \INIT = 32'11110111001100010111001100010000
Found cached RTLIL representation for module `$paramod\GTP_LUT5\INIT=32'11110111001100010111001100010000'.
Parameter \INIT = 32'10001100111011110000100011001110
Found cached RTLIL representation for module `$paramod\GTP_LUT5\INIT=32'10001100111011110000100011001110'.
Parameter \INIT = 32'11110111001100010111001100010000
Found cached RTLIL representation for module `$paramod\GTP_LUT5\INIT=32'11110111001100010111001100010000'.
Parameter \INIT = 32'11110111001100010111001100010000
Found cached RTLIL representation for module `$paramod\GTP_LUT5\INIT=32'11110111001100010111001100010000'.
Parameter \INIT = 32'11110111001100010111001100010000
Found cached RTLIL representation for module `$paramod\GTP_LUT5\INIT=32'11110111001100010111001100010000'.
Parameter \INIT = 64'0101111111010111101000000010100011010111111101010010100000001010
Found cached RTLIL representation for module `$paramod$faadfbce9aec5860350c941f014058f2c932bfb5\GTP_LUT6'.
Parameter \INIT = 32'10001100111011110000100011001110
Found cached RTLIL representation for module `$paramod\GTP_LUT5\INIT=32'10001100111011110000100011001110'.
Parameter \INIT = 64'1101011111110101001010000000101001011111110101111010000000101000
Found cached RTLIL representation for module `$paramod$6191c5fd7bcfaaff37808c3297a2620807ea9213\GTP_LUT6'.
Parameter \INIT = 64'1101011111110101001010000000101001011111110101111010000000101000
Found cached RTLIL representation for module `$paramod$6191c5fd7bcfaaff37808c3297a2620807ea9213\GTP_LUT6'.
Parameter \INIT = 32'11110111001100010111001100010000
Found cached RTLIL representation for module `$paramod\GTP_LUT5\INIT=32'11110111001100010111001100010000'.
Parameter \INIT = 32'11110111001100010111001100010000
Found cached RTLIL representation for module `$paramod\GTP_LUT5\INIT=32'11110111001100010111001100010000'.
Parameter \INIT = 64'0101111111010111101000000010100011010111111101010010100000001010
Found cached RTLIL representation for module `$paramod$faadfbce9aec5860350c941f014058f2c932bfb5\GTP_LUT6'.
Parameter \INIT = 32'10001100111011110000100011001110
Found cached RTLIL representation for module `$paramod\GTP_LUT5\INIT=32'10001100111011110000100011001110'.
Parameter \INIT = 64'0101111111010111101000000010100011010111111101010010100000001010
Found cached RTLIL representation for module `$paramod$faadfbce9aec5860350c941f014058f2c932bfb5\GTP_LUT6'.
Parameter \INIT = 838275187
Found cached RTLIL representation for module `$paramod\GTP_LUT5\INIT=32'00110001111101110001000001110011'.
Parameter \INIT = 16'0000111100101101

3.77. Executing AST frontend in derive mode using pre-parsed AST for module `\GTP_LUT4'.
Parameter \INIT = 16'0000111100101101
Generating RTLIL representation for module `$paramod\GTP_LUT4\INIT=16'0000111100101101'.
Parameter \INIT = 64'0101111111010111101000000010100011010111111101010010100000001010
Found cached RTLIL representation for module `$paramod$faadfbce9aec5860350c941f014058f2c932bfb5\GTP_LUT6'.
Parameter \INIT = 64'0101111111010111101000000010100011010111111101010010100000001010
Found cached RTLIL representation for module `$paramod$faadfbce9aec5860350c941f014058f2c932bfb5\GTP_LUT6'.
Parameter \INIT = 64'1101011111110101001010000000101001011111110101111010000000101000
Found cached RTLIL representation for module `$paramod$6191c5fd7bcfaaff37808c3297a2620807ea9213\GTP_LUT6'.
Parameter \INIT = 838275187
Found cached RTLIL representation for module `$paramod\GTP_LUT5\INIT=32'00110001111101110001000001110011'.
Parameter \INIT = 32'11110111001100010111001100010000
Found cached RTLIL representation for module `$paramod\GTP_LUT5\INIT=32'11110111001100010111001100010000'.
Parameter \INIT = 64'1101011111110101001010000000101001011111110101111010000000101000
Found cached RTLIL representation for module `$paramod$6191c5fd7bcfaaff37808c3297a2620807ea9213\GTP_LUT6'.
Parameter \INIT = 32'11110111001100010111001100010000
Found cached RTLIL representation for module `$paramod\GTP_LUT5\INIT=32'11110111001100010111001100010000'.
Parameter \INIT = 32'10001100111011110000100011001110
Found cached RTLIL representation for module `$paramod\GTP_LUT5\INIT=32'10001100111011110000100011001110'.
Parameter \INIT = 64'0101111111010111101000000010100011010111111101010010100000001010
Found cached RTLIL representation for module `$paramod$faadfbce9aec5860350c941f014058f2c932bfb5\GTP_LUT6'.
Parameter \INIT = 32'11110111001100010111001100010000
Found cached RTLIL representation for module `$paramod\GTP_LUT5\INIT=32'11110111001100010111001100010000'.
Parameter \INIT = 32'11110111001100010111001100010000
Found cached RTLIL representation for module `$paramod\GTP_LUT5\INIT=32'11110111001100010111001100010000'.
Parameter \INIT = 64'1101011111110101001010000000101001011111110101111010000000101000
Found cached RTLIL representation for module `$paramod$6191c5fd7bcfaaff37808c3297a2620807ea9213\GTP_LUT6'.
Parameter \INIT = 32'11110111001100010111001100010000
Found cached RTLIL representation for module `$paramod\GTP_LUT5\INIT=32'11110111001100010111001100010000'.
Parameter \INIT = 32'11101111100011001100111000001000
Found cached RTLIL representation for module `$paramod\GTP_LUT5\INIT=32'11101111100011001100111000001000'.
Parameter \INIT = 16'0111100011010010
Found cached RTLIL representation for module `$paramod\GTP_LUT4\INIT=16'0111100011010010'.
Parameter \INIT = 64'0101111111010111101000000010100011010111111101010010100000001010
Found cached RTLIL representation for module `$paramod$faadfbce9aec5860350c941f014058f2c932bfb5\GTP_LUT6'.
Parameter \INIT = 64'0100000101000001010000010100000101000001010000010100000100000101

3.78. Executing AST frontend in derive mode using pre-parsed AST for module `\GTP_LUT6'.
Parameter \INIT = 64'0100000101000001010000010100000101000001010000010100000100000101
Generating RTLIL representation for module `$paramod$e0431b7a23684631772d198c9527d9769c5d3d90\GTP_LUT6'.
Parameter \INIT = 64'0010100000101000001010000010100000101000001010000010100010100000

3.79. Executing AST frontend in derive mode using pre-parsed AST for module `\GTP_LUT6'.
Parameter \INIT = 64'0010100000101000001010000010100000101000001010000010100010100000
Generating RTLIL representation for module `$paramod$d80d44bc0b910f06313c33c1da9aa76693bd612c\GTP_LUT6'.
Parameter \INIT = 64'1101011111110101001010000000101001011111110101111010000000101000
Found cached RTLIL representation for module `$paramod$6191c5fd7bcfaaff37808c3297a2620807ea9213\GTP_LUT6'.
Parameter \INIT = 16'1101011100101000
Found cached RTLIL representation for module `$paramod\GTP_LUT4\INIT=16'1101011100101000'.
Parameter \INIT = 32'10001100111011110000100011001110
Found cached RTLIL representation for module `$paramod\GTP_LUT5\INIT=32'10001100111011110000100011001110'.
Parameter \INIT = 16'0111100011010010
Found cached RTLIL representation for module `$paramod\GTP_LUT4\INIT=16'0111100011010010'.
Parameter \INIT = 838275187
Found cached RTLIL representation for module `$paramod\GTP_LUT5\INIT=32'00110001111101110001000001110011'.
Parameter \INIT = 64'0101111111010111101000000010100011010111111101010010100000001010
Found cached RTLIL representation for module `$paramod$faadfbce9aec5860350c941f014058f2c932bfb5\GTP_LUT6'.
Parameter \INIT = 64'0101111111010111101000000010100011010111111101010010100000001010
Found cached RTLIL representation for module `$paramod$faadfbce9aec5860350c941f014058f2c932bfb5\GTP_LUT6'.
Parameter \INIT = 64'0101111111010111101000000010100011010111111101010010100000001010
Found cached RTLIL representation for module `$paramod$faadfbce9aec5860350c941f014058f2c932bfb5\GTP_LUT6'.
Parameter \INIT = 32'11110111001100010111001100010000
Found cached RTLIL representation for module `$paramod\GTP_LUT5\INIT=32'11110111001100010111001100010000'.
Parameter \INIT = 64'0101111111010111101000000010100011010111111101010010100000001010
Found cached RTLIL representation for module `$paramod$faadfbce9aec5860350c941f014058f2c932bfb5\GTP_LUT6'.
Parameter \INIT = 16'0111100011010010
Found cached RTLIL representation for module `$paramod\GTP_LUT4\INIT=16'0111100011010010'.
Parameter \INIT = 64'0101111111010111101000000010100011010111111101010010100000001010
Found cached RTLIL representation for module `$paramod$faadfbce9aec5860350c941f014058f2c932bfb5\GTP_LUT6'.
Parameter \INIT = 16'1101001001111000
Found cached RTLIL representation for module `$paramod\GTP_LUT4\INIT=16'1101001001111000'.
Parameter \INIT = 16'1101001001111000
Found cached RTLIL representation for module `$paramod\GTP_LUT4\INIT=16'1101001001111000'.
Parameter \INIT = 16'1101001001111000
Found cached RTLIL representation for module `$paramod\GTP_LUT4\INIT=16'1101001001111000'.
Parameter \INIT = 32'10001100111011110000100011001110
Found cached RTLIL representation for module `$paramod\GTP_LUT5\INIT=32'10001100111011110000100011001110'.
Parameter \INIT = 64'1101011111110101001010000000101001011111110101111010000000101000
Found cached RTLIL representation for module `$paramod$6191c5fd7bcfaaff37808c3297a2620807ea9213\GTP_LUT6'.
Parameter \INIT = 64'0100000101000001010000010100000101000001010000010100000100010001

3.80. Executing AST frontend in derive mode using pre-parsed AST for module `\GTP_LUT6'.
Parameter \INIT = 64'0100000101000001010000010100000101000001010000010100000100010001
Generating RTLIL representation for module `$paramod$f3525fc33c58ead951f96dd67a041e71ecf24914\GTP_LUT6'.
Parameter \INIT = 64'0010100000101000001010000010100000101000001010000010100010001000

3.81. Executing AST frontend in derive mode using pre-parsed AST for module `\GTP_LUT6'.
Parameter \INIT = 64'0010100000101000001010000010100000101000001010000010100010001000
Generating RTLIL representation for module `$paramod$3ff33c563fa0bd3bffdb0745c8320b22ccc827c4\GTP_LUT6'.
Parameter \INIT = 16'0111100011010010
Found cached RTLIL representation for module `$paramod\GTP_LUT4\INIT=16'0111100011010010'.
Parameter \INIT = 16'1101001001111000
Found cached RTLIL representation for module `$paramod\GTP_LUT4\INIT=16'1101001001111000'.
Parameter \INIT = 16'0111100011010010
Found cached RTLIL representation for module `$paramod\GTP_LUT4\INIT=16'0111100011010010'.
Parameter \INIT = 64'0100000101000001010000010100000101000001010000010100000100000101
Found cached RTLIL representation for module `$paramod$e0431b7a23684631772d198c9527d9769c5d3d90\GTP_LUT6'.
Parameter \INIT = 64'0010100000101000001010000010100000101000001010000010100010100000
Found cached RTLIL representation for module `$paramod$d80d44bc0b910f06313c33c1da9aa76693bd612c\GTP_LUT6'.
Parameter \INIT = 16'0111100011010010
Found cached RTLIL representation for module `$paramod\GTP_LUT4\INIT=16'0111100011010010'.
Parameter \INIT = 32'11110111001100010111001100010000
Found cached RTLIL representation for module `$paramod\GTP_LUT5\INIT=32'11110111001100010111001100010000'.
Parameter \INIT = 64'1101011101011111001010001010000011110101110101110000101000101000
Found cached RTLIL representation for module `$paramod$ac322abe1352d00788da342d809764297918a223\GTP_LUT6'.
Parameter \INIT = 16'1101001001111000
Found cached RTLIL representation for module `$paramod\GTP_LUT4\INIT=16'1101001001111000'.
Parameter \INIT = 16'1101001001111000
Found cached RTLIL representation for module `$paramod\GTP_LUT4\INIT=16'1101001001111000'.
Parameter \INIT = 16'1101001001111000
Found cached RTLIL representation for module `$paramod\GTP_LUT4\INIT=16'1101001001111000'.
Parameter \INIT = 16'0111100011010010
Found cached RTLIL representation for module `$paramod\GTP_LUT4\INIT=16'0111100011010010'.
Parameter \INIT = 32'11001110000010001110111110001100

3.82. Executing AST frontend in derive mode using pre-parsed AST for module `\GTP_LUT5'.
Parameter \INIT = 32'11001110000010001110111110001100
Generating RTLIL representation for module `$paramod\GTP_LUT5\INIT=32'11001110000010001110111110001100'.
Parameter \INIT = 16'0111100011010010
Found cached RTLIL representation for module `$paramod\GTP_LUT4\INIT=16'0111100011010010'.
Parameter \INIT = 32'11110111001100010111001100010000
Found cached RTLIL representation for module `$paramod\GTP_LUT5\INIT=32'11110111001100010111001100010000'.
Parameter \INIT = 16'1101001001111000
Found cached RTLIL representation for module `$paramod\GTP_LUT4\INIT=16'1101001001111000'.
Parameter \INIT = 838275187
Found cached RTLIL representation for module `$paramod\GTP_LUT5\INIT=32'00110001111101110001000001110011'.
Parameter \INIT = 16'1101001001111000
Found cached RTLIL representation for module `$paramod\GTP_LUT4\INIT=16'1101001001111000'.
Parameter \INIT = 16'0111100011010010
Found cached RTLIL representation for module `$paramod\GTP_LUT4\INIT=16'0111100011010010'.
Parameter \INIT = 16'0111100011010010
Found cached RTLIL representation for module `$paramod\GTP_LUT4\INIT=16'0111100011010010'.
Parameter \INIT = 16'0111100011010010
Found cached RTLIL representation for module `$paramod\GTP_LUT4\INIT=16'0111100011010010'.
Parameter \INIT = 16'0111100011010010
Found cached RTLIL representation for module `$paramod\GTP_LUT4\INIT=16'0111100011010010'.
Parameter \INIT = 838275187
Found cached RTLIL representation for module `$paramod\GTP_LUT5\INIT=32'00110001111101110001000001110011'.
Parameter \INIT = 16'1101001001111000
Found cached RTLIL representation for module `$paramod\GTP_LUT4\INIT=16'1101001001111000'.
Parameter \INIT = 16'1101011100101000
Found cached RTLIL representation for module `$paramod\GTP_LUT4\INIT=16'1101011100101000'.
Parameter \INIT = 16'1101001001111000
Found cached RTLIL representation for module `$paramod\GTP_LUT4\INIT=16'1101001001111000'.
Parameter \INIT = 16'0111100011010010
Found cached RTLIL representation for module `$paramod\GTP_LUT4\INIT=16'0111100011010010'.
Parameter \INIT = 16'0111100011010010
Found cached RTLIL representation for module `$paramod\GTP_LUT4\INIT=16'0111100011010010'.
Parameter \INIT = 64'0101111111010111101000000010100011010111111101010010100000001010
Found cached RTLIL representation for module `$paramod$faadfbce9aec5860350c941f014058f2c932bfb5\GTP_LUT6'.
Parameter \INIT = 64'0101111111010111101000000010100011010111111101010010100000001010
Found cached RTLIL representation for module `$paramod$faadfbce9aec5860350c941f014058f2c932bfb5\GTP_LUT6'.
Parameter \INIT = 16'1101001001111000
Found cached RTLIL representation for module `$paramod\GTP_LUT4\INIT=16'1101001001111000'.
Parameter \INIT = 16'0111100011010010
Found cached RTLIL representation for module `$paramod\GTP_LUT4\INIT=16'0111100011010010'.
Parameter \INIT = 32'11101111100011001100111000001000
Found cached RTLIL representation for module `$paramod\GTP_LUT5\INIT=32'11101111100011001100111000001000'.
Parameter \INIT = 64'1101011111110101001010000000101001011111110101111010000000101000
Found cached RTLIL representation for module `$paramod$6191c5fd7bcfaaff37808c3297a2620807ea9213\GTP_LUT6'.
Parameter \INIT = 16'0111100011010010
Found cached RTLIL representation for module `$paramod\GTP_LUT4\INIT=16'0111100011010010'.
Parameter \INIT = 64'0101101001011010010110100101101001011010010110100101101001100110
Found cached RTLIL representation for module `$paramod$7bd23b6eec1e989d865f12ae410c49b224445599\GTP_LUT6'.
Parameter \INIT = 32'11110111001100010111001100010000
Found cached RTLIL representation for module `$paramod\GTP_LUT5\INIT=32'11110111001100010111001100010000'.
Parameter \INIT = 32'11110111001100010111001100010000
Found cached RTLIL representation for module `$paramod\GTP_LUT5\INIT=32'11110111001100010111001100010000'.
Parameter \INIT = 16'1101001001111000
Found cached RTLIL representation for module `$paramod\GTP_LUT4\INIT=16'1101001001111000'.
Parameter \INIT = 64'0101111111010111101000000010100011010111111101010010100000001010
Found cached RTLIL representation for module `$paramod$faadfbce9aec5860350c941f014058f2c932bfb5\GTP_LUT6'.
Parameter \INIT = 64'0101111111010111101000000010100011010111111101010010100000001010
Found cached RTLIL representation for module `$paramod$faadfbce9aec5860350c941f014058f2c932bfb5\GTP_LUT6'.
Parameter \INIT = 32'11101111100011001100111000001000
Found cached RTLIL representation for module `$paramod\GTP_LUT5\INIT=32'11101111100011001100111000001000'.
Parameter \INIT = 16'0111100011010010
Found cached RTLIL representation for module `$paramod\GTP_LUT4\INIT=16'0111100011010010'.
Parameter \INIT = 147754223

3.83. Executing AST frontend in derive mode using pre-parsed AST for module `\GTP_LUT5'.
Parameter \INIT = 147754223
Generating RTLIL representation for module `$paramod\GTP_LUT5\INIT=32'00001000110011101000110011101111'.
Parameter \INIT = 64'1101011111110101001010000000101001011111110101111010000000101000
Found cached RTLIL representation for module `$paramod$6191c5fd7bcfaaff37808c3297a2620807ea9213\GTP_LUT6'.
Parameter \INIT = 16'0111100011010010
Found cached RTLIL representation for module `$paramod\GTP_LUT4\INIT=16'0111100011010010'.
Parameter \INIT = 64'0000111000001110000011100000111000001110000011100000111011111110

3.84. Executing AST frontend in derive mode using pre-parsed AST for module `\GTP_LUT6'.
Parameter \INIT = 64'0000111000001110000011100000111000001110000011100000111011111110
Generating RTLIL representation for module `$paramod$75543a2e08dc66994b36885e659d27ed604ae873\GTP_LUT6'.
Parameter \INIT = 16'0111100011010010
Found cached RTLIL representation for module `$paramod\GTP_LUT4\INIT=16'0111100011010010'.
Parameter \INIT = 16'1101001001111000
Found cached RTLIL representation for module `$paramod\GTP_LUT4\INIT=16'1101001001111000'.
Parameter \INIT = 32'11110111001100010111001100010000
Found cached RTLIL representation for module `$paramod\GTP_LUT5\INIT=32'11110111001100010111001100010000'.
Parameter \INIT = 16'0111100011010010
Found cached RTLIL representation for module `$paramod\GTP_LUT4\INIT=16'0111100011010010'.
Parameter \INIT = 838275187
Found cached RTLIL representation for module `$paramod\GTP_LUT5\INIT=32'00110001111101110001000001110011'.
Parameter \INIT = 16'0111100011010010
Found cached RTLIL representation for module `$paramod\GTP_LUT4\INIT=16'0111100011010010'.
Parameter \INIT = 16'1101001001111000
Found cached RTLIL representation for module `$paramod\GTP_LUT4\INIT=16'1101001001111000'.
Parameter \INIT = 16'1101001001111000
Found cached RTLIL representation for module `$paramod\GTP_LUT4\INIT=16'1101001001111000'.
Parameter \INIT = 16'0111100011010010
Found cached RTLIL representation for module `$paramod\GTP_LUT4\INIT=16'0111100011010010'.
Parameter \INIT = 16'0111100011010010
Found cached RTLIL representation for module `$paramod\GTP_LUT4\INIT=16'0111100011010010'.
Parameter \INIT = 16'0111100011010010
Found cached RTLIL representation for module `$paramod\GTP_LUT4\INIT=16'0111100011010010'.
Parameter \INIT = 16'1101001001111000
Found cached RTLIL representation for module `$paramod\GTP_LUT4\INIT=16'1101001001111000'.
Parameter \INIT = 64'1101011111110101001010000000101001011111110101111010000000101000
Found cached RTLIL representation for module `$paramod$6191c5fd7bcfaaff37808c3297a2620807ea9213\GTP_LUT6'.
Parameter \INIT = 16'1101001001111000
Found cached RTLIL representation for module `$paramod\GTP_LUT4\INIT=16'1101001001111000'.
Parameter \INIT = 16'0111100011010010
Found cached RTLIL representation for module `$paramod\GTP_LUT4\INIT=16'0111100011010010'.
Parameter \INIT = 16'0111100011010010
Found cached RTLIL representation for module `$paramod\GTP_LUT4\INIT=16'0111100011010010'.
Parameter \INIT = 16'0111100011010010
Found cached RTLIL representation for module `$paramod\GTP_LUT4\INIT=16'0111100011010010'.
Parameter \INIT = 32'11101111100011001100111000001000
Found cached RTLIL representation for module `$paramod\GTP_LUT5\INIT=32'11101111100011001100111000001000'.
Parameter \INIT = 1765579212
Found cached RTLIL representation for module `$paramod\GTP_LUT5\INIT=32'01101001001111001001100111001100'.
Parameter \INIT = 16'0111100011010010
Found cached RTLIL representation for module `$paramod\GTP_LUT4\INIT=16'0111100011010010'.
Parameter \INIT = 16'0111100011010010
Found cached RTLIL representation for module `$paramod\GTP_LUT4\INIT=16'0111100011010010'.
Parameter \INIT = 16'1101001001111000
Found cached RTLIL representation for module `$paramod\GTP_LUT4\INIT=16'1101001001111000'.
Parameter \INIT = 16'0111100011010010
Found cached RTLIL representation for module `$paramod\GTP_LUT4\INIT=16'0111100011010010'.
Parameter \INIT = 16'1101001001111000
Found cached RTLIL representation for module `$paramod\GTP_LUT4\INIT=16'1101001001111000'.
Parameter \INIT = 64'0101111111010111101000000010100011010111111101010010100000001010
Found cached RTLIL representation for module `$paramod$faadfbce9aec5860350c941f014058f2c932bfb5\GTP_LUT6'.
Parameter \INIT = 16'0111100011010010
Found cached RTLIL representation for module `$paramod\GTP_LUT4\INIT=16'0111100011010010'.
Parameter \INIT = 16'1101001001111000
Found cached RTLIL representation for module `$paramod\GTP_LUT4\INIT=16'1101001001111000'.
Parameter \INIT = 16'0111100011010010
Found cached RTLIL representation for module `$paramod\GTP_LUT4\INIT=16'0111100011010010'.
Parameter \INIT = 16'1101001001111000
Found cached RTLIL representation for module `$paramod\GTP_LUT4\INIT=16'1101001001111000'.
Parameter \INIT = 8'00010101
Found cached RTLIL representation for module `$paramod\GTP_LUT3\INIT=8'00010101'.
Parameter \INIT = 8'01000101

3.85. Executing AST frontend in derive mode using pre-parsed AST for module `\GTP_LUT3'.
Parameter \INIT = 8'01000101
Generating RTLIL representation for module `$paramod\GTP_LUT3\INIT=8'01000101'.
Parameter \INIT = 16'0111100011010010
Found cached RTLIL representation for module `$paramod\GTP_LUT4\INIT=16'0111100011010010'.
Parameter \INIT = 16'0111100011010010
Found cached RTLIL representation for module `$paramod\GTP_LUT4\INIT=16'0111100011010010'.
Parameter \INIT = 16'0101011010011010
Found cached RTLIL representation for module `$paramod\GTP_LUT4\INIT=16'0101011010011010'.
Parameter \INIT = 16'0111100011010010
Found cached RTLIL representation for module `$paramod\GTP_LUT4\INIT=16'0111100011010010'.
Parameter \INIT = 64'0101111111010111101000000010100011010111111101010010100000001010
Found cached RTLIL representation for module `$paramod$faadfbce9aec5860350c941f014058f2c932bfb5\GTP_LUT6'.
Parameter \INIT = 32'11110111001100010111001100010000
Found cached RTLIL representation for module `$paramod\GTP_LUT5\INIT=32'11110111001100010111001100010000'.
Parameter \INIT = 64'1101011111110101001010000000101001011111110101111010000000101000
Found cached RTLIL representation for module `$paramod$6191c5fd7bcfaaff37808c3297a2620807ea9213\GTP_LUT6'.
Parameter \INIT = 64'1101011111110101001010000000101001011111110101111010000000101000
Found cached RTLIL representation for module `$paramod$6191c5fd7bcfaaff37808c3297a2620807ea9213\GTP_LUT6'.
Parameter \INIT = 32'10001100111011110000100011001110
Found cached RTLIL representation for module `$paramod\GTP_LUT5\INIT=32'10001100111011110000100011001110'.
Parameter \INIT = 64'0000100000000000000011000000100000001110000011000000111100001110

3.86. Executing AST frontend in derive mode using pre-parsed AST for module `\GTP_LUT6'.
Parameter \INIT = 64'0000100000000000000011000000100000001110000011000000111100001110
Generating RTLIL representation for module `$paramod$7daf9d7daba10753985791fc6511fed36c64adc8\GTP_LUT6'.
Parameter \INIT = 32'10001100111011110000100011001110
Found cached RTLIL representation for module `$paramod\GTP_LUT5\INIT=32'10001100111011110000100011001110'.
Parameter \INIT = 64'1101011111110101001010000000101001011111110101111010000000101000
Found cached RTLIL representation for module `$paramod$6191c5fd7bcfaaff37808c3297a2620807ea9213\GTP_LUT6'.
Parameter \INIT = 64'0101111111010111101000000010100011010111111101010010100000001010
Found cached RTLIL representation for module `$paramod$faadfbce9aec5860350c941f014058f2c932bfb5\GTP_LUT6'.
Parameter \INIT = 64'0101111111010111101000000010100011010111111101010010100000001010
Found cached RTLIL representation for module `$paramod$faadfbce9aec5860350c941f014058f2c932bfb5\GTP_LUT6'.
Parameter \INIT = 32'11110111001100010111001100010000
Found cached RTLIL representation for module `$paramod\GTP_LUT5\INIT=32'11110111001100010111001100010000'.
Parameter \INIT = 64'0101111111010111101000000010100011010111111101010010100000001010
Found cached RTLIL representation for module `$paramod$faadfbce9aec5860350c941f014058f2c932bfb5\GTP_LUT6'.
Parameter \INIT = 64'0101111111010111101000000010100011010111111101010010100000001010
Found cached RTLIL representation for module `$paramod$faadfbce9aec5860350c941f014058f2c932bfb5\GTP_LUT6'.
Parameter \INIT = 32'10001100111011110000100011001110
Found cached RTLIL representation for module `$paramod\GTP_LUT5\INIT=32'10001100111011110000100011001110'.
Parameter \INIT = 64'1101011111110101001010000000101001011111110101111010000000101000
Found cached RTLIL representation for module `$paramod$6191c5fd7bcfaaff37808c3297a2620807ea9213\GTP_LUT6'.
Parameter \INIT = 64'0101111111010111101000000010100011010111111101010010100000001010
Found cached RTLIL representation for module `$paramod$faadfbce9aec5860350c941f014058f2c932bfb5\GTP_LUT6'.
Parameter \INIT = 64'1101011111110101001010000000101001011111110101111010000000101000
Found cached RTLIL representation for module `$paramod$6191c5fd7bcfaaff37808c3297a2620807ea9213\GTP_LUT6'.
Parameter \INIT = 32'11101111100011001100111000001000
Found cached RTLIL representation for module `$paramod\GTP_LUT5\INIT=32'11101111100011001100111000001000'.
Parameter \INIT = 32'11110111001100010111001100010000
Found cached RTLIL representation for module `$paramod\GTP_LUT5\INIT=32'11110111001100010111001100010000'.
Parameter \INIT = 64'0101111111010111101000000010100011010111111101010010100000001010
Found cached RTLIL representation for module `$paramod$faadfbce9aec5860350c941f014058f2c932bfb5\GTP_LUT6'.
Parameter \INIT = 32'11110111001100010111001100010000
Found cached RTLIL representation for module `$paramod\GTP_LUT5\INIT=32'11110111001100010111001100010000'.
Parameter \INIT = 64'0101111111010111101000000010100011010111111101010010100000001010
Found cached RTLIL representation for module `$paramod$faadfbce9aec5860350c941f014058f2c932bfb5\GTP_LUT6'.
Parameter \INIT = 64'0101111111010111101000000010100011010111111101010010100000001010
Found cached RTLIL representation for module `$paramod$faadfbce9aec5860350c941f014058f2c932bfb5\GTP_LUT6'.
Parameter \INIT = 64'1101011111110101001010000000101001011111110101111010000000101000
Found cached RTLIL representation for module `$paramod$6191c5fd7bcfaaff37808c3297a2620807ea9213\GTP_LUT6'.
Parameter \INIT = 32'11110111001100010111001100010000
Found cached RTLIL representation for module `$paramod\GTP_LUT5\INIT=32'11110111001100010111001100010000'.
Parameter \INIT = 32'11110111001100010111001100010000
Found cached RTLIL representation for module `$paramod\GTP_LUT5\INIT=32'11110111001100010111001100010000'.
Parameter \INIT = 64'1101011111110101001010000000101001011111110101111010000000101000
Found cached RTLIL representation for module `$paramod$6191c5fd7bcfaaff37808c3297a2620807ea9213\GTP_LUT6'.
Parameter \INIT = 32'11101111100011001100111000001000
Found cached RTLIL representation for module `$paramod\GTP_LUT5\INIT=32'11101111100011001100111000001000'.
Parameter \INIT = 64'0101111111010111101000000010100011010111111101010010100000001010
Found cached RTLIL representation for module `$paramod$faadfbce9aec5860350c941f014058f2c932bfb5\GTP_LUT6'.
Parameter \INIT = 32'11110111001100010111001100010000
Found cached RTLIL representation for module `$paramod\GTP_LUT5\INIT=32'11110111001100010111001100010000'.
Parameter \INIT = 64'1101011111110101001010000000101001011111110101111010000000101000
Found cached RTLIL representation for module `$paramod$6191c5fd7bcfaaff37808c3297a2620807ea9213\GTP_LUT6'.
Parameter \INIT = 32'11101111100011001100111000001000
Found cached RTLIL representation for module `$paramod\GTP_LUT5\INIT=32'11101111100011001100111000001000'.
Parameter \INIT = 64'0101111111010111101000000010100011010111111101010010100000001010
Found cached RTLIL representation for module `$paramod$faadfbce9aec5860350c941f014058f2c932bfb5\GTP_LUT6'.
Parameter \INIT = 32'11110111001100010111001100010000
Found cached RTLIL representation for module `$paramod\GTP_LUT5\INIT=32'11110111001100010111001100010000'.
Parameter \INIT = 64'1101011111110101001010000000101001011111110101111010000000101000
Found cached RTLIL representation for module `$paramod$6191c5fd7bcfaaff37808c3297a2620807ea9213\GTP_LUT6'.
Parameter \INIT = 64'0101111111010111101000000010100011010111111101010010100000001010
Found cached RTLIL representation for module `$paramod$faadfbce9aec5860350c941f014058f2c932bfb5\GTP_LUT6'.
Parameter \INIT = 64'1101011111110101001010000000101001011111110101111010000000101000
Found cached RTLIL representation for module `$paramod$6191c5fd7bcfaaff37808c3297a2620807ea9213\GTP_LUT6'.
Parameter \INIT = 32'11110111001100010111001100010000
Found cached RTLIL representation for module `$paramod\GTP_LUT5\INIT=32'11110111001100010111001100010000'.
Parameter \INIT = 64'1101011111110101001010000000101001011111110101111010000000101000
Found cached RTLIL representation for module `$paramod$6191c5fd7bcfaaff37808c3297a2620807ea9213\GTP_LUT6'.
Parameter \INIT = 838275187
Found cached RTLIL representation for module `$paramod\GTP_LUT5\INIT=32'00110001111101110001000001110011'.
Parameter \INIT = 32'11101111100011001100111000001000
Found cached RTLIL representation for module `$paramod\GTP_LUT5\INIT=32'11101111100011001100111000001000'.
Parameter \INIT = 838275187
Found cached RTLIL representation for module `$paramod\GTP_LUT5\INIT=32'00110001111101110001000001110011'.
Parameter \INIT = 64'0101111111010111101000000010100011010111111101010010100000001010
Found cached RTLIL representation for module `$paramod$faadfbce9aec5860350c941f014058f2c932bfb5\GTP_LUT6'.
Parameter \INIT = 64'0101111111010111101000000010100011010111111101010010100000001010
Found cached RTLIL representation for module `$paramod$faadfbce9aec5860350c941f014058f2c932bfb5\GTP_LUT6'.
Parameter \INIT = 838275187
Found cached RTLIL representation for module `$paramod\GTP_LUT5\INIT=32'00110001111101110001000001110011'.
Parameter \INIT = 32'10001100111011110000100011001110
Found cached RTLIL representation for module `$paramod\GTP_LUT5\INIT=32'10001100111011110000100011001110'.
Parameter \INIT = 32'11101111100011001100111000001000
Found cached RTLIL representation for module `$paramod\GTP_LUT5\INIT=32'11101111100011001100111000001000'.
Parameter \INIT = 64'1101011111110101001010000000101001011111110101111010000000101000
Found cached RTLIL representation for module `$paramod$6191c5fd7bcfaaff37808c3297a2620807ea9213\GTP_LUT6'.
Parameter \INIT = 32'10001100111011110000100011001110
Found cached RTLIL representation for module `$paramod\GTP_LUT5\INIT=32'10001100111011110000100011001110'.
Parameter \INIT = 32'11110111001100010111001100010000
Found cached RTLIL representation for module `$paramod\GTP_LUT5\INIT=32'11110111001100010111001100010000'.
Parameter \INIT = 64'1111010111010111000010100010100011010111010111110010100010100000

3.87. Executing AST frontend in derive mode using pre-parsed AST for module `\GTP_LUT6'.
Parameter \INIT = 64'1111010111010111000010100010100011010111010111110010100010100000
Generating RTLIL representation for module `$paramod$c0ef0ad5baed0422eadc499612311eb559272237\GTP_LUT6'.
Parameter \INIT = 32'10001100111011110000100011001110
Found cached RTLIL representation for module `$paramod\GTP_LUT5\INIT=32'10001100111011110000100011001110'.
Parameter \INIT = 32'11110111001100010111001100010000
Found cached RTLIL representation for module `$paramod\GTP_LUT5\INIT=32'11110111001100010111001100010000'.
Parameter \INIT = 64'1101011101011111001010001010000011110101110101110000101000101000
Found cached RTLIL representation for module `$paramod$ac322abe1352d00788da342d809764297918a223\GTP_LUT6'.
Parameter \INIT = 32'11101111100011001100111000001000
Found cached RTLIL representation for module `$paramod\GTP_LUT5\INIT=32'11101111100011001100111000001000'.
Parameter \INIT = 64'0101111111010111101000000010100011010111111101010010100000001010
Found cached RTLIL representation for module `$paramod$faadfbce9aec5860350c941f014058f2c932bfb5\GTP_LUT6'.
Parameter \INIT = 32'10001100111011110000100011001110
Found cached RTLIL representation for module `$paramod\GTP_LUT5\INIT=32'10001100111011110000100011001110'.
Parameter \INIT = 32'10001100111011110000100011001110
Found cached RTLIL representation for module `$paramod\GTP_LUT5\INIT=32'10001100111011110000100011001110'.
Parameter \INIT = 64'1101011111110101001010000000101001011111110101111010000000101000
Found cached RTLIL representation for module `$paramod$6191c5fd7bcfaaff37808c3297a2620807ea9213\GTP_LUT6'.
Parameter \INIT = 64'0101111111010111101000000010100011010111111101010010100000001010
Found cached RTLIL representation for module `$paramod$faadfbce9aec5860350c941f014058f2c932bfb5\GTP_LUT6'.
Parameter \INIT = 2131965697
Found cached RTLIL representation for module `$paramod\GTP_LUT5\INIT=32'01111111000100110011011100000001'.
Parameter \INIT = 64'1010000000101000010111111101011100101000000010101101011111110101

3.88. Executing AST frontend in derive mode using pre-parsed AST for module `\GTP_LUT6'.
Parameter \INIT = 64'1010000000101000010111111101011100101000000010101101011111110101
Generating RTLIL representation for module `$paramod$d03f76a0ee7a7a6eceda13753011bc8c7555ee22\GTP_LUT6'.
Parameter \INIT = 64'0101111111010111101000000010100011010111111101010010100000001010
Found cached RTLIL representation for module `$paramod$faadfbce9aec5860350c941f014058f2c932bfb5\GTP_LUT6'.
Parameter \INIT = 32'11110111001100010111001100010000
Found cached RTLIL representation for module `$paramod\GTP_LUT5\INIT=32'11110111001100010111001100010000'.
Parameter \INIT = 32'11110111001100010111001100010000
Found cached RTLIL representation for module `$paramod\GTP_LUT5\INIT=32'11110111001100010111001100010000'.
Parameter \INIT = 838275187
Found cached RTLIL representation for module `$paramod\GTP_LUT5\INIT=32'00110001111101110001000001110011'.
Parameter \INIT = 64'1000000011000000111000001111000000000000100000001100000011100000
Found cached RTLIL representation for module `$paramod$fae92b70435d2452042dc5d151313cfa0638e19d\GTP_LUT6'.
Parameter \INIT = 64'0000011100000011000000010000000000001111000001110000001100000001
Found cached RTLIL representation for module `$paramod$80f99d234a25a6e0536450028dd8da76ef60284a\GTP_LUT6'.
Parameter \INIT = 32'10001100111011110000100011001110
Found cached RTLIL representation for module `$paramod\GTP_LUT5\INIT=32'10001100111011110000100011001110'.
Parameter \INIT = 32'10001100111011110000100011001110
Found cached RTLIL representation for module `$paramod\GTP_LUT5\INIT=32'10001100111011110000100011001110'.
Parameter \INIT = 64'0011001100110011001100110001001100110011000100110011001100000011

3.89. Executing AST frontend in derive mode using pre-parsed AST for module `\GTP_LUT6'.
Parameter \INIT = 64'0011001100110011001100110001001100110011000100110011001100000011
Generating RTLIL representation for module `$paramod$7a04fc527ce8b8c2a79407474e6c0b17d8810811\GTP_LUT6'.
Parameter \INIT = 64'0101111111010111101000000010100011010111111101010010100000001010
Found cached RTLIL representation for module `$paramod$faadfbce9aec5860350c941f014058f2c932bfb5\GTP_LUT6'.
Parameter \INIT = 64'1101011111110101001010000000101001011111110101111010000000101000
Found cached RTLIL representation for module `$paramod$6191c5fd7bcfaaff37808c3297a2620807ea9213\GTP_LUT6'.
Parameter \INIT = 64'0101111111010111101000000010100011010111111101010010100000001010
Found cached RTLIL representation for module `$paramod$faadfbce9aec5860350c941f014058f2c932bfb5\GTP_LUT6'.
Parameter \INIT = 64'1101011111110101001010000000101001011111110101111010000000101000
Found cached RTLIL representation for module `$paramod$6191c5fd7bcfaaff37808c3297a2620807ea9213\GTP_LUT6'.
Parameter \INIT = 52634419

3.90. Executing AST frontend in derive mode using pre-parsed AST for module `\GTP_LUT5'.
Parameter \INIT = 52634419
Generating RTLIL representation for module `$paramod\GTP_LUT5\INIT=32'00000011001000110010001100110011'.
Parameter \INIT = 32'11110111001100010111001100010000
Found cached RTLIL representation for module `$paramod\GTP_LUT5\INIT=32'11110111001100010111001100010000'.
Parameter \INIT = 32'10001100111011110000100011001110
Found cached RTLIL representation for module `$paramod\GTP_LUT5\INIT=32'10001100111011110000100011001110'.
Parameter \INIT = 32'11110111001100010111001100010000
Found cached RTLIL representation for module `$paramod\GTP_LUT5\INIT=32'11110111001100010111001100010000'.
Parameter \INIT = 64'1101011111110101001010000000101001011111110101111010000000101000
Found cached RTLIL representation for module `$paramod$6191c5fd7bcfaaff37808c3297a2620807ea9213\GTP_LUT6'.
Parameter \INIT = 32'11101111100011001100111000001000
Found cached RTLIL representation for module `$paramod\GTP_LUT5\INIT=32'11101111100011001100111000001000'.
Parameter \INIT = 64'0101111111010111101000000010100011010111111101010010100000001010
Found cached RTLIL representation for module `$paramod$faadfbce9aec5860350c941f014058f2c932bfb5\GTP_LUT6'.
Parameter \INIT = 64'0101111111010111101000000010100011010111111101010010100000001010
Found cached RTLIL representation for module `$paramod$faadfbce9aec5860350c941f014058f2c932bfb5\GTP_LUT6'.
Parameter \INIT = 64'0101111111010111101000000010100011010111111101010010100000001010
Found cached RTLIL representation for module `$paramod$faadfbce9aec5860350c941f014058f2c932bfb5\GTP_LUT6'.
Parameter \INIT = 64'0101111111010111101000000010100011010111111101010010100000001010
Found cached RTLIL representation for module `$paramod$faadfbce9aec5860350c941f014058f2c932bfb5\GTP_LUT6'.
Parameter \INIT = 32'10001100111011110000100011001110
Found cached RTLIL representation for module `$paramod\GTP_LUT5\INIT=32'10001100111011110000100011001110'.
Parameter \INIT = 64'0101111111010111101000000010100011010111111101010010100000001010
Found cached RTLIL representation for module `$paramod$faadfbce9aec5860350c941f014058f2c932bfb5\GTP_LUT6'.
Parameter \INIT = 32'11110111001100010111001100010000
Found cached RTLIL representation for module `$paramod\GTP_LUT5\INIT=32'11110111001100010111001100010000'.
Parameter \INIT = 32'11110111001100010111001100010000
Found cached RTLIL representation for module `$paramod\GTP_LUT5\INIT=32'11110111001100010111001100010000'.
Parameter \INIT = 32'11110111001100010111001100010000
Found cached RTLIL representation for module `$paramod\GTP_LUT5\INIT=32'11110111001100010111001100010000'.
Parameter \INIT = 32'11110111001100010111001100010000
Found cached RTLIL representation for module `$paramod\GTP_LUT5\INIT=32'11110111001100010111001100010000'.
Parameter \INIT = 64'1101011111110101001010000000101001011111110101111010000000101000
Found cached RTLIL representation for module `$paramod$6191c5fd7bcfaaff37808c3297a2620807ea9213\GTP_LUT6'.
Parameter \INIT = 64'1000000011000000111000001111000000000000100000001100000011100000
Found cached RTLIL representation for module `$paramod$fae92b70435d2452042dc5d151313cfa0638e19d\GTP_LUT6'.
Parameter \INIT = 64'0000011100000011000000010000000000001111000001110000001100000001
Found cached RTLIL representation for module `$paramod$80f99d234a25a6e0536450028dd8da76ef60284a\GTP_LUT6'.
Parameter \INIT = 838275187
Found cached RTLIL representation for module `$paramod\GTP_LUT5\INIT=32'00110001111101110001000001110011'.
Parameter \INIT = 64'0101111111010111101000000010100011010111111101010010100000001010
Found cached RTLIL representation for module `$paramod$faadfbce9aec5860350c941f014058f2c932bfb5\GTP_LUT6'.
Parameter \INIT = 32'10001100111011110000100011001110
Found cached RTLIL representation for module `$paramod\GTP_LUT5\INIT=32'10001100111011110000100011001110'.
Parameter \INIT = 64'0101111111010111101000000010100011010111111101010010100000001010
Found cached RTLIL representation for module `$paramod$faadfbce9aec5860350c941f014058f2c932bfb5\GTP_LUT6'.
Parameter \INIT = 64'0101111111010111101000000010100011010111111101010010100000001010
Found cached RTLIL representation for module `$paramod$faadfbce9aec5860350c941f014058f2c932bfb5\GTP_LUT6'.
Parameter \INIT = 32'11101111100011001100111000001000
Found cached RTLIL representation for module `$paramod\GTP_LUT5\INIT=32'11101111100011001100111000001000'.
Parameter \INIT = 64'0000000001111111000000001000111100000000110111110000000000101111

3.91. Executing AST frontend in derive mode using pre-parsed AST for module `\GTP_LUT6'.
Parameter \INIT = 64'0000000001111111000000001000111100000000110111110000000000101111
Generating RTLIL representation for module `$paramod$3aa13584a2efbe3eb6f925684456acaac1e5e526\GTP_LUT6'.
Parameter \INIT = 64'1101011111110101001010000000101001011111110101111010000000101000
Found cached RTLIL representation for module `$paramod$6191c5fd7bcfaaff37808c3297a2620807ea9213\GTP_LUT6'.
Parameter \INIT = 64'0101111111010111101000000010100011010111111101010010100000001010
Found cached RTLIL representation for module `$paramod$faadfbce9aec5860350c941f014058f2c932bfb5\GTP_LUT6'.
Parameter \INIT = 32'11110111001100010111001100010000
Found cached RTLIL representation for module `$paramod\GTP_LUT5\INIT=32'11110111001100010111001100010000'.
Parameter \INIT = 838275187
Found cached RTLIL representation for module `$paramod\GTP_LUT5\INIT=32'00110001111101110001000001110011'.
Parameter \INIT = 32'11110111001100010111001100010000
Found cached RTLIL representation for module `$paramod\GTP_LUT5\INIT=32'11110111001100010111001100010000'.
Parameter \INIT = 64'0101111111010111101000000010100011010111111101010010100000001010
Found cached RTLIL representation for module `$paramod$faadfbce9aec5860350c941f014058f2c932bfb5\GTP_LUT6'.
Parameter \INIT = 64'1101011111110101001010000000101001011111110101111010000000101000
Found cached RTLIL representation for module `$paramod$6191c5fd7bcfaaff37808c3297a2620807ea9213\GTP_LUT6'.
Parameter \INIT = 32'11101111100011001100111000001000
Found cached RTLIL representation for module `$paramod\GTP_LUT5\INIT=32'11101111100011001100111000001000'.
Parameter \INIT = 16'0111100011010010
Found cached RTLIL representation for module `$paramod\GTP_LUT4\INIT=16'0111100011010010'.
Parameter \INIT = 64'0000000011111000000000001111011100000000111100100000000011111101

3.92. Executing AST frontend in derive mode using pre-parsed AST for module `\GTP_LUT6'.
Parameter \INIT = 64'0000000011111000000000001111011100000000111100100000000011111101
Generating RTLIL representation for module `$paramod$8adf6eeb990d7ea1e1746567e0d9fd3a22e1340c\GTP_LUT6'.
Parameter \INIT = 32'11110111001100010111001100010000
Found cached RTLIL representation for module `$paramod\GTP_LUT5\INIT=32'11110111001100010111001100010000'.
Parameter \INIT = 16'0111100011010010
Found cached RTLIL representation for module `$paramod\GTP_LUT4\INIT=16'0111100011010010'.
Parameter \INIT = 16'1101001001111000
Found cached RTLIL representation for module `$paramod\GTP_LUT4\INIT=16'1101001001111000'.
Parameter \INIT = 64'0101111111010111101000000010100011010111111101010010100000001010
Found cached RTLIL representation for module `$paramod$faadfbce9aec5860350c941f014058f2c932bfb5\GTP_LUT6'.
Parameter \INIT = 16'0111100011010010
Found cached RTLIL representation for module `$paramod\GTP_LUT4\INIT=16'0111100011010010'.
Parameter \INIT = 64'0101111111010111101000000010100011010111111101010010100000001010
Found cached RTLIL representation for module `$paramod$faadfbce9aec5860350c941f014058f2c932bfb5\GTP_LUT6'.
Parameter \INIT = 16'0111100011010010
Found cached RTLIL representation for module `$paramod\GTP_LUT4\INIT=16'0111100011010010'.
Parameter \INIT = 64'0101111111010111101000000010100011010111111101010010100000001010
Found cached RTLIL representation for module `$paramod$faadfbce9aec5860350c941f014058f2c932bfb5\GTP_LUT6'.
Parameter \INIT = 16'1101001001111000
Found cached RTLIL representation for module `$paramod\GTP_LUT4\INIT=16'1101001001111000'.
Parameter \INIT = 64'0000000001111111000000001000111100000000110111110000000000101111
Found cached RTLIL representation for module `$paramod$3aa13584a2efbe3eb6f925684456acaac1e5e526\GTP_LUT6'.
Parameter \INIT = 32'11101111100011001100111000001000
Found cached RTLIL representation for module `$paramod\GTP_LUT5\INIT=32'11101111100011001100111000001000'.
Parameter \INIT = 16'0111100011010010
Found cached RTLIL representation for module `$paramod\GTP_LUT4\INIT=16'0111100011010010'.
Parameter \INIT = 32'10000000001000000111000011010000

3.93. Executing AST frontend in derive mode using pre-parsed AST for module `\GTP_LUT5'.
Parameter \INIT = 32'10000000001000000111000011010000
Generating RTLIL representation for module `$paramod\GTP_LUT5\INIT=32'10000000001000000111000011010000'.
Parameter \INIT = 64'0101111111010111101000000010100011010111111101010010100000001010
Found cached RTLIL representation for module `$paramod$faadfbce9aec5860350c941f014058f2c932bfb5\GTP_LUT6'.
Parameter \INIT = 16'0111100011010010
Found cached RTLIL representation for module `$paramod\GTP_LUT4\INIT=16'0111100011010010'.
Parameter \INIT = 16'0111100011010010
Found cached RTLIL representation for module `$paramod\GTP_LUT4\INIT=16'0111100011010010'.
Parameter \INIT = 16'0111100011010010
Found cached RTLIL representation for module `$paramod\GTP_LUT4\INIT=16'0111100011010010'.
Parameter \INIT = 64'1101011111110101001010000000101001011111110101111010000000101000
Found cached RTLIL representation for module `$paramod$6191c5fd7bcfaaff37808c3297a2620807ea9213\GTP_LUT6'.
Parameter \INIT = 16'1101001001111000
Found cached RTLIL representation for module `$paramod\GTP_LUT4\INIT=16'1101001001111000'.
Parameter \INIT = 16'1101001001111000
Found cached RTLIL representation for module `$paramod\GTP_LUT4\INIT=16'1101001001111000'.
Parameter \INIT = 16'0111100011010010
Found cached RTLIL representation for module `$paramod\GTP_LUT4\INIT=16'0111100011010010'.
Parameter \INIT = 16'0111100011010010
Found cached RTLIL representation for module `$paramod\GTP_LUT4\INIT=16'0111100011010010'.
Parameter \INIT = 16'1101001001111000
Found cached RTLIL representation for module `$paramod\GTP_LUT4\INIT=16'1101001001111000'.
Parameter \INIT = 64'0101111111010111101000000010100011010111111101010010100000001010
Found cached RTLIL representation for module `$paramod$faadfbce9aec5860350c941f014058f2c932bfb5\GTP_LUT6'.
Parameter \INIT = 16'0111100011010010
Found cached RTLIL representation for module `$paramod\GTP_LUT4\INIT=16'0111100011010010'.
Parameter \INIT = 16'1101001001111000
Found cached RTLIL representation for module `$paramod\GTP_LUT4\INIT=16'1101001001111000'.
Parameter \INIT = 16'0111100011010010
Found cached RTLIL representation for module `$paramod\GTP_LUT4\INIT=16'0111100011010010'.
Parameter \INIT = 16'1101001001111000
Found cached RTLIL representation for module `$paramod\GTP_LUT4\INIT=16'1101001001111000'.
Parameter \INIT = 16'1101001001111000
Found cached RTLIL representation for module `$paramod\GTP_LUT4\INIT=16'1101001001111000'.
Parameter \INIT = 64'0000000011111000000000001111011100000000111100100000000011111101
Found cached RTLIL representation for module `$paramod$8adf6eeb990d7ea1e1746567e0d9fd3a22e1340c\GTP_LUT6'.
Parameter \INIT = 16'0111100011010010
Found cached RTLIL representation for module `$paramod\GTP_LUT4\INIT=16'0111100011010010'.
Parameter \INIT = 32'11110111001100010111001100010000
Found cached RTLIL representation for module `$paramod\GTP_LUT5\INIT=32'11110111001100010111001100010000'.
Parameter \INIT = 16'1101001001111000
Found cached RTLIL representation for module `$paramod\GTP_LUT4\INIT=16'1101001001111000'.
Parameter \INIT = 32'11110111001100010111001100010000
Found cached RTLIL representation for module `$paramod\GTP_LUT5\INIT=32'11110111001100010111001100010000'.
Parameter \INIT = 64'0000000001111111000000001000111100000000110111110000000000101111
Found cached RTLIL representation for module `$paramod$3aa13584a2efbe3eb6f925684456acaac1e5e526\GTP_LUT6'.
Parameter \INIT = 16'1101001001111000
Found cached RTLIL representation for module `$paramod\GTP_LUT4\INIT=16'1101001001111000'.
Parameter \INIT = 16'1101011100101000
Found cached RTLIL representation for module `$paramod\GTP_LUT4\INIT=16'1101011100101000'.
Parameter \INIT = 16'0111100011010010
Found cached RTLIL representation for module `$paramod\GTP_LUT4\INIT=16'0111100011010010'.
Parameter \INIT = 16'1101001001111000
Found cached RTLIL representation for module `$paramod\GTP_LUT4\INIT=16'1101001001111000'.
Parameter \INIT = 16'0111100011010010
Found cached RTLIL representation for module `$paramod\GTP_LUT4\INIT=16'0111100011010010'.
Parameter \INIT = 16'0111100011010010
Found cached RTLIL representation for module `$paramod\GTP_LUT4\INIT=16'0111100011010010'.
Parameter \INIT = 16'0111100011010010
Found cached RTLIL representation for module `$paramod\GTP_LUT4\INIT=16'0111100011010010'.
Parameter \INIT = 64'0101111111010111101000000010100011010111111101010010100000001010
Found cached RTLIL representation for module `$paramod$faadfbce9aec5860350c941f014058f2c932bfb5\GTP_LUT6'.
Parameter \INIT = 16'0111100011010010
Found cached RTLIL representation for module `$paramod\GTP_LUT4\INIT=16'0111100011010010'.
Parameter \INIT = 16'0111100011010010
Found cached RTLIL representation for module `$paramod\GTP_LUT4\INIT=16'0111100011010010'.
Parameter \INIT = 16'0111100011010010
Found cached RTLIL representation for module `$paramod\GTP_LUT4\INIT=16'0111100011010010'.
Parameter \INIT = 16'1101001001111000
Found cached RTLIL representation for module `$paramod\GTP_LUT4\INIT=16'1101001001111000'.
Parameter \INIT = 16'1101001001111000
Found cached RTLIL representation for module `$paramod\GTP_LUT4\INIT=16'1101001001111000'.
Parameter \INIT = 16'0111100011010010
Found cached RTLIL representation for module `$paramod\GTP_LUT4\INIT=16'0111100011010010'.
Parameter \INIT = 32'10001100111011110000100011001110
Found cached RTLIL representation for module `$paramod\GTP_LUT5\INIT=32'10001100111011110000100011001110'.
Parameter \INIT = 64'1101011111110101001010000000101001011111110101111010000000101000
Found cached RTLIL representation for module `$paramod$6191c5fd7bcfaaff37808c3297a2620807ea9213\GTP_LUT6'.
Parameter \INIT = 2131965697
Found cached RTLIL representation for module `$paramod\GTP_LUT5\INIT=32'01111111000100110011011100000001'.
Parameter \INIT = 64'0101111111010111101000000010100011010111111101010010100000001010
Found cached RTLIL representation for module `$paramod$faadfbce9aec5860350c941f014058f2c932bfb5\GTP_LUT6'.
Parameter \INIT = 838275187
Found cached RTLIL representation for module `$paramod\GTP_LUT5\INIT=32'00110001111101110001000001110011'.
Parameter \INIT = 16'0111100011010010
Found cached RTLIL representation for module `$paramod\GTP_LUT4\INIT=16'0111100011010010'.
Parameter \INIT = 16'1000011100101101

3.94. Executing AST frontend in derive mode using pre-parsed AST for module `\GTP_LUT4'.
Parameter \INIT = 16'1000011100101101
Generating RTLIL representation for module `$paramod\GTP_LUT4\INIT=16'1000011100101101'.
Parameter \INIT = 16'0111100011010010
Found cached RTLIL representation for module `$paramod\GTP_LUT4\INIT=16'0111100011010010'.
Parameter \INIT = 64'1101011111110101001010000000101001011111110101111010000000101000
Found cached RTLIL representation for module `$paramod$6191c5fd7bcfaaff37808c3297a2620807ea9213\GTP_LUT6'.
Parameter \INIT = 32'10001100111011110000100011001110
Found cached RTLIL representation for module `$paramod\GTP_LUT5\INIT=32'10001100111011110000100011001110'.
Parameter \INIT = 16'0111100011010010
Found cached RTLIL representation for module `$paramod\GTP_LUT4\INIT=16'0111100011010010'.
Parameter \INIT = 16'0111100011010010
Found cached RTLIL representation for module `$paramod\GTP_LUT4\INIT=16'0111100011010010'.
Parameter \INIT = 16'1101001001111000
Found cached RTLIL representation for module `$paramod\GTP_LUT4\INIT=16'1101001001111000'.
Parameter \INIT = 16'0111100011010010
Found cached RTLIL representation for module `$paramod\GTP_LUT4\INIT=16'0111100011010010'.
Parameter \INIT = 16'1101001001111000
Found cached RTLIL representation for module `$paramod\GTP_LUT4\INIT=16'1101001001111000'.
Parameter \INIT = 32'11101110000000000000000011100000

3.95. Executing AST frontend in derive mode using pre-parsed AST for module `\GTP_LUT5'.
Parameter \INIT = 32'11101110000000000000000011100000
Generating RTLIL representation for module `$paramod\GTP_LUT5\INIT=32'11101110000000000000000011100000'.
Parameter \INIT = 16'1101001001111000
Found cached RTLIL representation for module `$paramod\GTP_LUT4\INIT=16'1101001001111000'.
Parameter \INIT = 16'0111100011010010
Found cached RTLIL representation for module `$paramod\GTP_LUT4\INIT=16'0111100011010010'.
Parameter \INIT = 32'11110111001100010111001100010000
Found cached RTLIL representation for module `$paramod\GTP_LUT5\INIT=32'11110111001100010111001100010000'.
Parameter \INIT = 64'0101111111010111101000000010100011010111111101010010100000001010
Found cached RTLIL representation for module `$paramod$faadfbce9aec5860350c941f014058f2c932bfb5\GTP_LUT6'.
Parameter \INIT = 16'0111100011010010
Found cached RTLIL representation for module `$paramod\GTP_LUT4\INIT=16'0111100011010010'.
Parameter \INIT = 64'0101111111010111101000000010100011010111111101010010100000001010
Found cached RTLIL representation for module `$paramod$faadfbce9aec5860350c941f014058f2c932bfb5\GTP_LUT6'.
Parameter \INIT = 64'1101011111110101001010000000101001011111110101111010000000101000
Found cached RTLIL representation for module `$paramod$6191c5fd7bcfaaff37808c3297a2620807ea9213\GTP_LUT6'.
Parameter \INIT = 16'0111100011010010
Found cached RTLIL representation for module `$paramod\GTP_LUT4\INIT=16'0111100011010010'.
Parameter \INIT = 16'0111100011010010
Found cached RTLIL representation for module `$paramod\GTP_LUT4\INIT=16'0111100011010010'.
Parameter \INIT = 32'10001100111011110000100011001110
Found cached RTLIL representation for module `$paramod\GTP_LUT5\INIT=32'10001100111011110000100011001110'.
Parameter \INIT = 16'1101001001111000
Found cached RTLIL representation for module `$paramod\GTP_LUT4\INIT=16'1101001001111000'.
Parameter \INIT = 32'11110111001100010111001100010000
Found cached RTLIL representation for module `$paramod\GTP_LUT5\INIT=32'11110111001100010111001100010000'.
Parameter \INIT = 16'0111100011010010
Found cached RTLIL representation for module `$paramod\GTP_LUT4\INIT=16'0111100011010010'.
Parameter \INIT = 16'0111100011010010
Found cached RTLIL representation for module `$paramod\GTP_LUT4\INIT=16'0111100011010010'.
Parameter \INIT = 16'0111100011010010
Found cached RTLIL representation for module `$paramod\GTP_LUT4\INIT=16'0111100011010010'.
Parameter \INIT = 16'0111100011010010
Found cached RTLIL representation for module `$paramod\GTP_LUT4\INIT=16'0111100011010010'.
Parameter \INIT = 16'1101001001111000
Found cached RTLIL representation for module `$paramod\GTP_LUT4\INIT=16'1101001001111000'.
Parameter \INIT = 16'1101001001111000
Found cached RTLIL representation for module `$paramod\GTP_LUT4\INIT=16'1101001001111000'.
Parameter \INIT = 16'0111100011010010
Found cached RTLIL representation for module `$paramod\GTP_LUT4\INIT=16'0111100011010010'.
Parameter \INIT = 16'0111100011010010
Found cached RTLIL representation for module `$paramod\GTP_LUT4\INIT=16'0111100011010010'.
Parameter \INIT = 32'10001100111011110000100011001110
Found cached RTLIL representation for module `$paramod\GTP_LUT5\INIT=32'10001100111011110000100011001110'.
Parameter \INIT = 16'0111100011010010
Found cached RTLIL representation for module `$paramod\GTP_LUT4\INIT=16'0111100011010010'.
Parameter \INIT = 16'0111100011010010
Found cached RTLIL representation for module `$paramod\GTP_LUT4\INIT=16'0111100011010010'.
Parameter \INIT = 16'1101001001111000
Found cached RTLIL representation for module `$paramod\GTP_LUT4\INIT=16'1101001001111000'.
Parameter \INIT = 8'00010101
Found cached RTLIL representation for module `$paramod\GTP_LUT3\INIT=8'00010101'.
Parameter \INIT = 16'0111100011010010
Found cached RTLIL representation for module `$paramod\GTP_LUT4\INIT=16'0111100011010010'.
Parameter \INIT = 16'1101001001111000
Found cached RTLIL representation for module `$paramod\GTP_LUT4\INIT=16'1101001001111000'.
Parameter \INIT = 16'0111100011010010
Found cached RTLIL representation for module `$paramod\GTP_LUT4\INIT=16'0111100011010010'.
Parameter \INIT = 16'1101001001111000
Found cached RTLIL representation for module `$paramod\GTP_LUT4\INIT=16'1101001001111000'.
Parameter \INIT = 16'0111100011010010
Found cached RTLIL representation for module `$paramod\GTP_LUT4\INIT=16'0111100011010010'.
Parameter \INIT = 8'00010101
Found cached RTLIL representation for module `$paramod\GTP_LUT3\INIT=8'00010101'.
Parameter \INIT = 16'1101001001111000
Found cached RTLIL representation for module `$paramod\GTP_LUT4\INIT=16'1101001001111000'.
Parameter \INIT = 16'0111100011010010
Found cached RTLIL representation for module `$paramod\GTP_LUT4\INIT=16'0111100011010010'.
Parameter \INIT = 64'0000101010001010000010101000101010001010100010100000101010001010

3.96. Executing AST frontend in derive mode using pre-parsed AST for module `\GTP_LUT6'.
Parameter \INIT = 64'0000101010001010000010101000101010001010100010100000101010001010
Generating RTLIL representation for module `$paramod$bf6a843f8e065b2db715682f73d9ceea17637ca1\GTP_LUT6'.
Parameter \INIT = 32'10111011101110110010001000101011
Found cached RTLIL representation for module `$paramod\GTP_LUT5\INIT=32'10111011101110110010001000101011'.
Parameter \INIT = 32'11101110111011101000100010001110
Found cached RTLIL representation for module `$paramod\GTP_LUT5\INIT=32'11101110111011101000100010001110'.
Parameter \INIT = 64'0101111111010111101000000010100011010111111101010010100000001010
Found cached RTLIL representation for module `$paramod$faadfbce9aec5860350c941f014058f2c932bfb5\GTP_LUT6'.
Parameter \INIT = 64'0101111111010111101000000010100011010111111101010010100000001010
Found cached RTLIL representation for module `$paramod$faadfbce9aec5860350c941f014058f2c932bfb5\GTP_LUT6'.
Parameter \INIT = 32'11110111001100010111001100010000
Found cached RTLIL representation for module `$paramod\GTP_LUT5\INIT=32'11110111001100010111001100010000'.
Parameter \INIT = 64'0101111111010111101000000010100011010111111101010010100000001010
Found cached RTLIL representation for module `$paramod$faadfbce9aec5860350c941f014058f2c932bfb5\GTP_LUT6'.
Parameter \INIT = 32'10001100111011110000100011001110
Found cached RTLIL representation for module `$paramod\GTP_LUT5\INIT=32'10001100111011110000100011001110'.
Parameter \INIT = 32'11110111001100010111001100010000
Found cached RTLIL representation for module `$paramod\GTP_LUT5\INIT=32'11110111001100010111001100010000'.
Parameter \INIT = 32'11110111001100010111001100010000
Found cached RTLIL representation for module `$paramod\GTP_LUT5\INIT=32'11110111001100010111001100010000'.
Parameter \INIT = 64'1101011111110101001010000000101001011111110101111010000000101000
Found cached RTLIL representation for module `$paramod$6191c5fd7bcfaaff37808c3297a2620807ea9213\GTP_LUT6'.
Parameter \INIT = 64'0101111111010111101000000010100011010111111101010010100000001010
Found cached RTLIL representation for module `$paramod$faadfbce9aec5860350c941f014058f2c932bfb5\GTP_LUT6'.
Parameter \INIT = 32'11110111001100010111001100010000
Found cached RTLIL representation for module `$paramod\GTP_LUT5\INIT=32'11110111001100010111001100010000'.
Parameter \INIT = 64'0000000000000000000000000000000000000000000000001010111011101111

3.97. Executing AST frontend in derive mode using pre-parsed AST for module `\GTP_LUT6'.
Parameter \INIT = 64'0000000000000000000000000000000000000000000000001010111011101111
Generating RTLIL representation for module `$paramod$212ce34d8e098267404d723d2c78347cef6f4099\GTP_LUT6'.
Parameter \INIT = 64'1101011111110101001010000000101001011111110101111010000000101000
Found cached RTLIL representation for module `$paramod$6191c5fd7bcfaaff37808c3297a2620807ea9213\GTP_LUT6'.
Parameter \INIT = 64'1101011111110101001010000000101001011111110101111010000000101000
Found cached RTLIL representation for module `$paramod$6191c5fd7bcfaaff37808c3297a2620807ea9213\GTP_LUT6'.
Parameter \INIT = 32'10001100111011110000100011001110
Found cached RTLIL representation for module `$paramod\GTP_LUT5\INIT=32'10001100111011110000100011001110'.
Parameter \INIT = 64'0101111111010111101000000010100011010111111101010010100000001010
Found cached RTLIL representation for module `$paramod$faadfbce9aec5860350c941f014058f2c932bfb5\GTP_LUT6'.
Parameter \INIT = 838275187
Found cached RTLIL representation for module `$paramod\GTP_LUT5\INIT=32'00110001111101110001000001110011'.
Parameter \INIT = 32'10001100111011110000100011001110
Found cached RTLIL representation for module `$paramod\GTP_LUT5\INIT=32'10001100111011110000100011001110'.
Parameter \INIT = 64'0101111111010111101000000010100011010111111101010010100000001010
Found cached RTLIL representation for module `$paramod$faadfbce9aec5860350c941f014058f2c932bfb5\GTP_LUT6'.
Parameter \INIT = 64'0101111111010111101000000010100011010111111101010010100000001010
Found cached RTLIL representation for module `$paramod$faadfbce9aec5860350c941f014058f2c932bfb5\GTP_LUT6'.
Parameter \INIT = 838275187
Found cached RTLIL representation for module `$paramod\GTP_LUT5\INIT=32'00110001111101110001000001110011'.
Parameter \INIT = 64'1101011111110101001010000000101001011111110101111010000000101000
Found cached RTLIL representation for module `$paramod$6191c5fd7bcfaaff37808c3297a2620807ea9213\GTP_LUT6'.
Parameter \INIT = 32'10001100111011110000100011001110
Found cached RTLIL representation for module `$paramod\GTP_LUT5\INIT=32'10001100111011110000100011001110'.
Parameter \INIT = 64'1101011111110101001010000000101001011111110101111010000000101000
Found cached RTLIL representation for module `$paramod$6191c5fd7bcfaaff37808c3297a2620807ea9213\GTP_LUT6'.
Parameter \INIT = 32'10001100111011110000100011001110
Found cached RTLIL representation for module `$paramod\GTP_LUT5\INIT=32'10001100111011110000100011001110'.
Parameter \INIT = 64'1101011111110101001010000000101001011111110101111010000000101000
Found cached RTLIL representation for module `$paramod$6191c5fd7bcfaaff37808c3297a2620807ea9213\GTP_LUT6'.
Parameter \INIT = 64'0101111111010111101000000010100011010111111101010010100000001010
Found cached RTLIL representation for module `$paramod$faadfbce9aec5860350c941f014058f2c932bfb5\GTP_LUT6'.
Parameter \INIT = 64'1101011111110101001010000000101001011111110101111010000000101000
Found cached RTLIL representation for module `$paramod$6191c5fd7bcfaaff37808c3297a2620807ea9213\GTP_LUT6'.
Parameter \INIT = 838275187
Found cached RTLIL representation for module `$paramod\GTP_LUT5\INIT=32'00110001111101110001000001110011'.
Parameter \INIT = 64'0101111111010111101000000010100011010111111101010010100000001010
Found cached RTLIL representation for module `$paramod$faadfbce9aec5860350c941f014058f2c932bfb5\GTP_LUT6'.
Parameter \INIT = 64'0101111111010111101000000010100011010111111101010010100000001010
Found cached RTLIL representation for module `$paramod$faadfbce9aec5860350c941f014058f2c932bfb5\GTP_LUT6'.
Parameter \INIT = 32'10001100111011110000100011001110
Found cached RTLIL representation for module `$paramod\GTP_LUT5\INIT=32'10001100111011110000100011001110'.
Parameter \INIT = 64'0101111111010111101000000010100011010111111101010010100000001010
Found cached RTLIL representation for module `$paramod$faadfbce9aec5860350c941f014058f2c932bfb5\GTP_LUT6'.
Parameter \INIT = 64'0101111111010111101000000010100011010111111101010010100000001010
Found cached RTLIL representation for module `$paramod$faadfbce9aec5860350c941f014058f2c932bfb5\GTP_LUT6'.
Parameter \INIT = 838275187
Found cached RTLIL representation for module `$paramod\GTP_LUT5\INIT=32'00110001111101110001000001110011'.
Parameter \INIT = 838275187
Found cached RTLIL representation for module `$paramod\GTP_LUT5\INIT=32'00110001111101110001000001110011'.
Parameter \INIT = 64'1101011111110101001010000000101001011111110101111010000000101000
Found cached RTLIL representation for module `$paramod$6191c5fd7bcfaaff37808c3297a2620807ea9213\GTP_LUT6'.
Parameter \INIT = 64'1101011111110101001010000000101001011111110101111010000000101000
Found cached RTLIL representation for module `$paramod$6191c5fd7bcfaaff37808c3297a2620807ea9213\GTP_LUT6'.
Parameter \INIT = 64'1101011111110101001010000000101001011111110101111010000000101000
Found cached RTLIL representation for module `$paramod$6191c5fd7bcfaaff37808c3297a2620807ea9213\GTP_LUT6'.
Parameter \INIT = 32'11101111100011001100111000001000
Found cached RTLIL representation for module `$paramod\GTP_LUT5\INIT=32'11101111100011001100111000001000'.
Parameter \INIT = 32'11101111100011001100111000001000
Found cached RTLIL representation for module `$paramod\GTP_LUT5\INIT=32'11101111100011001100111000001000'.
Parameter \INIT = 32'10001100111011110000100011001110
Found cached RTLIL representation for module `$paramod\GTP_LUT5\INIT=32'10001100111011110000100011001110'.
Parameter \INIT = 838275187
Found cached RTLIL representation for module `$paramod\GTP_LUT5\INIT=32'00110001111101110001000001110011'.
Parameter \INIT = 32'11110111001100010111001100010000
Found cached RTLIL representation for module `$paramod\GTP_LUT5\INIT=32'11110111001100010111001100010000'.
Parameter \INIT = 32'11110111001100010111001100010000
Found cached RTLIL representation for module `$paramod\GTP_LUT5\INIT=32'11110111001100010111001100010000'.
Parameter \INIT = 2131965697
Found cached RTLIL representation for module `$paramod\GTP_LUT5\INIT=32'01111111000100110011011100000001'.
Parameter \INIT = 64'0101111111010111101000000010100011010111111101010010100000001010
Found cached RTLIL representation for module `$paramod$faadfbce9aec5860350c941f014058f2c932bfb5\GTP_LUT6'.
Parameter \INIT = 32'10001100111011110000100011001110
Found cached RTLIL representation for module `$paramod\GTP_LUT5\INIT=32'10001100111011110000100011001110'.
Parameter \INIT = 64'0101111111010111101000000010100011010111111101010010100000001010
Found cached RTLIL representation for module `$paramod$faadfbce9aec5860350c941f014058f2c932bfb5\GTP_LUT6'.
Parameter \INIT = 32'10001100111011110000100011001110
Found cached RTLIL representation for module `$paramod\GTP_LUT5\INIT=32'10001100111011110000100011001110'.
Parameter \INIT = 32'10001100111011110000100011001110
Found cached RTLIL representation for module `$paramod\GTP_LUT5\INIT=32'10001100111011110000100011001110'.
Parameter \INIT = 16'1111010100110001

3.98. Executing AST frontend in derive mode using pre-parsed AST for module `\GTP_LUT4'.
Parameter \INIT = 16'1111010100110001
Generating RTLIL representation for module `$paramod\GTP_LUT4\INIT=16'1111010100110001'.
Parameter \INIT = 64'1101011101011111001010001010000011110101110101110000101000101000
Found cached RTLIL representation for module `$paramod$ac322abe1352d00788da342d809764297918a223\GTP_LUT6'.
Parameter \INIT = 32'10001100111011110000100011001110
Found cached RTLIL representation for module `$paramod\GTP_LUT5\INIT=32'10001100111011110000100011001110'.
Parameter \INIT = 64'1101011111110101001010000000101001011111110101111010000000101000
Found cached RTLIL representation for module `$paramod$6191c5fd7bcfaaff37808c3297a2620807ea9213\GTP_LUT6'.
Parameter \INIT = 64'1101011111110101001010000000101001011111110101111010000000101000
Found cached RTLIL representation for module `$paramod$6191c5fd7bcfaaff37808c3297a2620807ea9213\GTP_LUT6'.
Parameter \INIT = 64'1101011111110101001010000000101001011111110101111010000000101000
Found cached RTLIL representation for module `$paramod$6191c5fd7bcfaaff37808c3297a2620807ea9213\GTP_LUT6'.
Parameter \INIT = 32'11110111001100010111001100010000
Found cached RTLIL representation for module `$paramod\GTP_LUT5\INIT=32'11110111001100010111001100010000'.
Parameter \INIT = 32'11110111001100010111001100010000
Found cached RTLIL representation for module `$paramod\GTP_LUT5\INIT=32'11110111001100010111001100010000'.
Parameter \INIT = 64'0101111111010111101000000010100011010111111101010010100000001010
Found cached RTLIL representation for module `$paramod$faadfbce9aec5860350c941f014058f2c932bfb5\GTP_LUT6'.
Parameter \INIT = 64'1101011101011111001010001010000011110101110101110000101000101000
Found cached RTLIL representation for module `$paramod$ac322abe1352d00788da342d809764297918a223\GTP_LUT6'.
Parameter \INIT = 2131965697
Found cached RTLIL representation for module `$paramod\GTP_LUT5\INIT=32'01111111000100110011011100000001'.
Parameter \INIT = 32'11110111001100010111001100010000
Found cached RTLIL representation for module `$paramod\GTP_LUT5\INIT=32'11110111001100010111001100010000'.
Parameter \INIT = 64'1101011101011111001010001010000011110101110101110000101000101000
Found cached RTLIL representation for module `$paramod$ac322abe1352d00788da342d809764297918a223\GTP_LUT6'.
Parameter \INIT = 2131965697
Found cached RTLIL representation for module `$paramod\GTP_LUT5\INIT=32'01111111000100110011011100000001'.
Parameter \INIT = 64'0101111111010111101000000010100011010111111101010010100000001010
Found cached RTLIL representation for module `$paramod$faadfbce9aec5860350c941f014058f2c932bfb5\GTP_LUT6'.
Parameter \INIT = 32'11001000111111101000000011101100

3.99. Executing AST frontend in derive mode using pre-parsed AST for module `\GTP_LUT5'.
Parameter \INIT = 32'11001000111111101000000011101100
Generating RTLIL representation for module `$paramod\GTP_LUT5\INIT=32'11001000111111101000000011101100'.
Parameter \INIT = 32'11110111001100010111001100010000
Found cached RTLIL representation for module `$paramod\GTP_LUT5\INIT=32'11110111001100010111001100010000'.
Parameter \INIT = 64'1101011111110101001010000000101001011111110101111010000000101000
Found cached RTLIL representation for module `$paramod$6191c5fd7bcfaaff37808c3297a2620807ea9213\GTP_LUT6'.
Parameter \INIT = 64'0101111111010111101000000010100011010111111101010010100000001010
Found cached RTLIL representation for module `$paramod$faadfbce9aec5860350c941f014058f2c932bfb5\GTP_LUT6'.
Parameter \INIT = 64'0101111111010111101000000010100011010111111101010010100000001010
Found cached RTLIL representation for module `$paramod$faadfbce9aec5860350c941f014058f2c932bfb5\GTP_LUT6'.
Parameter \INIT = 64'1101011111110101001010000000101001011111110101111010000000101000
Found cached RTLIL representation for module `$paramod$6191c5fd7bcfaaff37808c3297a2620807ea9213\GTP_LUT6'.
Parameter \INIT = 838275187
Found cached RTLIL representation for module `$paramod\GTP_LUT5\INIT=32'00110001111101110001000001110011'.
Parameter \INIT = 64'0101111111010111101000000010100011010111111101010010100000001010
Found cached RTLIL representation for module `$paramod$faadfbce9aec5860350c941f014058f2c932bfb5\GTP_LUT6'.
Parameter \INIT = 64'1101011111110101001010000000101001011111110101111010000000101000
Found cached RTLIL representation for module `$paramod$6191c5fd7bcfaaff37808c3297a2620807ea9213\GTP_LUT6'.
Parameter \INIT = 64'0011001100010011001100110011001100110011000000110011001100010011

3.100. Executing AST frontend in derive mode using pre-parsed AST for module `\GTP_LUT6'.
Parameter \INIT = 64'0011001100010011001100110011001100110011000000110011001100010011
Generating RTLIL representation for module `$paramod$74dae95116d32acbbe307825f65eb6530391fd68\GTP_LUT6'.
Parameter \INIT = 64'0101111111010111101000000010100011010111111101010010100000001010
Found cached RTLIL representation for module `$paramod$faadfbce9aec5860350c941f014058f2c932bfb5\GTP_LUT6'.
Parameter \INIT = 32'10001100111011110000100011001110
Found cached RTLIL representation for module `$paramod\GTP_LUT5\INIT=32'10001100111011110000100011001110'.
Parameter \INIT = 32'11110111001100010111001100010000
Found cached RTLIL representation for module `$paramod\GTP_LUT5\INIT=32'11110111001100010111001100010000'.
Parameter \INIT = 32'10001100111011110000100011001110
Found cached RTLIL representation for module `$paramod\GTP_LUT5\INIT=32'10001100111011110000100011001110'.
Parameter \INIT = 838275187
Found cached RTLIL representation for module `$paramod\GTP_LUT5\INIT=32'00110001111101110001000001110011'.
Parameter \INIT = 587412259

3.101. Executing AST frontend in derive mode using pre-parsed AST for module `\GTP_LUT5'.
Parameter \INIT = 587412259
Generating RTLIL representation for module `$paramod\GTP_LUT5\INIT=32'00100011000000110011001100100011'.
Parameter \INIT = 64'1101011111110101001010000000101001011111110101111010000000101000
Found cached RTLIL representation for module `$paramod$6191c5fd7bcfaaff37808c3297a2620807ea9213\GTP_LUT6'.
Parameter \INIT = 64'1101011111110101001010000000101001011111110101111010000000101000
Found cached RTLIL representation for module `$paramod$6191c5fd7bcfaaff37808c3297a2620807ea9213\GTP_LUT6'.
Parameter \INIT = 32'10001100111011110000100011001110
Found cached RTLIL representation for module `$paramod\GTP_LUT5\INIT=32'10001100111011110000100011001110'.
Parameter \INIT = 32'10001100111011110000100011001110
Found cached RTLIL representation for module `$paramod\GTP_LUT5\INIT=32'10001100111011110000100011001110'.
Parameter \INIT = 32'10001100111011110000100011001110
Found cached RTLIL representation for module `$paramod\GTP_LUT5\INIT=32'10001100111011110000100011001110'.
Parameter \INIT = 64'0101111111010111101000000010100011010111111101010010100000001010
Found cached RTLIL representation for module `$paramod$faadfbce9aec5860350c941f014058f2c932bfb5\GTP_LUT6'.
Parameter \INIT = 32'11101111100011001100111000001000
Found cached RTLIL representation for module `$paramod\GTP_LUT5\INIT=32'11101111100011001100111000001000'.
Parameter \INIT = 64'0101111111010111101000000010100011010111111101010010100000001010
Found cached RTLIL representation for module `$paramod$faadfbce9aec5860350c941f014058f2c932bfb5\GTP_LUT6'.
Parameter \INIT = 32'10001100111011110000100011001110
Found cached RTLIL representation for module `$paramod\GTP_LUT5\INIT=32'10001100111011110000100011001110'.
Parameter \INIT = 64'1101011111110101001010000000101001011111110101111010000000101000
Found cached RTLIL representation for module `$paramod$6191c5fd7bcfaaff37808c3297a2620807ea9213\GTP_LUT6'.
Parameter \INIT = 32'11110111001100010111001100010000
Found cached RTLIL representation for module `$paramod\GTP_LUT5\INIT=32'11110111001100010111001100010000'.
Parameter \INIT = 64'0101111111010111101000000010100011010111111101010010100000001010
Found cached RTLIL representation for module `$paramod$faadfbce9aec5860350c941f014058f2c932bfb5\GTP_LUT6'.
Parameter \INIT = 32'10001100111011110000100011001110
Found cached RTLIL representation for module `$paramod\GTP_LUT5\INIT=32'10001100111011110000100011001110'.
Parameter \INIT = 16'1101001001111000
Found cached RTLIL representation for module `$paramod\GTP_LUT4\INIT=16'1101001001111000'.
Parameter \INIT = 32'10001100111011110000100011001110
Found cached RTLIL representation for module `$paramod\GTP_LUT5\INIT=32'10001100111011110000100011001110'.
Parameter \INIT = 64'0101111111010111101000000010100011010111111101010010100000001010
Found cached RTLIL representation for module `$paramod$faadfbce9aec5860350c941f014058f2c932bfb5\GTP_LUT6'.
Parameter \INIT = 32'10001100111011110000100011001110
Found cached RTLIL representation for module `$paramod\GTP_LUT5\INIT=32'10001100111011110000100011001110'.
Parameter \INIT = 64'1100100011000000111110001111001011000100110011001111011111111101

3.102. Executing AST frontend in derive mode using pre-parsed AST for module `\GTP_LUT6'.
Parameter \INIT = 64'1100100011000000111110001111001011000100110011001111011111111101
Generating RTLIL representation for module `$paramod$bd3a23bad083b6a056dd2665bf0551367e63417c\GTP_LUT6'.
Parameter \INIT = 64'1101011111110101001010000000101001011111110101111010000000101000
Found cached RTLIL representation for module `$paramod$6191c5fd7bcfaaff37808c3297a2620807ea9213\GTP_LUT6'.
Parameter \INIT = 64'0101111111010111101000000010100011010111111101010010100000001010
Found cached RTLIL representation for module `$paramod$faadfbce9aec5860350c941f014058f2c932bfb5\GTP_LUT6'.
Parameter \INIT = 32'11110111001100010111001100010000
Found cached RTLIL representation for module `$paramod\GTP_LUT5\INIT=32'11110111001100010111001100010000'.
Parameter \INIT = 64'0101111111010111101000000010100011010111111101010010100000001010
Found cached RTLIL representation for module `$paramod$faadfbce9aec5860350c941f014058f2c932bfb5\GTP_LUT6'.
Parameter \INIT = 64'1101011111110101001010000000101001011111110101111010000000101000
Found cached RTLIL representation for module `$paramod$6191c5fd7bcfaaff37808c3297a2620807ea9213\GTP_LUT6'.
Parameter \INIT = 16'0111100011010010
Found cached RTLIL representation for module `$paramod\GTP_LUT4\INIT=16'0111100011010010'.
Parameter \INIT = 32'10001100111011110000100011001110
Found cached RTLIL representation for module `$paramod\GTP_LUT5\INIT=32'10001100111011110000100011001110'.
Parameter \INIT = 838275187
Found cached RTLIL representation for module `$paramod\GTP_LUT5\INIT=32'00110001111101110001000001110011'.
Parameter \INIT = 16'0000000100000011

3.103. Executing AST frontend in derive mode using pre-parsed AST for module `\GTP_LUT4'.
Parameter \INIT = 16'0000000100000011
Generating RTLIL representation for module `$paramod\GTP_LUT4\INIT=16'0000000100000011'.
Parameter \INIT = 16'0111100011010010
Found cached RTLIL representation for module `$paramod\GTP_LUT4\INIT=16'0111100011010010'.
Parameter \INIT = 16'0111100011010010
Found cached RTLIL representation for module `$paramod\GTP_LUT4\INIT=16'0111100011010010'.
Parameter \INIT = 64'0011001100110011001100110001001100110011000100110011001100000011
Found cached RTLIL representation for module `$paramod$7a04fc527ce8b8c2a79407474e6c0b17d8810811\GTP_LUT6'.
Parameter \INIT = 16'1101001001111000
Found cached RTLIL representation for module `$paramod\GTP_LUT4\INIT=16'1101001001111000'.
Parameter \INIT = 16'1101001001111000
Found cached RTLIL representation for module `$paramod\GTP_LUT4\INIT=16'1101001001111000'.
Parameter \INIT = 16'0111100011010010
Found cached RTLIL representation for module `$paramod\GTP_LUT4\INIT=16'0111100011010010'.
Parameter \INIT = 52634419
Found cached RTLIL representation for module `$paramod\GTP_LUT5\INIT=32'00000011001000110010001100110011'.
Parameter \INIT = 32'10001100111011110000100011001110
Found cached RTLIL representation for module `$paramod\GTP_LUT5\INIT=32'10001100111011110000100011001110'.
Parameter \INIT = 64'0101111111010111101000000010100011010111111101010010100000001010
Found cached RTLIL representation for module `$paramod$faadfbce9aec5860350c941f014058f2c932bfb5\GTP_LUT6'.
Parameter \INIT = 16'0111100011010010
Found cached RTLIL representation for module `$paramod\GTP_LUT4\INIT=16'0111100011010010'.
Parameter \INIT = 64'0101111111010111101000000010100011010111111101010010100000001010
Found cached RTLIL representation for module `$paramod$faadfbce9aec5860350c941f014058f2c932bfb5\GTP_LUT6'.
Parameter \INIT = 16'0111100011010010
Found cached RTLIL representation for module `$paramod\GTP_LUT4\INIT=16'0111100011010010'.
Parameter \INIT = 16'1101001001111000
Found cached RTLIL representation for module `$paramod\GTP_LUT4\INIT=16'1101001001111000'.
Parameter \INIT = 16'0111100011010010
Found cached RTLIL representation for module `$paramod\GTP_LUT4\INIT=16'0111100011010010'.
Parameter \INIT = 16'1101001001111000
Found cached RTLIL representation for module `$paramod\GTP_LUT4\INIT=16'1101001001111000'.
Parameter \INIT = 16'1101001001111000
Found cached RTLIL representation for module `$paramod\GTP_LUT4\INIT=16'1101001001111000'.
Parameter \INIT = 16'1101001001111000
Found cached RTLIL representation for module `$paramod\GTP_LUT4\INIT=16'1101001001111000'.
Parameter \INIT = 16'0111100011010010
Found cached RTLIL representation for module `$paramod\GTP_LUT4\INIT=16'0111100011010010'.
Parameter \INIT = 16'0111100011010010
Found cached RTLIL representation for module `$paramod\GTP_LUT4\INIT=16'0111100011010010'.
Parameter \INIT = 16'0111100011010010
Found cached RTLIL representation for module `$paramod\GTP_LUT4\INIT=16'0111100011010010'.
Parameter \INIT = 16'0111100011010010
Found cached RTLIL representation for module `$paramod\GTP_LUT4\INIT=16'0111100011010010'.
Parameter \INIT = 16'0111100011010010
Found cached RTLIL representation for module `$paramod\GTP_LUT4\INIT=16'0111100011010010'.
Parameter \INIT = 64'1101011111110101001010000000101001011111110101111010000000101000
Found cached RTLIL representation for module `$paramod$6191c5fd7bcfaaff37808c3297a2620807ea9213\GTP_LUT6'.
Parameter \INIT = 16'0111100011010010
Found cached RTLIL representation for module `$paramod\GTP_LUT4\INIT=16'0111100011010010'.
Parameter \INIT = 16'1101001001111000
Found cached RTLIL representation for module `$paramod\GTP_LUT4\INIT=16'1101001001111000'.
Parameter \INIT = 16'1101001001111000
Found cached RTLIL representation for module `$paramod\GTP_LUT4\INIT=16'1101001001111000'.
Parameter \INIT = 64'1101011101011111001010001010000011110101110101110000101000101000
Found cached RTLIL representation for module `$paramod$ac322abe1352d00788da342d809764297918a223\GTP_LUT6'.
Parameter \INIT = 16'0111100011010010
Found cached RTLIL representation for module `$paramod\GTP_LUT4\INIT=16'0111100011010010'.
Parameter \INIT = 838275187
Found cached RTLIL representation for module `$paramod\GTP_LUT5\INIT=32'00110001111101110001000001110011'.
Parameter \INIT = 838275187
Found cached RTLIL representation for module `$paramod\GTP_LUT5\INIT=32'00110001111101110001000001110011'.
Parameter \INIT = 16'0111100011010010
Found cached RTLIL representation for module `$paramod\GTP_LUT4\INIT=16'0111100011010010'.
Parameter \INIT = 16'1101001001111000
Found cached RTLIL representation for module `$paramod\GTP_LUT4\INIT=16'1101001001111000'.
Parameter \INIT = 16'0111100011010010
Found cached RTLIL representation for module `$paramod\GTP_LUT4\INIT=16'0111100011010010'.
Parameter \INIT = 16'1101001001111000
Found cached RTLIL representation for module `$paramod\GTP_LUT4\INIT=16'1101001001111000'.
Parameter \INIT = 16'0111100011010010
Found cached RTLIL representation for module `$paramod\GTP_LUT4\INIT=16'0111100011010010'.
Parameter \INIT = 16'1101001001111000
Found cached RTLIL representation for module `$paramod\GTP_LUT4\INIT=16'1101001001111000'.
Parameter \INIT = 64'0101111111010111101000000010100011010111111101010010100000001010
Found cached RTLIL representation for module `$paramod$faadfbce9aec5860350c941f014058f2c932bfb5\GTP_LUT6'.
Parameter \INIT = 16'1101001001111000
Found cached RTLIL representation for module `$paramod\GTP_LUT4\INIT=16'1101001001111000'.
Parameter \INIT = 16'0111100011010010
Found cached RTLIL representation for module `$paramod\GTP_LUT4\INIT=16'0111100011010010'.
Parameter \INIT = 64'1101011111110101001010000000101001011111110101111010000000101000
Found cached RTLIL representation for module `$paramod$6191c5fd7bcfaaff37808c3297a2620807ea9213\GTP_LUT6'.
Parameter \INIT = 32'11101111100011001100111000001000
Found cached RTLIL representation for module `$paramod\GTP_LUT5\INIT=32'11101111100011001100111000001000'.
Parameter \INIT = 16'1101001001111000
Found cached RTLIL representation for module `$paramod\GTP_LUT4\INIT=16'1101001001111000'.
Parameter \INIT = 32'11110111001100010111001100010000
Found cached RTLIL representation for module `$paramod\GTP_LUT5\INIT=32'11110111001100010111001100010000'.
Parameter \INIT = 16'1101001001111000
Found cached RTLIL representation for module `$paramod\GTP_LUT4\INIT=16'1101001001111000'.
Parameter \INIT = 64'0101111111010111101000000010100011010111111101010010100000001010
Found cached RTLIL representation for module `$paramod$faadfbce9aec5860350c941f014058f2c932bfb5\GTP_LUT6'.
Parameter \INIT = 32'11110111001100010111001100010000
Found cached RTLIL representation for module `$paramod\GTP_LUT5\INIT=32'11110111001100010111001100010000'.
Parameter \INIT = 32'10001100111011110000100011001110
Found cached RTLIL representation for module `$paramod\GTP_LUT5\INIT=32'10001100111011110000100011001110'.
Parameter \INIT = 16'0111100011010010
Found cached RTLIL representation for module `$paramod\GTP_LUT4\INIT=16'0111100011010010'.
Parameter \INIT = 64'1101011111110101001010000000101001011111110101111010000000101000
Found cached RTLIL representation for module `$paramod$6191c5fd7bcfaaff37808c3297a2620807ea9213\GTP_LUT6'.
Parameter \INIT = 16'1101001001111000
Found cached RTLIL representation for module `$paramod\GTP_LUT4\INIT=16'1101001001111000'.
Parameter \INIT = 32'11110111001100010111001100010000
Found cached RTLIL representation for module `$paramod\GTP_LUT5\INIT=32'11110111001100010111001100010000'.
Parameter \INIT = 16'0111100011010010
Found cached RTLIL representation for module `$paramod\GTP_LUT4\INIT=16'0111100011010010'.
Parameter \INIT = 16'0111100011010010
Found cached RTLIL representation for module `$paramod\GTP_LUT4\INIT=16'0111100011010010'.
Parameter \INIT = 16'1101001001111000
Found cached RTLIL representation for module `$paramod\GTP_LUT4\INIT=16'1101001001111000'.
Parameter \INIT = 32'11101110000000000000000011100000
Found cached RTLIL representation for module `$paramod\GTP_LUT5\INIT=32'11101110000000000000000011100000'.
Parameter \INIT = 64'0101111111010111101000000010100011010111111101010010100000001010
Found cached RTLIL representation for module `$paramod$faadfbce9aec5860350c941f014058f2c932bfb5\GTP_LUT6'.
Parameter \INIT = 64'1101011111110101001010000000101001011111110101111010000000101000
Found cached RTLIL representation for module `$paramod$6191c5fd7bcfaaff37808c3297a2620807ea9213\GTP_LUT6'.
Parameter \INIT = 16'1101001001111000
Found cached RTLIL representation for module `$paramod\GTP_LUT4\INIT=16'1101001001111000'.
Parameter \INIT = 16'0111100011010010
Found cached RTLIL representation for module `$paramod\GTP_LUT4\INIT=16'0111100011010010'.
Parameter \INIT = 32'10001100111011110000100011001110
Found cached RTLIL representation for module `$paramod\GTP_LUT5\INIT=32'10001100111011110000100011001110'.
Parameter \INIT = 16'0111100011010010
Found cached RTLIL representation for module `$paramod\GTP_LUT4\INIT=16'0111100011010010'.
Parameter \INIT = 16'0111100011010010
Found cached RTLIL representation for module `$paramod\GTP_LUT4\INIT=16'0111100011010010'.
Parameter \INIT = 16'0111100011010010
Found cached RTLIL representation for module `$paramod\GTP_LUT4\INIT=16'0111100011010010'.
Parameter \INIT = 32'11110111001100010111001100010000
Found cached RTLIL representation for module `$paramod\GTP_LUT5\INIT=32'11110111001100010111001100010000'.
Parameter \INIT = 16'1101001001111000
Found cached RTLIL representation for module `$paramod\GTP_LUT4\INIT=16'1101001001111000'.
Parameter \INIT = 64'0101111111010111101000000010100011010111111101010010100000001010
Found cached RTLIL representation for module `$paramod$faadfbce9aec5860350c941f014058f2c932bfb5\GTP_LUT6'.
Parameter \INIT = 16'0111100011010010
Found cached RTLIL representation for module `$paramod\GTP_LUT4\INIT=16'0111100011010010'.
Parameter \INIT = 32'10001100111011110000100011001110
Found cached RTLIL representation for module `$paramod\GTP_LUT5\INIT=32'10001100111011110000100011001110'.
Parameter \INIT = 16'0111100011010010
Found cached RTLIL representation for module `$paramod\GTP_LUT4\INIT=16'0111100011010010'.
Parameter \INIT = 16'1101001001111000
Found cached RTLIL representation for module `$paramod\GTP_LUT4\INIT=16'1101001001111000'.
Parameter \INIT = 16'0111100011010010
Found cached RTLIL representation for module `$paramod\GTP_LUT4\INIT=16'0111100011010010'.
Parameter \INIT = 16'1101001001111000
Found cached RTLIL representation for module `$paramod\GTP_LUT4\INIT=16'1101001001111000'.
Parameter \INIT = 16'0111100011010010
Found cached RTLIL representation for module `$paramod\GTP_LUT4\INIT=16'0111100011010010'.
Parameter \INIT = 16'1000011100101101
Found cached RTLIL representation for module `$paramod\GTP_LUT4\INIT=16'1000011100101101'.
Parameter \INIT = 16'0111100011010010
Found cached RTLIL representation for module `$paramod\GTP_LUT4\INIT=16'0111100011010010'.
Parameter \INIT = 16'1101001001111000
Found cached RTLIL representation for module `$paramod\GTP_LUT4\INIT=16'1101001001111000'.
Parameter \INIT = 16'0111100011010010
Found cached RTLIL representation for module `$paramod\GTP_LUT4\INIT=16'0111100011010010'.
Parameter \INIT = 16'1101001001111000
Found cached RTLIL representation for module `$paramod\GTP_LUT4\INIT=16'1101001001111000'.
Parameter \INIT = 16'0111100011010010
Found cached RTLIL representation for module `$paramod\GTP_LUT4\INIT=16'0111100011010010'.
Parameter \INIT = 8'00010101
Found cached RTLIL representation for module `$paramod\GTP_LUT3\INIT=8'00010101'.
Parameter \INIT = 16'1101001001111000
Found cached RTLIL representation for module `$paramod\GTP_LUT4\INIT=16'1101001001111000'.
Parameter \INIT = 16'1101001001111000
Found cached RTLIL representation for module `$paramod\GTP_LUT4\INIT=16'1101001001111000'.
Parameter \INIT = 16'0111100011010010
Found cached RTLIL representation for module `$paramod\GTP_LUT4\INIT=16'0111100011010010'.
Parameter \INIT = 16'0111100011010010
Found cached RTLIL representation for module `$paramod\GTP_LUT4\INIT=16'0111100011010010'.
Parameter \INIT = 64'1001100101101100011010011001110011001001001111000011100111001100

3.104. Executing AST frontend in derive mode using pre-parsed AST for module `\GTP_LUT6'.
Parameter \INIT = 64'1001100101101100011010011001110011001001001111000011100111001100
Generating RTLIL representation for module `$paramod$9db7cbcba5883605ceafd03ce5b0945e68cae752\GTP_LUT6'.
Parameter \INIT = 8'00010101
Found cached RTLIL representation for module `$paramod\GTP_LUT3\INIT=8'00010101'.
Parameter \INIT = 16'0101011010011010
Found cached RTLIL representation for module `$paramod\GTP_LUT4\INIT=16'0101011010011010'.
Parameter \INIT = 64'0000010101000101000001010100010101000101010001010000010101000101

3.105. Executing AST frontend in derive mode using pre-parsed AST for module `\GTP_LUT6'.
Parameter \INIT = 64'0000010101000101000001010100010101000101010001010000010101000101
Generating RTLIL representation for module `$paramod$616acd0bfa3854b2b152bc633b3120e9c2e6e42c\GTP_LUT6'.
Parameter \INIT = 64'1101011111110101001010000000101001011111110101111010000000101000
Found cached RTLIL representation for module `$paramod$6191c5fd7bcfaaff37808c3297a2620807ea9213\GTP_LUT6'.
Parameter \INIT = 64'1101011111110101001010000000101001011111110101111010000000101000
Found cached RTLIL representation for module `$paramod$6191c5fd7bcfaaff37808c3297a2620807ea9213\GTP_LUT6'.
Parameter \INIT = 32'11110111001100010111001100010000
Found cached RTLIL representation for module `$paramod\GTP_LUT5\INIT=32'11110111001100010111001100010000'.
Parameter \INIT = 64'1101011111110101001010000000101001011111110101111010000000101000
Found cached RTLIL representation for module `$paramod$6191c5fd7bcfaaff37808c3297a2620807ea9213\GTP_LUT6'.
Parameter \INIT = 64'0101111111010111101000000010100011010111111101010010100000001010
Found cached RTLIL representation for module `$paramod$faadfbce9aec5860350c941f014058f2c932bfb5\GTP_LUT6'.
Parameter \INIT = 32'10001100111011110000100011001110
Found cached RTLIL representation for module `$paramod\GTP_LUT5\INIT=32'10001100111011110000100011001110'.
Parameter \INIT = 32'11110111001100010111001100010000
Found cached RTLIL representation for module `$paramod\GTP_LUT5\INIT=32'11110111001100010111001100010000'.
Parameter \INIT = 32'10001100111011110000100011001110
Found cached RTLIL representation for module `$paramod\GTP_LUT5\INIT=32'10001100111011110000100011001110'.
Parameter \INIT = 64'0101111111010111101000000010100011010111111101010010100000001010
Found cached RTLIL representation for module `$paramod$faadfbce9aec5860350c941f014058f2c932bfb5\GTP_LUT6'.
Parameter \INIT = 64'0101111111010111101000000010100011010111111101010010100000001010
Found cached RTLIL representation for module `$paramod$faadfbce9aec5860350c941f014058f2c932bfb5\GTP_LUT6'.
Parameter \INIT = 32'11101111100011001100111000001000
Found cached RTLIL representation for module `$paramod\GTP_LUT5\INIT=32'11101111100011001100111000001000'.
Parameter \INIT = 64'1101011111110101001010000000101001011111110101111010000000101000
Found cached RTLIL representation for module `$paramod$6191c5fd7bcfaaff37808c3297a2620807ea9213\GTP_LUT6'.
Parameter \INIT = 64'1101011111110101001010000000101001011111110101111010000000101000
Found cached RTLIL representation for module `$paramod$6191c5fd7bcfaaff37808c3297a2620807ea9213\GTP_LUT6'.
Parameter \INIT = 64'0101111111010111101000000010100011010111111101010010100000001010
Found cached RTLIL representation for module `$paramod$faadfbce9aec5860350c941f014058f2c932bfb5\GTP_LUT6'.
Parameter \INIT = 64'1101011111110101001010000000101001011111110101111010000000101000
Found cached RTLIL representation for module `$paramod$6191c5fd7bcfaaff37808c3297a2620807ea9213\GTP_LUT6'.
Parameter \INIT = 32'11110111001100010111001100010000
Found cached RTLIL representation for module `$paramod\GTP_LUT5\INIT=32'11110111001100010111001100010000'.
Parameter \INIT = 64'1101011111110101001010000000101001011111110101111010000000101000
Found cached RTLIL representation for module `$paramod$6191c5fd7bcfaaff37808c3297a2620807ea9213\GTP_LUT6'.
Parameter \INIT = 32'11101111100011001100111000001000
Found cached RTLIL representation for module `$paramod\GTP_LUT5\INIT=32'11101111100011001100111000001000'.
Parameter \INIT = 32'11110111001100010111001100010000
Found cached RTLIL representation for module `$paramod\GTP_LUT5\INIT=32'11110111001100010111001100010000'.
Parameter \INIT = 32'11110111001100010111001100010000
Found cached RTLIL representation for module `$paramod\GTP_LUT5\INIT=32'11110111001100010111001100010000'.
Parameter \INIT = 64'1101011111110101001010000000101001011111110101111010000000101000
Found cached RTLIL representation for module `$paramod$6191c5fd7bcfaaff37808c3297a2620807ea9213\GTP_LUT6'.
Parameter \INIT = 64'0101111111010111101000000010100011010111111101010010100000001010
Found cached RTLIL representation for module `$paramod$faadfbce9aec5860350c941f014058f2c932bfb5\GTP_LUT6'.
Parameter \INIT = 64'1101011111110101001010000000101001011111110101111010000000101000
Found cached RTLIL representation for module `$paramod$6191c5fd7bcfaaff37808c3297a2620807ea9213\GTP_LUT6'.
Parameter \INIT = 64'0101111111010111101000000010100011010111111101010010100000001010
Found cached RTLIL representation for module `$paramod$faadfbce9aec5860350c941f014058f2c932bfb5\GTP_LUT6'.
Parameter \INIT = 64'1101011101011111001010001010000011110101110101110000101000101000
Found cached RTLIL representation for module `$paramod$ac322abe1352d00788da342d809764297918a223\GTP_LUT6'.
Parameter \INIT = 32'10001100111011110000100011001110
Found cached RTLIL representation for module `$paramod\GTP_LUT5\INIT=32'10001100111011110000100011001110'.
Parameter \INIT = 32'11110111001100010111001100010000
Found cached RTLIL representation for module `$paramod\GTP_LUT5\INIT=32'11110111001100010111001100010000'.
Parameter \INIT = 32'11101111100011001100111000001000
Found cached RTLIL representation for module `$paramod\GTP_LUT5\INIT=32'11101111100011001100111000001000'.
Parameter \INIT = 32'11101111100011001100111000001000
Found cached RTLIL representation for module `$paramod\GTP_LUT5\INIT=32'11101111100011001100111000001000'.
Parameter \INIT = 64'0000000000001000000010000000110000001100000011000000110000001100

3.106. Executing AST frontend in derive mode using pre-parsed AST for module `\GTP_LUT6'.
Parameter \INIT = 64'0000000000001000000010000000110000001100000011000000110000001100
Generating RTLIL representation for module `$paramod$933fc9909c4523777c7ba5f2e898424b3323b979\GTP_LUT6'.
Parameter \INIT = 838275187
Found cached RTLIL representation for module `$paramod\GTP_LUT5\INIT=32'00110001111101110001000001110011'.
Parameter \INIT = 64'1101011111110101001010000000101001011111110101111010000000101000
Found cached RTLIL representation for module `$paramod$6191c5fd7bcfaaff37808c3297a2620807ea9213\GTP_LUT6'.
Parameter \INIT = 64'0101111111010111101000000010100011010111111101010010100000001010
Found cached RTLIL representation for module `$paramod$faadfbce9aec5860350c941f014058f2c932bfb5\GTP_LUT6'.
Parameter \INIT = 64'0101111111010111101000000010100011010111111101010010100000001010
Found cached RTLIL representation for module `$paramod$faadfbce9aec5860350c941f014058f2c932bfb5\GTP_LUT6'.
Parameter \INIT = 64'0101111111010111101000000010100011010111111101010010100000001010
Found cached RTLIL representation for module `$paramod$faadfbce9aec5860350c941f014058f2c932bfb5\GTP_LUT6'.
Parameter \INIT = 64'0101111111010111101000000010100011010111111101010010100000001010
Found cached RTLIL representation for module `$paramod$faadfbce9aec5860350c941f014058f2c932bfb5\GTP_LUT6'.
Parameter \INIT = 32'11101111100011001100111000001000
Found cached RTLIL representation for module `$paramod\GTP_LUT5\INIT=32'11101111100011001100111000001000'.
Parameter \INIT = 64'1101011111110101001010000000101001011111110101111010000000101000
Found cached RTLIL representation for module `$paramod$6191c5fd7bcfaaff37808c3297a2620807ea9213\GTP_LUT6'.
Parameter \INIT = 838275187
Found cached RTLIL representation for module `$paramod\GTP_LUT5\INIT=32'00110001111101110001000001110011'.
Parameter \INIT = 32'11101111100011001100111000001000
Found cached RTLIL representation for module `$paramod\GTP_LUT5\INIT=32'11101111100011001100111000001000'.
Parameter \INIT = 64'1101011101011111001010001010000011110101110101110000101000101000
Found cached RTLIL representation for module `$paramod$ac322abe1352d00788da342d809764297918a223\GTP_LUT6'.
Parameter \INIT = 2131965697
Found cached RTLIL representation for module `$paramod\GTP_LUT5\INIT=32'01111111000100110011011100000001'.
Parameter \INIT = 32'11110111001100010111001100010000
Found cached RTLIL representation for module `$paramod\GTP_LUT5\INIT=32'11110111001100010111001100010000'.
Parameter \INIT = 32'10001100111011110000100011001110
Found cached RTLIL representation for module `$paramod\GTP_LUT5\INIT=32'10001100111011110000100011001110'.
Parameter \INIT = 32'11110111001100010111001100010000
Found cached RTLIL representation for module `$paramod\GTP_LUT5\INIT=32'11110111001100010111001100010000'.
Parameter \INIT = 32'11110111001100010111001100010000
Found cached RTLIL representation for module `$paramod\GTP_LUT5\INIT=32'11110111001100010111001100010000'.
Parameter \INIT = 32'10001100111011110000100011001110
Found cached RTLIL representation for module `$paramod\GTP_LUT5\INIT=32'10001100111011110000100011001110'.
Parameter \INIT = 32'11110111001100010111001100010000
Found cached RTLIL representation for module `$paramod\GTP_LUT5\INIT=32'11110111001100010111001100010000'.
Parameter \INIT = 16'1000101011001111

3.107. Executing AST frontend in derive mode using pre-parsed AST for module `\GTP_LUT4'.
Parameter \INIT = 16'1000101011001111
Generating RTLIL representation for module `$paramod\GTP_LUT4\INIT=16'1000101011001111'.
Parameter \INIT = 64'0101111111010111101000000010100011010111111101010010100000001010
Found cached RTLIL representation for module `$paramod$faadfbce9aec5860350c941f014058f2c932bfb5\GTP_LUT6'.
Parameter \INIT = 16'1111001101010001

3.108. Executing AST frontend in derive mode using pre-parsed AST for module `\GTP_LUT4'.
Parameter \INIT = 16'1111001101010001
Generating RTLIL representation for module `$paramod\GTP_LUT4\INIT=16'1111001101010001'.
Parameter \INIT = 64'0101111111010111101000000010100011010111111101010010100000001010
Found cached RTLIL representation for module `$paramod$faadfbce9aec5860350c941f014058f2c932bfb5\GTP_LUT6'.
Parameter \INIT = 32'11110111001100010111001100010000
Found cached RTLIL representation for module `$paramod\GTP_LUT5\INIT=32'11110111001100010111001100010000'.
Parameter \INIT = 32'11101111100011001100111000001000
Found cached RTLIL representation for module `$paramod\GTP_LUT5\INIT=32'11101111100011001100111000001000'.
Parameter \INIT = 32'10001100111011110000100011001110
Found cached RTLIL representation for module `$paramod\GTP_LUT5\INIT=32'10001100111011110000100011001110'.
Parameter \INIT = 64'1101011111110101001010000000101001011111110101111010000000101000
Found cached RTLIL representation for module `$paramod$6191c5fd7bcfaaff37808c3297a2620807ea9213\GTP_LUT6'.
Parameter \INIT = 64'0101111111010111101000000010100011010111111101010010100000001010
Found cached RTLIL representation for module `$paramod$faadfbce9aec5860350c941f014058f2c932bfb5\GTP_LUT6'.
Parameter \INIT = 64'0101111111010111101000000010100011010111111101010010100000001010
Found cached RTLIL representation for module `$paramod$faadfbce9aec5860350c941f014058f2c932bfb5\GTP_LUT6'.
Parameter \INIT = 32'11110111001100010111001100010000
Found cached RTLIL representation for module `$paramod\GTP_LUT5\INIT=32'11110111001100010111001100010000'.
Parameter \INIT = 32'11110111001100010111001100010000
Found cached RTLIL representation for module `$paramod\GTP_LUT5\INIT=32'11110111001100010111001100010000'.
Parameter \INIT = 64'0101111111010111101000000010100011010111111101010010100000001010
Found cached RTLIL representation for module `$paramod$faadfbce9aec5860350c941f014058f2c932bfb5\GTP_LUT6'.
Parameter \INIT = 64'0000110000001000000011110000111000001000000000000000111000001100

3.109. Executing AST frontend in derive mode using pre-parsed AST for module `\GTP_LUT6'.
Parameter \INIT = 64'0000110000001000000011110000111000001000000000000000111000001100
Generating RTLIL representation for module `$paramod$9a45e2cbb9afdcdb28d504d2a55f4a91384749d3\GTP_LUT6'.
Parameter \INIT = 64'0011000001110000000000000001000001110000111100000001000000110000

3.110. Executing AST frontend in derive mode using pre-parsed AST for module `\GTP_LUT6'.
Parameter \INIT = 64'0011000001110000000000000001000001110000111100000001000000110000
Generating RTLIL representation for module `$paramod$09259db225d769ce8527a5eada93fb5a1409294b\GTP_LUT6'.
Parameter \INIT = 32'11110111001100010111001100010000
Found cached RTLIL representation for module `$paramod\GTP_LUT5\INIT=32'11110111001100010111001100010000'.
Parameter \INIT = 32'11101111100011001100111000001000
Found cached RTLIL representation for module `$paramod\GTP_LUT5\INIT=32'11101111100011001100111000001000'.
Parameter \INIT = 32'11110111001100010111001100010000
Found cached RTLIL representation for module `$paramod\GTP_LUT5\INIT=32'11110111001100010111001100010000'.
Parameter \INIT = 64'1101011111110101001010000000101001011111110101111010000000101000
Found cached RTLIL representation for module `$paramod$6191c5fd7bcfaaff37808c3297a2620807ea9213\GTP_LUT6'.
Parameter \INIT = 64'0011111100111100111111110011111110110011100000101111111110110011

3.111. Executing AST frontend in derive mode using pre-parsed AST for module `\GTP_LUT6'.
Parameter \INIT = 64'0011111100111100111111110011111110110011100000101111111110110011
Generating RTLIL representation for module `$paramod$3448f070da6cbec34cea01dc465c7e96a4dbd44d\GTP_LUT6'.
Parameter \INIT = 64'0011110000111111001111111111111110000010101100111011001111111111

3.112. Executing AST frontend in derive mode using pre-parsed AST for module `\GTP_LUT6'.
Parameter \INIT = 64'0011110000111111001111111111111110000010101100111011001111111111
Generating RTLIL representation for module `$paramod$0ee9485909187e4f9c3847e270f72146922ab9b4\GTP_LUT6'.
Parameter \INIT = 64'0011001100110011000100110011001100010011001100110000001100110011

3.113. Executing AST frontend in derive mode using pre-parsed AST for module `\GTP_LUT6'.
Parameter \INIT = 64'0011001100110011000100110011001100010011001100110000001100110011
Generating RTLIL representation for module `$paramod$4686127b1d9271139f97e4f1e7802033a0df1020\GTP_LUT6'.
Parameter \INIT = 64'1101011111110101001010000000101001011111110101111010000000101000
Found cached RTLIL representation for module `$paramod$6191c5fd7bcfaaff37808c3297a2620807ea9213\GTP_LUT6'.
Parameter \INIT = 2188

3.114. Executing AST frontend in derive mode using pre-parsed AST for module `\GTP_LUT5'.
Parameter \INIT = 2188
Generating RTLIL representation for module `$paramod\GTP_LUT5\INIT=32'00000000000000000000100010001100'.
Parameter \INIT = 64'1000000011000000111000001111000000000000100000001100000011100000
Found cached RTLIL representation for module `$paramod$fae92b70435d2452042dc5d151313cfa0638e19d\GTP_LUT6'.
Parameter \INIT = 64'0000011100000011000000010000000000001111000001110000001100000001
Found cached RTLIL representation for module `$paramod$80f99d234a25a6e0536450028dd8da76ef60284a\GTP_LUT6'.
Parameter \INIT = 808596019

3.115. Executing AST frontend in derive mode using pre-parsed AST for module `\GTP_LUT5'.
Parameter \INIT = 808596019
Generating RTLIL representation for module `$paramod\GTP_LUT5\INIT=32'00110000001100100011001000110011'.
Parameter \INIT = 32'11110111001100010111001100010000
Found cached RTLIL representation for module `$paramod\GTP_LUT5\INIT=32'11110111001100010111001100010000'.
Parameter \INIT = 64'0101111111010111101000000010100011010111111101010010100000001010
Found cached RTLIL representation for module `$paramod$faadfbce9aec5860350c941f014058f2c932bfb5\GTP_LUT6'.
Parameter \INIT = 64'1101011111110101001010000000101001011111110101111010000000101000
Found cached RTLIL representation for module `$paramod$6191c5fd7bcfaaff37808c3297a2620807ea9213\GTP_LUT6'.
Parameter \INIT = 32'10001100111011110000100011001110
Found cached RTLIL representation for module `$paramod\GTP_LUT5\INIT=32'10001100111011110000100011001110'.
Parameter \INIT = 64'1101011111110101001010000000101001011111110101111010000000101000
Found cached RTLIL representation for module `$paramod$6191c5fd7bcfaaff37808c3297a2620807ea9213\GTP_LUT6'.
Parameter \INIT = 838275187
Found cached RTLIL representation for module `$paramod\GTP_LUT5\INIT=32'00110001111101110001000001110011'.
Parameter \INIT = 64'0101111111010111101000000010100011010111111101010010100000001010
Found cached RTLIL representation for module `$paramod$faadfbce9aec5860350c941f014058f2c932bfb5\GTP_LUT6'.
Parameter \INIT = 32'11101111100011001100111000001000
Found cached RTLIL representation for module `$paramod\GTP_LUT5\INIT=32'11101111100011001100111000001000'.
Parameter \INIT = 64'0011001100110011001100110001001100110011000100110011001100000011
Found cached RTLIL representation for module `$paramod$7a04fc527ce8b8c2a79407474e6c0b17d8810811\GTP_LUT6'.
Parameter \INIT = 64'1101011111110101001010000000101001011111110101111010000000101000
Found cached RTLIL representation for module `$paramod$6191c5fd7bcfaaff37808c3297a2620807ea9213\GTP_LUT6'.
Parameter \INIT = 838275187
Found cached RTLIL representation for module `$paramod\GTP_LUT5\INIT=32'00110001111101110001000001110011'.
Parameter \INIT = 16'1101001001111000
Found cached RTLIL representation for module `$paramod\GTP_LUT4\INIT=16'1101001001111000'.
Parameter \INIT = 64'0101111111010111101000000010100011010111111101010010100000001010
Found cached RTLIL representation for module `$paramod$faadfbce9aec5860350c941f014058f2c932bfb5\GTP_LUT6'.
Parameter \INIT = 52634419
Found cached RTLIL representation for module `$paramod\GTP_LUT5\INIT=32'00000011001000110010001100110011'.
Parameter \INIT = 64'1101011111110101001010000000101001011111110101111010000000101000
Found cached RTLIL representation for module `$paramod$6191c5fd7bcfaaff37808c3297a2620807ea9213\GTP_LUT6'.
Parameter \INIT = 64'0011111100111100111111110011111110110011100000101111111110110011
Found cached RTLIL representation for module `$paramod$3448f070da6cbec34cea01dc465c7e96a4dbd44d\GTP_LUT6'.
Parameter \INIT = 16'0111100011010010
Found cached RTLIL representation for module `$paramod\GTP_LUT4\INIT=16'0111100011010010'.
Parameter \INIT = 32'11101111100011001100111000001000
Found cached RTLIL representation for module `$paramod\GTP_LUT5\INIT=32'11101111100011001100111000001000'.
Parameter \INIT = 32'11110111001100010111001100010000
Found cached RTLIL representation for module `$paramod\GTP_LUT5\INIT=32'11110111001100010111001100010000'.
Parameter \INIT = 64'0011001100110011001100110001001100110011000100110011001100000011
Found cached RTLIL representation for module `$paramod$7a04fc527ce8b8c2a79407474e6c0b17d8810811\GTP_LUT6'.
Parameter \INIT = 16'1101001001111000
Found cached RTLIL representation for module `$paramod\GTP_LUT4\INIT=16'1101001001111000'.
Parameter \INIT = 52634419
Found cached RTLIL representation for module `$paramod\GTP_LUT5\INIT=32'00000011001000110010001100110011'.
Parameter \INIT = 16'0111100011010010
Found cached RTLIL representation for module `$paramod\GTP_LUT4\INIT=16'0111100011010010'.
Parameter \INIT = 16'0111110110000010
Found cached RTLIL representation for module `$paramod\GTP_LUT4\INIT=16'0111110110000010'.
Parameter \INIT = 64'0000100000001100000011100000111100000000000010000000110000001110

3.116. Executing AST frontend in derive mode using pre-parsed AST for module `\GTP_LUT6'.
Parameter \INIT = 64'0000100000001100000011100000111100000000000010000000110000001110
Generating RTLIL representation for module `$paramod$952583f6bb939a3dd49fa389533918d6b282ec22\GTP_LUT6'.
Parameter \INIT = 64'0111000000110000000100000000000011110000011100000011000000010000

3.117. Executing AST frontend in derive mode using pre-parsed AST for module `\GTP_LUT6'.
Parameter \INIT = 64'0111000000110000000100000000000011110000011100000011000000010000
Generating RTLIL representation for module `$paramod$17120a48b64ae84dd8c293e961046b7419bc9579\GTP_LUT6'.
Parameter \INIT = 16'1101001001111000
Found cached RTLIL representation for module `$paramod\GTP_LUT4\INIT=16'1101001001111000'.
Parameter \INIT = 16'0111100011010010
Found cached RTLIL representation for module `$paramod\GTP_LUT4\INIT=16'0111100011010010'.
Parameter \INIT = 32'11101111100011001100111000001000
Found cached RTLIL representation for module `$paramod\GTP_LUT5\INIT=32'11101111100011001100111000001000'.
Parameter \INIT = 16'0111100011010010
Found cached RTLIL representation for module `$paramod\GTP_LUT4\INIT=16'0111100011010010'.
Parameter \INIT = 16'1101001001111000
Found cached RTLIL representation for module `$paramod\GTP_LUT4\INIT=16'1101001001111000'.
Parameter \INIT = 16'0111100011010010
Found cached RTLIL representation for module `$paramod\GTP_LUT4\INIT=16'0111100011010010'.
Parameter \INIT = 16'0111100011010010
Found cached RTLIL representation for module `$paramod\GTP_LUT4\INIT=16'0111100011010010'.
Parameter \INIT = 16'0111100011010010
Found cached RTLIL representation for module `$paramod\GTP_LUT4\INIT=16'0111100011010010'.
Parameter \INIT = 64'0000111000001111000010000000110000001100000011100000000000001000

3.118. Executing AST frontend in derive mode using pre-parsed AST for module `\GTP_LUT6'.
Parameter \INIT = 64'0000111000001111000010000000110000001100000011100000000000001000
Generating RTLIL representation for module `$paramod$0779447c276dcab1d563d04d44178dc247772f29\GTP_LUT6'.
Parameter \INIT = 64'0001000000000000011100000011000000110000000100001111000001110000

3.119. Executing AST frontend in derive mode using pre-parsed AST for module `\GTP_LUT6'.
Parameter \INIT = 64'0001000000000000011100000011000000110000000100001111000001110000
Generating RTLIL representation for module `$paramod$bfde43f9375641a8be061bcf417c25d0e8103358\GTP_LUT6'.
Parameter \INIT = 64'0101111111010111101000000010100011010111111101010010100000001010
Found cached RTLIL representation for module `$paramod$faadfbce9aec5860350c941f014058f2c932bfb5\GTP_LUT6'.
Parameter \INIT = 64'0101111111010111101000000010100011010111111101010010100000001010
Found cached RTLIL representation for module `$paramod$faadfbce9aec5860350c941f014058f2c932bfb5\GTP_LUT6'.
Parameter \INIT = 16'1101001001111000
Found cached RTLIL representation for module `$paramod\GTP_LUT4\INIT=16'1101001001111000'.
Parameter \INIT = 16'1101001001111000
Found cached RTLIL representation for module `$paramod\GTP_LUT4\INIT=16'1101001001111000'.
Parameter \INIT = 16'1101001001111000
Found cached RTLIL representation for module `$paramod\GTP_LUT4\INIT=16'1101001001111000'.
Parameter \INIT = 16'0111100011010010
Found cached RTLIL representation for module `$paramod\GTP_LUT4\INIT=16'0111100011010010'.
Parameter \INIT = 16'1101001001111000
Found cached RTLIL representation for module `$paramod\GTP_LUT4\INIT=16'1101001001111000'.
Parameter \INIT = 16'0111100011010010
Found cached RTLIL representation for module `$paramod\GTP_LUT4\INIT=16'0111100011010010'.
Parameter \INIT = 16'1101001001111000
Found cached RTLIL representation for module `$paramod\GTP_LUT4\INIT=16'1101001001111000'.
Parameter \INIT = 16'1101001001111000
Found cached RTLIL representation for module `$paramod\GTP_LUT4\INIT=16'1101001001111000'.
Parameter \INIT = 64'1101011111110101001010000000101001011111110101111010000000101000
Found cached RTLIL representation for module `$paramod$6191c5fd7bcfaaff37808c3297a2620807ea9213\GTP_LUT6'.
Parameter \INIT = 16'0111100011010010
Found cached RTLIL representation for module `$paramod\GTP_LUT4\INIT=16'0111100011010010'.
Parameter \INIT = 16'0111100011010010
Found cached RTLIL representation for module `$paramod\GTP_LUT4\INIT=16'0111100011010010'.
Parameter \INIT = 16'1101001001111000
Found cached RTLIL representation for module `$paramod\GTP_LUT4\INIT=16'1101001001111000'.
Parameter \INIT = 64'0101111111010111101000000010100011010111111101010010100000001010
Found cached RTLIL representation for module `$paramod$faadfbce9aec5860350c941f014058f2c932bfb5\GTP_LUT6'.
Parameter \INIT = 16'1101001001111000
Found cached RTLIL representation for module `$paramod\GTP_LUT4\INIT=16'1101001001111000'.
Parameter \INIT = 32'11110111001100010111001100010000
Found cached RTLIL representation for module `$paramod\GTP_LUT5\INIT=32'11110111001100010111001100010000'.
Parameter \INIT = 16'1101001001111000
Found cached RTLIL representation for module `$paramod\GTP_LUT4\INIT=16'1101001001111000'.
Parameter \INIT = 32'11110111001100010111001100010000
Found cached RTLIL representation for module `$paramod\GTP_LUT5\INIT=32'11110111001100010111001100010000'.
Parameter \INIT = 16'0111100011010010
Found cached RTLIL representation for module `$paramod\GTP_LUT4\INIT=16'0111100011010010'.
Parameter \INIT = 16'0111100011010010
Found cached RTLIL representation for module `$paramod\GTP_LUT4\INIT=16'0111100011010010'.
Parameter \INIT = 16'0111100011010010
Found cached RTLIL representation for module `$paramod\GTP_LUT4\INIT=16'0111100011010010'.
Parameter \INIT = 16'0111100011010010
Found cached RTLIL representation for module `$paramod\GTP_LUT4\INIT=16'0111100011010010'.
Parameter \INIT = 16'1101001001111000
Found cached RTLIL representation for module `$paramod\GTP_LUT4\INIT=16'1101001001111000'.
Parameter \INIT = 64'0101111111010111101000000010100011010111111101010010100000001010
Found cached RTLIL representation for module `$paramod$faadfbce9aec5860350c941f014058f2c932bfb5\GTP_LUT6'.
Parameter \INIT = 16'1101001001111000
Found cached RTLIL representation for module `$paramod\GTP_LUT4\INIT=16'1101001001111000'.
Parameter \INIT = 64'1101011111110101001010000000101001011111110101111010000000101000
Found cached RTLIL representation for module `$paramod$6191c5fd7bcfaaff37808c3297a2620807ea9213\GTP_LUT6'.
Parameter \INIT = 32'10001100111011110000100011001110
Found cached RTLIL representation for module `$paramod\GTP_LUT5\INIT=32'10001100111011110000100011001110'.
Parameter \INIT = 2131965697
Found cached RTLIL representation for module `$paramod\GTP_LUT5\INIT=32'01111111000100110011011100000001'.
Parameter \INIT = 64'0101111111010111101000000010100011010111111101010010100000001010
Found cached RTLIL representation for module `$paramod$faadfbce9aec5860350c941f014058f2c932bfb5\GTP_LUT6'.
Parameter \INIT = 16'1101001001111000
Found cached RTLIL representation for module `$paramod\GTP_LUT4\INIT=16'1101001001111000'.
Parameter \INIT = 32'11110111001100010111001100010000
Found cached RTLIL representation for module `$paramod\GTP_LUT5\INIT=32'11110111001100010111001100010000'.
Parameter \INIT = 16'0111100011010010
Found cached RTLIL representation for module `$paramod\GTP_LUT4\INIT=16'0111100011010010'.
Parameter \INIT = 16'0111100011010010
Found cached RTLIL representation for module `$paramod\GTP_LUT4\INIT=16'0111100011010010'.
Parameter \INIT = 32'10001100111011110000100011001110
Found cached RTLIL representation for module `$paramod\GTP_LUT5\INIT=32'10001100111011110000100011001110'.
Parameter \INIT = 64'1101011111110101001010000000101001011111110101111010000000101000
Found cached RTLIL representation for module `$paramod$6191c5fd7bcfaaff37808c3297a2620807ea9213\GTP_LUT6'.
Parameter \INIT = 32'11110111001100010111001100010000
Found cached RTLIL representation for module `$paramod\GTP_LUT5\INIT=32'11110111001100010111001100010000'.
Parameter \INIT = 64'1101011111110101001010000000101001011111110101111010000000101000
Found cached RTLIL representation for module `$paramod$6191c5fd7bcfaaff37808c3297a2620807ea9213\GTP_LUT6'.
Parameter \INIT = 64'0101111111010111101000000010100011010111111101010010100000001010
Found cached RTLIL representation for module `$paramod$faadfbce9aec5860350c941f014058f2c932bfb5\GTP_LUT6'.
Parameter \INIT = 64'1101011111110101001010000000101001011111110101111010000000101000
Found cached RTLIL representation for module `$paramod$6191c5fd7bcfaaff37808c3297a2620807ea9213\GTP_LUT6'.
Parameter \INIT = 64'0101111111010111101000000010100011010111111101010010100000001010
Found cached RTLIL representation for module `$paramod$faadfbce9aec5860350c941f014058f2c932bfb5\GTP_LUT6'.
Parameter \INIT = 32'10001100111011110000100011001110
Found cached RTLIL representation for module `$paramod\GTP_LUT5\INIT=32'10001100111011110000100011001110'.
Parameter \INIT = 838275187
Found cached RTLIL representation for module `$paramod\GTP_LUT5\INIT=32'00110001111101110001000001110011'.
Parameter \INIT = 16'0111100011010010
Found cached RTLIL representation for module `$paramod\GTP_LUT4\INIT=16'0111100011010010'.
Parameter \INIT = 16'1101001001111000
Found cached RTLIL representation for module `$paramod\GTP_LUT4\INIT=16'1101001001111000'.
Parameter \INIT = 32'11101111100011001100111000001000
Found cached RTLIL representation for module `$paramod\GTP_LUT5\INIT=32'11101111100011001100111000001000'.
Parameter \INIT = 16'0111100011010010
Found cached RTLIL representation for module `$paramod\GTP_LUT4\INIT=16'0111100011010010'.
Parameter \INIT = 16'0111100011010010
Found cached RTLIL representation for module `$paramod\GTP_LUT4\INIT=16'0111100011010010'.
Parameter \INIT = 16'1101001001111000
Found cached RTLIL representation for module `$paramod\GTP_LUT4\INIT=16'1101001001111000'.
Parameter \INIT = 16'0111100011010010
Found cached RTLIL representation for module `$paramod\GTP_LUT4\INIT=16'0111100011010010'.
Parameter \INIT = 16'1101001001111000
Found cached RTLIL representation for module `$paramod\GTP_LUT4\INIT=16'1101001001111000'.
Parameter \INIT = 16'0111100011010010
Found cached RTLIL representation for module `$paramod\GTP_LUT4\INIT=16'0111100011010010'.
Parameter \INIT = 8'00010101
Found cached RTLIL representation for module `$paramod\GTP_LUT3\INIT=8'00010101'.
Parameter \INIT = 16'0111100011010010
Found cached RTLIL representation for module `$paramod\GTP_LUT4\INIT=16'0111100011010010'.
Parameter \INIT = 16'1101001001111000
Found cached RTLIL representation for module `$paramod\GTP_LUT4\INIT=16'1101001001111000'.
Parameter \INIT = 16'0111100011010010
Found cached RTLIL representation for module `$paramod\GTP_LUT4\INIT=16'0111100011010010'.
Parameter \INIT = 16'1101001001111000
Found cached RTLIL representation for module `$paramod\GTP_LUT4\INIT=16'1101001001111000'.
Parameter \INIT = 16'0111100011010010
Found cached RTLIL representation for module `$paramod\GTP_LUT4\INIT=16'0111100011010010'.
Parameter \INIT = 16'1101001001111000
Found cached RTLIL representation for module `$paramod\GTP_LUT4\INIT=16'1101001001111000'.
Parameter \INIT = 16'0111100011010010
Found cached RTLIL representation for module `$paramod\GTP_LUT4\INIT=16'0111100011010010'.
Parameter \INIT = 16'1101001001111000
Found cached RTLIL representation for module `$paramod\GTP_LUT4\INIT=16'1101001001111000'.
Parameter \INIT = 16'1101001001111000
Found cached RTLIL representation for module `$paramod\GTP_LUT4\INIT=16'1101001001111000'.
Parameter \INIT = 16'0111100011010010
Found cached RTLIL representation for module `$paramod\GTP_LUT4\INIT=16'0111100011010010'.
Parameter \INIT = 32'11110111001100010111001100010000
Found cached RTLIL representation for module `$paramod\GTP_LUT5\INIT=32'11110111001100010111001100010000'.
Parameter \INIT = 64'0000010101000101000001010100010100000101010001010100010101000101

3.120. Executing AST frontend in derive mode using pre-parsed AST for module `\GTP_LUT6'.
Parameter \INIT = 64'0000010101000101000001010100010100000101010001010100010101000101
Generating RTLIL representation for module `$paramod$c9f7f5a0862a8e021924eb606375bda67de87651\GTP_LUT6'.
Parameter \INIT = 64'1111111100111100111111110011111111111111100000101111111110110011

3.121. Executing AST frontend in derive mode using pre-parsed AST for module `\GTP_LUT6'.
Parameter \INIT = 64'1111111100111100111111110011111111111111100000101111111110110011
Generating RTLIL representation for module `$paramod$81ba87d54c21532813300cb655121f15a1230944\GTP_LUT6'.
Parameter \INIT = 64'0101111111010111101000000010100011010111111101010010100000001010
Found cached RTLIL representation for module `$paramod$faadfbce9aec5860350c941f014058f2c932bfb5\GTP_LUT6'.
Parameter \INIT = 64'1101011111110101001010000000101001011111110101111010000000101000
Found cached RTLIL representation for module `$paramod$6191c5fd7bcfaaff37808c3297a2620807ea9213\GTP_LUT6'.
Parameter \INIT = 32'11110111001100010111001100010000
Found cached RTLIL representation for module `$paramod\GTP_LUT5\INIT=32'11110111001100010111001100010000'.
Parameter \INIT = 64'0101111111010111101000000010100011010111111101010010100000001010
Found cached RTLIL representation for module `$paramod$faadfbce9aec5860350c941f014058f2c932bfb5\GTP_LUT6'.
Parameter \INIT = 64'1101011111110101001010000000101001011111110101111010000000101000
Found cached RTLIL representation for module `$paramod$6191c5fd7bcfaaff37808c3297a2620807ea9213\GTP_LUT6'.
Parameter \INIT = 32'10001100111011110000100011001110
Found cached RTLIL representation for module `$paramod\GTP_LUT5\INIT=32'10001100111011110000100011001110'.
Parameter \INIT = 838275187
Found cached RTLIL representation for module `$paramod\GTP_LUT5\INIT=32'00110001111101110001000001110011'.
Parameter \INIT = 64'0101111111010111101000000010100011010111111101010010100000001010
Found cached RTLIL representation for module `$paramod$faadfbce9aec5860350c941f014058f2c932bfb5\GTP_LUT6'.
Parameter \INIT = 64'0101111111010111101000000010100011010111111101010010100000001010
Found cached RTLIL representation for module `$paramod$faadfbce9aec5860350c941f014058f2c932bfb5\GTP_LUT6'.
Parameter \INIT = 64'0101111111010111101000000010100011010111111101010010100000001010
Found cached RTLIL representation for module `$paramod$faadfbce9aec5860350c941f014058f2c932bfb5\GTP_LUT6'.
Parameter \INIT = 32'10001100111011110000100011001110
Found cached RTLIL representation for module `$paramod\GTP_LUT5\INIT=32'10001100111011110000100011001110'.
Parameter \INIT = 64'0101111111010111101000000010100011010111111101010010100000001010
Found cached RTLIL representation for module `$paramod$faadfbce9aec5860350c941f014058f2c932bfb5\GTP_LUT6'.
Parameter \INIT = 32'10001100111011110000100011001110
Found cached RTLIL representation for module `$paramod\GTP_LUT5\INIT=32'10001100111011110000100011001110'.
Parameter \INIT = 838275187
Found cached RTLIL representation for module `$paramod\GTP_LUT5\INIT=32'00110001111101110001000001110011'.
Parameter \INIT = 64'1101011111110101001010000000101001011111110101111010000000101000
Found cached RTLIL representation for module `$paramod$6191c5fd7bcfaaff37808c3297a2620807ea9213\GTP_LUT6'.
Parameter \INIT = 32'11110111001100010111001100010000
Found cached RTLIL representation for module `$paramod\GTP_LUT5\INIT=32'11110111001100010111001100010000'.
Parameter \INIT = 64'1101011111110101001010000000101001011111110101111010000000101000
Found cached RTLIL representation for module `$paramod$6191c5fd7bcfaaff37808c3297a2620807ea9213\GTP_LUT6'.
Parameter \INIT = 64'0101111111010111101000000010100011010111111101010010100000001010
Found cached RTLIL representation for module `$paramod$faadfbce9aec5860350c941f014058f2c932bfb5\GTP_LUT6'.
Parameter \INIT = 64'0101111111010111101000000010100011010111111101010010100000001010
Found cached RTLIL representation for module `$paramod$faadfbce9aec5860350c941f014058f2c932bfb5\GTP_LUT6'.
Parameter \INIT = 64'1101011111110101001010000000101001011111110101111010000000101000
Found cached RTLIL representation for module `$paramod$6191c5fd7bcfaaff37808c3297a2620807ea9213\GTP_LUT6'.
Parameter \INIT = 838275187
Found cached RTLIL representation for module `$paramod\GTP_LUT5\INIT=32'00110001111101110001000001110011'.
Parameter \INIT = 64'0101111111010111101000000010100011010111111101010010100000001010
Found cached RTLIL representation for module `$paramod$faadfbce9aec5860350c941f014058f2c932bfb5\GTP_LUT6'.
Parameter \INIT = 838275187
Found cached RTLIL representation for module `$paramod\GTP_LUT5\INIT=32'00110001111101110001000001110011'.
Parameter \INIT = 64'1101011111110101001010000000101001011111110101111010000000101000
Found cached RTLIL representation for module `$paramod$6191c5fd7bcfaaff37808c3297a2620807ea9213\GTP_LUT6'.
Parameter \INIT = 64'0101111111010111101000000010100011010111111101010010100000001010
Found cached RTLIL representation for module `$paramod$faadfbce9aec5860350c941f014058f2c932bfb5\GTP_LUT6'.
Parameter \INIT = 838275187
Found cached RTLIL representation for module `$paramod\GTP_LUT5\INIT=32'00110001111101110001000001110011'.
Parameter \INIT = 32'10001100111011110000100011001110
Found cached RTLIL representation for module `$paramod\GTP_LUT5\INIT=32'10001100111011110000100011001110'.
Parameter \INIT = 64'0101111111010111101000000010100011010111111101010010100000001010
Found cached RTLIL representation for module `$paramod$faadfbce9aec5860350c941f014058f2c932bfb5\GTP_LUT6'.
Parameter \INIT = 64'0101111111010111101000000010100011010111111101010010100000001010
Found cached RTLIL representation for module `$paramod$faadfbce9aec5860350c941f014058f2c932bfb5\GTP_LUT6'.
Parameter \INIT = 64'1101011111110101001010000000101001011111110101111010000000101000
Found cached RTLIL representation for module `$paramod$6191c5fd7bcfaaff37808c3297a2620807ea9213\GTP_LUT6'.
Parameter \INIT = 32'11110111001100010111001100010000
Found cached RTLIL representation for module `$paramod\GTP_LUT5\INIT=32'11110111001100010111001100010000'.
Parameter \INIT = 838275187
Found cached RTLIL representation for module `$paramod\GTP_LUT5\INIT=32'00110001111101110001000001110011'.
Parameter \INIT = 838275187
Found cached RTLIL representation for module `$paramod\GTP_LUT5\INIT=32'00110001111101110001000001110011'.
Parameter \INIT = 64'1101011111110101001010000000101001011111110101111010000000101000
Found cached RTLIL representation for module `$paramod$6191c5fd7bcfaaff37808c3297a2620807ea9213\GTP_LUT6'.
Parameter \INIT = 32'11101111100011001100111000001000
Found cached RTLIL representation for module `$paramod\GTP_LUT5\INIT=32'11101111100011001100111000001000'.
Parameter \INIT = 32'11110111001100010111001100010000
Found cached RTLIL representation for module `$paramod\GTP_LUT5\INIT=32'11110111001100010111001100010000'.
Parameter \INIT = 32'11110111001100010111001100010000
Found cached RTLIL representation for module `$paramod\GTP_LUT5\INIT=32'11110111001100010111001100010000'.
Parameter \INIT = 64'0101111111010111101000000010100011010111111101010010100000001010
Found cached RTLIL representation for module `$paramod$faadfbce9aec5860350c941f014058f2c932bfb5\GTP_LUT6'.
Parameter \INIT = 32'11110111001100010111001100010000
Found cached RTLIL representation for module `$paramod\GTP_LUT5\INIT=32'11110111001100010111001100010000'.
Parameter \INIT = 32'10001100111011110000100011001110
Found cached RTLIL representation for module `$paramod\GTP_LUT5\INIT=32'10001100111011110000100011001110'.
Parameter \INIT = 64'1101011111110101001010000000101001011111110101111010000000101000
Found cached RTLIL representation for module `$paramod$6191c5fd7bcfaaff37808c3297a2620807ea9213\GTP_LUT6'.
Parameter \INIT = 64'1111111100111100111111110011111111111111100000101111111110110011
Found cached RTLIL representation for module `$paramod$81ba87d54c21532813300cb655121f15a1230944\GTP_LUT6'.
Parameter \INIT = 64'1101011111110101001010000000101001011111110101111010000000101000
Found cached RTLIL representation for module `$paramod$6191c5fd7bcfaaff37808c3297a2620807ea9213\GTP_LUT6'.
Parameter \INIT = 838275187
Found cached RTLIL representation for module `$paramod\GTP_LUT5\INIT=32'00110001111101110001000001110011'.
Parameter \INIT = 32'11110111001100010111001100010000
Found cached RTLIL representation for module `$paramod\GTP_LUT5\INIT=32'11110111001100010111001100010000'.
Parameter \INIT = 32'11110111001100010111001100010000
Found cached RTLIL representation for module `$paramod\GTP_LUT5\INIT=32'11110111001100010111001100010000'.
Parameter \INIT = 64'1111111111111111001111001000001011111111111111110011111110110011

3.122. Executing AST frontend in derive mode using pre-parsed AST for module `\GTP_LUT6'.
Parameter \INIT = 64'1111111111111111001111001000001011111111111111110011111110110011
Generating RTLIL representation for module `$paramod$589b7d3e154887be9653efbfa8b3cc4c0e8c4929\GTP_LUT6'.
Parameter \INIT = 32'11110111001100010111001100010000
Found cached RTLIL representation for module `$paramod\GTP_LUT5\INIT=32'11110111001100010111001100010000'.
Parameter \INIT = 64'1101011111110101001010000000101001011111110101111010000000101000
Found cached RTLIL representation for module `$paramod$6191c5fd7bcfaaff37808c3297a2620807ea9213\GTP_LUT6'.
Parameter \INIT = 64'0010100000001010110101111111010110100000001010000101111111010111

3.123. Executing AST frontend in derive mode using pre-parsed AST for module `\GTP_LUT6'.
Parameter \INIT = 64'0010100000001010110101111111010110100000001010000101111111010111
Generating RTLIL representation for module `$paramod$b9312bd528a822c4fdb3b9122fd1dfb8eba6669d\GTP_LUT6'.
Parameter \INIT = 32'11110111001100010111001100010000
Found cached RTLIL representation for module `$paramod\GTP_LUT5\INIT=32'11110111001100010111001100010000'.
Parameter \INIT = 32'10001100111011110000100011001110
Found cached RTLIL representation for module `$paramod\GTP_LUT5\INIT=32'10001100111011110000100011001110'.
Parameter \INIT = 64'0101111111010111101000000010100011010111111101010010100000001010
Found cached RTLIL representation for module `$paramod$faadfbce9aec5860350c941f014058f2c932bfb5\GTP_LUT6'.
Parameter \INIT = 64'1101011111110101001010000000101001011111110101111010000000101000
Found cached RTLIL representation for module `$paramod$6191c5fd7bcfaaff37808c3297a2620807ea9213\GTP_LUT6'.
Parameter \INIT = 64'0101111111010111101000000010100011010111111101010010100000001010
Found cached RTLIL representation for module `$paramod$faadfbce9aec5860350c941f014058f2c932bfb5\GTP_LUT6'.
Parameter \INIT = 2131965697
Found cached RTLIL representation for module `$paramod\GTP_LUT5\INIT=32'01111111000100110011011100000001'.
Parameter \INIT = 64'0101111111010111101000000010100011010111111101010010100000001010
Found cached RTLIL representation for module `$paramod$faadfbce9aec5860350c941f014058f2c932bfb5\GTP_LUT6'.
Parameter \INIT = 32'11110111001100010111001100010000
Found cached RTLIL representation for module `$paramod\GTP_LUT5\INIT=32'11110111001100010111001100010000'.
Parameter \INIT = 64'0101111111010111101000000010100011010111111101010010100000001010
Found cached RTLIL representation for module `$paramod$faadfbce9aec5860350c941f014058f2c932bfb5\GTP_LUT6'.
Parameter \INIT = 16'1000101011001111
Found cached RTLIL representation for module `$paramod\GTP_LUT4\INIT=16'1000101011001111'.
Parameter \INIT = 64'1111111111111111100000110010110011111111111111111011001100111111

3.124. Executing AST frontend in derive mode using pre-parsed AST for module `\GTP_LUT6'.
Parameter \INIT = 64'1111111111111111100000110010110011111111111111111011001100111111
Generating RTLIL representation for module `$paramod$e686b098053cd414656537e7d2a6abd8dd2b86c2\GTP_LUT6'.
Parameter \INIT = 64'1101011111110101001010000000101001011111110101111010000000101000
Found cached RTLIL representation for module `$paramod$6191c5fd7bcfaaff37808c3297a2620807ea9213\GTP_LUT6'.
Parameter \INIT = 64'0000100000001100000011100000111100000000000010000000110000001110
Found cached RTLIL representation for module `$paramod$952583f6bb939a3dd49fa389533918d6b282ec22\GTP_LUT6'.
Parameter \INIT = 64'0111000000110000000100000000000011110000011100000011000000010000
Found cached RTLIL representation for module `$paramod$17120a48b64ae84dd8c293e961046b7419bc9579\GTP_LUT6'.
Parameter \INIT = 16'1000101011001111
Found cached RTLIL representation for module `$paramod\GTP_LUT4\INIT=16'1000101011001111'.
Parameter \INIT = 1930491697
Found cached RTLIL representation for module `$paramod\GTP_LUT5\INIT=32'01110011000100001111011100110001'.
Parameter \INIT = 32'11110111001100010111001100010000
Found cached RTLIL representation for module `$paramod\GTP_LUT5\INIT=32'11110111001100010111001100010000'.
Parameter \INIT = 16'1101001001111000
Found cached RTLIL representation for module `$paramod\GTP_LUT4\INIT=16'1101001001111000'.
Parameter \INIT = 64'0101111111010111101000000010100011010111111101010010100000001010
Found cached RTLIL representation for module `$paramod$faadfbce9aec5860350c941f014058f2c932bfb5\GTP_LUT6'.
Parameter \INIT = 16'1101001001111000
Found cached RTLIL representation for module `$paramod\GTP_LUT4\INIT=16'1101001001111000'.
Parameter \INIT = 32'10001100111011110000100011001110
Found cached RTLIL representation for module `$paramod\GTP_LUT5\INIT=32'10001100111011110000100011001110'.
Parameter \INIT = 16'0111100011010010
Found cached RTLIL representation for module `$paramod\GTP_LUT4\INIT=16'0111100011010010'.
Parameter \INIT = 32'11110111001100010111001100010000
Found cached RTLIL representation for module `$paramod\GTP_LUT5\INIT=32'11110111001100010111001100010000'.
Parameter \INIT = 64'0011001100110011001100110011001100110011000100110001001100000011

3.125. Executing AST frontend in derive mode using pre-parsed AST for module `\GTP_LUT6'.
Parameter \INIT = 64'0011001100110011001100110011001100110011000100110001001100000011
Generating RTLIL representation for module `$paramod$a1411f21d3b03467b79063cf0edcb16171722d0f\GTP_LUT6'.
Parameter \INIT = 16'0111100011010010
Found cached RTLIL representation for module `$paramod\GTP_LUT4\INIT=16'0111100011010010'.
Parameter \INIT = 16'0111100011010010
Found cached RTLIL representation for module `$paramod\GTP_LUT4\INIT=16'0111100011010010'.
Parameter \INIT = 16'1101001001111000
Found cached RTLIL representation for module `$paramod\GTP_LUT4\INIT=16'1101001001111000'.
Parameter \INIT = 16'0111100011010010
Found cached RTLIL representation for module `$paramod\GTP_LUT4\INIT=16'0111100011010010'.
Parameter \INIT = 16'0111100011010010
Found cached RTLIL representation for module `$paramod\GTP_LUT4\INIT=16'0111100011010010'.
Parameter \INIT = 32'10001100111011110000100011001110
Found cached RTLIL representation for module `$paramod\GTP_LUT5\INIT=32'10001100111011110000100011001110'.
Parameter \INIT = 35861299

3.126. Executing AST frontend in derive mode using pre-parsed AST for module `\GTP_LUT5'.
Parameter \INIT = 35861299
Generating RTLIL representation for module `$paramod\GTP_LUT5\INIT=32'00000010001000110011001100110011'.
Parameter \INIT = 16'1101001001111000
Found cached RTLIL representation for module `$paramod\GTP_LUT4\INIT=16'1101001001111000'.
Parameter \INIT = 16'0111100011010010
Found cached RTLIL representation for module `$paramod\GTP_LUT4\INIT=16'0111100011010010'.
Parameter \INIT = 16'0111100011010010
Found cached RTLIL representation for module `$paramod\GTP_LUT4\INIT=16'0111100011010010'.
Parameter \INIT = 16'0111100011010010
Found cached RTLIL representation for module `$paramod\GTP_LUT4\INIT=16'0111100011010010'.
Parameter \INIT = 16'1101001001111000
Found cached RTLIL representation for module `$paramod\GTP_LUT4\INIT=16'1101001001111000'.
Parameter \INIT = 64'0101111111010111101000000010100011010111111101010010100000001010
Found cached RTLIL representation for module `$paramod$faadfbce9aec5860350c941f014058f2c932bfb5\GTP_LUT6'.
Parameter \INIT = 16'0111100011010010
Found cached RTLIL representation for module `$paramod\GTP_LUT4\INIT=16'0111100011010010'.
Parameter \INIT = 64'0101111111010111101000000010100011010111111101010010100000001010
Found cached RTLIL representation for module `$paramod$faadfbce9aec5860350c941f014058f2c932bfb5\GTP_LUT6'.
Parameter \INIT = 16'1101001001111000
Found cached RTLIL representation for module `$paramod\GTP_LUT4\INIT=16'1101001001111000'.
Parameter \INIT = 16'1101001001111000
Found cached RTLIL representation for module `$paramod\GTP_LUT4\INIT=16'1101001001111000'.
Parameter \INIT = 16'1101001001111000
Found cached RTLIL representation for module `$paramod\GTP_LUT4\INIT=16'1101001001111000'.
Parameter \INIT = 16'0111100011010010
Found cached RTLIL representation for module `$paramod\GTP_LUT4\INIT=16'0111100011010010'.
Parameter \INIT = 16'0111100011010010
Found cached RTLIL representation for module `$paramod\GTP_LUT4\INIT=16'0111100011010010'.
Parameter \INIT = 16'1101001001111000
Found cached RTLIL representation for module `$paramod\GTP_LUT4\INIT=16'1101001001111000'.
Parameter \INIT = 64'1101011111110101001010000000101001011111110101111010000000101000
Found cached RTLIL representation for module `$paramod$6191c5fd7bcfaaff37808c3297a2620807ea9213\GTP_LUT6'.
Parameter \INIT = 16'0111100011010010
Found cached RTLIL representation for module `$paramod\GTP_LUT4\INIT=16'0111100011010010'.
Parameter \INIT = 64'0011001100010011000100110000001100110011001100110011001100110011

3.127. Executing AST frontend in derive mode using pre-parsed AST for module `\GTP_LUT6'.
Parameter \INIT = 64'0011001100010011000100110000001100110011001100110011001100110011
Generating RTLIL representation for module `$paramod$ff8a3a9cae2b296fb00e3d4bcbaaaa0f00efcfe7\GTP_LUT6'.
Parameter \INIT = 16'0111100011010010
Found cached RTLIL representation for module `$paramod\GTP_LUT4\INIT=16'0111100011010010'.
Parameter \INIT = 16'1101001001111000
Found cached RTLIL representation for module `$paramod\GTP_LUT4\INIT=16'1101001001111000'.
Parameter \INIT = 16'1101001001111000
Found cached RTLIL representation for module `$paramod\GTP_LUT4\INIT=16'1101001001111000'.
Parameter \INIT = 16'0111100011010010
Found cached RTLIL representation for module `$paramod\GTP_LUT4\INIT=16'0111100011010010'.
Parameter \INIT = 32'11110111001100010111001100010000
Found cached RTLIL representation for module `$paramod\GTP_LUT5\INIT=32'11110111001100010111001100010000'.
Parameter \INIT = 64'0101111111010111101000000010100011010111111101010010100000001010
Found cached RTLIL representation for module `$paramod$faadfbce9aec5860350c941f014058f2c932bfb5\GTP_LUT6'.
Parameter \INIT = 16'1101001001111000
Found cached RTLIL representation for module `$paramod\GTP_LUT4\INIT=16'1101001001111000'.
Parameter \INIT = 32'11110111001100010111001100010000
Found cached RTLIL representation for module `$paramod\GTP_LUT5\INIT=32'11110111001100010111001100010000'.
Parameter \INIT = 16'0111100011010010
Found cached RTLIL representation for module `$paramod\GTP_LUT4\INIT=16'0111100011010010'.
Parameter \INIT = 64'0101111111010111101000000010100011010111111101010010100000001010
Found cached RTLIL representation for module `$paramod$faadfbce9aec5860350c941f014058f2c932bfb5\GTP_LUT6'.
Parameter \INIT = 64'1110000011110000100000001100000011000000111000000000000010000000
Found cached RTLIL representation for module `$paramod$d66a7553a13cf71dacb4a9d0dcc28942533ae0fa\GTP_LUT6'.
Parameter \INIT = 64'0000000100000000000001110000001100000011000000010000111100000111
Found cached RTLIL representation for module `$paramod$19e8730f01981c9c9578e92a66a73c479c6e801d\GTP_LUT6'.
Parameter \INIT = 16'1101001001111000
Found cached RTLIL representation for module `$paramod\GTP_LUT4\INIT=16'1101001001111000'.
Parameter \INIT = 64'1101011111110101001010000000101001011111110101111010000000101000
Found cached RTLIL representation for module `$paramod$6191c5fd7bcfaaff37808c3297a2620807ea9213\GTP_LUT6'.
Parameter \INIT = 16'0111100011010010
Found cached RTLIL representation for module `$paramod\GTP_LUT4\INIT=16'0111100011010010'.
Parameter \INIT = 32'10001100111011110000100011001110
Found cached RTLIL representation for module `$paramod\GTP_LUT5\INIT=32'10001100111011110000100011001110'.
Parameter \INIT = 64'0101111111010111101000000010100011010111111101010010100000001010
Found cached RTLIL representation for module `$paramod$faadfbce9aec5860350c941f014058f2c932bfb5\GTP_LUT6'.
Parameter \INIT = 16'0111100011010010
Found cached RTLIL representation for module `$paramod\GTP_LUT4\INIT=16'0111100011010010'.
Parameter \INIT = 32'11110111001100010111001100010000
Found cached RTLIL representation for module `$paramod\GTP_LUT5\INIT=32'11110111001100010111001100010000'.
Parameter \INIT = 32'11110111001100010111001100010000
Found cached RTLIL representation for module `$paramod\GTP_LUT5\INIT=32'11110111001100010111001100010000'.
Parameter \INIT = 32'11101110000000000000000011100000
Found cached RTLIL representation for module `$paramod\GTP_LUT5\INIT=32'11101110000000000000000011100000'.
Parameter \INIT = 64'1101011111110101001010000000101001011111110101111010000000101000
Found cached RTLIL representation for module `$paramod$6191c5fd7bcfaaff37808c3297a2620807ea9213\GTP_LUT6'.
Parameter \INIT = 32'11101111100011001100111000001000
Found cached RTLIL representation for module `$paramod\GTP_LUT5\INIT=32'11101111100011001100111000001000'.
Parameter \INIT = 64'1101011111110101001010000000101001011111110101111010000000101000
Found cached RTLIL representation for module `$paramod$6191c5fd7bcfaaff37808c3297a2620807ea9213\GTP_LUT6'.
Parameter \INIT = 64'0101111111010111101000000010100011010111111101010010100000001010
Found cached RTLIL representation for module `$paramod$faadfbce9aec5860350c941f014058f2c932bfb5\GTP_LUT6'.
Parameter \INIT = 838275187
Found cached RTLIL representation for module `$paramod\GTP_LUT5\INIT=32'00110001111101110001000001110011'.
Parameter \INIT = 64'0101111111010111101000000010100011010111111101010010100000001010
Found cached RTLIL representation for module `$paramod$faadfbce9aec5860350c941f014058f2c932bfb5\GTP_LUT6'.
Parameter \INIT = 32'11101111100011001100111000001000
Found cached RTLIL representation for module `$paramod\GTP_LUT5\INIT=32'11101111100011001100111000001000'.
Parameter \INIT = 838275187
Found cached RTLIL representation for module `$paramod\GTP_LUT5\INIT=32'00110001111101110001000001110011'.
Parameter \INIT = 32'11101111100011001100111000001000
Found cached RTLIL representation for module `$paramod\GTP_LUT5\INIT=32'11101111100011001100111000001000'.
Parameter \INIT = 16'0111100011010010
Found cached RTLIL representation for module `$paramod\GTP_LUT4\INIT=16'0111100011010010'.
Parameter \INIT = 32'11110111001100010111001100010000
Found cached RTLIL representation for module `$paramod\GTP_LUT5\INIT=32'11110111001100010111001100010000'.
Parameter \INIT = 16'0111100011010010
Found cached RTLIL representation for module `$paramod\GTP_LUT4\INIT=16'0111100011010010'.
Parameter \INIT = 16'1101001001111000
Found cached RTLIL representation for module `$paramod\GTP_LUT4\INIT=16'1101001001111000'.
Parameter \INIT = 16'0111100011010010
Found cached RTLIL representation for module `$paramod\GTP_LUT4\INIT=16'0111100011010010'.
Parameter \INIT = 64'1101011111110101001010000000101001011111110101111010000000101000
Found cached RTLIL representation for module `$paramod$6191c5fd7bcfaaff37808c3297a2620807ea9213\GTP_LUT6'.
Parameter \INIT = 16'0111100011010010
Found cached RTLIL representation for module `$paramod\GTP_LUT4\INIT=16'0111100011010010'.
Parameter \INIT = 16'1101001001111000
Found cached RTLIL representation for module `$paramod\GTP_LUT4\INIT=16'1101001001111000'.
Parameter \INIT = 16'1000011100101101
Found cached RTLIL representation for module `$paramod\GTP_LUT4\INIT=16'1000011100101101'.
Parameter \INIT = 16'0111100011010010
Found cached RTLIL representation for module `$paramod\GTP_LUT4\INIT=16'0111100011010010'.
Parameter \INIT = 16'1101001001111000
Found cached RTLIL representation for module `$paramod\GTP_LUT4\INIT=16'1101001001111000'.
Parameter \INIT = 16'0111100011010010
Found cached RTLIL representation for module `$paramod\GTP_LUT4\INIT=16'0111100011010010'.
Parameter \INIT = 16'1101001001111000
Found cached RTLIL representation for module `$paramod\GTP_LUT4\INIT=16'1101001001111000'.
Parameter \INIT = 64'0101101001011010010110100101101001011010010110100101101001100110
Found cached RTLIL representation for module `$paramod$7bd23b6eec1e989d865f12ae410c49b224445599\GTP_LUT6'.
Parameter \INIT = 16'1101001001111000
Found cached RTLIL representation for module `$paramod\GTP_LUT4\INIT=16'1101001001111000'.
Parameter \INIT = 16'0111100011010010
Found cached RTLIL representation for module `$paramod\GTP_LUT4\INIT=16'0111100011010010'.
Parameter \INIT = 16'0111100011010010
Found cached RTLIL representation for module `$paramod\GTP_LUT4\INIT=16'0111100011010010'.
Parameter \INIT = 16'1101001001111000
Found cached RTLIL representation for module `$paramod\GTP_LUT4\INIT=16'1101001001111000'.
Parameter \INIT = 64'1001100101101100011010011001110011001001001111000011100111001100
Found cached RTLIL representation for module `$paramod$9db7cbcba5883605ceafd03ce5b0945e68cae752\GTP_LUT6'.
Parameter \INIT = 8'01000101
Found cached RTLIL representation for module `$paramod\GTP_LUT3\INIT=8'01000101'.
Parameter \INIT = 8'01010001
Found cached RTLIL representation for module `$paramod\GTP_LUT3\INIT=8'01010001'.
Parameter \INIT = 16'0101011010011010
Found cached RTLIL representation for module `$paramod\GTP_LUT4\INIT=16'0101011010011010'.
Parameter \INIT = 8'01100011
Found cached RTLIL representation for module `$paramod\GTP_LUT3\INIT=8'01100011'.
Parameter \INIT = 64'1111000000111100011110000001111001111000000111100011110000001111

3.128. Executing AST frontend in derive mode using pre-parsed AST for module `\GTP_LUT6'.
Parameter \INIT = 64'1111000000111100011110000001111001111000000111100011110000001111
Generating RTLIL representation for module `$paramod$fc953bdacc2c16756a9a94de7d0e6faec0ef7b2c\GTP_LUT6'.
Parameter \INIT = 64'1111001111110011011100111111001100110011111100110011001111110011

3.129. Executing AST frontend in derive mode using pre-parsed AST for module `\GTP_LUT6'.
Parameter \INIT = 64'1111001111110011011100111111001100110011111100110011001111110011
Generating RTLIL representation for module `$paramod$8b269a9601a1c2f86594cffafb384afa80e3be82\GTP_LUT6'.
Parameter \INIT = 64'0101111100001111111111110000111100011111000011111111111100001111

3.130. Executing AST frontend in derive mode using pre-parsed AST for module `\GTP_LUT6'.
Parameter \INIT = 64'0101111100001111111111110000111100011111000011111111111100001111
Generating RTLIL representation for module `$paramod$52c6d6aae9c420e21ef160dc3bd3a9e207a49a87\GTP_LUT6'.
Parameter \INIT = 64'1111111110000010111111111011001111111111001111001111111100111111

3.131. Executing AST frontend in derive mode using pre-parsed AST for module `\GTP_LUT6'.
Parameter \INIT = 64'1111111110000010111111111011001111111111001111001111111100111111
Generating RTLIL representation for module `$paramod$72f9764faa985f440b4e6122bcd198c3bff9d705\GTP_LUT6'.
Parameter \INIT = 64'0101111111010111101000000010100011010111111101010010100000001010
Found cached RTLIL representation for module `$paramod$faadfbce9aec5860350c941f014058f2c932bfb5\GTP_LUT6'.
Parameter \INIT = 32'11110111001100010111001100010000
Found cached RTLIL representation for module `$paramod\GTP_LUT5\INIT=32'11110111001100010111001100010000'.
Parameter \INIT = 64'1101011111110101001010000000101001011111110101111010000000101000
Found cached RTLIL representation for module `$paramod$6191c5fd7bcfaaff37808c3297a2620807ea9213\GTP_LUT6'.
Parameter \INIT = 64'0101111111010111101000000010100011010111111101010010100000001010
Found cached RTLIL representation for module `$paramod$faadfbce9aec5860350c941f014058f2c932bfb5\GTP_LUT6'.
Parameter \INIT = 32'11110111001100010111001100010000
Found cached RTLIL representation for module `$paramod\GTP_LUT5\INIT=32'11110111001100010111001100010000'.
Parameter \INIT = 64'1101011111110101001010000000101001011111110101111010000000101000
Found cached RTLIL representation for module `$paramod$6191c5fd7bcfaaff37808c3297a2620807ea9213\GTP_LUT6'.
Parameter \INIT = 32'11110111001100010111001100010000
Found cached RTLIL representation for module `$paramod\GTP_LUT5\INIT=32'11110111001100010111001100010000'.
Parameter \INIT = 64'0101111111010111101000000010100011010111111101010010100000001010
Found cached RTLIL representation for module `$paramod$faadfbce9aec5860350c941f014058f2c932bfb5\GTP_LUT6'.
Parameter \INIT = 32'11110111001100010111001100010000
Found cached RTLIL representation for module `$paramod\GTP_LUT5\INIT=32'11110111001100010111001100010000'.
Parameter \INIT = 64'1101011111110101001010000000101001011111110101111010000000101000
Found cached RTLIL representation for module `$paramod$6191c5fd7bcfaaff37808c3297a2620807ea9213\GTP_LUT6'.
Parameter \INIT = 32'11101111100011001100111000001000
Found cached RTLIL representation for module `$paramod\GTP_LUT5\INIT=32'11101111100011001100111000001000'.
Parameter \INIT = 64'0101111111010111101000000010100011010111111101010010100000001010
Found cached RTLIL representation for module `$paramod$faadfbce9aec5860350c941f014058f2c932bfb5\GTP_LUT6'.
Parameter \INIT = 64'0101111111010111101000000010100011010111111101010010100000001010
Found cached RTLIL representation for module `$paramod$faadfbce9aec5860350c941f014058f2c932bfb5\GTP_LUT6'.
Parameter \INIT = 64'0101111111010111101000000010100011010111111101010010100000001010
Found cached RTLIL representation for module `$paramod$faadfbce9aec5860350c941f014058f2c932bfb5\GTP_LUT6'.
Parameter \INIT = 32'11101111100011001100111000001000
Found cached RTLIL representation for module `$paramod\GTP_LUT5\INIT=32'11101111100011001100111000001000'.
Parameter \INIT = 32'11110111001100010111001100010000
Found cached RTLIL representation for module `$paramod\GTP_LUT5\INIT=32'11110111001100010111001100010000'.
Parameter \INIT = 32'11110111001100010111001100010000
Found cached RTLIL representation for module `$paramod\GTP_LUT5\INIT=32'11110111001100010111001100010000'.
Parameter \INIT = 64'1101011111110101001010000000101001011111110101111010000000101000
Found cached RTLIL representation for module `$paramod$6191c5fd7bcfaaff37808c3297a2620807ea9213\GTP_LUT6'.
Parameter \INIT = 64'0101111111010111101000000010100011010111111101010010100000001010
Found cached RTLIL representation for module `$paramod$faadfbce9aec5860350c941f014058f2c932bfb5\GTP_LUT6'.
Parameter \INIT = 32'11101111100011001100111000001000
Found cached RTLIL representation for module `$paramod\GTP_LUT5\INIT=32'11101111100011001100111000001000'.
Parameter \INIT = 32'11110111001100010111001100010000
Found cached RTLIL representation for module `$paramod\GTP_LUT5\INIT=32'11110111001100010111001100010000'.
Parameter \INIT = 64'1101011111110101001010000000101001011111110101111010000000101000
Found cached RTLIL representation for module `$paramod$6191c5fd7bcfaaff37808c3297a2620807ea9213\GTP_LUT6'.
Parameter \INIT = 32'10001100111011110000100011001110
Found cached RTLIL representation for module `$paramod\GTP_LUT5\INIT=32'10001100111011110000100011001110'.
Parameter \INIT = 64'0101111111010111101000000010100011010111111101010010100000001010
Found cached RTLIL representation for module `$paramod$faadfbce9aec5860350c941f014058f2c932bfb5\GTP_LUT6'.
Parameter \INIT = 32'11110111001100010111001100010000
Found cached RTLIL representation for module `$paramod\GTP_LUT5\INIT=32'11110111001100010111001100010000'.
Parameter \INIT = 64'0101111111010111101000000010100011010111111101010010100000001010
Found cached RTLIL representation for module `$paramod$faadfbce9aec5860350c941f014058f2c932bfb5\GTP_LUT6'.
Parameter \INIT = 64'1101011111110101001010000000101001011111110101111010000000101000
Found cached RTLIL representation for module `$paramod$6191c5fd7bcfaaff37808c3297a2620807ea9213\GTP_LUT6'.
Parameter \INIT = 838275187
Found cached RTLIL representation for module `$paramod\GTP_LUT5\INIT=32'00110001111101110001000001110011'.
Parameter \INIT = 64'0101111111010111101000000010100011010111111101010010100000001010
Found cached RTLIL representation for module `$paramod$faadfbce9aec5860350c941f014058f2c932bfb5\GTP_LUT6'.
Parameter \INIT = 64'0101111111010111101000000010100011010111111101010010100000001010
Found cached RTLIL representation for module `$paramod$faadfbce9aec5860350c941f014058f2c932bfb5\GTP_LUT6'.
Parameter \INIT = 32'11101111100011001100111000001000
Found cached RTLIL representation for module `$paramod\GTP_LUT5\INIT=32'11101111100011001100111000001000'.
Parameter \INIT = 32'11101111100011001100111000001000
Found cached RTLIL representation for module `$paramod\GTP_LUT5\INIT=32'11101111100011001100111000001000'.
Parameter \INIT = 64'0101111111010111101000000010100011010111111101010010100000001010
Found cached RTLIL representation for module `$paramod$faadfbce9aec5860350c941f014058f2c932bfb5\GTP_LUT6'.
Parameter \INIT = 2131965697
Found cached RTLIL representation for module `$paramod\GTP_LUT5\INIT=32'01111111000100110011011100000001'.
Parameter \INIT = 32'11110111001100010111001100010000
Found cached RTLIL representation for module `$paramod\GTP_LUT5\INIT=32'11110111001100010111001100010000'.
Parameter \INIT = 32'10001100111011110000100011001110
Found cached RTLIL representation for module `$paramod\GTP_LUT5\INIT=32'10001100111011110000100011001110'.
Parameter \INIT = 32'11110111001100010111001100010000
Found cached RTLIL representation for module `$paramod\GTP_LUT5\INIT=32'11110111001100010111001100010000'.
Parameter \INIT = 32'10001100111011110000100011001110
Found cached RTLIL representation for module `$paramod\GTP_LUT5\INIT=32'10001100111011110000100011001110'.
Parameter \INIT = 64'1101011101011111001010001010000011110101110101110000101000101000
Found cached RTLIL representation for module `$paramod$ac322abe1352d00788da342d809764297918a223\GTP_LUT6'.
Parameter \INIT = 64'1101011111110101001010000000101001011111110101111010000000101000
Found cached RTLIL representation for module `$paramod$6191c5fd7bcfaaff37808c3297a2620807ea9213\GTP_LUT6'.
Parameter \INIT = 32'11110111001100010111001100010000
Found cached RTLIL representation for module `$paramod\GTP_LUT5\INIT=32'11110111001100010111001100010000'.
Parameter \INIT = 64'0101111111010111101000000010100011010111111101010010100000001010
Found cached RTLIL representation for module `$paramod$faadfbce9aec5860350c941f014058f2c932bfb5\GTP_LUT6'.
Parameter \INIT = 64'0101111111010111101000000010100011010111111101010010100000001010
Found cached RTLIL representation for module `$paramod$faadfbce9aec5860350c941f014058f2c932bfb5\GTP_LUT6'.
Parameter \INIT = 2131965697
Found cached RTLIL representation for module `$paramod\GTP_LUT5\INIT=32'01111111000100110011011100000001'.
Parameter \INIT = 64'0101111111010111101000000010100011010111111101010010100000001010
Found cached RTLIL representation for module `$paramod$faadfbce9aec5860350c941f014058f2c932bfb5\GTP_LUT6'.
Parameter \INIT = 64'0101111111010111101000000010100011010111111101010010100000001010
Found cached RTLIL representation for module `$paramod$faadfbce9aec5860350c941f014058f2c932bfb5\GTP_LUT6'.
Parameter \INIT = 32'10001100111011110000100011001110
Found cached RTLIL representation for module `$paramod\GTP_LUT5\INIT=32'10001100111011110000100011001110'.
Parameter \INIT = 64'1101011101011111001010001010000011110101110101110000101000101000
Found cached RTLIL representation for module `$paramod$ac322abe1352d00788da342d809764297918a223\GTP_LUT6'.
Parameter \INIT = 16'0101000111110011

3.132. Executing AST frontend in derive mode using pre-parsed AST for module `\GTP_LUT4'.
Parameter \INIT = 16'0101000111110011
Generating RTLIL representation for module `$paramod\GTP_LUT4\INIT=16'0101000111110011'.
Parameter \INIT = 16'1010100011111100

3.133. Executing AST frontend in derive mode using pre-parsed AST for module `\GTP_LUT4'.
Parameter \INIT = 16'1010100011111100
Generating RTLIL representation for module `$paramod\GTP_LUT4\INIT=16'1010100011111100'.
Parameter \INIT = 64'1111111111111111001111001000001011111111111111110011111110110011
Found cached RTLIL representation for module `$paramod$589b7d3e154887be9653efbfa8b3cc4c0e8c4929\GTP_LUT6'.
Parameter \INIT = 16'1111001101010001
Found cached RTLIL representation for module `$paramod\GTP_LUT4\INIT=16'1111001101010001'.
Parameter \INIT = 64'0011001100110011001100110001001100110011000100110011001100000011
Found cached RTLIL representation for module `$paramod$7a04fc527ce8b8c2a79407474e6c0b17d8810811\GTP_LUT6'.
Parameter \INIT = 52634419
Found cached RTLIL representation for module `$paramod\GTP_LUT5\INIT=32'00000011001000110010001100110011'.
Parameter \INIT = 16'0111100011010010
Found cached RTLIL representation for module `$paramod\GTP_LUT4\INIT=16'0111100011010010'.
Parameter \INIT = 16'0111100011010010
Found cached RTLIL representation for module `$paramod\GTP_LUT4\INIT=16'0111100011010010'.
Parameter \INIT = 16'1101001001111000
Found cached RTLIL representation for module `$paramod\GTP_LUT4\INIT=16'1101001001111000'.
Parameter \INIT = 16'0111100011010010
Found cached RTLIL representation for module `$paramod\GTP_LUT4\INIT=16'0111100011010010'.
Parameter \INIT = 16'0111100011010010
Found cached RTLIL representation for module `$paramod\GTP_LUT4\INIT=16'0111100011010010'.
Parameter \INIT = 16'0111100011010010
Found cached RTLIL representation for module `$paramod\GTP_LUT4\INIT=16'0111100011010010'.
Parameter \INIT = 16'0111100011010010
Found cached RTLIL representation for module `$paramod\GTP_LUT4\INIT=16'0111100011010010'.
Parameter \INIT = 64'1101011111110101001010000000101001011111110101111010000000101000
Found cached RTLIL representation for module `$paramod$6191c5fd7bcfaaff37808c3297a2620807ea9213\GTP_LUT6'.
Parameter \INIT = 16'0111100011010010
Found cached RTLIL representation for module `$paramod\GTP_LUT4\INIT=16'0111100011010010'.
Parameter \INIT = 16'0111100011010010
Found cached RTLIL representation for module `$paramod\GTP_LUT4\INIT=16'0111100011010010'.
Parameter \INIT = 16'0111100011010010
Found cached RTLIL representation for module `$paramod\GTP_LUT4\INIT=16'0111100011010010'.
Parameter \INIT = 16'0111100011010010
Found cached RTLIL representation for module `$paramod\GTP_LUT4\INIT=16'0111100011010010'.
Parameter \INIT = 16'1101001001111000
Found cached RTLIL representation for module `$paramod\GTP_LUT4\INIT=16'1101001001111000'.
Parameter \INIT = 16'1101001001111000
Found cached RTLIL representation for module `$paramod\GTP_LUT4\INIT=16'1101001001111000'.
Parameter \INIT = 32'10001100111011110000100011001110
Found cached RTLIL representation for module `$paramod\GTP_LUT5\INIT=32'10001100111011110000100011001110'.
Parameter \INIT = 16'0111100011010010
Found cached RTLIL representation for module `$paramod\GTP_LUT4\INIT=16'0111100011010010'.
Parameter \INIT = 16'0111100011010010
Found cached RTLIL representation for module `$paramod\GTP_LUT4\INIT=16'0111100011010010'.
Parameter \INIT = 16'0111100011010010
Found cached RTLIL representation for module `$paramod\GTP_LUT4\INIT=16'0111100011010010'.
Parameter \INIT = 64'0101111111010111101000000010100011010111111101010010100000001010
Found cached RTLIL representation for module `$paramod$faadfbce9aec5860350c941f014058f2c932bfb5\GTP_LUT6'.
Parameter \INIT = 64'0101111111010111101000000010100011010111111101010010100000001010
Found cached RTLIL representation for module `$paramod$faadfbce9aec5860350c941f014058f2c932bfb5\GTP_LUT6'.
Parameter \INIT = 16'0111100011010010
Found cached RTLIL representation for module `$paramod\GTP_LUT4\INIT=16'0111100011010010'.
Parameter \INIT = 16'0111100011010010
Found cached RTLIL representation for module `$paramod\GTP_LUT4\INIT=16'0111100011010010'.
Parameter \INIT = 16'1101001001111000
Found cached RTLIL representation for module `$paramod\GTP_LUT4\INIT=16'1101001001111000'.
Parameter \INIT = 64'1101011111110101001010000000101001011111110101111010000000101000
Found cached RTLIL representation for module `$paramod$6191c5fd7bcfaaff37808c3297a2620807ea9213\GTP_LUT6'.
Parameter \INIT = 64'0011001100110011001100110011001100110011000100110001001100000011
Found cached RTLIL representation for module `$paramod$a1411f21d3b03467b79063cf0edcb16171722d0f\GTP_LUT6'.
Parameter \INIT = 16'1101001001111000
Found cached RTLIL representation for module `$paramod\GTP_LUT4\INIT=16'1101001001111000'.
Parameter \INIT = 16'0111100011010010
Found cached RTLIL representation for module `$paramod\GTP_LUT4\INIT=16'0111100011010010'.
Parameter \INIT = 64'0011111110110011111111111111111100111100100000100011111110110011

3.134. Executing AST frontend in derive mode using pre-parsed AST for module `\GTP_LUT6'.
Parameter \INIT = 64'0011111110110011111111111111111100111100100000100011111110110011
Generating RTLIL representation for module `$paramod$bc32f1be3c9294961ff3a49ec8633e9977db386d\GTP_LUT6'.
Parameter \INIT = 16'0111100011010010
Found cached RTLIL representation for module `$paramod\GTP_LUT4\INIT=16'0111100011010010'.
Parameter \INIT = 16'1101001001111000
Found cached RTLIL representation for module `$paramod\GTP_LUT4\INIT=16'1101001001111000'.
Parameter \INIT = 16'0111100011010010
Found cached RTLIL representation for module `$paramod\GTP_LUT4\INIT=16'0111100011010010'.
Parameter \INIT = 32'11110111001100010111001100010000
Found cached RTLIL representation for module `$paramod\GTP_LUT5\INIT=32'11110111001100010111001100010000'.
Parameter \INIT = 32'11110111001100010111001100010000
Found cached RTLIL representation for module `$paramod\GTP_LUT5\INIT=32'11110111001100010111001100010000'.
Parameter \INIT = 64'0101111111010111101000000010100011010111111101010010100000001010
Found cached RTLIL representation for module `$paramod$faadfbce9aec5860350c941f014058f2c932bfb5\GTP_LUT6'.
Parameter \INIT = 64'0101111111010111101000000010100011010111111101010010100000001010
Found cached RTLIL representation for module `$paramod$faadfbce9aec5860350c941f014058f2c932bfb5\GTP_LUT6'.
Parameter \INIT = 35861299
Found cached RTLIL representation for module `$paramod\GTP_LUT5\INIT=32'00000010001000110011001100110011'.
Parameter \INIT = 64'1101011111110101001010000000101001011111110101111010000000101000
Found cached RTLIL representation for module `$paramod$6191c5fd7bcfaaff37808c3297a2620807ea9213\GTP_LUT6'.
Parameter \INIT = 32'10001100111011110000100011001110
Found cached RTLIL representation for module `$paramod\GTP_LUT5\INIT=32'10001100111011110000100011001110'.
Parameter \INIT = 32'11110111001100010111001100010000
Found cached RTLIL representation for module `$paramod\GTP_LUT5\INIT=32'11110111001100010111001100010000'.
Parameter \INIT = 838275187
Found cached RTLIL representation for module `$paramod\GTP_LUT5\INIT=32'00110001111101110001000001110011'.
Parameter \INIT = 64'1101011111110101001010000000101001011111110101111010000000101000
Found cached RTLIL representation for module `$paramod$6191c5fd7bcfaaff37808c3297a2620807ea9213\GTP_LUT6'.
Parameter \INIT = 64'0011001100110011001100110011001100110011000100110001001100000011
Found cached RTLIL representation for module `$paramod$a1411f21d3b03467b79063cf0edcb16171722d0f\GTP_LUT6'.
Parameter \INIT = 32'11101111100011001100111000001000
Found cached RTLIL representation for module `$paramod\GTP_LUT5\INIT=32'11101111100011001100111000001000'.
Parameter \INIT = 32'11110111001100010111001100010000
Found cached RTLIL representation for module `$paramod\GTP_LUT5\INIT=32'11110111001100010111001100010000'.
Parameter \INIT = 64'1101011111110101001010000000101001011111110101111010000000101000
Found cached RTLIL representation for module `$paramod$6191c5fd7bcfaaff37808c3297a2620807ea9213\GTP_LUT6'.
Parameter \INIT = 64'0101111111010111101000000010100011010111111101010010100000001010
Found cached RTLIL representation for module `$paramod$faadfbce9aec5860350c941f014058f2c932bfb5\GTP_LUT6'.
Parameter \INIT = 64'1101110101110111110111010111110100100010100010000010001010000010

3.135. Executing AST frontend in derive mode using pre-parsed AST for module `\GTP_LUT6'.
Parameter \INIT = 64'1101110101110111110111010111110100100010100010000010001010000010
Generating RTLIL representation for module `$paramod$e63c159b35ee1e004d0dfbe18c7d1bcee97d88dc\GTP_LUT6'.
Parameter \INIT = 64'0000100000001100000011100000111100000000000010000000110000001110
Found cached RTLIL representation for module `$paramod$952583f6bb939a3dd49fa389533918d6b282ec22\GTP_LUT6'.
Parameter \INIT = 64'0111000000110000000100000000000011110000011100000011000000010000
Found cached RTLIL representation for module `$paramod$17120a48b64ae84dd8c293e961046b7419bc9579\GTP_LUT6'.
Parameter \INIT = 838275187
Found cached RTLIL representation for module `$paramod\GTP_LUT5\INIT=32'00110001111101110001000001110011'.
Parameter \INIT = 32'11110111001100010111001100010000
Found cached RTLIL representation for module `$paramod\GTP_LUT5\INIT=32'11110111001100010111001100010000'.
Parameter \INIT = 64'1101110101110111110111010111110100100010100010000010001010000010
Found cached RTLIL representation for module `$paramod$e63c159b35ee1e004d0dfbe18c7d1bcee97d88dc\GTP_LUT6'.
Parameter \INIT = 32'11101111100011001100111000001000
Found cached RTLIL representation for module `$paramod\GTP_LUT5\INIT=32'11101111100011001100111000001000'.
Parameter \INIT = 32'10001100111011110000100011001110
Found cached RTLIL representation for module `$paramod\GTP_LUT5\INIT=32'10001100111011110000100011001110'.
Parameter \INIT = 64'1101110101110111110111010111110100100010100010000010001010000010
Found cached RTLIL representation for module `$paramod$e63c159b35ee1e004d0dfbe18c7d1bcee97d88dc\GTP_LUT6'.
Parameter \INIT = 32'11001110000010001110111110001100
Found cached RTLIL representation for module `$paramod\GTP_LUT5\INIT=32'11001110000010001110111110001100'.
Parameter \INIT = 64'0010100000001010110101111111010110100000001010000101111111010111
Found cached RTLIL representation for module `$paramod$b9312bd528a822c4fdb3b9122fd1dfb8eba6669d\GTP_LUT6'.
Parameter \INIT = 16'0111100011010010
Found cached RTLIL representation for module `$paramod\GTP_LUT4\INIT=16'0111100011010010'.
Parameter \INIT = 32'11110111001100010111001100010000
Found cached RTLIL representation for module `$paramod\GTP_LUT5\INIT=32'11110111001100010111001100010000'.
Parameter \INIT = 64'0101111111010111101000000010100011010111111101010010100000001010
Found cached RTLIL representation for module `$paramod$faadfbce9aec5860350c941f014058f2c932bfb5\GTP_LUT6'.
Parameter \INIT = 838275187
Found cached RTLIL representation for module `$paramod\GTP_LUT5\INIT=32'00110001111101110001000001110011'.
Parameter \INIT = 64'1101001001111000110100100111100011010010110100101101001001111000

3.136. Executing AST frontend in derive mode using pre-parsed AST for module `\GTP_LUT6'.
Parameter \INIT = 64'1101001001111000110100100111100011010010110100101101001001111000
Generating RTLIL representation for module `$paramod$d486abd9e80407aa353234a3476c9c2f92dbf8c1\GTP_LUT6'.
Parameter \INIT = 64'0000100100001001100011100000100100011101000111011100111100011101

3.137. Executing AST frontend in derive mode using pre-parsed AST for module `\GTP_LUT6'.
Parameter \INIT = 64'0000100100001001100011100000100100011101000111011100111100011101
Generating RTLIL representation for module `$paramod$2b5cf3a5ccd8e2d0ee7eceee2cb0b3ee09561ad9\GTP_LUT6'.
Parameter \INIT = 16'0111100011010010
Found cached RTLIL representation for module `$paramod\GTP_LUT4\INIT=16'0111100011010010'.
Parameter \INIT = 16'1101001001111000
Found cached RTLIL representation for module `$paramod\GTP_LUT4\INIT=16'1101001001111000'.
Parameter \INIT = 1296909389

3.138. Executing AST frontend in derive mode using pre-parsed AST for module `\GTP_LUT5'.
Parameter \INIT = 1296909389
Generating RTLIL representation for module `$paramod\GTP_LUT5\INIT=32'01001101010011010100010001001101'.
Parameter \INIT = 16'1111110100000010

3.139. Executing AST frontend in derive mode using pre-parsed AST for module `\GTP_LUT4'.
Parameter \INIT = 16'1111110100000010
Generating RTLIL representation for module `$paramod\GTP_LUT4\INIT=16'1111110100000010'.
Parameter \INIT = 16'0111100011010010
Found cached RTLIL representation for module `$paramod\GTP_LUT4\INIT=16'0111100011010010'.
Parameter \INIT = 16'1101001001111000
Found cached RTLIL representation for module `$paramod\GTP_LUT4\INIT=16'1101001001111000'.
Parameter \INIT = 16'0110011011000110

3.140. Executing AST frontend in derive mode using pre-parsed AST for module `\GTP_LUT4'.
Parameter \INIT = 16'0110011011000110
Generating RTLIL representation for module `$paramod\GTP_LUT4\INIT=16'0110011011000110'.
Parameter \INIT = 16'1101001001111000
Found cached RTLIL representation for module `$paramod\GTP_LUT4\INIT=16'1101001001111000'.
Parameter \INIT = 16'1111110100000010
Found cached RTLIL representation for module `$paramod\GTP_LUT4\INIT=16'1111110100000010'.
Parameter \INIT = 16'0111100011010010
Found cached RTLIL representation for module `$paramod\GTP_LUT4\INIT=16'0111100011010010'.
Parameter \INIT = 64'1000000011000000111000001111000000000000100000001100000011100000
Found cached RTLIL representation for module `$paramod$fae92b70435d2452042dc5d151313cfa0638e19d\GTP_LUT6'.
Parameter \INIT = 64'0000011100000011000000010000000000001111000001110000001100000001
Found cached RTLIL representation for module `$paramod$80f99d234a25a6e0536450028dd8da76ef60284a\GTP_LUT6'.
Parameter \INIT = 16'1101001001111000
Found cached RTLIL representation for module `$paramod\GTP_LUT4\INIT=16'1101001001111000'.
Parameter \INIT = 16'1101001001111000
Found cached RTLIL representation for module `$paramod\GTP_LUT4\INIT=16'1101001001111000'.
Parameter \INIT = 16'0111100011010010
Found cached RTLIL representation for module `$paramod\GTP_LUT4\INIT=16'0111100011010010'.
Parameter \INIT = 16'1101001001111000
Found cached RTLIL representation for module `$paramod\GTP_LUT4\INIT=16'1101001001111000'.
Parameter \INIT = 16'1111110100000010
Found cached RTLIL representation for module `$paramod\GTP_LUT4\INIT=16'1111110100000010'.
Parameter \INIT = 64'0101111111010111101000000010100011010111111101010010100000001010
Found cached RTLIL representation for module `$paramod$faadfbce9aec5860350c941f014058f2c932bfb5\GTP_LUT6'.
Parameter \INIT = 64'1001100101101100011010011001110011001001001111000011100111001100
Found cached RTLIL representation for module `$paramod$9db7cbcba5883605ceafd03ce5b0945e68cae752\GTP_LUT6'.
Parameter \INIT = 16'0111100011010010
Found cached RTLIL representation for module `$paramod\GTP_LUT4\INIT=16'0111100011010010'.
Parameter \INIT = 32'11110111001100010111001100010000
Found cached RTLIL representation for module `$paramod\GTP_LUT5\INIT=32'11110111001100010111001100010000'.
Parameter \INIT = 16'0111100011010010
Found cached RTLIL representation for module `$paramod\GTP_LUT4\INIT=16'0111100011010010'.
Parameter \INIT = 16'0111100011010010
Found cached RTLIL representation for module `$paramod\GTP_LUT4\INIT=16'0111100011010010'.
Parameter \INIT = 16'1101001001111000
Found cached RTLIL representation for module `$paramod\GTP_LUT4\INIT=16'1101001001111000'.
Parameter \INIT = 64'0001101111111111000000001111111111111111111111110000000011111111

3.141. Executing AST frontend in derive mode using pre-parsed AST for module `\GTP_LUT6'.
Parameter \INIT = 64'0001101111111111000000001111111111111111111111110000000011111111
Generating RTLIL representation for module `$paramod$445fdb89258ad130e7eb60ed8a932724ba3d680f\GTP_LUT6'.
Parameter \INIT = 64'0101111111010111101000000010100011010111111101010010100000001010
Found cached RTLIL representation for module `$paramod$faadfbce9aec5860350c941f014058f2c932bfb5\GTP_LUT6'.
Parameter \INIT = 64'0101111111010111101000000010100011010111111101010010100000001010
Found cached RTLIL representation for module `$paramod$faadfbce9aec5860350c941f014058f2c932bfb5\GTP_LUT6'.
Parameter \INIT = 64'0101111111010111101000000010100011010111111101010010100000001010
Found cached RTLIL representation for module `$paramod$faadfbce9aec5860350c941f014058f2c932bfb5\GTP_LUT6'.
Parameter \INIT = 64'1101011101011111001010001010000011110101110101110000101000101000
Found cached RTLIL representation for module `$paramod$ac322abe1352d00788da342d809764297918a223\GTP_LUT6'.
Parameter \INIT = 32'10001100111011110000100011001110
Found cached RTLIL representation for module `$paramod\GTP_LUT5\INIT=32'10001100111011110000100011001110'.
Parameter \INIT = 838275187
Found cached RTLIL representation for module `$paramod\GTP_LUT5\INIT=32'00110001111101110001000001110011'.
Parameter \INIT = 64'1101011111110101001010000000101001011111110101111010000000101000
Found cached RTLIL representation for module `$paramod$6191c5fd7bcfaaff37808c3297a2620807ea9213\GTP_LUT6'.
Parameter \INIT = 32'11110111001100010111001100010000
Found cached RTLIL representation for module `$paramod\GTP_LUT5\INIT=32'11110111001100010111001100010000'.
Parameter \INIT = 64'0101111111010111101000000010100011010111111101010010100000001010
Found cached RTLIL representation for module `$paramod$faadfbce9aec5860350c941f014058f2c932bfb5\GTP_LUT6'.
Parameter \INIT = 64'0101111111010111101000000010100011010111111101010010100000001010
Found cached RTLIL representation for module `$paramod$faadfbce9aec5860350c941f014058f2c932bfb5\GTP_LUT6'.
Parameter \INIT = 64'1101011111110101001010000000101001011111110101111010000000101000
Found cached RTLIL representation for module `$paramod$6191c5fd7bcfaaff37808c3297a2620807ea9213\GTP_LUT6'.
Parameter \INIT = 2131965697
Found cached RTLIL representation for module `$paramod\GTP_LUT5\INIT=32'01111111000100110011011100000001'.
Parameter \INIT = 838275187
Found cached RTLIL representation for module `$paramod\GTP_LUT5\INIT=32'00110001111101110001000001110011'.
Parameter \INIT = 64'0101111111010111101000000010100011010111111101010010100000001010
Found cached RTLIL representation for module `$paramod$faadfbce9aec5860350c941f014058f2c932bfb5\GTP_LUT6'.
Parameter \INIT = 64'0101111111010111101000000010100011010111111101010010100000001010
Found cached RTLIL representation for module `$paramod$faadfbce9aec5860350c941f014058f2c932bfb5\GTP_LUT6'.
Parameter \INIT = 64'1101011111110101001010000000101001011111110101111010000000101000
Found cached RTLIL representation for module `$paramod$6191c5fd7bcfaaff37808c3297a2620807ea9213\GTP_LUT6'.
Parameter \INIT = 32'11110111001100010111001100010000
Found cached RTLIL representation for module `$paramod\GTP_LUT5\INIT=32'11110111001100010111001100010000'.
Parameter \INIT = 32'11101111100011001100111000001000
Found cached RTLIL representation for module `$paramod\GTP_LUT5\INIT=32'11101111100011001100111000001000'.
Parameter \INIT = 64'1101011111110101001010000000101001011111110101111010000000101000
Found cached RTLIL representation for module `$paramod$6191c5fd7bcfaaff37808c3297a2620807ea9213\GTP_LUT6'.
Parameter \INIT = 64'0101111111010111101000000010100011010111111101010010100000001010
Found cached RTLIL representation for module `$paramod$faadfbce9aec5860350c941f014058f2c932bfb5\GTP_LUT6'.
Parameter \INIT = 64'0101111111010111101000000010100011010111111101010010100000001010
Found cached RTLIL representation for module `$paramod$faadfbce9aec5860350c941f014058f2c932bfb5\GTP_LUT6'.
Parameter \INIT = 838275187
Found cached RTLIL representation for module `$paramod\GTP_LUT5\INIT=32'00110001111101110001000001110011'.
Parameter \INIT = 64'0101111111010111101000000010100011010111111101010010100000001010
Found cached RTLIL representation for module `$paramod$faadfbce9aec5860350c941f014058f2c932bfb5\GTP_LUT6'.
Parameter \INIT = 64'1101011111110101001010000000101001011111110101111010000000101000
Found cached RTLIL representation for module `$paramod$6191c5fd7bcfaaff37808c3297a2620807ea9213\GTP_LUT6'.
Parameter \INIT = 32'11110111001100010111001100010000
Found cached RTLIL representation for module `$paramod\GTP_LUT5\INIT=32'11110111001100010111001100010000'.
Parameter \INIT = 64'1101011111110101001010000000101001011111110101111010000000101000
Found cached RTLIL representation for module `$paramod$6191c5fd7bcfaaff37808c3297a2620807ea9213\GTP_LUT6'.
Parameter \INIT = 838275187
Found cached RTLIL representation for module `$paramod\GTP_LUT5\INIT=32'00110001111101110001000001110011'.
Parameter \INIT = 32'10001100111011110000100011001110
Found cached RTLIL representation for module `$paramod\GTP_LUT5\INIT=32'10001100111011110000100011001110'.
Parameter \INIT = 64'0101111111010111101000000010100011010111111101010010100000001010
Found cached RTLIL representation for module `$paramod$faadfbce9aec5860350c941f014058f2c932bfb5\GTP_LUT6'.
Parameter \INIT = 64'1101011111110101001010000000101001011111110101111010000000101000
Found cached RTLIL representation for module `$paramod$6191c5fd7bcfaaff37808c3297a2620807ea9213\GTP_LUT6'.
Parameter \INIT = 838275187
Found cached RTLIL representation for module `$paramod\GTP_LUT5\INIT=32'00110001111101110001000001110011'.
Parameter \INIT = 64'1101011101011111001010001010000011110101110101110000101000101000
Found cached RTLIL representation for module `$paramod$ac322abe1352d00788da342d809764297918a223\GTP_LUT6'.
Parameter \INIT = 64'1101011111110101001010000000101001011111110101111010000000101000
Found cached RTLIL representation for module `$paramod$6191c5fd7bcfaaff37808c3297a2620807ea9213\GTP_LUT6'.
Parameter \INIT = 32'11110111001100010111001100010000
Found cached RTLIL representation for module `$paramod\GTP_LUT5\INIT=32'11110111001100010111001100010000'.
Parameter \INIT = 32'10001100111011110000100011001110
Found cached RTLIL representation for module `$paramod\GTP_LUT5\INIT=32'10001100111011110000100011001110'.
Parameter \INIT = 32'11110111001100010111001100010000
Found cached RTLIL representation for module `$paramod\GTP_LUT5\INIT=32'11110111001100010111001100010000'.
Parameter \INIT = 32'11101111100011001100111000001000
Found cached RTLIL representation for module `$paramod\GTP_LUT5\INIT=32'11101111100011001100111000001000'.
Parameter \INIT = 64'0101111111010111101000000010100011010111111101010010100000001010
Found cached RTLIL representation for module `$paramod$faadfbce9aec5860350c941f014058f2c932bfb5\GTP_LUT6'.
Parameter \INIT = 64'0101111111010111101000000010100011010111111101010010100000001010
Found cached RTLIL representation for module `$paramod$faadfbce9aec5860350c941f014058f2c932bfb5\GTP_LUT6'.
Parameter \INIT = 32'10001100111011110000100011001110
Found cached RTLIL representation for module `$paramod\GTP_LUT5\INIT=32'10001100111011110000100011001110'.
Parameter \INIT = 32'11110111001100010111001100010000
Found cached RTLIL representation for module `$paramod\GTP_LUT5\INIT=32'11110111001100010111001100010000'.
Parameter \INIT = 64'1101011111110101001010000000101001011111110101111010000000101000
Found cached RTLIL representation for module `$paramod$6191c5fd7bcfaaff37808c3297a2620807ea9213\GTP_LUT6'.
Parameter \INIT = 32'11110111001100010111001100010000
Found cached RTLIL representation for module `$paramod\GTP_LUT5\INIT=32'11110111001100010111001100010000'.
Parameter \INIT = 32'10001100111011110000100011001110
Found cached RTLIL representation for module `$paramod\GTP_LUT5\INIT=32'10001100111011110000100011001110'.
Parameter \INIT = 16'1111001101010001
Found cached RTLIL representation for module `$paramod\GTP_LUT4\INIT=16'1111001101010001'.
Parameter \INIT = 16'1000101011001111
Found cached RTLIL representation for module `$paramod\GTP_LUT4\INIT=16'1000101011001111'.
Parameter \INIT = 32'10001100111011110000100011001110
Found cached RTLIL representation for module `$paramod\GTP_LUT5\INIT=32'10001100111011110000100011001110'.
Parameter \INIT = 32'11101111100011001100111000001000
Found cached RTLIL representation for module `$paramod\GTP_LUT5\INIT=32'11101111100011001100111000001000'.
Parameter \INIT = 16'0101000111110011
Found cached RTLIL representation for module `$paramod\GTP_LUT4\INIT=16'0101000111110011'.
Parameter \INIT = 16'1010100011111100
Found cached RTLIL representation for module `$paramod\GTP_LUT4\INIT=16'1010100011111100'.
Parameter \INIT = 64'1111111111111111001111001000001011111111111111110011111110110011
Found cached RTLIL representation for module `$paramod$589b7d3e154887be9653efbfa8b3cc4c0e8c4929\GTP_LUT6'.
Parameter \INIT = 16'0111100011010010
Found cached RTLIL representation for module `$paramod\GTP_LUT4\INIT=16'0111100011010010'.
Parameter \INIT = 16'0111100011010010
Found cached RTLIL representation for module `$paramod\GTP_LUT4\INIT=16'0111100011010010'.
Parameter \INIT = 16'1101001001111000
Found cached RTLIL representation for module `$paramod\GTP_LUT4\INIT=16'1101001001111000'.
Parameter \INIT = 16'0111100011010010
Found cached RTLIL representation for module `$paramod\GTP_LUT4\INIT=16'0111100011010010'.
Parameter \INIT = 16'0111100011010010
Found cached RTLIL representation for module `$paramod\GTP_LUT4\INIT=16'0111100011010010'.
Parameter \INIT = 16'0111100011010010
Found cached RTLIL representation for module `$paramod\GTP_LUT4\INIT=16'0111100011010010'.
Parameter \INIT = 16'0111100011010010
Found cached RTLIL representation for module `$paramod\GTP_LUT4\INIT=16'0111100011010010'.
Parameter \INIT = 16'0111100011010010
Found cached RTLIL representation for module `$paramod\GTP_LUT4\INIT=16'0111100011010010'.
Parameter \INIT = 16'0111100011010010
Found cached RTLIL representation for module `$paramod\GTP_LUT4\INIT=16'0111100011010010'.
Parameter \INIT = 16'0111100011010010
Found cached RTLIL representation for module `$paramod\GTP_LUT4\INIT=16'0111100011010010'.
Parameter \INIT = 16'0111100011010010
Found cached RTLIL representation for module `$paramod\GTP_LUT4\INIT=16'0111100011010010'.
Parameter \INIT = 16'0111100011010010
Found cached RTLIL representation for module `$paramod\GTP_LUT4\INIT=16'0111100011010010'.
Parameter \INIT = 1930491697
Found cached RTLIL representation for module `$paramod\GTP_LUT5\INIT=32'01110011000100001111011100110001'.
Parameter \INIT = 16'1101001001111000
Found cached RTLIL representation for module `$paramod\GTP_LUT4\INIT=16'1101001001111000'.
Parameter \INIT = 16'1101001001111000
Found cached RTLIL representation for module `$paramod\GTP_LUT4\INIT=16'1101001001111000'.
Parameter \INIT = 16'1101001001111000
Found cached RTLIL representation for module `$paramod\GTP_LUT4\INIT=16'1101001001111000'.
Parameter \INIT = 64'0101111111010111101000000010100011010111111101010010100000001010
Found cached RTLIL representation for module `$paramod$faadfbce9aec5860350c941f014058f2c932bfb5\GTP_LUT6'.
Parameter \INIT = 16'0111100011010010
Found cached RTLIL representation for module `$paramod\GTP_LUT4\INIT=16'0111100011010010'.
Parameter \INIT = 16'1101001001111000
Found cached RTLIL representation for module `$paramod\GTP_LUT4\INIT=16'1101001001111000'.
Parameter \INIT = 16'0111100011010010
Found cached RTLIL representation for module `$paramod\GTP_LUT4\INIT=16'0111100011010010'.
Parameter \INIT = 16'1101001001111000
Found cached RTLIL representation for module `$paramod\GTP_LUT4\INIT=16'1101001001111000'.
Parameter \INIT = 16'1101001001111000
Found cached RTLIL representation for module `$paramod\GTP_LUT4\INIT=16'1101001001111000'.
Parameter \INIT = 16'1101001001111000
Found cached RTLIL representation for module `$paramod\GTP_LUT4\INIT=16'1101001001111000'.
Parameter \INIT = 16'1101001001111000
Found cached RTLIL representation for module `$paramod\GTP_LUT4\INIT=16'1101001001111000'.
Parameter \INIT = 16'0111100011010010
Found cached RTLIL representation for module `$paramod\GTP_LUT4\INIT=16'0111100011010010'.
Parameter \INIT = 838275187
Found cached RTLIL representation for module `$paramod\GTP_LUT5\INIT=32'00110001111101110001000001110011'.
Parameter \INIT = 64'0101111111010111101000000010100011010111111101010010100000001010
Found cached RTLIL representation for module `$paramod$faadfbce9aec5860350c941f014058f2c932bfb5\GTP_LUT6'.
Parameter \INIT = 32'11101111100011001100111000001000
Found cached RTLIL representation for module `$paramod\GTP_LUT5\INIT=32'11101111100011001100111000001000'.
Parameter \INIT = 64'1101011111110101001010000000101001011111110101111010000000101000
Found cached RTLIL representation for module `$paramod$6191c5fd7bcfaaff37808c3297a2620807ea9213\GTP_LUT6'.
Parameter \INIT = 838275187
Found cached RTLIL representation for module `$paramod\GTP_LUT5\INIT=32'00110001111101110001000001110011'.
Parameter \INIT = 64'0101111111010111101000000010100011010111111101010010100000001010
Found cached RTLIL representation for module `$paramod$faadfbce9aec5860350c941f014058f2c932bfb5\GTP_LUT6'.
Parameter \INIT = 32'11110111001100010111001100010000
Found cached RTLIL representation for module `$paramod\GTP_LUT5\INIT=32'11110111001100010111001100010000'.
Parameter \INIT = 64'0101111111010111101000000010100011010111111101010010100000001010
Found cached RTLIL representation for module `$paramod$faadfbce9aec5860350c941f014058f2c932bfb5\GTP_LUT6'.
Parameter \INIT = 64'1101110101110111110111010111110100100010100010000010001010000010
Found cached RTLIL representation for module `$paramod$e63c159b35ee1e004d0dfbe18c7d1bcee97d88dc\GTP_LUT6'.
Parameter \INIT = 64'0011001100010011000100110000001100110011001100110011001100110011
Found cached RTLIL representation for module `$paramod$ff8a3a9cae2b296fb00e3d4bcbaaaa0f00efcfe7\GTP_LUT6'.
Parameter \INIT = 838275187
Found cached RTLIL representation for module `$paramod\GTP_LUT5\INIT=32'00110001111101110001000001110011'.
Parameter \INIT = 32'10001100111011110000100011001110
Found cached RTLIL representation for module `$paramod\GTP_LUT5\INIT=32'10001100111011110000100011001110'.
Parameter \INIT = 64'0011001100010011000100110000001100110011001100110011001100110011
Found cached RTLIL representation for module `$paramod$ff8a3a9cae2b296fb00e3d4bcbaaaa0f00efcfe7\GTP_LUT6'.
Parameter \INIT = 858980899

3.142. Executing AST frontend in derive mode using pre-parsed AST for module `\GTP_LUT5'.
Parameter \INIT = 858980899
Generating RTLIL representation for module `$paramod\GTP_LUT5\INIT=32'00110011001100110000001000100011'.
Parameter \INIT = 32'11101111100011001100111000001000
Found cached RTLIL representation for module `$paramod\GTP_LUT5\INIT=32'11101111100011001100111000001000'.
Parameter \INIT = 64'1101110101110111110111010111110100100010100010000010001010000010
Found cached RTLIL representation for module `$paramod$e63c159b35ee1e004d0dfbe18c7d1bcee97d88dc\GTP_LUT6'.
Parameter \INIT = 64'1101110101110111110111010111110100100010100010000010001010000010
Found cached RTLIL representation for module `$paramod$e63c159b35ee1e004d0dfbe18c7d1bcee97d88dc\GTP_LUT6'.
Parameter \INIT = 64'0101111111010111101000000010100011010111111101010010100000001010
Found cached RTLIL representation for module `$paramod$faadfbce9aec5860350c941f014058f2c932bfb5\GTP_LUT6'.
Parameter \INIT = 32'10111011101110110010001000101011
Found cached RTLIL representation for module `$paramod\GTP_LUT5\INIT=32'10111011101110110010001000101011'.
Parameter \INIT = 64'0101111111010111101000000010100011010111111101010010100000001010
Found cached RTLIL representation for module `$paramod$faadfbce9aec5860350c941f014058f2c932bfb5\GTP_LUT6'.
Parameter \INIT = 858980899
Found cached RTLIL representation for module `$paramod\GTP_LUT5\INIT=32'00110011001100110000001000100011'.
Parameter \INIT = 64'1101110101110111110111010111110100100010100010000010001010000010
Found cached RTLIL representation for module `$paramod$e63c159b35ee1e004d0dfbe18c7d1bcee97d88dc\GTP_LUT6'.
Parameter \INIT = 32'11110111001100010111001100010000
Found cached RTLIL representation for module `$paramod\GTP_LUT5\INIT=32'11110111001100010111001100010000'.
Parameter \INIT = 32'10100000101000001010000000100000

3.143. Executing AST frontend in derive mode using pre-parsed AST for module `\GTP_LUT5'.
Parameter \INIT = 32'10100000101000001010000000100000
Generating RTLIL representation for module `$paramod\GTP_LUT5\INIT=32'10100000101000001010000000100000'.
Parameter \INIT = 64'1101011111110101001010000000101001011111110101111010000000101000
Found cached RTLIL representation for module `$paramod$6191c5fd7bcfaaff37808c3297a2620807ea9213\GTP_LUT6'.
Parameter \INIT = 64'0000100000001100000011100000111100000000000010000000110000001110
Found cached RTLIL representation for module `$paramod$952583f6bb939a3dd49fa389533918d6b282ec22\GTP_LUT6'.
Parameter \INIT = 64'0111000000110000000100000000000011110000011100000011000000010000
Found cached RTLIL representation for module `$paramod$17120a48b64ae84dd8c293e961046b7419bc9579\GTP_LUT6'.
Parameter \INIT = 64'1101110101110111001000101000100011011101011111010010001010000010

3.144. Executing AST frontend in derive mode using pre-parsed AST for module `\GTP_LUT6'.
Parameter \INIT = 64'1101110101110111001000101000100011011101011111010010001010000010
Generating RTLIL representation for module `$paramod$9a285ca7fed26747ea68d095c467744b6684435d\GTP_LUT6'.
Parameter \INIT = 838275187
Found cached RTLIL representation for module `$paramod\GTP_LUT5\INIT=32'00110001111101110001000001110011'.
Parameter \INIT = 838275187
Found cached RTLIL representation for module `$paramod\GTP_LUT5\INIT=32'00110001111101110001000001110011'.
Parameter \INIT = 64'0101111111010111101000000010100011010111111101010010100000001010
Found cached RTLIL representation for module `$paramod$faadfbce9aec5860350c941f014058f2c932bfb5\GTP_LUT6'.
Parameter \INIT = 64'1101011111110101001010000000101001011111110101111010000000101000
Found cached RTLIL representation for module `$paramod$6191c5fd7bcfaaff37808c3297a2620807ea9213\GTP_LUT6'.
Parameter \INIT = 32'11110111001100010111001100010000
Found cached RTLIL representation for module `$paramod\GTP_LUT5\INIT=32'11110111001100010111001100010000'.
Parameter \INIT = 32'11110111001100010111001100010000
Found cached RTLIL representation for module `$paramod\GTP_LUT5\INIT=32'11110111001100010111001100010000'.
Parameter \INIT = 16'0111100011010010
Found cached RTLIL representation for module `$paramod\GTP_LUT4\INIT=16'0111100011010010'.
Parameter \INIT = 16'1111110100000010
Found cached RTLIL representation for module `$paramod\GTP_LUT4\INIT=16'1111110100000010'.
Parameter \INIT = 16'0111100011010010
Found cached RTLIL representation for module `$paramod\GTP_LUT4\INIT=16'0111100011010010'.
Parameter \INIT = 32'10001100111011110000100011001110
Found cached RTLIL representation for module `$paramod\GTP_LUT5\INIT=32'10001100111011110000100011001110'.
Parameter \INIT = 16'1111110100000010
Found cached RTLIL representation for module `$paramod\GTP_LUT4\INIT=16'1111110100000010'.
Parameter \INIT = 16'1111110100000010
Found cached RTLIL representation for module `$paramod\GTP_LUT4\INIT=16'1111110100000010'.
Parameter \INIT = 16'0111100011010010
Found cached RTLIL representation for module `$paramod\GTP_LUT4\INIT=16'0111100011010010'.
Parameter \INIT = 64'0101111111010111101000000010100011010111111101010010100000001010
Found cached RTLIL representation for module `$paramod$faadfbce9aec5860350c941f014058f2c932bfb5\GTP_LUT6'.
Parameter \INIT = 16'1111110100000010
Found cached RTLIL representation for module `$paramod\GTP_LUT4\INIT=16'1111110100000010'.
Parameter \INIT = 16'1111110100000010
Found cached RTLIL representation for module `$paramod\GTP_LUT4\INIT=16'1111110100000010'.
Parameter \INIT = 16'1000011100101101
Found cached RTLIL representation for module `$paramod\GTP_LUT4\INIT=16'1000011100101101'.
Parameter \INIT = 16'0111100011010010
Found cached RTLIL representation for module `$paramod\GTP_LUT4\INIT=16'0111100011010010'.
Parameter \INIT = 16'0111100011010010
Found cached RTLIL representation for module `$paramod\GTP_LUT4\INIT=16'0111100011010010'.
Parameter \INIT = 32'11110111001100010111001100010000
Found cached RTLIL representation for module `$paramod\GTP_LUT5\INIT=32'11110111001100010111001100010000'.
Parameter \INIT = 64'1101011111110101001010000000101001011111110101111010000000101000
Found cached RTLIL representation for module `$paramod$6191c5fd7bcfaaff37808c3297a2620807ea9213\GTP_LUT6'.
Parameter \INIT = 16'1101001001111000
Found cached RTLIL representation for module `$paramod\GTP_LUT4\INIT=16'1101001001111000'.
Parameter \INIT = 16'0111100011010010
Found cached RTLIL representation for module `$paramod\GTP_LUT4\INIT=16'0111100011010010'.
Parameter \INIT = 16'1101001001111000
Found cached RTLIL representation for module `$paramod\GTP_LUT4\INIT=16'1101001001111000'.
Parameter \INIT = 64'1001100101101100011010011001110011001001001111000011100111001100
Found cached RTLIL representation for module `$paramod$9db7cbcba5883605ceafd03ce5b0945e68cae752\GTP_LUT6'.
Parameter \INIT = 838275187
Found cached RTLIL representation for module `$paramod\GTP_LUT5\INIT=32'00110001111101110001000001110011'.
Parameter \INIT = 16'0111100011010010
Found cached RTLIL representation for module `$paramod\GTP_LUT4\INIT=16'0111100011010010'.
Parameter \INIT = 16'0111100011010010
Found cached RTLIL representation for module `$paramod\GTP_LUT4\INIT=16'0111100011010010'.
Parameter \INIT = 16'0111100011010010
Found cached RTLIL representation for module `$paramod\GTP_LUT4\INIT=16'0111100011010010'.
Parameter \INIT = 8'00010101
Found cached RTLIL representation for module `$paramod\GTP_LUT3\INIT=8'00010101'.
Parameter \INIT = 8'01000101
Found cached RTLIL representation for module `$paramod\GTP_LUT3\INIT=8'01000101'.
Parameter \INIT = 16'0101011010011010
Found cached RTLIL representation for module `$paramod\GTP_LUT4\INIT=16'0101011010011010'.
Parameter \INIT = 64'0111001111110011001100111111001111110011111100110011001111110011

3.145. Executing AST frontend in derive mode using pre-parsed AST for module `\GTP_LUT6'.
Parameter \INIT = 64'0111001111110011001100111111001111110011111100110011001111110011
Generating RTLIL representation for module `$paramod$f9a5ea7271730c6b20d427d62cac10e0f7fd5d86\GTP_LUT6'.
Parameter \INIT = 64'0101111111010111101000000010100011010111111101010010100000001010
Found cached RTLIL representation for module `$paramod$faadfbce9aec5860350c941f014058f2c932bfb5\GTP_LUT6'.
Parameter \INIT = 838275187
Found cached RTLIL representation for module `$paramod\GTP_LUT5\INIT=32'00110001111101110001000001110011'.
Parameter \INIT = 32'11110111001100010111001100010000
Found cached RTLIL representation for module `$paramod\GTP_LUT5\INIT=32'11110111001100010111001100010000'.
Parameter \INIT = 64'0101111111010111101000000010100011010111111101010010100000001010
Found cached RTLIL representation for module `$paramod$faadfbce9aec5860350c941f014058f2c932bfb5\GTP_LUT6'.
Parameter \INIT = 64'0101111111010111101000000010100011010111111101010010100000001010
Found cached RTLIL representation for module `$paramod$faadfbce9aec5860350c941f014058f2c932bfb5\GTP_LUT6'.
Parameter \INIT = 32'11110111001100010111001100010000
Found cached RTLIL representation for module `$paramod\GTP_LUT5\INIT=32'11110111001100010111001100010000'.
Parameter \INIT = 64'0101111111010111101000000010100011010111111101010010100000001010
Found cached RTLIL representation for module `$paramod$faadfbce9aec5860350c941f014058f2c932bfb5\GTP_LUT6'.
Parameter \INIT = 32'11110111001100010111001100010000
Found cached RTLIL representation for module `$paramod\GTP_LUT5\INIT=32'11110111001100010111001100010000'.
Parameter \INIT = 32'11110111001100010111001100010000
Found cached RTLIL representation for module `$paramod\GTP_LUT5\INIT=32'11110111001100010111001100010000'.
Parameter \INIT = 838275187
Found cached RTLIL representation for module `$paramod\GTP_LUT5\INIT=32'00110001111101110001000001110011'.
Parameter \INIT = 64'1101011111110101001010000000101001011111110101111010000000101000
Found cached RTLIL representation for module `$paramod$6191c5fd7bcfaaff37808c3297a2620807ea9213\GTP_LUT6'.
Parameter \INIT = 64'0101111111010111101000000010100011010111111101010010100000001010
Found cached RTLIL representation for module `$paramod$faadfbce9aec5860350c941f014058f2c932bfb5\GTP_LUT6'.
Parameter \INIT = 32'11110111001100010111001100010000
Found cached RTLIL representation for module `$paramod\GTP_LUT5\INIT=32'11110111001100010111001100010000'.
Parameter \INIT = 838275187
Found cached RTLIL representation for module `$paramod\GTP_LUT5\INIT=32'00110001111101110001000001110011'.
Parameter \INIT = 64'0101111111010111101000000010100011010111111101010010100000001010
Found cached RTLIL representation for module `$paramod$faadfbce9aec5860350c941f014058f2c932bfb5\GTP_LUT6'.
Parameter \INIT = 32'11101111100011001100111000001000
Found cached RTLIL representation for module `$paramod\GTP_LUT5\INIT=32'11101111100011001100111000001000'.
Parameter \INIT = 64'0101111111010111101000000010100011010111111101010010100000001010
Found cached RTLIL representation for module `$paramod$faadfbce9aec5860350c941f014058f2c932bfb5\GTP_LUT6'.
Parameter \INIT = 64'0101111111010111101000000010100011010111111101010010100000001010
Found cached RTLIL representation for module `$paramod$faadfbce9aec5860350c941f014058f2c932bfb5\GTP_LUT6'.
Parameter \INIT = 838275187
Found cached RTLIL representation for module `$paramod\GTP_LUT5\INIT=32'00110001111101110001000001110011'.
Parameter \INIT = 32'11101111100011001100111000001000
Found cached RTLIL representation for module `$paramod\GTP_LUT5\INIT=32'11101111100011001100111000001000'.
Parameter \INIT = 64'1101011111110101001010000000101001011111110101111010000000101000
Found cached RTLIL representation for module `$paramod$6191c5fd7bcfaaff37808c3297a2620807ea9213\GTP_LUT6'.
Parameter \INIT = 64'1101011111110101001010000000101001011111110101111010000000101000
Found cached RTLIL representation for module `$paramod$6191c5fd7bcfaaff37808c3297a2620807ea9213\GTP_LUT6'.
Parameter \INIT = 32'11101111100011001100111000001000
Found cached RTLIL representation for module `$paramod\GTP_LUT5\INIT=32'11101111100011001100111000001000'.
Parameter \INIT = 64'0101111111010111101000000010100011010111111101010010100000001010
Found cached RTLIL representation for module `$paramod$faadfbce9aec5860350c941f014058f2c932bfb5\GTP_LUT6'.
Parameter \INIT = 32'10001100111011110000100011001110
Found cached RTLIL representation for module `$paramod\GTP_LUT5\INIT=32'10001100111011110000100011001110'.
Parameter \INIT = 64'0101111111010111101000000010100011010111111101010010100000001010
Found cached RTLIL representation for module `$paramod$faadfbce9aec5860350c941f014058f2c932bfb5\GTP_LUT6'.
Parameter \INIT = 32'11110111001100010111001100010000
Found cached RTLIL representation for module `$paramod\GTP_LUT5\INIT=32'11110111001100010111001100010000'.
Parameter \INIT = 64'1101011111110101001010000000101001011111110101111010000000101000
Found cached RTLIL representation for module `$paramod$6191c5fd7bcfaaff37808c3297a2620807ea9213\GTP_LUT6'.
Parameter \INIT = 64'1101011111110101001010000000101001011111110101111010000000101000
Found cached RTLIL representation for module `$paramod$6191c5fd7bcfaaff37808c3297a2620807ea9213\GTP_LUT6'.
Parameter \INIT = 32'10001100111011110000100011001110
Found cached RTLIL representation for module `$paramod\GTP_LUT5\INIT=32'10001100111011110000100011001110'.
Parameter \INIT = 32'11101111100011001100111000001000
Found cached RTLIL representation for module `$paramod\GTP_LUT5\INIT=32'11101111100011001100111000001000'.
Parameter \INIT = 32'11110111001100010111001100010000
Found cached RTLIL representation for module `$paramod\GTP_LUT5\INIT=32'11110111001100010111001100010000'.
Parameter \INIT = 64'1101011111110101001010000000101001011111110101111010000000101000
Found cached RTLIL representation for module `$paramod$6191c5fd7bcfaaff37808c3297a2620807ea9213\GTP_LUT6'.
Parameter \INIT = 32'10001100111011110000100011001110
Found cached RTLIL representation for module `$paramod\GTP_LUT5\INIT=32'10001100111011110000100011001110'.
Parameter \INIT = 32'10001100111011110000100011001110
Found cached RTLIL representation for module `$paramod\GTP_LUT5\INIT=32'10001100111011110000100011001110'.
Parameter \INIT = 64'1101011101011111001010001010000011110101110101110000101000101000
Found cached RTLIL representation for module `$paramod$ac322abe1352d00788da342d809764297918a223\GTP_LUT6'.
Parameter \INIT = 32'10001100111011110000100011001110
Found cached RTLIL representation for module `$paramod\GTP_LUT5\INIT=32'10001100111011110000100011001110'.
Parameter \INIT = 64'1101011111110101001010000000101001011111110101111010000000101000
Found cached RTLIL representation for module `$paramod$6191c5fd7bcfaaff37808c3297a2620807ea9213\GTP_LUT6'.
Parameter \INIT = 64'0101111111010111101000000010100011010111111101010010100000001010
Found cached RTLIL representation for module `$paramod$faadfbce9aec5860350c941f014058f2c932bfb5\GTP_LUT6'.
Parameter \INIT = 64'1101011111110101001010000000101001011111110101111010000000101000
Found cached RTLIL representation for module `$paramod$6191c5fd7bcfaaff37808c3297a2620807ea9213\GTP_LUT6'.
Parameter \INIT = 2131965697
Found cached RTLIL representation for module `$paramod\GTP_LUT5\INIT=32'01111111000100110011011100000001'.
Parameter \INIT = 64'0011001100110011000100110011001100010011001100110000001100110011
Found cached RTLIL representation for module `$paramod$4686127b1d9271139f97e4f1e7802033a0df1020\GTP_LUT6'.
Parameter \INIT = 808596019
Found cached RTLIL representation for module `$paramod\GTP_LUT5\INIT=32'00110000001100100011001000110011'.
Parameter \INIT = 64'0011110000111111001111111111111110000010101100111011001111111111
Found cached RTLIL representation for module `$paramod$0ee9485909187e4f9c3847e270f72146922ab9b4\GTP_LUT6'.
Parameter \INIT = 16'1101001001111000
Found cached RTLIL representation for module `$paramod\GTP_LUT4\INIT=16'1101001001111000'.
Parameter \INIT = 16'1101001001111000
Found cached RTLIL representation for module `$paramod\GTP_LUT4\INIT=16'1101001001111000'.
Parameter \INIT = 16'0111100011010010
Found cached RTLIL representation for module `$paramod\GTP_LUT4\INIT=16'0111100011010010'.
Parameter \INIT = 16'1101001001111000
Found cached RTLIL representation for module `$paramod\GTP_LUT4\INIT=16'1101001001111000'.
Parameter \INIT = 16'0111100011010010
Found cached RTLIL representation for module `$paramod\GTP_LUT4\INIT=16'0111100011010010'.
Parameter \INIT = 16'1101001001111000
Found cached RTLIL representation for module `$paramod\GTP_LUT4\INIT=16'1101001001111000'.
Parameter \INIT = 16'1101001001111000
Found cached RTLIL representation for module `$paramod\GTP_LUT4\INIT=16'1101001001111000'.
Parameter \INIT = 16'0111100011010010
Found cached RTLIL representation for module `$paramod\GTP_LUT4\INIT=16'0111100011010010'.
Parameter \INIT = 16'0111100011010010
Found cached RTLIL representation for module `$paramod\GTP_LUT4\INIT=16'0111100011010010'.
Parameter \INIT = 16'0111100011010010
Found cached RTLIL representation for module `$paramod\GTP_LUT4\INIT=16'0111100011010010'.
Parameter \INIT = 64'1111111111111111100000110010110011111111111111111011001100111111
Found cached RTLIL representation for module `$paramod$e686b098053cd414656537e7d2a6abd8dd2b86c2\GTP_LUT6'.
Parameter \INIT = 16'0111100011010010
Found cached RTLIL representation for module `$paramod\GTP_LUT4\INIT=16'0111100011010010'.
Parameter \INIT = 16'1101001001111000
Found cached RTLIL representation for module `$paramod\GTP_LUT4\INIT=16'1101001001111000'.
Parameter \INIT = 16'1101001001111000
Found cached RTLIL representation for module `$paramod\GTP_LUT4\INIT=16'1101001001111000'.
Parameter \INIT = 16'0111100011010010
Found cached RTLIL representation for module `$paramod\GTP_LUT4\INIT=16'0111100011010010'.
Parameter \INIT = 16'0111100011010010
Found cached RTLIL representation for module `$paramod\GTP_LUT4\INIT=16'0111100011010010'.
Parameter \INIT = 16'0111100011010010
Found cached RTLIL representation for module `$paramod\GTP_LUT4\INIT=16'0111100011010010'.
Parameter \INIT = 16'0111100011010010
Found cached RTLIL representation for module `$paramod\GTP_LUT4\INIT=16'0111100011010010'.
Parameter \INIT = 16'0111100011010010
Found cached RTLIL representation for module `$paramod\GTP_LUT4\INIT=16'0111100011010010'.
Parameter \INIT = 16'1101001001111000
Found cached RTLIL representation for module `$paramod\GTP_LUT4\INIT=16'1101001001111000'.
Parameter \INIT = 16'0111100011010010
Found cached RTLIL representation for module `$paramod\GTP_LUT4\INIT=16'0111100011010010'.
Parameter \INIT = 16'1101001001111000
Found cached RTLIL representation for module `$paramod\GTP_LUT4\INIT=16'1101001001111000'.
Parameter \INIT = 16'0111100011010010
Found cached RTLIL representation for module `$paramod\GTP_LUT4\INIT=16'0111100011010010'.
Parameter \INIT = 64'1111111111111111101100110011111110110011001111111000001100101100

3.146. Executing AST frontend in derive mode using pre-parsed AST for module `\GTP_LUT6'.
Parameter \INIT = 64'1111111111111111101100110011111110110011001111111000001100101100
Generating RTLIL representation for module `$paramod$b1539141452e0a2b94ff30f0de8a9a7e729bbab4\GTP_LUT6'.
Parameter \INIT = 64'0010001010001000001000101000001011011101011101111101110101111101

3.147. Executing AST frontend in derive mode using pre-parsed AST for module `\GTP_LUT6'.
Parameter \INIT = 64'0010001010001000001000101000001011011101011101111101110101111101
Generating RTLIL representation for module `$paramod$cf0da921945fbe3029e0fa0b3acd583ef18e239c\GTP_LUT6'.
Parameter \INIT = 64'0101111111010111101000000010100011010111111101010010100000001010
Found cached RTLIL representation for module `$paramod$faadfbce9aec5860350c941f014058f2c932bfb5\GTP_LUT6'.
Parameter \INIT = 64'1101011111110101001010000000101001011111110101111010000000101000
Found cached RTLIL representation for module `$paramod$6191c5fd7bcfaaff37808c3297a2620807ea9213\GTP_LUT6'.
Parameter \INIT = 275984887
Found cached RTLIL representation for module `$paramod\GTP_LUT5\INIT=32'00010000011100110011000111110111'.
Parameter \INIT = 32'10001100111011110000100011001110
Found cached RTLIL representation for module `$paramod\GTP_LUT5\INIT=32'10001100111011110000100011001110'.
Parameter \INIT = 64'0101111111010111101000000010100011010111111101010010100000001010
Found cached RTLIL representation for module `$paramod$faadfbce9aec5860350c941f014058f2c932bfb5\GTP_LUT6'.
Parameter \INIT = 64'0011001100110011001100110001001100110011000100110011001100000011
Found cached RTLIL representation for module `$paramod$7a04fc527ce8b8c2a79407474e6c0b17d8810811\GTP_LUT6'.
Parameter \INIT = 64'0011001100010011001100110011001100110011000000110011001100010011
Found cached RTLIL representation for module `$paramod$74dae95116d32acbbe307825f65eb6530391fd68\GTP_LUT6'.
Parameter \INIT = 64'0011001100110011001100110011001100110011000100110001001100000011
Found cached RTLIL representation for module `$paramod$a1411f21d3b03467b79063cf0edcb16171722d0f\GTP_LUT6'.
Parameter \INIT = 32'11110111001100010111001100010000
Found cached RTLIL representation for module `$paramod\GTP_LUT5\INIT=32'11110111001100010111001100010000'.
Parameter \INIT = 32'11110111001100010111001100010000
Found cached RTLIL representation for module `$paramod\GTP_LUT5\INIT=32'11110111001100010111001100010000'.
Parameter \INIT = 64'1110000011110000100000001100000011000000111000000000000010000000
Found cached RTLIL representation for module `$paramod$d66a7553a13cf71dacb4a9d0dcc28942533ae0fa\GTP_LUT6'.
Parameter \INIT = 64'0000000100000000000001110000001100000011000000010000111100000111
Found cached RTLIL representation for module `$paramod$19e8730f01981c9c9578e92a66a73c479c6e801d\GTP_LUT6'.
Parameter \INIT = 64'0101111111010111101000000010100011010111111101010010100000001010
Found cached RTLIL representation for module `$paramod$faadfbce9aec5860350c941f014058f2c932bfb5\GTP_LUT6'.
Parameter \INIT = 64'0101111111010111101000000010100011010111111101010010100000001010
Found cached RTLIL representation for module `$paramod$faadfbce9aec5860350c941f014058f2c932bfb5\GTP_LUT6'.
Parameter \INIT = 64'0011001100010011000100110000001100110011001100110011001100110011
Found cached RTLIL representation for module `$paramod$ff8a3a9cae2b296fb00e3d4bcbaaaa0f00efcfe7\GTP_LUT6'.
Parameter \INIT = 35861299
Found cached RTLIL representation for module `$paramod\GTP_LUT5\INIT=32'00000010001000110011001100110011'.
Parameter \INIT = 32'10001100111011110000100011001110
Found cached RTLIL representation for module `$paramod\GTP_LUT5\INIT=32'10001100111011110000100011001110'.
Parameter \INIT = 64'0101111111010111101000000010100011010111111101010010100000001010
Found cached RTLIL representation for module `$paramod$faadfbce9aec5860350c941f014058f2c932bfb5\GTP_LUT6'.
Parameter \INIT = 64'0000100000001100000011100000111100000000000010000000110000001110
Found cached RTLIL representation for module `$paramod$952583f6bb939a3dd49fa389533918d6b282ec22\GTP_LUT6'.
Parameter \INIT = 64'0111000000110000000100000000000011110000011100000011000000010000
Found cached RTLIL representation for module `$paramod$17120a48b64ae84dd8c293e961046b7419bc9579\GTP_LUT6'.
Parameter \INIT = 32'11110111001100010111001100010000
Found cached RTLIL representation for module `$paramod\GTP_LUT5\INIT=32'11110111001100010111001100010000'.
Parameter \INIT = 858980899
Found cached RTLIL representation for module `$paramod\GTP_LUT5\INIT=32'00110011001100110000001000100011'.
Parameter \INIT = 64'0000010000000100000001000000010000000100000001000000010010001100
Found cached RTLIL representation for module `$paramod$e5459f1d00d45034e3c5558ae64d38947959c9a4\GTP_LUT6'.
Parameter \INIT = 64'1101011111110101001010000000101001011111110101111010000000101000
Found cached RTLIL representation for module `$paramod$6191c5fd7bcfaaff37808c3297a2620807ea9213\GTP_LUT6'.
Parameter \INIT = 32'11110111001100010111001100010000
Found cached RTLIL representation for module `$paramod\GTP_LUT5\INIT=32'11110111001100010111001100010000'.
Parameter \INIT = 64'0101111111010111101000000010100011010111111101010010100000001010
Found cached RTLIL representation for module `$paramod$faadfbce9aec5860350c941f014058f2c932bfb5\GTP_LUT6'.
Parameter \INIT = 64'0101111111010111101000000010100011010111111101010010100000001010
Found cached RTLIL representation for module `$paramod$faadfbce9aec5860350c941f014058f2c932bfb5\GTP_LUT6'.
Parameter \INIT = 64'1100100011001000110010001100100011001000110010001100100001000000
Found cached RTLIL representation for module `$paramod$0f70a2e6a68658e2794db27f314a2d5b7fe28a8f\GTP_LUT6'.
Parameter \INIT = 16'1111110100000010
Found cached RTLIL representation for module `$paramod\GTP_LUT4\INIT=16'1111110100000010'.
Parameter \INIT = 32'11110111001100010111001100010000
Found cached RTLIL representation for module `$paramod\GTP_LUT5\INIT=32'11110111001100010111001100010000'.
Parameter \INIT = 64'0101111111010111101000000010100011010111111101010010100000001010
Found cached RTLIL representation for module `$paramod$faadfbce9aec5860350c941f014058f2c932bfb5\GTP_LUT6'.
Parameter \INIT = 64'0000100100001001100011100000100100011101000111011100111100011101
Found cached RTLIL representation for module `$paramod$2b5cf3a5ccd8e2d0ee7eceee2cb0b3ee09561ad9\GTP_LUT6'.
Parameter \INIT = 64'1111011011110110011100011111011011100010111000100011000011100010

3.148. Executing AST frontend in derive mode using pre-parsed AST for module `\GTP_LUT6'.
Parameter \INIT = 64'1111011011110110011100011111011011100010111000100011000011100010
Generating RTLIL representation for module `$paramod$7b0c73519fb255ce2a68987346b154b57b7621f1\GTP_LUT6'.
Parameter \INIT = 8'00010101
Found cached RTLIL representation for module `$paramod\GTP_LUT3\INIT=8'00010101'.
Parameter \INIT = 16'0111100011010010
Found cached RTLIL representation for module `$paramod\GTP_LUT4\INIT=16'0111100011010010'.
Parameter \INIT = 64'1100100011001000110010001100100011001000110010001100100001000000
Found cached RTLIL representation for module `$paramod$0f70a2e6a68658e2794db27f314a2d5b7fe28a8f\GTP_LUT6'.
Parameter \INIT = 64'0000000100000001000000010000000100000001000000010000000100100011

3.149. Executing AST frontend in derive mode using pre-parsed AST for module `\GTP_LUT6'.
Parameter \INIT = 64'0000000100000001000000010000000100000001000000010000000100100011
Generating RTLIL representation for module `$paramod$fc0336002b9e74f03271b8bdf71123f7f5d8342e\GTP_LUT6'.
Parameter \INIT = 16'0111100011010010
Found cached RTLIL representation for module `$paramod\GTP_LUT4\INIT=16'0111100011010010'.
Parameter \INIT = 32'11110111001100010111001100010000
Found cached RTLIL representation for module `$paramod\GTP_LUT5\INIT=32'11110111001100010111001100010000'.
Parameter \INIT = 1515873882
Found cached RTLIL representation for module `$paramod\GTP_LUT5\INIT=32'01011010010110100110011001011010'.
Parameter \INIT = 16'0111100011010010
Found cached RTLIL representation for module `$paramod\GTP_LUT4\INIT=16'0111100011010010'.
Parameter \INIT = 16'1001100100111001
Found cached RTLIL representation for module `$paramod\GTP_LUT4\INIT=16'1001100100111001'.
Parameter \INIT = 16'1001100100111001
Found cached RTLIL representation for module `$paramod\GTP_LUT4\INIT=16'1001100100111001'.
Parameter \INIT = 16'0111100011010010
Found cached RTLIL representation for module `$paramod\GTP_LUT4\INIT=16'0111100011010010'.
Parameter \INIT = 16'0111100011010010
Found cached RTLIL representation for module `$paramod\GTP_LUT4\INIT=16'0111100011010010'.
Parameter \INIT = 16'0111100011010010
Found cached RTLIL representation for module `$paramod\GTP_LUT4\INIT=16'0111100011010010'.
Parameter \INIT = 16'0111100011010010
Found cached RTLIL representation for module `$paramod\GTP_LUT4\INIT=16'0111100011010010'.
Parameter \INIT = 16'1101001001111000
Found cached RTLIL representation for module `$paramod\GTP_LUT4\INIT=16'1101001001111000'.
Parameter \INIT = 1930491697
Found cached RTLIL representation for module `$paramod\GTP_LUT5\INIT=32'01110011000100001111011100110001'.
Parameter \INIT = 16'0111100011010010
Found cached RTLIL representation for module `$paramod\GTP_LUT4\INIT=16'0111100011010010'.
Parameter \INIT = 16'0111100011010010
Found cached RTLIL representation for module `$paramod\GTP_LUT4\INIT=16'0111100011010010'.
Parameter \INIT = 64'0000000000000000000000000000000011110011001100111111001110110011

3.150. Executing AST frontend in derive mode using pre-parsed AST for module `\GTP_LUT6'.
Parameter \INIT = 64'0000000000000000000000000000000011110011001100111111001110110011
Generating RTLIL representation for module `$paramod$3b5e6f2153617dac130c92754d21f45a0e3a3f0a\GTP_LUT6'.
Parameter \INIT = 64'0101111111010111101000000010100011010111111101010010100000001010
Found cached RTLIL representation for module `$paramod$faadfbce9aec5860350c941f014058f2c932bfb5\GTP_LUT6'.
Parameter \INIT = 32'11110111001100010111001100010000
Found cached RTLIL representation for module `$paramod\GTP_LUT5\INIT=32'11110111001100010111001100010000'.
Parameter \INIT = 64'0101111111010111101000000010100011010111111101010010100000001010
Found cached RTLIL representation for module `$paramod$faadfbce9aec5860350c941f014058f2c932bfb5\GTP_LUT6'.
Parameter \INIT = 32'11110111001100010111001100010000
Found cached RTLIL representation for module `$paramod\GTP_LUT5\INIT=32'11110111001100010111001100010000'.
Parameter \INIT = 64'1101011101011111001010001010000011110101110101110000101000101000
Found cached RTLIL representation for module `$paramod$ac322abe1352d00788da342d809764297918a223\GTP_LUT6'.
Parameter \INIT = 64'0101111111010111101000000010100011010111111101010010100000001010
Found cached RTLIL representation for module `$paramod$faadfbce9aec5860350c941f014058f2c932bfb5\GTP_LUT6'.
Parameter \INIT = 64'0101111111010111101000000010100011010111111101010010100000001010
Found cached RTLIL representation for module `$paramod$faadfbce9aec5860350c941f014058f2c932bfb5\GTP_LUT6'.
Parameter \INIT = 64'0101111111010111101000000010100011010111111101010010100000001010
Found cached RTLIL representation for module `$paramod$faadfbce9aec5860350c941f014058f2c932bfb5\GTP_LUT6'.
Parameter \INIT = 64'1101011111110101001010000000101001011111110101111010000000101000
Found cached RTLIL representation for module `$paramod$6191c5fd7bcfaaff37808c3297a2620807ea9213\GTP_LUT6'.
Parameter \INIT = 838275187
Found cached RTLIL representation for module `$paramod\GTP_LUT5\INIT=32'00110001111101110001000001110011'.
Parameter \INIT = 64'0101111111010111101000000010100011010111111101010010100000001010
Found cached RTLIL representation for module `$paramod$faadfbce9aec5860350c941f014058f2c932bfb5\GTP_LUT6'.
Parameter \INIT = 64'1101011111110101001010000000101001011111110101111010000000101000
Found cached RTLIL representation for module `$paramod$6191c5fd7bcfaaff37808c3297a2620807ea9213\GTP_LUT6'.
Parameter \INIT = 2131965697
Found cached RTLIL representation for module `$paramod\GTP_LUT5\INIT=32'01111111000100110011011100000001'.
Parameter \INIT = 838275187
Found cached RTLIL representation for module `$paramod\GTP_LUT5\INIT=32'00110001111101110001000001110011'.
Parameter \INIT = 64'0010100000001010110101111111010110100000001010000101111111010111
Found cached RTLIL representation for module `$paramod$b9312bd528a822c4fdb3b9122fd1dfb8eba6669d\GTP_LUT6'.
Parameter \INIT = 32'11101111100011001100111000001000
Found cached RTLIL representation for module `$paramod\GTP_LUT5\INIT=32'11101111100011001100111000001000'.
Parameter \INIT = 64'0101111111010111101000000010100011010111111101010010100000001010
Found cached RTLIL representation for module `$paramod$faadfbce9aec5860350c941f014058f2c932bfb5\GTP_LUT6'.
Parameter \INIT = 64'1101011111110101001010000000101001011111110101111010000000101000
Found cached RTLIL representation for module `$paramod$6191c5fd7bcfaaff37808c3297a2620807ea9213\GTP_LUT6'.
Parameter \INIT = 32'11110111001100010111001100010000
Found cached RTLIL representation for module `$paramod\GTP_LUT5\INIT=32'11110111001100010111001100010000'.
Parameter \INIT = 64'1101011111110101001010000000101001011111110101111010000000101000
Found cached RTLIL representation for module `$paramod$6191c5fd7bcfaaff37808c3297a2620807ea9213\GTP_LUT6'.
Parameter \INIT = 32'10001100111011110000100011001110
Found cached RTLIL representation for module `$paramod\GTP_LUT5\INIT=32'10001100111011110000100011001110'.
Parameter \INIT = 64'0101111111010111101000000010100011010111111101010010100000001010
Found cached RTLIL representation for module `$paramod$faadfbce9aec5860350c941f014058f2c932bfb5\GTP_LUT6'.
Parameter \INIT = 64'1101011111110101001010000000101001011111110101111010000000101000
Found cached RTLIL representation for module `$paramod$6191c5fd7bcfaaff37808c3297a2620807ea9213\GTP_LUT6'.
Parameter \INIT = 838275187
Found cached RTLIL representation for module `$paramod\GTP_LUT5\INIT=32'00110001111101110001000001110011'.
Parameter \INIT = 64'0101111111010111101000000010100011010111111101010010100000001010
Found cached RTLIL representation for module `$paramod$faadfbce9aec5860350c941f014058f2c932bfb5\GTP_LUT6'.
Parameter \INIT = 64'1101011111110101001010000000101001011111110101111010000000101000
Found cached RTLIL representation for module `$paramod$6191c5fd7bcfaaff37808c3297a2620807ea9213\GTP_LUT6'.
Parameter \INIT = 32'11110111001100010111001100010000
Found cached RTLIL representation for module `$paramod\GTP_LUT5\INIT=32'11110111001100010111001100010000'.
Parameter \INIT = 64'1101011111110101001010000000101001011111110101111010000000101000
Found cached RTLIL representation for module `$paramod$6191c5fd7bcfaaff37808c3297a2620807ea9213\GTP_LUT6'.
Parameter \INIT = 32'10001100111011110000100011001110
Found cached RTLIL representation for module `$paramod\GTP_LUT5\INIT=32'10001100111011110000100011001110'.
Parameter \INIT = 16'1010100011111100
Found cached RTLIL representation for module `$paramod\GTP_LUT4\INIT=16'1010100011111100'.
Parameter \INIT = 16'1111001101010001
Found cached RTLIL representation for module `$paramod\GTP_LUT4\INIT=16'1111001101010001'.
Parameter \INIT = 32'11110111001100010111001100010000
Found cached RTLIL representation for module `$paramod\GTP_LUT5\INIT=32'11110111001100010111001100010000'.
Parameter \INIT = 32'11101111100011001100111000001000
Found cached RTLIL representation for module `$paramod\GTP_LUT5\INIT=32'11101111100011001100111000001000'.
Parameter \INIT = 32'10001100111011110000100011001110
Found cached RTLIL representation for module `$paramod\GTP_LUT5\INIT=32'10001100111011110000100011001110'.
Parameter \INIT = 64'1101011101011111001010001010000011110101110101110000101000101000
Found cached RTLIL representation for module `$paramod$ac322abe1352d00788da342d809764297918a223\GTP_LUT6'.
Parameter \INIT = 2131965697
Found cached RTLIL representation for module `$paramod\GTP_LUT5\INIT=32'01111111000100110011011100000001'.
Parameter \INIT = 16'1000101011001111
Found cached RTLIL representation for module `$paramod\GTP_LUT4\INIT=16'1000101011001111'.
Parameter \INIT = 16'1101001001111000
Found cached RTLIL representation for module `$paramod\GTP_LUT4\INIT=16'1101001001111000'.
Parameter \INIT = 16'1101001001111000
Found cached RTLIL representation for module `$paramod\GTP_LUT4\INIT=16'1101001001111000'.
Parameter \INIT = 16'0111100011010010
Found cached RTLIL representation for module `$paramod\GTP_LUT4\INIT=16'0111100011010010'.
Parameter \INIT = 16'0111100011010010
Found cached RTLIL representation for module `$paramod\GTP_LUT4\INIT=16'0111100011010010'.
Parameter \INIT = 16'0111100011010010
Found cached RTLIL representation for module `$paramod\GTP_LUT4\INIT=16'0111100011010010'.
Parameter \INIT = 16'0111100011010010
Found cached RTLIL representation for module `$paramod\GTP_LUT4\INIT=16'0111100011010010'.
Parameter \INIT = 16'0111100011010010
Found cached RTLIL representation for module `$paramod\GTP_LUT4\INIT=16'0111100011010010'.
Parameter \INIT = 16'0111100011010010
Found cached RTLIL representation for module `$paramod\GTP_LUT4\INIT=16'0111100011010010'.
Parameter \INIT = 16'0111100011010010
Found cached RTLIL representation for module `$paramod\GTP_LUT4\INIT=16'0111100011010010'.
Parameter \INIT = 64'1111111111111111001111001000001011111111111111110011111110110011
Found cached RTLIL representation for module `$paramod$589b7d3e154887be9653efbfa8b3cc4c0e8c4929\GTP_LUT6'.
Parameter \INIT = 16'1101001001111000
Found cached RTLIL representation for module `$paramod\GTP_LUT4\INIT=16'1101001001111000'.
Parameter \INIT = 16'1101001001111000
Found cached RTLIL representation for module `$paramod\GTP_LUT4\INIT=16'1101001001111000'.
Parameter \INIT = 16'1101001001111000
Found cached RTLIL representation for module `$paramod\GTP_LUT4\INIT=16'1101001001111000'.
Parameter \INIT = 16'0111100011010010
Found cached RTLIL representation for module `$paramod\GTP_LUT4\INIT=16'0111100011010010'.
Parameter \INIT = 16'1101001001111000
Found cached RTLIL representation for module `$paramod\GTP_LUT4\INIT=16'1101001001111000'.
Parameter \INIT = 16'1101001001111000
Found cached RTLIL representation for module `$paramod\GTP_LUT4\INIT=16'1101001001111000'.
Parameter \INIT = 16'0111100011010010
Found cached RTLIL representation for module `$paramod\GTP_LUT4\INIT=16'0111100011010010'.
Parameter \INIT = 16'1101001001111000
Found cached RTLIL representation for module `$paramod\GTP_LUT4\INIT=16'1101001001111000'.
Parameter \INIT = 64'1111111111111111100000110010110011111111111111111011001100111111
Found cached RTLIL representation for module `$paramod$e686b098053cd414656537e7d2a6abd8dd2b86c2\GTP_LUT6'.
Parameter \INIT = 32'11110111001100010111001100010000
Found cached RTLIL representation for module `$paramod\GTP_LUT5\INIT=32'11110111001100010111001100010000'.
Parameter \INIT = 64'1011001100111111111111111111111110000011001011001011001100111111

3.151. Executing AST frontend in derive mode using pre-parsed AST for module `\GTP_LUT6'.
Parameter \INIT = 64'1011001100111111111111111111111110000011001011001011001100111111
Generating RTLIL representation for module `$paramod$9c37dca14f3098da3339e04db75aa4c0ac850124\GTP_LUT6'.
Parameter \INIT = 64'0000110000001100000011000000110000000000000010000000100000001100

3.152. Executing AST frontend in derive mode using pre-parsed AST for module `\GTP_LUT6'.
Parameter \INIT = 64'0000110000001100000011000000110000000000000010000000100000001100
Generating RTLIL representation for module `$paramod$6a0e29a638a6d52f34b65858cd9b18e08ce6bc17\GTP_LUT6'.
Parameter \INIT = 64'1101011101011111001010001010000011110101110101110000101000101000
Found cached RTLIL representation for module `$paramod$ac322abe1352d00788da342d809764297918a223\GTP_LUT6'.
Parameter \INIT = 64'1101011111110101001010000000101001011111110101111010000000101000
Found cached RTLIL representation for module `$paramod$6191c5fd7bcfaaff37808c3297a2620807ea9213\GTP_LUT6'.
Parameter \INIT = 64'0011001100110011001100110011001100110011000100110001001100000011
Found cached RTLIL representation for module `$paramod$a1411f21d3b03467b79063cf0edcb16171722d0f\GTP_LUT6'.
Parameter \INIT = 64'0011001100110011001100110001001100110011000100110011001100000011
Found cached RTLIL representation for module `$paramod$7a04fc527ce8b8c2a79407474e6c0b17d8810811\GTP_LUT6'.
Parameter \INIT = 64'0000100000001100000011100000111100000000000010000000110000001110
Found cached RTLIL representation for module `$paramod$952583f6bb939a3dd49fa389533918d6b282ec22\GTP_LUT6'.
Parameter \INIT = 64'0111000000110000000100000000000011110000011100000011000000010000
Found cached RTLIL representation for module `$paramod$17120a48b64ae84dd8c293e961046b7419bc9579\GTP_LUT6'.
Parameter \INIT = 52634419
Found cached RTLIL representation for module `$paramod\GTP_LUT5\INIT=32'00000011001000110010001100110011'.
Parameter \INIT = 64'0101111111010111101000000010100011010111111101010010100000001010
Found cached RTLIL representation for module `$paramod$faadfbce9aec5860350c941f014058f2c932bfb5\GTP_LUT6'.
Parameter \INIT = 64'0101111111010111101000000010100011010111111101010010100000001010
Found cached RTLIL representation for module `$paramod$faadfbce9aec5860350c941f014058f2c932bfb5\GTP_LUT6'.
Parameter \INIT = 147754223
Found cached RTLIL representation for module `$paramod\GTP_LUT5\INIT=32'00001000110011101000110011101111'.
Parameter \INIT = 16715250

3.153. Executing AST frontend in derive mode using pre-parsed AST for module `\GTP_LUT5'.
Parameter \INIT = 16715250
Generating RTLIL representation for module `$paramod\GTP_LUT5\INIT=32'00000000111111110000110111110010'.
Parameter \INIT = 32'10001100111011110000100011001110
Found cached RTLIL representation for module `$paramod\GTP_LUT5\INIT=32'10001100111011110000100011001110'.
Parameter \INIT = 64'1111011011110110011100011111011011100010111000100011000011100010
Found cached RTLIL representation for module `$paramod$7b0c73519fb255ce2a68987346b154b57b7621f1\GTP_LUT6'.
Parameter \INIT = 64'0101111111010111101000000010100011010111111101010010100000001010
Found cached RTLIL representation for module `$paramod$faadfbce9aec5860350c941f014058f2c932bfb5\GTP_LUT6'.
Parameter \INIT = 32'11110111001100010111001100010000
Found cached RTLIL representation for module `$paramod\GTP_LUT5\INIT=32'11110111001100010111001100010000'.
Parameter \INIT = 32'11110111001100010111001100010000
Found cached RTLIL representation for module `$paramod\GTP_LUT5\INIT=32'11110111001100010111001100010000'.
Parameter \INIT = 64'1101011111110101001010000000101001011111110101111010000000101000
Found cached RTLIL representation for module `$paramod$6191c5fd7bcfaaff37808c3297a2620807ea9213\GTP_LUT6'.
Parameter \INIT = 32'11110111001100010111001100010000
Found cached RTLIL representation for module `$paramod\GTP_LUT5\INIT=32'11110111001100010111001100010000'.
Parameter \INIT = 64'1111011011100010111101101110001001110001001100001111011011100010

3.154. Executing AST frontend in derive mode using pre-parsed AST for module `\GTP_LUT6'.
Parameter \INIT = 64'1111011011100010111101101110001001110001001100001111011011100010
Generating RTLIL representation for module `$paramod$455d3e6243b0f82ae476b6f6c7207731d7a57684\GTP_LUT6'.
Parameter \INIT = 64'0101111111010111101000000010100011010111111101010010100000001010
Found cached RTLIL representation for module `$paramod$faadfbce9aec5860350c941f014058f2c932bfb5\GTP_LUT6'.
Parameter \INIT = 64'0000000010000000110000001110000010000000110000001110000011110000

3.155. Executing AST frontend in derive mode using pre-parsed AST for module `\GTP_LUT6'.
Parameter \INIT = 64'0000000010000000110000001110000010000000110000001110000011110000
Generating RTLIL representation for module `$paramod$3fe54cb96b6b7039a9fe4b8ca225ed91d4f2fb9d\GTP_LUT6'.
Parameter \INIT = 64'0000111100000111000000110000000100000111000000110000000100000000

3.156. Executing AST frontend in derive mode using pre-parsed AST for module `\GTP_LUT6'.
Parameter \INIT = 64'0000111100000111000000110000000100000111000000110000000100000000
Generating RTLIL representation for module `$paramod$6adbb5576978ff9ba133d9651988f7e74178d6ee\GTP_LUT6'.
Parameter \INIT = 16'1001100100111001
Found cached RTLIL representation for module `$paramod\GTP_LUT4\INIT=16'1001100100111001'.
Parameter \INIT = 264751093

3.157. Executing AST frontend in derive mode using pre-parsed AST for module `\GTP_LUT5'.
Parameter \INIT = 264751093
Generating RTLIL representation for module `$paramod\GTP_LUT5\INIT=32'00001111110001111100011111110101'.
Parameter \INIT = 1515873882
Found cached RTLIL representation for module `$paramod\GTP_LUT5\INIT=32'01011010010110100110011001011010'.
Parameter \INIT = 212

3.158. Executing AST frontend in derive mode using pre-parsed AST for module `\GTP_LUT5'.
Parameter \INIT = 212
Generating RTLIL representation for module `$paramod\GTP_LUT5\INIT=32'00000000000000000000000011010100'.
Parameter \INIT = 64'0101111111010111101000000010100011010111111101010010100000001010
Found cached RTLIL representation for module `$paramod$faadfbce9aec5860350c941f014058f2c932bfb5\GTP_LUT6'.
Parameter \INIT = 16'1101011100101000
Found cached RTLIL representation for module `$paramod\GTP_LUT4\INIT=16'1101011100101000'.
Parameter \INIT = 16'0111100011010010
Found cached RTLIL representation for module `$paramod\GTP_LUT4\INIT=16'0111100011010010'.
Parameter \INIT = 64'0110011010010011100101100110001100110110110000111100011000110011
Found cached RTLIL representation for module `$paramod$035de34368019fb32107e33d3d2d9f9818aaba30\GTP_LUT6'.
Parameter \INIT = 64'0110011010010011100101100110001100110110110000111100011000110011
Found cached RTLIL representation for module `$paramod$035de34368019fb32107e33d3d2d9f9818aaba30\GTP_LUT6'.
Parameter \INIT = 16'1101001001111000
Found cached RTLIL representation for module `$paramod\GTP_LUT4\INIT=16'1101001001111000'.
Parameter \INIT = 16'0111100011010010
Found cached RTLIL representation for module `$paramod\GTP_LUT4\INIT=16'0111100011010010'.
Parameter \INIT = 16'1101001001111000
Found cached RTLIL representation for module `$paramod\GTP_LUT4\INIT=16'1101001001111000'.
Parameter \INIT = 16'0111100011010010
Found cached RTLIL representation for module `$paramod\GTP_LUT4\INIT=16'0111100011010010'.
Parameter \INIT = 64'1111000001111000001111000001111001111000001111000001111000001111

3.159. Executing AST frontend in derive mode using pre-parsed AST for module `\GTP_LUT6'.
Parameter \INIT = 64'1111000001111000001111000001111001111000001111000001111000001111
Generating RTLIL representation for module `$paramod$556144c6a90de35e2bcc4725d12ab5b66f81419f\GTP_LUT6'.
Parameter \INIT = 64'1111001111110011011100111111001100110011111100110011001111110011
Found cached RTLIL representation for module `$paramod$8b269a9601a1c2f86594cffafb384afa80e3be82\GTP_LUT6'.
Parameter \INIT = 64'0101111100001111111111110000111100011111000011111111111100001111
Found cached RTLIL representation for module `$paramod$52c6d6aae9c420e21ef160dc3bd3a9e207a49a87\GTP_LUT6'.
Parameter \INIT = 64'0101111111010111101000000010100011010111111101010010100000001010
Found cached RTLIL representation for module `$paramod$faadfbce9aec5860350c941f014058f2c932bfb5\GTP_LUT6'.
Parameter \INIT = 838275187
Found cached RTLIL representation for module `$paramod\GTP_LUT5\INIT=32'00110001111101110001000001110011'.
Parameter \INIT = 64'0101111111010111101000000010100011010111111101010010100000001010
Found cached RTLIL representation for module `$paramod$faadfbce9aec5860350c941f014058f2c932bfb5\GTP_LUT6'.
Parameter \INIT = 32'11110111001100010111001100010000
Found cached RTLIL representation for module `$paramod\GTP_LUT5\INIT=32'11110111001100010111001100010000'.
Parameter \INIT = 64'0101111111010111101000000010100011010111111101010010100000001010
Found cached RTLIL representation for module `$paramod$faadfbce9aec5860350c941f014058f2c932bfb5\GTP_LUT6'.
Parameter \INIT = 64'1101011101011111001010001010000011110101110101110000101000101000
Found cached RTLIL representation for module `$paramod$ac322abe1352d00788da342d809764297918a223\GTP_LUT6'.
Parameter \INIT = 64'0101111111010111101000000010100011010111111101010010100000001010
Found cached RTLIL representation for module `$paramod$faadfbce9aec5860350c941f014058f2c932bfb5\GTP_LUT6'.
Parameter \INIT = 64'1101011111110101001010000000101001011111110101111010000000101000
Found cached RTLIL representation for module `$paramod$6191c5fd7bcfaaff37808c3297a2620807ea9213\GTP_LUT6'.
Parameter \INIT = 64'0101111111010111101000000010100011010111111101010010100000001010
Found cached RTLIL representation for module `$paramod$faadfbce9aec5860350c941f014058f2c932bfb5\GTP_LUT6'.
Parameter \INIT = 32'11110111001100010111001100010000
Found cached RTLIL representation for module `$paramod\GTP_LUT5\INIT=32'11110111001100010111001100010000'.
Parameter \INIT = 2131965697
Found cached RTLIL representation for module `$paramod\GTP_LUT5\INIT=32'01111111000100110011011100000001'.
Parameter \INIT = 64'0101111111010111101000000010100011010111111101010010100000001010
Found cached RTLIL representation for module `$paramod$faadfbce9aec5860350c941f014058f2c932bfb5\GTP_LUT6'.
Parameter \INIT = 64'0101111111010111101000000010100011010111111101010010100000001010
Found cached RTLIL representation for module `$paramod$faadfbce9aec5860350c941f014058f2c932bfb5\GTP_LUT6'.
Parameter \INIT = 64'1101011111110101001010000000101001011111110101111010000000101000
Found cached RTLIL representation for module `$paramod$6191c5fd7bcfaaff37808c3297a2620807ea9213\GTP_LUT6'.
Parameter \INIT = 32'11110111001100010111001100010000
Found cached RTLIL representation for module `$paramod\GTP_LUT5\INIT=32'11110111001100010111001100010000'.
Parameter \INIT = 32'11101111100011001100111000001000
Found cached RTLIL representation for module `$paramod\GTP_LUT5\INIT=32'11101111100011001100111000001000'.
Parameter \INIT = 64'0010100000001010110101111111010110100000001010000101111111010111
Found cached RTLIL representation for module `$paramod$b9312bd528a822c4fdb3b9122fd1dfb8eba6669d\GTP_LUT6'.
Parameter \INIT = 64'1101011111110101001010000000101001011111110101111010000000101000
Found cached RTLIL representation for module `$paramod$6191c5fd7bcfaaff37808c3297a2620807ea9213\GTP_LUT6'.
Parameter \INIT = 32'11110111001100010111001100010000
Found cached RTLIL representation for module `$paramod\GTP_LUT5\INIT=32'11110111001100010111001100010000'.
Parameter \INIT = 32'10001100111011110000100011001110
Found cached RTLIL representation for module `$paramod\GTP_LUT5\INIT=32'10001100111011110000100011001110'.
Parameter \INIT = 64'1101011111110101001010000000101001011111110101111010000000101000
Found cached RTLIL representation for module `$paramod$6191c5fd7bcfaaff37808c3297a2620807ea9213\GTP_LUT6'.
Parameter \INIT = 16'1111001101010001
Found cached RTLIL representation for module `$paramod\GTP_LUT4\INIT=16'1111001101010001'.
Parameter \INIT = 16'1000101011001111
Found cached RTLIL representation for module `$paramod\GTP_LUT4\INIT=16'1000101011001111'.
Parameter \INIT = 32'10001100111011110000100011001110
Found cached RTLIL representation for module `$paramod\GTP_LUT5\INIT=32'10001100111011110000100011001110'.
Parameter \INIT = 16'0101000111110011
Found cached RTLIL representation for module `$paramod\GTP_LUT4\INIT=16'0101000111110011'.
Parameter \INIT = 32'11101111100011001100111000001000
Found cached RTLIL representation for module `$paramod\GTP_LUT5\INIT=32'11101111100011001100111000001000'.
Parameter \INIT = 64'0101111111010111101000000010100011010111111101010010100000001010
Found cached RTLIL representation for module `$paramod$faadfbce9aec5860350c941f014058f2c932bfb5\GTP_LUT6'.
Parameter \INIT = 2131965697
Found cached RTLIL representation for module `$paramod\GTP_LUT5\INIT=32'01111111000100110011011100000001'.
Parameter \INIT = 2131965697
Found cached RTLIL representation for module `$paramod\GTP_LUT5\INIT=32'01111111000100110011011100000001'.
Parameter \INIT = 32'11110111001100010111001100010000
Found cached RTLIL representation for module `$paramod\GTP_LUT5\INIT=32'11110111001100010111001100010000'.
Parameter \INIT = 64'1000001010110011101100111111111100111100001111110011111111111111

3.160. Executing AST frontend in derive mode using pre-parsed AST for module `\GTP_LUT6'.
Parameter \INIT = 64'1000001010110011101100111111111100111100001111110011111111111111
Generating RTLIL representation for module `$paramod$6e3fd2efcfe9505d7867db98eb748b7c61095d51\GTP_LUT6'.
Parameter \INIT = 16'1101001001111000
Found cached RTLIL representation for module `$paramod\GTP_LUT4\INIT=16'1101001001111000'.
Parameter \INIT = 16'1101001001111000
Found cached RTLIL representation for module `$paramod\GTP_LUT4\INIT=16'1101001001111000'.
Parameter \INIT = 16'0111100011010010
Found cached RTLIL representation for module `$paramod\GTP_LUT4\INIT=16'0111100011010010'.
Parameter \INIT = 16'0111100011010010
Found cached RTLIL representation for module `$paramod\GTP_LUT4\INIT=16'0111100011010010'.
Parameter \INIT = 16'0111100011010010
Found cached RTLIL representation for module `$paramod\GTP_LUT4\INIT=16'0111100011010010'.
Parameter \INIT = 16'0111100011010010
Found cached RTLIL representation for module `$paramod\GTP_LUT4\INIT=16'0111100011010010'.
Parameter \INIT = 16'0111100011010010
Found cached RTLIL representation for module `$paramod\GTP_LUT4\INIT=16'0111100011010010'.
Parameter \INIT = 16'0111100011010010
Found cached RTLIL representation for module `$paramod\GTP_LUT4\INIT=16'0111100011010010'.
Parameter \INIT = 16'0111100011010010
Found cached RTLIL representation for module `$paramod\GTP_LUT4\INIT=16'0111100011010010'.
Parameter \INIT = 16'0111100011010010
Found cached RTLIL representation for module `$paramod\GTP_LUT4\INIT=16'0111100011010010'.
Parameter \INIT = 16'1101001001111000
Found cached RTLIL representation for module `$paramod\GTP_LUT4\INIT=16'1101001001111000'.
Parameter \INIT = 16'1101001001111000
Found cached RTLIL representation for module `$paramod\GTP_LUT4\INIT=16'1101001001111000'.
Parameter \INIT = 16'0111100011010010
Found cached RTLIL representation for module `$paramod\GTP_LUT4\INIT=16'0111100011010010'.
Parameter \INIT = 16'0111100011010010
Found cached RTLIL representation for module `$paramod\GTP_LUT4\INIT=16'0111100011010010'.
Parameter \INIT = 16'1101001001111000
Found cached RTLIL representation for module `$paramod\GTP_LUT4\INIT=16'1101001001111000'.
Parameter \INIT = 16'0111100011010010
Found cached RTLIL representation for module `$paramod\GTP_LUT4\INIT=16'0111100011010010'.
Parameter \INIT = 64'1111111111111111001111001000001011111111111111110011111110110011
Found cached RTLIL representation for module `$paramod$589b7d3e154887be9653efbfa8b3cc4c0e8c4929\GTP_LUT6'.
Parameter \INIT = 32'11111110110101001111111111010101

3.161. Executing AST frontend in derive mode using pre-parsed AST for module `\GTP_LUT5'.
Parameter \INIT = 32'11111110110101001111111111010101
Generating RTLIL representation for module `$paramod\GTP_LUT5\INIT=32'11111110110101001111111111010101'.
Parameter \INIT = 64'0000100010001100000010001000110011001110111011111100110011001100

3.162. Executing AST frontend in derive mode using pre-parsed AST for module `\GTP_LUT6'.
Parameter \INIT = 64'0000100010001100000010001000110011001110111011111100110011001100
Generating RTLIL representation for module `$paramod$623b42aabed79539031b27917b7030fa960c24c1\GTP_LUT6'.
Parameter \INIT = 64'0101111111010111101000000010100011010111111101010010100000001010
Found cached RTLIL representation for module `$paramod$faadfbce9aec5860350c941f014058f2c932bfb5\GTP_LUT6'.
Parameter \INIT = 32'10001100111011110000100011001110
Found cached RTLIL representation for module `$paramod\GTP_LUT5\INIT=32'10001100111011110000100011001110'.
Parameter \INIT = 32'10001100111011110000100011001110
Found cached RTLIL representation for module `$paramod\GTP_LUT5\INIT=32'10001100111011110000100011001110'.
Parameter \INIT = 32'10001100111011110000100011001110
Found cached RTLIL representation for module `$paramod\GTP_LUT5\INIT=32'10001100111011110000100011001110'.
Parameter \INIT = 64'1010101010101010101110111011101100100010101000100010001010110010

3.163. Executing AST frontend in derive mode using pre-parsed AST for module `\GTP_LUT6'.
Parameter \INIT = 64'1010101010101010101110111011101100100010101000100010001010110010
Generating RTLIL representation for module `$paramod$8a0e09ef77fedb6bd426c76ada6898711f686d55\GTP_LUT6'.
Parameter \INIT = 1930491697
Found cached RTLIL representation for module `$paramod\GTP_LUT5\INIT=32'01110011000100001111011100110001'.
Parameter \INIT = 64'1000000011000000111000001111000000000000100000001100000011100000
Found cached RTLIL representation for module `$paramod$fae92b70435d2452042dc5d151313cfa0638e19d\GTP_LUT6'.
Parameter \INIT = 64'0000011100000011000000010000000000001111000001110000001100000001
Found cached RTLIL representation for module `$paramod$80f99d234a25a6e0536450028dd8da76ef60284a\GTP_LUT6'.
Parameter \INIT = 64'0011001100110011001100110001001100110011000100110011001100000011
Found cached RTLIL representation for module `$paramod$7a04fc527ce8b8c2a79407474e6c0b17d8810811\GTP_LUT6'.
Parameter \INIT = 838275187
Found cached RTLIL representation for module `$paramod\GTP_LUT5\INIT=32'00110001111101110001000001110011'.
Parameter \INIT = 64'0101111111010111101000000010100011010111111101010010100000001010
Found cached RTLIL representation for module `$paramod$faadfbce9aec5860350c941f014058f2c932bfb5\GTP_LUT6'.
Parameter \INIT = 32'11101111100011001100111000001000
Found cached RTLIL representation for module `$paramod\GTP_LUT5\INIT=32'11101111100011001100111000001000'.
Parameter \INIT = 64'0101111111010111110101111111010110100000001010000010100000001010

3.164. Executing AST frontend in derive mode using pre-parsed AST for module `\GTP_LUT6'.
Parameter \INIT = 64'0101111111010111110101111111010110100000001010000010100000001010
Generating RTLIL representation for module `$paramod$d3289f9cfde2a04e416fe4d88b01f7d7ca5d40f7\GTP_LUT6'.
Parameter \INIT = 64'0000010100000101000001010000010110101111001001111010111100000101

3.165. Executing AST frontend in derive mode using pre-parsed AST for module `\GTP_LUT6'.
Parameter \INIT = 64'0000010100000101000001010000010110101111001001111010111100000101
Generating RTLIL representation for module `$paramod$4832a54f8a2982c6b384daa1146ed1fd3177c0c6\GTP_LUT6'.
Parameter \INIT = 64'0000111100001111000011110000111101010101000111010101010100001111

3.166. Executing AST frontend in derive mode using pre-parsed AST for module `\GTP_LUT6'.
Parameter \INIT = 64'0000111100001111000011110000111101010101000111010101010100001111
Generating RTLIL representation for module `$paramod$10b2ee07820c2c9cd093229185c8db603726cd3c\GTP_LUT6'.
Parameter \INIT = 64'0101111111010111101000000010100011010111111101010010100000001010
Found cached RTLIL representation for module `$paramod$faadfbce9aec5860350c941f014058f2c932bfb5\GTP_LUT6'.
Parameter \INIT = 64'0110011001100110011001100110011000110011011000110011001101100110

3.167. Executing AST frontend in derive mode using pre-parsed AST for module `\GTP_LUT6'.
Parameter \INIT = 64'0110011001100110011001100110011000110011011000110011001101100110
Generating RTLIL representation for module `$paramod$5ff4cc589e4ffdef010b47e015096b04becde606\GTP_LUT6'.
Parameter \INIT = 16'0111100011010010
Found cached RTLIL representation for module `$paramod\GTP_LUT4\INIT=16'0111100011010010'.
Parameter \INIT = 838275187
Found cached RTLIL representation for module `$paramod\GTP_LUT5\INIT=32'00110001111101110001000001110011'.
Parameter \INIT = 16'1000011100101101
Found cached RTLIL representation for module `$paramod\GTP_LUT4\INIT=16'1000011100101101'.
Parameter \INIT = 16'0111100011010010
Found cached RTLIL representation for module `$paramod\GTP_LUT4\INIT=16'0111100011010010'.
Parameter \INIT = 64'0010011111111111000000001111111111111111111111110000000011111111

3.168. Executing AST frontend in derive mode using pre-parsed AST for module `\GTP_LUT6'.
Parameter \INIT = 64'0010011111111111000000001111111111111111111111110000000011111111
Generating RTLIL representation for module `$paramod$754354b0305f8a2f5a7a53539f4c9c8ae2610cc5\GTP_LUT6'.
Parameter \INIT = 64'0011000100010000111101110111001100110001000100001111111111111111

3.169. Executing AST frontend in derive mode using pre-parsed AST for module `\GTP_LUT6'.
Parameter \INIT = 64'0011000100010000111101110111001100110001000100001111111111111111
Generating RTLIL representation for module `$paramod$7721a0fe422e85d12d070aa3afa38fcc3ca5ac0a\GTP_LUT6'.
Parameter \INIT = 64'0101111111010111101000000010100011010111111101010010100000001010
Found cached RTLIL representation for module `$paramod$faadfbce9aec5860350c941f014058f2c932bfb5\GTP_LUT6'.
Parameter \INIT = 64'0101111111010111101000000010100011010111111101010010100000001010
Found cached RTLIL representation for module `$paramod$faadfbce9aec5860350c941f014058f2c932bfb5\GTP_LUT6'.
Parameter \INIT = 838275187
Found cached RTLIL representation for module `$paramod\GTP_LUT5\INIT=32'00110001111101110001000001110011'.
Parameter \INIT = 64'0101111111010111101000000010100011010111111101010010100000001010
Found cached RTLIL representation for module `$paramod$faadfbce9aec5860350c941f014058f2c932bfb5\GTP_LUT6'.
Parameter \INIT = 64'0101111111010111101000000010100011010111111101010010100000001010
Found cached RTLIL representation for module `$paramod$faadfbce9aec5860350c941f014058f2c932bfb5\GTP_LUT6'.
Parameter \INIT = 64'1101011111110101001010000000101001011111110101111010000000101000
Found cached RTLIL representation for module `$paramod$6191c5fd7bcfaaff37808c3297a2620807ea9213\GTP_LUT6'.
Parameter \INIT = 32'10001100111011110000100011001110
Found cached RTLIL representation for module `$paramod\GTP_LUT5\INIT=32'10001100111011110000100011001110'.
Parameter \INIT = 838275187
Found cached RTLIL representation for module `$paramod\GTP_LUT5\INIT=32'00110001111101110001000001110011'.
Parameter \INIT = 2131965697
Found cached RTLIL representation for module `$paramod\GTP_LUT5\INIT=32'01111111000100110011011100000001'.
Parameter \INIT = 64'0101111111010111101000000010100011010111111101010010100000001010
Found cached RTLIL representation for module `$paramod$faadfbce9aec5860350c941f014058f2c932bfb5\GTP_LUT6'.
Parameter \INIT = 2131965697
Found cached RTLIL representation for module `$paramod\GTP_LUT5\INIT=32'01111111000100110011011100000001'.
Parameter \INIT = 64'1101011111110101001010000000101001011111110101111010000000101000
Found cached RTLIL representation for module `$paramod$6191c5fd7bcfaaff37808c3297a2620807ea9213\GTP_LUT6'.
Parameter \INIT = 64'0101111111010111101000000010100011010111111101010010100000001010
Found cached RTLIL representation for module `$paramod$faadfbce9aec5860350c941f014058f2c932bfb5\GTP_LUT6'.
Parameter \INIT = 32'11110111001100010111001100010000
Found cached RTLIL representation for module `$paramod\GTP_LUT5\INIT=32'11110111001100010111001100010000'.
Parameter \INIT = 32'10001100111011110000100011001110
Found cached RTLIL representation for module `$paramod\GTP_LUT5\INIT=32'10001100111011110000100011001110'.
Parameter \INIT = 16'1010100011111100
Found cached RTLIL representation for module `$paramod\GTP_LUT4\INIT=16'1010100011111100'.
Parameter \INIT = 16'1111001101010001
Found cached RTLIL representation for module `$paramod\GTP_LUT4\INIT=16'1111001101010001'.
Parameter \INIT = 64'1101011111110101001010000000101001011111110101111010000000101000
Found cached RTLIL representation for module `$paramod$6191c5fd7bcfaaff37808c3297a2620807ea9213\GTP_LUT6'.
Parameter \INIT = 838275187
Found cached RTLIL representation for module `$paramod\GTP_LUT5\INIT=32'00110001111101110001000001110011'.
Parameter \INIT = 16'1000101011001111
Found cached RTLIL representation for module `$paramod\GTP_LUT4\INIT=16'1000101011001111'.
Parameter \INIT = 16'1111001101010001
Found cached RTLIL representation for module `$paramod\GTP_LUT4\INIT=16'1111001101010001'.
Parameter \INIT = 32'10001100111011110000100011001110
Found cached RTLIL representation for module `$paramod\GTP_LUT5\INIT=32'10001100111011110000100011001110'.
Parameter \INIT = 64'0101111111010111101000000010100011010111111101010010100000001010
Found cached RTLIL representation for module `$paramod$faadfbce9aec5860350c941f014058f2c932bfb5\GTP_LUT6'.
Parameter \INIT = 64'1101011101011111001010001010000011110101110101110000101000101000
Found cached RTLIL representation for module `$paramod$ac322abe1352d00788da342d809764297918a223\GTP_LUT6'.
Parameter \INIT = 64'1101011101011111001010001010000011110101110101110000101000101000
Found cached RTLIL representation for module `$paramod$ac322abe1352d00788da342d809764297918a223\GTP_LUT6'.
Parameter \INIT = 32'11110111001100010111001100010000
Found cached RTLIL representation for module `$paramod\GTP_LUT5\INIT=32'11110111001100010111001100010000'.
Parameter \INIT = 16'1101001001111000
Found cached RTLIL representation for module `$paramod\GTP_LUT4\INIT=16'1101001001111000'.
Parameter \INIT = 16'0111100011010010
Found cached RTLIL representation for module `$paramod\GTP_LUT4\INIT=16'0111100011010010'.
Parameter \INIT = 16'0111100011010010
Found cached RTLIL representation for module `$paramod\GTP_LUT4\INIT=16'0111100011010010'.
Parameter \INIT = 16'0111100011010010
Found cached RTLIL representation for module `$paramod\GTP_LUT4\INIT=16'0111100011010010'.
Parameter \INIT = 16'0111100011010010
Found cached RTLIL representation for module `$paramod\GTP_LUT4\INIT=16'0111100011010010'.
Parameter \INIT = 16'0111100011010010
Found cached RTLIL representation for module `$paramod\GTP_LUT4\INIT=16'0111100011010010'.
Parameter \INIT = 16'0111100011010010
Found cached RTLIL representation for module `$paramod\GTP_LUT4\INIT=16'0111100011010010'.
Parameter \INIT = 16'0111100011010010
Found cached RTLIL representation for module `$paramod\GTP_LUT4\INIT=16'0111100011010010'.
Parameter \INIT = 16'0111100011010010
Found cached RTLIL representation for module `$paramod\GTP_LUT4\INIT=16'0111100011010010'.
Parameter \INIT = 16'1101001001111000
Found cached RTLIL representation for module `$paramod\GTP_LUT4\INIT=16'1101001001111000'.
Parameter \INIT = 16'0111100011010010
Found cached RTLIL representation for module `$paramod\GTP_LUT4\INIT=16'0111100011010010'.
Parameter \INIT = 16'1101001001111000
Found cached RTLIL representation for module `$paramod\GTP_LUT4\INIT=16'1101001001111000'.
Parameter \INIT = 64'1111111111111111001111001000001011111111111111110011111110110011
Found cached RTLIL representation for module `$paramod$589b7d3e154887be9653efbfa8b3cc4c0e8c4929\GTP_LUT6'.
Parameter \INIT = 64'1101011111110101001010000000101001011111110101111010000000101000
Found cached RTLIL representation for module `$paramod$6191c5fd7bcfaaff37808c3297a2620807ea9213\GTP_LUT6'.
Parameter \INIT = 32'11101111100011001100111000001000
Found cached RTLIL representation for module `$paramod\GTP_LUT5\INIT=32'11101111100011001100111000001000'.
Parameter \INIT = 64'0010101100010111101011110101111100001010000001010010101100010111

3.170. Executing AST frontend in derive mode using pre-parsed AST for module `\GTP_LUT6'.
Parameter \INIT = 64'0010101100010111101011110101111100001010000001010010101100010111
Generating RTLIL representation for module `$paramod$d5b0c2c8fd272171cb63f14b4a2019f7541b260f\GTP_LUT6'.
Parameter \INIT = 64'1110000011110000100000001100000011000000111000000000000010000000
Found cached RTLIL representation for module `$paramod$d66a7553a13cf71dacb4a9d0dcc28942533ae0fa\GTP_LUT6'.
Parameter \INIT = 64'0000000100000000000001110000001100000011000000010000111100000111
Found cached RTLIL representation for module `$paramod$19e8730f01981c9c9578e92a66a73c479c6e801d\GTP_LUT6'.
Parameter \INIT = 1789302105

3.171. Executing AST frontend in derive mode using pre-parsed AST for module `\GTP_LUT5'.
Parameter \INIT = 1789302105
Generating RTLIL representation for module `$paramod\GTP_LUT5\INIT=32'01101010101001101001010101011001'.
Parameter \INIT = 64'0110001110011100011000111001110001100011100111001001110010011100

3.172. Executing AST frontend in derive mode using pre-parsed AST for module `\GTP_LUT6'.
Parameter \INIT = 64'0110001110011100011000111001110001100011100111001001110010011100
Generating RTLIL representation for module `$paramod$a16f33054744ba728e39caa65360b6bdd72e676a\GTP_LUT6'.
Parameter \INIT = 838275187
Found cached RTLIL representation for module `$paramod\GTP_LUT5\INIT=32'00110001111101110001000001110011'.
Parameter \INIT = 32'11001110111011110000100010001100

3.173. Executing AST frontend in derive mode using pre-parsed AST for module `\GTP_LUT5'.
Parameter \INIT = 32'11001110111011110000100010001100
Generating RTLIL representation for module `$paramod\GTP_LUT5\INIT=32'11001110111011110000100010001100'.
Parameter \INIT = 64'0111001111110011001100111111001111110011111100110011001111110011
Found cached RTLIL representation for module `$paramod$f9a5ea7271730c6b20d427d62cac10e0f7fd5d86\GTP_LUT6'.
Parameter \INIT = 64'1111110111011101111111011101110111111101110111011111110111011100

3.174. Executing AST frontend in derive mode using pre-parsed AST for module `\GTP_LUT6'.
Parameter \INIT = 64'1111110111011101111111011101110111111101110111011111110111011100
Generating RTLIL representation for module `$paramod$aec3e9d1124375d52c93d8319bb359caa9c5691a\GTP_LUT6'.
Parameter \INIT = 64'0010001000100010001000100010001000100010001000100010001000100011

3.175. Executing AST frontend in derive mode using pre-parsed AST for module `\GTP_LUT6'.
Parameter \INIT = 64'0010001000100010001000100010001000100010001000100010001000100011
Generating RTLIL representation for module `$paramod$b649eec58de10ab4d27eb53ed30711523fd8663a\GTP_LUT6'.
Parameter \INIT = 64'0101111111010111101000000010100011010111111101010010100000001010
Found cached RTLIL representation for module `$paramod$faadfbce9aec5860350c941f014058f2c932bfb5\GTP_LUT6'.
Parameter \INIT = 64'0101111111010111101000000010100011010111111101010010100000001010
Found cached RTLIL representation for module `$paramod$faadfbce9aec5860350c941f014058f2c932bfb5\GTP_LUT6'.
Parameter \INIT = 32'11110111001100010111001100010000
Found cached RTLIL representation for module `$paramod\GTP_LUT5\INIT=32'11110111001100010111001100010000'.
Parameter \INIT = 64'1011001110000010111111111011001100111111001111001111111100111111

3.176. Executing AST frontend in derive mode using pre-parsed AST for module `\GTP_LUT6'.
Parameter \INIT = 64'1011001110000010111111111011001100111111001111001111111100111111
Generating RTLIL representation for module `$paramod$23601e5cb9f63fe51e6b63d3dec6e8f68bea2838\GTP_LUT6'.
Parameter \INIT = 64'0101111111010111101000000010100011010111111101010010100000001010
Found cached RTLIL representation for module `$paramod$faadfbce9aec5860350c941f014058f2c932bfb5\GTP_LUT6'.
Parameter \INIT = 64'0101111111010111101000000010100011010111111101010010100000001010
Found cached RTLIL representation for module `$paramod$faadfbce9aec5860350c941f014058f2c932bfb5\GTP_LUT6'.
Parameter \INIT = 64'1101011111110101001010000000101001011111110101111010000000101000
Found cached RTLIL representation for module `$paramod$6191c5fd7bcfaaff37808c3297a2620807ea9213\GTP_LUT6'.
Parameter \INIT = 64'1101011101011111001010001010000011110101110101110000101000101000
Found cached RTLIL representation for module `$paramod$ac322abe1352d00788da342d809764297918a223\GTP_LUT6'.
Parameter \INIT = 32'11110111001100010111001100010000
Found cached RTLIL representation for module `$paramod\GTP_LUT5\INIT=32'11110111001100010111001100010000'.
Parameter \INIT = 64'1101011111110101001010000000101001011111110101111010000000101000
Found cached RTLIL representation for module `$paramod$6191c5fd7bcfaaff37808c3297a2620807ea9213\GTP_LUT6'.
Parameter \INIT = 64'1101011101011111001010001010000011110101110101110000101000101000
Found cached RTLIL representation for module `$paramod$ac322abe1352d00788da342d809764297918a223\GTP_LUT6'.
Parameter \INIT = 2131965697
Found cached RTLIL representation for module `$paramod\GTP_LUT5\INIT=32'01111111000100110011011100000001'.
Parameter \INIT = 32'11110111001100010111001100010000
Found cached RTLIL representation for module `$paramod\GTP_LUT5\INIT=32'11110111001100010111001100010000'.
Parameter \INIT = 32'11110111001100010111001100010000
Found cached RTLIL representation for module `$paramod\GTP_LUT5\INIT=32'11110111001100010111001100010000'.
Parameter \INIT = 32'11101111100011001100111000001000
Found cached RTLIL representation for module `$paramod\GTP_LUT5\INIT=32'11101111100011001100111000001000'.
Parameter \INIT = 64'1101011111110101001010000000101001011111110101111010000000101000
Found cached RTLIL representation for module `$paramod$6191c5fd7bcfaaff37808c3297a2620807ea9213\GTP_LUT6'.
Parameter \INIT = 16'1010100011111100
Found cached RTLIL representation for module `$paramod\GTP_LUT4\INIT=16'1010100011111100'.
Parameter \INIT = 16'0101000111110011
Found cached RTLIL representation for module `$paramod\GTP_LUT4\INIT=16'0101000111110011'.
Parameter \INIT = 64'1101011111110101001010000000101001011111110101111010000000101000
Found cached RTLIL representation for module `$paramod$6191c5fd7bcfaaff37808c3297a2620807ea9213\GTP_LUT6'.
Parameter \INIT = 32'10001100111011110000100011001110
Found cached RTLIL representation for module `$paramod\GTP_LUT5\INIT=32'10001100111011110000100011001110'.
Parameter \INIT = 32'11101111100011001100111000001000
Found cached RTLIL representation for module `$paramod\GTP_LUT5\INIT=32'11101111100011001100111000001000'.
Parameter \INIT = 32'11101111100011001100111000001000
Found cached RTLIL representation for module `$paramod\GTP_LUT5\INIT=32'11101111100011001100111000001000'.
Parameter \INIT = 64'0101111111010111101000000010100011010111111101010010100000001010
Found cached RTLIL representation for module `$paramod$faadfbce9aec5860350c941f014058f2c932bfb5\GTP_LUT6'.
Parameter \INIT = 64'1101011101011111001010001010000011110101110101110000101000101000
Found cached RTLIL representation for module `$paramod$ac322abe1352d00788da342d809764297918a223\GTP_LUT6'.
Parameter \INIT = 2131965697
Found cached RTLIL representation for module `$paramod\GTP_LUT5\INIT=32'01111111000100110011011100000001'.
Parameter \INIT = 64'0011001100110011001100110001001100110011000100110011001100000011
Found cached RTLIL representation for module `$paramod$7a04fc527ce8b8c2a79407474e6c0b17d8810811\GTP_LUT6'.
Parameter \INIT = 16'0000000011111110

3.177. Executing AST frontend in derive mode using pre-parsed AST for module `\GTP_LUT4'.
Parameter \INIT = 16'0000000011111110
Generating RTLIL representation for module `$paramod\GTP_LUT4\INIT=16'0000000011111110'.
Parameter \INIT = 16'1101001001111000
Found cached RTLIL representation for module `$paramod\GTP_LUT4\INIT=16'1101001001111000'.
Parameter \INIT = 16'0111100011010010
Found cached RTLIL representation for module `$paramod\GTP_LUT4\INIT=16'0111100011010010'.
Parameter \INIT = 16'0111100011010010
Found cached RTLIL representation for module `$paramod\GTP_LUT4\INIT=16'0111100011010010'.
Parameter \INIT = 16'0111100011010010
Found cached RTLIL representation for module `$paramod\GTP_LUT4\INIT=16'0111100011010010'.
Parameter \INIT = 16'1100010001000000

3.178. Executing AST frontend in derive mode using pre-parsed AST for module `\GTP_LUT4'.
Parameter \INIT = 16'1100010001000000
Generating RTLIL representation for module `$paramod\GTP_LUT4\INIT=16'1100010001000000'.
Parameter \INIT = 16'0111100011010010
Found cached RTLIL representation for module `$paramod\GTP_LUT4\INIT=16'0111100011010010'.
Parameter \INIT = 16'0111100011010010
Found cached RTLIL representation for module `$paramod\GTP_LUT4\INIT=16'0111100011010010'.
Parameter \INIT = 16'0111100011010010
Found cached RTLIL representation for module `$paramod\GTP_LUT4\INIT=16'0111100011010010'.
Parameter \INIT = 16'1101001001111000
Found cached RTLIL representation for module `$paramod\GTP_LUT4\INIT=16'1101001001111000'.
Parameter \INIT = 16'0111100011010010
Found cached RTLIL representation for module `$paramod\GTP_LUT4\INIT=16'0111100011010010'.
Parameter \INIT = 35861299
Found cached RTLIL representation for module `$paramod\GTP_LUT5\INIT=32'00000010001000110011001100110011'.
Parameter \INIT = 64'1111111111111111001111001000001011111111111111110011111110110011
Found cached RTLIL representation for module `$paramod$589b7d3e154887be9653efbfa8b3cc4c0e8c4929\GTP_LUT6'.
Parameter \INIT = 64'1010000000101000010111111101011100101000000010101101011111110101
Found cached RTLIL representation for module `$paramod$d03f76a0ee7a7a6eceda13753011bc8c7555ee22\GTP_LUT6'.
Parameter \INIT = 1930491697
Found cached RTLIL representation for module `$paramod\GTP_LUT5\INIT=32'01110011000100001111011100110001'.
Parameter \INIT = 64'1110000010000000111100001100000011000000000000001110000010000000

3.179. Executing AST frontend in derive mode using pre-parsed AST for module `\GTP_LUT6'.
Parameter \INIT = 64'1110000010000000111100001100000011000000000000001110000010000000
Generating RTLIL representation for module `$paramod$6a701308dba06156c9cc6191d0103068f4742eb4\GTP_LUT6'.
Parameter \INIT = 209747980

3.180. Executing AST frontend in derive mode using pre-parsed AST for module `\GTP_LUT5'.
Parameter \INIT = 209747980
Generating RTLIL representation for module `$paramod\GTP_LUT5\INIT=32'00001100100000001000000000001100'.
Parameter \INIT = 32'11110111001100010111001100010000
Found cached RTLIL representation for module `$paramod\GTP_LUT5\INIT=32'11110111001100010111001100010000'.
Parameter \INIT = 64'0000000000010111000000000000001100000000001111110000000000010111

3.181. Executing AST frontend in derive mode using pre-parsed AST for module `\GTP_LUT6'.
Parameter \INIT = 64'0000000000010111000000000000001100000000001111110000000000010111
Generating RTLIL representation for module `$paramod$35255bb40e9ea76eaf6b2bc628c552f8443d3061\GTP_LUT6'.
Parameter \INIT = 64'0010011100000101001001110000010100100111000001011010111110001101

3.182. Executing AST frontend in derive mode using pre-parsed AST for module `\GTP_LUT6'.
Parameter \INIT = 64'0010011100000101001001110000010100100111000001011010111110001101
Generating RTLIL representation for module `$paramod$8e980a2800191f411a4d155217177d6357503c10\GTP_LUT6'.
Parameter \INIT = 64'0001000000010000000100000101010011011111110111111101111101010111

3.183. Executing AST frontend in derive mode using pre-parsed AST for module `\GTP_LUT6'.
Parameter \INIT = 64'0001000000010000000100000101010011011111110111111101111101010111
Generating RTLIL representation for module `$paramod$275adf4f1afa984b3c2dfb5d4c8a08336e065cec\GTP_LUT6'.
Parameter \INIT = 64'0110001101100110011000110110011001100011011001100011001100110110

3.184. Executing AST frontend in derive mode using pre-parsed AST for module `\GTP_LUT6'.
Parameter \INIT = 64'0110001101100110011000110110011001100011011001100011001100110110
Generating RTLIL representation for module `$paramod$064fbb357aee6fab55e3117f328cb160877bc24f\GTP_LUT6'.
Parameter \INIT = 32'10010101011010100101100110100110

3.185. Executing AST frontend in derive mode using pre-parsed AST for module `\GTP_LUT5'.
Parameter \INIT = 32'10010101011010100101100110100110
Generating RTLIL representation for module `$paramod\GTP_LUT5\INIT=32'10010101011010100101100110100110'.
Parameter \INIT = 64'0000000000001000100000011110000000000001000011001100000111110000

3.186. Executing AST frontend in derive mode using pre-parsed AST for module `\GTP_LUT6'.
Parameter \INIT = 64'0000000000001000100000011110000000000001000011001100000111110000
Generating RTLIL representation for module `$paramod$e824169a003c44ae43d1411f3039ba6bdc655110\GTP_LUT6'.
Parameter \INIT = 64'0001111001110000000001100000000100001110001100000000001000000000

3.187. Executing AST frontend in derive mode using pre-parsed AST for module `\GTP_LUT6'.
Parameter \INIT = 64'0001111001110000000001100000000100001110001100000000001000000000
Generating RTLIL representation for module `$paramod$f6266171795490f788c1b37faade63512f7a779b\GTP_LUT6'.
Parameter \INIT = 64'1111111000000001111100000000111000000001000000001111000000000000

3.188. Executing AST frontend in derive mode using pre-parsed AST for module `\GTP_LUT6'.
Parameter \INIT = 64'1111111000000001111100000000111000000001000000001111000000000000
Generating RTLIL representation for module `$paramod$cc8f85dfa195b3de0deaa4212f717ace0211cd6c\GTP_LUT6'.
Parameter \INIT = 671785000

3.189. Executing AST frontend in derive mode using pre-parsed AST for module `\GTP_LUT5'.
Parameter \INIT = 671785000
Generating RTLIL representation for module `$paramod\GTP_LUT5\INIT=32'00101000000010101010000000101000'.
Parameter \INIT = 64'0000000000000000000000000000000010110011111100110011001111110011

3.190. Executing AST frontend in derive mode using pre-parsed AST for module `\GTP_LUT6'.
Parameter \INIT = 64'0000000000000000000000000000000010110011111100110011001111110011
Generating RTLIL representation for module `$paramod$f8fd85dfbf3caed340cb041640260410752055d5\GTP_LUT6'.
Parameter \INIT = 64'0101010111110101011100101111011111111010111111110101000111110101

3.191. Executing AST frontend in derive mode using pre-parsed AST for module `\GTP_LUT6'.
Parameter \INIT = 64'0101010111110101011100101111011111111010111111110101000111110101
Generating RTLIL representation for module `$paramod$6e0379e48791fba29a0e4d2913837e443d769f63\GTP_LUT6'.
Parameter \INIT = 64'0101111111010111101000000010100011010111111101010010100000001010
Found cached RTLIL representation for module `$paramod$faadfbce9aec5860350c941f014058f2c932bfb5\GTP_LUT6'.
Parameter \INIT = 32'11110111001100010111001100010000
Found cached RTLIL representation for module `$paramod\GTP_LUT5\INIT=32'11110111001100010111001100010000'.
Parameter \INIT = 838275187
Found cached RTLIL representation for module `$paramod\GTP_LUT5\INIT=32'00110001111101110001000001110011'.
Parameter \INIT = 838275187
Found cached RTLIL representation for module `$paramod\GTP_LUT5\INIT=32'00110001111101110001000001110011'.
Parameter \INIT = 64'0101111111010111101000000010100011010111111101010010100000001010
Found cached RTLIL representation for module `$paramod$faadfbce9aec5860350c941f014058f2c932bfb5\GTP_LUT6'.
Parameter \INIT = 64'0101111111010111101000000010100011010111111101010010100000001010
Found cached RTLIL representation for module `$paramod$faadfbce9aec5860350c941f014058f2c932bfb5\GTP_LUT6'.
Parameter \INIT = 64'1101011101011111001010001010000011110101110101110000101000101000
Found cached RTLIL representation for module `$paramod$ac322abe1352d00788da342d809764297918a223\GTP_LUT6'.
Parameter \INIT = 838275187
Found cached RTLIL representation for module `$paramod\GTP_LUT5\INIT=32'00110001111101110001000001110011'.
Parameter \INIT = 64'1101011111110101001010000000101001011111110101111010000000101000
Found cached RTLIL representation for module `$paramod$6191c5fd7bcfaaff37808c3297a2620807ea9213\GTP_LUT6'.
Parameter \INIT = 64'1101011111110101001010000000101001011111110101111010000000101000
Found cached RTLIL representation for module `$paramod$6191c5fd7bcfaaff37808c3297a2620807ea9213\GTP_LUT6'.
Parameter \INIT = 32'10001100111011110000100011001110
Found cached RTLIL representation for module `$paramod\GTP_LUT5\INIT=32'10001100111011110000100011001110'.
Parameter \INIT = 32'11101111100011001100111000001000
Found cached RTLIL representation for module `$paramod\GTP_LUT5\INIT=32'11101111100011001100111000001000'.
Parameter \INIT = 64'0001001100110011001100110011001100000011001100110001001100110011

3.192. Executing AST frontend in derive mode using pre-parsed AST for module `\GTP_LUT6'.
Parameter \INIT = 64'0001001100110011001100110011001100000011001100110001001100110011
Generating RTLIL representation for module `$paramod$a5bfbe87837875300c9f1fea49f03a0de391544d\GTP_LUT6'.
Parameter \INIT = 32'11110111001100010111001100010000
Found cached RTLIL representation for module `$paramod\GTP_LUT5\INIT=32'11110111001100010111001100010000'.
Parameter \INIT = 15601152

3.193. Executing AST frontend in derive mode using pre-parsed AST for module `\GTP_LUT5'.
Parameter \INIT = 15601152
Generating RTLIL representation for module `$paramod\GTP_LUT5\INIT=32'00000000111011100000111000000000'.
Parameter \INIT = 16'1101001001111000
Found cached RTLIL representation for module `$paramod\GTP_LUT4\INIT=16'1101001001111000'.
Parameter \INIT = 16'1101001001111000
Found cached RTLIL representation for module `$paramod\GTP_LUT4\INIT=16'1101001001111000'.
Parameter \INIT = 16'1101001001111000
Found cached RTLIL representation for module `$paramod\GTP_LUT4\INIT=16'1101001001111000'.
Parameter \INIT = 16'0111100011010010
Found cached RTLIL representation for module `$paramod\GTP_LUT4\INIT=16'0111100011010010'.
Parameter \INIT = 16'0001001100000001

3.194. Executing AST frontend in derive mode using pre-parsed AST for module `\GTP_LUT4'.
Parameter \INIT = 16'0001001100000001
Generating RTLIL representation for module `$paramod\GTP_LUT4\INIT=16'0001001100000001'.
Parameter \INIT = 16'1101001001111000
Found cached RTLIL representation for module `$paramod\GTP_LUT4\INIT=16'1101001001111000'.
Parameter \INIT = 64'1111010101010000111101110111001001010000111101010111001011110111

3.195. Executing AST frontend in derive mode using pre-parsed AST for module `\GTP_LUT6'.
Parameter \INIT = 64'1111010101010000111101110111001001010000111101010111001011110111
Generating RTLIL representation for module `$paramod$1ea2cb55382a4d89d5985a0e6e7f6b1da1716543\GTP_LUT6'.
Parameter \INIT = 64'0000000100000111000000000000001100000011000011110000000100000111

3.196. Executing AST frontend in derive mode using pre-parsed AST for module `\GTP_LUT6'.
Parameter \INIT = 64'0000000100000111000000000000001100000011000011110000000100000111
Generating RTLIL representation for module `$paramod$a0b6f1228bf3aab5c60b57f411e4cd259be43e54\GTP_LUT6'.
Parameter \INIT = 64'0010101110101111000010100010101100010111010111110000010100010111

3.197. Executing AST frontend in derive mode using pre-parsed AST for module `\GTP_LUT6'.
Parameter \INIT = 64'0010101110101111000010100010101100010111010111110000010100010111
Generating RTLIL representation for module `$paramod$2d03ec4e0a47a703691f37233ab81a9f60eeabc5\GTP_LUT6'.
Parameter \INIT = 64'0000000000000000000000000000000000000000000000001110000011010000

3.198. Executing AST frontend in derive mode using pre-parsed AST for module `\GTP_LUT6'.
Parameter \INIT = 64'0000000000000000000000000000000000000000000000001110000011010000
Generating RTLIL representation for module `$paramod$aff6dabe6eea899484c18966d2c12e769de9c26d\GTP_LUT6'.
Parameter \INIT = 64'0110011010010011100101100110001100110110110000111100011000110011
Found cached RTLIL representation for module `$paramod$035de34368019fb32107e33d3d2d9f9818aaba30\GTP_LUT6'.
Parameter \INIT = 16'1011101110110001

3.199. Executing AST frontend in derive mode using pre-parsed AST for module `\GTP_LUT4'.
Parameter \INIT = 16'1011101110110001
Generating RTLIL representation for module `$paramod\GTP_LUT4\INIT=16'1011101110110001'.
Parameter \INIT = 64'0000001100000001000000010000000000110011001100110011001100110011

3.200. Executing AST frontend in derive mode using pre-parsed AST for module `\GTP_LUT6'.
Parameter \INIT = 64'0000001100000001000000010000000000110011001100110011001100110011
Generating RTLIL representation for module `$paramod$015ecd4480ef568c1a4e4e755436c0f2d4941ed9\GTP_LUT6'.
Parameter \INIT = 64'0101111111010111101000000010100011010111111101010010100000001010
Found cached RTLIL representation for module `$paramod$faadfbce9aec5860350c941f014058f2c932bfb5\GTP_LUT6'.
Parameter \INIT = 64'0101111111010111101000000010100011010111111101010010100000001010
Found cached RTLIL representation for module `$paramod$faadfbce9aec5860350c941f014058f2c932bfb5\GTP_LUT6'.
Parameter \INIT = 838275187
Found cached RTLIL representation for module `$paramod\GTP_LUT5\INIT=32'00110001111101110001000001110011'.
Parameter \INIT = 64'0011001100110011001100110001001100110011000100110011001100000011
Found cached RTLIL representation for module `$paramod$7a04fc527ce8b8c2a79407474e6c0b17d8810811\GTP_LUT6'.
Parameter \INIT = 64'1101011111110101001010000000101001011111110101111010000000101000
Found cached RTLIL representation for module `$paramod$6191c5fd7bcfaaff37808c3297a2620807ea9213\GTP_LUT6'.
Parameter \INIT = 16'1101001001111000
Found cached RTLIL representation for module `$paramod\GTP_LUT4\INIT=16'1101001001111000'.
Parameter \INIT = 16'1100010001000000
Found cached RTLIL representation for module `$paramod\GTP_LUT4\INIT=16'1100010001000000'.
Parameter \INIT = 16'0111100011010010
Found cached RTLIL representation for module `$paramod\GTP_LUT4\INIT=16'0111100011010010'.
Parameter \INIT = 16'0111100011010010
Found cached RTLIL representation for module `$paramod\GTP_LUT4\INIT=16'0111100011010010'.
Parameter \INIT = 64'1111111111111110000000000000111111111110000000001111111000001110

3.201. Executing AST frontend in derive mode using pre-parsed AST for module `\GTP_LUT6'.
Parameter \INIT = 64'1111111111111110000000000000111111111110000000001111111000001110
Generating RTLIL representation for module `$paramod$153ea1a5584cc69bf9f5165284f83309a21a2c5a\GTP_LUT6'.
Parameter \INIT = 16'1111111000001110

3.202. Executing AST frontend in derive mode using pre-parsed AST for module `\GTP_LUT4'.
Parameter \INIT = 16'1111111000001110
Generating RTLIL representation for module `$paramod\GTP_LUT4\INIT=16'1111111000001110'.
Parameter \INIT = 64'0000100000000000000011100000110000001100000010000000111100001110

3.203. Executing AST frontend in derive mode using pre-parsed AST for module `\GTP_LUT6'.
Parameter \INIT = 64'0000100000000000000011100000110000001100000010000000111100001110
Generating RTLIL representation for module `$paramod$d6f1e464b6f1ac52a764c9133776313e3ed548c9\GTP_LUT6'.
Parameter \INIT = 64'0110011001100110011001100110111001100110011001100110011001111111

3.204. Executing AST frontend in derive mode using pre-parsed AST for module `\GTP_LUT6'.
Parameter \INIT = 64'0110011001100110011001100110111001100110011001100110011001111111
Generating RTLIL representation for module `$paramod$831d9bf6da33156e4d5a415989e0665b5fabda89\GTP_LUT6'.
Parameter \INIT = 64'0101111100001111011111110001111111011111010011110111111100011111

3.205. Executing AST frontend in derive mode using pre-parsed AST for module `\GTP_LUT6'.
Parameter \INIT = 64'0101111100001111011111110001111111011111010011110111111100011111
Generating RTLIL representation for module `$paramod$3766fdcd4040910e36f46d206c6cc171150b62e4\GTP_LUT6'.
Parameter \INIT = 987409

3.206. Executing AST frontend in derive mode using pre-parsed AST for module `\GTP_LUT5D'.
Parameter \INIT = 987409
Generating RTLIL representation for module `$paramod\GTP_LUT5D\INIT=32'00000000000011110001000100010001'.
Parameter \INIT = 987409
Found cached RTLIL representation for module `$paramod\GTP_LUT5D\INIT=32'00000000000011110001000100010001'.
Parameter \INIT = 50528426

3.207. Executing AST frontend in derive mode using pre-parsed AST for module `\GTP_LUT5D'.
Parameter \INIT = 50528426
Generating RTLIL representation for module `$paramod\GTP_LUT5D\INIT=32'00000011000000110000000010101010'.
Parameter \INIT = 286326799

3.208. Executing AST frontend in derive mode using pre-parsed AST for module `\GTP_LUT5D'.
Parameter \INIT = 286326799
Generating RTLIL representation for module `$paramod\GTP_LUT5D\INIT=32'00010001000100010000000000001111'.
Parameter \INIT = 286326799
Found cached RTLIL representation for module `$paramod\GTP_LUT5D\INIT=32'00010001000100010000000000001111'.
Parameter \INIT = 64'0101010101011010101001011010101000010001000100010001000100010001

3.209. Executing AST frontend in derive mode using pre-parsed AST for module `\GTP_LUT6D'.
Parameter \INIT = 64'0101010101011010101001011010101000010001000100010001000100010001
Generating RTLIL representation for module `$paramod$b2cb7b86a0a79717531eeb9e41bf65bbd0fe85e3\GTP_LUT6D'.
Parameter \INIT = 286326799
Found cached RTLIL representation for module `$paramod\GTP_LUT5D\INIT=32'00010001000100010000000000001111'.
Parameter \INIT = 987409
Found cached RTLIL representation for module `$paramod\GTP_LUT5D\INIT=32'00000000000011110001000100010001'.
Parameter \INIT = 987409
Found cached RTLIL representation for module `$paramod\GTP_LUT5D\INIT=32'00000000000011110001000100010001'.
Parameter \INIT = 64'0101010101011010101001011010101000010001000100010001000100010001
Found cached RTLIL representation for module `$paramod$b2cb7b86a0a79717531eeb9e41bf65bbd0fe85e3\GTP_LUT6D'.
Parameter \INIT = 64'0101000101010001010100010101000100000000000000000000000011111111

3.210. Executing AST frontend in derive mode using pre-parsed AST for module `\GTP_LUT6D'.
Parameter \INIT = 64'0101000101010001010100010101000100000000000000000000000011111111
Generating RTLIL representation for module `$paramod$378e6a18678f3f1abdbede1d60bddb9c418f1599\GTP_LUT6D'.
Parameter \INIT = 64'0000111100000000000011110000111101100011011000110110001101100011

3.211. Executing AST frontend in derive mode using pre-parsed AST for module `\GTP_LUT6D'.
Parameter \INIT = 64'0000111100000000000011110000111101100011011000110110001101100011
Generating RTLIL representation for module `$paramod$63d5089ccc02aa2b58f176433cf120026134753a\GTP_LUT6D'.
Parameter \INIT = 286326799
Found cached RTLIL representation for module `$paramod\GTP_LUT5D\INIT=32'00010001000100010000000000001111'.
Parameter \INIT = 286326799
Found cached RTLIL representation for module `$paramod\GTP_LUT5D\INIT=32'00010001000100010000000000001111'.
Parameter \INIT = 286326799
Found cached RTLIL representation for module `$paramod\GTP_LUT5D\INIT=32'00010001000100010000000000001111'.
Parameter \INIT = 987409
Found cached RTLIL representation for module `$paramod\GTP_LUT5D\INIT=32'00000000000011110001000100010001'.
Parameter \INIT = 286326799
Found cached RTLIL representation for module `$paramod\GTP_LUT5D\INIT=32'00010001000100010000000000001111'.
Parameter \INIT = 64'0000000001010101010101010101010100000011000000110000001100000011

3.212. Executing AST frontend in derive mode using pre-parsed AST for module `\GTP_LUT6D'.
Parameter \INIT = 64'0000000001010101010101010101010100000011000000110000001100000011
Generating RTLIL representation for module `$paramod$6111a85c704306f4d28503f1c74c1548dc9ccb2d\GTP_LUT6D'.
Parameter \INIT = 286326799
Found cached RTLIL representation for module `$paramod\GTP_LUT5D\INIT=32'00010001000100010000000000001111'.
Parameter \INIT = 286326799
Found cached RTLIL representation for module `$paramod\GTP_LUT5D\INIT=32'00010001000100010000000000001111'.
Parameter \INIT = 32'11010010011110000011000011110011

3.213. Executing AST frontend in derive mode using pre-parsed AST for module `\GTP_LUT5D'.
Parameter \INIT = 32'11010010011110000011000011110011
Generating RTLIL representation for module `$paramod\GTP_LUT5D\INIT=32'11010010011110000011000011110011'.
Parameter \INIT = 64'0000000000001111000000000000111101010101010101010001000100010001

3.214. Executing AST frontend in derive mode using pre-parsed AST for module `\GTP_LUT6D'.
Parameter \INIT = 64'0000000000001111000000000000111101010101010101010001000100010001
Generating RTLIL representation for module `$paramod$28c704293d7ea26b8386d1459afc113700ea1a3f\GTP_LUT6D'.
Parameter \INIT = 214924674

3.215. Executing AST frontend in derive mode using pre-parsed AST for module `\GTP_LUT5D'.
Parameter \INIT = 214924674
Generating RTLIL representation for module `$paramod\GTP_LUT5D\INIT=32'00001100110011110111110110000010'.
Parameter \INIT = 64'0101010101011010101001011010101000010001000100010001000100010001
Found cached RTLIL representation for module `$paramod$b2cb7b86a0a79717531eeb9e41bf65bbd0fe85e3\GTP_LUT6D'.
Parameter \INIT = 64'0110001101100011011000110110001100000000000000000000000011111111

3.216. Executing AST frontend in derive mode using pre-parsed AST for module `\GTP_LUT6D'.
Parameter \INIT = 64'0110001101100011011000110110001100000000000000000000000011111111
Generating RTLIL representation for module `$paramod$15ab9cc93c32fd762aa89317e36ef4454e834257\GTP_LUT6D'.
Parameter \INIT = 64'0000000000001111000000000000111101010101010101010001000100010001
Found cached RTLIL representation for module `$paramod$28c704293d7ea26b8386d1459afc113700ea1a3f\GTP_LUT6D'.
Parameter \INIT = 32'11010010011110000011000011110011
Found cached RTLIL representation for module `$paramod\GTP_LUT5D\INIT=32'11010010011110000011000011110011'.
Parameter \INIT = 214924674
Found cached RTLIL representation for module `$paramod\GTP_LUT5D\INIT=32'00001100110011110111110110000010'.
Parameter \INIT = 286326799
Found cached RTLIL representation for module `$paramod\GTP_LUT5D\INIT=32'00010001000100010000000000001111'.
Parameter \INIT = 64'0000000000001111000011110000111100010001000100010001000100010001

3.217. Executing AST frontend in derive mode using pre-parsed AST for module `\GTP_LUT6D'.
Parameter \INIT = 64'0000000000001111000011110000111100010001000100010001000100010001
Generating RTLIL representation for module `$paramod$864ea7fd7881e4376c9bb3334aec30eea4060153\GTP_LUT6D'.
Parameter \INIT = 32'11010111001010000011111100000011

3.218. Executing AST frontend in derive mode using pre-parsed AST for module `\GTP_LUT5D'.
Parameter \INIT = 32'11010111001010000011111100000011
Generating RTLIL representation for module `$paramod\GTP_LUT5D\INIT=32'11010111001010000011111100000011'.
Parameter \INIT = 32'11001111000011000111110110000010

3.219. Executing AST frontend in derive mode using pre-parsed AST for module `\GTP_LUT5D'.
Parameter \INIT = 32'11001111000011000111110110000010
Generating RTLIL representation for module `$paramod\GTP_LUT5D\INIT=32'11001111000011000111110110000010'.
Parameter \INIT = 64'0101010101011010101001011010101000010001000100010001000100010001
Found cached RTLIL representation for module `$paramod$b2cb7b86a0a79717531eeb9e41bf65bbd0fe85e3\GTP_LUT6D'.
Parameter \INIT = 64'0000000000001111000011110000111100010001000100010001000100010001
Found cached RTLIL representation for module `$paramod$864ea7fd7881e4376c9bb3334aec30eea4060153\GTP_LUT6D'.
Parameter \INIT = 64'0001000100010001000100010001000100001111000011110000000000001111

3.220. Executing AST frontend in derive mode using pre-parsed AST for module `\GTP_LUT6D'.
Parameter \INIT = 64'0001000100010001000100010001000100001111000011110000000000001111
Generating RTLIL representation for module `$paramod$ac96710ec1f6dd52d40ed6133f7d30742f22ffee\GTP_LUT6D'.
Parameter \INIT = 64'0000100010011110000111001101111100001010111101010101111110100000

3.221. Executing AST frontend in derive mode using pre-parsed AST for module `\GTP_LUT6D'.
Parameter \INIT = 64'0000100010011110000111001101111100001010111101010101111110100000
Generating RTLIL representation for module `$paramod$4fb71fa2f8e48f7156bfce02efb80bb0849bfdf8\GTP_LUT6D'.
Parameter \INIT = 64'0011000111110111000100000111001111000110110001100110001101100011

3.222. Executing AST frontend in derive mode using pre-parsed AST for module `\GTP_LUT6D'.
Parameter \INIT = 64'0011000111110111000100000111001111000110110001100110001101100011
Generating RTLIL representation for module `$paramod$04a89946dec9993576d6f89bc9a5c7a0bd41fe93\GTP_LUT6D'.
Parameter \INIT = 32'11010010011110000011000011110011
Found cached RTLIL representation for module `$paramod\GTP_LUT5D\INIT=32'11010010011110000011000011110011'.
Parameter \INIT = 2105674959

3.223. Executing AST frontend in derive mode using pre-parsed AST for module `\GTP_LUT5D'.
Parameter \INIT = 2105674959
Generating RTLIL representation for module `$paramod\GTP_LUT5D\INIT=32'01111101100000100000110011001111'.
Parameter \INIT = 32'11010111001010000011111100000011
Found cached RTLIL representation for module `$paramod\GTP_LUT5D\INIT=32'11010111001010000011111100000011'.
Parameter \INIT = 32'11000000000010001111010100001111

3.224. Executing AST frontend in derive mode using pre-parsed AST for module `\GTP_LUT5D'.
Parameter \INIT = 32'11000000000010001111010100001111
Generating RTLIL representation for module `$paramod\GTP_LUT5D\INIT=32'11000000000010001111010100001111'.
Parameter \INIT = 2105724684

3.225. Executing AST frontend in derive mode using pre-parsed AST for module `\GTP_LUT5D'.
Parameter \INIT = 2105724684
Generating RTLIL representation for module `$paramod\GTP_LUT5D\INIT=32'01111101100000101100111100001100'.
Parameter \INIT = 32'11010010011110000011000011110011
Found cached RTLIL representation for module `$paramod\GTP_LUT5D\INIT=32'11010010011110000011000011110011'.
Parameter \INIT = 32'11010010011110000011000011110011
Found cached RTLIL representation for module `$paramod\GTP_LUT5D\INIT=32'11010010011110000011000011110011'.
Parameter \INIT = 214924674
Found cached RTLIL representation for module `$paramod\GTP_LUT5D\INIT=32'00001100110011110111110110000010'.
Parameter \INIT = 2105674959
Found cached RTLIL representation for module `$paramod\GTP_LUT5D\INIT=32'01111101100000100000110011001111'.
Parameter \INIT = 64'0001000100010001000100010001000100001111000011110000000000001111
Found cached RTLIL representation for module `$paramod$ac96710ec1f6dd52d40ed6133f7d30742f22ffee\GTP_LUT6D'.
Parameter \INIT = 64'0011000111110111000100000111001111000110110001100110001101100011
Found cached RTLIL representation for module `$paramod$04a89946dec9993576d6f89bc9a5c7a0bd41fe93\GTP_LUT6D'.
Parameter \INIT = 821285496

3.226. Executing AST frontend in derive mode using pre-parsed AST for module `\GTP_LUT5D'.
Parameter \INIT = 821285496
Generating RTLIL representation for module `$paramod\GTP_LUT5D\INIT=32'00110000111100111101001001111000'.
Parameter \INIT = 64'1110111000000000000000001110000011111111000000000000111111111111

3.227. Executing AST frontend in derive mode using pre-parsed AST for module `\GTP_LUT6D'.
Parameter \INIT = 64'1110111000000000000000001110000011111111000000000000111111111111
Generating RTLIL representation for module `$paramod$02328b23e5c1c17d626416fe25eecfc9cab7d090\GTP_LUT6D'.
Parameter \INIT = 54514296

3.228. Executing AST frontend in derive mode using pre-parsed AST for module `\GTP_LUT5D'.
Parameter \INIT = 54514296
Generating RTLIL representation for module `$paramod\GTP_LUT5D\INIT=32'00000011001111111101001001111000'.
Parameter \INIT = 64'0000100010011110000111001101111100001010111101010101111110100000
Found cached RTLIL representation for module `$paramod$4fb71fa2f8e48f7156bfce02efb80bb0849bfdf8\GTP_LUT6D'.
Parameter \INIT = 286326799
Found cached RTLIL representation for module `$paramod\GTP_LUT5D\INIT=32'00010001000100010000000000001111'.
Parameter \INIT = 64'0000000000001111000011110000111100010001000100010001000100010001
Found cached RTLIL representation for module `$paramod$864ea7fd7881e4376c9bb3334aec30eea4060153\GTP_LUT6D'.
Parameter \INIT = 64'1111011100110001011100110001000011110101111101010101000001010000

3.229. Executing AST frontend in derive mode using pre-parsed AST for module `\GTP_LUT6D'.
Parameter \INIT = 64'1111011100110001011100110001000011110101111101010101000001010000
Generating RTLIL representation for module `$paramod$ff0fdc1d065039b87e2452fdf815b3a8dd6572c5\GTP_LUT6D'.
Parameter \INIT = 32'11110011001100000111100011010010

3.230. Executing AST frontend in derive mode using pre-parsed AST for module `\GTP_LUT5D'.
Parameter \INIT = 32'11110011001100000111100011010010
Generating RTLIL representation for module `$paramod\GTP_LUT5D\INIT=32'11110011001100000111100011010010'.
Parameter \INIT = 821285496
Found cached RTLIL representation for module `$paramod\GTP_LUT5D\INIT=32'00110000111100111101001001111000'.
Parameter \INIT = 64'1000101010001010110011111100111100000000111111110000000001010101

3.231. Executing AST frontend in derive mode using pre-parsed AST for module `\GTP_LUT6D'.
Parameter \INIT = 64'1000101010001010110011111100111100000000111111110000000001010101
Generating RTLIL representation for module `$paramod$e04504a05912c424d343188e076b7aaad18e7b03\GTP_LUT6D'.
Parameter \INIT = 32'11000000000010001111010100001111
Found cached RTLIL representation for module `$paramod\GTP_LUT5D\INIT=32'11000000000010001111010100001111'.
Parameter \INIT = 64'1111111111111111000000001111111101011010010110100110011001011010

3.232. Executing AST frontend in derive mode using pre-parsed AST for module `\GTP_LUT6D'.
Parameter \INIT = 64'1111111111111111000000001111111101011010010110100110011001011010
Generating RTLIL representation for module `$paramod$e955d2f5b0f3bc1709cd40863909c7a4ee81e875\GTP_LUT6D'.
Parameter \INIT = 1057195821

3.233. Executing AST frontend in derive mode using pre-parsed AST for module `\GTP_LUT5D'.
Parameter \INIT = 1057195821
Generating RTLIL representation for module `$paramod\GTP_LUT5D\INIT=32'00111111000000111000011100101101'.
Parameter \INIT = 209739760

3.234. Executing AST frontend in derive mode using pre-parsed AST for module `\GTP_LUT5D'.
Parameter \INIT = 209739760
Generating RTLIL representation for module `$paramod\GTP_LUT5D\INIT=32'00001100100000000101111111110000'.
Parameter \INIT = 32'11001111000011001000001001111101

3.235. Executing AST frontend in derive mode using pre-parsed AST for module `\GTP_LUT5D'.
Parameter \INIT = 32'11001111000011001000001001111101
Generating RTLIL representation for module `$paramod\GTP_LUT5D\INIT=32'11001111000011001000001001111101'.
Parameter \INIT = 821285496
Found cached RTLIL representation for module `$paramod\GTP_LUT5D\INIT=32'00110000111100111101001001111000'.
Parameter \INIT = 2105674959
Found cached RTLIL representation for module `$paramod\GTP_LUT5D\INIT=32'01111101100000100000110011001111'.
Parameter \INIT = 64'0000010100000101010101010101010111001100011101111100110001110111

3.236. Executing AST frontend in derive mode using pre-parsed AST for module `\GTP_LUT6D'.
Parameter \INIT = 64'0000010100000101010101010101010111001100011101111100110001110111
Generating RTLIL representation for module `$paramod$0c4fa5044c97851d2b95ea85f743923bae5a4cb0\GTP_LUT6D'.
Parameter \INIT = 64'0001000100010001000100010001000101010101010110101010010110101010

3.237. Executing AST frontend in derive mode using pre-parsed AST for module `\GTP_LUT6D'.
Parameter \INIT = 64'0001000100010001000100010001000101010101010110101010010110101010
Generating RTLIL representation for module `$paramod$edfc4bdcee0d5bc0b900aee876b7df7af518cf7b\GTP_LUT6D'.
Parameter \INIT = 286326799
Found cached RTLIL representation for module `$paramod\GTP_LUT5D\INIT=32'00010001000100010000000000001111'.
Parameter \INIT = 64'0001000100010001000100010001000100001111000000000000111100001111

3.238. Executing AST frontend in derive mode using pre-parsed AST for module `\GTP_LUT6D'.
Parameter \INIT = 64'0001000100010001000100010001000100001111000000000000111100001111
Generating RTLIL representation for module `$paramod$a7a186fde49cc407c42b3971431dc677ca6c13dd\GTP_LUT6D'.
Parameter \INIT = 32'11001100000000001111000001011111

3.239. Executing AST frontend in derive mode using pre-parsed AST for module `\GTP_LUT5D'.
Parameter \INIT = 32'11001100000000001111000001011111
Generating RTLIL representation for module `$paramod\GTP_LUT5D\INIT=32'11001100000000001111000001011111'.
Parameter \INIT = 32'11010010011110000011000011110011
Found cached RTLIL representation for module `$paramod\GTP_LUT5D\INIT=32'11010010011110000011000011110011'.
Parameter \INIT = 32'11110011001100000111100011010010
Found cached RTLIL representation for module `$paramod\GTP_LUT5D\INIT=32'11110011001100000111100011010010'.
Parameter \INIT = 32'11110011001100000111100011010010
Found cached RTLIL representation for module `$paramod\GTP_LUT5D\INIT=32'11110011001100000111100011010010'.
Parameter \INIT = 32'10000111001011011111001100110000

3.240. Executing AST frontend in derive mode using pre-parsed AST for module `\GTP_LUT5D'.
Parameter \INIT = 32'10000111001011011111001100110000
Generating RTLIL representation for module `$paramod\GTP_LUT5D\INIT=32'10000111001011011111001100110000'.
Parameter \INIT = 32'11110011001100000111100011010010
Found cached RTLIL representation for module `$paramod\GTP_LUT5D\INIT=32'11110011001100000111100011010010'.
Parameter \INIT = 64'1111111111111111000000001111111100000100000001001000110000000100

3.241. Executing AST frontend in derive mode using pre-parsed AST for module `\GTP_LUT6D'.
Parameter \INIT = 64'1111111111111111000000001111111100000100000001001000110000000100
Generating RTLIL representation for module `$paramod$ea4ef07ccefb103b05cf09c7066868877c4953c8\GTP_LUT6D'.
Parameter \INIT = 32'10000000000011001111000001011111

3.242. Executing AST frontend in derive mode using pre-parsed AST for module `\GTP_LUT5D'.
Parameter \INIT = 32'10000000000011001111000001011111
Generating RTLIL representation for module `$paramod\GTP_LUT5D\INIT=32'10000000000011001111000001011111'.
Parameter \INIT = 2105684211

3.243. Executing AST frontend in derive mode using pre-parsed AST for module `\GTP_LUT5D'.
Parameter \INIT = 2105684211
Generating RTLIL representation for module `$paramod\GTP_LUT5D\INIT=32'01111101100000100011000011110011'.
Parameter \INIT = 64'1111111111111111000000001111111101011010010110100110011001011010
Found cached RTLIL representation for module `$paramod$e955d2f5b0f3bc1709cd40863909c7a4ee81e875\GTP_LUT6D'.
Parameter \INIT = 64'1110000000000000000000001110111011111111000011110000000011111111

3.244. Executing AST frontend in derive mode using pre-parsed AST for module `\GTP_LUT6D'.
Parameter \INIT = 64'1110000000000000000000001110111011111111000011110000000011111111
Generating RTLIL representation for module `$paramod$5ae76c7ff3dfa225407a4b0b851af592c34dd93e\GTP_LUT6D'.
Parameter \INIT = 2105674959
Found cached RTLIL representation for module `$paramod\GTP_LUT5D\INIT=32'01111101100000100000110011001111'.
Parameter \INIT = 32'10001100101011110000000011001100

3.245. Executing AST frontend in derive mode using pre-parsed AST for module `\GTP_LUT5D'.
Parameter \INIT = 32'10001100101011110000000011001100
Generating RTLIL representation for module `$paramod\GTP_LUT5D\INIT=32'10001100101011110000000011001100'.
Parameter \INIT = 64'1101110100100010011101111000100000001010000010100000101000001010

3.246. Executing AST frontend in derive mode using pre-parsed AST for module `\GTP_LUT6D'.
Parameter \INIT = 64'1101110100100010011101111000100000001010000010100000101000001010
Generating RTLIL representation for module `$paramod$ff85bc64b641207c03d34a385db0a258270459a3\GTP_LUT6D'.
Parameter \INIT = 64'0011001100110011000000100010001111110101010100001111010101010000

3.247. Executing AST frontend in derive mode using pre-parsed AST for module `\GTP_LUT6D'.
Parameter \INIT = 64'0011001100110011000000100010001111110101010100001111010101010000
Generating RTLIL representation for module `$paramod$6bc993654039e2827a1c1eeedd8553744be3b110\GTP_LUT6D'.
Parameter \INIT = 64'0000111100001111000000000000111100010001000100010001000100010001

3.248. Executing AST frontend in derive mode using pre-parsed AST for module `\GTP_LUT6D'.
Parameter \INIT = 64'0000111100001111000000000000111100010001000100010001000100010001
Generating RTLIL representation for module `$paramod$63e73573a24b8f50725dd1864e87a003ff66f512\GTP_LUT6D'.
Parameter \INIT = 64'0001000100010001000100010001000100001111000000000000111100001111
Found cached RTLIL representation for module `$paramod$a7a186fde49cc407c42b3971431dc677ca6c13dd\GTP_LUT6D'.
Parameter \INIT = 64'0000101011110101010111111010000000001000100111100001110011011111

3.249. Executing AST frontend in derive mode using pre-parsed AST for module `\GTP_LUT6D'.
Parameter \INIT = 64'0000101011110101010111111010000000001000100111100001110011011111
Generating RTLIL representation for module `$paramod$3e5b807766015b724f0bce7e61e769841e7686e3\GTP_LUT6D'.
Parameter \INIT = 32'11010010011110000011000011110011
Found cached RTLIL representation for module `$paramod\GTP_LUT5D\INIT=32'11010010011110000011000011110011'.
Parameter \INIT = 32'11110011001100001000011100101101

3.250. Executing AST frontend in derive mode using pre-parsed AST for module `\GTP_LUT5D'.
Parameter \INIT = 32'11110011001100001000011100101101
Generating RTLIL representation for module `$paramod\GTP_LUT5D\INIT=32'11110011001100001000011100101101'.
Parameter \INIT = 64'1111001101010001111100110101000100000000000000000011001100110011

3.251. Executing AST frontend in derive mode using pre-parsed AST for module `\GTP_LUT6D'.
Parameter \INIT = 64'1111001101010001111100110101000100000000000000000011001100110011
Generating RTLIL representation for module `$paramod$adf42868dae4d0ed8aacba1b972f7f1e0960e06c\GTP_LUT6D'.
Parameter \INIT = 146804725

3.252. Executing AST frontend in derive mode using pre-parsed AST for module `\GTP_LUT5D'.
Parameter \INIT = 146804725
Generating RTLIL representation for module `$paramod\GTP_LUT5D\INIT=32'00001000110000000000111111110101'.
Parameter \INIT = 64'1111111111111111000000001111111101011010010110100110011001011010
Found cached RTLIL representation for module `$paramod$e955d2f5b0f3bc1709cd40863909c7a4ee81e875\GTP_LUT6D'.
Parameter \INIT = 2105733936

3.253. Executing AST frontend in derive mode using pre-parsed AST for module `\GTP_LUT5D'.
Parameter \INIT = 2105733936
Generating RTLIL representation for module `$paramod\GTP_LUT5D\INIT=32'01111101100000101111001100110000'.
Parameter \INIT = 64'1111111111111111000000001111111100000100000001001000110000000100
Found cached RTLIL representation for module `$paramod$ea4ef07ccefb103b05cf09c7066868877c4953c8\GTP_LUT6D'.
Parameter \INIT = 64'0000000011101110111000000000000000000000111111111111111100001111

3.254. Executing AST frontend in derive mode using pre-parsed AST for module `\GTP_LUT6D'.
Parameter \INIT = 64'0000000011101110111000000000000000000000111111111111111100001111
Generating RTLIL representation for module `$paramod$841b644dce1d3e2efa95444b578088626ccd4e03\GTP_LUT6D'.
Parameter \INIT = 64'1111111111111111000000001111111101011010010110100110011001011010
Found cached RTLIL representation for module `$paramod$e955d2f5b0f3bc1709cd40863909c7a4ee81e875\GTP_LUT6D'.
Parameter \INIT = 64'0000000000000000000000001111111101100110011001100110011001011010

3.255. Executing AST frontend in derive mode using pre-parsed AST for module `\GTP_LUT6D'.
Parameter \INIT = 64'0000000000000000000000001111111101100110011001100110011001011010
Generating RTLIL representation for module `$paramod$92a2a561066ffeb49df92565246c7c659bddac14\GTP_LUT6D'.
Parameter \INIT = 64'0101010101010101000001010000010111001100011101111100110001110111

3.256. Executing AST frontend in derive mode using pre-parsed AST for module `\GTP_LUT6D'.
Parameter \INIT = 64'0101010101010101000001010000010111001100011101111100110001110111
Generating RTLIL representation for module `$paramod$cac63f0147b5dce0a51fba836587eae87ef3c76c\GTP_LUT6D'.
Parameter \INIT = 64'0111011110001000110111010010001001010000010100000101000001010000

3.257. Executing AST frontend in derive mode using pre-parsed AST for module `\GTP_LUT6D'.
Parameter \INIT = 64'0111011110001000110111010010001001010000010100000101000001010000
Generating RTLIL representation for module `$paramod$c166a8f9724b967809c29e0116e06d910bb6b94c\GTP_LUT6D'.
Parameter \INIT = 64'0000001000100011001100110011001111110101010100001111010101010000

3.258. Executing AST frontend in derive mode using pre-parsed AST for module `\GTP_LUT6D'.
Parameter \INIT = 64'0000001000100011001100110011001111110101010100001111010101010000
Generating RTLIL representation for module `$paramod$92b8ba13f5b96cfaefeae5d3445960b7eff84513\GTP_LUT6D'.
Parameter \INIT = 286326799
Found cached RTLIL representation for module `$paramod\GTP_LUT5D\INIT=32'00010001000100010000000000001111'.
Parameter \INIT = 64'0001000100010001000100010001000100000000000011110000111100001111

3.259. Executing AST frontend in derive mode using pre-parsed AST for module `\GTP_LUT6D'.
Parameter \INIT = 64'0001000100010001000100010001000100000000000011110000111100001111
Generating RTLIL representation for module `$paramod$2984f07ff6e73060f3a422da0618a2a2d739b56d\GTP_LUT6D'.
Parameter \INIT = 64'0001000100010001000100010001000100000000000011110000111100001111
Found cached RTLIL representation for module `$paramod$2984f07ff6e73060f3a422da0618a2a2d739b56d\GTP_LUT6D'.
Parameter \INIT = 1010566485

3.260. Executing AST frontend in derive mode using pre-parsed AST for module `\GTP_LUT5D'.
Parameter \INIT = 1010566485
Generating RTLIL representation for module `$paramod\GTP_LUT5D\INIT=32'00111100001111000000010101010101'.
Parameter \INIT = 32'11110011001100000111100011010010
Found cached RTLIL representation for module `$paramod\GTP_LUT5D\INIT=32'11110011001100000111100011010010'.
Parameter \INIT = 64'1111111100000000111111111111111101011010011001100101101001011010

3.261. Executing AST frontend in derive mode using pre-parsed AST for module `\GTP_LUT6D'.
Parameter \INIT = 64'1111111100000000111111111111111101011010011001100101101001011010
Generating RTLIL representation for module `$paramod$6795620671c17b62213cfaaa1b79f793ced5d55d\GTP_LUT6D'.
Parameter \INIT = 32'10000000000011001111000001011111
Found cached RTLIL representation for module `$paramod\GTP_LUT5D\INIT=32'10000000000011001111000001011111'.
Parameter \INIT = 64'1111111100000000111111111111111101011010011001100101101001011010
Found cached RTLIL representation for module `$paramod$6795620671c17b62213cfaaa1b79f793ced5d55d\GTP_LUT6D'.
Parameter \INIT = 2027090736

3.262. Executing AST frontend in derive mode using pre-parsed AST for module `\GTP_LUT5D'.
Parameter \INIT = 2027090736
Generating RTLIL representation for module `$paramod\GTP_LUT5D\INIT=32'01111000110100101111001100110000'.
Parameter \INIT = 32'10000000000011001111010100001111

3.263. Executing AST frontend in derive mode using pre-parsed AST for module `\GTP_LUT5D'.
Parameter \INIT = 32'10000000000011001111010100001111
Generating RTLIL representation for module `$paramod\GTP_LUT5D\INIT=32'10000000000011001111010100001111'.
Parameter \INIT = 821285496
Found cached RTLIL representation for module `$paramod\GTP_LUT5D\INIT=32'00110000111100111101001001111000'.
Parameter \INIT = 286326799
Found cached RTLIL representation for module `$paramod\GTP_LUT5D\INIT=32'00010001000100010000000000001111'.
Parameter \INIT = 286326799
Found cached RTLIL representation for module `$paramod\GTP_LUT5D\INIT=32'00010001000100010000000000001111'.
Parameter \INIT = 64'0001000100010001000100010001000111110111011000011110001100100000

3.264. Executing AST frontend in derive mode using pre-parsed AST for module `\GTP_LUT6D'.
Parameter \INIT = 64'0001000100010001000100010001000111110111011000011110001100100000
Generating RTLIL representation for module `$paramod$a0d9c641d4d8a474ec76757bc3bd873e58d341c8\GTP_LUT6D'.
Parameter \INIT = 64'0000101011110101010111111010000001100011011000110110001101100011

3.265. Executing AST frontend in derive mode using pre-parsed AST for module `\GTP_LUT6D'.
Parameter \INIT = 64'0000101011110101010111111010000001100011011000110110001101100011
Generating RTLIL representation for module `$paramod$31e8907e9b0cf5fd74eb2c7e881726065936fcd3\GTP_LUT6D'.
Parameter \INIT = 64'0000101011110101010111111010000001100011011000110110001101100011
Found cached RTLIL representation for module `$paramod$31e8907e9b0cf5fd74eb2c7e881726065936fcd3\GTP_LUT6D'.
Parameter \INIT = 64'0000010101010101000001010101010100000000000000001100110011001100

3.266. Executing AST frontend in derive mode using pre-parsed AST for module `\GTP_LUT6D'.
Parameter \INIT = 64'0000010101010101000001010101010100000000000000001100110011001100
Generating RTLIL representation for module `$paramod$ac8f02e30627d20650679adfa70e7046c31d0f0e\GTP_LUT6D'.
Parameter \INIT = 32'11110011001100000111100011010010
Found cached RTLIL representation for module `$paramod\GTP_LUT5D\INIT=32'11110011001100000111100011010010'.
Parameter \INIT = 64'0011000111110111000100000111001100000000000000001010101010101010

3.267. Executing AST frontend in derive mode using pre-parsed AST for module `\GTP_LUT6D'.
Parameter \INIT = 64'0011000111110111000100000111001100000000000000001010101010101010
Generating RTLIL representation for module `$paramod$bfc650ce926923a1d0d50332f216d2ee3aaeba78\GTP_LUT6D'.
Parameter \INIT = 32'11010010011110000011000011110011
Found cached RTLIL representation for module `$paramod\GTP_LUT5D\INIT=32'11010010011110000011000011110011'.
Parameter \INIT = 821285496
Found cached RTLIL representation for module `$paramod\GTP_LUT5D\INIT=32'00110000111100111101001001111000'.
Parameter \INIT = 821285496
Found cached RTLIL representation for module `$paramod\GTP_LUT5D\INIT=32'00110000111100111101001001111000'.
Parameter \INIT = 64'1111111100000000111111111111111101011010011001100101101001011010
Found cached RTLIL representation for module `$paramod$6795620671c17b62213cfaaa1b79f793ced5d55d\GTP_LUT6D'.
Parameter \INIT = 32'11110011001100000111100011010010
Found cached RTLIL representation for module `$paramod\GTP_LUT5D\INIT=32'11110011001100000111100011010010'.
Parameter \INIT = 64'1111111100000000111111111111111101011010011001100101101001011010
Found cached RTLIL representation for module `$paramod$6795620671c17b62213cfaaa1b79f793ced5d55d\GTP_LUT6D'.
Parameter \INIT = 64'1110111000000000000000001110000011111111000000000000111111111111
Found cached RTLIL representation for module `$paramod$02328b23e5c1c17d626416fe25eecfc9cab7d090\GTP_LUT6D'.
Parameter \INIT = 64'0000000011101110111000000000000000000000111111111111111100001111
Found cached RTLIL representation for module `$paramod$841b644dce1d3e2efa95444b578088626ccd4e03\GTP_LUT6D'.
Parameter \INIT = 821265021

3.268. Executing AST frontend in derive mode using pre-parsed AST for module `\GTP_LUT5D'.
Parameter \INIT = 821265021
Generating RTLIL representation for module `$paramod\GTP_LUT5D\INIT=32'00110000111100111000001001111101'.
Parameter \INIT = 64'1111111111111111000000001111111101011010010110100110011001011010
Found cached RTLIL representation for module `$paramod$e955d2f5b0f3bc1709cd40863909c7a4ee81e875\GTP_LUT6D'.
Parameter \INIT = 32'11110011001100001000011100101101
Found cached RTLIL representation for module `$paramod\GTP_LUT5D\INIT=32'11110011001100001000011100101101'.
Parameter \INIT = 209739760
Found cached RTLIL representation for module `$paramod\GTP_LUT5D\INIT=32'00001100100000000101111111110000'.
Parameter \INIT = 2105674959
Found cached RTLIL representation for module `$paramod\GTP_LUT5D\INIT=32'01111101100000100000110011001111'.
Parameter \INIT = 64'1101110100100010011101111000100011000000110000001100000011000000

3.269. Executing AST frontend in derive mode using pre-parsed AST for module `\GTP_LUT6D'.
Parameter \INIT = 64'1101110100100010011101111000100011000000110000001100000011000000
Generating RTLIL representation for module `$paramod$ab5dc02b37d4c2fe7a3bc6887d0f8723696d25ae\GTP_LUT6D'.
Parameter \INIT = 64'0011001000110000001100110011001001010101111111110000000001010101

3.270. Executing AST frontend in derive mode using pre-parsed AST for module `\GTP_LUT6D'.
Parameter \INIT = 64'0011001000110000001100110011001001010101111111110000000001010101
Generating RTLIL representation for module `$paramod$1fc9573ef1b1c9e62b785a4cf0e3446758480846\GTP_LUT6D'.
Parameter \INIT = 32'11010010011110000011000011110011
Found cached RTLIL representation for module `$paramod\GTP_LUT5D\INIT=32'11010010011110000011000011110011'.
Parameter \INIT = 286326799
Found cached RTLIL representation for module `$paramod\GTP_LUT5D\INIT=32'00010001000100010000000000001111'.
Parameter \INIT = 286326799
Found cached RTLIL representation for module `$paramod\GTP_LUT5D\INIT=32'00010001000100010000000000001111'.
Parameter \INIT = 286326799
Found cached RTLIL representation for module `$paramod\GTP_LUT5D\INIT=32'00010001000100010000000000001111'.
Parameter \INIT = 16'0001000101100011

3.271. Executing AST frontend in derive mode using pre-parsed AST for module `\GTP_LUT4D'.
Parameter \INIT = 16'0001000101100011
Generating RTLIL representation for module `$paramod\GTP_LUT4D\INIT=16'0001000101100011'.
Parameter \INIT = 64'1111011100110001011100110001000001010101010101010000000000000000

3.272. Executing AST frontend in derive mode using pre-parsed AST for module `\GTP_LUT6D'.
Parameter \INIT = 64'1111011100110001011100110001000001010101010101010000000000000000
Generating RTLIL representation for module `$paramod$1c3698a14832cbcc3fcb87949d061f66090bbeb9\GTP_LUT6D'.
Parameter \INIT = 32'11000100010000001111010101010000

3.273. Executing AST frontend in derive mode using pre-parsed AST for module `\GTP_LUT5D'.
Parameter \INIT = 32'11000100010000001111010101010000
Generating RTLIL representation for module `$paramod\GTP_LUT5D\INIT=32'11000100010000001111010101010000'.
Parameter \INIT = 32'11110011001100001000011100101101
Found cached RTLIL representation for module `$paramod\GTP_LUT5D\INIT=32'11110011001100001000011100101101'.
Parameter \INIT = 16'0001000110001000

3.274. Executing AST frontend in derive mode using pre-parsed AST for module `\GTP_LUT4D'.
Parameter \INIT = 16'0001000110001000
Generating RTLIL representation for module `$paramod\GTP_LUT4D\INIT=16'0001000110001000'.
Parameter \INIT = 821285496
Found cached RTLIL representation for module `$paramod\GTP_LUT5D\INIT=32'00110000111100111101001001111000'.
Parameter \INIT = 64'0000000000000000000000001000110000000000010101010000000011111111

3.275. Executing AST frontend in derive mode using pre-parsed AST for module `\GTP_LUT6D'.
Parameter \INIT = 64'0000000000000000000000001000110000000000010101010000000011111111
Generating RTLIL representation for module `$paramod$19a8e93cfae93ea1a98110f7b4d10ad662e6e83a\GTP_LUT6D'.
Parameter \INIT = 32'11110011001100001000011100101101
Found cached RTLIL representation for module `$paramod\GTP_LUT5D\INIT=32'11110011001100001000011100101101'.
Parameter \INIT = 214924674
Found cached RTLIL representation for module `$paramod\GTP_LUT5D\INIT=32'00001100110011110111110110000010'.
Parameter \INIT = 64'1111111100000000111111111111111101011010011001100101101001011010
Found cached RTLIL representation for module `$paramod$6795620671c17b62213cfaaa1b79f793ced5d55d\GTP_LUT6D'.
Parameter \INIT = 64'1111111111111111000000001111111100000100000001001000110000000100
Found cached RTLIL representation for module `$paramod$ea4ef07ccefb103b05cf09c7066868877c4953c8\GTP_LUT6D'.
Parameter \INIT = 32'10000010011111010000110011001111

3.276. Executing AST frontend in derive mode using pre-parsed AST for module `\GTP_LUT5D'.
Parameter \INIT = 32'10000010011111010000110011001111
Generating RTLIL representation for module `$paramod\GTP_LUT5D\INIT=32'10000010011111010000110011001111'.
Parameter \INIT = 183501617

3.277. Executing AST frontend in derive mode using pre-parsed AST for module `\GTP_LUT5D'.
Parameter \INIT = 183501617
Generating RTLIL representation for module `$paramod\GTP_LUT5D\INIT=32'00001010111100000000001100110001'.
Parameter \INIT = 64'1110000000000000000000001110111011111111000011110000000011111111
Found cached RTLIL representation for module `$paramod$5ae76c7ff3dfa225407a4b0b851af592c34dd93e\GTP_LUT6D'.
Parameter \INIT = 2105733936
Found cached RTLIL representation for module `$paramod\GTP_LUT5D\INIT=32'01111101100000101111001100110000'.
Parameter \INIT = 209719285

3.278. Executing AST frontend in derive mode using pre-parsed AST for module `\GTP_LUT5D'.
Parameter \INIT = 209719285
Generating RTLIL representation for module `$paramod\GTP_LUT5D\INIT=32'00001100100000000000111111110101'.
Parameter \INIT = 1058362624

3.279. Executing AST frontend in derive mode using pre-parsed AST for module `\GTP_LUT5D'.
Parameter \INIT = 1058362624
Generating RTLIL representation for module `$paramod\GTP_LUT5D\INIT=32'00111111000101010101010100000000'.
Parameter \INIT = 32'11001000111110100000000011001100

3.280. Executing AST frontend in derive mode using pre-parsed AST for module `\GTP_LUT5D'.
Parameter \INIT = 32'11001000111110100000000011001100
Generating RTLIL representation for module `$paramod\GTP_LUT5D\INIT=32'11001000111110100000000011001100'.
Parameter \INIT = 202148559

3.281. Executing AST frontend in derive mode using pre-parsed AST for module `\GTP_LUT5D'.
Parameter \INIT = 202148559
Generating RTLIL representation for module `$paramod\GTP_LUT5D\INIT=32'00001100000011001000101011001111'.
Parameter \INIT = 64'0111100011010010011110001101001000110011001100110000000000000000

3.282. Executing AST frontend in derive mode using pre-parsed AST for module `\GTP_LUT6D'.
Parameter \INIT = 64'0111100011010010011110001101001000110011001100110000000000000000
Generating RTLIL representation for module `$paramod$fc88263ce2da834fa10059eeedfe719e00cbea99\GTP_LUT6D'.
Parameter \INIT = 64'0101011010011010010101101001101000000000000000001100110011001100

3.283. Executing AST frontend in derive mode using pre-parsed AST for module `\GTP_LUT6D'.
Parameter \INIT = 64'0101011010011010010101101001101000000000000000001100110011001100
Generating RTLIL representation for module `$paramod$eb32c6db3e46969bae760a36fb691a0562d13055\GTP_LUT6D'.
Parameter \INIT = 64'0000100010001100000000000000000011110101010100001111010101010000

3.284. Executing AST frontend in derive mode using pre-parsed AST for module `\GTP_LUT6D'.
Parameter \INIT = 64'0000100010001100000000000000000011110101010100001111010101010000
Generating RTLIL representation for module `$paramod$b932bba63f663dbdc8d8b3d7640f9cc5d616b08c\GTP_LUT6D'.
Parameter \INIT = 64'0000100010011110000111001101111100001010111101010101111110100000
Found cached RTLIL representation for module `$paramod$4fb71fa2f8e48f7156bfce02efb80bb0849bfdf8\GTP_LUT6D'.
Parameter \INIT = 286326799
Found cached RTLIL representation for module `$paramod\GTP_LUT5D\INIT=32'00010001000100010000000000001111'.
Parameter \INIT = 64'0001000100010001000100010001000101010101010110101010010110101010
Found cached RTLIL representation for module `$paramod$edfc4bdcee0d5bc0b900aee876b7df7af518cf7b\GTP_LUT6D'.
Parameter \INIT = 64'1110111110001100110011100000100010101010101010100000000000000000

3.285. Executing AST frontend in derive mode using pre-parsed AST for module `\GTP_LUT6D'.
Parameter \INIT = 64'1110111110001100110011100000100010101010101010100000000000000000
Generating RTLIL representation for module `$paramod$7396a41776b6ef4c06957c2a718968292625e74e\GTP_LUT6D'.
Parameter \INIT = 64'0001000100010001000100010001000100001000100111100001110011011111

3.286. Executing AST frontend in derive mode using pre-parsed AST for module `\GTP_LUT6D'.
Parameter \INIT = 64'0001000100010001000100010001000100001000100111100001110011011111
Generating RTLIL representation for module `$paramod$d1aa774939e2a62dc228c89fa9913333eeada3e9\GTP_LUT6D'.
Parameter \INIT = 64'1111010101010000111101010101000000000010001000110011001100110011

3.287. Executing AST frontend in derive mode using pre-parsed AST for module `\GTP_LUT6D'.
Parameter \INIT = 64'1111010101010000111101010101000000000010001000110011001100110011
Generating RTLIL representation for module `$paramod$a12499ca2b920726178627e855e9a48525f5a132\GTP_LUT6D'.
Parameter \INIT = 64'1000110011101111000010001100111010101010101010100000000000000000

3.288. Executing AST frontend in derive mode using pre-parsed AST for module `\GTP_LUT6D'.
Parameter \INIT = 64'1000110011101111000010001100111010101010101010100000000000000000
Generating RTLIL representation for module `$paramod$3c9483d68db16fdf1a5119ecd2be79f721334d36\GTP_LUT6D'.
Parameter \INIT = 64'0111001100010000111101110011000110101010101010100000000000000000

3.289. Executing AST frontend in derive mode using pre-parsed AST for module `\GTP_LUT6D'.
Parameter \INIT = 64'0111001100010000111101110011000110101010101010100000000000000000
Generating RTLIL representation for module `$paramod$325b7cd9031613e0e02ef3a0e4a4f856c0495976\GTP_LUT6D'.
Parameter \INIT = 64'1000110011101111000010001100111000000000000000000101010101010101

3.290. Executing AST frontend in derive mode using pre-parsed AST for module `\GTP_LUT6D'.
Parameter \INIT = 64'1000110011101111000010001100111000000000000000000101010101010101
Generating RTLIL representation for module `$paramod$046b49679c129abc3bb795fa5df4cdd42f2367db\GTP_LUT6D'.
Parameter \INIT = 64'1111111111111111111111111111000001100110011001100110011001100011

3.291. Executing AST frontend in derive mode using pre-parsed AST for module `\GTP_LUT6D'.
Parameter \INIT = 64'1111111111111111111111111111000001100110011001100110011001100011
Generating RTLIL representation for module `$paramod$9b1a5223c76352fcc1c793a2432caeaaf6392e52\GTP_LUT6D'.
Parameter \INIT = 64'1111111100001111111111110000111101010101011001011010101001101010

3.292. Executing AST frontend in derive mode using pre-parsed AST for module `\GTP_LUT6D'.
Parameter \INIT = 64'1111111100001111111111110000111101010101011001011010101001101010
Generating RTLIL representation for module `$paramod$106bca52f25687b7b36deda9eb890b41f4c2edef\GTP_LUT6D'.
Parameter \INIT = 2105733936
Found cached RTLIL representation for module `$paramod\GTP_LUT5D\INIT=32'01111101100000101111001100110000'.
Parameter \INIT = 64'1111111100000000111111111111111101011010011001100101101001011010
Found cached RTLIL representation for module `$paramod$6795620671c17b62213cfaaa1b79f793ced5d55d\GTP_LUT6D'.
Parameter \INIT = 2105733936
Found cached RTLIL representation for module `$paramod\GTP_LUT5D\INIT=32'01111101100000101111001100110000'.
Parameter \INIT = 64'1111111111111111000000001111111101010110010101100101010101010110

3.293. Executing AST frontend in derive mode using pre-parsed AST for module `\GTP_LUT6D'.
Parameter \INIT = 64'1111111111111111000000001111111101010110010101100101010101010110
Generating RTLIL representation for module `$paramod$f38274cf2d1601aadc3e5f1fd3a27bc6d1b6676e\GTP_LUT6D'.
Parameter \INIT = 32'11111101000000100011001100110000

3.294. Executing AST frontend in derive mode using pre-parsed AST for module `\GTP_LUT5D'.
Parameter \INIT = 32'11111101000000100011001100110000
Generating RTLIL representation for module `$paramod\GTP_LUT5D\INIT=32'11111101000000100011001100110000'.
Parameter \INIT = 32'11110011001100001000011100101101
Found cached RTLIL representation for module `$paramod\GTP_LUT5D\INIT=32'11110011001100001000011100101101'.
Parameter \INIT = 64'1111111111111111000000001111111100000100000001001000110000000100
Found cached RTLIL representation for module `$paramod$ea4ef07ccefb103b05cf09c7066868877c4953c8\GTP_LUT6D'.
Parameter \INIT = 64'0111100011010010011110001101001000000000000000000101010101010101

3.295. Executing AST frontend in derive mode using pre-parsed AST for module `\GTP_LUT6D'.
Parameter \INIT = 64'0111100011010010011110001101001000000000000000000101010101010101
Generating RTLIL representation for module `$paramod$6742cc3127ac1e5bcb8d8e2e88e68c61368a4124\GTP_LUT6D'.
Parameter \INIT = 64'0111100011010010011110001101001011001100110011000000000000000000

3.296. Executing AST frontend in derive mode using pre-parsed AST for module `\GTP_LUT6D'.
Parameter \INIT = 64'0111100011010010011110001101001011001100110011000000000000000000
Generating RTLIL representation for module `$paramod$f177d16db36e12b432a09aaf52c208eb88aece2a\GTP_LUT6D'.
Parameter \INIT = 64'0101011010011010010101101001101011001100110011000000000000000000

3.297. Executing AST frontend in derive mode using pre-parsed AST for module `\GTP_LUT6D'.
Parameter \INIT = 64'0101011010011010010101101001101011001100110011000000000000000000
Generating RTLIL representation for module `$paramod$b4fe5476b27b74d056fa56c9476dea79ca91189c\GTP_LUT6D'.
Parameter \INIT = 64'0000100010011110000111001101111100010001000100010001000100010001

3.298. Executing AST frontend in derive mode using pre-parsed AST for module `\GTP_LUT6D'.
Parameter \INIT = 64'0000100010011110000111001101111100010001000100010001000100010001
Generating RTLIL representation for module `$paramod$e269225441fee383265418c354f9869ee4f54875\GTP_LUT6D'.
Parameter \INIT = 32'11010010011110000011000011110011
Found cached RTLIL representation for module `$paramod\GTP_LUT5D\INIT=32'11010010011110000011000011110011'.
Parameter \INIT = 64'0111011110001000110111010010001000001010110000101100001011110000

3.299. Executing AST frontend in derive mode using pre-parsed AST for module `\GTP_LUT6D'.
Parameter \INIT = 64'0111011110001000110111010010001000001010110000101100001011110000
Generating RTLIL representation for module `$paramod$99ec93697b88d5a6c3ff8f39565f357c94af81c2\GTP_LUT6D'.
Parameter \INIT = 64'0000000000000000000000001000110000000000010101010000000011111111
Found cached RTLIL representation for module `$paramod$19a8e93cfae93ea1a98110f7b4d10ad662e6e83a\GTP_LUT6D'.
Parameter \INIT = 64'0001000100010001000100010001000100000000111100000000000000000000

3.300. Executing AST frontend in derive mode using pre-parsed AST for module `\GTP_LUT6D'.
Parameter \INIT = 64'0001000100010001000100010001000100000000111100000000000000000000
Generating RTLIL representation for module `$paramod$a4a82ef1d4327a842a2ac8ec55babeeb03653df6\GTP_LUT6D'.
Parameter \INIT = 32'10000010011111010011000011110011

3.301. Executing AST frontend in derive mode using pre-parsed AST for module `\GTP_LUT5D'.
Parameter \INIT = 32'10000010011111010011000011110011
Generating RTLIL representation for module `$paramod\GTP_LUT5D\INIT=32'10000010011111010011000011110011'.
Parameter \INIT = 32'11110011001100001000011100101101
Found cached RTLIL representation for module `$paramod\GTP_LUT5D\INIT=32'11110011001100001000011100101101'.
Parameter \INIT = 1057192146

3.302. Executing AST frontend in derive mode using pre-parsed AST for module `\GTP_LUT5D'.
Parameter \INIT = 1057192146
Generating RTLIL representation for module `$paramod\GTP_LUT5D\INIT=32'00111111000000110111100011010010'.
Parameter \INIT = 859373811

3.303. Executing AST frontend in derive mode using pre-parsed AST for module `\GTP_LUT5D'.
Parameter \INIT = 859373811
Generating RTLIL representation for module `$paramod\GTP_LUT5D\INIT=32'00110011001110010000000011110011'.
Parameter \INIT = 64'1111111111111111000000001111111101011010010110100110011001011010
Found cached RTLIL representation for module `$paramod$e955d2f5b0f3bc1709cd40863909c7a4ee81e875\GTP_LUT6D'.
Parameter \INIT = 209719285
Found cached RTLIL representation for module `$paramod\GTP_LUT5D\INIT=32'00001100100000000000111111110101'.
Parameter \INIT = 64'1111111111111111000000001111111101011010010110100110011001011010
Found cached RTLIL representation for module `$paramod$e955d2f5b0f3bc1709cd40863909c7a4ee81e875\GTP_LUT6D'.
Parameter \INIT = 64'0000000000000000000000001111111101100110011001100110011001011010
Found cached RTLIL representation for module `$paramod$92a2a561066ffeb49df92565246c7c659bddac14\GTP_LUT6D'.
Parameter \INIT = 32'11000000010011000001001100110000

3.304. Executing AST frontend in derive mode using pre-parsed AST for module `\GTP_LUT5D'.
Parameter \INIT = 32'11000000010011000001001100110000
Generating RTLIL representation for module `$paramod\GTP_LUT5D\INIT=32'11000000010011000001001100110000'.
Parameter \INIT = 64'1101001001111000110100100111100001010101010101010000000000000000

3.305. Executing AST frontend in derive mode using pre-parsed AST for module `\GTP_LUT6D'.
Parameter \INIT = 64'1101001001111000110100100111100001010101010101010000000000000000
Generating RTLIL representation for module `$paramod$a54f13e080fc2b3fdab90c7fca1e92f8ef45ba62\GTP_LUT6D'.
Parameter \INIT = 64'0111100011010010011110001101001000000000000000000101010101010101
Found cached RTLIL representation for module `$paramod$6742cc3127ac1e5bcb8d8e2e88e68c61368a4124\GTP_LUT6D'.
Parameter \INIT = 966575168

3.306. Executing AST frontend in derive mode using pre-parsed AST for module `\GTP_LUT5D'.
Parameter \INIT = 966575168
Generating RTLIL representation for module `$paramod\GTP_LUT5D\INIT=32'00111001100111001100010001000000'.
Parameter \INIT = 64'1111111111111111111111111111000001100110011001100110011001100011
Found cached RTLIL representation for module `$paramod$9b1a5223c76352fcc1c793a2432caeaaf6392e52\GTP_LUT6D'.
Parameter \INIT = 64'1111111111111111000000001111111101011010010110100110011001011010
Found cached RTLIL representation for module `$paramod$e955d2f5b0f3bc1709cd40863909c7a4ee81e875\GTP_LUT6D'.
Parameter \INIT = 64'1000110011101111000010001100111000000000000000000101010101010101
Found cached RTLIL representation for module `$paramod$046b49679c129abc3bb795fa5df4cdd42f2367db\GTP_LUT6D'.
Parameter \INIT = 64'1000101011001111100010101100111101000100010001000101010101010101

3.307. Executing AST frontend in derive mode using pre-parsed AST for module `\GTP_LUT6D'.
Parameter \INIT = 64'1000101011001111100010101100111101000100010001000101010101010101
Generating RTLIL representation for module `$paramod$a91734b5307ab09f27c4fc9d7894ba293aff6860\GTP_LUT6D'.
Parameter \INIT = 64'1111111111111111000000001111111100100000001000000010000000100000

3.308. Executing AST frontend in derive mode using pre-parsed AST for module `\GTP_LUT6D'.
Parameter \INIT = 64'1111111111111111000000001111111100100000001000000010000000100000
Generating RTLIL representation for module `$paramod$6f7a45ec89b7c66d72f54857a0f7b32a4df3485f\GTP_LUT6D'.
Parameter \INIT = 32'11110011001100000111100011010010
Found cached RTLIL representation for module `$paramod\GTP_LUT5D\INIT=32'11110011001100000111100011010010'.
Parameter \INIT = 64'1110000011101111111000001110111100000000000000000000111100001111

3.309. Executing AST frontend in derive mode using pre-parsed AST for module `\GTP_LUT6D'.
Parameter \INIT = 64'1110000011101111111000001110111100000000000000000000111100001111
Generating RTLIL representation for module `$paramod$e676d257bdf0125dc09fdc3a27e1d8952538b66a\GTP_LUT6D'.
Parameter \INIT = 64'0011001100110011001100010001000011110101010100001111010101010000

3.310. Executing AST frontend in derive mode using pre-parsed AST for module `\GTP_LUT6D'.
Parameter \INIT = 64'0011001100110011001100010001000011110101010100001111010101010000
Generating RTLIL representation for module `$paramod$047321e0ce71857abacba1a2ab89e6b7d2b8782c\GTP_LUT6D'.
Parameter \INIT = 2027044611

3.311. Executing AST frontend in derive mode using pre-parsed AST for module `\GTP_LUT5D'.
Parameter \INIT = 2027044611
Generating RTLIL representation for module `$paramod\GTP_LUT5D\INIT=32'01111000110100100011111100000011'.
Parameter \INIT = 286326799
Found cached RTLIL representation for module `$paramod\GTP_LUT5D\INIT=32'00010001000100010000000000001111'.
Parameter \INIT = 64'0101000111110011010100011111001100000000000000000011001100110011

3.312. Executing AST frontend in derive mode using pre-parsed AST for module `\GTP_LUT6D'.
Parameter \INIT = 64'0101000111110011010100011111001100000000000000000011001100110011
Generating RTLIL representation for module `$paramod$afe824a38ed45f1f8d7982dcda9bedfb0151afe2\GTP_LUT6D'.
Parameter \INIT = 64'1000110010101111100011001010111100000000000000001010101010101010

3.313. Executing AST frontend in derive mode using pre-parsed AST for module `\GTP_LUT6D'.
Parameter \INIT = 64'1000110010101111100011001010111100000000000000001010101010101010
Generating RTLIL representation for module `$paramod$1a789aa6bebf65c38fb7f0ca998388c91a832b8f\GTP_LUT6D'.
Parameter \INIT = 32'11000000000010001111010100001111
Found cached RTLIL representation for module `$paramod\GTP_LUT5D\INIT=32'11000000000010001111010100001111'.
Parameter \INIT = 64'0111011110001000110111010010001000001100000011000000110000001100

3.314. Executing AST frontend in derive mode using pre-parsed AST for module `\GTP_LUT6D'.
Parameter \INIT = 64'0111011110001000110111010010001000001100000011000000110000001100
Generating RTLIL representation for module `$paramod$cc923bcae66b752b468befadfec21c2493493fe7\GTP_LUT6D'.
Parameter \INIT = 64'0101010101011010101001011010101000010001000100010001000100010001
Found cached RTLIL representation for module `$paramod$b2cb7b86a0a79717531eeb9e41bf65bbd0fe85e3\GTP_LUT6D'.
Parameter \INIT = 64'1111011101100001111000110010000000001010111101010101111110100000

3.315. Executing AST frontend in derive mode using pre-parsed AST for module `\GTP_LUT6D'.
Parameter \INIT = 64'1111011101100001111000110010000000001010111101010101111110100000
Generating RTLIL representation for module `$paramod$8aba21287851d627d35d91ef7a6c4d5f09b0426d\GTP_LUT6D'.
Parameter \INIT = 64'0001000100010001000100010001000100000000111100000000000011111111

3.316. Executing AST frontend in derive mode using pre-parsed AST for module `\GTP_LUT6D'.
Parameter \INIT = 64'0001000100010001000100010001000100000000111100000000000011111111
Generating RTLIL representation for module `$paramod$ea058650f6f1ec8d4b1c7037841e212b6b46b99b\GTP_LUT6D'.
Parameter \INIT = 32'11111111000011110010001000100010

3.317. Executing AST frontend in derive mode using pre-parsed AST for module `\GTP_LUT5D'.
Parameter \INIT = 32'11111111000011110010001000100010
Generating RTLIL representation for module `$paramod\GTP_LUT5D\INIT=32'11111111000011110010001000100010'.
Parameter \INIT = 32'11011111110011011000000000001010

3.318. Executing AST frontend in derive mode using pre-parsed AST for module `\GTP_LUT5D'.
Parameter \INIT = 32'11011111110011011000000000001010
Generating RTLIL representation for module `$paramod\GTP_LUT5D\INIT=32'11011111110011011000000000001010'.
Parameter \INIT = 64'1111111111111111111111111111000001100110011001100110011001100011
Found cached RTLIL representation for module `$paramod$9b1a5223c76352fcc1c793a2432caeaaf6392e52\GTP_LUT6D'.
Parameter \INIT = 64'1111111111111111111111111111000001100110011001100110011001100011
Found cached RTLIL representation for module `$paramod$9b1a5223c76352fcc1c793a2432caeaaf6392e52\GTP_LUT6D'.
Parameter \INIT = 32'10100000101000001100100011111010

3.319. Executing AST frontend in derive mode using pre-parsed AST for module `\GTP_LUT5D'.
Parameter \INIT = 32'10100000101000001100100011111010
Generating RTLIL representation for module `$paramod\GTP_LUT5D\INIT=32'10100000101000001100100011111010'.
Parameter \INIT = 64'1111110011111100111111001111110010101011010101000101011110101000

3.320. Executing AST frontend in derive mode using pre-parsed AST for module `\GTP_LUT6D'.
Parameter \INIT = 64'1111110011111100111111001111110010101011010101000101011110101000
Generating RTLIL representation for module `$paramod$981a980f7a9c3d703e926cf066f23f26e1d21039\GTP_LUT6D'.
Parameter \INIT = 32'11011111110011010010101010100000

3.321. Executing AST frontend in derive mode using pre-parsed AST for module `\GTP_LUT5D'.
Parameter \INIT = 32'11011111110011010010101010100000
Generating RTLIL representation for module `$paramod\GTP_LUT5D\INIT=32'11011111110011010010101010100000'.
Parameter \INIT = 64'1111111111111111111111111111000001100110011001100110011001100011
Found cached RTLIL representation for module `$paramod$9b1a5223c76352fcc1c793a2432caeaaf6392e52\GTP_LUT6D'.
Parameter \INIT = 32'10000111001011011111001100110000
Found cached RTLIL representation for module `$paramod\GTP_LUT5D\INIT=32'10000111001011011111001100110000'.
Parameter \INIT = 64'0000000000001111000000000000111100010001000100010001000100011011

3.322. Executing AST frontend in derive mode using pre-parsed AST for module `\GTP_LUT6D'.
Parameter \INIT = 64'0000000000001111000000000000111100010001000100010001000100011011
Generating RTLIL representation for module `$paramod$565798c86d4c941a02683b831cb034137a51b359\GTP_LUT6D'.
Parameter \INIT = 32'11000000111111001000011100101101

3.323. Executing AST frontend in derive mode using pre-parsed AST for module `\GTP_LUT5D'.
Parameter \INIT = 32'11000000111111001000011100101101
Generating RTLIL representation for module `$paramod\GTP_LUT5D\INIT=32'11000000111111001000011100101101'.
Parameter \INIT = 32'11000000000010001111010100001111
Found cached RTLIL representation for module `$paramod\GTP_LUT5D\INIT=32'11000000000010001111010100001111'.
Parameter \INIT = 16'0010001001000100

3.324. Executing AST frontend in derive mode using pre-parsed AST for module `\GTP_LUT4D'.
Parameter \INIT = 16'0010001001000100
Generating RTLIL representation for module `$paramod\GTP_LUT4D\INIT=16'0010001001000100'.
Parameter \INIT = 64'1110111011101110111011101110111000000000000011101110000011100000

3.325. Executing AST frontend in derive mode using pre-parsed AST for module `\GTP_LUT6D'.
Parameter \INIT = 64'1110111011101110111011101110111000000000000011101110000011100000
Generating RTLIL representation for module `$paramod$ba36841b1da98bfa38169fa4b2f56c7ddd39257b\GTP_LUT6D'.
Parameter \INIT = 64'0111011110001000110111010010001000001111110000111100001111110000

3.326. Executing AST frontend in derive mode using pre-parsed AST for module `\GTP_LUT6D'.
Parameter \INIT = 64'0111011110001000110111010010001000001111110000111100001111110000
Generating RTLIL representation for module `$paramod$591822d30d73c3baabf73b235cb132a469af9145\GTP_LUT6D'.
Parameter \INIT = 64'1010100011111100101010001111110001000000000000000110100000010100

3.327. Executing AST frontend in derive mode using pre-parsed AST for module `\GTP_LUT6D'.
Parameter \INIT = 64'1010100011111100101010001111110001000000000000000110100000010100
Generating RTLIL representation for module `$paramod$3a41e53752ae0fe1bfd1819b292edb18b15662c2\GTP_LUT6D'.

3.328. Analyzing design hierarchy..
Top module:  \/Users/yoyowang/Desktop/benchmark/sqrt.aig
Used module:     $paramod$ad9e2d3baac0fe87ed679e45e0968028e501f12b\GTP_LUT6
Used module:     $paramod\GTP_LUT5\INIT=32'00000000000000001101111110001111
Used module:     $paramod\GTP_LUT5\INIT=32'11000100110011001000000010001000
Used module:     $paramod\GTP_LUT5\INIT=32'00001101000010000010111101111111
Used module:     $paramod$ef3cc5da301ed9bfe44b39b3fea70f96bcc9e5bd\GTP_LUT6
Used module:     $paramod$e1513f5c19d62423181ff4c582d2510505ba6002\GTP_LUT6
Used module:     $paramod$110d5d0540a6a1687c14b363532825e0ca233006\GTP_LUT6
Used module:     $paramod\GTP_LUT5\INIT=32'01000000010000000100000011001000
Used module:     $paramod$2ce09dc0b8049bec1f386e6a4f9cd2edb0c3b2ed\GTP_LUT6
Used module:     $paramod$b9efae4d8d49dd829edcc803e2dd24488eae7797\GTP_LUT6
Used module:     $paramod$faadfbce9aec5860350c941f014058f2c932bfb5\GTP_LUT6
Used module:     $paramod\GTP_LUT5\INIT=32'10010110110000110110011000110011
Used module:     $paramod\GTP_LUT5\INIT=32'00000000000000000010111101111111
Used module:     $paramod\GTP_LUT5\INIT=32'01101001001111001001100111001100
Used module:     $paramod$86f9906103e8fc19235c85b7ceabae06eb43c373\GTP_LUT6
Used module:     $paramod$a5be1c4808c883f563053539778990037d2d5481\GTP_LUT6
Used module:     $paramod\GTP_LUT4\INIT=16'0111100011010010
Used module:     $paramod\GTP_LUT4\INIT=16'0101011010011010
Used module:     $paramod$d2afb1cb2b4c539086d411af8b70bde4b1f6214f\GTP_LUT6
Used module:     $paramod\GTP_LUT4\INIT=16'0111110110000010
Used module:     $paramod$6191c5fd7bcfaaff37808c3297a2620807ea9213\GTP_LUT6
Used module:     $paramod\GTP_LUT5\INIT=32'00110001111101110001000001110011
Used module:     $paramod$6c2da2995a9a552dc29dc83bb5bdccf018f7b262\GTP_LUT6
Used module:     $paramod$1ac6f3b5fae68c1e1b28c69d7ac2d00160e77fde\GTP_LUT6
Used module:     $paramod$938b553e9006f90bbbcc312c4a1d200b82171030\GTP_LUT6
Used module:     $paramod\GTP_LUT5\INIT=32'11101111100011001100111000001000
Used module:     $paramod\GTP_LUT5\INIT=32'11001000110010000100000011001000
Used module:     $paramod\GTP_LUT5\INIT=32'00010000011100110011000111110111
Used module:     $paramod\GTP_LUT5\INIT=32'01011010010110100110011001011010
Used module:     $paramod\GTP_LUT5\INIT=32'11110111001100010111001100010000
Used module:     $paramod$82641c6c77dc6fde27fa483fcd073141a77b7c73\GTP_LUT6
Used module:     $paramod\GTP_LUT4\INIT=16'1101001001111000
Used module:     $paramod\GTP_LUT5\INIT=32'00001101001011110000100001111111
Used module:     $paramod$2b8a633d22fdba6cb860910815984a0efd9868eb\GTP_LUT6
Used module:     $paramod$ac322abe1352d00788da342d809764297918a223\GTP_LUT6
Used module:     $paramod\GTP_LUT5\INIT=32'10001100111011110000100011001110
Used module:     $paramod\GTP_LUT4\INIT=16'1101011100101000
Used module:     $paramod\GTP_LUT4\INIT=16'1001001110011001
Used module:     $paramod$89e4f60ba9ba2575910582725390b5f45a3b0c2d\GTP_LUT6
Used module:     $paramod\GTP_LUT5\INIT=32'00000100000001001000110000000100
Used module:     $paramod\GTP_LUT3\INIT=8'00010101
Used module:     $paramod$9a97d69e6250cee5113f49459ed2110fc711c59b\GTP_LUT6
Used module:     $paramod$581229e3bd4d18bbf9031d1fdaf65647ada5637d\GTP_LUT6
Used module:     $paramod$7bd23b6eec1e989d865f12ae410c49b224445599\GTP_LUT6
Used module:     $paramod\GTP_LUT5\INIT=32'11011101110111010100010001001101
Used module:     $paramod\GTP_LUT5\INIT=32'01110011000100001111011100110001
Used module:     $paramod$fae92b70435d2452042dc5d151313cfa0638e19d\GTP_LUT6
Used module:     $paramod$80f99d234a25a6e0536450028dd8da76ef60284a\GTP_LUT6
Used module:     $paramod\GTP_LUT5\INIT=32'00001110111111100000000000000000
Used module:     $paramod$f18fe4a36863e2e493b6f67998a69eae5007968c\GTP_LUT6
Used module:     $paramod\GTP_LUT5\INIT=32'11101110111011101000100010001110
Used module:     $paramod\GTP_LUT3\INIT=8'01010001
Used module:     $paramod$91e9d86e747838dc39c46d6943f5d40dd044b44f\GTP_LUT6
Used module:     $paramod$a970cf44c1508e41ba7a6da410b3603006670256\GTP_LUT6
Used module:     $paramod$d66a7553a13cf71dacb4a9d0dcc28942533ae0fa\GTP_LUT6
Used module:     $paramod$19e8730f01981c9c9578e92a66a73c479c6e801d\GTP_LUT6
Used module:     $paramod\GTP_LUT5\INIT=32'01111111000100110011011100000001
Used module:     $paramod\GTP_LUT5\INIT=32'11111001111111000000100100001100
Used module:     $paramod\GTP_LUT4\INIT=16'1001100100111001
Used module:     $paramod$3fd5d139fd2b19ffc7751270d7d61be34909ccb7\GTP_LUT6
Used module:     $paramod$035de34368019fb32107e33d3d2d9f9818aaba30\GTP_LUT6
Used module:     $paramod\GTP_LUT5\INIT=32'11100001000011111110000111110000
Used module:     $paramod$f7103cd2e51c68e0298950123727ed6b77c00d21\GTP_LUT6
Used module:     $paramod$a9b2083fad3293c392dca47a3cc1b7a60de221c6\GTP_LUT6
Used module:     $paramod$e5459f1d00d45034e3c5558ae64d38947959c9a4\GTP_LUT6
Used module:     $paramod$54e5d3ac8766f139f7d2f8ae227aed6a9b2994b2\GTP_LUT6
Used module:     $paramod$6db6a6e9ea450ba7c97151f52348322ee1090e39\GTP_LUT6
Used module:     $paramod$0f70a2e6a68658e2794db27f314a2d5b7fe28a8f\GTP_LUT6
Used module:     $paramod$9e46f84a2aabf5362add5a9117435fd75dfa163a\GTP_LUT6
Used module:     $paramod$01688d0791fcf8a2e7fad64ab86fc8e1b9af73d9\GTP_LUT6
Used module:     $paramod\GTP_LUT5\INIT=32'00001000100111100001110011011111
Used module:     $paramod\GTP_LUT3\INIT=8'01100011
Used module:     $paramod\GTP_LUT5\INIT=32'10111011101110110010001000101011
Used module:     $paramod$48b50617ef81380947632babc67a0ce4089391e4\GTP_LUT6
Used module:     $paramod\GTP_LUT5\INIT=32'01110001011100010101000001110001
Used module:     $paramod\GTP_LUT4\INIT=16'0000111100101101
Used module:     $paramod$e0431b7a23684631772d198c9527d9769c5d3d90\GTP_LUT6
Used module:     $paramod$d80d44bc0b910f06313c33c1da9aa76693bd612c\GTP_LUT6
Used module:     $paramod$f3525fc33c58ead951f96dd67a041e71ecf24914\GTP_LUT6
Used module:     $paramod$3ff33c563fa0bd3bffdb0745c8320b22ccc827c4\GTP_LUT6
Used module:     $paramod\GTP_LUT5\INIT=32'11001110000010001110111110001100
Used module:     $paramod\GTP_LUT5\INIT=32'00001000110011101000110011101111
Used module:     $paramod$75543a2e08dc66994b36885e659d27ed604ae873\GTP_LUT6
Used module:     $paramod\GTP_LUT3\INIT=8'01000101
Used module:     $paramod$7daf9d7daba10753985791fc6511fed36c64adc8\GTP_LUT6
Used module:     $paramod$c0ef0ad5baed0422eadc499612311eb559272237\GTP_LUT6
Used module:     $paramod$d03f76a0ee7a7a6eceda13753011bc8c7555ee22\GTP_LUT6
Used module:     $paramod$7a04fc527ce8b8c2a79407474e6c0b17d8810811\GTP_LUT6
Used module:     $paramod\GTP_LUT5\INIT=32'00000011001000110010001100110011
Used module:     $paramod$3aa13584a2efbe3eb6f925684456acaac1e5e526\GTP_LUT6
Used module:     $paramod$8adf6eeb990d7ea1e1746567e0d9fd3a22e1340c\GTP_LUT6
Used module:     $paramod\GTP_LUT5\INIT=32'10000000001000000111000011010000
Used module:     $paramod\GTP_LUT4\INIT=16'1000011100101101
Used module:     $paramod\GTP_LUT5\INIT=32'11101110000000000000000011100000
Used module:     $paramod$bf6a843f8e065b2db715682f73d9ceea17637ca1\GTP_LUT6
Used module:     $paramod$212ce34d8e098267404d723d2c78347cef6f4099\GTP_LUT6
Used module:     $paramod\GTP_LUT4\INIT=16'1111010100110001
Used module:     $paramod\GTP_LUT5\INIT=32'11001000111111101000000011101100
Used module:     $paramod$74dae95116d32acbbe307825f65eb6530391fd68\GTP_LUT6
Used module:     $paramod\GTP_LUT5\INIT=32'00100011000000110011001100100011
Used module:     $paramod$bd3a23bad083b6a056dd2665bf0551367e63417c\GTP_LUT6
Used module:     $paramod\GTP_LUT4\INIT=16'0000000100000011
Used module:     $paramod$9db7cbcba5883605ceafd03ce5b0945e68cae752\GTP_LUT6
Used module:     $paramod$616acd0bfa3854b2b152bc633b3120e9c2e6e42c\GTP_LUT6
Used module:     $paramod$933fc9909c4523777c7ba5f2e898424b3323b979\GTP_LUT6
Used module:     $paramod\GTP_LUT4\INIT=16'1000101011001111
Used module:     $paramod\GTP_LUT4\INIT=16'1111001101010001
Used module:     $paramod$9a45e2cbb9afdcdb28d504d2a55f4a91384749d3\GTP_LUT6
Used module:     $paramod$09259db225d769ce8527a5eada93fb5a1409294b\GTP_LUT6
Used module:     $paramod$3448f070da6cbec34cea01dc465c7e96a4dbd44d\GTP_LUT6
Used module:     $paramod$0ee9485909187e4f9c3847e270f72146922ab9b4\GTP_LUT6
Used module:     $paramod$4686127b1d9271139f97e4f1e7802033a0df1020\GTP_LUT6
Used module:     $paramod\GTP_LUT5\INIT=32'00000000000000000000100010001100
Used module:     $paramod\GTP_LUT5\INIT=32'00110000001100100011001000110011
Used module:     $paramod$952583f6bb939a3dd49fa389533918d6b282ec22\GTP_LUT6
Used module:     $paramod$17120a48b64ae84dd8c293e961046b7419bc9579\GTP_LUT6
Used module:     $paramod$0779447c276dcab1d563d04d44178dc247772f29\GTP_LUT6
Used module:     $paramod$bfde43f9375641a8be061bcf417c25d0e8103358\GTP_LUT6
Used module:     $paramod$c9f7f5a0862a8e021924eb606375bda67de87651\GTP_LUT6
Used module:     $paramod$81ba87d54c21532813300cb655121f15a1230944\GTP_LUT6
Used module:     $paramod$589b7d3e154887be9653efbfa8b3cc4c0e8c4929\GTP_LUT6
Used module:     $paramod$b9312bd528a822c4fdb3b9122fd1dfb8eba6669d\GTP_LUT6
Used module:     $paramod$e686b098053cd414656537e7d2a6abd8dd2b86c2\GTP_LUT6
Used module:     $paramod$a1411f21d3b03467b79063cf0edcb16171722d0f\GTP_LUT6
Used module:     $paramod\GTP_LUT5\INIT=32'00000010001000110011001100110011
Used module:     $paramod$ff8a3a9cae2b296fb00e3d4bcbaaaa0f00efcfe7\GTP_LUT6
Used module:     $paramod$fc953bdacc2c16756a9a94de7d0e6faec0ef7b2c\GTP_LUT6
Used module:     $paramod$8b269a9601a1c2f86594cffafb384afa80e3be82\GTP_LUT6
Used module:     $paramod$52c6d6aae9c420e21ef160dc3bd3a9e207a49a87\GTP_LUT6
Used module:     $paramod$72f9764faa985f440b4e6122bcd198c3bff9d705\GTP_LUT6
Used module:     $paramod\GTP_LUT4\INIT=16'0101000111110011
Used module:     $paramod\GTP_LUT4\INIT=16'1010100011111100
Used module:     $paramod$bc32f1be3c9294961ff3a49ec8633e9977db386d\GTP_LUT6
Used module:     $paramod$e63c159b35ee1e004d0dfbe18c7d1bcee97d88dc\GTP_LUT6
Used module:     $paramod$d486abd9e80407aa353234a3476c9c2f92dbf8c1\GTP_LUT6
Used module:     $paramod$2b5cf3a5ccd8e2d0ee7eceee2cb0b3ee09561ad9\GTP_LUT6
Used module:     $paramod\GTP_LUT5\INIT=32'01001101010011010100010001001101
Used module:     $paramod\GTP_LUT4\INIT=16'1111110100000010
Used module:     $paramod\GTP_LUT4\INIT=16'0110011011000110
Used module:     $paramod$445fdb89258ad130e7eb60ed8a932724ba3d680f\GTP_LUT6
Used module:     $paramod\GTP_LUT5\INIT=32'00110011001100110000001000100011
Used module:     $paramod\GTP_LUT5\INIT=32'10100000101000001010000000100000
Used module:     $paramod$9a285ca7fed26747ea68d095c467744b6684435d\GTP_LUT6
Used module:     $paramod$f9a5ea7271730c6b20d427d62cac10e0f7fd5d86\GTP_LUT6
Used module:     $paramod$b1539141452e0a2b94ff30f0de8a9a7e729bbab4\GTP_LUT6
Used module:     $paramod$cf0da921945fbe3029e0fa0b3acd583ef18e239c\GTP_LUT6
Used module:     $paramod$7b0c73519fb255ce2a68987346b154b57b7621f1\GTP_LUT6
Used module:     $paramod$fc0336002b9e74f03271b8bdf71123f7f5d8342e\GTP_LUT6
Used module:     $paramod$3b5e6f2153617dac130c92754d21f45a0e3a3f0a\GTP_LUT6
Used module:     $paramod$9c37dca14f3098da3339e04db75aa4c0ac850124\GTP_LUT6
Used module:     $paramod$6a0e29a638a6d52f34b65858cd9b18e08ce6bc17\GTP_LUT6
Used module:     $paramod\GTP_LUT5\INIT=32'00000000111111110000110111110010
Used module:     $paramod$455d3e6243b0f82ae476b6f6c7207731d7a57684\GTP_LUT6
Used module:     $paramod$3fe54cb96b6b7039a9fe4b8ca225ed91d4f2fb9d\GTP_LUT6
Used module:     $paramod$6adbb5576978ff9ba133d9651988f7e74178d6ee\GTP_LUT6
Used module:     $paramod\GTP_LUT5\INIT=32'00001111110001111100011111110101
Used module:     $paramod\GTP_LUT5\INIT=32'00000000000000000000000011010100
Used module:     $paramod$556144c6a90de35e2bcc4725d12ab5b66f81419f\GTP_LUT6
Used module:     $paramod$6e3fd2efcfe9505d7867db98eb748b7c61095d51\GTP_LUT6
Used module:     $paramod\GTP_LUT5\INIT=32'11111110110101001111111111010101
Used module:     $paramod$623b42aabed79539031b27917b7030fa960c24c1\GTP_LUT6
Used module:     $paramod$8a0e09ef77fedb6bd426c76ada6898711f686d55\GTP_LUT6
Used module:     $paramod$d3289f9cfde2a04e416fe4d88b01f7d7ca5d40f7\GTP_LUT6
Used module:     $paramod$4832a54f8a2982c6b384daa1146ed1fd3177c0c6\GTP_LUT6
Used module:     $paramod$10b2ee07820c2c9cd093229185c8db603726cd3c\GTP_LUT6
Used module:     $paramod$5ff4cc589e4ffdef010b47e015096b04becde606\GTP_LUT6
Used module:     $paramod$754354b0305f8a2f5a7a53539f4c9c8ae2610cc5\GTP_LUT6
Used module:     $paramod$7721a0fe422e85d12d070aa3afa38fcc3ca5ac0a\GTP_LUT6
Used module:     $paramod$d5b0c2c8fd272171cb63f14b4a2019f7541b260f\GTP_LUT6
Used module:     $paramod\GTP_LUT5\INIT=32'01101010101001101001010101011001
Used module:     $paramod$a16f33054744ba728e39caa65360b6bdd72e676a\GTP_LUT6
Used module:     $paramod\GTP_LUT5\INIT=32'11001110111011110000100010001100
Used module:     $paramod$aec3e9d1124375d52c93d8319bb359caa9c5691a\GTP_LUT6
Used module:     $paramod$b649eec58de10ab4d27eb53ed30711523fd8663a\GTP_LUT6
Used module:     $paramod$23601e5cb9f63fe51e6b63d3dec6e8f68bea2838\GTP_LUT6
Used module:     $paramod\GTP_LUT4\INIT=16'0000000011111110
Used module:     $paramod\GTP_LUT4\INIT=16'1100010001000000
Used module:     $paramod$6a701308dba06156c9cc6191d0103068f4742eb4\GTP_LUT6
Used module:     $paramod\GTP_LUT5\INIT=32'00001100100000001000000000001100
Used module:     $paramod$35255bb40e9ea76eaf6b2bc628c552f8443d3061\GTP_LUT6
Used module:     $paramod$8e980a2800191f411a4d155217177d6357503c10\GTP_LUT6
Used module:     $paramod$275adf4f1afa984b3c2dfb5d4c8a08336e065cec\GTP_LUT6
Used module:     $paramod$064fbb357aee6fab55e3117f328cb160877bc24f\GTP_LUT6
Used module:     $paramod\GTP_LUT5\INIT=32'10010101011010100101100110100110
Used module:     $paramod$e824169a003c44ae43d1411f3039ba6bdc655110\GTP_LUT6
Used module:     $paramod$f6266171795490f788c1b37faade63512f7a779b\GTP_LUT6
Used module:     $paramod$cc8f85dfa195b3de0deaa4212f717ace0211cd6c\GTP_LUT6
Used module:     $paramod\GTP_LUT5\INIT=32'00101000000010101010000000101000
Used module:     $paramod$f8fd85dfbf3caed340cb041640260410752055d5\GTP_LUT6
Used module:     $paramod$6e0379e48791fba29a0e4d2913837e443d769f63\GTP_LUT6
Used module:     $paramod$a5bfbe87837875300c9f1fea49f03a0de391544d\GTP_LUT6
Used module:     $paramod\GTP_LUT5\INIT=32'00000000111011100000111000000000
Used module:     $paramod\GTP_LUT4\INIT=16'0001001100000001
Used module:     $paramod$1ea2cb55382a4d89d5985a0e6e7f6b1da1716543\GTP_LUT6
Used module:     $paramod$a0b6f1228bf3aab5c60b57f411e4cd259be43e54\GTP_LUT6
Used module:     $paramod$2d03ec4e0a47a703691f37233ab81a9f60eeabc5\GTP_LUT6
Used module:     $paramod$aff6dabe6eea899484c18966d2c12e769de9c26d\GTP_LUT6
Used module:     $paramod\GTP_LUT4\INIT=16'1011101110110001
Used module:     $paramod$015ecd4480ef568c1a4e4e755436c0f2d4941ed9\GTP_LUT6
Used module:     $paramod$153ea1a5584cc69bf9f5165284f83309a21a2c5a\GTP_LUT6
Used module:     $paramod\GTP_LUT4\INIT=16'1111111000001110
Used module:     $paramod$d6f1e464b6f1ac52a764c9133776313e3ed548c9\GTP_LUT6
Used module:     $paramod$831d9bf6da33156e4d5a415989e0665b5fabda89\GTP_LUT6
Used module:     $paramod$3766fdcd4040910e36f46d206c6cc171150b62e4\GTP_LUT6
Used module:     $paramod\GTP_LUT5D\INIT=32'00000000000011110001000100010001
Used module:     $paramod\GTP_LUT5D\INIT=32'00000011000000110000000010101010
Used module:     $paramod\GTP_LUT5D\INIT=32'00010001000100010000000000001111
Used module:     $paramod$b2cb7b86a0a79717531eeb9e41bf65bbd0fe85e3\GTP_LUT6D
Used module:     $paramod$378e6a18678f3f1abdbede1d60bddb9c418f1599\GTP_LUT6D
Used module:     $paramod$63d5089ccc02aa2b58f176433cf120026134753a\GTP_LUT6D
Used module:     $paramod$6111a85c704306f4d28503f1c74c1548dc9ccb2d\GTP_LUT6D
Used module:     $paramod\GTP_LUT5D\INIT=32'11010010011110000011000011110011
Used module:     $paramod$28c704293d7ea26b8386d1459afc113700ea1a3f\GTP_LUT6D
Used module:     $paramod\GTP_LUT5D\INIT=32'00001100110011110111110110000010
Used module:     $paramod$15ab9cc93c32fd762aa89317e36ef4454e834257\GTP_LUT6D
Used module:     $paramod$864ea7fd7881e4376c9bb3334aec30eea4060153\GTP_LUT6D
Used module:     $paramod\GTP_LUT5D\INIT=32'11010111001010000011111100000011
Used module:     $paramod\GTP_LUT5D\INIT=32'11001111000011000111110110000010
Used module:     $paramod$ac96710ec1f6dd52d40ed6133f7d30742f22ffee\GTP_LUT6D
Used module:     $paramod$4fb71fa2f8e48f7156bfce02efb80bb0849bfdf8\GTP_LUT6D
Used module:     $paramod$04a89946dec9993576d6f89bc9a5c7a0bd41fe93\GTP_LUT6D
Used module:     $paramod\GTP_LUT5D\INIT=32'01111101100000100000110011001111
Used module:     $paramod\GTP_LUT5D\INIT=32'11000000000010001111010100001111
Used module:     $paramod\GTP_LUT5D\INIT=32'01111101100000101100111100001100
Used module:     $paramod\GTP_LUT5D\INIT=32'00110000111100111101001001111000
Used module:     $paramod$02328b23e5c1c17d626416fe25eecfc9cab7d090\GTP_LUT6D
Used module:     $paramod\GTP_LUT5D\INIT=32'00000011001111111101001001111000
Used module:     $paramod$ff0fdc1d065039b87e2452fdf815b3a8dd6572c5\GTP_LUT6D
Used module:     $paramod\GTP_LUT5D\INIT=32'11110011001100000111100011010010
Used module:     $paramod$e04504a05912c424d343188e076b7aaad18e7b03\GTP_LUT6D
Used module:     $paramod$e955d2f5b0f3bc1709cd40863909c7a4ee81e875\GTP_LUT6D
Used module:     $paramod\GTP_LUT5D\INIT=32'00111111000000111000011100101101
Used module:     $paramod\GTP_LUT5D\INIT=32'00001100100000000101111111110000
Used module:     $paramod\GTP_LUT5D\INIT=32'11001111000011001000001001111101
Used module:     $paramod$0c4fa5044c97851d2b95ea85f743923bae5a4cb0\GTP_LUT6D
Used module:     $paramod$edfc4bdcee0d5bc0b900aee876b7df7af518cf7b\GTP_LUT6D
Used module:     $paramod$a7a186fde49cc407c42b3971431dc677ca6c13dd\GTP_LUT6D
Used module:     $paramod\GTP_LUT5D\INIT=32'11001100000000001111000001011111
Used module:     $paramod\GTP_LUT5D\INIT=32'10000111001011011111001100110000
Used module:     $paramod$ea4ef07ccefb103b05cf09c7066868877c4953c8\GTP_LUT6D
Used module:     $paramod\GTP_LUT5D\INIT=32'10000000000011001111000001011111
Used module:     $paramod\GTP_LUT5D\INIT=32'01111101100000100011000011110011
Used module:     $paramod$5ae76c7ff3dfa225407a4b0b851af592c34dd93e\GTP_LUT6D
Used module:     $paramod\GTP_LUT5D\INIT=32'10001100101011110000000011001100
Used module:     $paramod$ff85bc64b641207c03d34a385db0a258270459a3\GTP_LUT6D
Used module:     $paramod$6bc993654039e2827a1c1eeedd8553744be3b110\GTP_LUT6D
Used module:     $paramod$63e73573a24b8f50725dd1864e87a003ff66f512\GTP_LUT6D
Used module:     $paramod$3e5b807766015b724f0bce7e61e769841e7686e3\GTP_LUT6D
Used module:     $paramod\GTP_LUT5D\INIT=32'11110011001100001000011100101101
Used module:     $paramod$adf42868dae4d0ed8aacba1b972f7f1e0960e06c\GTP_LUT6D
Used module:     $paramod\GTP_LUT5D\INIT=32'00001000110000000000111111110101
Used module:     $paramod\GTP_LUT5D\INIT=32'01111101100000101111001100110000
Used module:     $paramod$841b644dce1d3e2efa95444b578088626ccd4e03\GTP_LUT6D
Used module:     $paramod$92a2a561066ffeb49df92565246c7c659bddac14\GTP_LUT6D
Used module:     $paramod$cac63f0147b5dce0a51fba836587eae87ef3c76c\GTP_LUT6D
Used module:     $paramod$c166a8f9724b967809c29e0116e06d910bb6b94c\GTP_LUT6D
Used module:     $paramod$92b8ba13f5b96cfaefeae5d3445960b7eff84513\GTP_LUT6D
Used module:     $paramod$2984f07ff6e73060f3a422da0618a2a2d739b56d\GTP_LUT6D
Used module:     $paramod\GTP_LUT5D\INIT=32'00111100001111000000010101010101
Used module:     $paramod$6795620671c17b62213cfaaa1b79f793ced5d55d\GTP_LUT6D
Used module:     $paramod\GTP_LUT5D\INIT=32'01111000110100101111001100110000
Used module:     $paramod\GTP_LUT5D\INIT=32'10000000000011001111010100001111
Used module:     $paramod$a0d9c641d4d8a474ec76757bc3bd873e58d341c8\GTP_LUT6D
Used module:     $paramod$31e8907e9b0cf5fd74eb2c7e881726065936fcd3\GTP_LUT6D
Used module:     $paramod$ac8f02e30627d20650679adfa70e7046c31d0f0e\GTP_LUT6D
Used module:     $paramod$bfc650ce926923a1d0d50332f216d2ee3aaeba78\GTP_LUT6D
Used module:     $paramod\GTP_LUT5D\INIT=32'00110000111100111000001001111101
Used module:     $paramod$ab5dc02b37d4c2fe7a3bc6887d0f8723696d25ae\GTP_LUT6D
Used module:     $paramod$1fc9573ef1b1c9e62b785a4cf0e3446758480846\GTP_LUT6D
Used module:     $paramod\GTP_LUT4D\INIT=16'0001000101100011
Used module:     $paramod$1c3698a14832cbcc3fcb87949d061f66090bbeb9\GTP_LUT6D
Used module:     $paramod\GTP_LUT5D\INIT=32'11000100010000001111010101010000
Used module:     $paramod\GTP_LUT4D\INIT=16'0001000110001000
Used module:     $paramod$19a8e93cfae93ea1a98110f7b4d10ad662e6e83a\GTP_LUT6D
Used module:     $paramod\GTP_LUT5D\INIT=32'10000010011111010000110011001111
Used module:     $paramod\GTP_LUT5D\INIT=32'00001010111100000000001100110001
Used module:     $paramod\GTP_LUT5D\INIT=32'00001100100000000000111111110101
Used module:     $paramod\GTP_LUT5D\INIT=32'00111111000101010101010100000000
Used module:     $paramod\GTP_LUT5D\INIT=32'11001000111110100000000011001100
Used module:     $paramod\GTP_LUT5D\INIT=32'00001100000011001000101011001111
Used module:     $paramod$fc88263ce2da834fa10059eeedfe719e00cbea99\GTP_LUT6D
Used module:     $paramod$eb32c6db3e46969bae760a36fb691a0562d13055\GTP_LUT6D
Used module:     $paramod$b932bba63f663dbdc8d8b3d7640f9cc5d616b08c\GTP_LUT6D
Used module:     $paramod$7396a41776b6ef4c06957c2a718968292625e74e\GTP_LUT6D
Used module:     $paramod$d1aa774939e2a62dc228c89fa9913333eeada3e9\GTP_LUT6D
Used module:     $paramod$a12499ca2b920726178627e855e9a48525f5a132\GTP_LUT6D
Used module:     $paramod$3c9483d68db16fdf1a5119ecd2be79f721334d36\GTP_LUT6D
Used module:     $paramod$325b7cd9031613e0e02ef3a0e4a4f856c0495976\GTP_LUT6D
Used module:     $paramod$046b49679c129abc3bb795fa5df4cdd42f2367db\GTP_LUT6D
Used module:     $paramod$9b1a5223c76352fcc1c793a2432caeaaf6392e52\GTP_LUT6D
Used module:     $paramod$106bca52f25687b7b36deda9eb890b41f4c2edef\GTP_LUT6D
Used module:     $paramod$f38274cf2d1601aadc3e5f1fd3a27bc6d1b6676e\GTP_LUT6D
Used module:     $paramod\GTP_LUT5D\INIT=32'11111101000000100011001100110000
Used module:     $paramod$6742cc3127ac1e5bcb8d8e2e88e68c61368a4124\GTP_LUT6D
Used module:     $paramod$f177d16db36e12b432a09aaf52c208eb88aece2a\GTP_LUT6D
Used module:     $paramod$b4fe5476b27b74d056fa56c9476dea79ca91189c\GTP_LUT6D
Used module:     $paramod$e269225441fee383265418c354f9869ee4f54875\GTP_LUT6D
Used module:     $paramod$99ec93697b88d5a6c3ff8f39565f357c94af81c2\GTP_LUT6D
Used module:     $paramod$a4a82ef1d4327a842a2ac8ec55babeeb03653df6\GTP_LUT6D
Used module:     $paramod\GTP_LUT5D\INIT=32'10000010011111010011000011110011
Used module:     $paramod\GTP_LUT5D\INIT=32'00111111000000110111100011010010
Used module:     $paramod\GTP_LUT5D\INIT=32'00110011001110010000000011110011
Used module:     $paramod\GTP_LUT5D\INIT=32'11000000010011000001001100110000
Used module:     $paramod$a54f13e080fc2b3fdab90c7fca1e92f8ef45ba62\GTP_LUT6D
Used module:     $paramod\GTP_LUT5D\INIT=32'00111001100111001100010001000000
Used module:     $paramod$a91734b5307ab09f27c4fc9d7894ba293aff6860\GTP_LUT6D
Used module:     $paramod$6f7a45ec89b7c66d72f54857a0f7b32a4df3485f\GTP_LUT6D
Used module:     $paramod$e676d257bdf0125dc09fdc3a27e1d8952538b66a\GTP_LUT6D
Used module:     $paramod$047321e0ce71857abacba1a2ab89e6b7d2b8782c\GTP_LUT6D
Used module:     $paramod\GTP_LUT5D\INIT=32'01111000110100100011111100000011
Used module:     $paramod$afe824a38ed45f1f8d7982dcda9bedfb0151afe2\GTP_LUT6D
Used module:     $paramod$1a789aa6bebf65c38fb7f0ca998388c91a832b8f\GTP_LUT6D
Used module:     $paramod$cc923bcae66b752b468befadfec21c2493493fe7\GTP_LUT6D
Used module:     $paramod$8aba21287851d627d35d91ef7a6c4d5f09b0426d\GTP_LUT6D
Used module:     $paramod$ea058650f6f1ec8d4b1c7037841e212b6b46b99b\GTP_LUT6D
Used module:     $paramod\GTP_LUT5D\INIT=32'11111111000011110010001000100010
Used module:     $paramod\GTP_LUT5D\INIT=32'11011111110011011000000000001010
Used module:     $paramod\GTP_LUT5D\INIT=32'10100000101000001100100011111010
Used module:     $paramod$981a980f7a9c3d703e926cf066f23f26e1d21039\GTP_LUT6D
Used module:     $paramod\GTP_LUT5D\INIT=32'11011111110011010010101010100000
Used module:     $paramod$565798c86d4c941a02683b831cb034137a51b359\GTP_LUT6D
Used module:     $paramod\GTP_LUT5D\INIT=32'11000000111111001000011100101101
Used module:     $paramod\GTP_LUT4D\INIT=16'0010001001000100
Used module:     $paramod$ba36841b1da98bfa38169fa4b2f56c7ddd39257b\GTP_LUT6D
Used module:     $paramod$591822d30d73c3baabf73b235cb132a469af9145\GTP_LUT6D
Used module:     $paramod$3a41e53752ae0fe1bfd1819b292edb18b15662c2\GTP_LUT6D

3.329. Analyzing design hierarchy..
Top module:  \/Users/yoyowang/Desktop/benchmark/sqrt.aig
Used module:     $paramod$ad9e2d3baac0fe87ed679e45e0968028e501f12b\GTP_LUT6
Used module:     $paramod\GTP_LUT5\INIT=32'00000000000000001101111110001111
Used module:     $paramod\GTP_LUT5\INIT=32'11000100110011001000000010001000
Used module:     $paramod\GTP_LUT5\INIT=32'00001101000010000010111101111111
Used module:     $paramod$ef3cc5da301ed9bfe44b39b3fea70f96bcc9e5bd\GTP_LUT6
Used module:     $paramod$e1513f5c19d62423181ff4c582d2510505ba6002\GTP_LUT6
Used module:     $paramod$110d5d0540a6a1687c14b363532825e0ca233006\GTP_LUT6
Used module:     $paramod\GTP_LUT5\INIT=32'01000000010000000100000011001000
Used module:     $paramod$2ce09dc0b8049bec1f386e6a4f9cd2edb0c3b2ed\GTP_LUT6
Used module:     $paramod$b9efae4d8d49dd829edcc803e2dd24488eae7797\GTP_LUT6
Used module:     $paramod$faadfbce9aec5860350c941f014058f2c932bfb5\GTP_LUT6
Used module:     $paramod\GTP_LUT5\INIT=32'10010110110000110110011000110011
Used module:     $paramod\GTP_LUT5\INIT=32'00000000000000000010111101111111
Used module:     $paramod\GTP_LUT5\INIT=32'01101001001111001001100111001100
Used module:     $paramod$86f9906103e8fc19235c85b7ceabae06eb43c373\GTP_LUT6
Used module:     $paramod$a5be1c4808c883f563053539778990037d2d5481\GTP_LUT6
Used module:     $paramod\GTP_LUT4\INIT=16'0111100011010010
Used module:     $paramod\GTP_LUT4\INIT=16'0101011010011010
Used module:     $paramod$d2afb1cb2b4c539086d411af8b70bde4b1f6214f\GTP_LUT6
Used module:     $paramod\GTP_LUT4\INIT=16'0111110110000010
Used module:     $paramod$6191c5fd7bcfaaff37808c3297a2620807ea9213\GTP_LUT6
Used module:     $paramod\GTP_LUT5\INIT=32'00110001111101110001000001110011
Used module:     $paramod$6c2da2995a9a552dc29dc83bb5bdccf018f7b262\GTP_LUT6
Used module:     $paramod$1ac6f3b5fae68c1e1b28c69d7ac2d00160e77fde\GTP_LUT6
Used module:     $paramod$938b553e9006f90bbbcc312c4a1d200b82171030\GTP_LUT6
Used module:     $paramod\GTP_LUT5\INIT=32'11101111100011001100111000001000
Used module:     $paramod\GTP_LUT5\INIT=32'11001000110010000100000011001000
Used module:     $paramod\GTP_LUT5\INIT=32'00010000011100110011000111110111
Used module:     $paramod\GTP_LUT5\INIT=32'01011010010110100110011001011010
Used module:     $paramod\GTP_LUT5\INIT=32'11110111001100010111001100010000
Used module:     $paramod$82641c6c77dc6fde27fa483fcd073141a77b7c73\GTP_LUT6
Used module:     $paramod\GTP_LUT4\INIT=16'1101001001111000
Used module:     $paramod\GTP_LUT5\INIT=32'00001101001011110000100001111111
Used module:     $paramod$2b8a633d22fdba6cb860910815984a0efd9868eb\GTP_LUT6
Used module:     $paramod$ac322abe1352d00788da342d809764297918a223\GTP_LUT6
Used module:     $paramod\GTP_LUT5\INIT=32'10001100111011110000100011001110
Used module:     $paramod\GTP_LUT4\INIT=16'1101011100101000
Used module:     $paramod\GTP_LUT4\INIT=16'1001001110011001
Used module:     $paramod$89e4f60ba9ba2575910582725390b5f45a3b0c2d\GTP_LUT6
Used module:     $paramod\GTP_LUT5\INIT=32'00000100000001001000110000000100
Used module:     $paramod\GTP_LUT3\INIT=8'00010101
Used module:     $paramod$9a97d69e6250cee5113f49459ed2110fc711c59b\GTP_LUT6
Used module:     $paramod$581229e3bd4d18bbf9031d1fdaf65647ada5637d\GTP_LUT6
Used module:     $paramod$7bd23b6eec1e989d865f12ae410c49b224445599\GTP_LUT6
Used module:     $paramod\GTP_LUT5\INIT=32'11011101110111010100010001001101
Used module:     $paramod\GTP_LUT5\INIT=32'01110011000100001111011100110001
Used module:     $paramod$fae92b70435d2452042dc5d151313cfa0638e19d\GTP_LUT6
Used module:     $paramod$80f99d234a25a6e0536450028dd8da76ef60284a\GTP_LUT6
Used module:     $paramod\GTP_LUT5\INIT=32'00001110111111100000000000000000
Used module:     $paramod$f18fe4a36863e2e493b6f67998a69eae5007968c\GTP_LUT6
Used module:     $paramod\GTP_LUT5\INIT=32'11101110111011101000100010001110
Used module:     $paramod\GTP_LUT3\INIT=8'01010001
Used module:     $paramod$91e9d86e747838dc39c46d6943f5d40dd044b44f\GTP_LUT6
Used module:     $paramod$a970cf44c1508e41ba7a6da410b3603006670256\GTP_LUT6
Used module:     $paramod$d66a7553a13cf71dacb4a9d0dcc28942533ae0fa\GTP_LUT6
Used module:     $paramod$19e8730f01981c9c9578e92a66a73c479c6e801d\GTP_LUT6
Used module:     $paramod\GTP_LUT5\INIT=32'01111111000100110011011100000001
Used module:     $paramod\GTP_LUT5\INIT=32'11111001111111000000100100001100
Used module:     $paramod\GTP_LUT4\INIT=16'1001100100111001
Used module:     $paramod$3fd5d139fd2b19ffc7751270d7d61be34909ccb7\GTP_LUT6
Used module:     $paramod$035de34368019fb32107e33d3d2d9f9818aaba30\GTP_LUT6
Used module:     $paramod\GTP_LUT5\INIT=32'11100001000011111110000111110000
Used module:     $paramod$f7103cd2e51c68e0298950123727ed6b77c00d21\GTP_LUT6
Used module:     $paramod$a9b2083fad3293c392dca47a3cc1b7a60de221c6\GTP_LUT6
Used module:     $paramod$e5459f1d00d45034e3c5558ae64d38947959c9a4\GTP_LUT6
Used module:     $paramod$54e5d3ac8766f139f7d2f8ae227aed6a9b2994b2\GTP_LUT6
Used module:     $paramod$6db6a6e9ea450ba7c97151f52348322ee1090e39\GTP_LUT6
Used module:     $paramod$0f70a2e6a68658e2794db27f314a2d5b7fe28a8f\GTP_LUT6
Used module:     $paramod$9e46f84a2aabf5362add5a9117435fd75dfa163a\GTP_LUT6
Used module:     $paramod$01688d0791fcf8a2e7fad64ab86fc8e1b9af73d9\GTP_LUT6
Used module:     $paramod\GTP_LUT5\INIT=32'00001000100111100001110011011111
Used module:     $paramod\GTP_LUT3\INIT=8'01100011
Used module:     $paramod\GTP_LUT5\INIT=32'10111011101110110010001000101011
Used module:     $paramod$48b50617ef81380947632babc67a0ce4089391e4\GTP_LUT6
Used module:     $paramod\GTP_LUT5\INIT=32'01110001011100010101000001110001
Used module:     $paramod\GTP_LUT4\INIT=16'0000111100101101
Used module:     $paramod$e0431b7a23684631772d198c9527d9769c5d3d90\GTP_LUT6
Used module:     $paramod$d80d44bc0b910f06313c33c1da9aa76693bd612c\GTP_LUT6
Used module:     $paramod$f3525fc33c58ead951f96dd67a041e71ecf24914\GTP_LUT6
Used module:     $paramod$3ff33c563fa0bd3bffdb0745c8320b22ccc827c4\GTP_LUT6
Used module:     $paramod\GTP_LUT5\INIT=32'11001110000010001110111110001100
Used module:     $paramod\GTP_LUT5\INIT=32'00001000110011101000110011101111
Used module:     $paramod$75543a2e08dc66994b36885e659d27ed604ae873\GTP_LUT6
Used module:     $paramod\GTP_LUT3\INIT=8'01000101
Used module:     $paramod$7daf9d7daba10753985791fc6511fed36c64adc8\GTP_LUT6
Used module:     $paramod$c0ef0ad5baed0422eadc499612311eb559272237\GTP_LUT6
Used module:     $paramod$d03f76a0ee7a7a6eceda13753011bc8c7555ee22\GTP_LUT6
Used module:     $paramod$7a04fc527ce8b8c2a79407474e6c0b17d8810811\GTP_LUT6
Used module:     $paramod\GTP_LUT5\INIT=32'00000011001000110010001100110011
Used module:     $paramod$3aa13584a2efbe3eb6f925684456acaac1e5e526\GTP_LUT6
Used module:     $paramod$8adf6eeb990d7ea1e1746567e0d9fd3a22e1340c\GTP_LUT6
Used module:     $paramod\GTP_LUT5\INIT=32'10000000001000000111000011010000
Used module:     $paramod\GTP_LUT4\INIT=16'1000011100101101
Used module:     $paramod\GTP_LUT5\INIT=32'11101110000000000000000011100000
Used module:     $paramod$bf6a843f8e065b2db715682f73d9ceea17637ca1\GTP_LUT6
Used module:     $paramod$212ce34d8e098267404d723d2c78347cef6f4099\GTP_LUT6
Used module:     $paramod\GTP_LUT4\INIT=16'1111010100110001
Used module:     $paramod\GTP_LUT5\INIT=32'11001000111111101000000011101100
Used module:     $paramod$74dae95116d32acbbe307825f65eb6530391fd68\GTP_LUT6
Used module:     $paramod\GTP_LUT5\INIT=32'00100011000000110011001100100011
Used module:     $paramod$bd3a23bad083b6a056dd2665bf0551367e63417c\GTP_LUT6
Used module:     $paramod\GTP_LUT4\INIT=16'0000000100000011
Used module:     $paramod$9db7cbcba5883605ceafd03ce5b0945e68cae752\GTP_LUT6
Used module:     $paramod$616acd0bfa3854b2b152bc633b3120e9c2e6e42c\GTP_LUT6
Used module:     $paramod$933fc9909c4523777c7ba5f2e898424b3323b979\GTP_LUT6
Used module:     $paramod\GTP_LUT4\INIT=16'1000101011001111
Used module:     $paramod\GTP_LUT4\INIT=16'1111001101010001
Used module:     $paramod$9a45e2cbb9afdcdb28d504d2a55f4a91384749d3\GTP_LUT6
Used module:     $paramod$09259db225d769ce8527a5eada93fb5a1409294b\GTP_LUT6
Used module:     $paramod$3448f070da6cbec34cea01dc465c7e96a4dbd44d\GTP_LUT6
Used module:     $paramod$0ee9485909187e4f9c3847e270f72146922ab9b4\GTP_LUT6
Used module:     $paramod$4686127b1d9271139f97e4f1e7802033a0df1020\GTP_LUT6
Used module:     $paramod\GTP_LUT5\INIT=32'00000000000000000000100010001100
Used module:     $paramod\GTP_LUT5\INIT=32'00110000001100100011001000110011
Used module:     $paramod$952583f6bb939a3dd49fa389533918d6b282ec22\GTP_LUT6
Used module:     $paramod$17120a48b64ae84dd8c293e961046b7419bc9579\GTP_LUT6
Used module:     $paramod$0779447c276dcab1d563d04d44178dc247772f29\GTP_LUT6
Used module:     $paramod$bfde43f9375641a8be061bcf417c25d0e8103358\GTP_LUT6
Used module:     $paramod$c9f7f5a0862a8e021924eb606375bda67de87651\GTP_LUT6
Used module:     $paramod$81ba87d54c21532813300cb655121f15a1230944\GTP_LUT6
Used module:     $paramod$589b7d3e154887be9653efbfa8b3cc4c0e8c4929\GTP_LUT6
Used module:     $paramod$b9312bd528a822c4fdb3b9122fd1dfb8eba6669d\GTP_LUT6
Used module:     $paramod$e686b098053cd414656537e7d2a6abd8dd2b86c2\GTP_LUT6
Used module:     $paramod$a1411f21d3b03467b79063cf0edcb16171722d0f\GTP_LUT6
Used module:     $paramod\GTP_LUT5\INIT=32'00000010001000110011001100110011
Used module:     $paramod$ff8a3a9cae2b296fb00e3d4bcbaaaa0f00efcfe7\GTP_LUT6
Used module:     $paramod$fc953bdacc2c16756a9a94de7d0e6faec0ef7b2c\GTP_LUT6
Used module:     $paramod$8b269a9601a1c2f86594cffafb384afa80e3be82\GTP_LUT6
Used module:     $paramod$52c6d6aae9c420e21ef160dc3bd3a9e207a49a87\GTP_LUT6
Used module:     $paramod$72f9764faa985f440b4e6122bcd198c3bff9d705\GTP_LUT6
Used module:     $paramod\GTP_LUT4\INIT=16'0101000111110011
Used module:     $paramod\GTP_LUT4\INIT=16'1010100011111100
Used module:     $paramod$bc32f1be3c9294961ff3a49ec8633e9977db386d\GTP_LUT6
Used module:     $paramod$e63c159b35ee1e004d0dfbe18c7d1bcee97d88dc\GTP_LUT6
Used module:     $paramod$d486abd9e80407aa353234a3476c9c2f92dbf8c1\GTP_LUT6
Used module:     $paramod$2b5cf3a5ccd8e2d0ee7eceee2cb0b3ee09561ad9\GTP_LUT6
Used module:     $paramod\GTP_LUT5\INIT=32'01001101010011010100010001001101
Used module:     $paramod\GTP_LUT4\INIT=16'1111110100000010
Used module:     $paramod\GTP_LUT4\INIT=16'0110011011000110
Used module:     $paramod$445fdb89258ad130e7eb60ed8a932724ba3d680f\GTP_LUT6
Used module:     $paramod\GTP_LUT5\INIT=32'00110011001100110000001000100011
Used module:     $paramod\GTP_LUT5\INIT=32'10100000101000001010000000100000
Used module:     $paramod$9a285ca7fed26747ea68d095c467744b6684435d\GTP_LUT6
Used module:     $paramod$f9a5ea7271730c6b20d427d62cac10e0f7fd5d86\GTP_LUT6
Used module:     $paramod$b1539141452e0a2b94ff30f0de8a9a7e729bbab4\GTP_LUT6
Used module:     $paramod$cf0da921945fbe3029e0fa0b3acd583ef18e239c\GTP_LUT6
Used module:     $paramod$7b0c73519fb255ce2a68987346b154b57b7621f1\GTP_LUT6
Used module:     $paramod$fc0336002b9e74f03271b8bdf71123f7f5d8342e\GTP_LUT6
Used module:     $paramod$3b5e6f2153617dac130c92754d21f45a0e3a3f0a\GTP_LUT6
Used module:     $paramod$9c37dca14f3098da3339e04db75aa4c0ac850124\GTP_LUT6
Used module:     $paramod$6a0e29a638a6d52f34b65858cd9b18e08ce6bc17\GTP_LUT6
Used module:     $paramod\GTP_LUT5\INIT=32'00000000111111110000110111110010
Used module:     $paramod$455d3e6243b0f82ae476b6f6c7207731d7a57684\GTP_LUT6
Used module:     $paramod$3fe54cb96b6b7039a9fe4b8ca225ed91d4f2fb9d\GTP_LUT6
Used module:     $paramod$6adbb5576978ff9ba133d9651988f7e74178d6ee\GTP_LUT6
Used module:     $paramod\GTP_LUT5\INIT=32'00001111110001111100011111110101
Used module:     $paramod\GTP_LUT5\INIT=32'00000000000000000000000011010100
Used module:     $paramod$556144c6a90de35e2bcc4725d12ab5b66f81419f\GTP_LUT6
Used module:     $paramod$6e3fd2efcfe9505d7867db98eb748b7c61095d51\GTP_LUT6
Used module:     $paramod\GTP_LUT5\INIT=32'11111110110101001111111111010101
Used module:     $paramod$623b42aabed79539031b27917b7030fa960c24c1\GTP_LUT6
Used module:     $paramod$8a0e09ef77fedb6bd426c76ada6898711f686d55\GTP_LUT6
Used module:     $paramod$d3289f9cfde2a04e416fe4d88b01f7d7ca5d40f7\GTP_LUT6
Used module:     $paramod$4832a54f8a2982c6b384daa1146ed1fd3177c0c6\GTP_LUT6
Used module:     $paramod$10b2ee07820c2c9cd093229185c8db603726cd3c\GTP_LUT6
Used module:     $paramod$5ff4cc589e4ffdef010b47e015096b04becde606\GTP_LUT6
Used module:     $paramod$754354b0305f8a2f5a7a53539f4c9c8ae2610cc5\GTP_LUT6
Used module:     $paramod$7721a0fe422e85d12d070aa3afa38fcc3ca5ac0a\GTP_LUT6
Used module:     $paramod$d5b0c2c8fd272171cb63f14b4a2019f7541b260f\GTP_LUT6
Used module:     $paramod\GTP_LUT5\INIT=32'01101010101001101001010101011001
Used module:     $paramod$a16f33054744ba728e39caa65360b6bdd72e676a\GTP_LUT6
Used module:     $paramod\GTP_LUT5\INIT=32'11001110111011110000100010001100
Used module:     $paramod$aec3e9d1124375d52c93d8319bb359caa9c5691a\GTP_LUT6
Used module:     $paramod$b649eec58de10ab4d27eb53ed30711523fd8663a\GTP_LUT6
Used module:     $paramod$23601e5cb9f63fe51e6b63d3dec6e8f68bea2838\GTP_LUT6
Used module:     $paramod\GTP_LUT4\INIT=16'0000000011111110
Used module:     $paramod\GTP_LUT4\INIT=16'1100010001000000
Used module:     $paramod$6a701308dba06156c9cc6191d0103068f4742eb4\GTP_LUT6
Used module:     $paramod\GTP_LUT5\INIT=32'00001100100000001000000000001100
Used module:     $paramod$35255bb40e9ea76eaf6b2bc628c552f8443d3061\GTP_LUT6
Used module:     $paramod$8e980a2800191f411a4d155217177d6357503c10\GTP_LUT6
Used module:     $paramod$275adf4f1afa984b3c2dfb5d4c8a08336e065cec\GTP_LUT6
Used module:     $paramod$064fbb357aee6fab55e3117f328cb160877bc24f\GTP_LUT6
Used module:     $paramod\GTP_LUT5\INIT=32'10010101011010100101100110100110
Used module:     $paramod$e824169a003c44ae43d1411f3039ba6bdc655110\GTP_LUT6
Used module:     $paramod$f6266171795490f788c1b37faade63512f7a779b\GTP_LUT6
Used module:     $paramod$cc8f85dfa195b3de0deaa4212f717ace0211cd6c\GTP_LUT6
Used module:     $paramod\GTP_LUT5\INIT=32'00101000000010101010000000101000
Used module:     $paramod$f8fd85dfbf3caed340cb041640260410752055d5\GTP_LUT6
Used module:     $paramod$6e0379e48791fba29a0e4d2913837e443d769f63\GTP_LUT6
Used module:     $paramod$a5bfbe87837875300c9f1fea49f03a0de391544d\GTP_LUT6
Used module:     $paramod\GTP_LUT5\INIT=32'00000000111011100000111000000000
Used module:     $paramod\GTP_LUT4\INIT=16'0001001100000001
Used module:     $paramod$1ea2cb55382a4d89d5985a0e6e7f6b1da1716543\GTP_LUT6
Used module:     $paramod$a0b6f1228bf3aab5c60b57f411e4cd259be43e54\GTP_LUT6
Used module:     $paramod$2d03ec4e0a47a703691f37233ab81a9f60eeabc5\GTP_LUT6
Used module:     $paramod$aff6dabe6eea899484c18966d2c12e769de9c26d\GTP_LUT6
Used module:     $paramod\GTP_LUT4\INIT=16'1011101110110001
Used module:     $paramod$015ecd4480ef568c1a4e4e755436c0f2d4941ed9\GTP_LUT6
Used module:     $paramod$153ea1a5584cc69bf9f5165284f83309a21a2c5a\GTP_LUT6
Used module:     $paramod\GTP_LUT4\INIT=16'1111111000001110
Used module:     $paramod$d6f1e464b6f1ac52a764c9133776313e3ed548c9\GTP_LUT6
Used module:     $paramod$831d9bf6da33156e4d5a415989e0665b5fabda89\GTP_LUT6
Used module:     $paramod$3766fdcd4040910e36f46d206c6cc171150b62e4\GTP_LUT6
Used module:     $paramod\GTP_LUT5D\INIT=32'00000000000011110001000100010001
Used module:     $paramod\GTP_LUT5D\INIT=32'00000011000000110000000010101010
Used module:     $paramod\GTP_LUT5D\INIT=32'00010001000100010000000000001111
Used module:     $paramod$b2cb7b86a0a79717531eeb9e41bf65bbd0fe85e3\GTP_LUT6D
Used module:     $paramod$378e6a18678f3f1abdbede1d60bddb9c418f1599\GTP_LUT6D
Used module:     $paramod$63d5089ccc02aa2b58f176433cf120026134753a\GTP_LUT6D
Used module:     $paramod$6111a85c704306f4d28503f1c74c1548dc9ccb2d\GTP_LUT6D
Used module:     $paramod\GTP_LUT5D\INIT=32'11010010011110000011000011110011
Used module:     $paramod$28c704293d7ea26b8386d1459afc113700ea1a3f\GTP_LUT6D
Used module:     $paramod\GTP_LUT5D\INIT=32'00001100110011110111110110000010
Used module:     $paramod$15ab9cc93c32fd762aa89317e36ef4454e834257\GTP_LUT6D
Used module:     $paramod$864ea7fd7881e4376c9bb3334aec30eea4060153\GTP_LUT6D
Used module:     $paramod\GTP_LUT5D\INIT=32'11010111001010000011111100000011
Used module:     $paramod\GTP_LUT5D\INIT=32'11001111000011000111110110000010
Used module:     $paramod$ac96710ec1f6dd52d40ed6133f7d30742f22ffee\GTP_LUT6D
Used module:     $paramod$4fb71fa2f8e48f7156bfce02efb80bb0849bfdf8\GTP_LUT6D
Used module:     $paramod$04a89946dec9993576d6f89bc9a5c7a0bd41fe93\GTP_LUT6D
Used module:     $paramod\GTP_LUT5D\INIT=32'01111101100000100000110011001111
Used module:     $paramod\GTP_LUT5D\INIT=32'11000000000010001111010100001111
Used module:     $paramod\GTP_LUT5D\INIT=32'01111101100000101100111100001100
Used module:     $paramod\GTP_LUT5D\INIT=32'00110000111100111101001001111000
Used module:     $paramod$02328b23e5c1c17d626416fe25eecfc9cab7d090\GTP_LUT6D
Used module:     $paramod\GTP_LUT5D\INIT=32'00000011001111111101001001111000
Used module:     $paramod$ff0fdc1d065039b87e2452fdf815b3a8dd6572c5\GTP_LUT6D
Used module:     $paramod\GTP_LUT5D\INIT=32'11110011001100000111100011010010
Used module:     $paramod$e04504a05912c424d343188e076b7aaad18e7b03\GTP_LUT6D
Used module:     $paramod$e955d2f5b0f3bc1709cd40863909c7a4ee81e875\GTP_LUT6D
Used module:     $paramod\GTP_LUT5D\INIT=32'00111111000000111000011100101101
Used module:     $paramod\GTP_LUT5D\INIT=32'00001100100000000101111111110000
Used module:     $paramod\GTP_LUT5D\INIT=32'11001111000011001000001001111101
Used module:     $paramod$0c4fa5044c97851d2b95ea85f743923bae5a4cb0\GTP_LUT6D
Used module:     $paramod$edfc4bdcee0d5bc0b900aee876b7df7af518cf7b\GTP_LUT6D
Used module:     $paramod$a7a186fde49cc407c42b3971431dc677ca6c13dd\GTP_LUT6D
Used module:     $paramod\GTP_LUT5D\INIT=32'11001100000000001111000001011111
Used module:     $paramod\GTP_LUT5D\INIT=32'10000111001011011111001100110000
Used module:     $paramod$ea4ef07ccefb103b05cf09c7066868877c4953c8\GTP_LUT6D
Used module:     $paramod\GTP_LUT5D\INIT=32'10000000000011001111000001011111
Used module:     $paramod\GTP_LUT5D\INIT=32'01111101100000100011000011110011
Used module:     $paramod$5ae76c7ff3dfa225407a4b0b851af592c34dd93e\GTP_LUT6D
Used module:     $paramod\GTP_LUT5D\INIT=32'10001100101011110000000011001100
Used module:     $paramod$ff85bc64b641207c03d34a385db0a258270459a3\GTP_LUT6D
Used module:     $paramod$6bc993654039e2827a1c1eeedd8553744be3b110\GTP_LUT6D
Used module:     $paramod$63e73573a24b8f50725dd1864e87a003ff66f512\GTP_LUT6D
Used module:     $paramod$3e5b807766015b724f0bce7e61e769841e7686e3\GTP_LUT6D
Used module:     $paramod\GTP_LUT5D\INIT=32'11110011001100001000011100101101
Used module:     $paramod$adf42868dae4d0ed8aacba1b972f7f1e0960e06c\GTP_LUT6D
Used module:     $paramod\GTP_LUT5D\INIT=32'00001000110000000000111111110101
Used module:     $paramod\GTP_LUT5D\INIT=32'01111101100000101111001100110000
Used module:     $paramod$841b644dce1d3e2efa95444b578088626ccd4e03\GTP_LUT6D
Used module:     $paramod$92a2a561066ffeb49df92565246c7c659bddac14\GTP_LUT6D
Used module:     $paramod$cac63f0147b5dce0a51fba836587eae87ef3c76c\GTP_LUT6D
Used module:     $paramod$c166a8f9724b967809c29e0116e06d910bb6b94c\GTP_LUT6D
Used module:     $paramod$92b8ba13f5b96cfaefeae5d3445960b7eff84513\GTP_LUT6D
Used module:     $paramod$2984f07ff6e73060f3a422da0618a2a2d739b56d\GTP_LUT6D
Used module:     $paramod\GTP_LUT5D\INIT=32'00111100001111000000010101010101
Used module:     $paramod$6795620671c17b62213cfaaa1b79f793ced5d55d\GTP_LUT6D
Used module:     $paramod\GTP_LUT5D\INIT=32'01111000110100101111001100110000
Used module:     $paramod\GTP_LUT5D\INIT=32'10000000000011001111010100001111
Used module:     $paramod$a0d9c641d4d8a474ec76757bc3bd873e58d341c8\GTP_LUT6D
Used module:     $paramod$31e8907e9b0cf5fd74eb2c7e881726065936fcd3\GTP_LUT6D
Used module:     $paramod$ac8f02e30627d20650679adfa70e7046c31d0f0e\GTP_LUT6D
Used module:     $paramod$bfc650ce926923a1d0d50332f216d2ee3aaeba78\GTP_LUT6D
Used module:     $paramod\GTP_LUT5D\INIT=32'00110000111100111000001001111101
Used module:     $paramod$ab5dc02b37d4c2fe7a3bc6887d0f8723696d25ae\GTP_LUT6D
Used module:     $paramod$1fc9573ef1b1c9e62b785a4cf0e3446758480846\GTP_LUT6D
Used module:     $paramod\GTP_LUT4D\INIT=16'0001000101100011
Used module:     $paramod$1c3698a14832cbcc3fcb87949d061f66090bbeb9\GTP_LUT6D
Used module:     $paramod\GTP_LUT5D\INIT=32'11000100010000001111010101010000
Used module:     $paramod\GTP_LUT4D\INIT=16'0001000110001000
Used module:     $paramod$19a8e93cfae93ea1a98110f7b4d10ad662e6e83a\GTP_LUT6D
Used module:     $paramod\GTP_LUT5D\INIT=32'10000010011111010000110011001111
Used module:     $paramod\GTP_LUT5D\INIT=32'00001010111100000000001100110001
Used module:     $paramod\GTP_LUT5D\INIT=32'00001100100000000000111111110101
Used module:     $paramod\GTP_LUT5D\INIT=32'00111111000101010101010100000000
Used module:     $paramod\GTP_LUT5D\INIT=32'11001000111110100000000011001100
Used module:     $paramod\GTP_LUT5D\INIT=32'00001100000011001000101011001111
Used module:     $paramod$fc88263ce2da834fa10059eeedfe719e00cbea99\GTP_LUT6D
Used module:     $paramod$eb32c6db3e46969bae760a36fb691a0562d13055\GTP_LUT6D
Used module:     $paramod$b932bba63f663dbdc8d8b3d7640f9cc5d616b08c\GTP_LUT6D
Used module:     $paramod$7396a41776b6ef4c06957c2a718968292625e74e\GTP_LUT6D
Used module:     $paramod$d1aa774939e2a62dc228c89fa9913333eeada3e9\GTP_LUT6D
Used module:     $paramod$a12499ca2b920726178627e855e9a48525f5a132\GTP_LUT6D
Used module:     $paramod$3c9483d68db16fdf1a5119ecd2be79f721334d36\GTP_LUT6D
Used module:     $paramod$325b7cd9031613e0e02ef3a0e4a4f856c0495976\GTP_LUT6D
Used module:     $paramod$046b49679c129abc3bb795fa5df4cdd42f2367db\GTP_LUT6D
Used module:     $paramod$9b1a5223c76352fcc1c793a2432caeaaf6392e52\GTP_LUT6D
Used module:     $paramod$106bca52f25687b7b36deda9eb890b41f4c2edef\GTP_LUT6D
Used module:     $paramod$f38274cf2d1601aadc3e5f1fd3a27bc6d1b6676e\GTP_LUT6D
Used module:     $paramod\GTP_LUT5D\INIT=32'11111101000000100011001100110000
Used module:     $paramod$6742cc3127ac1e5bcb8d8e2e88e68c61368a4124\GTP_LUT6D
Used module:     $paramod$f177d16db36e12b432a09aaf52c208eb88aece2a\GTP_LUT6D
Used module:     $paramod$b4fe5476b27b74d056fa56c9476dea79ca91189c\GTP_LUT6D
Used module:     $paramod$e269225441fee383265418c354f9869ee4f54875\GTP_LUT6D
Used module:     $paramod$99ec93697b88d5a6c3ff8f39565f357c94af81c2\GTP_LUT6D
Used module:     $paramod$a4a82ef1d4327a842a2ac8ec55babeeb03653df6\GTP_LUT6D
Used module:     $paramod\GTP_LUT5D\INIT=32'10000010011111010011000011110011
Used module:     $paramod\GTP_LUT5D\INIT=32'00111111000000110111100011010010
Used module:     $paramod\GTP_LUT5D\INIT=32'00110011001110010000000011110011
Used module:     $paramod\GTP_LUT5D\INIT=32'11000000010011000001001100110000
Used module:     $paramod$a54f13e080fc2b3fdab90c7fca1e92f8ef45ba62\GTP_LUT6D
Used module:     $paramod\GTP_LUT5D\INIT=32'00111001100111001100010001000000
Used module:     $paramod$a91734b5307ab09f27c4fc9d7894ba293aff6860\GTP_LUT6D
Used module:     $paramod$6f7a45ec89b7c66d72f54857a0f7b32a4df3485f\GTP_LUT6D
Used module:     $paramod$e676d257bdf0125dc09fdc3a27e1d8952538b66a\GTP_LUT6D
Used module:     $paramod$047321e0ce71857abacba1a2ab89e6b7d2b8782c\GTP_LUT6D
Used module:     $paramod\GTP_LUT5D\INIT=32'01111000110100100011111100000011
Used module:     $paramod$afe824a38ed45f1f8d7982dcda9bedfb0151afe2\GTP_LUT6D
Used module:     $paramod$1a789aa6bebf65c38fb7f0ca998388c91a832b8f\GTP_LUT6D
Used module:     $paramod$cc923bcae66b752b468befadfec21c2493493fe7\GTP_LUT6D
Used module:     $paramod$8aba21287851d627d35d91ef7a6c4d5f09b0426d\GTP_LUT6D
Used module:     $paramod$ea058650f6f1ec8d4b1c7037841e212b6b46b99b\GTP_LUT6D
Used module:     $paramod\GTP_LUT5D\INIT=32'11111111000011110010001000100010
Used module:     $paramod\GTP_LUT5D\INIT=32'11011111110011011000000000001010
Used module:     $paramod\GTP_LUT5D\INIT=32'10100000101000001100100011111010
Used module:     $paramod$981a980f7a9c3d703e926cf066f23f26e1d21039\GTP_LUT6D
Used module:     $paramod\GTP_LUT5D\INIT=32'11011111110011010010101010100000
Used module:     $paramod$565798c86d4c941a02683b831cb034137a51b359\GTP_LUT6D
Used module:     $paramod\GTP_LUT5D\INIT=32'11000000111111001000011100101101
Used module:     $paramod\GTP_LUT4D\INIT=16'0010001001000100
Used module:     $paramod$ba36841b1da98bfa38169fa4b2f56c7ddd39257b\GTP_LUT6D
Used module:     $paramod$591822d30d73c3baabf73b235cb132a469af9145\GTP_LUT6D
Used module:     $paramod$3a41e53752ae0fe1bfd1819b292edb18b15662c2\GTP_LUT6D
Removing unused module `\GTP_LUT4D'.
Removing unused module `\GTP_LUT5D'.
Removing unused module `\GTP_LUT6D'.
Removing unused module `\GTP_LUT6'.
Removing unused module `\GTP_LUT5'.
Removing unused module `\GTP_LUT4'.
Removing unused module `\GTP_LUT3'.
Removing unused module `\GTP_LUT2'.
Removing unused module `\GTP_LUT1'.
Removed 9 unused modules.

4. Executing FLATTEN pass (flatten design).
Deleting now unused module $paramod\GTP_LUT5D\INIT=32'11011111110011011000000000001010.
Deleting now unused module $paramod\GTP_LUT5D\INIT=32'11111111000011110010001000100010.
Deleting now unused module $paramod$ea058650f6f1ec8d4b1c7037841e212b6b46b99b\GTP_LUT6D.
Deleting now unused module $paramod$8aba21287851d627d35d91ef7a6c4d5f09b0426d\GTP_LUT6D.
Deleting now unused module $paramod$cc923bcae66b752b468befadfec21c2493493fe7\GTP_LUT6D.
Deleting now unused module $paramod$1a789aa6bebf65c38fb7f0ca998388c91a832b8f\GTP_LUT6D.
Deleting now unused module $paramod$afe824a38ed45f1f8d7982dcda9bedfb0151afe2\GTP_LUT6D.
Deleting now unused module $paramod\GTP_LUT5D\INIT=32'01111000110100100011111100000011.
Deleting now unused module $paramod$047321e0ce71857abacba1a2ab89e6b7d2b8782c\GTP_LUT6D.
Deleting now unused module $paramod$e676d257bdf0125dc09fdc3a27e1d8952538b66a\GTP_LUT6D.
Deleting now unused module $paramod$6f7a45ec89b7c66d72f54857a0f7b32a4df3485f\GTP_LUT6D.
Deleting now unused module $paramod$a91734b5307ab09f27c4fc9d7894ba293aff6860\GTP_LUT6D.
Deleting now unused module $paramod\GTP_LUT5D\INIT=32'00111001100111001100010001000000.
Deleting now unused module $paramod$a54f13e080fc2b3fdab90c7fca1e92f8ef45ba62\GTP_LUT6D.
Deleting now unused module $paramod\GTP_LUT5D\INIT=32'11000000010011000001001100110000.
Deleting now unused module $paramod\GTP_LUT5D\INIT=32'00110011001110010000000011110011.
Deleting now unused module $paramod\GTP_LUT5D\INIT=32'00111111000000110111100011010010.
Deleting now unused module $paramod\GTP_LUT5D\INIT=32'10000010011111010011000011110011.
Deleting now unused module $paramod$a4a82ef1d4327a842a2ac8ec55babeeb03653df6\GTP_LUT6D.
Deleting now unused module $paramod$99ec93697b88d5a6c3ff8f39565f357c94af81c2\GTP_LUT6D.
Deleting now unused module $paramod$e269225441fee383265418c354f9869ee4f54875\GTP_LUT6D.
Deleting now unused module $paramod$b4fe5476b27b74d056fa56c9476dea79ca91189c\GTP_LUT6D.
Deleting now unused module $paramod$f177d16db36e12b432a09aaf52c208eb88aece2a\GTP_LUT6D.
Deleting now unused module $paramod$6742cc3127ac1e5bcb8d8e2e88e68c61368a4124\GTP_LUT6D.
Deleting now unused module $paramod\GTP_LUT5D\INIT=32'11111101000000100011001100110000.
Deleting now unused module $paramod$f38274cf2d1601aadc3e5f1fd3a27bc6d1b6676e\GTP_LUT6D.
Deleting now unused module $paramod$106bca52f25687b7b36deda9eb890b41f4c2edef\GTP_LUT6D.
Deleting now unused module $paramod$9b1a5223c76352fcc1c793a2432caeaaf6392e52\GTP_LUT6D.
Deleting now unused module $paramod$046b49679c129abc3bb795fa5df4cdd42f2367db\GTP_LUT6D.
Deleting now unused module $paramod$325b7cd9031613e0e02ef3a0e4a4f856c0495976\GTP_LUT6D.
Deleting now unused module $paramod$3c9483d68db16fdf1a5119ecd2be79f721334d36\GTP_LUT6D.
Deleting now unused module $paramod$a12499ca2b920726178627e855e9a48525f5a132\GTP_LUT6D.
Deleting now unused module $paramod$d1aa774939e2a62dc228c89fa9913333eeada3e9\GTP_LUT6D.
Deleting now unused module $paramod$7396a41776b6ef4c06957c2a718968292625e74e\GTP_LUT6D.
Deleting now unused module $paramod$b932bba63f663dbdc8d8b3d7640f9cc5d616b08c\GTP_LUT6D.
Deleting now unused module $paramod$eb32c6db3e46969bae760a36fb691a0562d13055\GTP_LUT6D.
Deleting now unused module $paramod$fc88263ce2da834fa10059eeedfe719e00cbea99\GTP_LUT6D.
Deleting now unused module $paramod\GTP_LUT5D\INIT=32'00001100000011001000101011001111.
Deleting now unused module $paramod\GTP_LUT5D\INIT=32'11001000111110100000000011001100.
Deleting now unused module $paramod\GTP_LUT5D\INIT=32'00111111000101010101010100000000.
Deleting now unused module $paramod\GTP_LUT5D\INIT=32'00001100100000000000111111110101.
Deleting now unused module $paramod\GTP_LUT5D\INIT=32'00001010111100000000001100110001.
Deleting now unused module $paramod\GTP_LUT5D\INIT=32'10000010011111010000110011001111.
Deleting now unused module $paramod$19a8e93cfae93ea1a98110f7b4d10ad662e6e83a\GTP_LUT6D.
Deleting now unused module $paramod\GTP_LUT4D\INIT=16'0001000110001000.
Deleting now unused module $paramod\GTP_LUT5D\INIT=32'11000100010000001111010101010000.
Deleting now unused module $paramod$1c3698a14832cbcc3fcb87949d061f66090bbeb9\GTP_LUT6D.
Deleting now unused module $paramod\GTP_LUT4D\INIT=16'0001000101100011.
Deleting now unused module $paramod$1fc9573ef1b1c9e62b785a4cf0e3446758480846\GTP_LUT6D.
Deleting now unused module $paramod$ab5dc02b37d4c2fe7a3bc6887d0f8723696d25ae\GTP_LUT6D.
Deleting now unused module $paramod\GTP_LUT5D\INIT=32'00110000111100111000001001111101.
Deleting now unused module $paramod$bfc650ce926923a1d0d50332f216d2ee3aaeba78\GTP_LUT6D.
Deleting now unused module $paramod$ac8f02e30627d20650679adfa70e7046c31d0f0e\GTP_LUT6D.
Deleting now unused module $paramod$31e8907e9b0cf5fd74eb2c7e881726065936fcd3\GTP_LUT6D.
Deleting now unused module $paramod$a0d9c641d4d8a474ec76757bc3bd873e58d341c8\GTP_LUT6D.
Deleting now unused module $paramod\GTP_LUT5D\INIT=32'10000000000011001111010100001111.
Deleting now unused module $paramod\GTP_LUT5D\INIT=32'01111000110100101111001100110000.
Deleting now unused module $paramod$6795620671c17b62213cfaaa1b79f793ced5d55d\GTP_LUT6D.
Deleting now unused module $paramod\GTP_LUT5D\INIT=32'00111100001111000000010101010101.
Deleting now unused module $paramod$2984f07ff6e73060f3a422da0618a2a2d739b56d\GTP_LUT6D.
Deleting now unused module $paramod$92b8ba13f5b96cfaefeae5d3445960b7eff84513\GTP_LUT6D.
Deleting now unused module $paramod$c166a8f9724b967809c29e0116e06d910bb6b94c\GTP_LUT6D.
Deleting now unused module $paramod$cac63f0147b5dce0a51fba836587eae87ef3c76c\GTP_LUT6D.
Deleting now unused module $paramod$92a2a561066ffeb49df92565246c7c659bddac14\GTP_LUT6D.
Deleting now unused module $paramod$841b644dce1d3e2efa95444b578088626ccd4e03\GTP_LUT6D.
Deleting now unused module $paramod\GTP_LUT5D\INIT=32'01111101100000101111001100110000.
Deleting now unused module $paramod\GTP_LUT5D\INIT=32'00001000110000000000111111110101.
Deleting now unused module $paramod$adf42868dae4d0ed8aacba1b972f7f1e0960e06c\GTP_LUT6D.
Deleting now unused module $paramod\GTP_LUT5D\INIT=32'11110011001100001000011100101101.
Deleting now unused module $paramod$3e5b807766015b724f0bce7e61e769841e7686e3\GTP_LUT6D.
Deleting now unused module $paramod$63e73573a24b8f50725dd1864e87a003ff66f512\GTP_LUT6D.
Deleting now unused module $paramod$6bc993654039e2827a1c1eeedd8553744be3b110\GTP_LUT6D.
Deleting now unused module $paramod$ff85bc64b641207c03d34a385db0a258270459a3\GTP_LUT6D.
Deleting now unused module $paramod\GTP_LUT5D\INIT=32'10001100101011110000000011001100.
Deleting now unused module $paramod$5ae76c7ff3dfa225407a4b0b851af592c34dd93e\GTP_LUT6D.
Deleting now unused module $paramod\GTP_LUT5D\INIT=32'01111101100000100011000011110011.
Deleting now unused module $paramod\GTP_LUT5D\INIT=32'10000000000011001111000001011111.
Deleting now unused module $paramod$ea4ef07ccefb103b05cf09c7066868877c4953c8\GTP_LUT6D.
Deleting now unused module $paramod\GTP_LUT5D\INIT=32'10000111001011011111001100110000.
Deleting now unused module $paramod\GTP_LUT5D\INIT=32'11001100000000001111000001011111.
Deleting now unused module $paramod$a7a186fde49cc407c42b3971431dc677ca6c13dd\GTP_LUT6D.
Deleting now unused module $paramod$edfc4bdcee0d5bc0b900aee876b7df7af518cf7b\GTP_LUT6D.
Deleting now unused module $paramod$0c4fa5044c97851d2b95ea85f743923bae5a4cb0\GTP_LUT6D.
Deleting now unused module $paramod\GTP_LUT5D\INIT=32'11001111000011001000001001111101.
Deleting now unused module $paramod\GTP_LUT5D\INIT=32'00001100100000000101111111110000.
Deleting now unused module $paramod\GTP_LUT5D\INIT=32'00111111000000111000011100101101.
Deleting now unused module $paramod$e955d2f5b0f3bc1709cd40863909c7a4ee81e875\GTP_LUT6D.
Deleting now unused module $paramod$e04504a05912c424d343188e076b7aaad18e7b03\GTP_LUT6D.
Deleting now unused module $paramod\GTP_LUT5D\INIT=32'11110011001100000111100011010010.
Deleting now unused module $paramod$ff0fdc1d065039b87e2452fdf815b3a8dd6572c5\GTP_LUT6D.
Deleting now unused module $paramod\GTP_LUT5D\INIT=32'00000011001111111101001001111000.
Deleting now unused module $paramod$02328b23e5c1c17d626416fe25eecfc9cab7d090\GTP_LUT6D.
Deleting now unused module $paramod\GTP_LUT5D\INIT=32'00110000111100111101001001111000.
Deleting now unused module $paramod\GTP_LUT5D\INIT=32'01111101100000101100111100001100.
Deleting now unused module $paramod\GTP_LUT5D\INIT=32'11000000000010001111010100001111.
Deleting now unused module $paramod\GTP_LUT5D\INIT=32'01111101100000100000110011001111.
Deleting now unused module $paramod$04a89946dec9993576d6f89bc9a5c7a0bd41fe93\GTP_LUT6D.
Deleting now unused module $paramod$4fb71fa2f8e48f7156bfce02efb80bb0849bfdf8\GTP_LUT6D.
Deleting now unused module $paramod$ac96710ec1f6dd52d40ed6133f7d30742f22ffee\GTP_LUT6D.
Deleting now unused module $paramod\GTP_LUT5D\INIT=32'11001111000011000111110110000010.
Deleting now unused module $paramod\GTP_LUT5D\INIT=32'11010111001010000011111100000011.
Deleting now unused module $paramod$864ea7fd7881e4376c9bb3334aec30eea4060153\GTP_LUT6D.
Deleting now unused module $paramod$15ab9cc93c32fd762aa89317e36ef4454e834257\GTP_LUT6D.
Deleting now unused module $paramod\GTP_LUT5D\INIT=32'00001100110011110111110110000010.
Deleting now unused module $paramod$28c704293d7ea26b8386d1459afc113700ea1a3f\GTP_LUT6D.
Deleting now unused module $paramod\GTP_LUT5D\INIT=32'11010010011110000011000011110011.
Deleting now unused module $paramod$6111a85c704306f4d28503f1c74c1548dc9ccb2d\GTP_LUT6D.
Deleting now unused module $paramod$63d5089ccc02aa2b58f176433cf120026134753a\GTP_LUT6D.
Deleting now unused module $paramod$378e6a18678f3f1abdbede1d60bddb9c418f1599\GTP_LUT6D.
Deleting now unused module $paramod$b2cb7b86a0a79717531eeb9e41bf65bbd0fe85e3\GTP_LUT6D.
Deleting now unused module $paramod\GTP_LUT5D\INIT=32'00010001000100010000000000001111.
Deleting now unused module $paramod\GTP_LUT5D\INIT=32'00000011000000110000000010101010.
Deleting now unused module $paramod\GTP_LUT5D\INIT=32'00000000000011110001000100010001.
Deleting now unused module $paramod$3766fdcd4040910e36f46d206c6cc171150b62e4\GTP_LUT6.
Deleting now unused module $paramod$831d9bf6da33156e4d5a415989e0665b5fabda89\GTP_LUT6.
Deleting now unused module $paramod$d6f1e464b6f1ac52a764c9133776313e3ed548c9\GTP_LUT6.
Deleting now unused module $paramod\GTP_LUT4\INIT=16'1111111000001110.
Deleting now unused module $paramod$153ea1a5584cc69bf9f5165284f83309a21a2c5a\GTP_LUT6.
Deleting now unused module $paramod$015ecd4480ef568c1a4e4e755436c0f2d4941ed9\GTP_LUT6.
Deleting now unused module $paramod\GTP_LUT4\INIT=16'1011101110110001.
Deleting now unused module $paramod$aff6dabe6eea899484c18966d2c12e769de9c26d\GTP_LUT6.
Deleting now unused module $paramod$2d03ec4e0a47a703691f37233ab81a9f60eeabc5\GTP_LUT6.
Deleting now unused module $paramod$a0b6f1228bf3aab5c60b57f411e4cd259be43e54\GTP_LUT6.
Deleting now unused module $paramod$1ea2cb55382a4d89d5985a0e6e7f6b1da1716543\GTP_LUT6.
Deleting now unused module $paramod\GTP_LUT4\INIT=16'0001001100000001.
Deleting now unused module $paramod\GTP_LUT5\INIT=32'00000000111011100000111000000000.
Deleting now unused module $paramod$a5bfbe87837875300c9f1fea49f03a0de391544d\GTP_LUT6.
Deleting now unused module $paramod$6e0379e48791fba29a0e4d2913837e443d769f63\GTP_LUT6.
Deleting now unused module $paramod$f8fd85dfbf3caed340cb041640260410752055d5\GTP_LUT6.
Deleting now unused module $paramod\GTP_LUT5\INIT=32'00101000000010101010000000101000.
Deleting now unused module $paramod$cc8f85dfa195b3de0deaa4212f717ace0211cd6c\GTP_LUT6.
Deleting now unused module $paramod$f6266171795490f788c1b37faade63512f7a779b\GTP_LUT6.
Deleting now unused module $paramod$e824169a003c44ae43d1411f3039ba6bdc655110\GTP_LUT6.
Deleting now unused module $paramod\GTP_LUT5\INIT=32'10010101011010100101100110100110.
Deleting now unused module $paramod$064fbb357aee6fab55e3117f328cb160877bc24f\GTP_LUT6.
Deleting now unused module $paramod$275adf4f1afa984b3c2dfb5d4c8a08336e065cec\GTP_LUT6.
Deleting now unused module $paramod$8e980a2800191f411a4d155217177d6357503c10\GTP_LUT6.
Deleting now unused module $paramod$35255bb40e9ea76eaf6b2bc628c552f8443d3061\GTP_LUT6.
Deleting now unused module $paramod\GTP_LUT5\INIT=32'00001100100000001000000000001100.
Deleting now unused module $paramod$6a701308dba06156c9cc6191d0103068f4742eb4\GTP_LUT6.
Deleting now unused module $paramod\GTP_LUT4\INIT=16'1100010001000000.
Deleting now unused module $paramod\GTP_LUT4\INIT=16'0000000011111110.
Deleting now unused module $paramod$23601e5cb9f63fe51e6b63d3dec6e8f68bea2838\GTP_LUT6.
Deleting now unused module $paramod$b649eec58de10ab4d27eb53ed30711523fd8663a\GTP_LUT6.
Deleting now unused module $paramod$aec3e9d1124375d52c93d8319bb359caa9c5691a\GTP_LUT6.
Deleting now unused module $paramod\GTP_LUT5\INIT=32'11001110111011110000100010001100.
Deleting now unused module $paramod$a16f33054744ba728e39caa65360b6bdd72e676a\GTP_LUT6.
Deleting now unused module $paramod\GTP_LUT5\INIT=32'01101010101001101001010101011001.
Deleting now unused module $paramod$d5b0c2c8fd272171cb63f14b4a2019f7541b260f\GTP_LUT6.
Deleting now unused module $paramod$7721a0fe422e85d12d070aa3afa38fcc3ca5ac0a\GTP_LUT6.
Deleting now unused module $paramod$754354b0305f8a2f5a7a53539f4c9c8ae2610cc5\GTP_LUT6.
Deleting now unused module $paramod$5ff4cc589e4ffdef010b47e015096b04becde606\GTP_LUT6.
Deleting now unused module $paramod$10b2ee07820c2c9cd093229185c8db603726cd3c\GTP_LUT6.
Deleting now unused module $paramod$4832a54f8a2982c6b384daa1146ed1fd3177c0c6\GTP_LUT6.
Deleting now unused module $paramod$d3289f9cfde2a04e416fe4d88b01f7d7ca5d40f7\GTP_LUT6.
Deleting now unused module $paramod$8a0e09ef77fedb6bd426c76ada6898711f686d55\GTP_LUT6.
Deleting now unused module $paramod$623b42aabed79539031b27917b7030fa960c24c1\GTP_LUT6.
Deleting now unused module $paramod\GTP_LUT5\INIT=32'11111110110101001111111111010101.
Deleting now unused module $paramod$6e3fd2efcfe9505d7867db98eb748b7c61095d51\GTP_LUT6.
Deleting now unused module $paramod$556144c6a90de35e2bcc4725d12ab5b66f81419f\GTP_LUT6.
Deleting now unused module $paramod\GTP_LUT5\INIT=32'00000000000000000000000011010100.
Deleting now unused module $paramod\GTP_LUT5\INIT=32'00001111110001111100011111110101.
Deleting now unused module $paramod$6adbb5576978ff9ba133d9651988f7e74178d6ee\GTP_LUT6.
Deleting now unused module $paramod$3fe54cb96b6b7039a9fe4b8ca225ed91d4f2fb9d\GTP_LUT6.
Deleting now unused module $paramod$455d3e6243b0f82ae476b6f6c7207731d7a57684\GTP_LUT6.
Deleting now unused module $paramod\GTP_LUT5\INIT=32'00000000111111110000110111110010.
Deleting now unused module $paramod$6a0e29a638a6d52f34b65858cd9b18e08ce6bc17\GTP_LUT6.
Deleting now unused module $paramod$9c37dca14f3098da3339e04db75aa4c0ac850124\GTP_LUT6.
Deleting now unused module $paramod$3b5e6f2153617dac130c92754d21f45a0e3a3f0a\GTP_LUT6.
Deleting now unused module $paramod$fc0336002b9e74f03271b8bdf71123f7f5d8342e\GTP_LUT6.
Deleting now unused module $paramod$7b0c73519fb255ce2a68987346b154b57b7621f1\GTP_LUT6.
Deleting now unused module $paramod$cf0da921945fbe3029e0fa0b3acd583ef18e239c\GTP_LUT6.
Deleting now unused module $paramod$b1539141452e0a2b94ff30f0de8a9a7e729bbab4\GTP_LUT6.
Deleting now unused module $paramod$f9a5ea7271730c6b20d427d62cac10e0f7fd5d86\GTP_LUT6.
Deleting now unused module $paramod$9a285ca7fed26747ea68d095c467744b6684435d\GTP_LUT6.
Deleting now unused module $paramod\GTP_LUT5\INIT=32'10100000101000001010000000100000.
Deleting now unused module $paramod\GTP_LUT5\INIT=32'00110011001100110000001000100011.
Deleting now unused module $paramod$445fdb89258ad130e7eb60ed8a932724ba3d680f\GTP_LUT6.
Deleting now unused module $paramod\GTP_LUT4\INIT=16'0110011011000110.
Deleting now unused module $paramod\GTP_LUT4\INIT=16'1111110100000010.
Deleting now unused module $paramod\GTP_LUT5\INIT=32'01001101010011010100010001001101.
Deleting now unused module $paramod$2b5cf3a5ccd8e2d0ee7eceee2cb0b3ee09561ad9\GTP_LUT6.
Deleting now unused module $paramod$d486abd9e80407aa353234a3476c9c2f92dbf8c1\GTP_LUT6.
Deleting now unused module $paramod$e63c159b35ee1e004d0dfbe18c7d1bcee97d88dc\GTP_LUT6.
Deleting now unused module $paramod$bc32f1be3c9294961ff3a49ec8633e9977db386d\GTP_LUT6.
Deleting now unused module $paramod\GTP_LUT4\INIT=16'1010100011111100.
Deleting now unused module $paramod\GTP_LUT4\INIT=16'0101000111110011.
Deleting now unused module $paramod$72f9764faa985f440b4e6122bcd198c3bff9d705\GTP_LUT6.
Deleting now unused module $paramod$52c6d6aae9c420e21ef160dc3bd3a9e207a49a87\GTP_LUT6.
Deleting now unused module $paramod$8b269a9601a1c2f86594cffafb384afa80e3be82\GTP_LUT6.
Deleting now unused module $paramod$fc953bdacc2c16756a9a94de7d0e6faec0ef7b2c\GTP_LUT6.
Deleting now unused module $paramod$ff8a3a9cae2b296fb00e3d4bcbaaaa0f00efcfe7\GTP_LUT6.
Deleting now unused module $paramod\GTP_LUT5\INIT=32'00000010001000110011001100110011.
Deleting now unused module $paramod$a1411f21d3b03467b79063cf0edcb16171722d0f\GTP_LUT6.
Deleting now unused module $paramod$e686b098053cd414656537e7d2a6abd8dd2b86c2\GTP_LUT6.
Deleting now unused module $paramod$b9312bd528a822c4fdb3b9122fd1dfb8eba6669d\GTP_LUT6.
Deleting now unused module $paramod$589b7d3e154887be9653efbfa8b3cc4c0e8c4929\GTP_LUT6.
Deleting now unused module $paramod$81ba87d54c21532813300cb655121f15a1230944\GTP_LUT6.
Deleting now unused module $paramod$c9f7f5a0862a8e021924eb606375bda67de87651\GTP_LUT6.
Deleting now unused module $paramod$bfde43f9375641a8be061bcf417c25d0e8103358\GTP_LUT6.
Deleting now unused module $paramod$0779447c276dcab1d563d04d44178dc247772f29\GTP_LUT6.
Deleting now unused module $paramod$17120a48b64ae84dd8c293e961046b7419bc9579\GTP_LUT6.
Deleting now unused module $paramod$952583f6bb939a3dd49fa389533918d6b282ec22\GTP_LUT6.
Deleting now unused module $paramod\GTP_LUT5\INIT=32'00110000001100100011001000110011.
Deleting now unused module $paramod\GTP_LUT5\INIT=32'00000000000000000000100010001100.
Deleting now unused module $paramod$4686127b1d9271139f97e4f1e7802033a0df1020\GTP_LUT6.
Deleting now unused module $paramod$0ee9485909187e4f9c3847e270f72146922ab9b4\GTP_LUT6.
Deleting now unused module $paramod$3448f070da6cbec34cea01dc465c7e96a4dbd44d\GTP_LUT6.
Deleting now unused module $paramod$09259db225d769ce8527a5eada93fb5a1409294b\GTP_LUT6.
Deleting now unused module $paramod$9a45e2cbb9afdcdb28d504d2a55f4a91384749d3\GTP_LUT6.
Deleting now unused module $paramod\GTP_LUT4\INIT=16'1111001101010001.
Deleting now unused module $paramod\GTP_LUT4\INIT=16'1000101011001111.
Deleting now unused module $paramod$933fc9909c4523777c7ba5f2e898424b3323b979\GTP_LUT6.
Deleting now unused module $paramod$616acd0bfa3854b2b152bc633b3120e9c2e6e42c\GTP_LUT6.
Deleting now unused module $paramod$9db7cbcba5883605ceafd03ce5b0945e68cae752\GTP_LUT6.
Deleting now unused module $paramod\GTP_LUT4\INIT=16'0000000100000011.
Deleting now unused module $paramod$bd3a23bad083b6a056dd2665bf0551367e63417c\GTP_LUT6.
Deleting now unused module $paramod\GTP_LUT5\INIT=32'00100011000000110011001100100011.
Deleting now unused module $paramod$74dae95116d32acbbe307825f65eb6530391fd68\GTP_LUT6.
Deleting now unused module $paramod\GTP_LUT5\INIT=32'11001000111111101000000011101100.
Deleting now unused module $paramod\GTP_LUT4\INIT=16'1111010100110001.
Deleting now unused module $paramod$212ce34d8e098267404d723d2c78347cef6f4099\GTP_LUT6.
Deleting now unused module $paramod$bf6a843f8e065b2db715682f73d9ceea17637ca1\GTP_LUT6.
Deleting now unused module $paramod\GTP_LUT5\INIT=32'11101110000000000000000011100000.
Deleting now unused module $paramod\GTP_LUT4\INIT=16'1000011100101101.
Deleting now unused module $paramod\GTP_LUT5\INIT=32'10000000001000000111000011010000.
Deleting now unused module $paramod$8adf6eeb990d7ea1e1746567e0d9fd3a22e1340c\GTP_LUT6.
Deleting now unused module $paramod$3aa13584a2efbe3eb6f925684456acaac1e5e526\GTP_LUT6.
Deleting now unused module $paramod\GTP_LUT5\INIT=32'00000011001000110010001100110011.
Deleting now unused module $paramod$7a04fc527ce8b8c2a79407474e6c0b17d8810811\GTP_LUT6.
Deleting now unused module $paramod$d03f76a0ee7a7a6eceda13753011bc8c7555ee22\GTP_LUT6.
Deleting now unused module $paramod$c0ef0ad5baed0422eadc499612311eb559272237\GTP_LUT6.
Deleting now unused module $paramod$7daf9d7daba10753985791fc6511fed36c64adc8\GTP_LUT6.
Deleting now unused module $paramod\GTP_LUT3\INIT=8'01000101.
Deleting now unused module $paramod$75543a2e08dc66994b36885e659d27ed604ae873\GTP_LUT6.
Deleting now unused module $paramod\GTP_LUT5\INIT=32'00001000110011101000110011101111.
Deleting now unused module $paramod\GTP_LUT5\INIT=32'11001110000010001110111110001100.
Deleting now unused module $paramod$3ff33c563fa0bd3bffdb0745c8320b22ccc827c4\GTP_LUT6.
Deleting now unused module $paramod$f3525fc33c58ead951f96dd67a041e71ecf24914\GTP_LUT6.
Deleting now unused module $paramod$d80d44bc0b910f06313c33c1da9aa76693bd612c\GTP_LUT6.
Deleting now unused module $paramod$e0431b7a23684631772d198c9527d9769c5d3d90\GTP_LUT6.
Deleting now unused module $paramod\GTP_LUT4\INIT=16'0000111100101101.
Deleting now unused module $paramod\GTP_LUT5\INIT=32'01110001011100010101000001110001.
Deleting now unused module $paramod$48b50617ef81380947632babc67a0ce4089391e4\GTP_LUT6.
Deleting now unused module $paramod\GTP_LUT5\INIT=32'10111011101110110010001000101011.
Deleting now unused module $paramod\GTP_LUT3\INIT=8'01100011.
Deleting now unused module $paramod\GTP_LUT5\INIT=32'00001000100111100001110011011111.
Deleting now unused module $paramod$01688d0791fcf8a2e7fad64ab86fc8e1b9af73d9\GTP_LUT6.
Deleting now unused module $paramod$9e46f84a2aabf5362add5a9117435fd75dfa163a\GTP_LUT6.
Deleting now unused module $paramod$0f70a2e6a68658e2794db27f314a2d5b7fe28a8f\GTP_LUT6.
Deleting now unused module $paramod$6db6a6e9ea450ba7c97151f52348322ee1090e39\GTP_LUT6.
Deleting now unused module $paramod$54e5d3ac8766f139f7d2f8ae227aed6a9b2994b2\GTP_LUT6.
Deleting now unused module $paramod$e5459f1d00d45034e3c5558ae64d38947959c9a4\GTP_LUT6.
Deleting now unused module $paramod$a9b2083fad3293c392dca47a3cc1b7a60de221c6\GTP_LUT6.
Deleting now unused module $paramod$f7103cd2e51c68e0298950123727ed6b77c00d21\GTP_LUT6.
Deleting now unused module $paramod\GTP_LUT5\INIT=32'11100001000011111110000111110000.
Deleting now unused module $paramod$035de34368019fb32107e33d3d2d9f9818aaba30\GTP_LUT6.
Deleting now unused module $paramod$3fd5d139fd2b19ffc7751270d7d61be34909ccb7\GTP_LUT6.
Deleting now unused module $paramod\GTP_LUT4\INIT=16'1001100100111001.
Deleting now unused module $paramod\GTP_LUT5\INIT=32'11111001111111000000100100001100.
Deleting now unused module $paramod\GTP_LUT5\INIT=32'01111111000100110011011100000001.
Deleting now unused module $paramod$19e8730f01981c9c9578e92a66a73c479c6e801d\GTP_LUT6.
Deleting now unused module $paramod$d66a7553a13cf71dacb4a9d0dcc28942533ae0fa\GTP_LUT6.
Deleting now unused module $paramod$a970cf44c1508e41ba7a6da410b3603006670256\GTP_LUT6.
Deleting now unused module $paramod$91e9d86e747838dc39c46d6943f5d40dd044b44f\GTP_LUT6.
Deleting now unused module $paramod\GTP_LUT3\INIT=8'01010001.
Deleting now unused module $paramod\GTP_LUT5\INIT=32'11101110111011101000100010001110.
Deleting now unused module $paramod$f18fe4a36863e2e493b6f67998a69eae5007968c\GTP_LUT6.
Deleting now unused module $paramod\GTP_LUT5\INIT=32'00001110111111100000000000000000.
Deleting now unused module $paramod$80f99d234a25a6e0536450028dd8da76ef60284a\GTP_LUT6.
Deleting now unused module $paramod$fae92b70435d2452042dc5d151313cfa0638e19d\GTP_LUT6.
Deleting now unused module $paramod\GTP_LUT5\INIT=32'01110011000100001111011100110001.
Deleting now unused module $paramod\GTP_LUT5\INIT=32'11011101110111010100010001001101.
Deleting now unused module $paramod$7bd23b6eec1e989d865f12ae410c49b224445599\GTP_LUT6.
Deleting now unused module $paramod$581229e3bd4d18bbf9031d1fdaf65647ada5637d\GTP_LUT6.
Deleting now unused module $paramod$9a97d69e6250cee5113f49459ed2110fc711c59b\GTP_LUT6.
Deleting now unused module $paramod\GTP_LUT3\INIT=8'00010101.
Deleting now unused module $paramod\GTP_LUT5\INIT=32'00000100000001001000110000000100.
Deleting now unused module $paramod$89e4f60ba9ba2575910582725390b5f45a3b0c2d\GTP_LUT6.
Deleting now unused module $paramod\GTP_LUT4\INIT=16'1001001110011001.
Deleting now unused module $paramod\GTP_LUT4\INIT=16'1101011100101000.
Deleting now unused module $paramod\GTP_LUT5\INIT=32'10001100111011110000100011001110.
Deleting now unused module $paramod$ac322abe1352d00788da342d809764297918a223\GTP_LUT6.
Deleting now unused module $paramod$2b8a633d22fdba6cb860910815984a0efd9868eb\GTP_LUT6.
Deleting now unused module $paramod\GTP_LUT5\INIT=32'00001101001011110000100001111111.
Deleting now unused module $paramod\GTP_LUT4\INIT=16'1101001001111000.
Deleting now unused module $paramod$82641c6c77dc6fde27fa483fcd073141a77b7c73\GTP_LUT6.
Deleting now unused module $paramod\GTP_LUT5\INIT=32'11110111001100010111001100010000.
Deleting now unused module $paramod\GTP_LUT5\INIT=32'01011010010110100110011001011010.
Deleting now unused module $paramod\GTP_LUT5\INIT=32'00010000011100110011000111110111.
Deleting now unused module $paramod\GTP_LUT5\INIT=32'11001000110010000100000011001000.
Deleting now unused module $paramod\GTP_LUT5\INIT=32'11101111100011001100111000001000.
Deleting now unused module $paramod$938b553e9006f90bbbcc312c4a1d200b82171030\GTP_LUT6.
Deleting now unused module $paramod$1ac6f3b5fae68c1e1b28c69d7ac2d00160e77fde\GTP_LUT6.
Deleting now unused module $paramod$6c2da2995a9a552dc29dc83bb5bdccf018f7b262\GTP_LUT6.
Deleting now unused module $paramod\GTP_LUT5\INIT=32'00110001111101110001000001110011.
Deleting now unused module $paramod$6191c5fd7bcfaaff37808c3297a2620807ea9213\GTP_LUT6.
Deleting now unused module $paramod\GTP_LUT4\INIT=16'0111110110000010.
Deleting now unused module $paramod$d2afb1cb2b4c539086d411af8b70bde4b1f6214f\GTP_LUT6.
Deleting now unused module $paramod\GTP_LUT4\INIT=16'0101011010011010.
Deleting now unused module $paramod\GTP_LUT4\INIT=16'0111100011010010.
Deleting now unused module $paramod$a5be1c4808c883f563053539778990037d2d5481\GTP_LUT6.
Deleting now unused module $paramod$86f9906103e8fc19235c85b7ceabae06eb43c373\GTP_LUT6.
Deleting now unused module $paramod\GTP_LUT5\INIT=32'01101001001111001001100111001100.
Deleting now unused module $paramod\GTP_LUT5\INIT=32'00000000000000000010111101111111.
Deleting now unused module $paramod\GTP_LUT5\INIT=32'10010110110000110110011000110011.
Deleting now unused module $paramod$faadfbce9aec5860350c941f014058f2c932bfb5\GTP_LUT6.
Deleting now unused module $paramod$b9efae4d8d49dd829edcc803e2dd24488eae7797\GTP_LUT6.
Deleting now unused module $paramod$2ce09dc0b8049bec1f386e6a4f9cd2edb0c3b2ed\GTP_LUT6.
Deleting now unused module $paramod\GTP_LUT5\INIT=32'01000000010000000100000011001000.
Deleting now unused module $paramod$110d5d0540a6a1687c14b363532825e0ca233006\GTP_LUT6.
Deleting now unused module $paramod$e1513f5c19d62423181ff4c582d2510505ba6002\GTP_LUT6.
Deleting now unused module $paramod$ef3cc5da301ed9bfe44b39b3fea70f96bcc9e5bd\GTP_LUT6.
Deleting now unused module $paramod\GTP_LUT5\INIT=32'00001101000010000010111101111111.
Deleting now unused module $paramod\GTP_LUT5\INIT=32'11000100110011001000000010001000.
Deleting now unused module $paramod\GTP_LUT5\INIT=32'00000000000000001101111110001111.
Deleting now unused module $paramod$ad9e2d3baac0fe87ed679e45e0968028e501f12b\GTP_LUT6.
Deleting now unused module $paramod$3a41e53752ae0fe1bfd1819b292edb18b15662c2\GTP_LUT6D.
Deleting now unused module $paramod$591822d30d73c3baabf73b235cb132a469af9145\GTP_LUT6D.
Deleting now unused module $paramod$ba36841b1da98bfa38169fa4b2f56c7ddd39257b\GTP_LUT6D.
Deleting now unused module $paramod\GTP_LUT4D\INIT=16'0010001001000100.
Deleting now unused module $paramod\GTP_LUT5D\INIT=32'11000000111111001000011100101101.
Deleting now unused module $paramod$565798c86d4c941a02683b831cb034137a51b359\GTP_LUT6D.
Deleting now unused module $paramod\GTP_LUT5D\INIT=32'11011111110011010010101010100000.
Deleting now unused module $paramod$981a980f7a9c3d703e926cf066f23f26e1d21039\GTP_LUT6D.
Deleting now unused module $paramod\GTP_LUT5D\INIT=32'10100000101000001100100011111010.
<suppressed ~3181 debug messages>

5. Executing TECHMAP pass (map to technology primitives).

5.1. Executing Verilog-2005 frontend: /Users/yoyowang/Desktop/yosysDualOutputLUT/share/techmap.v
Parsing Verilog input from `/Users/yoyowang/Desktop/yosysDualOutputLUT/share/techmap.v' to AST representation.
verilog frontend filename /Users/yoyowang/Desktop/yosysDualOutputLUT/share/techmap.v
Generating RTLIL representation for module `\_90_simplemap_bool_ops'.
Generating RTLIL representation for module `\_90_simplemap_reduce_ops'.
Generating RTLIL representation for module `\_90_simplemap_logic_ops'.
Generating RTLIL representation for module `\_90_simplemap_compare_ops'.
Generating RTLIL representation for module `\_90_simplemap_various'.
Generating RTLIL representation for module `\_90_simplemap_registers'.
Generating RTLIL representation for module `\_90_shift_ops_shr_shl_sshl_sshr'.
Generating RTLIL representation for module `\_90_shift_shiftx'.
Generating RTLIL representation for module `\_90_fa'.
Generating RTLIL representation for module `\_90_lcu_brent_kung'.
Generating RTLIL representation for module `\_90_alu'.
Generating RTLIL representation for module `\_90_macc'.
Generating RTLIL representation for module `\_90_alumacc'.
Generating RTLIL representation for module `\$__div_mod_u'.
Generating RTLIL representation for module `\$__div_mod_trunc'.
Generating RTLIL representation for module `\_90_div'.
Generating RTLIL representation for module `\_90_mod'.
Generating RTLIL representation for module `\$__div_mod_floor'.
Generating RTLIL representation for module `\_90_divfloor'.
Generating RTLIL representation for module `\_90_modfloor'.
Generating RTLIL representation for module `\_90_pow'.
Generating RTLIL representation for module `\_90_pmux'.
Generating RTLIL representation for module `\_90_demux'.
Generating RTLIL representation for module `\_90_lut'.
Generating RTLIL representation for module `\$connect'.
Generating RTLIL representation for module `\$input_port'.
Successfully finished Verilog frontend.

5.2. Continuing TECHMAP pass.
Using extmapper simplemap for cells of type $mux.
Using extmapper simplemap for cells of type $lut.
No more expansions possible.
<suppressed ~5326 debug messages>

6. Executing OPT pass (performing simple optimizations).

6.1. Executing OPT_EXPR pass (perform const folding).
Optimizing module /Users/yoyowang/Desktop/benchmark/sqrt.aig.
Couldn't topologically sort cells, optimizing module /Users/yoyowang/Desktop/benchmark/sqrt.aig may take a longer time.
Couldn't topologically sort cells, optimizing module /Users/yoyowang/Desktop/benchmark/sqrt.aig may take a longer time.
Couldn't topologically sort cells, optimizing module /Users/yoyowang/Desktop/benchmark/sqrt.aig may take a longer time.
<suppressed ~66999 debug messages>

6.2. Executing OPT_MERGE pass (detect identical cells).
Finding identical cells in module `\/Users/yoyowang/Desktop/benchmark/sqrt.aig'.
<suppressed ~91500 debug messages>
Removed a total of 30500 cells.

6.3. Executing OPT_MUXTREE pass (detect dead branches in mux trees).
Running muxtree optimizer on module \/Users/yoyowang/Desktop/benchmark/sqrt.aig..
  Creating internal representation of mux trees.
  No muxes found in this module.
Removed 0 multiplexer ports.

6.4. Executing OPT_REDUCE pass (consolidate $*mux and $reduce_* inputs).
  Optimizing cells in module \/Users/yoyowang/Desktop/benchmark/sqrt.aig.
Performed a total of 0 changes.

6.5. Executing OPT_MERGE pass (detect identical cells).
Finding identical cells in module `\/Users/yoyowang/Desktop/benchmark/sqrt.aig'.
Removed a total of 0 cells.

6.6. Executing OPT_DFF pass (perform DFF optimizations).

6.7. Executing OPT_CLEAN pass (remove unused cells and wires).
Finding unused cells or wires in module \/Users/yoyowang/Desktop/benchmark/sqrt.aig..
Removed 0 unused cells and 12328 unused wires.
<suppressed ~1 debug messages>

6.8. Executing OPT_EXPR pass (perform const folding).
Optimizing module /Users/yoyowang/Desktop/benchmark/sqrt.aig.
Couldn't topologically sort cells, optimizing module /Users/yoyowang/Desktop/benchmark/sqrt.aig may take a longer time.
<suppressed ~1861 debug messages>

6.9. Rerunning OPT passes. (Maybe there is more to do..)

6.10. Executing OPT_MUXTREE pass (detect dead branches in mux trees).
Running muxtree optimizer on module \/Users/yoyowang/Desktop/benchmark/sqrt.aig..
  Creating internal representation of mux trees.
  No muxes found in this module.
Removed 0 multiplexer ports.

6.11. Executing OPT_REDUCE pass (consolidate $*mux and $reduce_* inputs).
  Optimizing cells in module \/Users/yoyowang/Desktop/benchmark/sqrt.aig.
Performed a total of 0 changes.

6.12. Executing OPT_MERGE pass (detect identical cells).
Finding identical cells in module `\/Users/yoyowang/Desktop/benchmark/sqrt.aig'.
<suppressed ~60 debug messages>
Removed a total of 20 cells.

6.13. Executing OPT_DFF pass (perform DFF optimizations).

6.14. Executing OPT_CLEAN pass (remove unused cells and wires).
Finding unused cells or wires in module \/Users/yoyowang/Desktop/benchmark/sqrt.aig..
Removed 0 unused cells and 760 unused wires.
<suppressed ~1 debug messages>

6.15. Executing OPT_EXPR pass (perform const folding).
Optimizing module /Users/yoyowang/Desktop/benchmark/sqrt.aig.

6.16. Rerunning OPT passes. (Maybe there is more to do..)

6.17. Executing OPT_MUXTREE pass (detect dead branches in mux trees).
Running muxtree optimizer on module \/Users/yoyowang/Desktop/benchmark/sqrt.aig..
  Creating internal representation of mux trees.
  No muxes found in this module.
Removed 0 multiplexer ports.

6.18. Executing OPT_REDUCE pass (consolidate $*mux and $reduce_* inputs).
  Optimizing cells in module \/Users/yoyowang/Desktop/benchmark/sqrt.aig.
Performed a total of 0 changes.

6.19. Executing OPT_MERGE pass (detect identical cells).
Finding identical cells in module `\/Users/yoyowang/Desktop/benchmark/sqrt.aig'.
Removed a total of 0 cells.

6.20. Executing OPT_DFF pass (perform DFF optimizations).

6.21. Executing OPT_CLEAN pass (remove unused cells and wires).
Finding unused cells or wires in module \/Users/yoyowang/Desktop/benchmark/sqrt.aig..

6.22. Executing OPT_EXPR pass (perform const folding).
Optimizing module /Users/yoyowang/Desktop/benchmark/sqrt.aig.

6.23. Finished fast OPT passes. (There is nothing left to do.)

7. Executing AIGMAP pass (map logic to AIG).
Module /Users/yoyowang/Desktop/benchmark/sqrt.aig: replaced 27757 cells with 194299 new cells, skipped 3656 cells.
  replaced 1 cell types:
   27757 $_MUX_
  not replaced 2 cell types:
     475 $_NOT_
    3181 $scopeinfo

8. Executing AIGER backend.
Warning: Treating undriven bit /Users/yoyowang/Desktop/benchmark/sqrt.aig.\a[0] like $anyseq.
Warning: Treating undriven bit /Users/yoyowang/Desktop/benchmark/sqrt.aig.\a[1] like $anyseq.
Warning: Treating undriven bit /Users/yoyowang/Desktop/benchmark/sqrt.aig.\a[2] like $anyseq.
Warning: Treating undriven bit /Users/yoyowang/Desktop/benchmark/sqrt.aig.\a[3] like $anyseq.
Warning: Treating undriven bit /Users/yoyowang/Desktop/benchmark/sqrt.aig.\a[4] like $anyseq.
Warning: Treating undriven bit /Users/yoyowang/Desktop/benchmark/sqrt.aig.\a[5] like $anyseq.
Warning: Treating undriven bit /Users/yoyowang/Desktop/benchmark/sqrt.aig.\a[6] like $anyseq.
Warning: Treating undriven bit /Users/yoyowang/Desktop/benchmark/sqrt.aig.\a[7] like $anyseq.
Warning: Treating undriven bit /Users/yoyowang/Desktop/benchmark/sqrt.aig.\a[8] like $anyseq.
Warning: Treating undriven bit /Users/yoyowang/Desktop/benchmark/sqrt.aig.\a[9] like $anyseq.
Warning: Treating undriven bit /Users/yoyowang/Desktop/benchmark/sqrt.aig.\a[10] like $anyseq.
Warning: Treating undriven bit /Users/yoyowang/Desktop/benchmark/sqrt.aig.\a[11] like $anyseq.
Warning: Treating undriven bit /Users/yoyowang/Desktop/benchmark/sqrt.aig.\a[12] like $anyseq.
Warning: Treating undriven bit /Users/yoyowang/Desktop/benchmark/sqrt.aig.\a[13] like $anyseq.
Warning: Treating undriven bit /Users/yoyowang/Desktop/benchmark/sqrt.aig.\a[14] like $anyseq.
Warning: Treating undriven bit /Users/yoyowang/Desktop/benchmark/sqrt.aig.\a[15] like $anyseq.
Warning: Treating undriven bit /Users/yoyowang/Desktop/benchmark/sqrt.aig.\a[16] like $anyseq.
Warning: Treating undriven bit /Users/yoyowang/Desktop/benchmark/sqrt.aig.\a[17] like $anyseq.
Warning: Treating undriven bit /Users/yoyowang/Desktop/benchmark/sqrt.aig.\a[18] like $anyseq.
Warning: Treating undriven bit /Users/yoyowang/Desktop/benchmark/sqrt.aig.\a[19] like $anyseq.
Warning: Treating undriven bit /Users/yoyowang/Desktop/benchmark/sqrt.aig.\a[20] like $anyseq.
Warning: Treating undriven bit /Users/yoyowang/Desktop/benchmark/sqrt.aig.\a[21] like $anyseq.
Warning: Treating undriven bit /Users/yoyowang/Desktop/benchmark/sqrt.aig.\a[22] like $anyseq.
Warning: Treating undriven bit /Users/yoyowang/Desktop/benchmark/sqrt.aig.\a[23] like $anyseq.
Warning: Treating undriven bit /Users/yoyowang/Desktop/benchmark/sqrt.aig.\a[24] like $anyseq.
Warning: Treating undriven bit /Users/yoyowang/Desktop/benchmark/sqrt.aig.\a[25] like $anyseq.
Warning: Treating undriven bit /Users/yoyowang/Desktop/benchmark/sqrt.aig.\a[26] like $anyseq.
Warning: Treating undriven bit /Users/yoyowang/Desktop/benchmark/sqrt.aig.\a[27] like $anyseq.
Warning: Treating undriven bit /Users/yoyowang/Desktop/benchmark/sqrt.aig.\a[28] like $anyseq.
Warning: Treating undriven bit /Users/yoyowang/Desktop/benchmark/sqrt.aig.\a[29] like $anyseq.
Warning: Treating undriven bit /Users/yoyowang/Desktop/benchmark/sqrt.aig.\a[30] like $anyseq.
Warning: Treating undriven bit /Users/yoyowang/Desktop/benchmark/sqrt.aig.\a[31] like $anyseq.
Warning: Treating undriven bit /Users/yoyowang/Desktop/benchmark/sqrt.aig.\a[32] like $anyseq.
Warning: Treating undriven bit /Users/yoyowang/Desktop/benchmark/sqrt.aig.\a[33] like $anyseq.
Warning: Treating undriven bit /Users/yoyowang/Desktop/benchmark/sqrt.aig.\a[34] like $anyseq.
Warning: Treating undriven bit /Users/yoyowang/Desktop/benchmark/sqrt.aig.\a[35] like $anyseq.
Warning: Treating undriven bit /Users/yoyowang/Desktop/benchmark/sqrt.aig.\a[36] like $anyseq.
Warning: Treating undriven bit /Users/yoyowang/Desktop/benchmark/sqrt.aig.\a[37] like $anyseq.
Warning: Treating undriven bit /Users/yoyowang/Desktop/benchmark/sqrt.aig.\a[38] like $anyseq.
Warning: Treating undriven bit /Users/yoyowang/Desktop/benchmark/sqrt.aig.\a[39] like $anyseq.
Warning: Treating undriven bit /Users/yoyowang/Desktop/benchmark/sqrt.aig.\a[40] like $anyseq.
Warning: Treating undriven bit /Users/yoyowang/Desktop/benchmark/sqrt.aig.\a[41] like $anyseq.
Warning: Treating undriven bit /Users/yoyowang/Desktop/benchmark/sqrt.aig.\a[42] like $anyseq.
Warning: Treating undriven bit /Users/yoyowang/Desktop/benchmark/sqrt.aig.\a[43] like $anyseq.
Warning: Treating undriven bit /Users/yoyowang/Desktop/benchmark/sqrt.aig.\a[44] like $anyseq.
Warning: Treating undriven bit /Users/yoyowang/Desktop/benchmark/sqrt.aig.\a[45] like $anyseq.
Warning: Treating undriven bit /Users/yoyowang/Desktop/benchmark/sqrt.aig.\a[46] like $anyseq.
Warning: Treating undriven bit /Users/yoyowang/Desktop/benchmark/sqrt.aig.\a[47] like $anyseq.
Warning: Treating undriven bit /Users/yoyowang/Desktop/benchmark/sqrt.aig.\a[48] like $anyseq.
Warning: Treating undriven bit /Users/yoyowang/Desktop/benchmark/sqrt.aig.\a[49] like $anyseq.
Warning: Treating undriven bit /Users/yoyowang/Desktop/benchmark/sqrt.aig.\a[50] like $anyseq.
Warning: Treating undriven bit /Users/yoyowang/Desktop/benchmark/sqrt.aig.\a[51] like $anyseq.
Warning: Treating undriven bit /Users/yoyowang/Desktop/benchmark/sqrt.aig.\a[52] like $anyseq.
Warning: Treating undriven bit /Users/yoyowang/Desktop/benchmark/sqrt.aig.\a[53] like $anyseq.
Warning: Treating undriven bit /Users/yoyowang/Desktop/benchmark/sqrt.aig.\a[54] like $anyseq.
Warning: Treating undriven bit /Users/yoyowang/Desktop/benchmark/sqrt.aig.\a[55] like $anyseq.
Warning: Treating undriven bit /Users/yoyowang/Desktop/benchmark/sqrt.aig.\a[56] like $anyseq.
Warning: Treating undriven bit /Users/yoyowang/Desktop/benchmark/sqrt.aig.\a[57] like $anyseq.
Warning: Treating undriven bit /Users/yoyowang/Desktop/benchmark/sqrt.aig.\a[58] like $anyseq.
Warning: Treating undriven bit /Users/yoyowang/Desktop/benchmark/sqrt.aig.\a[59] like $anyseq.
Warning: Treating undriven bit /Users/yoyowang/Desktop/benchmark/sqrt.aig.\a[60] like $anyseq.
Warning: Treating undriven bit /Users/yoyowang/Desktop/benchmark/sqrt.aig.\a[61] like $anyseq.
Warning: Treating undriven bit /Users/yoyowang/Desktop/benchmark/sqrt.aig.\a[62] like $anyseq.
Warning: Treating undriven bit /Users/yoyowang/Desktop/benchmark/sqrt.aig.\a[63] like $anyseq.
Warning: Treating undriven bit /Users/yoyowang/Desktop/benchmark/sqrt.aig.\a[64] like $anyseq.
Warning: Treating undriven bit /Users/yoyowang/Desktop/benchmark/sqrt.aig.\a[65] like $anyseq.
Warning: Treating undriven bit /Users/yoyowang/Desktop/benchmark/sqrt.aig.\a[66] like $anyseq.
Warning: Treating undriven bit /Users/yoyowang/Desktop/benchmark/sqrt.aig.\a[67] like $anyseq.
Warning: Treating undriven bit /Users/yoyowang/Desktop/benchmark/sqrt.aig.\a[68] like $anyseq.
Warning: Treating undriven bit /Users/yoyowang/Desktop/benchmark/sqrt.aig.\a[69] like $anyseq.
Warning: Treating undriven bit /Users/yoyowang/Desktop/benchmark/sqrt.aig.\a[70] like $anyseq.
Warning: Treating undriven bit /Users/yoyowang/Desktop/benchmark/sqrt.aig.\a[71] like $anyseq.
Warning: Treating undriven bit /Users/yoyowang/Desktop/benchmark/sqrt.aig.\a[72] like $anyseq.
Warning: Treating undriven bit /Users/yoyowang/Desktop/benchmark/sqrt.aig.\a[73] like $anyseq.
Warning: Treating undriven bit /Users/yoyowang/Desktop/benchmark/sqrt.aig.\a[74] like $anyseq.
Warning: Treating undriven bit /Users/yoyowang/Desktop/benchmark/sqrt.aig.\a[75] like $anyseq.
Warning: Treating undriven bit /Users/yoyowang/Desktop/benchmark/sqrt.aig.\a[76] like $anyseq.
Warning: Treating undriven bit /Users/yoyowang/Desktop/benchmark/sqrt.aig.\a[77] like $anyseq.
Warning: Treating undriven bit /Users/yoyowang/Desktop/benchmark/sqrt.aig.\a[78] like $anyseq.
Warning: Treating undriven bit /Users/yoyowang/Desktop/benchmark/sqrt.aig.\a[79] like $anyseq.
Warning: Treating undriven bit /Users/yoyowang/Desktop/benchmark/sqrt.aig.\a[80] like $anyseq.
Warning: Treating undriven bit /Users/yoyowang/Desktop/benchmark/sqrt.aig.\a[81] like $anyseq.
Warning: Treating undriven bit /Users/yoyowang/Desktop/benchmark/sqrt.aig.\a[82] like $anyseq.
Warning: Treating undriven bit /Users/yoyowang/Desktop/benchmark/sqrt.aig.\a[83] like $anyseq.
Warning: Treating undriven bit /Users/yoyowang/Desktop/benchmark/sqrt.aig.\a[84] like $anyseq.
Warning: Treating undriven bit /Users/yoyowang/Desktop/benchmark/sqrt.aig.\a[85] like $anyseq.
Warning: Treating undriven bit /Users/yoyowang/Desktop/benchmark/sqrt.aig.\a[86] like $anyseq.
Warning: Treating undriven bit /Users/yoyowang/Desktop/benchmark/sqrt.aig.\a[87] like $anyseq.
Warning: Treating undriven bit /Users/yoyowang/Desktop/benchmark/sqrt.aig.\a[88] like $anyseq.
Warning: Treating undriven bit /Users/yoyowang/Desktop/benchmark/sqrt.aig.\a[89] like $anyseq.
Warning: Treating undriven bit /Users/yoyowang/Desktop/benchmark/sqrt.aig.\a[90] like $anyseq.
Warning: Treating undriven bit /Users/yoyowang/Desktop/benchmark/sqrt.aig.\a[91] like $anyseq.
Warning: Treating undriven bit /Users/yoyowang/Desktop/benchmark/sqrt.aig.\a[92] like $anyseq.
Warning: Treating undriven bit /Users/yoyowang/Desktop/benchmark/sqrt.aig.\a[93] like $anyseq.
Warning: Treating undriven bit /Users/yoyowang/Desktop/benchmark/sqrt.aig.\a[94] like $anyseq.
Warning: Treating undriven bit /Users/yoyowang/Desktop/benchmark/sqrt.aig.\a[95] like $anyseq.
Warning: Treating undriven bit /Users/yoyowang/Desktop/benchmark/sqrt.aig.\a[96] like $anyseq.
Warning: Treating undriven bit /Users/yoyowang/Desktop/benchmark/sqrt.aig.\a[97] like $anyseq.
Warning: Treating undriven bit /Users/yoyowang/Desktop/benchmark/sqrt.aig.\a[98] like $anyseq.
Warning: Treating undriven bit /Users/yoyowang/Desktop/benchmark/sqrt.aig.\a[99] like $anyseq.
Warning: Treating undriven bit /Users/yoyowang/Desktop/benchmark/sqrt.aig.\a[100] like $anyseq.
Warning: Treating undriven bit /Users/yoyowang/Desktop/benchmark/sqrt.aig.\a[101] like $anyseq.
Warning: Treating undriven bit /Users/yoyowang/Desktop/benchmark/sqrt.aig.\a[102] like $anyseq.
Warning: Treating undriven bit /Users/yoyowang/Desktop/benchmark/sqrt.aig.\a[103] like $anyseq.
Warning: Treating undriven bit /Users/yoyowang/Desktop/benchmark/sqrt.aig.\a[104] like $anyseq.
Warning: Treating undriven bit /Users/yoyowang/Desktop/benchmark/sqrt.aig.\a[105] like $anyseq.
Warning: Treating undriven bit /Users/yoyowang/Desktop/benchmark/sqrt.aig.\a[106] like $anyseq.
Warning: Treating undriven bit /Users/yoyowang/Desktop/benchmark/sqrt.aig.\a[107] like $anyseq.
Warning: Treating undriven bit /Users/yoyowang/Desktop/benchmark/sqrt.aig.\a[108] like $anyseq.
Warning: Treating undriven bit /Users/yoyowang/Desktop/benchmark/sqrt.aig.\a[109] like $anyseq.
Warning: Treating undriven bit /Users/yoyowang/Desktop/benchmark/sqrt.aig.\a[110] like $anyseq.
Warning: Treating undriven bit /Users/yoyowang/Desktop/benchmark/sqrt.aig.\a[111] like $anyseq.
Warning: Treating undriven bit /Users/yoyowang/Desktop/benchmark/sqrt.aig.\a[112] like $anyseq.
Warning: Treating undriven bit /Users/yoyowang/Desktop/benchmark/sqrt.aig.\a[113] like $anyseq.
Warning: Treating undriven bit /Users/yoyowang/Desktop/benchmark/sqrt.aig.\a[114] like $anyseq.
Warning: Treating undriven bit /Users/yoyowang/Desktop/benchmark/sqrt.aig.\a[115] like $anyseq.
Warning: Treating undriven bit /Users/yoyowang/Desktop/benchmark/sqrt.aig.\a[116] like $anyseq.
Warning: Treating undriven bit /Users/yoyowang/Desktop/benchmark/sqrt.aig.\a[117] like $anyseq.
Warning: Treating undriven bit /Users/yoyowang/Desktop/benchmark/sqrt.aig.\a[118] like $anyseq.
Warning: Treating undriven bit /Users/yoyowang/Desktop/benchmark/sqrt.aig.\a[119] like $anyseq.
Warning: Treating undriven bit /Users/yoyowang/Desktop/benchmark/sqrt.aig.\a[120] like $anyseq.
Warning: Treating undriven bit /Users/yoyowang/Desktop/benchmark/sqrt.aig.\a[121] like $anyseq.
Warning: Treating undriven bit /Users/yoyowang/Desktop/benchmark/sqrt.aig.\a[122] like $anyseq.
Warning: Treating undriven bit /Users/yoyowang/Desktop/benchmark/sqrt.aig.\a[123] like $anyseq.
Warning: Treating undriven bit /Users/yoyowang/Desktop/benchmark/sqrt.aig.\a[124] like $anyseq.
Warning: Treating undriven bit /Users/yoyowang/Desktop/benchmark/sqrt.aig.\a[125] like $anyseq.
Warning: Treating undriven bit /Users/yoyowang/Desktop/benchmark/sqrt.aig.\a[126] like $anyseq.
Warning: Treating undriven bit /Users/yoyowang/Desktop/benchmark/sqrt.aig.\a[127] like $anyseq.
Warning: Treating a total of 128 undriven bits in /Users/yoyowang/Desktop/benchmark/sqrt.aig like $anyseq.

Warnings: 129 unique messages, 129 total
End of script. Logfile hash: 7d000619b6, CPU: user 1.96s system 0.09s, MEM: 473.84 MB peak
Yosys 0.60+64 (git sha1 e3af261e1-dirty, clang++ 17.0.0 -fPIC -O3)
Time spent: 37% 4x opt_expr (0 sec), 18% 3x opt_clean (0 sec), ...
