
 /----------------------------------------------------------------------------\
 |  yosys -- Yosys Open SYnthesis Suite                                       |
 |  Copyright (C) 2012 - 2025  Claire Xenia Wolf <claire@yosyshq.com>         |
 |  Distributed under an ISC-like license, type "license" to see terms        |
 \----------------------------------------------------------------------------/
 Yosys 0.60+64 (git sha1 e3af261e1-dirty, clang++ 17.0.0 -fPIC -O3)

-- Running command `
        read_verilog -icells techlibs/yoyo/cells_sim.v
        read_verilog test_output_epfl/square_lut6d_mapped.v
        hierarchy -check -auto-top
        flatten
        techmap
        opt
        aigmap
        write_aiger test_output_epfl/square_lut6d_gate_cec.aig
    ' --

1. Executing Verilog-2005 frontend: techlibs/yoyo/cells_sim.v
Parsing Verilog input from `techlibs/yoyo/cells_sim.v' to AST representation.
verilog frontend filename techlibs/yoyo/cells_sim.v
Generating RTLIL representation for module `\GTP_LUT1'.
Generating RTLIL representation for module `\GTP_LUT2'.
Generating RTLIL representation for module `\GTP_LUT3'.
Generating RTLIL representation for module `\GTP_LUT4'.
Generating RTLIL representation for module `\GTP_LUT5'.
Generating RTLIL representation for module `\GTP_LUT6'.
Generating RTLIL representation for module `\GTP_LUT6D'.
Generating RTLIL representation for module `\GTP_LUT5D'.
Generating RTLIL representation for module `\GTP_LUT4D'.
Successfully finished Verilog frontend.

2. Executing Verilog-2005 frontend: test_output_epfl/square_lut6d_mapped.v
Parsing Verilog input from `test_output_epfl/square_lut6d_mapped.v' to AST representation.
verilog frontend filename test_output_epfl/square_lut6d_mapped.v
Generating RTLIL representation for module `\/Users/yoyowang/Desktop/benchmark/square.aig'.
Successfully finished Verilog frontend.

3. Executing HIERARCHY pass (managing design hierarchy).
Attribute `top' found on module `/Users/yoyowang/Desktop/benchmark/square.aig'. Setting top module to /Users/yoyowang/Desktop/benchmark/square.aig.

3.1. Analyzing design hierarchy..
Top module:  \/Users/yoyowang/Desktop/benchmark/square.aig
Used module:     \GTP_LUT6
Used module:     \GTP_LUT5
Used module:     \GTP_LUT4
Used module:     \GTP_LUT3
Used module:     \GTP_LUT6D
Used module:     \GTP_LUT4D
Used module:     \GTP_LUT5D
Parameter \INIT = 64'0001010101010101001111111111111101111111111111111111111111111111

3.2. Executing AST frontend in derive mode using pre-parsed AST for module `\GTP_LUT6'.
Parameter \INIT = 64'0001010101010101001111111111111101111111111111111111111111111111
Generating RTLIL representation for module `$paramod$48a85bb5e949702506db52bcf7757d6246ae6613\GTP_LUT6'.
Parameter \INIT = 64'0101011100011111111111110011111111010111010111111111111111111111

3.3. Executing AST frontend in derive mode using pre-parsed AST for module `\GTP_LUT6'.
Parameter \INIT = 64'0101011100011111111111110011111111010111010111111111111111111111
Generating RTLIL representation for module `$paramod$7fd492bf0a0f3afa506da4ca0d6c7d40a5331ef3\GTP_LUT6'.
Parameter \INIT = 64'0001011101011111111111111111111101110111111111111111111111111111

3.4. Executing AST frontend in derive mode using pre-parsed AST for module `\GTP_LUT6'.
Parameter \INIT = 64'0001011101011111111111111111111101110111111111111111111111111111
Generating RTLIL representation for module `$paramod$b55fd927845dbd6ffb3fa8f3c2d896dab9514d97\GTP_LUT6'.
Parameter \INIT = 64'0001011101110111010111111111111100111111111111111111111111111111

3.5. Executing AST frontend in derive mode using pre-parsed AST for module `\GTP_LUT6'.
Parameter \INIT = 64'0001011101110111010111111111111100111111111111111111111111111111
Generating RTLIL representation for module `$paramod$59d1e71730573726016523635ae12d9a36d2e6b7\GTP_LUT6'.
Parameter \INIT = 64'0110100110011001101001010101010111000011001100110000111111111111

3.6. Executing AST frontend in derive mode using pre-parsed AST for module `\GTP_LUT6'.
Parameter \INIT = 64'0110100110011001101001010101010111000011001100110000111111111111
Generating RTLIL representation for module `$paramod$12ac32869a3b0344482a06de893b1c422a497c6b\GTP_LUT6'.
Parameter \INIT = 64'0110100110011001101001010101010111000011001100110000111111111111
Found cached RTLIL representation for module `$paramod$12ac32869a3b0344482a06de893b1c422a497c6b\GTP_LUT6'.
Parameter \INIT = 64'1001011001100110010110101010101000111100110011001111000000000000

3.7. Executing AST frontend in derive mode using pre-parsed AST for module `\GTP_LUT6'.
Parameter \INIT = 64'1001011001100110010110101010101000111100110011001111000000000000
Generating RTLIL representation for module `$paramod$6467decad80f9f1fe527a343c1088f0670b6a372\GTP_LUT6'.
Parameter \INIT = 64'0110100110011001101001010101010111000011001100110000111111111111
Found cached RTLIL representation for module `$paramod$12ac32869a3b0344482a06de893b1c422a497c6b\GTP_LUT6'.
Parameter \INIT = 64'0110100110011001101001010101010111000011001100110000111111111111
Found cached RTLIL representation for module `$paramod$12ac32869a3b0344482a06de893b1c422a497c6b\GTP_LUT6'.
Parameter \INIT = 64'0110100110011001101001010101010111000011001100110000111111111111
Found cached RTLIL representation for module `$paramod$12ac32869a3b0344482a06de893b1c422a497c6b\GTP_LUT6'.
Parameter \INIT = 64'0001011101110111010111111111111100111111111111111111111111111111
Found cached RTLIL representation for module `$paramod$59d1e71730573726016523635ae12d9a36d2e6b7\GTP_LUT6'.
Parameter \INIT = 64'0001011101110111010111111111111100111111111111111111111111111111
Found cached RTLIL representation for module `$paramod$59d1e71730573726016523635ae12d9a36d2e6b7\GTP_LUT6'.
Parameter \INIT = 64'0001011101110111010111111111111100111111111111111111111111111111
Found cached RTLIL representation for module `$paramod$59d1e71730573726016523635ae12d9a36d2e6b7\GTP_LUT6'.
Parameter \INIT = 64'0001011101110111010111111111111100111111111111111111111111111111
Found cached RTLIL representation for module `$paramod$59d1e71730573726016523635ae12d9a36d2e6b7\GTP_LUT6'.
Parameter \INIT = 64'0001011101110111010111111111111100111111111111111111111111111111
Found cached RTLIL representation for module `$paramod$59d1e71730573726016523635ae12d9a36d2e6b7\GTP_LUT6'.
Parameter \INIT = 64'0110100110011001101001010101010111000011001100110000111111111111
Found cached RTLIL representation for module `$paramod$12ac32869a3b0344482a06de893b1c422a497c6b\GTP_LUT6'.
Parameter \INIT = 64'0110100110011001101001010101010111000011001100110000111111111111
Found cached RTLIL representation for module `$paramod$12ac32869a3b0344482a06de893b1c422a497c6b\GTP_LUT6'.
Parameter \INIT = 64'1001011001100110010110101010101000111100110011001111000000000000
Found cached RTLIL representation for module `$paramod$6467decad80f9f1fe527a343c1088f0670b6a372\GTP_LUT6'.
Parameter \INIT = 64'1001011001100110010110101010101000111100110011001111000000000000
Found cached RTLIL representation for module `$paramod$6467decad80f9f1fe527a343c1088f0670b6a372\GTP_LUT6'.
Parameter \INIT = 64'1001011001100110010110101010101000111100110011001111000000000000
Found cached RTLIL representation for module `$paramod$6467decad80f9f1fe527a343c1088f0670b6a372\GTP_LUT6'.
Parameter \INIT = 64'0001011101110111010111111111111100111111111111111111111111111111
Found cached RTLIL representation for module `$paramod$59d1e71730573726016523635ae12d9a36d2e6b7\GTP_LUT6'.
Parameter \INIT = 64'0001011101110111010111111111111100111111111111111111111111111111
Found cached RTLIL representation for module `$paramod$59d1e71730573726016523635ae12d9a36d2e6b7\GTP_LUT6'.
Parameter \INIT = 64'0001011101110111010111111111111100111111111111111111111111111111
Found cached RTLIL representation for module `$paramod$59d1e71730573726016523635ae12d9a36d2e6b7\GTP_LUT6'.
Parameter \INIT = 64'1110100010001000101000000000000011000000000000000000000000000000

3.8. Executing AST frontend in derive mode using pre-parsed AST for module `\GTP_LUT6'.
Parameter \INIT = 64'1110100010001000101000000000000011000000000000000000000000000000
Generating RTLIL representation for module `$paramod$6bfd9d45ef108fbad97b24bc286ca5f3d8b7f79e\GTP_LUT6'.
Parameter \INIT = 64'0001011101110111010111111111111100111111111111111111111111111111
Found cached RTLIL representation for module `$paramod$59d1e71730573726016523635ae12d9a36d2e6b7\GTP_LUT6'.
Parameter \INIT = 64'0001011101110111010111111111111100111111111111111111111111111111
Found cached RTLIL representation for module `$paramod$59d1e71730573726016523635ae12d9a36d2e6b7\GTP_LUT6'.
Parameter \INIT = 64'0001011101110111010111111111111100111111111111111111111111111111
Found cached RTLIL representation for module `$paramod$59d1e71730573726016523635ae12d9a36d2e6b7\GTP_LUT6'.
Parameter \INIT = 64'0001011101110111010111111111111100111111111111111111111111111111
Found cached RTLIL representation for module `$paramod$59d1e71730573726016523635ae12d9a36d2e6b7\GTP_LUT6'.
Parameter \INIT = 64'0001011101110111010111111111111100111111111111111111111111111111
Found cached RTLIL representation for module `$paramod$59d1e71730573726016523635ae12d9a36d2e6b7\GTP_LUT6'.
Parameter \INIT = 64'0110100110011001101001010101010111000011001100110000111111111111
Found cached RTLIL representation for module `$paramod$12ac32869a3b0344482a06de893b1c422a497c6b\GTP_LUT6'.
Parameter \INIT = 64'1001011001100110010110101010101000111100110011001111000000000000
Found cached RTLIL representation for module `$paramod$6467decad80f9f1fe527a343c1088f0670b6a372\GTP_LUT6'.
Parameter \INIT = 64'1001011001100110010110101010101000111100110011001111000000000000
Found cached RTLIL representation for module `$paramod$6467decad80f9f1fe527a343c1088f0670b6a372\GTP_LUT6'.
Parameter \INIT = 64'0110100110011001101001010101010111000011001100110000111111111111
Found cached RTLIL representation for module `$paramod$12ac32869a3b0344482a06de893b1c422a497c6b\GTP_LUT6'.
Parameter \INIT = 64'1001011001011010101010101010101000111100111100000000000000000000

3.9. Executing AST frontend in derive mode using pre-parsed AST for module `\GTP_LUT6'.
Parameter \INIT = 64'1001011001011010101010101010101000111100111100000000000000000000
Generating RTLIL representation for module `$paramod$92432f548d7ca0e4c4185505e90b3fa0b62d6924\GTP_LUT6'.
Parameter \INIT = 64'1001011001100110010110101010101000111100110011001111000000000000
Found cached RTLIL representation for module `$paramod$6467decad80f9f1fe527a343c1088f0670b6a372\GTP_LUT6'.
Parameter \INIT = 64'0110100110011001101001010101010111000011001100110000111111111111
Found cached RTLIL representation for module `$paramod$12ac32869a3b0344482a06de893b1c422a497c6b\GTP_LUT6'.
Parameter \INIT = 64'1001011001100110010110101010101000111100110011001111000000000000
Found cached RTLIL representation for module `$paramod$6467decad80f9f1fe527a343c1088f0670b6a372\GTP_LUT6'.
Parameter \INIT = 64'1001011001100110010110101010101000111100110011001111000000000000
Found cached RTLIL representation for module `$paramod$6467decad80f9f1fe527a343c1088f0670b6a372\GTP_LUT6'.
Parameter \INIT = 64'0001011101110111010111111111111100111111111111111111111111111111
Found cached RTLIL representation for module `$paramod$59d1e71730573726016523635ae12d9a36d2e6b7\GTP_LUT6'.
Parameter \INIT = 64'0001011101110111010111111111111100111111111111111111111111111111
Found cached RTLIL representation for module `$paramod$59d1e71730573726016523635ae12d9a36d2e6b7\GTP_LUT6'.
Parameter \INIT = 64'1001011001100110010110101010101000111100110011001111000000000000
Found cached RTLIL representation for module `$paramod$6467decad80f9f1fe527a343c1088f0670b6a372\GTP_LUT6'.
Parameter \INIT = 64'0001011101110111010111111111111100111111111111111111111111111111
Found cached RTLIL representation for module `$paramod$59d1e71730573726016523635ae12d9a36d2e6b7\GTP_LUT6'.
Parameter \INIT = 64'0001011101110111010111111111111100111111111111111111111111111111
Found cached RTLIL representation for module `$paramod$59d1e71730573726016523635ae12d9a36d2e6b7\GTP_LUT6'.
Parameter \INIT = 64'0001011101110111010111111111111100111111111111111111111111111111
Found cached RTLIL representation for module `$paramod$59d1e71730573726016523635ae12d9a36d2e6b7\GTP_LUT6'.
Parameter \INIT = 64'0001011101110111010111111111111100111111111111111111111111111111
Found cached RTLIL representation for module `$paramod$59d1e71730573726016523635ae12d9a36d2e6b7\GTP_LUT6'.
Parameter \INIT = 64'0001011101011111111111111111111100111111111111111111111111111111

3.10. Executing AST frontend in derive mode using pre-parsed AST for module `\GTP_LUT6'.
Parameter \INIT = 64'0001011101011111111111111111111100111111111111111111111111111111
Generating RTLIL representation for module `$paramod$ac66e494c4be501c3d49c47fc7813e43a763fc64\GTP_LUT6'.
Parameter \INIT = 64'0001011101110111010111111111111100111111111111111111111111111111
Found cached RTLIL representation for module `$paramod$59d1e71730573726016523635ae12d9a36d2e6b7\GTP_LUT6'.
Parameter \INIT = 64'0001011101110111010111111111111100111111111111111111111111111111
Found cached RTLIL representation for module `$paramod$59d1e71730573726016523635ae12d9a36d2e6b7\GTP_LUT6'.
Parameter \INIT = 64'0001011101110111010111111111111100111111111111111111111111111111
Found cached RTLIL representation for module `$paramod$59d1e71730573726016523635ae12d9a36d2e6b7\GTP_LUT6'.
Parameter \INIT = 64'0001011101110111010111111111111100111111111111111111111111111111
Found cached RTLIL representation for module `$paramod$59d1e71730573726016523635ae12d9a36d2e6b7\GTP_LUT6'.
Parameter \INIT = 64'0001011101110111010111111111111100111111111111111111111111111111
Found cached RTLIL representation for module `$paramod$59d1e71730573726016523635ae12d9a36d2e6b7\GTP_LUT6'.
Parameter \INIT = 64'1001011001100110010110101010101000111100110011001111000000000000
Found cached RTLIL representation for module `$paramod$6467decad80f9f1fe527a343c1088f0670b6a372\GTP_LUT6'.
Parameter \INIT = 64'1001011001100110010110101010101000111100110011001111000000000000
Found cached RTLIL representation for module `$paramod$6467decad80f9f1fe527a343c1088f0670b6a372\GTP_LUT6'.
Parameter \INIT = 64'1001011001100110010110101010101000111100110011001111000000000000
Found cached RTLIL representation for module `$paramod$6467decad80f9f1fe527a343c1088f0670b6a372\GTP_LUT6'.
Parameter \INIT = 64'0110100110011001101001010101010111000011001100110000111111111111
Found cached RTLIL representation for module `$paramod$12ac32869a3b0344482a06de893b1c422a497c6b\GTP_LUT6'.
Parameter \INIT = 64'0110100110011001101001010101010111000011001100110000111111111111
Found cached RTLIL representation for module `$paramod$12ac32869a3b0344482a06de893b1c422a497c6b\GTP_LUT6'.
Parameter \INIT = 64'1001011001100110010110101010101000111100110011001111000000000000
Found cached RTLIL representation for module `$paramod$6467decad80f9f1fe527a343c1088f0670b6a372\GTP_LUT6'.
Parameter \INIT = 64'0001011101110111010111111111111100111111111111111111111111111111
Found cached RTLIL representation for module `$paramod$59d1e71730573726016523635ae12d9a36d2e6b7\GTP_LUT6'.
Parameter \INIT = 64'0001011101110111010111111111111100111111111111111111111111111111
Found cached RTLIL representation for module `$paramod$59d1e71730573726016523635ae12d9a36d2e6b7\GTP_LUT6'.
Parameter \INIT = 64'0001011101110111010111111111111100111111111111111111111111111111
Found cached RTLIL representation for module `$paramod$59d1e71730573726016523635ae12d9a36d2e6b7\GTP_LUT6'.
Parameter \INIT = 64'0001011101110111010111111111111100111111111111111111111111111111
Found cached RTLIL representation for module `$paramod$59d1e71730573726016523635ae12d9a36d2e6b7\GTP_LUT6'.
Parameter \INIT = 64'0001011101110111010111111111111100111111111111111111111111111111
Found cached RTLIL representation for module `$paramod$59d1e71730573726016523635ae12d9a36d2e6b7\GTP_LUT6'.
Parameter \INIT = 64'0001011101110111010111111111111100111111111111111111111111111111
Found cached RTLIL representation for module `$paramod$59d1e71730573726016523635ae12d9a36d2e6b7\GTP_LUT6'.
Parameter \INIT = 64'0001011101110111010111111111111100111111111111111111111111111111
Found cached RTLIL representation for module `$paramod$59d1e71730573726016523635ae12d9a36d2e6b7\GTP_LUT6'.
Parameter \INIT = 64'0110100110011001101001010101010111000011001100110000111111111111
Found cached RTLIL representation for module `$paramod$12ac32869a3b0344482a06de893b1c422a497c6b\GTP_LUT6'.
Parameter \INIT = 64'1001011001100110010110101010101000111100110011001111000000000000
Found cached RTLIL representation for module `$paramod$6467decad80f9f1fe527a343c1088f0670b6a372\GTP_LUT6'.
Parameter \INIT = 64'0110100110011001101001010101010111000011001100110000111111111111
Found cached RTLIL representation for module `$paramod$12ac32869a3b0344482a06de893b1c422a497c6b\GTP_LUT6'.
Parameter \INIT = 64'1001011001100110010110101010101000111100110011001111000000000000
Found cached RTLIL representation for module `$paramod$6467decad80f9f1fe527a343c1088f0670b6a372\GTP_LUT6'.
Parameter \INIT = 64'0110100110011001101001010101010111000011001100110000111111111111
Found cached RTLIL representation for module `$paramod$12ac32869a3b0344482a06de893b1c422a497c6b\GTP_LUT6'.
Parameter \INIT = 64'0110100110011001101001010101010111000011001100110000111111111111
Found cached RTLIL representation for module `$paramod$12ac32869a3b0344482a06de893b1c422a497c6b\GTP_LUT6'.
Parameter \INIT = 64'1001011001100110010110101010101000111100110011001111000000000000
Found cached RTLIL representation for module `$paramod$6467decad80f9f1fe527a343c1088f0670b6a372\GTP_LUT6'.
Parameter \INIT = 64'0001011101110111010111111111111100111111111111111111111111111111
Found cached RTLIL representation for module `$paramod$59d1e71730573726016523635ae12d9a36d2e6b7\GTP_LUT6'.
Parameter \INIT = 64'0001011101110111010111111111111100111111111111111111111111111111
Found cached RTLIL representation for module `$paramod$59d1e71730573726016523635ae12d9a36d2e6b7\GTP_LUT6'.
Parameter \INIT = 64'0001011101110111010111111111111100111111111111111111111111111111
Found cached RTLIL representation for module `$paramod$59d1e71730573726016523635ae12d9a36d2e6b7\GTP_LUT6'.
Parameter \INIT = 64'0001011101110111010111111111111100111111111111111111111111111111
Found cached RTLIL representation for module `$paramod$59d1e71730573726016523635ae12d9a36d2e6b7\GTP_LUT6'.
Parameter \INIT = 64'1110100010001000101000000000000011000000000000000000000000000000
Found cached RTLIL representation for module `$paramod$6bfd9d45ef108fbad97b24bc286ca5f3d8b7f79e\GTP_LUT6'.
Parameter \INIT = 64'0001011101110111010111111111111100111111111111111111111111111111
Found cached RTLIL representation for module `$paramod$59d1e71730573726016523635ae12d9a36d2e6b7\GTP_LUT6'.
Parameter \INIT = 64'0001011101110111010111111111111100111111111111111111111111111111
Found cached RTLIL representation for module `$paramod$59d1e71730573726016523635ae12d9a36d2e6b7\GTP_LUT6'.
Parameter \INIT = 64'0001011101110111010111111111111100111111111111111111111111111111
Found cached RTLIL representation for module `$paramod$59d1e71730573726016523635ae12d9a36d2e6b7\GTP_LUT6'.
Parameter \INIT = 64'0001011101110111010111111111111100111111111111111111111111111111
Found cached RTLIL representation for module `$paramod$59d1e71730573726016523635ae12d9a36d2e6b7\GTP_LUT6'.
Parameter \INIT = 64'0001011101110111010111111111111100111111111111111111111111111111
Found cached RTLIL representation for module `$paramod$59d1e71730573726016523635ae12d9a36d2e6b7\GTP_LUT6'.
Parameter \INIT = 64'0001011101110111010111111111111100111111111111111111111111111111
Found cached RTLIL representation for module `$paramod$59d1e71730573726016523635ae12d9a36d2e6b7\GTP_LUT6'.
Parameter \INIT = 64'1110100010001000101000000000000011000000000000000000000000000000
Found cached RTLIL representation for module `$paramod$6bfd9d45ef108fbad97b24bc286ca5f3d8b7f79e\GTP_LUT6'.
Parameter \INIT = 64'0001011101110111010111111111111100111111111111111111111111111111
Found cached RTLIL representation for module `$paramod$59d1e71730573726016523635ae12d9a36d2e6b7\GTP_LUT6'.
Parameter \INIT = 64'0001011101110111010111111111111100111111111111111111111111111111
Found cached RTLIL representation for module `$paramod$59d1e71730573726016523635ae12d9a36d2e6b7\GTP_LUT6'.
Parameter \INIT = 64'0001011101110111010111111111111100111111111111111111111111111111
Found cached RTLIL representation for module `$paramod$59d1e71730573726016523635ae12d9a36d2e6b7\GTP_LUT6'.
Parameter \INIT = 64'0001011101110111010111111111111100111111111111111111111111111111
Found cached RTLIL representation for module `$paramod$59d1e71730573726016523635ae12d9a36d2e6b7\GTP_LUT6'.
Parameter \INIT = 64'0001011101110111010111111111111100111111111111111111111111111111
Found cached RTLIL representation for module `$paramod$59d1e71730573726016523635ae12d9a36d2e6b7\GTP_LUT6'.
Parameter \INIT = 64'0001011101110111010111111111111100111111111111111111111111111111
Found cached RTLIL representation for module `$paramod$59d1e71730573726016523635ae12d9a36d2e6b7\GTP_LUT6'.
Parameter \INIT = 64'0001011101110111010111111111111100111111111111111111111111111111
Found cached RTLIL representation for module `$paramod$59d1e71730573726016523635ae12d9a36d2e6b7\GTP_LUT6'.
Parameter \INIT = 64'0001011101110111010111111111111100111111111111111111111111111111
Found cached RTLIL representation for module `$paramod$59d1e71730573726016523635ae12d9a36d2e6b7\GTP_LUT6'.
Parameter \INIT = 64'0110100110011001101001010101010111000011001100110000111111111111
Found cached RTLIL representation for module `$paramod$12ac32869a3b0344482a06de893b1c422a497c6b\GTP_LUT6'.
Parameter \INIT = 64'0110100110011001101001010101010111000011001100110000111111111111
Found cached RTLIL representation for module `$paramod$12ac32869a3b0344482a06de893b1c422a497c6b\GTP_LUT6'.
Parameter \INIT = 64'0110100110011001101001010101010111000011001100110000111111111111
Found cached RTLIL representation for module `$paramod$12ac32869a3b0344482a06de893b1c422a497c6b\GTP_LUT6'.
Parameter \INIT = 64'1001011001100110010110101010101000111100110011001111000000000000
Found cached RTLIL representation for module `$paramod$6467decad80f9f1fe527a343c1088f0670b6a372\GTP_LUT6'.
Parameter \INIT = 64'1001011001100110010110101010101000111100110011001111000000000000
Found cached RTLIL representation for module `$paramod$6467decad80f9f1fe527a343c1088f0670b6a372\GTP_LUT6'.
Parameter \INIT = 64'1001011001100110010110101010101000111100110011001111000000000000
Found cached RTLIL representation for module `$paramod$6467decad80f9f1fe527a343c1088f0670b6a372\GTP_LUT6'.
Parameter \INIT = 64'1001011001100110010110101010101000111100110011001111000000000000
Found cached RTLIL representation for module `$paramod$6467decad80f9f1fe527a343c1088f0670b6a372\GTP_LUT6'.
Parameter \INIT = 64'1001011001100110010110101010101000111100110011001111000000000000
Found cached RTLIL representation for module `$paramod$6467decad80f9f1fe527a343c1088f0670b6a372\GTP_LUT6'.
Parameter \INIT = 64'0001011101110111010111111111111100111111111111111111111111111111
Found cached RTLIL representation for module `$paramod$59d1e71730573726016523635ae12d9a36d2e6b7\GTP_LUT6'.
Parameter \INIT = 64'0001011101110111010111111111111100111111111111111111111111111111
Found cached RTLIL representation for module `$paramod$59d1e71730573726016523635ae12d9a36d2e6b7\GTP_LUT6'.
Parameter \INIT = 64'0110100110011001101001010101010111000011001100110000111111111111
Found cached RTLIL representation for module `$paramod$12ac32869a3b0344482a06de893b1c422a497c6b\GTP_LUT6'.
Parameter \INIT = 64'0001011101110111010111111111111100111111111111111111111111111111
Found cached RTLIL representation for module `$paramod$59d1e71730573726016523635ae12d9a36d2e6b7\GTP_LUT6'.
Parameter \INIT = 64'0001011101110111010111111111111100111111111111111111111111111111
Found cached RTLIL representation for module `$paramod$59d1e71730573726016523635ae12d9a36d2e6b7\GTP_LUT6'.
Parameter \INIT = 64'0001011101110111010111111111111100111111111111111111111111111111
Found cached RTLIL representation for module `$paramod$59d1e71730573726016523635ae12d9a36d2e6b7\GTP_LUT6'.
Parameter \INIT = 1791011328

3.11. Executing AST frontend in derive mode using pre-parsed AST for module `\GTP_LUT5'.
Parameter \INIT = 1791011328
Generating RTLIL representation for module `$paramod\GTP_LUT5\INIT=32'01101010110000001010101000000000'.
Parameter \INIT = 1789575168

3.12. Executing AST frontend in derive mode using pre-parsed AST for module `\GTP_LUT5'.
Parameter \INIT = 1789575168
Generating RTLIL representation for module `$paramod\GTP_LUT5\INIT=32'01101010101010101100000000000000'.
Parameter \INIT = 392118271

3.13. Executing AST frontend in derive mode using pre-parsed AST for module `\GTP_LUT5'.
Parameter \INIT = 392118271
Generating RTLIL representation for module `$paramod\GTP_LUT5\INIT=32'00010111010111110011111111111111'.
Parameter \INIT = 16'0000011101111111

3.14. Executing AST frontend in derive mode using pre-parsed AST for module `\GTP_LUT4'.
Parameter \INIT = 16'0000011101111111
Generating RTLIL representation for module `$paramod\GTP_LUT4\INIT=16'0000011101111111'.
Parameter \INIT = 16'0000011101111111
Found cached RTLIL representation for module `$paramod\GTP_LUT4\INIT=16'0000011101111111'.
Parameter \INIT = 16'0110101011000000

3.15. Executing AST frontend in derive mode using pre-parsed AST for module `\GTP_LUT4'.
Parameter \INIT = 16'0110101011000000
Generating RTLIL representation for module `$paramod\GTP_LUT4\INIT=16'0110101011000000'.
Parameter \INIT = 64'1111111111111111100001110111100010000111011110000000000000000000

3.16. Executing AST frontend in derive mode using pre-parsed AST for module `\GTP_LUT6'.
Parameter \INIT = 64'1111111111111111100001110111100010000111011110000000000000000000
Generating RTLIL representation for module `$paramod$3a6e9495d5afb08ad962fec0ebf5994add62776c\GTP_LUT6'.
Parameter \INIT = 64'0111100010000111100001110111100010000111011110000111100010000111

3.17. Executing AST frontend in derive mode using pre-parsed AST for module `\GTP_LUT6'.
Parameter \INIT = 64'0111100010000111100001110111100010000111011110000111100010000111
Generating RTLIL representation for module `$paramod$88ecfd519a593b02863949e357d92dadc8620ded\GTP_LUT6'.
Parameter \INIT = 64'0111111100000111100011110000100010001111000010000111111100000111

3.18. Executing AST frontend in derive mode using pre-parsed AST for module `\GTP_LUT6'.
Parameter \INIT = 64'0111111100000111100011110000100010001111000010000111111100000111
Generating RTLIL representation for module `$paramod$e5e6f7e2ab96be144dbe833de97381db82a1fa1d\GTP_LUT6'.
Parameter \INIT = 64'1000011111111111000000001000011100000000100001111000011111111111

3.19. Executing AST frontend in derive mode using pre-parsed AST for module `\GTP_LUT6'.
Parameter \INIT = 64'1000011111111111000000001000011100000000100001111000011111111111
Generating RTLIL representation for module `$paramod$94f20f7d0c9aae7c47ecc41a547a65f9ef39d378\GTP_LUT6'.
Parameter \INIT = 64'1111000000000000111101110111000011110111011100001111111111110000

3.20. Executing AST frontend in derive mode using pre-parsed AST for module `\GTP_LUT6'.
Parameter \INIT = 64'1111000000000000111101110111000011110111011100001111111111110000
Generating RTLIL representation for module `$paramod$a1511ba38539040212dedd60949334e4bf9b6581\GTP_LUT6'.
Parameter \INIT = 64'1111000000001111100001110111100010000111011110000000111111110000

3.21. Executing AST frontend in derive mode using pre-parsed AST for module `\GTP_LUT6'.
Parameter \INIT = 64'1111000000001111100001110111100010000111011110000000111111110000
Generating RTLIL representation for module `$paramod$5a413251865d8e1bc32ebedd8698d5af28e12c77\GTP_LUT6'.
Parameter \INIT = 64'0110110010010011100100110110110010010011011011000110110010010011

3.22. Executing AST frontend in derive mode using pre-parsed AST for module `\GTP_LUT6'.
Parameter \INIT = 64'0110110010010011100100110110110010010011011011000110110010010011
Generating RTLIL representation for module `$paramod$8440634061c2441cf479cde1e76adfe36d754c4a\GTP_LUT6'.
Parameter \INIT = 64'0110110011111111000000000110110010010011111111110000000010010011

3.23. Executing AST frontend in derive mode using pre-parsed AST for module `\GTP_LUT6'.
Parameter \INIT = 64'0110110011111111000000000110110010010011111111110000000010010011
Generating RTLIL representation for module `$paramod$1aed1bd51084353e2ff3ae0ccd5cf26011f5be2f\GTP_LUT6'.
Parameter \INIT = 64'1111000000000000111101110111000011110111011100001111111111110000
Found cached RTLIL representation for module `$paramod$a1511ba38539040212dedd60949334e4bf9b6581\GTP_LUT6'.
Parameter \INIT = 64'1111111100010011000100110000000011111111011111110111111100000000

3.24. Executing AST frontend in derive mode using pre-parsed AST for module `\GTP_LUT6'.
Parameter \INIT = 64'1111111100010011000100110000000011111111011111110111111100000000
Generating RTLIL representation for module `$paramod$726f6e6b8eb65559506f6484e457a3e611fabfae\GTP_LUT6'.
Parameter \INIT = 64'0111100010000111100001110111100010000111011110000111100010000111
Found cached RTLIL representation for module `$paramod$88ecfd519a593b02863949e357d92dadc8620ded\GTP_LUT6'.
Parameter \INIT = 64'0111111100000111100011110000100010001111000010000111111100000111
Found cached RTLIL representation for module `$paramod$e5e6f7e2ab96be144dbe833de97381db82a1fa1d\GTP_LUT6'.
Parameter \INIT = 64'1111000000000000111101110111000011110111011100001111111111110000
Found cached RTLIL representation for module `$paramod$a1511ba38539040212dedd60949334e4bf9b6581\GTP_LUT6'.
Parameter \INIT = 64'1111000000001111100001110111100010000111011110000000111111110000
Found cached RTLIL representation for module `$paramod$5a413251865d8e1bc32ebedd8698d5af28e12c77\GTP_LUT6'.
Parameter \INIT = 64'1111000000000000111101110111000011110111011100001111111111110000
Found cached RTLIL representation for module `$paramod$a1511ba38539040212dedd60949334e4bf9b6581\GTP_LUT6'.
Parameter \INIT = 64'1111000000001111100001110111100010000111011110000000111111110000
Found cached RTLIL representation for module `$paramod$5a413251865d8e1bc32ebedd8698d5af28e12c77\GTP_LUT6'.
Parameter \INIT = 64'1111000000000000111101110111000011110111011100001111111111110000
Found cached RTLIL representation for module `$paramod$a1511ba38539040212dedd60949334e4bf9b6581\GTP_LUT6'.
Parameter \INIT = 64'1111000000000000111101110111000011110111011100001111111111110000
Found cached RTLIL representation for module `$paramod$a1511ba38539040212dedd60949334e4bf9b6581\GTP_LUT6'.
Parameter \INIT = 64'1111000000000000111101110111000011110111011100001111111111110000
Found cached RTLIL representation for module `$paramod$a1511ba38539040212dedd60949334e4bf9b6581\GTP_LUT6'.
Parameter \INIT = 64'1111000000000000111101110111000011110111011100001111111111110000
Found cached RTLIL representation for module `$paramod$a1511ba38539040212dedd60949334e4bf9b6581\GTP_LUT6'.
Parameter \INIT = 64'1000011101111000011110001000011101111000100001111000011101111000

3.25. Executing AST frontend in derive mode using pre-parsed AST for module `\GTP_LUT6'.
Parameter \INIT = 64'1000011101111000011110001000011101111000100001111000011101111000
Generating RTLIL representation for module `$paramod$64b8335b011477a280d097ee50de23d0145fcc23\GTP_LUT6'.
Parameter \INIT = 64'0000011101111111000010001000111100001000100011110000011101111111

3.26. Executing AST frontend in derive mode using pre-parsed AST for module `\GTP_LUT6'.
Parameter \INIT = 64'0000011101111111000010001000111100001000100011110000011101111111
Generating RTLIL representation for module `$paramod$dae4bafca685724005edcc627102ec72e7ebc31d\GTP_LUT6'.
Parameter \INIT = 64'1111000000000000111101110111000011110111011100001111111111110000
Found cached RTLIL representation for module `$paramod$a1511ba38539040212dedd60949334e4bf9b6581\GTP_LUT6'.
Parameter \INIT = 64'1111000000000000111101110111000011110111011100001111111111110000
Found cached RTLIL representation for module `$paramod$a1511ba38539040212dedd60949334e4bf9b6581\GTP_LUT6'.
Parameter \INIT = 64'0111100010000111100001110111100010000111011110000111100010000111
Found cached RTLIL representation for module `$paramod$88ecfd519a593b02863949e357d92dadc8620ded\GTP_LUT6'.
Parameter \INIT = 64'0111000010000000111101111111100010000000011100001111100011110111

3.27. Executing AST frontend in derive mode using pre-parsed AST for module `\GTP_LUT6'.
Parameter \INIT = 64'0111000010000000111101111111100010000000011100001111100011110111
Generating RTLIL representation for module `$paramod$764bfef1fa975c5f081ca07d2a9b85c1530a2c71\GTP_LUT6'.
Parameter \INIT = 64'1111000000001111100001110111100010000111011110000000111111110000
Found cached RTLIL representation for module `$paramod$5a413251865d8e1bc32ebedd8698d5af28e12c77\GTP_LUT6'.
Parameter \INIT = 64'1111000000000000111101110111000011110111011100001111111111110000
Found cached RTLIL representation for module `$paramod$a1511ba38539040212dedd60949334e4bf9b6581\GTP_LUT6'.
Parameter \INIT = 64'1111000000000000111101110111000011110111011100001111111111110000
Found cached RTLIL representation for module `$paramod$a1511ba38539040212dedd60949334e4bf9b6581\GTP_LUT6'.
Parameter \INIT = 64'1000011101111000111100000000111100001111111100001000011101111000

3.28. Executing AST frontend in derive mode using pre-parsed AST for module `\GTP_LUT6'.
Parameter \INIT = 64'1000011101111000111100000000111100001111111100001000011101111000
Generating RTLIL representation for module `$paramod$49a9ae3d8ab882e44adc77bbd7027b7065492957\GTP_LUT6'.
Parameter \INIT = 64'0000011101111111000000000000111100001111111111110000011101111111

3.29. Executing AST frontend in derive mode using pre-parsed AST for module `\GTP_LUT6'.
Parameter \INIT = 64'0000011101111111000000000000111100001111111111110000011101111111
Generating RTLIL representation for module `$paramod$867086545fcaa2e16e01d416e759193b8e333a73\GTP_LUT6'.
Parameter \INIT = 64'0000111100000000011111110000011101111111000001111111111100001111

3.30. Executing AST frontend in derive mode using pre-parsed AST for module `\GTP_LUT6'.
Parameter \INIT = 64'0000111100000000011111110000011101111111000001111111111100001111
Generating RTLIL representation for module `$paramod$1bf5f01e89e88db1b71cf1bf591a780e8e647546\GTP_LUT6'.
Parameter \INIT = 64'1111111111111111100101010011111110010101001111110000000000000000

3.31. Executing AST frontend in derive mode using pre-parsed AST for module `\GTP_LUT6'.
Parameter \INIT = 64'1111111111111111100101010011111110010101001111110000000000000000
Generating RTLIL representation for module `$paramod$0132707043af44768e7194e3705eadec9c3fb24a\GTP_LUT6'.
Parameter \INIT = 64'1101010101111111000101010001010111111111111111111001010100111111

3.32. Executing AST frontend in derive mode using pre-parsed AST for module `\GTP_LUT6'.
Parameter \INIT = 64'1101010101111111000101010001010111111111111111111001010100111111
Generating RTLIL representation for module `$paramod$b712cf90160771eaf7e5acf4c07c8301b78b00fc\GTP_LUT6'.
Parameter \INIT = 64'0110101011000000100101010011111110010101001111110110101011000000

3.33. Executing AST frontend in derive mode using pre-parsed AST for module `\GTP_LUT6'.
Parameter \INIT = 64'0110101011000000100101010011111110010101001111110110101011000000
Generating RTLIL representation for module `$paramod$3c52d5d39ec61cc6d8a4dd6cb7e7fdff347d903a\GTP_LUT6'.
Parameter \INIT = 64'1111111111111111100101010011111110010101001111110000000000000000
Found cached RTLIL representation for module `$paramod$0132707043af44768e7194e3705eadec9c3fb24a\GTP_LUT6'.
Parameter \INIT = 64'1001101000110000011001011100111101100101110011111001101000110000

3.34. Executing AST frontend in derive mode using pre-parsed AST for module `\GTP_LUT6'.
Parameter \INIT = 64'1001101000110000011001011100111101100101110011111001101000110000
Generating RTLIL representation for module `$paramod$8878fdbd9d1bbd8f72548b104ef61a9c839441d2\GTP_LUT6'.
Parameter \INIT = 64'1111111111111111011001011100111101100101110011110000000000000000

3.35. Executing AST frontend in derive mode using pre-parsed AST for module `\GTP_LUT6'.
Parameter \INIT = 64'1111111111111111011001011100111101100101110011110000000000000000
Generating RTLIL representation for module `$paramod$94feb00ebd250758b5e63fe40f44940c6e7beef7\GTP_LUT6'.
Parameter \INIT = 64'1111111111111111000111110011111100011111001111110000000000000000

3.36. Executing AST frontend in derive mode using pre-parsed AST for module `\GTP_LUT6'.
Parameter \INIT = 64'1111111111111111000111110011111100011111001111110000000000000000
Generating RTLIL representation for module `$paramod$57d4540bed4400ca4c15cd32673b185984fcd923\GTP_LUT6'.
Parameter \INIT = 64'1111111111111111000111110011111100011111001111110000000000000000
Found cached RTLIL representation for module `$paramod$57d4540bed4400ca4c15cd32673b185984fcd923\GTP_LUT6'.
Parameter \INIT = 64'1111111111111111000111110011111100011111001111110000000000000000
Found cached RTLIL representation for module `$paramod$57d4540bed4400ca4c15cd32673b185984fcd923\GTP_LUT6'.
Parameter \INIT = 64'1010010100001111010110101111000010010101001111110110101011000000

3.37. Executing AST frontend in derive mode using pre-parsed AST for module `\GTP_LUT6'.
Parameter \INIT = 64'1010010100001111010110101111000010010101001111110110101011000000
Generating RTLIL representation for module `$paramod$2f489a486f5a06ef3bd6e0eacd3934f6e108b72b\GTP_LUT6'.
Parameter \INIT = 64'0000010100001111010111111111111100010101001111110111111111111111

3.38. Executing AST frontend in derive mode using pre-parsed AST for module `\GTP_LUT6'.
Parameter \INIT = 64'0000010100001111010111111111111100010101001111110111111111111111
Generating RTLIL representation for module `$paramod$5c8f5a1e895625da662ffbd7439a045d67b57581\GTP_LUT6'.
Parameter \INIT = 64'0010010110100101000011110000111111111111111111110111111111111111

3.39. Executing AST frontend in derive mode using pre-parsed AST for module `\GTP_LUT6'.
Parameter \INIT = 64'0010010110100101000011110000111111111111111111110111111111111111
Generating RTLIL representation for module `$paramod$be66b92a3fea7b9f986926c398c1c6396ec4a30e\GTP_LUT6'.
Parameter \INIT = 64'1101101001011010011100001111000000100101101001011000111100001111

3.40. Executing AST frontend in derive mode using pre-parsed AST for module `\GTP_LUT6'.
Parameter \INIT = 64'1101101001011010011100001111000000100101101001011000111100001111
Generating RTLIL representation for module `$paramod$a1bcbcca366820977776540231deb961d9afe78f\GTP_LUT6'.
Parameter \INIT = 64'1111111111111111011111111111111100100101101001010000111100001111

3.41. Executing AST frontend in derive mode using pre-parsed AST for module `\GTP_LUT6'.
Parameter \INIT = 64'1111111111111111011111111111111100100101101001010000111100001111
Generating RTLIL representation for module `$paramod$bd76311fcf844849a61e905d019ffc7a3406029e\GTP_LUT6'.
Parameter \INIT = 64'0010010110100101000011110000111111111111111111110111111111111111
Found cached RTLIL representation for module `$paramod$be66b92a3fea7b9f986926c398c1c6396ec4a30e\GTP_LUT6'.
Parameter \INIT = 64'1101101001011010011100001111000000100101101001011000111100001111
Found cached RTLIL representation for module `$paramod$a1bcbcca366820977776540231deb961d9afe78f\GTP_LUT6'.
Parameter \INIT = 64'1111111111111111011111111111111100100101101001010000111100001111
Found cached RTLIL representation for module `$paramod$bd76311fcf844849a61e905d019ffc7a3406029e\GTP_LUT6'.
Parameter \INIT = 64'0011011011001100111100000000000011001001001100110000111111111111

3.42. Executing AST frontend in derive mode using pre-parsed AST for module `\GTP_LUT6'.
Parameter \INIT = 64'0011011011001100111100000000000011001001001100110000111111111111
Generating RTLIL representation for module `$paramod$74df0c059e368f19eecb85dfb15cf0d0809369bb\GTP_LUT6'.
Parameter \INIT = 64'0011011111111111111111111111111100000001001100110000111111111111

3.43. Executing AST frontend in derive mode using pre-parsed AST for module `\GTP_LUT6'.
Parameter \INIT = 64'0011011111111111111111111111111100000001001100110000111111111111
Generating RTLIL representation for module `$paramod$4fe3c47d34a6cba089d23c9e6612e7500e1f39a2\GTP_LUT6'.
Parameter \INIT = 64'0101000111110011110101011111111100110111001111110111111111111111

3.44. Executing AST frontend in derive mode using pre-parsed AST for module `\GTP_LUT6'.
Parameter \INIT = 64'0101000111110011110101011111111100110111001111110111111111111111
Generating RTLIL representation for module `$paramod$adf3dd5018d998ae37ead9a4500aee8ff03c91c2\GTP_LUT6'.
Parameter \INIT = 64'0101000111110011110101011111111100110111001111110111111111111111
Found cached RTLIL representation for module `$paramod$adf3dd5018d998ae37ead9a4500aee8ff03c91c2\GTP_LUT6'.
Parameter \INIT = 64'1001011010101010001111000000000001011010101010101111000000000000

3.45. Executing AST frontend in derive mode using pre-parsed AST for module `\GTP_LUT6'.
Parameter \INIT = 64'1001011010101010001111000000000001011010101010101111000000000000
Generating RTLIL representation for module `$paramod$f8a3dd51288903ceed8abaeb186afc29b5acdb54\GTP_LUT6'.
Parameter \INIT = 64'0001011101110111111111111111111100111111111111111111111111111111

3.46. Executing AST frontend in derive mode using pre-parsed AST for module `\GTP_LUT6'.
Parameter \INIT = 64'0001011101110111111111111111111100111111111111111111111111111111
Generating RTLIL representation for module `$paramod$4266998066c7ad651b87ae34280e91df756dca68\GTP_LUT6'.
Parameter \INIT = 64'1001011001011010110011000000000001100110101010101100110000000000

3.47. Executing AST frontend in derive mode using pre-parsed AST for module `\GTP_LUT6'.
Parameter \INIT = 64'1001011001011010110011000000000001100110101010101100110000000000
Generating RTLIL representation for module `$paramod$a0cf5aacf0a5b797b10571b7047ba989362d24ae\GTP_LUT6'.
Parameter \INIT = 64'0001011101110111010111111111111100111111111111111111111111111111
Found cached RTLIL representation for module `$paramod$59d1e71730573726016523635ae12d9a36d2e6b7\GTP_LUT6'.
Parameter \INIT = 64'1001011001100110010110101010101000111100110011001111000000000000
Found cached RTLIL representation for module `$paramod$6467decad80f9f1fe527a343c1088f0670b6a372\GTP_LUT6'.
Parameter \INIT = 64'0001011101110111010111111111111100111111111111111111111111111111
Found cached RTLIL representation for module `$paramod$59d1e71730573726016523635ae12d9a36d2e6b7\GTP_LUT6'.
Parameter \INIT = 64'1001011001100110010110101010101000111100110011001111000000000000
Found cached RTLIL representation for module `$paramod$6467decad80f9f1fe527a343c1088f0670b6a372\GTP_LUT6'.
Parameter \INIT = 64'1001011001100110010110101010101000111100110011001111000000000000
Found cached RTLIL representation for module `$paramod$6467decad80f9f1fe527a343c1088f0670b6a372\GTP_LUT6'.
Parameter \INIT = 64'0001011101110111010111111111111100111111111111111111111111111111
Found cached RTLIL representation for module `$paramod$59d1e71730573726016523635ae12d9a36d2e6b7\GTP_LUT6'.
Parameter \INIT = 64'0001011101110111010111111111111100111111111111111111111111111111
Found cached RTLIL representation for module `$paramod$59d1e71730573726016523635ae12d9a36d2e6b7\GTP_LUT6'.
Parameter \INIT = 64'0001011101110111010111111111111100111111111111111111111111111111
Found cached RTLIL representation for module `$paramod$59d1e71730573726016523635ae12d9a36d2e6b7\GTP_LUT6'.
Parameter \INIT = 64'0001011101110111010111111111111100111111111111111111111111111111
Found cached RTLIL representation for module `$paramod$59d1e71730573726016523635ae12d9a36d2e6b7\GTP_LUT6'.
Parameter \INIT = 64'0001011101110111010111111111111100111111111111111111111111111111
Found cached RTLIL representation for module `$paramod$59d1e71730573726016523635ae12d9a36d2e6b7\GTP_LUT6'.
Parameter \INIT = 64'0001011101110111010111111111111100111111111111111111111111111111
Found cached RTLIL representation for module `$paramod$59d1e71730573726016523635ae12d9a36d2e6b7\GTP_LUT6'.
Parameter \INIT = 64'0001011101110111010111111111111100111111111111111111111111111111
Found cached RTLIL representation for module `$paramod$59d1e71730573726016523635ae12d9a36d2e6b7\GTP_LUT6'.
Parameter \INIT = 64'1001011001100110010110101010101000111100110011001111000000000000
Found cached RTLIL representation for module `$paramod$6467decad80f9f1fe527a343c1088f0670b6a372\GTP_LUT6'.
Parameter \INIT = 64'1001011001100110010110101010101000111100110011001111000000000000
Found cached RTLIL representation for module `$paramod$6467decad80f9f1fe527a343c1088f0670b6a372\GTP_LUT6'.
Parameter \INIT = 64'0110100110011001101001010101010111000011001100110000111111111111
Found cached RTLIL representation for module `$paramod$12ac32869a3b0344482a06de893b1c422a497c6b\GTP_LUT6'.
Parameter \INIT = 64'0001011101110111010111111111111100111111111111111111111111111111
Found cached RTLIL representation for module `$paramod$59d1e71730573726016523635ae12d9a36d2e6b7\GTP_LUT6'.
Parameter \INIT = 64'0001011101110111010111111111111100111111111111111111111111111111
Found cached RTLIL representation for module `$paramod$59d1e71730573726016523635ae12d9a36d2e6b7\GTP_LUT6'.
Parameter \INIT = 64'0001011101110111010111111111111100111111111111111111111111111111
Found cached RTLIL representation for module `$paramod$59d1e71730573726016523635ae12d9a36d2e6b7\GTP_LUT6'.
Parameter \INIT = 64'0001011101110111010111111111111100111111111111111111111111111111
Found cached RTLIL representation for module `$paramod$59d1e71730573726016523635ae12d9a36d2e6b7\GTP_LUT6'.
Parameter \INIT = 64'1110100010001000101000000000000011000000000000000000000000000000
Found cached RTLIL representation for module `$paramod$6bfd9d45ef108fbad97b24bc286ca5f3d8b7f79e\GTP_LUT6'.
Parameter \INIT = 64'0001011101110111010111111111111100111111111111111111111111111111
Found cached RTLIL representation for module `$paramod$59d1e71730573726016523635ae12d9a36d2e6b7\GTP_LUT6'.
Parameter \INIT = 64'0001011101110111010111111111111100111111111111111111111111111111
Found cached RTLIL representation for module `$paramod$59d1e71730573726016523635ae12d9a36d2e6b7\GTP_LUT6'.
Parameter \INIT = 64'0001011101110111010111111111111100111111111111111111111111111111
Found cached RTLIL representation for module `$paramod$59d1e71730573726016523635ae12d9a36d2e6b7\GTP_LUT6'.
Parameter \INIT = 64'0001011101110111010111111111111100111111111111111111111111111111
Found cached RTLIL representation for module `$paramod$59d1e71730573726016523635ae12d9a36d2e6b7\GTP_LUT6'.
Parameter \INIT = 64'0001011101110111010111111111111100111111111111111111111111111111
Found cached RTLIL representation for module `$paramod$59d1e71730573726016523635ae12d9a36d2e6b7\GTP_LUT6'.
Parameter \INIT = 64'0001011101110111010111111111111100111111111111111111111111111111
Found cached RTLIL representation for module `$paramod$59d1e71730573726016523635ae12d9a36d2e6b7\GTP_LUT6'.
Parameter \INIT = 64'0001011101110111010111111111111100111111111111111111111111111111
Found cached RTLIL representation for module `$paramod$59d1e71730573726016523635ae12d9a36d2e6b7\GTP_LUT6'.
Parameter \INIT = 64'0001011101110111010111111111111100111111111111111111111111111111
Found cached RTLIL representation for module `$paramod$59d1e71730573726016523635ae12d9a36d2e6b7\GTP_LUT6'.
Parameter \INIT = 64'0001011101110111010111111111111100111111111111111111111111111111
Found cached RTLIL representation for module `$paramod$59d1e71730573726016523635ae12d9a36d2e6b7\GTP_LUT6'.
Parameter \INIT = 64'1001011001011010101010101010101000111100111100000000000000000000
Found cached RTLIL representation for module `$paramod$92432f548d7ca0e4c4185505e90b3fa0b62d6924\GTP_LUT6'.
Parameter \INIT = 64'0001011101110111010111111111111100111111111111111111111111111111
Found cached RTLIL representation for module `$paramod$59d1e71730573726016523635ae12d9a36d2e6b7\GTP_LUT6'.
Parameter \INIT = 64'0001011101110111010111111111111100111111111111111111111111111111
Found cached RTLIL representation for module `$paramod$59d1e71730573726016523635ae12d9a36d2e6b7\GTP_LUT6'.
Parameter \INIT = 64'0001011101110111010111111111111100111111111111111111111111111111
Found cached RTLIL representation for module `$paramod$59d1e71730573726016523635ae12d9a36d2e6b7\GTP_LUT6'.
Parameter \INIT = 64'0110100110011001101001010101010111000011001100110000111111111111
Found cached RTLIL representation for module `$paramod$12ac32869a3b0344482a06de893b1c422a497c6b\GTP_LUT6'.
Parameter \INIT = 64'0001011101110111010111111111111100111111111111111111111111111111
Found cached RTLIL representation for module `$paramod$59d1e71730573726016523635ae12d9a36d2e6b7\GTP_LUT6'.
Parameter \INIT = 64'1001011001100110010110101010101000111100110011001111000000000000
Found cached RTLIL representation for module `$paramod$6467decad80f9f1fe527a343c1088f0670b6a372\GTP_LUT6'.
Parameter \INIT = 64'0110100110011001101001010101010111000011001100110000111111111111
Found cached RTLIL representation for module `$paramod$12ac32869a3b0344482a06de893b1c422a497c6b\GTP_LUT6'.
Parameter \INIT = 64'0110100110011001101001010101010111000011001100110000111111111111
Found cached RTLIL representation for module `$paramod$12ac32869a3b0344482a06de893b1c422a497c6b\GTP_LUT6'.
Parameter \INIT = 64'1001011001100110010110101010101000111100110011001111000000000000
Found cached RTLIL representation for module `$paramod$6467decad80f9f1fe527a343c1088f0670b6a372\GTP_LUT6'.
Parameter \INIT = 64'0110100110011001101001010101010111000011001100110000111111111111
Found cached RTLIL representation for module `$paramod$12ac32869a3b0344482a06de893b1c422a497c6b\GTP_LUT6'.
Parameter \INIT = 64'1001011001100110010110101010101000111100110011001111000000000000
Found cached RTLIL representation for module `$paramod$6467decad80f9f1fe527a343c1088f0670b6a372\GTP_LUT6'.
Parameter \INIT = 64'0001011101011111111111111111111100111111111111111111111111111111
Found cached RTLIL representation for module `$paramod$ac66e494c4be501c3d49c47fc7813e43a763fc64\GTP_LUT6'.
Parameter \INIT = 64'0001011101110111010111111111111100111111111111111111111111111111
Found cached RTLIL representation for module `$paramod$59d1e71730573726016523635ae12d9a36d2e6b7\GTP_LUT6'.
Parameter \INIT = 64'0001011101110111010111111111111100111111111111111111111111111111
Found cached RTLIL representation for module `$paramod$59d1e71730573726016523635ae12d9a36d2e6b7\GTP_LUT6'.
Parameter \INIT = 64'1001011001100110010110101010101000111100110011001111000000000000
Found cached RTLIL representation for module `$paramod$6467decad80f9f1fe527a343c1088f0670b6a372\GTP_LUT6'.
Parameter \INIT = 64'0001011101110111010111111111111100111111111111111111111111111111
Found cached RTLIL representation for module `$paramod$59d1e71730573726016523635ae12d9a36d2e6b7\GTP_LUT6'.
Parameter \INIT = 64'0001011101110111010111111111111100111111111111111111111111111111
Found cached RTLIL representation for module `$paramod$59d1e71730573726016523635ae12d9a36d2e6b7\GTP_LUT6'.
Parameter \INIT = 64'0001011101110111010111111111111100111111111111111111111111111111
Found cached RTLIL representation for module `$paramod$59d1e71730573726016523635ae12d9a36d2e6b7\GTP_LUT6'.
Parameter \INIT = 64'0001011101110111010111111111111100111111111111111111111111111111
Found cached RTLIL representation for module `$paramod$59d1e71730573726016523635ae12d9a36d2e6b7\GTP_LUT6'.
Parameter \INIT = 64'0001011101110111010111111111111100111111111111111111111111111111
Found cached RTLIL representation for module `$paramod$59d1e71730573726016523635ae12d9a36d2e6b7\GTP_LUT6'.
Parameter \INIT = 64'0001011101110111010111111111111100111111111111111111111111111111
Found cached RTLIL representation for module `$paramod$59d1e71730573726016523635ae12d9a36d2e6b7\GTP_LUT6'.
Parameter \INIT = 64'0110100110011001101001010101010111000011001100110000111111111111
Found cached RTLIL representation for module `$paramod$12ac32869a3b0344482a06de893b1c422a497c6b\GTP_LUT6'.
Parameter \INIT = 64'0001011101110111010111111111111100111111111111111111111111111111
Found cached RTLIL representation for module `$paramod$59d1e71730573726016523635ae12d9a36d2e6b7\GTP_LUT6'.
Parameter \INIT = 64'0001011101110111010111111111111100111111111111111111111111111111
Found cached RTLIL representation for module `$paramod$59d1e71730573726016523635ae12d9a36d2e6b7\GTP_LUT6'.
Parameter \INIT = 64'0001011101110111010111111111111100111111111111111111111111111111
Found cached RTLIL representation for module `$paramod$59d1e71730573726016523635ae12d9a36d2e6b7\GTP_LUT6'.
Parameter \INIT = 64'0001011101110111010111111111111100111111111111111111111111111111
Found cached RTLIL representation for module `$paramod$59d1e71730573726016523635ae12d9a36d2e6b7\GTP_LUT6'.
Parameter \INIT = 64'0001011101110111010111111111111100111111111111111111111111111111
Found cached RTLIL representation for module `$paramod$59d1e71730573726016523635ae12d9a36d2e6b7\GTP_LUT6'.
Parameter \INIT = 64'0001011101110111010111111111111100111111111111111111111111111111
Found cached RTLIL representation for module `$paramod$59d1e71730573726016523635ae12d9a36d2e6b7\GTP_LUT6'.
Parameter \INIT = 64'0001011101110111010111111111111100111111111111111111111111111111
Found cached RTLIL representation for module `$paramod$59d1e71730573726016523635ae12d9a36d2e6b7\GTP_LUT6'.
Parameter \INIT = 64'0001011101110111010111111111111100111111111111111111111111111111
Found cached RTLIL representation for module `$paramod$59d1e71730573726016523635ae12d9a36d2e6b7\GTP_LUT6'.
Parameter \INIT = 64'0001011101110111010111111111111100111111111111111111111111111111
Found cached RTLIL representation for module `$paramod$59d1e71730573726016523635ae12d9a36d2e6b7\GTP_LUT6'.
Parameter \INIT = 64'0001011101110111010111111111111100111111111111111111111111111111
Found cached RTLIL representation for module `$paramod$59d1e71730573726016523635ae12d9a36d2e6b7\GTP_LUT6'.
Parameter \INIT = 64'0001011101110111010111111111111100111111111111111111111111111111
Found cached RTLIL representation for module `$paramod$59d1e71730573726016523635ae12d9a36d2e6b7\GTP_LUT6'.
Parameter \INIT = 64'0001011101110111010111111111111100111111111111111111111111111111
Found cached RTLIL representation for module `$paramod$59d1e71730573726016523635ae12d9a36d2e6b7\GTP_LUT6'.
Parameter \INIT = 64'0001011101110111010111111111111100111111111111111111111111111111
Found cached RTLIL representation for module `$paramod$59d1e71730573726016523635ae12d9a36d2e6b7\GTP_LUT6'.
Parameter \INIT = 64'0001011101110111010111111111111100111111111111111111111111111111
Found cached RTLIL representation for module `$paramod$59d1e71730573726016523635ae12d9a36d2e6b7\GTP_LUT6'.
Parameter \INIT = 64'0001011101110111010111111111111100111111111111111111111111111111
Found cached RTLIL representation for module `$paramod$59d1e71730573726016523635ae12d9a36d2e6b7\GTP_LUT6'.
Parameter \INIT = 64'1001011001100110010110101010101000111100110011001111000000000000
Found cached RTLIL representation for module `$paramod$6467decad80f9f1fe527a343c1088f0670b6a372\GTP_LUT6'.
Parameter \INIT = 64'0110100110011001101001010101010111000011001100110000111111111111
Found cached RTLIL representation for module `$paramod$12ac32869a3b0344482a06de893b1c422a497c6b\GTP_LUT6'.
Parameter \INIT = 64'0110100110011001101001010101010111000011001100110000111111111111
Found cached RTLIL representation for module `$paramod$12ac32869a3b0344482a06de893b1c422a497c6b\GTP_LUT6'.
Parameter \INIT = 64'1001011001100110010110101010101000111100110011001111000000000000
Found cached RTLIL representation for module `$paramod$6467decad80f9f1fe527a343c1088f0670b6a372\GTP_LUT6'.
Parameter \INIT = 64'0110100110011001101001010101010111000011001100110000111111111111
Found cached RTLIL representation for module `$paramod$12ac32869a3b0344482a06de893b1c422a497c6b\GTP_LUT6'.
Parameter \INIT = 64'0110100110011001101001010101010111000011001100110000111111111111
Found cached RTLIL representation for module `$paramod$12ac32869a3b0344482a06de893b1c422a497c6b\GTP_LUT6'.
Parameter \INIT = 64'0110100110011001101001010101010111000011001100110000111111111111
Found cached RTLIL representation for module `$paramod$12ac32869a3b0344482a06de893b1c422a497c6b\GTP_LUT6'.
Parameter \INIT = 64'1001011001011010101010101010101000111100111100000000000000000000
Found cached RTLIL representation for module `$paramod$92432f548d7ca0e4c4185505e90b3fa0b62d6924\GTP_LUT6'.
Parameter \INIT = 64'1001011001100110010110101010101000111100110011001111000000000000
Found cached RTLIL representation for module `$paramod$6467decad80f9f1fe527a343c1088f0670b6a372\GTP_LUT6'.
Parameter \INIT = 64'0110100110011001101001010101010111000011001100110000111111111111
Found cached RTLIL representation for module `$paramod$12ac32869a3b0344482a06de893b1c422a497c6b\GTP_LUT6'.
Parameter \INIT = 64'0110100110011001101001010101010111000011001100110000111111111111
Found cached RTLIL representation for module `$paramod$12ac32869a3b0344482a06de893b1c422a497c6b\GTP_LUT6'.
Parameter \INIT = 64'1001011001100110010110101010101000111100110011001111000000000000
Found cached RTLIL representation for module `$paramod$6467decad80f9f1fe527a343c1088f0670b6a372\GTP_LUT6'.
Parameter \INIT = 64'0001011101110111010111111111111100111111111111111111111111111111
Found cached RTLIL representation for module `$paramod$59d1e71730573726016523635ae12d9a36d2e6b7\GTP_LUT6'.
Parameter \INIT = 64'0001011101110111010111111111111100111111111111111111111111111111
Found cached RTLIL representation for module `$paramod$59d1e71730573726016523635ae12d9a36d2e6b7\GTP_LUT6'.
Parameter \INIT = 64'0001011101110111010111111111111100111111111111111111111111111111
Found cached RTLIL representation for module `$paramod$59d1e71730573726016523635ae12d9a36d2e6b7\GTP_LUT6'.
Parameter \INIT = 64'0001011101110111010111111111111100111111111111111111111111111111
Found cached RTLIL representation for module `$paramod$59d1e71730573726016523635ae12d9a36d2e6b7\GTP_LUT6'.
Parameter \INIT = 64'0001011101110111010111111111111100111111111111111111111111111111
Found cached RTLIL representation for module `$paramod$59d1e71730573726016523635ae12d9a36d2e6b7\GTP_LUT6'.
Parameter \INIT = 64'0001011101110111010111111111111100111111111111111111111111111111
Found cached RTLIL representation for module `$paramod$59d1e71730573726016523635ae12d9a36d2e6b7\GTP_LUT6'.
Parameter \INIT = 64'0001011101110111010111111111111100111111111111111111111111111111
Found cached RTLIL representation for module `$paramod$59d1e71730573726016523635ae12d9a36d2e6b7\GTP_LUT6'.
Parameter \INIT = 64'0001011101110111010111111111111100111111111111111111111111111111
Found cached RTLIL representation for module `$paramod$59d1e71730573726016523635ae12d9a36d2e6b7\GTP_LUT6'.
Parameter \INIT = 64'0001011101110111010111111111111100111111111111111111111111111111
Found cached RTLIL representation for module `$paramod$59d1e71730573726016523635ae12d9a36d2e6b7\GTP_LUT6'.
Parameter \INIT = 64'0001011101110111010111111111111100111111111111111111111111111111
Found cached RTLIL representation for module `$paramod$59d1e71730573726016523635ae12d9a36d2e6b7\GTP_LUT6'.
Parameter \INIT = 64'0001011101110111010111111111111100111111111111111111111111111111
Found cached RTLIL representation for module `$paramod$59d1e71730573726016523635ae12d9a36d2e6b7\GTP_LUT6'.
Parameter \INIT = 64'0001011101110111010111111111111100111111111111111111111111111111
Found cached RTLIL representation for module `$paramod$59d1e71730573726016523635ae12d9a36d2e6b7\GTP_LUT6'.
Parameter \INIT = 64'0001011101110111010111111111111100111111111111111111111111111111
Found cached RTLIL representation for module `$paramod$59d1e71730573726016523635ae12d9a36d2e6b7\GTP_LUT6'.
Parameter \INIT = 64'0001011101110111010111111111111100111111111111111111111111111111
Found cached RTLIL representation for module `$paramod$59d1e71730573726016523635ae12d9a36d2e6b7\GTP_LUT6'.
Parameter \INIT = 64'0001011101110111010111111111111100111111111111111111111111111111
Found cached RTLIL representation for module `$paramod$59d1e71730573726016523635ae12d9a36d2e6b7\GTP_LUT6'.
Parameter \INIT = 64'0110100110011001101001010101010111000011001100110000111111111111
Found cached RTLIL representation for module `$paramod$12ac32869a3b0344482a06de893b1c422a497c6b\GTP_LUT6'.
Parameter \INIT = 64'1001011001100110010110101010101000111100110011001111000000000000
Found cached RTLIL representation for module `$paramod$6467decad80f9f1fe527a343c1088f0670b6a372\GTP_LUT6'.
Parameter \INIT = 64'0110100110011001101001010101010111000011001100110000111111111111
Found cached RTLIL representation for module `$paramod$12ac32869a3b0344482a06de893b1c422a497c6b\GTP_LUT6'.
Parameter \INIT = 64'0110100110011001101001010101010111000011001100110000111111111111
Found cached RTLIL representation for module `$paramod$12ac32869a3b0344482a06de893b1c422a497c6b\GTP_LUT6'.
Parameter \INIT = 64'1001011001100110010110101010101000111100110011001111000000000000
Found cached RTLIL representation for module `$paramod$6467decad80f9f1fe527a343c1088f0670b6a372\GTP_LUT6'.
Parameter \INIT = 64'0110100110011001101001010101010111000011001100110000111111111111
Found cached RTLIL representation for module `$paramod$12ac32869a3b0344482a06de893b1c422a497c6b\GTP_LUT6'.
Parameter \INIT = 64'0001011101110111010111111111111100111111111111111111111111111111
Found cached RTLIL representation for module `$paramod$59d1e71730573726016523635ae12d9a36d2e6b7\GTP_LUT6'.
Parameter \INIT = 64'1001011001100110010110101010101000111100110011001111000000000000
Found cached RTLIL representation for module `$paramod$6467decad80f9f1fe527a343c1088f0670b6a372\GTP_LUT6'.
Parameter \INIT = 64'0001011101110111010111111111111100111111111111111111111111111111
Found cached RTLIL representation for module `$paramod$59d1e71730573726016523635ae12d9a36d2e6b7\GTP_LUT6'.
Parameter \INIT = 64'0001011101110111010111111111111100111111111111111111111111111111
Found cached RTLIL representation for module `$paramod$59d1e71730573726016523635ae12d9a36d2e6b7\GTP_LUT6'.
Parameter \INIT = 64'0001011101110111010111111111111100111111111111111111111111111111
Found cached RTLIL representation for module `$paramod$59d1e71730573726016523635ae12d9a36d2e6b7\GTP_LUT6'.
Parameter \INIT = 64'0001011101110111010111111111111100111111111111111111111111111111
Found cached RTLIL representation for module `$paramod$59d1e71730573726016523635ae12d9a36d2e6b7\GTP_LUT6'.
Parameter \INIT = 64'0001011101110111010111111111111100111111111111111111111111111111
Found cached RTLIL representation for module `$paramod$59d1e71730573726016523635ae12d9a36d2e6b7\GTP_LUT6'.
Parameter \INIT = 64'0001011101110111010111111111111100111111111111111111111111111111
Found cached RTLIL representation for module `$paramod$59d1e71730573726016523635ae12d9a36d2e6b7\GTP_LUT6'.
Parameter \INIT = 64'0001011101110111010111111111111100111111111111111111111111111111
Found cached RTLIL representation for module `$paramod$59d1e71730573726016523635ae12d9a36d2e6b7\GTP_LUT6'.
Parameter \INIT = 64'1001011001100110010110101010101000111100110011001111000000000000
Found cached RTLIL representation for module `$paramod$6467decad80f9f1fe527a343c1088f0670b6a372\GTP_LUT6'.
Parameter \INIT = 64'1001011001100110010110101010101000111100110011001111000000000000
Found cached RTLIL representation for module `$paramod$6467decad80f9f1fe527a343c1088f0670b6a372\GTP_LUT6'.
Parameter \INIT = 64'1001011001100110010110101010101000111100110011001111000000000000
Found cached RTLIL representation for module `$paramod$6467decad80f9f1fe527a343c1088f0670b6a372\GTP_LUT6'.
Parameter \INIT = 64'0110100110011001101001010101010111000011001100110000111111111111
Found cached RTLIL representation for module `$paramod$12ac32869a3b0344482a06de893b1c422a497c6b\GTP_LUT6'.
Parameter \INIT = 64'1001011001100110010110101010101000111100110011001111000000000000
Found cached RTLIL representation for module `$paramod$6467decad80f9f1fe527a343c1088f0670b6a372\GTP_LUT6'.
Parameter \INIT = 64'0110100110011001101001010101010111000011001100110000111111111111
Found cached RTLIL representation for module `$paramod$12ac32869a3b0344482a06de893b1c422a497c6b\GTP_LUT6'.
Parameter \INIT = 64'0001011101110111010111111111111100111111111111111111111111111111
Found cached RTLIL representation for module `$paramod$59d1e71730573726016523635ae12d9a36d2e6b7\GTP_LUT6'.
Parameter \INIT = 64'0001011101110111010111111111111100111111111111111111111111111111
Found cached RTLIL representation for module `$paramod$59d1e71730573726016523635ae12d9a36d2e6b7\GTP_LUT6'.
Parameter \INIT = 64'0001011101110111010111111111111100111111111111111111111111111111
Found cached RTLIL representation for module `$paramod$59d1e71730573726016523635ae12d9a36d2e6b7\GTP_LUT6'.
Parameter \INIT = 64'0001011101110111010111111111111100111111111111111111111111111111
Found cached RTLIL representation for module `$paramod$59d1e71730573726016523635ae12d9a36d2e6b7\GTP_LUT6'.
Parameter \INIT = 64'0001011101110111010111111111111100111111111111111111111111111111
Found cached RTLIL representation for module `$paramod$59d1e71730573726016523635ae12d9a36d2e6b7\GTP_LUT6'.
Parameter \INIT = 64'0001011101110111010111111111111100111111111111111111111111111111
Found cached RTLIL representation for module `$paramod$59d1e71730573726016523635ae12d9a36d2e6b7\GTP_LUT6'.
Parameter \INIT = 64'1001011001100110010110101010101000111100110011001111000000000000
Found cached RTLIL representation for module `$paramod$6467decad80f9f1fe527a343c1088f0670b6a372\GTP_LUT6'.
Parameter \INIT = 64'0110100110011001101001010101010111000011001100110000111111111111
Found cached RTLIL representation for module `$paramod$12ac32869a3b0344482a06de893b1c422a497c6b\GTP_LUT6'.
Parameter \INIT = 64'1001011001100110010110101010101000111100110011001111000000000000
Found cached RTLIL representation for module `$paramod$6467decad80f9f1fe527a343c1088f0670b6a372\GTP_LUT6'.
Parameter \INIT = 64'1001011001100110010110101010101000111100110011001111000000000000
Found cached RTLIL representation for module `$paramod$6467decad80f9f1fe527a343c1088f0670b6a372\GTP_LUT6'.
Parameter \INIT = 64'0110100110011001101001010101010111000011001100110000111111111111
Found cached RTLIL representation for module `$paramod$12ac32869a3b0344482a06de893b1c422a497c6b\GTP_LUT6'.
Parameter \INIT = 64'1001011001100110010110101010101000111100110011001111000000000000
Found cached RTLIL representation for module `$paramod$6467decad80f9f1fe527a343c1088f0670b6a372\GTP_LUT6'.
Parameter \INIT = 64'0110100110011001101001010101010111000011001100110000111111111111
Found cached RTLIL representation for module `$paramod$12ac32869a3b0344482a06de893b1c422a497c6b\GTP_LUT6'.
Parameter \INIT = 64'0001011101110111010111111111111100111111111111111111111111111111
Found cached RTLIL representation for module `$paramod$59d1e71730573726016523635ae12d9a36d2e6b7\GTP_LUT6'.
Parameter \INIT = 64'0001011101110111010111111111111100111111111111111111111111111111
Found cached RTLIL representation for module `$paramod$59d1e71730573726016523635ae12d9a36d2e6b7\GTP_LUT6'.
Parameter \INIT = 64'0001011101110111010111111111111100111111111111111111111111111111
Found cached RTLIL representation for module `$paramod$59d1e71730573726016523635ae12d9a36d2e6b7\GTP_LUT6'.
Parameter \INIT = 64'0001011101110111010111111111111100111111111111111111111111111111
Found cached RTLIL representation for module `$paramod$59d1e71730573726016523635ae12d9a36d2e6b7\GTP_LUT6'.
Parameter \INIT = 64'0001011101110111010111111111111100111111111111111111111111111111
Found cached RTLIL representation for module `$paramod$59d1e71730573726016523635ae12d9a36d2e6b7\GTP_LUT6'.
Parameter \INIT = 64'0001011101110111010111111111111100111111111111111111111111111111
Found cached RTLIL representation for module `$paramod$59d1e71730573726016523635ae12d9a36d2e6b7\GTP_LUT6'.
Parameter \INIT = 64'0001011101110111010111111111111100111111111111111111111111111111
Found cached RTLIL representation for module `$paramod$59d1e71730573726016523635ae12d9a36d2e6b7\GTP_LUT6'.
Parameter \INIT = 64'1001011001100110010110101010101000111100110011001111000000000000
Found cached RTLIL representation for module `$paramod$6467decad80f9f1fe527a343c1088f0670b6a372\GTP_LUT6'.
Parameter \INIT = 64'0110100110011001101001010101010111000011001100110000111111111111
Found cached RTLIL representation for module `$paramod$12ac32869a3b0344482a06de893b1c422a497c6b\GTP_LUT6'.
Parameter \INIT = 64'1001011001100110010110101010101000111100110011001111000000000000
Found cached RTLIL representation for module `$paramod$6467decad80f9f1fe527a343c1088f0670b6a372\GTP_LUT6'.
Parameter \INIT = 64'0110100110011001101001010101010111000011001100110000111111111111
Found cached RTLIL representation for module `$paramod$12ac32869a3b0344482a06de893b1c422a497c6b\GTP_LUT6'.
Parameter \INIT = 64'1001011001100110010110101010101000111100110011001111000000000000
Found cached RTLIL representation for module `$paramod$6467decad80f9f1fe527a343c1088f0670b6a372\GTP_LUT6'.
Parameter \INIT = 64'1001011001100110010110101010101000111100110011001111000000000000
Found cached RTLIL representation for module `$paramod$6467decad80f9f1fe527a343c1088f0670b6a372\GTP_LUT6'.
Parameter \INIT = 64'1001011001100110010110101010101000111100110011001111000000000000
Found cached RTLIL representation for module `$paramod$6467decad80f9f1fe527a343c1088f0670b6a372\GTP_LUT6'.
Parameter \INIT = 64'0001011101110111010111111111111100111111111111111111111111111111
Found cached RTLIL representation for module `$paramod$59d1e71730573726016523635ae12d9a36d2e6b7\GTP_LUT6'.
Parameter \INIT = 64'0001011101110111010111111111111100111111111111111111111111111111
Found cached RTLIL representation for module `$paramod$59d1e71730573726016523635ae12d9a36d2e6b7\GTP_LUT6'.
Parameter \INIT = 64'0001011101110111010111111111111100111111111111111111111111111111
Found cached RTLIL representation for module `$paramod$59d1e71730573726016523635ae12d9a36d2e6b7\GTP_LUT6'.
Parameter \INIT = 64'1001011001100110010110101010101000111100110011001111000000000000
Found cached RTLIL representation for module `$paramod$6467decad80f9f1fe527a343c1088f0670b6a372\GTP_LUT6'.
Parameter \INIT = 64'1001011001100110010110101010101000111100110011001111000000000000
Found cached RTLIL representation for module `$paramod$6467decad80f9f1fe527a343c1088f0670b6a372\GTP_LUT6'.
Parameter \INIT = 64'0001011101110111010111111111111100111111111111111111111111111111
Found cached RTLIL representation for module `$paramod$59d1e71730573726016523635ae12d9a36d2e6b7\GTP_LUT6'.
Parameter \INIT = 64'0001011101110111010111111111111100111111111111111111111111111111
Found cached RTLIL representation for module `$paramod$59d1e71730573726016523635ae12d9a36d2e6b7\GTP_LUT6'.
Parameter \INIT = 64'0001011101110111010111111111111100111111111111111111111111111111
Found cached RTLIL representation for module `$paramod$59d1e71730573726016523635ae12d9a36d2e6b7\GTP_LUT6'.
Parameter \INIT = 64'0001011101110111010111111111111100111111111111111111111111111111
Found cached RTLIL representation for module `$paramod$59d1e71730573726016523635ae12d9a36d2e6b7\GTP_LUT6'.
Parameter \INIT = 64'0001011101110111010111111111111100111111111111111111111111111111
Found cached RTLIL representation for module `$paramod$59d1e71730573726016523635ae12d9a36d2e6b7\GTP_LUT6'.
Parameter \INIT = 64'0001011101110111010111111111111100111111111111111111111111111111
Found cached RTLIL representation for module `$paramod$59d1e71730573726016523635ae12d9a36d2e6b7\GTP_LUT6'.
Parameter \INIT = 64'0001011101110111010111111111111100111111111111111111111111111111
Found cached RTLIL representation for module `$paramod$59d1e71730573726016523635ae12d9a36d2e6b7\GTP_LUT6'.
Parameter \INIT = 64'0001011101110111010111111111111100111111111111111111111111111111
Found cached RTLIL representation for module `$paramod$59d1e71730573726016523635ae12d9a36d2e6b7\GTP_LUT6'.
Parameter \INIT = 64'0110100110011001101001010101010111000011001100110000111111111111
Found cached RTLIL representation for module `$paramod$12ac32869a3b0344482a06de893b1c422a497c6b\GTP_LUT6'.
Parameter \INIT = 64'1001011001100110010110101010101000111100110011001111000000000000
Found cached RTLIL representation for module `$paramod$6467decad80f9f1fe527a343c1088f0670b6a372\GTP_LUT6'.
Parameter \INIT = 64'1001011001100110010110101010101000111100110011001111000000000000
Found cached RTLIL representation for module `$paramod$6467decad80f9f1fe527a343c1088f0670b6a372\GTP_LUT6'.
Parameter \INIT = 64'0110100110011001101001010101010111000011001100110000111111111111
Found cached RTLIL representation for module `$paramod$12ac32869a3b0344482a06de893b1c422a497c6b\GTP_LUT6'.
Parameter \INIT = 64'1001011001100110010110101010101000111100110011001111000000000000
Found cached RTLIL representation for module `$paramod$6467decad80f9f1fe527a343c1088f0670b6a372\GTP_LUT6'.
Parameter \INIT = 64'1001011001100110010110101010101000111100110011001111000000000000
Found cached RTLIL representation for module `$paramod$6467decad80f9f1fe527a343c1088f0670b6a372\GTP_LUT6'.
Parameter \INIT = 64'1001011001100110010110101010101000111100110011001111000000000000
Found cached RTLIL representation for module `$paramod$6467decad80f9f1fe527a343c1088f0670b6a372\GTP_LUT6'.
Parameter \INIT = 64'1001011001100110010110101010101000111100110011001111000000000000
Found cached RTLIL representation for module `$paramod$6467decad80f9f1fe527a343c1088f0670b6a372\GTP_LUT6'.
Parameter \INIT = 64'0110100110011001101001010101010111000011001100110000111111111111
Found cached RTLIL representation for module `$paramod$12ac32869a3b0344482a06de893b1c422a497c6b\GTP_LUT6'.
Parameter \INIT = 64'0001011101110111010111111111111100111111111111111111111111111111
Found cached RTLIL representation for module `$paramod$59d1e71730573726016523635ae12d9a36d2e6b7\GTP_LUT6'.
Parameter \INIT = 64'0110100110011001101001010101010111000011001100110000111111111111
Found cached RTLIL representation for module `$paramod$12ac32869a3b0344482a06de893b1c422a497c6b\GTP_LUT6'.
Parameter \INIT = 64'0001011101110111010111111111111100111111111111111111111111111111
Found cached RTLIL representation for module `$paramod$59d1e71730573726016523635ae12d9a36d2e6b7\GTP_LUT6'.
Parameter \INIT = 64'0001011101110111010111111111111100111111111111111111111111111111
Found cached RTLIL representation for module `$paramod$59d1e71730573726016523635ae12d9a36d2e6b7\GTP_LUT6'.
Parameter \INIT = 64'0001011101110111010111111111111100111111111111111111111111111111
Found cached RTLIL representation for module `$paramod$59d1e71730573726016523635ae12d9a36d2e6b7\GTP_LUT6'.
Parameter \INIT = 64'0001011101110111010111111111111100111111111111111111111111111111
Found cached RTLIL representation for module `$paramod$59d1e71730573726016523635ae12d9a36d2e6b7\GTP_LUT6'.
Parameter \INIT = 64'0001011101110111010111111111111100111111111111111111111111111111
Found cached RTLIL representation for module `$paramod$59d1e71730573726016523635ae12d9a36d2e6b7\GTP_LUT6'.
Parameter \INIT = 64'0001011101110111010111111111111100111111111111111111111111111111
Found cached RTLIL representation for module `$paramod$59d1e71730573726016523635ae12d9a36d2e6b7\GTP_LUT6'.
Parameter \INIT = 64'0001011101110111010111111111111100111111111111111111111111111111
Found cached RTLIL representation for module `$paramod$59d1e71730573726016523635ae12d9a36d2e6b7\GTP_LUT6'.
Parameter \INIT = 64'0001011101110111010111111111111100111111111111111111111111111111
Found cached RTLIL representation for module `$paramod$59d1e71730573726016523635ae12d9a36d2e6b7\GTP_LUT6'.
Parameter \INIT = 64'0110100110011001101001010101010111000011001100110000111111111111
Found cached RTLIL representation for module `$paramod$12ac32869a3b0344482a06de893b1c422a497c6b\GTP_LUT6'.
Parameter \INIT = 64'1001011001100110010110101010101000111100110011001111000000000000
Found cached RTLIL representation for module `$paramod$6467decad80f9f1fe527a343c1088f0670b6a372\GTP_LUT6'.
Parameter \INIT = 64'0001011101110111010111111111111100111111111111111111111111111111
Found cached RTLIL representation for module `$paramod$59d1e71730573726016523635ae12d9a36d2e6b7\GTP_LUT6'.
Parameter \INIT = 64'1001011001100110010110101010101000111100110011001111000000000000
Found cached RTLIL representation for module `$paramod$6467decad80f9f1fe527a343c1088f0670b6a372\GTP_LUT6'.
Parameter \INIT = 64'0110100110011001101001010101010111000011001100110000111111111111
Found cached RTLIL representation for module `$paramod$12ac32869a3b0344482a06de893b1c422a497c6b\GTP_LUT6'.
Parameter \INIT = 64'1001011001100110010110101010101000111100110011001111000000000000
Found cached RTLIL representation for module `$paramod$6467decad80f9f1fe527a343c1088f0670b6a372\GTP_LUT6'.
Parameter \INIT = 64'1001011001100110010110101010101000111100110011001111000000000000
Found cached RTLIL representation for module `$paramod$6467decad80f9f1fe527a343c1088f0670b6a372\GTP_LUT6'.
Parameter \INIT = 64'0110100110011001101001010101010111000011001100110000111111111111
Found cached RTLIL representation for module `$paramod$12ac32869a3b0344482a06de893b1c422a497c6b\GTP_LUT6'.
Parameter \INIT = 64'0110100110011001101001010101010111000011001100110000111111111111
Found cached RTLIL representation for module `$paramod$12ac32869a3b0344482a06de893b1c422a497c6b\GTP_LUT6'.
Parameter \INIT = 64'0110100110011001101001010101010111000011001100110000111111111111
Found cached RTLIL representation for module `$paramod$12ac32869a3b0344482a06de893b1c422a497c6b\GTP_LUT6'.
Parameter \INIT = 64'0001011101110111010111111111111100111111111111111111111111111111
Found cached RTLIL representation for module `$paramod$59d1e71730573726016523635ae12d9a36d2e6b7\GTP_LUT6'.
Parameter \INIT = 64'0001011101110111010111111111111100111111111111111111111111111111
Found cached RTLIL representation for module `$paramod$59d1e71730573726016523635ae12d9a36d2e6b7\GTP_LUT6'.
Parameter \INIT = 64'0001011101110111010111111111111100111111111111111111111111111111
Found cached RTLIL representation for module `$paramod$59d1e71730573726016523635ae12d9a36d2e6b7\GTP_LUT6'.
Parameter \INIT = 64'1001011001100110010110101010101000111100110011001111000000000000
Found cached RTLIL representation for module `$paramod$6467decad80f9f1fe527a343c1088f0670b6a372\GTP_LUT6'.
Parameter \INIT = 64'0110100110011001101001010101010111000011001100110000111111111111
Found cached RTLIL representation for module `$paramod$12ac32869a3b0344482a06de893b1c422a497c6b\GTP_LUT6'.
Parameter \INIT = 64'1001011001100110010110101010101000111100110011001111000000000000
Found cached RTLIL representation for module `$paramod$6467decad80f9f1fe527a343c1088f0670b6a372\GTP_LUT6'.
Parameter \INIT = 64'0001011101110111010111111111111100111111111111111111111111111111
Found cached RTLIL representation for module `$paramod$59d1e71730573726016523635ae12d9a36d2e6b7\GTP_LUT6'.
Parameter \INIT = 64'0001011101110111010111111111111100111111111111111111111111111111
Found cached RTLIL representation for module `$paramod$59d1e71730573726016523635ae12d9a36d2e6b7\GTP_LUT6'.
Parameter \INIT = 64'0001011101110111010111111111111100111111111111111111111111111111
Found cached RTLIL representation for module `$paramod$59d1e71730573726016523635ae12d9a36d2e6b7\GTP_LUT6'.
Parameter \INIT = 64'0001011101110111010111111111111100111111111111111111111111111111
Found cached RTLIL representation for module `$paramod$59d1e71730573726016523635ae12d9a36d2e6b7\GTP_LUT6'.
Parameter \INIT = 64'1001011001100110010110101010101000111100110011001111000000000000
Found cached RTLIL representation for module `$paramod$6467decad80f9f1fe527a343c1088f0670b6a372\GTP_LUT6'.
Parameter \INIT = 64'1001011001100110010110101010101000111100110011001111000000000000
Found cached RTLIL representation for module `$paramod$6467decad80f9f1fe527a343c1088f0670b6a372\GTP_LUT6'.
Parameter \INIT = 64'1001011001100110010110101010101000111100110011001111000000000000
Found cached RTLIL representation for module `$paramod$6467decad80f9f1fe527a343c1088f0670b6a372\GTP_LUT6'.
Parameter \INIT = 64'1001011001100110010110101010101000111100110011001111000000000000
Found cached RTLIL representation for module `$paramod$6467decad80f9f1fe527a343c1088f0670b6a372\GTP_LUT6'.
Parameter \INIT = 64'0001011101110111010111111111111100111111111111111111111111111111
Found cached RTLIL representation for module `$paramod$59d1e71730573726016523635ae12d9a36d2e6b7\GTP_LUT6'.
Parameter \INIT = 64'0001011101110111010111111111111100111111111111111111111111111111
Found cached RTLIL representation for module `$paramod$59d1e71730573726016523635ae12d9a36d2e6b7\GTP_LUT6'.
Parameter \INIT = 64'0001011101110111010111111111111100111111111111111111111111111111
Found cached RTLIL representation for module `$paramod$59d1e71730573726016523635ae12d9a36d2e6b7\GTP_LUT6'.
Parameter \INIT = 64'1001011001100110010110101010101000111100110011001111000000000000
Found cached RTLIL representation for module `$paramod$6467decad80f9f1fe527a343c1088f0670b6a372\GTP_LUT6'.
Parameter \INIT = 64'1001011001100110010110101010101000111100110011001111000000000000
Found cached RTLIL representation for module `$paramod$6467decad80f9f1fe527a343c1088f0670b6a372\GTP_LUT6'.
Parameter \INIT = 64'0110100110011001101001010101010111000011001100110000111111111111
Found cached RTLIL representation for module `$paramod$12ac32869a3b0344482a06de893b1c422a497c6b\GTP_LUT6'.
Parameter \INIT = 64'1001011001100110010110101010101000111100110011001111000000000000
Found cached RTLIL representation for module `$paramod$6467decad80f9f1fe527a343c1088f0670b6a372\GTP_LUT6'.
Parameter \INIT = 64'1001011001100110010110101010101000111100110011001111000000000000
Found cached RTLIL representation for module `$paramod$6467decad80f9f1fe527a343c1088f0670b6a372\GTP_LUT6'.
Parameter \INIT = 64'1001011001100110010110101010101000111100110011001111000000000000
Found cached RTLIL representation for module `$paramod$6467decad80f9f1fe527a343c1088f0670b6a372\GTP_LUT6'.
Parameter \INIT = 64'1001011001100110010110101010101000111100110011001111000000000000
Found cached RTLIL representation for module `$paramod$6467decad80f9f1fe527a343c1088f0670b6a372\GTP_LUT6'.
Parameter \INIT = 64'1001011001100110010110101010101000111100110011001111000000000000
Found cached RTLIL representation for module `$paramod$6467decad80f9f1fe527a343c1088f0670b6a372\GTP_LUT6'.
Parameter \INIT = 64'0001011101110111010111111111111100111111111111111111111111111111
Found cached RTLIL representation for module `$paramod$59d1e71730573726016523635ae12d9a36d2e6b7\GTP_LUT6'.
Parameter \INIT = 64'0001011101110111010111111111111100111111111111111111111111111111
Found cached RTLIL representation for module `$paramod$59d1e71730573726016523635ae12d9a36d2e6b7\GTP_LUT6'.
Parameter \INIT = 64'1001011001100110010110101010101000111100110011001111000000000000
Found cached RTLIL representation for module `$paramod$6467decad80f9f1fe527a343c1088f0670b6a372\GTP_LUT6'.
Parameter \INIT = 64'1001011001100110010110101010101000111100110011001111000000000000
Found cached RTLIL representation for module `$paramod$6467decad80f9f1fe527a343c1088f0670b6a372\GTP_LUT6'.
Parameter \INIT = 64'1001011001100110010110101010101000111100110011001111000000000000
Found cached RTLIL representation for module `$paramod$6467decad80f9f1fe527a343c1088f0670b6a372\GTP_LUT6'.
Parameter \INIT = 64'0001011101110111010111111111111100111111111111111111111111111111
Found cached RTLIL representation for module `$paramod$59d1e71730573726016523635ae12d9a36d2e6b7\GTP_LUT6'.
Parameter \INIT = 64'1001011001100110010110101010101000111100110011001111000000000000
Found cached RTLIL representation for module `$paramod$6467decad80f9f1fe527a343c1088f0670b6a372\GTP_LUT6'.
Parameter \INIT = 64'0001011101110111010111111111111100111111111111111111111111111111
Found cached RTLIL representation for module `$paramod$59d1e71730573726016523635ae12d9a36d2e6b7\GTP_LUT6'.
Parameter \INIT = 64'0001011101110111010111111111111100111111111111111111111111111111
Found cached RTLIL representation for module `$paramod$59d1e71730573726016523635ae12d9a36d2e6b7\GTP_LUT6'.
Parameter \INIT = 64'0001011101110111010111111111111100111111111111111111111111111111
Found cached RTLIL representation for module `$paramod$59d1e71730573726016523635ae12d9a36d2e6b7\GTP_LUT6'.
Parameter \INIT = 64'0001011101110111010111111111111100111111111111111111111111111111
Found cached RTLIL representation for module `$paramod$59d1e71730573726016523635ae12d9a36d2e6b7\GTP_LUT6'.
Parameter \INIT = 64'1001011001100110010110101010101000111100110011001111000000000000
Found cached RTLIL representation for module `$paramod$6467decad80f9f1fe527a343c1088f0670b6a372\GTP_LUT6'.
Parameter \INIT = 64'0110100110011001101001010101010111000011001100110000111111111111
Found cached RTLIL representation for module `$paramod$12ac32869a3b0344482a06de893b1c422a497c6b\GTP_LUT6'.
Parameter \INIT = 64'1001011001100110010110101010101000111100110011001111000000000000
Found cached RTLIL representation for module `$paramod$6467decad80f9f1fe527a343c1088f0670b6a372\GTP_LUT6'.
Parameter \INIT = 64'0110100110011001101001010101010111000011001100110000111111111111
Found cached RTLIL representation for module `$paramod$12ac32869a3b0344482a06de893b1c422a497c6b\GTP_LUT6'.
Parameter \INIT = 64'0110100110011001101001010101010111000011001100110000111111111111
Found cached RTLIL representation for module `$paramod$12ac32869a3b0344482a06de893b1c422a497c6b\GTP_LUT6'.
Parameter \INIT = 64'1001011001100110010110101010101000111100110011001111000000000000
Found cached RTLIL representation for module `$paramod$6467decad80f9f1fe527a343c1088f0670b6a372\GTP_LUT6'.
Parameter \INIT = 64'0001011101110111010111111111111100111111111111111111111111111111
Found cached RTLIL representation for module `$paramod$59d1e71730573726016523635ae12d9a36d2e6b7\GTP_LUT6'.
Parameter \INIT = 64'0001011101110111010111111111111100111111111111111111111111111111
Found cached RTLIL representation for module `$paramod$59d1e71730573726016523635ae12d9a36d2e6b7\GTP_LUT6'.
Parameter \INIT = 64'0001011101110111010111111111111100111111111111111111111111111111
Found cached RTLIL representation for module `$paramod$59d1e71730573726016523635ae12d9a36d2e6b7\GTP_LUT6'.
Parameter \INIT = 64'0001011101110111010111111111111100111111111111111111111111111111
Found cached RTLIL representation for module `$paramod$59d1e71730573726016523635ae12d9a36d2e6b7\GTP_LUT6'.
Parameter \INIT = 64'0001011101110111010111111111111100111111111111111111111111111111
Found cached RTLIL representation for module `$paramod$59d1e71730573726016523635ae12d9a36d2e6b7\GTP_LUT6'.
Parameter \INIT = 64'0001011101110111010111111111111100111111111111111111111111111111
Found cached RTLIL representation for module `$paramod$59d1e71730573726016523635ae12d9a36d2e6b7\GTP_LUT6'.
Parameter \INIT = 64'1001011001100110010110101010101000111100110011001111000000000000
Found cached RTLIL representation for module `$paramod$6467decad80f9f1fe527a343c1088f0670b6a372\GTP_LUT6'.
Parameter \INIT = 64'1001011001100110010110101010101000111100110011001111000000000000
Found cached RTLIL representation for module `$paramod$6467decad80f9f1fe527a343c1088f0670b6a372\GTP_LUT6'.
Parameter \INIT = 64'0110100110011001101001010101010111000011001100110000111111111111
Found cached RTLIL representation for module `$paramod$12ac32869a3b0344482a06de893b1c422a497c6b\GTP_LUT6'.
Parameter \INIT = 64'0110100110011001101001010101010111000011001100110000111111111111
Found cached RTLIL representation for module `$paramod$12ac32869a3b0344482a06de893b1c422a497c6b\GTP_LUT6'.
Parameter \INIT = 64'0110100110011001101001010101010111000011001100110000111111111111
Found cached RTLIL representation for module `$paramod$12ac32869a3b0344482a06de893b1c422a497c6b\GTP_LUT6'.
Parameter \INIT = 64'1001011001100110010110101010101000111100110011001111000000000000
Found cached RTLIL representation for module `$paramod$6467decad80f9f1fe527a343c1088f0670b6a372\GTP_LUT6'.
Parameter \INIT = 64'0001011101110111010111111111111100111111111111111111111111111111
Found cached RTLIL representation for module `$paramod$59d1e71730573726016523635ae12d9a36d2e6b7\GTP_LUT6'.
Parameter \INIT = 64'0001011101110111010111111111111100111111111111111111111111111111
Found cached RTLIL representation for module `$paramod$59d1e71730573726016523635ae12d9a36d2e6b7\GTP_LUT6'.
Parameter \INIT = 64'0001011101110111010111111111111100111111111111111111111111111111
Found cached RTLIL representation for module `$paramod$59d1e71730573726016523635ae12d9a36d2e6b7\GTP_LUT6'.
Parameter \INIT = 64'0001011101110111010111111111111100111111111111111111111111111111
Found cached RTLIL representation for module `$paramod$59d1e71730573726016523635ae12d9a36d2e6b7\GTP_LUT6'.
Parameter \INIT = 64'0110100110011001101001010101010111000011001100110000111111111111
Found cached RTLIL representation for module `$paramod$12ac32869a3b0344482a06de893b1c422a497c6b\GTP_LUT6'.
Parameter \INIT = 64'0110100110011001101001010101010111000011001100110000111111111111
Found cached RTLIL representation for module `$paramod$12ac32869a3b0344482a06de893b1c422a497c6b\GTP_LUT6'.
Parameter \INIT = 64'0110100110011001101001010101010111000011001100110000111111111111
Found cached RTLIL representation for module `$paramod$12ac32869a3b0344482a06de893b1c422a497c6b\GTP_LUT6'.
Parameter \INIT = 64'1001011001100110010110101010101000111100110011001111000000000000
Found cached RTLIL representation for module `$paramod$6467decad80f9f1fe527a343c1088f0670b6a372\GTP_LUT6'.
Parameter \INIT = 64'0001011101110111010111111111111100111111111111111111111111111111
Found cached RTLIL representation for module `$paramod$59d1e71730573726016523635ae12d9a36d2e6b7\GTP_LUT6'.
Parameter \INIT = 64'1001011001100110010110101010101000111100110011001111000000000000
Found cached RTLIL representation for module `$paramod$6467decad80f9f1fe527a343c1088f0670b6a372\GTP_LUT6'.
Parameter \INIT = 64'0001011101110111010111111111111100111111111111111111111111111111
Found cached RTLIL representation for module `$paramod$59d1e71730573726016523635ae12d9a36d2e6b7\GTP_LUT6'.
Parameter \INIT = 64'1110100010001000101000000000000011000000000000000000000000000000
Found cached RTLIL representation for module `$paramod$6bfd9d45ef108fbad97b24bc286ca5f3d8b7f79e\GTP_LUT6'.
Parameter \INIT = 64'0001011101110111010111111111111100111111111111111111111111111111
Found cached RTLIL representation for module `$paramod$59d1e71730573726016523635ae12d9a36d2e6b7\GTP_LUT6'.
Parameter \INIT = 64'0001011101110111010111111111111100111111111111111111111111111111
Found cached RTLIL representation for module `$paramod$59d1e71730573726016523635ae12d9a36d2e6b7\GTP_LUT6'.
Parameter \INIT = 64'0001011101110111010111111111111100111111111111111111111111111111
Found cached RTLIL representation for module `$paramod$59d1e71730573726016523635ae12d9a36d2e6b7\GTP_LUT6'.
Parameter \INIT = 64'0110100110011001101001010101010111000011001100110000111111111111
Found cached RTLIL representation for module `$paramod$12ac32869a3b0344482a06de893b1c422a497c6b\GTP_LUT6'.
Parameter \INIT = 64'1001011001100110010110101010101000111100110011001111000000000000
Found cached RTLIL representation for module `$paramod$6467decad80f9f1fe527a343c1088f0670b6a372\GTP_LUT6'.
Parameter \INIT = 64'1001011001100110010110101010101000111100110011001111000000000000
Found cached RTLIL representation for module `$paramod$6467decad80f9f1fe527a343c1088f0670b6a372\GTP_LUT6'.
Parameter \INIT = 64'1001011001100110010110101010101000111100110011001111000000000000
Found cached RTLIL representation for module `$paramod$6467decad80f9f1fe527a343c1088f0670b6a372\GTP_LUT6'.
Parameter \INIT = 64'0001011101110111010111111111111100111111111111111111111111111111
Found cached RTLIL representation for module `$paramod$59d1e71730573726016523635ae12d9a36d2e6b7\GTP_LUT6'.
Parameter \INIT = 64'0001011101110111010111111111111100111111111111111111111111111111
Found cached RTLIL representation for module `$paramod$59d1e71730573726016523635ae12d9a36d2e6b7\GTP_LUT6'.
Parameter \INIT = 64'1001011001100110010110101010101000111100110011001111000000000000
Found cached RTLIL representation for module `$paramod$6467decad80f9f1fe527a343c1088f0670b6a372\GTP_LUT6'.
Parameter \INIT = 64'1001011001100110010110101010101000111100110011001111000000000000
Found cached RTLIL representation for module `$paramod$6467decad80f9f1fe527a343c1088f0670b6a372\GTP_LUT6'.
Parameter \INIT = 64'0001011101110111010111111111111100111111111111111111111111111111
Found cached RTLIL representation for module `$paramod$59d1e71730573726016523635ae12d9a36d2e6b7\GTP_LUT6'.
Parameter \INIT = 64'0001011101110111010111111111111100111111111111111111111111111111
Found cached RTLIL representation for module `$paramod$59d1e71730573726016523635ae12d9a36d2e6b7\GTP_LUT6'.
Parameter \INIT = 64'0001011101110111010111111111111100111111111111111111111111111111
Found cached RTLIL representation for module `$paramod$59d1e71730573726016523635ae12d9a36d2e6b7\GTP_LUT6'.
Parameter \INIT = 64'1001011001100110010110101010101000111100110011001111000000000000
Found cached RTLIL representation for module `$paramod$6467decad80f9f1fe527a343c1088f0670b6a372\GTP_LUT6'.
Parameter \INIT = 64'0001011101110111010111111111111100111111111111111111111111111111
Found cached RTLIL representation for module `$paramod$59d1e71730573726016523635ae12d9a36d2e6b7\GTP_LUT6'.
Parameter \INIT = 64'0110100110011001101001010101010111000011001100110000111111111111
Found cached RTLIL representation for module `$paramod$12ac32869a3b0344482a06de893b1c422a497c6b\GTP_LUT6'.
Parameter \INIT = 64'0110100110011001101001010101010111000011001100110000111111111111
Found cached RTLIL representation for module `$paramod$12ac32869a3b0344482a06de893b1c422a497c6b\GTP_LUT6'.
Parameter \INIT = 64'0110100110011001101001010101010111000011001100110000111111111111
Found cached RTLIL representation for module `$paramod$12ac32869a3b0344482a06de893b1c422a497c6b\GTP_LUT6'.
Parameter \INIT = 64'0001011101110111010111111111111100111111111111111111111111111111
Found cached RTLIL representation for module `$paramod$59d1e71730573726016523635ae12d9a36d2e6b7\GTP_LUT6'.
Parameter \INIT = 64'0001011101110111010111111111111100111111111111111111111111111111
Found cached RTLIL representation for module `$paramod$59d1e71730573726016523635ae12d9a36d2e6b7\GTP_LUT6'.
Parameter \INIT = 64'0001011101110111010111111111111100111111111111111111111111111111
Found cached RTLIL representation for module `$paramod$59d1e71730573726016523635ae12d9a36d2e6b7\GTP_LUT6'.
Parameter \INIT = 64'0110100110011001101001010101010111000011001100110000111111111111
Found cached RTLIL representation for module `$paramod$12ac32869a3b0344482a06de893b1c422a497c6b\GTP_LUT6'.
Parameter \INIT = 64'1001011001100110010110101010101000111100110011001111000000000000
Found cached RTLIL representation for module `$paramod$6467decad80f9f1fe527a343c1088f0670b6a372\GTP_LUT6'.
Parameter \INIT = 64'1001011001100110010110101010101000111100110011001111000000000000
Found cached RTLIL representation for module `$paramod$6467decad80f9f1fe527a343c1088f0670b6a372\GTP_LUT6'.
Parameter \INIT = 64'0001011101110111010111111111111100111111111111111111111111111111
Found cached RTLIL representation for module `$paramod$59d1e71730573726016523635ae12d9a36d2e6b7\GTP_LUT6'.
Parameter \INIT = 64'0001011101110111010111111111111100111111111111111111111111111111
Found cached RTLIL representation for module `$paramod$59d1e71730573726016523635ae12d9a36d2e6b7\GTP_LUT6'.
Parameter \INIT = 64'0001011101110111010111111111111100111111111111111111111111111111
Found cached RTLIL representation for module `$paramod$59d1e71730573726016523635ae12d9a36d2e6b7\GTP_LUT6'.
Parameter \INIT = 64'0001011101110111010111111111111100111111111111111111111111111111
Found cached RTLIL representation for module `$paramod$59d1e71730573726016523635ae12d9a36d2e6b7\GTP_LUT6'.
Parameter \INIT = 64'1001011001100110010110101010101000111100110011001111000000000000
Found cached RTLIL representation for module `$paramod$6467decad80f9f1fe527a343c1088f0670b6a372\GTP_LUT6'.
Parameter \INIT = 64'1001011001100110010110101010101000111100110011001111000000000000
Found cached RTLIL representation for module `$paramod$6467decad80f9f1fe527a343c1088f0670b6a372\GTP_LUT6'.
Parameter \INIT = 64'1001011001100110010110101010101000111100110011001111000000000000
Found cached RTLIL representation for module `$paramod$6467decad80f9f1fe527a343c1088f0670b6a372\GTP_LUT6'.
Parameter \INIT = 64'1001011001100110010110101010101000111100110011001111000000000000
Found cached RTLIL representation for module `$paramod$6467decad80f9f1fe527a343c1088f0670b6a372\GTP_LUT6'.
Parameter \INIT = 64'0001011101110111010111111111111100111111111111111111111111111111
Found cached RTLIL representation for module `$paramod$59d1e71730573726016523635ae12d9a36d2e6b7\GTP_LUT6'.
Parameter \INIT = 64'0001011101110111010111111111111100111111111111111111111111111111
Found cached RTLIL representation for module `$paramod$59d1e71730573726016523635ae12d9a36d2e6b7\GTP_LUT6'.
Parameter \INIT = 64'0001011101110111010111111111111100111111111111111111111111111111
Found cached RTLIL representation for module `$paramod$59d1e71730573726016523635ae12d9a36d2e6b7\GTP_LUT6'.
Parameter \INIT = 64'0001011101110111010111111111111100111111111111111111111111111111
Found cached RTLIL representation for module `$paramod$59d1e71730573726016523635ae12d9a36d2e6b7\GTP_LUT6'.
Parameter \INIT = 64'0001011101110111010111111111111100111111111111111111111111111111
Found cached RTLIL representation for module `$paramod$59d1e71730573726016523635ae12d9a36d2e6b7\GTP_LUT6'.
Parameter \INIT = 64'0001011101110111010111111111111100111111111111111111111111111111
Found cached RTLIL representation for module `$paramod$59d1e71730573726016523635ae12d9a36d2e6b7\GTP_LUT6'.
Parameter \INIT = 64'0001011101110111010111111111111100111111111111111111111111111111
Found cached RTLIL representation for module `$paramod$59d1e71730573726016523635ae12d9a36d2e6b7\GTP_LUT6'.
Parameter \INIT = 64'0001011101110111010111111111111100111111111111111111111111111111
Found cached RTLIL representation for module `$paramod$59d1e71730573726016523635ae12d9a36d2e6b7\GTP_LUT6'.
Parameter \INIT = 64'0110100110011001101001010101010111000011001100110000111111111111
Found cached RTLIL representation for module `$paramod$12ac32869a3b0344482a06de893b1c422a497c6b\GTP_LUT6'.
Parameter \INIT = 64'0001011101110111010111111111111100111111111111111111111111111111
Found cached RTLIL representation for module `$paramod$59d1e71730573726016523635ae12d9a36d2e6b7\GTP_LUT6'.
Parameter \INIT = 64'0001011101110111010111111111111100111111111111111111111111111111
Found cached RTLIL representation for module `$paramod$59d1e71730573726016523635ae12d9a36d2e6b7\GTP_LUT6'.
Parameter \INIT = 64'1001011001100110010110101010101000111100110011001111000000000000
Found cached RTLIL representation for module `$paramod$6467decad80f9f1fe527a343c1088f0670b6a372\GTP_LUT6'.
Parameter \INIT = 64'0110100110011001101001010101010111000011001100110000111111111111
Found cached RTLIL representation for module `$paramod$12ac32869a3b0344482a06de893b1c422a497c6b\GTP_LUT6'.
Parameter \INIT = 64'1001011001100110010110101010101000111100110011001111000000000000
Found cached RTLIL representation for module `$paramod$6467decad80f9f1fe527a343c1088f0670b6a372\GTP_LUT6'.
Parameter \INIT = 64'1001011001100110010110101010101000111100110011001111000000000000
Found cached RTLIL representation for module `$paramod$6467decad80f9f1fe527a343c1088f0670b6a372\GTP_LUT6'.
Parameter \INIT = 64'0001011101110111010111111111111100111111111111111111111111111111
Found cached RTLIL representation for module `$paramod$59d1e71730573726016523635ae12d9a36d2e6b7\GTP_LUT6'.
Parameter \INIT = 64'0001011101110111010111111111111100111111111111111111111111111111
Found cached RTLIL representation for module `$paramod$59d1e71730573726016523635ae12d9a36d2e6b7\GTP_LUT6'.
Parameter \INIT = 64'0001011101110111010111111111111100111111111111111111111111111111
Found cached RTLIL representation for module `$paramod$59d1e71730573726016523635ae12d9a36d2e6b7\GTP_LUT6'.
Parameter \INIT = 64'0110100110011001101001010101010111000011001100110000111111111111
Found cached RTLIL representation for module `$paramod$12ac32869a3b0344482a06de893b1c422a497c6b\GTP_LUT6'.
Parameter \INIT = 64'1001011001100110010110101010101000111100110011001111000000000000
Found cached RTLIL representation for module `$paramod$6467decad80f9f1fe527a343c1088f0670b6a372\GTP_LUT6'.
Parameter \INIT = 64'0001011101110111010111111111111100111111111111111111111111111111
Found cached RTLIL representation for module `$paramod$59d1e71730573726016523635ae12d9a36d2e6b7\GTP_LUT6'.
Parameter \INIT = 64'0001011101110111010111111111111100111111111111111111111111111111
Found cached RTLIL representation for module `$paramod$59d1e71730573726016523635ae12d9a36d2e6b7\GTP_LUT6'.
Parameter \INIT = 64'0001011101110111010111111111111100111111111111111111111111111111
Found cached RTLIL representation for module `$paramod$59d1e71730573726016523635ae12d9a36d2e6b7\GTP_LUT6'.
Parameter \INIT = 64'0001011101110111010111111111111100111111111111111111111111111111
Found cached RTLIL representation for module `$paramod$59d1e71730573726016523635ae12d9a36d2e6b7\GTP_LUT6'.
Parameter \INIT = 64'0110100110011001101001010101010111000011001100110000111111111111
Found cached RTLIL representation for module `$paramod$12ac32869a3b0344482a06de893b1c422a497c6b\GTP_LUT6'.
Parameter \INIT = 64'1001011001100110010110101010101000111100110011001111000000000000
Found cached RTLIL representation for module `$paramod$6467decad80f9f1fe527a343c1088f0670b6a372\GTP_LUT6'.
Parameter \INIT = 64'0110100110011001101001010101010111000011001100110000111111111111
Found cached RTLIL representation for module `$paramod$12ac32869a3b0344482a06de893b1c422a497c6b\GTP_LUT6'.
Parameter \INIT = 64'1001011001100110010110101010101000111100110011001111000000000000
Found cached RTLIL representation for module `$paramod$6467decad80f9f1fe527a343c1088f0670b6a372\GTP_LUT6'.
Parameter \INIT = 64'0001011101110111010111111111111100111111111111111111111111111111
Found cached RTLIL representation for module `$paramod$59d1e71730573726016523635ae12d9a36d2e6b7\GTP_LUT6'.
Parameter \INIT = 64'0110100110011001101001010101010111000011001100110000111111111111
Found cached RTLIL representation for module `$paramod$12ac32869a3b0344482a06de893b1c422a497c6b\GTP_LUT6'.
Parameter \INIT = 64'1001011001100110010110101010101000111100110011001111000000000000
Found cached RTLIL representation for module `$paramod$6467decad80f9f1fe527a343c1088f0670b6a372\GTP_LUT6'.
Parameter \INIT = 64'0001011101110111010111111111111100111111111111111111111111111111
Found cached RTLIL representation for module `$paramod$59d1e71730573726016523635ae12d9a36d2e6b7\GTP_LUT6'.
Parameter \INIT = 64'1001011001100110010110101010101000111100110011001111000000000000
Found cached RTLIL representation for module `$paramod$6467decad80f9f1fe527a343c1088f0670b6a372\GTP_LUT6'.
Parameter \INIT = 64'1001011001100110010110101010101000111100110011001111000000000000
Found cached RTLIL representation for module `$paramod$6467decad80f9f1fe527a343c1088f0670b6a372\GTP_LUT6'.
Parameter \INIT = 64'0110100110011001101001010101010111000011001100110000111111111111
Found cached RTLIL representation for module `$paramod$12ac32869a3b0344482a06de893b1c422a497c6b\GTP_LUT6'.
Parameter \INIT = 64'1001011001100110010110101010101000111100110011001111000000000000
Found cached RTLIL representation for module `$paramod$6467decad80f9f1fe527a343c1088f0670b6a372\GTP_LUT6'.
Parameter \INIT = 64'0001011101110111010111111111111100111111111111111111111111111111
Found cached RTLIL representation for module `$paramod$59d1e71730573726016523635ae12d9a36d2e6b7\GTP_LUT6'.
Parameter \INIT = 64'0001011101110111010111111111111100111111111111111111111111111111
Found cached RTLIL representation for module `$paramod$59d1e71730573726016523635ae12d9a36d2e6b7\GTP_LUT6'.
Parameter \INIT = 64'0001011101110111010111111111111100111111111111111111111111111111
Found cached RTLIL representation for module `$paramod$59d1e71730573726016523635ae12d9a36d2e6b7\GTP_LUT6'.
Parameter \INIT = 64'0001011101110111010111111111111100111111111111111111111111111111
Found cached RTLIL representation for module `$paramod$59d1e71730573726016523635ae12d9a36d2e6b7\GTP_LUT6'.
Parameter \INIT = 64'0001011101110111010111111111111100111111111111111111111111111111
Found cached RTLIL representation for module `$paramod$59d1e71730573726016523635ae12d9a36d2e6b7\GTP_LUT6'.
Parameter \INIT = 64'0001011101110111010111111111111100111111111111111111111111111111
Found cached RTLIL representation for module `$paramod$59d1e71730573726016523635ae12d9a36d2e6b7\GTP_LUT6'.
Parameter \INIT = 64'0110100110011001101001010101010111000011001100110000111111111111
Found cached RTLIL representation for module `$paramod$12ac32869a3b0344482a06de893b1c422a497c6b\GTP_LUT6'.
Parameter \INIT = 64'0001011101110111010111111111111100111111111111111111111111111111
Found cached RTLIL representation for module `$paramod$59d1e71730573726016523635ae12d9a36d2e6b7\GTP_LUT6'.
Parameter \INIT = 64'0001011101110111010111111111111100111111111111111111111111111111
Found cached RTLIL representation for module `$paramod$59d1e71730573726016523635ae12d9a36d2e6b7\GTP_LUT6'.
Parameter \INIT = 64'0001011101110111010111111111111100111111111111111111111111111111
Found cached RTLIL representation for module `$paramod$59d1e71730573726016523635ae12d9a36d2e6b7\GTP_LUT6'.
Parameter \INIT = 64'0001011101110111010111111111111100111111111111111111111111111111
Found cached RTLIL representation for module `$paramod$59d1e71730573726016523635ae12d9a36d2e6b7\GTP_LUT6'.
Parameter \INIT = 64'0001011101110111010111111111111100111111111111111111111111111111
Found cached RTLIL representation for module `$paramod$59d1e71730573726016523635ae12d9a36d2e6b7\GTP_LUT6'.
Parameter \INIT = 64'0001011101110111010111111111111100111111111111111111111111111111
Found cached RTLIL representation for module `$paramod$59d1e71730573726016523635ae12d9a36d2e6b7\GTP_LUT6'.
Parameter \INIT = 64'0001011101110111010111111111111100111111111111111111111111111111
Found cached RTLIL representation for module `$paramod$59d1e71730573726016523635ae12d9a36d2e6b7\GTP_LUT6'.
Parameter \INIT = 64'0001011101110111010111111111111100111111111111111111111111111111
Found cached RTLIL representation for module `$paramod$59d1e71730573726016523635ae12d9a36d2e6b7\GTP_LUT6'.
Parameter \INIT = 64'0001011101110111010111111111111100111111111111111111111111111111
Found cached RTLIL representation for module `$paramod$59d1e71730573726016523635ae12d9a36d2e6b7\GTP_LUT6'.
Parameter \INIT = 64'0001011101110111010111111111111100111111111111111111111111111111
Found cached RTLIL representation for module `$paramod$59d1e71730573726016523635ae12d9a36d2e6b7\GTP_LUT6'.
Parameter \INIT = 64'0001011101110111010111111111111100111111111111111111111111111111
Found cached RTLIL representation for module `$paramod$59d1e71730573726016523635ae12d9a36d2e6b7\GTP_LUT6'.
Parameter \INIT = 64'0001011101110111010111111111111100111111111111111111111111111111
Found cached RTLIL representation for module `$paramod$59d1e71730573726016523635ae12d9a36d2e6b7\GTP_LUT6'.
Parameter \INIT = 64'1001011001100110010110101010101000111100110011001111000000000000
Found cached RTLIL representation for module `$paramod$6467decad80f9f1fe527a343c1088f0670b6a372\GTP_LUT6'.
Parameter \INIT = 64'0110100110011001101001010101010111000011001100110000111111111111
Found cached RTLIL representation for module `$paramod$12ac32869a3b0344482a06de893b1c422a497c6b\GTP_LUT6'.
Parameter \INIT = 64'1001011001100110010110101010101000111100110011001111000000000000
Found cached RTLIL representation for module `$paramod$6467decad80f9f1fe527a343c1088f0670b6a372\GTP_LUT6'.
Parameter \INIT = 64'0110100110011001101001010101010111000011001100110000111111111111
Found cached RTLIL representation for module `$paramod$12ac32869a3b0344482a06de893b1c422a497c6b\GTP_LUT6'.
Parameter \INIT = 64'1001011001100110010110101010101000111100110011001111000000000000
Found cached RTLIL representation for module `$paramod$6467decad80f9f1fe527a343c1088f0670b6a372\GTP_LUT6'.
Parameter \INIT = 64'0110100110011001101001010101010111000011001100110000111111111111
Found cached RTLIL representation for module `$paramod$12ac32869a3b0344482a06de893b1c422a497c6b\GTP_LUT6'.
Parameter \INIT = 64'0001011101110111010111111111111100111111111111111111111111111111
Found cached RTLIL representation for module `$paramod$59d1e71730573726016523635ae12d9a36d2e6b7\GTP_LUT6'.
Parameter \INIT = 64'0001011101110111010111111111111100111111111111111111111111111111
Found cached RTLIL representation for module `$paramod$59d1e71730573726016523635ae12d9a36d2e6b7\GTP_LUT6'.
Parameter \INIT = 64'0001011101110111010111111111111100111111111111111111111111111111
Found cached RTLIL representation for module `$paramod$59d1e71730573726016523635ae12d9a36d2e6b7\GTP_LUT6'.
Parameter \INIT = 64'0001011101110111010111111111111100111111111111111111111111111111
Found cached RTLIL representation for module `$paramod$59d1e71730573726016523635ae12d9a36d2e6b7\GTP_LUT6'.
Parameter \INIT = 64'0001011101110111010111111111111100111111111111111111111111111111
Found cached RTLIL representation for module `$paramod$59d1e71730573726016523635ae12d9a36d2e6b7\GTP_LUT6'.
Parameter \INIT = 64'1001011001100110010110101010101000111100110011001111000000000000
Found cached RTLIL representation for module `$paramod$6467decad80f9f1fe527a343c1088f0670b6a372\GTP_LUT6'.
Parameter \INIT = 64'0110100110011001101001010101010111000011001100110000111111111111
Found cached RTLIL representation for module `$paramod$12ac32869a3b0344482a06de893b1c422a497c6b\GTP_LUT6'.
Parameter \INIT = 64'0110100110011001101001010101010111000011001100110000111111111111
Found cached RTLIL representation for module `$paramod$12ac32869a3b0344482a06de893b1c422a497c6b\GTP_LUT6'.
Parameter \INIT = 64'1001011001100110010110101010101000111100110011001111000000000000
Found cached RTLIL representation for module `$paramod$6467decad80f9f1fe527a343c1088f0670b6a372\GTP_LUT6'.
Parameter \INIT = 64'0001011101110111010111111111111100111111111111111111111111111111
Found cached RTLIL representation for module `$paramod$59d1e71730573726016523635ae12d9a36d2e6b7\GTP_LUT6'.
Parameter \INIT = 64'0001011101110111010111111111111100111111111111111111111111111111
Found cached RTLIL representation for module `$paramod$59d1e71730573726016523635ae12d9a36d2e6b7\GTP_LUT6'.
Parameter \INIT = 64'0001011101110111010111111111111100111111111111111111111111111111
Found cached RTLIL representation for module `$paramod$59d1e71730573726016523635ae12d9a36d2e6b7\GTP_LUT6'.
Parameter \INIT = 64'0001011101110111010111111111111100111111111111111111111111111111
Found cached RTLIL representation for module `$paramod$59d1e71730573726016523635ae12d9a36d2e6b7\GTP_LUT6'.
Parameter \INIT = 64'0001011101110111010111111111111100111111111111111111111111111111
Found cached RTLIL representation for module `$paramod$59d1e71730573726016523635ae12d9a36d2e6b7\GTP_LUT6'.
Parameter \INIT = 64'0001011101110111010111111111111100111111111111111111111111111111
Found cached RTLIL representation for module `$paramod$59d1e71730573726016523635ae12d9a36d2e6b7\GTP_LUT6'.
Parameter \INIT = 64'0001011101110111010111111111111100111111111111111111111111111111
Found cached RTLIL representation for module `$paramod$59d1e71730573726016523635ae12d9a36d2e6b7\GTP_LUT6'.
Parameter \INIT = 64'0001011101110111010111111111111100111111111111111111111111111111
Found cached RTLIL representation for module `$paramod$59d1e71730573726016523635ae12d9a36d2e6b7\GTP_LUT6'.
Parameter \INIT = 64'0001011101110111010111111111111100111111111111111111111111111111
Found cached RTLIL representation for module `$paramod$59d1e71730573726016523635ae12d9a36d2e6b7\GTP_LUT6'.
Parameter \INIT = 64'0001011101110111010111111111111100111111111111111111111111111111
Found cached RTLIL representation for module `$paramod$59d1e71730573726016523635ae12d9a36d2e6b7\GTP_LUT6'.
Parameter \INIT = 64'0001011101110111010111111111111100111111111111111111111111111111
Found cached RTLIL representation for module `$paramod$59d1e71730573726016523635ae12d9a36d2e6b7\GTP_LUT6'.
Parameter \INIT = 64'0001011101110111010111111111111100111111111111111111111111111111
Found cached RTLIL representation for module `$paramod$59d1e71730573726016523635ae12d9a36d2e6b7\GTP_LUT6'.
Parameter \INIT = 64'0001011101110111010111111111111100111111111111111111111111111111
Found cached RTLIL representation for module `$paramod$59d1e71730573726016523635ae12d9a36d2e6b7\GTP_LUT6'.
Parameter \INIT = 64'0001011101110111010111111111111100111111111111111111111111111111
Found cached RTLIL representation for module `$paramod$59d1e71730573726016523635ae12d9a36d2e6b7\GTP_LUT6'.
Parameter \INIT = 64'0001011101110111010111111111111100111111111111111111111111111111
Found cached RTLIL representation for module `$paramod$59d1e71730573726016523635ae12d9a36d2e6b7\GTP_LUT6'.
Parameter \INIT = 64'0110100110011001101001010101010111000011001100110000111111111111
Found cached RTLIL representation for module `$paramod$12ac32869a3b0344482a06de893b1c422a497c6b\GTP_LUT6'.
Parameter \INIT = 64'0001011101110111010111111111111100111111111111111111111111111111
Found cached RTLIL representation for module `$paramod$59d1e71730573726016523635ae12d9a36d2e6b7\GTP_LUT6'.
Parameter \INIT = 64'0110100110011001101001010101010111000011001100110000111111111111
Found cached RTLIL representation for module `$paramod$12ac32869a3b0344482a06de893b1c422a497c6b\GTP_LUT6'.
Parameter \INIT = 64'0110100110011001101001010101010111000011001100110000111111111111
Found cached RTLIL representation for module `$paramod$12ac32869a3b0344482a06de893b1c422a497c6b\GTP_LUT6'.
Parameter \INIT = 64'1001011001100110010110101010101000111100110011001111000000000000
Found cached RTLIL representation for module `$paramod$6467decad80f9f1fe527a343c1088f0670b6a372\GTP_LUT6'.
Parameter \INIT = 64'0001011101110111010111111111111100111111111111111111111111111111
Found cached RTLIL representation for module `$paramod$59d1e71730573726016523635ae12d9a36d2e6b7\GTP_LUT6'.
Parameter \INIT = 64'0001011101110111010111111111111100111111111111111111111111111111
Found cached RTLIL representation for module `$paramod$59d1e71730573726016523635ae12d9a36d2e6b7\GTP_LUT6'.
Parameter \INIT = 64'0001011101110111010111111111111100111111111111111111111111111111
Found cached RTLIL representation for module `$paramod$59d1e71730573726016523635ae12d9a36d2e6b7\GTP_LUT6'.
Parameter \INIT = 64'0001011101110111010111111111111100111111111111111111111111111111
Found cached RTLIL representation for module `$paramod$59d1e71730573726016523635ae12d9a36d2e6b7\GTP_LUT6'.
Parameter \INIT = 64'0001011101110111010111111111111100111111111111111111111111111111
Found cached RTLIL representation for module `$paramod$59d1e71730573726016523635ae12d9a36d2e6b7\GTP_LUT6'.
Parameter \INIT = 64'0001011101110111010111111111111100111111111111111111111111111111
Found cached RTLIL representation for module `$paramod$59d1e71730573726016523635ae12d9a36d2e6b7\GTP_LUT6'.
Parameter \INIT = 64'0001011101110111010111111111111100111111111111111111111111111111
Found cached RTLIL representation for module `$paramod$59d1e71730573726016523635ae12d9a36d2e6b7\GTP_LUT6'.
Parameter \INIT = 64'1001011001100110010110101010101000111100110011001111000000000000
Found cached RTLIL representation for module `$paramod$6467decad80f9f1fe527a343c1088f0670b6a372\GTP_LUT6'.
Parameter \INIT = 64'1001011001100110010110101010101000111100110011001111000000000000
Found cached RTLIL representation for module `$paramod$6467decad80f9f1fe527a343c1088f0670b6a372\GTP_LUT6'.
Parameter \INIT = 64'1001011001100110010110101010101000111100110011001111000000000000
Found cached RTLIL representation for module `$paramod$6467decad80f9f1fe527a343c1088f0670b6a372\GTP_LUT6'.
Parameter \INIT = 64'0001011101110111010111111111111100111111111111111111111111111111
Found cached RTLIL representation for module `$paramod$59d1e71730573726016523635ae12d9a36d2e6b7\GTP_LUT6'.
Parameter \INIT = 64'0001011101110111010111111111111100111111111111111111111111111111
Found cached RTLIL representation for module `$paramod$59d1e71730573726016523635ae12d9a36d2e6b7\GTP_LUT6'.
Parameter \INIT = 64'0001011101110111010111111111111100111111111111111111111111111111
Found cached RTLIL representation for module `$paramod$59d1e71730573726016523635ae12d9a36d2e6b7\GTP_LUT6'.
Parameter \INIT = 64'0001011101110111010111111111111100111111111111111111111111111111
Found cached RTLIL representation for module `$paramod$59d1e71730573726016523635ae12d9a36d2e6b7\GTP_LUT6'.
Parameter \INIT = 64'0001011101110111010111111111111100111111111111111111111111111111
Found cached RTLIL representation for module `$paramod$59d1e71730573726016523635ae12d9a36d2e6b7\GTP_LUT6'.
Parameter \INIT = 64'0001011101110111010111111111111100111111111111111111111111111111
Found cached RTLIL representation for module `$paramod$59d1e71730573726016523635ae12d9a36d2e6b7\GTP_LUT6'.
Parameter \INIT = 64'0001011101110111010111111111111100111111111111111111111111111111
Found cached RTLIL representation for module `$paramod$59d1e71730573726016523635ae12d9a36d2e6b7\GTP_LUT6'.
Parameter \INIT = 64'0110100110011001101001010101010111000011001100110000111111111111
Found cached RTLIL representation for module `$paramod$12ac32869a3b0344482a06de893b1c422a497c6b\GTP_LUT6'.
Parameter \INIT = 64'0110100110011001101001010101010111000011001100110000111111111111
Found cached RTLIL representation for module `$paramod$12ac32869a3b0344482a06de893b1c422a497c6b\GTP_LUT6'.
Parameter \INIT = 64'0001011101110111010111111111111100111111111111111111111111111111
Found cached RTLIL representation for module `$paramod$59d1e71730573726016523635ae12d9a36d2e6b7\GTP_LUT6'.
Parameter \INIT = 64'0001011101110111010111111111111100111111111111111111111111111111
Found cached RTLIL representation for module `$paramod$59d1e71730573726016523635ae12d9a36d2e6b7\GTP_LUT6'.
Parameter \INIT = 64'0001011101110111010111111111111100111111111111111111111111111111
Found cached RTLIL representation for module `$paramod$59d1e71730573726016523635ae12d9a36d2e6b7\GTP_LUT6'.
Parameter \INIT = 64'0110100110011001101001010101010111000011001100110000111111111111
Found cached RTLIL representation for module `$paramod$12ac32869a3b0344482a06de893b1c422a497c6b\GTP_LUT6'.
Parameter \INIT = 64'0110100110011001101001010101010111000011001100110000111111111111
Found cached RTLIL representation for module `$paramod$12ac32869a3b0344482a06de893b1c422a497c6b\GTP_LUT6'.
Parameter \INIT = 64'0001011101110111010111111111111100111111111111111111111111111111
Found cached RTLIL representation for module `$paramod$59d1e71730573726016523635ae12d9a36d2e6b7\GTP_LUT6'.
Parameter \INIT = 64'0001011101110111010111111111111100111111111111111111111111111111
Found cached RTLIL representation for module `$paramod$59d1e71730573726016523635ae12d9a36d2e6b7\GTP_LUT6'.
Parameter \INIT = 64'1001011001100110010110101010101000111100110011001111000000000000
Found cached RTLIL representation for module `$paramod$6467decad80f9f1fe527a343c1088f0670b6a372\GTP_LUT6'.
Parameter \INIT = 64'0001011101110111010111111111111100111111111111111111111111111111
Found cached RTLIL representation for module `$paramod$59d1e71730573726016523635ae12d9a36d2e6b7\GTP_LUT6'.
Parameter \INIT = 64'1001011001100110010110101010101000111100110011001111000000000000
Found cached RTLIL representation for module `$paramod$6467decad80f9f1fe527a343c1088f0670b6a372\GTP_LUT6'.
Parameter \INIT = 64'1001011001100110010110101010101000111100110011001111000000000000
Found cached RTLIL representation for module `$paramod$6467decad80f9f1fe527a343c1088f0670b6a372\GTP_LUT6'.
Parameter \INIT = 64'1001011001100110010110101010101000111100110011001111000000000000
Found cached RTLIL representation for module `$paramod$6467decad80f9f1fe527a343c1088f0670b6a372\GTP_LUT6'.
Parameter \INIT = 64'0001011101110111010111111111111100111111111111111111111111111111
Found cached RTLIL representation for module `$paramod$59d1e71730573726016523635ae12d9a36d2e6b7\GTP_LUT6'.
Parameter \INIT = 64'0001011101110111010111111111111100111111111111111111111111111111
Found cached RTLIL representation for module `$paramod$59d1e71730573726016523635ae12d9a36d2e6b7\GTP_LUT6'.
Parameter \INIT = 64'0110100110011001101001010101010111000011001100110000111111111111
Found cached RTLIL representation for module `$paramod$12ac32869a3b0344482a06de893b1c422a497c6b\GTP_LUT6'.
Parameter \INIT = 64'0110100110011001101001010101010111000011001100110000111111111111
Found cached RTLIL representation for module `$paramod$12ac32869a3b0344482a06de893b1c422a497c6b\GTP_LUT6'.
Parameter \INIT = 64'1001011001100110010110101010101000111100110011001111000000000000
Found cached RTLIL representation for module `$paramod$6467decad80f9f1fe527a343c1088f0670b6a372\GTP_LUT6'.
Parameter \INIT = 64'1001011001100110010110101010101000111100110011001111000000000000
Found cached RTLIL representation for module `$paramod$6467decad80f9f1fe527a343c1088f0670b6a372\GTP_LUT6'.
Parameter \INIT = 64'0001011101110111010111111111111100111111111111111111111111111111
Found cached RTLIL representation for module `$paramod$59d1e71730573726016523635ae12d9a36d2e6b7\GTP_LUT6'.
Parameter \INIT = 64'0001011101110111010111111111111100111111111111111111111111111111
Found cached RTLIL representation for module `$paramod$59d1e71730573726016523635ae12d9a36d2e6b7\GTP_LUT6'.
Parameter \INIT = 64'0001011101110111010111111111111100111111111111111111111111111111
Found cached RTLIL representation for module `$paramod$59d1e71730573726016523635ae12d9a36d2e6b7\GTP_LUT6'.
Parameter \INIT = 64'0001011101110111010111111111111100111111111111111111111111111111
Found cached RTLIL representation for module `$paramod$59d1e71730573726016523635ae12d9a36d2e6b7\GTP_LUT6'.
Parameter \INIT = 64'1001011001100110010110101010101000111100110011001111000000000000
Found cached RTLIL representation for module `$paramod$6467decad80f9f1fe527a343c1088f0670b6a372\GTP_LUT6'.
Parameter \INIT = 64'0110100110011001101001010101010111000011001100110000111111111111
Found cached RTLIL representation for module `$paramod$12ac32869a3b0344482a06de893b1c422a497c6b\GTP_LUT6'.
Parameter \INIT = 64'0001011101110111010111111111111100111111111111111111111111111111
Found cached RTLIL representation for module `$paramod$59d1e71730573726016523635ae12d9a36d2e6b7\GTP_LUT6'.
Parameter \INIT = 64'0001011101110111010111111111111100111111111111111111111111111111
Found cached RTLIL representation for module `$paramod$59d1e71730573726016523635ae12d9a36d2e6b7\GTP_LUT6'.
Parameter \INIT = 64'0001011101110111010111111111111100111111111111111111111111111111
Found cached RTLIL representation for module `$paramod$59d1e71730573726016523635ae12d9a36d2e6b7\GTP_LUT6'.
Parameter \INIT = 64'0001011101110111010111111111111100111111111111111111111111111111
Found cached RTLIL representation for module `$paramod$59d1e71730573726016523635ae12d9a36d2e6b7\GTP_LUT6'.
Parameter \INIT = 64'0001011101110111010111111111111100111111111111111111111111111111
Found cached RTLIL representation for module `$paramod$59d1e71730573726016523635ae12d9a36d2e6b7\GTP_LUT6'.
Parameter \INIT = 64'1110100010001000101000000000000011000000000000000000000000000000
Found cached RTLIL representation for module `$paramod$6bfd9d45ef108fbad97b24bc286ca5f3d8b7f79e\GTP_LUT6'.
Parameter \INIT = 64'0001011101110111010111111111111100111111111111111111111111111111
Found cached RTLIL representation for module `$paramod$59d1e71730573726016523635ae12d9a36d2e6b7\GTP_LUT6'.
Parameter \INIT = 64'0110100110011001101001010101010111000011001100110000111111111111
Found cached RTLIL representation for module `$paramod$12ac32869a3b0344482a06de893b1c422a497c6b\GTP_LUT6'.
Parameter \INIT = 64'1001011001100110010110101010101000111100110011001111000000000000
Found cached RTLIL representation for module `$paramod$6467decad80f9f1fe527a343c1088f0670b6a372\GTP_LUT6'.
Parameter \INIT = 64'0110100110011001101001010101010111000011001100110000111111111111
Found cached RTLIL representation for module `$paramod$12ac32869a3b0344482a06de893b1c422a497c6b\GTP_LUT6'.
Parameter \INIT = 64'0110100110011001101001010101010111000011001100110000111111111111
Found cached RTLIL representation for module `$paramod$12ac32869a3b0344482a06de893b1c422a497c6b\GTP_LUT6'.
Parameter \INIT = 64'0110100110011001101001010101010111000011001100110000111111111111
Found cached RTLIL representation for module `$paramod$12ac32869a3b0344482a06de893b1c422a497c6b\GTP_LUT6'.
Parameter \INIT = 64'1001011001100110010110101010101000111100110011001111000000000000
Found cached RTLIL representation for module `$paramod$6467decad80f9f1fe527a343c1088f0670b6a372\GTP_LUT6'.
Parameter \INIT = 64'0110100110011001101001010101010111000011001100110000111111111111
Found cached RTLIL representation for module `$paramod$12ac32869a3b0344482a06de893b1c422a497c6b\GTP_LUT6'.
Parameter \INIT = 64'1001011001100110010110101010101000111100110011001111000000000000
Found cached RTLIL representation for module `$paramod$6467decad80f9f1fe527a343c1088f0670b6a372\GTP_LUT6'.
Parameter \INIT = 64'0001011101110111010111111111111100111111111111111111111111111111
Found cached RTLIL representation for module `$paramod$59d1e71730573726016523635ae12d9a36d2e6b7\GTP_LUT6'.
Parameter \INIT = 64'0001011101110111010111111111111100111111111111111111111111111111
Found cached RTLIL representation for module `$paramod$59d1e71730573726016523635ae12d9a36d2e6b7\GTP_LUT6'.
Parameter \INIT = 64'0001011101110111010111111111111100111111111111111111111111111111
Found cached RTLIL representation for module `$paramod$59d1e71730573726016523635ae12d9a36d2e6b7\GTP_LUT6'.
Parameter \INIT = 64'0001011101110111010111111111111100111111111111111111111111111111
Found cached RTLIL representation for module `$paramod$59d1e71730573726016523635ae12d9a36d2e6b7\GTP_LUT6'.
Parameter \INIT = 64'0001011101110111010111111111111100111111111111111111111111111111
Found cached RTLIL representation for module `$paramod$59d1e71730573726016523635ae12d9a36d2e6b7\GTP_LUT6'.
Parameter \INIT = 64'0001011101110111010111111111111100111111111111111111111111111111
Found cached RTLIL representation for module `$paramod$59d1e71730573726016523635ae12d9a36d2e6b7\GTP_LUT6'.
Parameter \INIT = 64'0110100110011001101001010101010111000011001100110000111111111111
Found cached RTLIL representation for module `$paramod$12ac32869a3b0344482a06de893b1c422a497c6b\GTP_LUT6'.
Parameter \INIT = 64'0110100110011001101001010101010111000011001100110000111111111111
Found cached RTLIL representation for module `$paramod$12ac32869a3b0344482a06de893b1c422a497c6b\GTP_LUT6'.
Parameter \INIT = 64'0001011101110111010111111111111100111111111111111111111111111111
Found cached RTLIL representation for module `$paramod$59d1e71730573726016523635ae12d9a36d2e6b7\GTP_LUT6'.
Parameter \INIT = 64'0001011101110111010111111111111100111111111111111111111111111111
Found cached RTLIL representation for module `$paramod$59d1e71730573726016523635ae12d9a36d2e6b7\GTP_LUT6'.
Parameter \INIT = 64'0001011101110111010111111111111100111111111111111111111111111111
Found cached RTLIL representation for module `$paramod$59d1e71730573726016523635ae12d9a36d2e6b7\GTP_LUT6'.
Parameter \INIT = 64'0001011101110111010111111111111100111111111111111111111111111111
Found cached RTLIL representation for module `$paramod$59d1e71730573726016523635ae12d9a36d2e6b7\GTP_LUT6'.
Parameter \INIT = 64'0001011101110111010111111111111100111111111111111111111111111111
Found cached RTLIL representation for module `$paramod$59d1e71730573726016523635ae12d9a36d2e6b7\GTP_LUT6'.
Parameter \INIT = 64'0001011101110111010111111111111100111111111111111111111111111111
Found cached RTLIL representation for module `$paramod$59d1e71730573726016523635ae12d9a36d2e6b7\GTP_LUT6'.
Parameter \INIT = 64'0001011101110111010111111111111100111111111111111111111111111111
Found cached RTLIL representation for module `$paramod$59d1e71730573726016523635ae12d9a36d2e6b7\GTP_LUT6'.
Parameter \INIT = 64'0110100110011001101001010101010111000011001100110000111111111111
Found cached RTLIL representation for module `$paramod$12ac32869a3b0344482a06de893b1c422a497c6b\GTP_LUT6'.
Parameter \INIT = 64'0001011101110111010111111111111100111111111111111111111111111111
Found cached RTLIL representation for module `$paramod$59d1e71730573726016523635ae12d9a36d2e6b7\GTP_LUT6'.
Parameter \INIT = 64'0001011101110111010111111111111100111111111111111111111111111111
Found cached RTLIL representation for module `$paramod$59d1e71730573726016523635ae12d9a36d2e6b7\GTP_LUT6'.
Parameter \INIT = 64'0110100110011001101001010101010111000011001100110000111111111111
Found cached RTLIL representation for module `$paramod$12ac32869a3b0344482a06de893b1c422a497c6b\GTP_LUT6'.
Parameter \INIT = 64'0001011101110111010111111111111100111111111111111111111111111111
Found cached RTLIL representation for module `$paramod$59d1e71730573726016523635ae12d9a36d2e6b7\GTP_LUT6'.
Parameter \INIT = 64'0001011101110111010111111111111100111111111111111111111111111111
Found cached RTLIL representation for module `$paramod$59d1e71730573726016523635ae12d9a36d2e6b7\GTP_LUT6'.
Parameter \INIT = 64'0001011101110111010111111111111100111111111111111111111111111111
Found cached RTLIL representation for module `$paramod$59d1e71730573726016523635ae12d9a36d2e6b7\GTP_LUT6'.
Parameter \INIT = 64'0001011101110111010111111111111100111111111111111111111111111111
Found cached RTLIL representation for module `$paramod$59d1e71730573726016523635ae12d9a36d2e6b7\GTP_LUT6'.
Parameter \INIT = 64'0001011101110111010111111111111100111111111111111111111111111111
Found cached RTLIL representation for module `$paramod$59d1e71730573726016523635ae12d9a36d2e6b7\GTP_LUT6'.
Parameter \INIT = 64'0001011101110111010111111111111100111111111111111111111111111111
Found cached RTLIL representation for module `$paramod$59d1e71730573726016523635ae12d9a36d2e6b7\GTP_LUT6'.
Parameter \INIT = 64'0001011101110111010111111111111100111111111111111111111111111111
Found cached RTLIL representation for module `$paramod$59d1e71730573726016523635ae12d9a36d2e6b7\GTP_LUT6'.
Parameter \INIT = 64'0001011101110111010111111111111100111111111111111111111111111111
Found cached RTLIL representation for module `$paramod$59d1e71730573726016523635ae12d9a36d2e6b7\GTP_LUT6'.
Parameter \INIT = 64'0001011101110111010111111111111100111111111111111111111111111111
Found cached RTLIL representation for module `$paramod$59d1e71730573726016523635ae12d9a36d2e6b7\GTP_LUT6'.
Parameter \INIT = 64'0001011101110111010111111111111100111111111111111111111111111111
Found cached RTLIL representation for module `$paramod$59d1e71730573726016523635ae12d9a36d2e6b7\GTP_LUT6'.
Parameter \INIT = 64'0001011101110111010111111111111100111111111111111111111111111111
Found cached RTLIL representation for module `$paramod$59d1e71730573726016523635ae12d9a36d2e6b7\GTP_LUT6'.
Parameter \INIT = 2147423551

3.48. Executing AST frontend in derive mode using pre-parsed AST for module `\GTP_LUT5'.
Parameter \INIT = 2147423551
Generating RTLIL representation for module `$paramod\GTP_LUT5\INIT=32'01111111111111110001010100111111'.
Parameter \INIT = 16'0110101011000000
Found cached RTLIL representation for module `$paramod\GTP_LUT4\INIT=16'0110101011000000'.
Parameter \INIT = 8'10010110

3.49. Executing AST frontend in derive mode using pre-parsed AST for module `\GTP_LUT3'.
Parameter \INIT = 8'10010110
Generating RTLIL representation for module `$paramod\GTP_LUT3\INIT=8'10010110'.
Parameter \INIT = 8'01101001

3.50. Executing AST frontend in derive mode using pre-parsed AST for module `\GTP_LUT3'.
Parameter \INIT = 8'01101001
Generating RTLIL representation for module `$paramod\GTP_LUT3\INIT=8'01101001'.
Parameter \INIT = 8'01101001
Found cached RTLIL representation for module `$paramod\GTP_LUT3\INIT=8'01101001'.
Parameter \INIT = 8'01101001
Found cached RTLIL representation for module `$paramod\GTP_LUT3\INIT=8'01101001'.
Parameter \INIT = 8'01101001
Found cached RTLIL representation for module `$paramod\GTP_LUT3\INIT=8'01101001'.
Parameter \INIT = 8'01101001
Found cached RTLIL representation for module `$paramod\GTP_LUT3\INIT=8'01101001'.
Parameter \INIT = 8'01111000

3.51. Executing AST frontend in derive mode using pre-parsed AST for module `\GTP_LUT3'.
Parameter \INIT = 8'01111000
Generating RTLIL representation for module `$paramod\GTP_LUT3\INIT=8'01111000'.
Parameter \INIT = 64'0111100010000111000000000000000011111111111111110111100010000111

3.52. Executing AST frontend in derive mode using pre-parsed AST for module `\GTP_LUT6'.
Parameter \INIT = 64'0111100010000111000000000000000011111111111111110111100010000111
Generating RTLIL representation for module `$paramod$7e8ecca2bd2c9fda89b7ba83f498fbd173b64e0b\GTP_LUT6'.
Parameter \INIT = 64'1111111101101100011011000000000011111111100100111001001100000000

3.53. Executing AST frontend in derive mode using pre-parsed AST for module `\GTP_LUT6'.
Parameter \INIT = 64'1111111101101100011011000000000011111111100100111001001100000000
Generating RTLIL representation for module `$paramod$cba11352ba53629a69e702b21269efbb2cb8e9ad\GTP_LUT6'.
Parameter \INIT = 64'0111100010000111111111111111111100000000000000000111100010000111

3.54. Executing AST frontend in derive mode using pre-parsed AST for module `\GTP_LUT6'.
Parameter \INIT = 64'0111100010000111111111111111111100000000000000000111100010000111
Generating RTLIL representation for module `$paramod$2beb185c22887f268a50528d32c1cb92ccd76cd9\GTP_LUT6'.
Parameter \INIT = 64'1111111101101100011011000000000011111111100100111001001100000000
Found cached RTLIL representation for module `$paramod$cba11352ba53629a69e702b21269efbb2cb8e9ad\GTP_LUT6'.
Parameter \INIT = 64'0000111111110000100001110111100010000111011110001111000000001111

3.55. Executing AST frontend in derive mode using pre-parsed AST for module `\GTP_LUT6'.
Parameter \INIT = 64'0000111111110000100001110111100010000111011110001111000000001111
Generating RTLIL representation for module `$paramod$3d12581d3b6769b173f1a7cfc3f1a3c7da76fefa\GTP_LUT6'.
Parameter \INIT = 64'1111111111110000111101110111000011110111011100001111000000000000

3.56. Executing AST frontend in derive mode using pre-parsed AST for module `\GTP_LUT6'.
Parameter \INIT = 64'1111111111110000111101110111000011110111011100001111000000000000
Generating RTLIL representation for module `$paramod$766b74ed0a23643dd9f0a6fedba5c1ced1709ce1\GTP_LUT6'.
Parameter \INIT = 64'0110110010010011100100110110110010010011011011000110110010010011
Found cached RTLIL representation for module `$paramod$8440634061c2441cf479cde1e76adfe36d754c4a\GTP_LUT6'.
Parameter \INIT = 64'0110110011111111000000000110110010010011111111110000000010010011
Found cached RTLIL representation for module `$paramod$1aed1bd51084353e2ff3ae0ccd5cf26011f5be2f\GTP_LUT6'.
Parameter \INIT = 64'1111011111111000011100001000000011111000111101111000000001110000

3.57. Executing AST frontend in derive mode using pre-parsed AST for module `\GTP_LUT6'.
Parameter \INIT = 64'1111011111111000011100001000000011111000111101111000000001110000
Generating RTLIL representation for module `$paramod$a8b1afe13ee8622579e13242c41d8e298d56d78b\GTP_LUT6'.
Parameter \INIT = 64'1111000000001111011110001000011101111000100001110000111111110000

3.58. Executing AST frontend in derive mode using pre-parsed AST for module `\GTP_LUT6'.
Parameter \INIT = 64'1111000000001111011110001000011101111000100001110000111111110000
Generating RTLIL representation for module `$paramod$a337bf0720f062fe2d1eaaefb7cd288c26633345\GTP_LUT6'.
Parameter \INIT = 64'1111111100001111011111110000011101111111000001110000111100000000

3.59. Executing AST frontend in derive mode using pre-parsed AST for module `\GTP_LUT6'.
Parameter \INIT = 64'1111111100001111011111110000011101111111000001110000111100000000
Generating RTLIL representation for module `$paramod$78eccde7a79bd52d879f036e873d4c48515a8778\GTP_LUT6'.
Parameter \INIT = 64'0111100010000111100001110111100010000111011110000111100010000111
Found cached RTLIL representation for module `$paramod$88ecfd519a593b02863949e357d92dadc8620ded\GTP_LUT6'.
Parameter \INIT = 64'0111111110001111100011110111111100000111000010000000100000000111

3.60. Executing AST frontend in derive mode using pre-parsed AST for module `\GTP_LUT6'.
Parameter \INIT = 64'0111111110001111100011110111111100000111000010000000100000000111
Generating RTLIL representation for module `$paramod$482dc977fd7e8b4ab09a1188870acf311062c5ed\GTP_LUT6'.
Parameter \INIT = 64'0110110010010011100100110110110010010011011011000110110010010011
Found cached RTLIL representation for module `$paramod$8440634061c2441cf479cde1e76adfe36d754c4a\GTP_LUT6'.
Parameter \INIT = 64'0110110011111111000000000110110010010011111111110000000010010011
Found cached RTLIL representation for module `$paramod$1aed1bd51084353e2ff3ae0ccd5cf26011f5be2f\GTP_LUT6'.
Parameter \INIT = 64'0111000010000000100000000111000011110111111110001111100011110111

3.61. Executing AST frontend in derive mode using pre-parsed AST for module `\GTP_LUT6'.
Parameter \INIT = 64'0111000010000000100000000111000011110111111110001111100011110111
Generating RTLIL representation for module `$paramod$5ea42884caf04ae3b01befd0cb51bbb80b32d0a8\GTP_LUT6'.
Parameter \INIT = 64'1000011101111000011110001000011101111000100001111000011101111000
Found cached RTLIL representation for module `$paramod$64b8335b011477a280d097ee50de23d0145fcc23\GTP_LUT6'.
Parameter \INIT = 64'1000000001110000000010000000011111111000111101111000111101111111

3.62. Executing AST frontend in derive mode using pre-parsed AST for module `\GTP_LUT6'.
Parameter \INIT = 64'1000000001110000000010000000011111111000111101111000111101111111
Generating RTLIL representation for module `$paramod$b917d2b761d381d92b9eb18a23412ef1f861ec4d\GTP_LUT6'.
Parameter \INIT = 64'0000111100000000011111110000011101111111000001111111111100001111
Found cached RTLIL representation for module `$paramod$1bf5f01e89e88db1b71cf1bf591a780e8e647546\GTP_LUT6'.
Parameter \INIT = 64'0000111111110000011110001000011101111000100001111111000000001111

3.63. Executing AST frontend in derive mode using pre-parsed AST for module `\GTP_LUT6'.
Parameter \INIT = 64'0000111111110000011110001000011101111000100001111111000000001111
Generating RTLIL representation for module `$paramod$19f927d2f6a920ba04d2bfc4c6cb54ef65ddfede\GTP_LUT6'.
Parameter \INIT = 64'0000111100000000011111110000011101111111000001111111111100001111
Found cached RTLIL representation for module `$paramod$1bf5f01e89e88db1b71cf1bf591a780e8e647546\GTP_LUT6'.
Parameter \INIT = 64'1000011101111000011110001000011101111000100001111000011101111000
Found cached RTLIL representation for module `$paramod$64b8335b011477a280d097ee50de23d0145fcc23\GTP_LUT6'.
Parameter \INIT = 64'1000011101111000011110001000011101111000100001111000011101111000
Found cached RTLIL representation for module `$paramod$64b8335b011477a280d097ee50de23d0145fcc23\GTP_LUT6'.
Parameter \INIT = 64'1000111101111111000010000000011100001000000001111000111101111111

3.64. Executing AST frontend in derive mode using pre-parsed AST for module `\GTP_LUT6'.
Parameter \INIT = 64'1000111101111111000010000000011100001000000001111000111101111111
Generating RTLIL representation for module `$paramod$d7d407888f59647f64fa496cea469ac2e17f8f9a\GTP_LUT6'.
Parameter \INIT = 64'1111000000001111100001110111100010000111011110000000111111110000
Found cached RTLIL representation for module `$paramod$5a413251865d8e1bc32ebedd8698d5af28e12c77\GTP_LUT6'.
Parameter \INIT = 64'1000011101111000011110001000011101111000100001111000011101111000
Found cached RTLIL representation for module `$paramod$64b8335b011477a280d097ee50de23d0145fcc23\GTP_LUT6'.
Parameter \INIT = 64'1000111101111111000010000000011100001000000001111000111101111111
Found cached RTLIL representation for module `$paramod$d7d407888f59647f64fa496cea469ac2e17f8f9a\GTP_LUT6'.
Parameter \INIT = 64'0110010111001111111111111111111100000000000000000110010111001111

3.65. Executing AST frontend in derive mode using pre-parsed AST for module `\GTP_LUT6'.
Parameter \INIT = 64'0110010111001111111111111111111100000000000000000110010111001111
Generating RTLIL representation for module `$paramod$e5afda3d2dd044cda91dbb2e31584a70e4804492\GTP_LUT6'.
Parameter \INIT = 64'1111000000000000111101110111000011110111011100001111111111110000
Found cached RTLIL representation for module `$paramod$a1511ba38539040212dedd60949334e4bf9b6581\GTP_LUT6'.
Parameter \INIT = 64'0111111110001111100011110111111100000111000010000000100000000111
Found cached RTLIL representation for module `$paramod$482dc977fd7e8b4ab09a1188870acf311062c5ed\GTP_LUT6'.
Parameter \INIT = 64'1111000000001111100001110111100010000111011110000000111111110000
Found cached RTLIL representation for module `$paramod$5a413251865d8e1bc32ebedd8698d5af28e12c77\GTP_LUT6'.
Parameter \INIT = 64'1111000000000000111101110111000011110111011100001111111111110000
Found cached RTLIL representation for module `$paramod$a1511ba38539040212dedd60949334e4bf9b6581\GTP_LUT6'.
Parameter \INIT = 64'1000011101111000011110001000011101111000100001111000011101111000
Found cached RTLIL representation for module `$paramod$64b8335b011477a280d097ee50de23d0145fcc23\GTP_LUT6'.
Parameter \INIT = 64'0000011100001000000010000000011101111111100011111000111101111111

3.66. Executing AST frontend in derive mode using pre-parsed AST for module `\GTP_LUT6'.
Parameter \INIT = 64'0000011100001000000010000000011101111111100011111000111101111111
Generating RTLIL representation for module `$paramod$d0cf47df126b9a12683e41fad27274f46975429e\GTP_LUT6'.
Parameter \INIT = 64'1111000000001111100001110111100010000111011110000000111111110000
Found cached RTLIL representation for module `$paramod$5a413251865d8e1bc32ebedd8698d5af28e12c77\GTP_LUT6'.
Parameter \INIT = 64'1111000000000000111101110111000011110111011100001111111111110000
Found cached RTLIL representation for module `$paramod$a1511ba38539040212dedd60949334e4bf9b6581\GTP_LUT6'.
Parameter \INIT = 64'1111000000001111100001110111100010000111011110000000111111110000
Found cached RTLIL representation for module `$paramod$5a413251865d8e1bc32ebedd8698d5af28e12c77\GTP_LUT6'.
Parameter \INIT = 64'1111000000000000111101110111000011110111011100001111111111110000
Found cached RTLIL representation for module `$paramod$a1511ba38539040212dedd60949334e4bf9b6581\GTP_LUT6'.
Parameter \INIT = 64'1111000000001111100001110111100010000111011110000000111111110000
Found cached RTLIL representation for module `$paramod$5a413251865d8e1bc32ebedd8698d5af28e12c77\GTP_LUT6'.
Parameter \INIT = 64'1110110000010011000100111110110010000000011111110111111110000000

3.67. Executing AST frontend in derive mode using pre-parsed AST for module `\GTP_LUT6'.
Parameter \INIT = 64'1110110000010011000100111110110010000000011111110111111110000000
Generating RTLIL representation for module `$paramod$b184ec6658a6b2c5d1a59071c7bfeecaa360583b\GTP_LUT6'.
Parameter \INIT = 64'1000011101111000011110001000011101111000100001111000011101111000
Found cached RTLIL representation for module `$paramod$64b8335b011477a280d097ee50de23d0145fcc23\GTP_LUT6'.
Parameter \INIT = 64'0000011100001000000010000000011101111111100011111000111101111111
Found cached RTLIL representation for module `$paramod$d0cf47df126b9a12683e41fad27274f46975429e\GTP_LUT6'.
Parameter \INIT = 64'1111000000001111100001110111100010000111011110000000111111110000
Found cached RTLIL representation for module `$paramod$5a413251865d8e1bc32ebedd8698d5af28e12c77\GTP_LUT6'.
Parameter \INIT = 64'1111000000000000111101110111000011110111011100001111111111110000
Found cached RTLIL representation for module `$paramod$a1511ba38539040212dedd60949334e4bf9b6581\GTP_LUT6'.
Parameter \INIT = 64'0000011100001000000010000000011101111111100011111000111101111111
Found cached RTLIL representation for module `$paramod$d0cf47df126b9a12683e41fad27274f46975429e\GTP_LUT6'.
Parameter \INIT = 64'0111100010000111000011111111000011110000000011110111100010000111

3.68. Executing AST frontend in derive mode using pre-parsed AST for module `\GTP_LUT6'.
Parameter \INIT = 64'0111100010000111000011111111000011110000000011110111100010000111
Generating RTLIL representation for module `$paramod$4077707f010ef703530072299fda9f3e8d6ffc71\GTP_LUT6'.
Parameter \INIT = 64'0111111100000111000011110000000011111111000011110111111100000111

3.69. Executing AST frontend in derive mode using pre-parsed AST for module `\GTP_LUT6'.
Parameter \INIT = 64'0111111100000111000011110000000011111111000011110111111100000111
Generating RTLIL representation for module `$paramod$5fda04d5d57b9ccbb0ac45f827652a74642e681f\GTP_LUT6'.
Parameter \INIT = 64'1000011101111000011110001000011101111000100001111000011101111000
Found cached RTLIL representation for module `$paramod$64b8335b011477a280d097ee50de23d0145fcc23\GTP_LUT6'.
Parameter \INIT = 64'0000011101111111000010001000111100001000100011110000011101111111
Found cached RTLIL representation for module `$paramod$dae4bafca685724005edcc627102ec72e7ebc31d\GTP_LUT6'.
Parameter \INIT = 64'0111100010000111100001110111100010000111011110000111100010000111
Found cached RTLIL representation for module `$paramod$88ecfd519a593b02863949e357d92dadc8620ded\GTP_LUT6'.
Parameter \INIT = 64'0111111100000111100011110000100010001111000010000111111100000111
Found cached RTLIL representation for module `$paramod$e5e6f7e2ab96be144dbe833de97381db82a1fa1d\GTP_LUT6'.
Parameter \INIT = 64'1111000000001111100001110111100010000111011110000000111111110000
Found cached RTLIL representation for module `$paramod$5a413251865d8e1bc32ebedd8698d5af28e12c77\GTP_LUT6'.
Parameter \INIT = 64'1111000000000000111101110111000011110111011100001111111111110000
Found cached RTLIL representation for module `$paramod$a1511ba38539040212dedd60949334e4bf9b6581\GTP_LUT6'.
Parameter \INIT = 64'1111000000001111100001110111100010000111011110000000111111110000
Found cached RTLIL representation for module `$paramod$5a413251865d8e1bc32ebedd8698d5af28e12c77\GTP_LUT6'.
Parameter \INIT = 64'1111000000000000111101110111000011110111011100001111111111110000
Found cached RTLIL representation for module `$paramod$a1511ba38539040212dedd60949334e4bf9b6581\GTP_LUT6'.
Parameter \INIT = 64'1111000000001111100001110111100010000111011110000000111111110000
Found cached RTLIL representation for module `$paramod$5a413251865d8e1bc32ebedd8698d5af28e12c77\GTP_LUT6'.
Parameter \INIT = 64'1111000000000000111101110111000011110111011100001111111111110000
Found cached RTLIL representation for module `$paramod$a1511ba38539040212dedd60949334e4bf9b6581\GTP_LUT6'.
Parameter \INIT = 64'1111000000001111100001110111100010000111011110000000111111110000
Found cached RTLIL representation for module `$paramod$5a413251865d8e1bc32ebedd8698d5af28e12c77\GTP_LUT6'.
Parameter \INIT = 64'1000011101111000011110001000011101111000100001111000011101111000
Found cached RTLIL representation for module `$paramod$64b8335b011477a280d097ee50de23d0145fcc23\GTP_LUT6'.
Parameter \INIT = 64'1111111101111000011110000000000011111111100001111000011100000000

3.70. Executing AST frontend in derive mode using pre-parsed AST for module `\GTP_LUT6'.
Parameter \INIT = 64'1111111101111000011110000000000011111111100001111000011100000000
Generating RTLIL representation for module `$paramod$e0fd915e88d0b7058285d06b71e3afeb12d6298a\GTP_LUT6'.
Parameter \INIT = 64'1000011101111000011110001000011101111000100001111000011101111000
Found cached RTLIL representation for module `$paramod$64b8335b011477a280d097ee50de23d0145fcc23\GTP_LUT6'.
Parameter \INIT = 64'1111011101110000111110001000000011111000100000001111011101110000

3.71. Executing AST frontend in derive mode using pre-parsed AST for module `\GTP_LUT6'.
Parameter \INIT = 64'1111011101110000111110001000000011111000100000001111011101110000
Generating RTLIL representation for module `$paramod$74f4573eca16316e285c79669f651197afc10679\GTP_LUT6'.
Parameter \INIT = 64'1111000000001111100001110111100010000111011110000000111111110000
Found cached RTLIL representation for module `$paramod$5a413251865d8e1bc32ebedd8698d5af28e12c77\GTP_LUT6'.
Parameter \INIT = 64'1111000000000000111101110111000011110111011100001111111111110000
Found cached RTLIL representation for module `$paramod$a1511ba38539040212dedd60949334e4bf9b6581\GTP_LUT6'.
Parameter \INIT = 64'0000000000001111000001110111111100000111011111110000111111111111

3.72. Executing AST frontend in derive mode using pre-parsed AST for module `\GTP_LUT6'.
Parameter \INIT = 64'0000000000001111000001110111111100000111011111110000111111111111
Generating RTLIL representation for module `$paramod$4c4744fc4302f0212b5667a415623e634b8ed269\GTP_LUT6'.
Parameter \INIT = 64'1111000000000000111101110111000011110111011100001111111111110000
Found cached RTLIL representation for module `$paramod$a1511ba38539040212dedd60949334e4bf9b6581\GTP_LUT6'.
Parameter \INIT = 64'0000111111110000011110001000011101111000100001111111000000001111
Found cached RTLIL representation for module `$paramod$19f927d2f6a920ba04d2bfc4c6cb54ef65ddfede\GTP_LUT6'.
Parameter \INIT = 64'0000111100000000011111110000011101111111000001111111111100001111
Found cached RTLIL representation for module `$paramod$1bf5f01e89e88db1b71cf1bf591a780e8e647546\GTP_LUT6'.
Parameter \INIT = 64'1111000000001111100001110111100010000111011110000000111111110000
Found cached RTLIL representation for module `$paramod$5a413251865d8e1bc32ebedd8698d5af28e12c77\GTP_LUT6'.
Parameter \INIT = 64'1111000000001111100001110111100010000111011110000000111111110000
Found cached RTLIL representation for module `$paramod$5a413251865d8e1bc32ebedd8698d5af28e12c77\GTP_LUT6'.
Parameter \INIT = 64'1111000000000000111101110111000011110111011100001111111111110000
Found cached RTLIL representation for module `$paramod$a1511ba38539040212dedd60949334e4bf9b6581\GTP_LUT6'.
Parameter \INIT = 64'1111000000001111100001110111100010000111011110000000111111110000
Found cached RTLIL representation for module `$paramod$5a413251865d8e1bc32ebedd8698d5af28e12c77\GTP_LUT6'.
Parameter \INIT = 64'1111000000000000111101110111000011110111011100001111111111110000
Found cached RTLIL representation for module `$paramod$a1511ba38539040212dedd60949334e4bf9b6581\GTP_LUT6'.
Parameter \INIT = 64'1111000000001111100001110111100010000111011110000000111111110000
Found cached RTLIL representation for module `$paramod$5a413251865d8e1bc32ebedd8698d5af28e12c77\GTP_LUT6'.
Parameter \INIT = 64'1111000000001111100001110111100010000111011110000000111111110000
Found cached RTLIL representation for module `$paramod$5a413251865d8e1bc32ebedd8698d5af28e12c77\GTP_LUT6'.
Parameter \INIT = 64'1111000000001111100001110111100010000111011110000000111111110000
Found cached RTLIL representation for module `$paramod$5a413251865d8e1bc32ebedd8698d5af28e12c77\GTP_LUT6'.
Parameter \INIT = 64'1111000000001111100001110111100010000111011110000000111111110000
Found cached RTLIL representation for module `$paramod$5a413251865d8e1bc32ebedd8698d5af28e12c77\GTP_LUT6'.
Parameter \INIT = 64'1111000000000000111101110111000011110111011100001111111111110000
Found cached RTLIL representation for module `$paramod$a1511ba38539040212dedd60949334e4bf9b6581\GTP_LUT6'.
Parameter \INIT = 64'1111000000001111100001110111100010000111011110000000111111110000
Found cached RTLIL representation for module `$paramod$5a413251865d8e1bc32ebedd8698d5af28e12c77\GTP_LUT6'.
Parameter \INIT = 64'1111000000000000111101110111000011110111011100001111111111110000
Found cached RTLIL representation for module `$paramod$a1511ba38539040212dedd60949334e4bf9b6581\GTP_LUT6'.
Parameter \INIT = 64'1111000000001111100001110111100010000111011110000000111111110000
Found cached RTLIL representation for module `$paramod$5a413251865d8e1bc32ebedd8698d5af28e12c77\GTP_LUT6'.
Parameter \INIT = 64'1111000000000000111101110111000011110111011100001111111111110000
Found cached RTLIL representation for module `$paramod$a1511ba38539040212dedd60949334e4bf9b6581\GTP_LUT6'.
Parameter \INIT = 64'0000000000000000011001011100111101100101110011111111111111111111

3.73. Executing AST frontend in derive mode using pre-parsed AST for module `\GTP_LUT6'.
Parameter \INIT = 64'0000000000000000011001011100111101100101110011111111111111111111
Generating RTLIL representation for module `$paramod$b4d4f8fdface0caed4044d8d8861d9edace8c0da\GTP_LUT6'.
Parameter \INIT = 64'1111000000001111100001110111100010000111011110000000111111110000
Found cached RTLIL representation for module `$paramod$5a413251865d8e1bc32ebedd8698d5af28e12c77\GTP_LUT6'.
Parameter \INIT = 64'1111000000000000111101110111000011110111011100001111111111110000
Found cached RTLIL representation for module `$paramod$a1511ba38539040212dedd60949334e4bf9b6581\GTP_LUT6'.
Parameter \INIT = 64'0000111111110000011110001000011101111000100001111111000000001111
Found cached RTLIL representation for module `$paramod$19f927d2f6a920ba04d2bfc4c6cb54ef65ddfede\GTP_LUT6'.
Parameter \INIT = 64'0000111100000000011111110000011101111111000001111111111100001111
Found cached RTLIL representation for module `$paramod$1bf5f01e89e88db1b71cf1bf591a780e8e647546\GTP_LUT6'.
Parameter \INIT = 64'0000111111110000011110001000011101111000100001111111000000001111
Found cached RTLIL representation for module `$paramod$19f927d2f6a920ba04d2bfc4c6cb54ef65ddfede\GTP_LUT6'.
Parameter \INIT = 64'0000111100000000011111110000011101111111000001111111111100001111
Found cached RTLIL representation for module `$paramod$1bf5f01e89e88db1b71cf1bf591a780e8e647546\GTP_LUT6'.
Parameter \INIT = 64'1111000000001111100001110111100010000111011110000000111111110000
Found cached RTLIL representation for module `$paramod$5a413251865d8e1bc32ebedd8698d5af28e12c77\GTP_LUT6'.
Parameter \INIT = 64'1111000000000000111101110111000011110111011100001111111111110000
Found cached RTLIL representation for module `$paramod$a1511ba38539040212dedd60949334e4bf9b6581\GTP_LUT6'.
Parameter \INIT = 64'1111000000001111100001110111100010000111011110000000111111110000
Found cached RTLIL representation for module `$paramod$5a413251865d8e1bc32ebedd8698d5af28e12c77\GTP_LUT6'.
Parameter \INIT = 64'1111000000000000111101110111000011110111011100001111111111110000
Found cached RTLIL representation for module `$paramod$a1511ba38539040212dedd60949334e4bf9b6581\GTP_LUT6'.
Parameter \INIT = 64'0000111100000000011111110000011101111111000001111111111100001111
Found cached RTLIL representation for module `$paramod$1bf5f01e89e88db1b71cf1bf591a780e8e647546\GTP_LUT6'.
Parameter \INIT = 64'0000000011110000011100001111011101110000111101111111000011111111

3.74. Executing AST frontend in derive mode using pre-parsed AST for module `\GTP_LUT6'.
Parameter \INIT = 64'0000000011110000011100001111011101110000111101111111000011111111
Generating RTLIL representation for module `$paramod$94072227f91099d47075184142f7eba0504e4c27\GTP_LUT6'.
Parameter \INIT = 64'0000111100000000011111110000011101111111000001111111111100001111
Found cached RTLIL representation for module `$paramod$1bf5f01e89e88db1b71cf1bf591a780e8e647546\GTP_LUT6'.
Parameter \INIT = 64'0000111111110000011110001000011101111000100001111111000000001111
Found cached RTLIL representation for module `$paramod$19f927d2f6a920ba04d2bfc4c6cb54ef65ddfede\GTP_LUT6'.
Parameter \INIT = 64'1111000000001111100001110111100010000111011110000000111111110000
Found cached RTLIL representation for module `$paramod$5a413251865d8e1bc32ebedd8698d5af28e12c77\GTP_LUT6'.
Parameter \INIT = 64'1111000000000000111101110111000011110111011100001111111111110000
Found cached RTLIL representation for module `$paramod$a1511ba38539040212dedd60949334e4bf9b6581\GTP_LUT6'.
Parameter \INIT = 64'0111000011110111100000001111100010000000111110000111000011110111

3.75. Executing AST frontend in derive mode using pre-parsed AST for module `\GTP_LUT6'.
Parameter \INIT = 64'0111000011110111100000001111100010000000111110000111000011110111
Generating RTLIL representation for module `$paramod$7549ab39c5834d291d308c5e669e587cbb8395a9\GTP_LUT6'.
Parameter \INIT = 64'1111000000001111100001110111100010000111011110000000111111110000
Found cached RTLIL representation for module `$paramod$5a413251865d8e1bc32ebedd8698d5af28e12c77\GTP_LUT6'.
Parameter \INIT = 64'1111000000000000111101110111000011110111011100001111111111110000
Found cached RTLIL representation for module `$paramod$a1511ba38539040212dedd60949334e4bf9b6581\GTP_LUT6'.
Parameter \INIT = 64'0111111100000111100011110000100010001111000010000111111100000111
Found cached RTLIL representation for module `$paramod$e5e6f7e2ab96be144dbe833de97381db82a1fa1d\GTP_LUT6'.
Parameter \INIT = 64'1111000000001111100001110111100010000111011110000000111111110000
Found cached RTLIL representation for module `$paramod$5a413251865d8e1bc32ebedd8698d5af28e12c77\GTP_LUT6'.
Parameter \INIT = 64'1111000000001111100001110111100010000111011110000000111111110000
Found cached RTLIL representation for module `$paramod$5a413251865d8e1bc32ebedd8698d5af28e12c77\GTP_LUT6'.
Parameter \INIT = 64'1111000000000000111101110111000011110111011100001111111111110000
Found cached RTLIL representation for module `$paramod$a1511ba38539040212dedd60949334e4bf9b6581\GTP_LUT6'.
Parameter \INIT = 64'1000011101111000011110001000011101111000100001111000011101111000
Found cached RTLIL representation for module `$paramod$64b8335b011477a280d097ee50de23d0145fcc23\GTP_LUT6'.
Parameter \INIT = 64'1111000000001111100001110111100010000111011110000000111111110000
Found cached RTLIL representation for module `$paramod$5a413251865d8e1bc32ebedd8698d5af28e12c77\GTP_LUT6'.
Parameter \INIT = 64'0000011101111111000010001000111100001000100011110000011101111111
Found cached RTLIL representation for module `$paramod$dae4bafca685724005edcc627102ec72e7ebc31d\GTP_LUT6'.
Parameter \INIT = 64'1111000000000000111101110111000011110111011100001111111111110000
Found cached RTLIL representation for module `$paramod$a1511ba38539040212dedd60949334e4bf9b6581\GTP_LUT6'.
Parameter \INIT = 64'1000011101111000011110001000011101111000100001111000011101111000
Found cached RTLIL representation for module `$paramod$64b8335b011477a280d097ee50de23d0145fcc23\GTP_LUT6'.
Parameter \INIT = 64'1111000000001111100001110111100010000111011110000000111111110000
Found cached RTLIL representation for module `$paramod$5a413251865d8e1bc32ebedd8698d5af28e12c77\GTP_LUT6'.
Parameter \INIT = 64'0000011100001000011111111000111100001000000001111000111101111111

3.76. Executing AST frontend in derive mode using pre-parsed AST for module `\GTP_LUT6'.
Parameter \INIT = 64'0000011100001000011111111000111100001000000001111000111101111111
Generating RTLIL representation for module `$paramod$cc4968eeaaac61ecfa13ac52d930a4c5e53952e7\GTP_LUT6'.
Parameter \INIT = 64'0000111111110000011110001000011101111000100001111111000000001111
Found cached RTLIL representation for module `$paramod$19f927d2f6a920ba04d2bfc4c6cb54ef65ddfede\GTP_LUT6'.
Parameter \INIT = 64'0000111100000000011111110000011101111111000001111111111100001111
Found cached RTLIL representation for module `$paramod$1bf5f01e89e88db1b71cf1bf591a780e8e647546\GTP_LUT6'.
Parameter \INIT = 64'0111100010000111100001110111100010000111011110000111100010000111
Found cached RTLIL representation for module `$paramod$88ecfd519a593b02863949e357d92dadc8620ded\GTP_LUT6'.
Parameter \INIT = 64'0111100011111111000000000111100010000111111111110000000010000111

3.77. Executing AST frontend in derive mode using pre-parsed AST for module `\GTP_LUT6'.
Parameter \INIT = 64'0111100011111111000000000111100010000111111111110000000010000111
Generating RTLIL representation for module `$paramod$4cfc4f285e31c93403c29df665f7a45b57632146\GTP_LUT6'.
Parameter \INIT = 64'1111000000001111100001110111100010000111011110000000111111110000
Found cached RTLIL representation for module `$paramod$5a413251865d8e1bc32ebedd8698d5af28e12c77\GTP_LUT6'.
Parameter \INIT = 64'1111000000000000111101110111000011110111011100001111111111110000
Found cached RTLIL representation for module `$paramod$a1511ba38539040212dedd60949334e4bf9b6581\GTP_LUT6'.
Parameter \INIT = 64'1001101000110000011001011100111101100101110011111001101000110000
Found cached RTLIL representation for module `$paramod$8878fdbd9d1bbd8f72548b104ef61a9c839441d2\GTP_LUT6'.
Parameter \INIT = 64'0000000000000000011001011100111101100101110011111111111111111111
Found cached RTLIL representation for module `$paramod$b4d4f8fdface0caed4044d8d8861d9edace8c0da\GTP_LUT6'.
Parameter \INIT = 64'1111000000001111100001110111100010000111011110000000111111110000
Found cached RTLIL representation for module `$paramod$5a413251865d8e1bc32ebedd8698d5af28e12c77\GTP_LUT6'.
Parameter \INIT = 64'0000011101111111000010001000111100001000100011110000011101111111
Found cached RTLIL representation for module `$paramod$dae4bafca685724005edcc627102ec72e7ebc31d\GTP_LUT6'.
Parameter \INIT = 64'1111000000000000111101110111000011110111011100001111111111110000
Found cached RTLIL representation for module `$paramod$a1511ba38539040212dedd60949334e4bf9b6581\GTP_LUT6'.
Parameter \INIT = 64'0110010111001111100110100011000010011010001100000110010111001111

3.78. Executing AST frontend in derive mode using pre-parsed AST for module `\GTP_LUT6'.
Parameter \INIT = 64'0110010111001111100110100011000010011010001100000110010111001111
Generating RTLIL representation for module `$paramod$64af08bf0355334b280973211717b33f130d98c6\GTP_LUT6'.
Parameter \INIT = 64'0110010111001111000000000000000011111111111111110110010111001111

3.79. Executing AST frontend in derive mode using pre-parsed AST for module `\GTP_LUT6'.
Parameter \INIT = 64'0110010111001111000000000000000011111111111111110110010111001111
Generating RTLIL representation for module `$paramod$84a9d4eb5398a9002dc529ace70de9010f3200e5\GTP_LUT6'.
Parameter \INIT = 64'1111000000001111100001110111100010000111011110000000111111110000
Found cached RTLIL representation for module `$paramod$5a413251865d8e1bc32ebedd8698d5af28e12c77\GTP_LUT6'.
Parameter \INIT = 64'1111000000000000111101110111000011110111011100001111111111110000
Found cached RTLIL representation for module `$paramod$a1511ba38539040212dedd60949334e4bf9b6581\GTP_LUT6'.
Parameter \INIT = 64'1000011101111000011110001000011101111000100001111000011101111000
Found cached RTLIL representation for module `$paramod$64b8335b011477a280d097ee50de23d0145fcc23\GTP_LUT6'.
Parameter \INIT = 64'1111111101111000011110000000000011111111100001111000011100000000
Found cached RTLIL representation for module `$paramod$e0fd915e88d0b7058285d06b71e3afeb12d6298a\GTP_LUT6'.
Parameter \INIT = 64'1111000000001111100001110111100010000111011110000000111111110000
Found cached RTLIL representation for module `$paramod$5a413251865d8e1bc32ebedd8698d5af28e12c77\GTP_LUT6'.
Parameter \INIT = 64'0000011101111111000010001000111100001000100011110000011101111111
Found cached RTLIL representation for module `$paramod$dae4bafca685724005edcc627102ec72e7ebc31d\GTP_LUT6'.
Parameter \INIT = 64'1111000000000000111101110111000011110111011100001111111111110000
Found cached RTLIL representation for module `$paramod$a1511ba38539040212dedd60949334e4bf9b6581\GTP_LUT6'.
Parameter \INIT = 64'1111000000001111100001110111100010000111011110000000111111110000
Found cached RTLIL representation for module `$paramod$5a413251865d8e1bc32ebedd8698d5af28e12c77\GTP_LUT6'.
Parameter \INIT = 64'1111000000000000111101110111000011110111011100001111111111110000
Found cached RTLIL representation for module `$paramod$a1511ba38539040212dedd60949334e4bf9b6581\GTP_LUT6'.
Parameter \INIT = 64'0000111111110000011110001000011101111000100001111111000000001111
Found cached RTLIL representation for module `$paramod$19f927d2f6a920ba04d2bfc4c6cb54ef65ddfede\GTP_LUT6'.
Parameter \INIT = 64'0000111100000000011111110000011101111111000001111111111100001111
Found cached RTLIL representation for module `$paramod$1bf5f01e89e88db1b71cf1bf591a780e8e647546\GTP_LUT6'.
Parameter \INIT = 64'1001001101101100011011001001001101101100100100111001001101101100

3.80. Executing AST frontend in derive mode using pre-parsed AST for module `\GTP_LUT6'.
Parameter \INIT = 64'1001001101101100011011001001001101101100100100111001001101101100
Generating RTLIL representation for module `$paramod$3280820811b65f473700fc399314a7b8be580ecb\GTP_LUT6'.
Parameter \INIT = 64'1111111111111111011011001001001101101100100100110000000000000000

3.81. Executing AST frontend in derive mode using pre-parsed AST for module `\GTP_LUT6'.
Parameter \INIT = 64'1111111111111111011011001001001101101100100100110000000000000000
Generating RTLIL representation for module `$paramod$a462b396dd5357198b1eeb934be2587d893688d7\GTP_LUT6'.
Parameter \INIT = 64'1001101000110000011001011100111101100101110011111001101000110000
Found cached RTLIL representation for module `$paramod$8878fdbd9d1bbd8f72548b104ef61a9c839441d2\GTP_LUT6'.
Parameter \INIT = 64'0000000000000000011001011100111101100101110011111111111111111111
Found cached RTLIL representation for module `$paramod$b4d4f8fdface0caed4044d8d8861d9edace8c0da\GTP_LUT6'.
Parameter \INIT = 64'1001101000110000011001011100111101100101110011111001101000110000
Found cached RTLIL representation for module `$paramod$8878fdbd9d1bbd8f72548b104ef61a9c839441d2\GTP_LUT6'.
Parameter \INIT = 64'1111111111111111011001011100111101100101110011110000000000000000
Found cached RTLIL representation for module `$paramod$94feb00ebd250758b5e63fe40f44940c6e7beef7\GTP_LUT6'.
Parameter \INIT = 64'1001001101101100011011001001001101101100100100111001001101101100
Found cached RTLIL representation for module `$paramod$3280820811b65f473700fc399314a7b8be580ecb\GTP_LUT6'.
Parameter \INIT = 64'1111111111111111011011001001001101101100100100110000000000000000
Found cached RTLIL representation for module `$paramod$a462b396dd5357198b1eeb934be2587d893688d7\GTP_LUT6'.
Parameter \INIT = 64'1110110000010011000100111110110010000000011111110111111110000000
Found cached RTLIL representation for module `$paramod$b184ec6658a6b2c5d1a59071c7bfeecaa360583b\GTP_LUT6'.
Parameter \INIT = 64'1111111100010011000100110000000011111111011111110111111100000000
Found cached RTLIL representation for module `$paramod$726f6e6b8eb65559506f6484e457a3e611fabfae\GTP_LUT6'.
Parameter \INIT = 32'11011101110101001101010001000100

3.82. Executing AST frontend in derive mode using pre-parsed AST for module `\GTP_LUT5'.
Parameter \INIT = 32'11011101110101001101010001000100
Generating RTLIL representation for module `$paramod\GTP_LUT5\INIT=32'11011101110101001101010001000100'.
Parameter \INIT = 64'0110101011000000100101010011111110010101001111110110101011000000
Found cached RTLIL representation for module `$paramod$3c52d5d39ec61cc6d8a4dd6cb7e7fdff347d903a\GTP_LUT6'.
Parameter \INIT = 64'0110101011000000100101010011111110010101001111110110101011000000
Found cached RTLIL representation for module `$paramod$3c52d5d39ec61cc6d8a4dd6cb7e7fdff347d903a\GTP_LUT6'.
Parameter \INIT = 64'1111111111111111100101010011111110010101001111110000000000000000
Found cached RTLIL representation for module `$paramod$0132707043af44768e7194e3705eadec9c3fb24a\GTP_LUT6'.
Parameter \INIT = 64'0110101011000000100101010011111110010101001111110110101011000000
Found cached RTLIL representation for module `$paramod$3c52d5d39ec61cc6d8a4dd6cb7e7fdff347d903a\GTP_LUT6'.
Parameter \INIT = 64'1111111111111111100101010011111110010101001111110000000000000000
Found cached RTLIL representation for module `$paramod$0132707043af44768e7194e3705eadec9c3fb24a\GTP_LUT6'.
Parameter \INIT = 64'1100000001101010001111111001010101101010110000001001010100111111

3.83. Executing AST frontend in derive mode using pre-parsed AST for module `\GTP_LUT6'.
Parameter \INIT = 64'1100000001101010001111111001010101101010110000001001010100111111
Generating RTLIL representation for module `$paramod$c0c31601edfb16d56bbe244b473a5784c1f34d05\GTP_LUT6'.
Parameter \INIT = 64'0110010111001111100110100011000010011010001100000110010111001111
Found cached RTLIL representation for module `$paramod$64af08bf0355334b280973211717b33f130d98c6\GTP_LUT6'.
Parameter \INIT = 64'0110010111001111111111111111111100000000000000000110010111001111
Found cached RTLIL representation for module `$paramod$e5afda3d2dd044cda91dbb2e31584a70e4804492\GTP_LUT6'.
Parameter \INIT = 64'1110000011000000000111110011111100011111001111111110000011000000

3.84. Executing AST frontend in derive mode using pre-parsed AST for module `\GTP_LUT6'.
Parameter \INIT = 64'1110000011000000000111110011111100011111001111111110000011000000
Generating RTLIL representation for module `$paramod$36c467f04866d0857a7616ea014a57428f8c597e\GTP_LUT6'.
Parameter \INIT = 64'1111111111111111000111110011111100011111001111110000000000000000
Found cached RTLIL representation for module `$paramod$57d4540bed4400ca4c15cd32673b185984fcd923\GTP_LUT6'.
Parameter \INIT = 64'0110010111001111111111111111111100000000000000000110010111001111
Found cached RTLIL representation for module `$paramod$e5afda3d2dd044cda91dbb2e31584a70e4804492\GTP_LUT6'.
Parameter \INIT = 64'1110000011000000000111110011111100011111001111111110000011000000
Found cached RTLIL representation for module `$paramod$36c467f04866d0857a7616ea014a57428f8c597e\GTP_LUT6'.
Parameter \INIT = 64'1110000011000000000111110011111100011111001111111110000011000000
Found cached RTLIL representation for module `$paramod$36c467f04866d0857a7616ea014a57428f8c597e\GTP_LUT6'.
Parameter \INIT = 64'0110010111001111100110100011000010011010001100000110010111001111
Found cached RTLIL representation for module `$paramod$64af08bf0355334b280973211717b33f130d98c6\GTP_LUT6'.
Parameter \INIT = 64'0110010111001111111111111111111100000000000000000110010111001111
Found cached RTLIL representation for module `$paramod$e5afda3d2dd044cda91dbb2e31584a70e4804492\GTP_LUT6'.
Parameter \INIT = 64'1110000011000000000111110011111100011111001111111110000011000000
Found cached RTLIL representation for module `$paramod$36c467f04866d0857a7616ea014a57428f8c597e\GTP_LUT6'.
Parameter \INIT = 64'1110000011000000000111110011111100011111001111111110000011000000
Found cached RTLIL representation for module `$paramod$36c467f04866d0857a7616ea014a57428f8c597e\GTP_LUT6'.
Parameter \INIT = 64'1111111111111111000111110011111100011111001111110000000000000000
Found cached RTLIL representation for module `$paramod$57d4540bed4400ca4c15cd32673b185984fcd923\GTP_LUT6'.
Parameter \INIT = 1903628657

3.85. Executing AST frontend in derive mode using pre-parsed AST for module `\GTP_LUT5'.
Parameter \INIT = 1903628657
Generating RTLIL representation for module `$paramod\GTP_LUT5\INIT=32'01110001011101110001000101110001'.
Parameter \INIT = 64'0100101001101010111000001100000010110101100101010001111100111111

3.86. Executing AST frontend in derive mode using pre-parsed AST for module `\GTP_LUT6'.
Parameter \INIT = 64'0100101001101010111000001100000010110101100101010001111100111111
Generating RTLIL representation for module `$paramod$0215b9386c9fcb2322798053b908b4a664f2619a\GTP_LUT6'.
Parameter \INIT = 64'0101111101111111111111111111111100010101000101010001111100111111

3.87. Executing AST frontend in derive mode using pre-parsed AST for module `\GTP_LUT6'.
Parameter \INIT = 64'0101111101111111111111111111111100010101000101010001111100111111
Generating RTLIL representation for module `$paramod$b7023907727181d9521d6870be862a56953b99f4\GTP_LUT6'.
Parameter \INIT = 64'1111111101111111001010100000000001111111111111110101010101111111

3.88. Executing AST frontend in derive mode using pre-parsed AST for module `\GTP_LUT6'.
Parameter \INIT = 64'1111111101111111001010100000000001111111111111110101010101111111
Generating RTLIL representation for module `$paramod$438c5599d40ac7f13269490792bf4709efe76cdc\GTP_LUT6'.
Parameter \INIT = 64'1101010101111111001010101000000000101010100000001101010101111111

3.89. Executing AST frontend in derive mode using pre-parsed AST for module `\GTP_LUT6'.
Parameter \INIT = 64'1101010101111111001010101000000000101010100000001101010101111111
Generating RTLIL representation for module `$paramod$287b2fdafa267d96c99a6988580a3c071105ef90\GTP_LUT6'.
Parameter \INIT = 64'1111111101111111001010100000000001111111111111110101010101111111
Found cached RTLIL representation for module `$paramod$438c5599d40ac7f13269490792bf4709efe76cdc\GTP_LUT6'.
Parameter \INIT = 64'1100000001101010001111111001010101101010110000001001010100111111
Found cached RTLIL representation for module `$paramod$c0c31601edfb16d56bbe244b473a5784c1f34d05\GTP_LUT6'.
Parameter \INIT = 64'1101010101111111000101010001010111111111111111111001010100111111
Found cached RTLIL representation for module `$paramod$b712cf90160771eaf7e5acf4c07c8301b78b00fc\GTP_LUT6'.
Parameter \INIT = 64'1101010101111111001010101000000000101010100000001101010101111111
Found cached RTLIL representation for module `$paramod$287b2fdafa267d96c99a6988580a3c071105ef90\GTP_LUT6'.
Parameter \INIT = 64'1111111101111111001010100000000001111111111111110101010101111111
Found cached RTLIL representation for module `$paramod$438c5599d40ac7f13269490792bf4709efe76cdc\GTP_LUT6'.
Parameter \INIT = 64'1101101001011010011100001111000000100101101001011000111100001111
Found cached RTLIL representation for module `$paramod$a1bcbcca366820977776540231deb961d9afe78f\GTP_LUT6'.
Parameter \INIT = 64'1101101001011010011100001111000000100101101001011000111100001111
Found cached RTLIL representation for module `$paramod$a1bcbcca366820977776540231deb961d9afe78f\GTP_LUT6'.
Parameter \INIT = 64'1111111111111111011111111111111100100101101001010000111100001111
Found cached RTLIL representation for module `$paramod$bd76311fcf844849a61e905d019ffc7a3406029e\GTP_LUT6'.
Parameter \INIT = 64'1111111111111111011111111111111100100101101001010000111100001111
Found cached RTLIL representation for module `$paramod$bd76311fcf844849a61e905d019ffc7a3406029e\GTP_LUT6'.
Parameter \INIT = 64'1111111111111111011111111111111100100101101001010000111100001111
Found cached RTLIL representation for module `$paramod$bd76311fcf844849a61e905d019ffc7a3406029e\GTP_LUT6'.
Parameter \INIT = 64'0010010110100101000011110000111111111111111111110111111111111111
Found cached RTLIL representation for module `$paramod$be66b92a3fea7b9f986926c398c1c6396ec4a30e\GTP_LUT6'.
Parameter \INIT = 64'1001010101010101001111111111111101101010101010101100000000000000

3.90. Executing AST frontend in derive mode using pre-parsed AST for module `\GTP_LUT6'.
Parameter \INIT = 64'1001010101010101001111111111111101101010101010101100000000000000
Generating RTLIL representation for module `$paramod$2457e1475f23d6be9cda081bd9f7443a3b41af10\GTP_LUT6'.
Parameter \INIT = 64'0001010101010101001111111111111101111111111111111111111111111111
Found cached RTLIL representation for module `$paramod$48a85bb5e949702506db52bcf7757d6246ae6613\GTP_LUT6'.
Parameter \INIT = 64'0100000100000101110000110000111111010111010111111111111111111111

3.91. Executing AST frontend in derive mode using pre-parsed AST for module `\GTP_LUT6'.
Parameter \INIT = 64'0100000100000101110000110000111111010111010111111111111111111111
Generating RTLIL representation for module `$paramod$896521207469e938a1da1f22d2d4e85a67fa681d\GTP_LUT6'.
Parameter \INIT = 64'0101111101111111111111111111111100010101000101010001111100111111
Found cached RTLIL representation for module `$paramod$b7023907727181d9521d6870be862a56953b99f4\GTP_LUT6'.
Parameter \INIT = 64'0100101001101010111000001100000010110101100101010001111100111111
Found cached RTLIL representation for module `$paramod$0215b9386c9fcb2322798053b908b4a664f2619a\GTP_LUT6'.
Parameter \INIT = 64'0101111101111111111111111111111100010101000101010001111100111111
Found cached RTLIL representation for module `$paramod$b7023907727181d9521d6870be862a56953b99f4\GTP_LUT6'.
Parameter \INIT = 64'0100101001101010111000001100000010110101100101010001111100111111
Found cached RTLIL representation for module `$paramod$0215b9386c9fcb2322798053b908b4a664f2619a\GTP_LUT6'.
Parameter \INIT = 64'0101111101111111111111111111111100010101000101010001111100111111
Found cached RTLIL representation for module `$paramod$b7023907727181d9521d6870be862a56953b99f4\GTP_LUT6'.
Parameter \INIT = 64'0001010101010101001111111111111101111111111111111111111111111111
Found cached RTLIL representation for module `$paramod$48a85bb5e949702506db52bcf7757d6246ae6613\GTP_LUT6'.
Parameter \INIT = 64'1100100000000000000000000000000011111110110011001111000000000000

3.92. Executing AST frontend in derive mode using pre-parsed AST for module `\GTP_LUT6'.
Parameter \INIT = 64'1100100000000000000000000000000011111110110011001111000000000000
Generating RTLIL representation for module `$paramod$d2e424404acf8b0c7fa86135cfea8babbba53f74\GTP_LUT6'.
Parameter \INIT = 64'1001011010101010001111000000000001011010101010101111000000000000
Found cached RTLIL representation for module `$paramod$f8a3dd51288903ceed8abaeb186afc29b5acdb54\GTP_LUT6'.
Parameter \INIT = 64'0001011111111111001111111111111101011111111111111111111111111111

3.93. Executing AST frontend in derive mode using pre-parsed AST for module `\GTP_LUT6'.
Parameter \INIT = 64'0001011111111111001111111111111101011111111111111111111111111111
Generating RTLIL representation for module `$paramod$ce63b3a4457701f807af6f01a24d02778bb4456d\GTP_LUT6'.
Parameter \INIT = 64'0001011111111111001111111111111101011111111111111111111111111111
Found cached RTLIL representation for module `$paramod$ce63b3a4457701f807af6f01a24d02778bb4456d\GTP_LUT6'.
Parameter \INIT = 64'1001011010101010001111000000000001011010101010101111000000000000
Found cached RTLIL representation for module `$paramod$f8a3dd51288903ceed8abaeb186afc29b5acdb54\GTP_LUT6'.
Parameter \INIT = 64'0001011111111111001111111111111101011111111111111111111111111111
Found cached RTLIL representation for module `$paramod$ce63b3a4457701f807af6f01a24d02778bb4456d\GTP_LUT6'.
Parameter \INIT = 64'1001011001100110111100000000000000111100110011001111000000000000

3.94. Executing AST frontend in derive mode using pre-parsed AST for module `\GTP_LUT6'.
Parameter \INIT = 64'1001011001100110111100000000000000111100110011001111000000000000
Generating RTLIL representation for module `$paramod$499c014a86cd269ed67edfffde8a2b77ee3ce201\GTP_LUT6'.
Parameter \INIT = 64'0011011111111111000111110101111110110111111111110011111111111111

3.95. Executing AST frontend in derive mode using pre-parsed AST for module `\GTP_LUT6'.
Parameter \INIT = 64'0011011111111111000111110101111110110111111111110011111111111111
Generating RTLIL representation for module `$paramod$ab40e838bedd6a423fab36e2d5a5eec38d2d34e1\GTP_LUT6'.
Parameter \INIT = 64'0001011101110111010111111111111100111111111111111111111111111111
Found cached RTLIL representation for module `$paramod$59d1e71730573726016523635ae12d9a36d2e6b7\GTP_LUT6'.
Parameter \INIT = 64'0001011101110111010111111111111100111111111111111111111111111111
Found cached RTLIL representation for module `$paramod$59d1e71730573726016523635ae12d9a36d2e6b7\GTP_LUT6'.
Parameter \INIT = 64'1001011001100110010110101010101000111100110011001111000000000000
Found cached RTLIL representation for module `$paramod$6467decad80f9f1fe527a343c1088f0670b6a372\GTP_LUT6'.
Parameter \INIT = 64'0001011101110111010111111111111100111111111111111111111111111111
Found cached RTLIL representation for module `$paramod$59d1e71730573726016523635ae12d9a36d2e6b7\GTP_LUT6'.
Parameter \INIT = 64'1001011001100110010110101010101000111100110011001111000000000000
Found cached RTLIL representation for module `$paramod$6467decad80f9f1fe527a343c1088f0670b6a372\GTP_LUT6'.
Parameter \INIT = 64'0110100110011001101001010101010111000011001100110000111111111111
Found cached RTLIL representation for module `$paramod$12ac32869a3b0344482a06de893b1c422a497c6b\GTP_LUT6'.
Parameter \INIT = 64'1001011001100110010110101010101000111100110011001111000000000000
Found cached RTLIL representation for module `$paramod$6467decad80f9f1fe527a343c1088f0670b6a372\GTP_LUT6'.
Parameter \INIT = 64'0001011101110111010111111111111100111111111111111111111111111111
Found cached RTLIL representation for module `$paramod$59d1e71730573726016523635ae12d9a36d2e6b7\GTP_LUT6'.
Parameter \INIT = 64'0001011101110111010111111111111100111111111111111111111111111111
Found cached RTLIL representation for module `$paramod$59d1e71730573726016523635ae12d9a36d2e6b7\GTP_LUT6'.
Parameter \INIT = 64'0001011101110111010111111111111100111111111111111111111111111111
Found cached RTLIL representation for module `$paramod$59d1e71730573726016523635ae12d9a36d2e6b7\GTP_LUT6'.
Parameter \INIT = 64'0001011101110111010111111111111100111111111111111111111111111111
Found cached RTLIL representation for module `$paramod$59d1e71730573726016523635ae12d9a36d2e6b7\GTP_LUT6'.
Parameter \INIT = 64'0001011101110111010111111111111100111111111111111111111111111111
Found cached RTLIL representation for module `$paramod$59d1e71730573726016523635ae12d9a36d2e6b7\GTP_LUT6'.
Parameter \INIT = 64'0001011101110111010111111111111100111111111111111111111111111111
Found cached RTLIL representation for module `$paramod$59d1e71730573726016523635ae12d9a36d2e6b7\GTP_LUT6'.
Parameter \INIT = 64'0001011101110111010111111111111100111111111111111111111111111111
Found cached RTLIL representation for module `$paramod$59d1e71730573726016523635ae12d9a36d2e6b7\GTP_LUT6'.
Parameter \INIT = 64'1001011001100110010110101010101000111100110011001111000000000000
Found cached RTLIL representation for module `$paramod$6467decad80f9f1fe527a343c1088f0670b6a372\GTP_LUT6'.
Parameter \INIT = 64'1001011001100110010110101010101000111100110011001111000000000000
Found cached RTLIL representation for module `$paramod$6467decad80f9f1fe527a343c1088f0670b6a372\GTP_LUT6'.
Parameter \INIT = 64'0110100110011001101001010101010111000011001100110000111111111111
Found cached RTLIL representation for module `$paramod$12ac32869a3b0344482a06de893b1c422a497c6b\GTP_LUT6'.
Parameter \INIT = 64'0001011101110111010111111111111100111111111111111111111111111111
Found cached RTLIL representation for module `$paramod$59d1e71730573726016523635ae12d9a36d2e6b7\GTP_LUT6'.
Parameter \INIT = 64'0001011101110111010111111111111100111111111111111111111111111111
Found cached RTLIL representation for module `$paramod$59d1e71730573726016523635ae12d9a36d2e6b7\GTP_LUT6'.
Parameter \INIT = 64'0110100110011001101001010101010111000011001100110000111111111111
Found cached RTLIL representation for module `$paramod$12ac32869a3b0344482a06de893b1c422a497c6b\GTP_LUT6'.
Parameter \INIT = 64'0110100110011001101001010101010111000011001100110000111111111111
Found cached RTLIL representation for module `$paramod$12ac32869a3b0344482a06de893b1c422a497c6b\GTP_LUT6'.
Parameter \INIT = 64'1001011001100110010110101010101000111100110011001111000000000000
Found cached RTLIL representation for module `$paramod$6467decad80f9f1fe527a343c1088f0670b6a372\GTP_LUT6'.
Parameter \INIT = 64'1001011001100110010110101010101000111100110011001111000000000000
Found cached RTLIL representation for module `$paramod$6467decad80f9f1fe527a343c1088f0670b6a372\GTP_LUT6'.
Parameter \INIT = 64'1001011001100110010110101010101000111100110011001111000000000000
Found cached RTLIL representation for module `$paramod$6467decad80f9f1fe527a343c1088f0670b6a372\GTP_LUT6'.
Parameter \INIT = 64'1001011001100110010110101010101000111100110011001111000000000000
Found cached RTLIL representation for module `$paramod$6467decad80f9f1fe527a343c1088f0670b6a372\GTP_LUT6'.
Parameter \INIT = 64'0110100110011001101001010101010111000011001100110000111111111111
Found cached RTLIL representation for module `$paramod$12ac32869a3b0344482a06de893b1c422a497c6b\GTP_LUT6'.
Parameter \INIT = 64'1001011001011010101010101010101000111100111100000000000000000000
Found cached RTLIL representation for module `$paramod$92432f548d7ca0e4c4185505e90b3fa0b62d6924\GTP_LUT6'.
Parameter \INIT = 64'1001011001100110010110101010101000111100110011001111000000000000
Found cached RTLIL representation for module `$paramod$6467decad80f9f1fe527a343c1088f0670b6a372\GTP_LUT6'.
Parameter \INIT = 64'0001011101110111010111111111111100111111111111111111111111111111
Found cached RTLIL representation for module `$paramod$59d1e71730573726016523635ae12d9a36d2e6b7\GTP_LUT6'.
Parameter \INIT = 64'0001011101110111010111111111111100111111111111111111111111111111
Found cached RTLIL representation for module `$paramod$59d1e71730573726016523635ae12d9a36d2e6b7\GTP_LUT6'.
Parameter \INIT = 64'0001011101110111010111111111111100111111111111111111111111111111
Found cached RTLIL representation for module `$paramod$59d1e71730573726016523635ae12d9a36d2e6b7\GTP_LUT6'.
Parameter \INIT = 64'0001011101011111111111111111111100111111111111111111111111111111
Found cached RTLIL representation for module `$paramod$ac66e494c4be501c3d49c47fc7813e43a763fc64\GTP_LUT6'.
Parameter \INIT = 64'0001011101110111010111111111111100111111111111111111111111111111
Found cached RTLIL representation for module `$paramod$59d1e71730573726016523635ae12d9a36d2e6b7\GTP_LUT6'.
Parameter \INIT = 64'0110100110011001101001010101010111000011001100110000111111111111
Found cached RTLIL representation for module `$paramod$12ac32869a3b0344482a06de893b1c422a497c6b\GTP_LUT6'.
Parameter \INIT = 64'0110100110011001101001010101010111000011001100110000111111111111
Found cached RTLIL representation for module `$paramod$12ac32869a3b0344482a06de893b1c422a497c6b\GTP_LUT6'.
Parameter \INIT = 64'1001011001100110010110101010101000111100110011001111000000000000
Found cached RTLIL representation for module `$paramod$6467decad80f9f1fe527a343c1088f0670b6a372\GTP_LUT6'.
Parameter \INIT = 64'0001011101110111010111111111111100111111111111111111111111111111
Found cached RTLIL representation for module `$paramod$59d1e71730573726016523635ae12d9a36d2e6b7\GTP_LUT6'.
Parameter \INIT = 64'0001011101110111010111111111111100111111111111111111111111111111
Found cached RTLIL representation for module `$paramod$59d1e71730573726016523635ae12d9a36d2e6b7\GTP_LUT6'.
Parameter \INIT = 64'0001011101110111010111111111111100111111111111111111111111111111
Found cached RTLIL representation for module `$paramod$59d1e71730573726016523635ae12d9a36d2e6b7\GTP_LUT6'.
Parameter \INIT = 64'1001011001100110010110101010101000111100110011001111000000000000
Found cached RTLIL representation for module `$paramod$6467decad80f9f1fe527a343c1088f0670b6a372\GTP_LUT6'.
Parameter \INIT = 64'0110100110011001101001010101010111000011001100110000111111111111
Found cached RTLIL representation for module `$paramod$12ac32869a3b0344482a06de893b1c422a497c6b\GTP_LUT6'.
Parameter \INIT = 64'1001011001100110010110101010101000111100110011001111000000000000
Found cached RTLIL representation for module `$paramod$6467decad80f9f1fe527a343c1088f0670b6a372\GTP_LUT6'.
Parameter \INIT = 64'0110100110011001101001010101010111000011001100110000111111111111
Found cached RTLIL representation for module `$paramod$12ac32869a3b0344482a06de893b1c422a497c6b\GTP_LUT6'.
Parameter \INIT = 64'0001011101110111010111111111111100111111111111111111111111111111
Found cached RTLIL representation for module `$paramod$59d1e71730573726016523635ae12d9a36d2e6b7\GTP_LUT6'.
Parameter \INIT = 64'0001011101110111010111111111111100111111111111111111111111111111
Found cached RTLIL representation for module `$paramod$59d1e71730573726016523635ae12d9a36d2e6b7\GTP_LUT6'.
Parameter \INIT = 64'0001011101110111010111111111111100111111111111111111111111111111
Found cached RTLIL representation for module `$paramod$59d1e71730573726016523635ae12d9a36d2e6b7\GTP_LUT6'.
Parameter \INIT = 64'0001011101110111010111111111111100111111111111111111111111111111
Found cached RTLIL representation for module `$paramod$59d1e71730573726016523635ae12d9a36d2e6b7\GTP_LUT6'.
Parameter \INIT = 64'1001011001100110010110101010101000111100110011001111000000000000
Found cached RTLIL representation for module `$paramod$6467decad80f9f1fe527a343c1088f0670b6a372\GTP_LUT6'.
Parameter \INIT = 64'1001011001100110010110101010101000111100110011001111000000000000
Found cached RTLIL representation for module `$paramod$6467decad80f9f1fe527a343c1088f0670b6a372\GTP_LUT6'.
Parameter \INIT = 64'0110100110011001101001010101010111000011001100110000111111111111
Found cached RTLIL representation for module `$paramod$12ac32869a3b0344482a06de893b1c422a497c6b\GTP_LUT6'.
Parameter \INIT = 64'0110100110011001101001010101010111000011001100110000111111111111
Found cached RTLIL representation for module `$paramod$12ac32869a3b0344482a06de893b1c422a497c6b\GTP_LUT6'.
Parameter \INIT = 64'0001011101110111010111111111111100111111111111111111111111111111
Found cached RTLIL representation for module `$paramod$59d1e71730573726016523635ae12d9a36d2e6b7\GTP_LUT6'.
Parameter \INIT = 64'0001011101110111010111111111111100111111111111111111111111111111
Found cached RTLIL representation for module `$paramod$59d1e71730573726016523635ae12d9a36d2e6b7\GTP_LUT6'.
Parameter \INIT = 64'0001011101110111010111111111111100111111111111111111111111111111
Found cached RTLIL representation for module `$paramod$59d1e71730573726016523635ae12d9a36d2e6b7\GTP_LUT6'.
Parameter \INIT = 64'0001011101110111010111111111111100111111111111111111111111111111
Found cached RTLIL representation for module `$paramod$59d1e71730573726016523635ae12d9a36d2e6b7\GTP_LUT6'.
Parameter \INIT = 64'0001011101110111010111111111111100111111111111111111111111111111
Found cached RTLIL representation for module `$paramod$59d1e71730573726016523635ae12d9a36d2e6b7\GTP_LUT6'.
Parameter \INIT = 64'0001011101110111010111111111111100111111111111111111111111111111
Found cached RTLIL representation for module `$paramod$59d1e71730573726016523635ae12d9a36d2e6b7\GTP_LUT6'.
Parameter \INIT = 64'0001011101110111010111111111111100111111111111111111111111111111
Found cached RTLIL representation for module `$paramod$59d1e71730573726016523635ae12d9a36d2e6b7\GTP_LUT6'.
Parameter \INIT = 64'0110100110011001101001010101010111000011001100110000111111111111
Found cached RTLIL representation for module `$paramod$12ac32869a3b0344482a06de893b1c422a497c6b\GTP_LUT6'.
Parameter \INIT = 64'0001011101110111010111111111111100111111111111111111111111111111
Found cached RTLIL representation for module `$paramod$59d1e71730573726016523635ae12d9a36d2e6b7\GTP_LUT6'.
Parameter \INIT = 64'0110100110011001101001010101010111000011001100110000111111111111
Found cached RTLIL representation for module `$paramod$12ac32869a3b0344482a06de893b1c422a497c6b\GTP_LUT6'.
Parameter \INIT = 64'0001011101110111010111111111111100111111111111111111111111111111
Found cached RTLIL representation for module `$paramod$59d1e71730573726016523635ae12d9a36d2e6b7\GTP_LUT6'.
Parameter \INIT = 64'0001011101110111010111111111111100111111111111111111111111111111
Found cached RTLIL representation for module `$paramod$59d1e71730573726016523635ae12d9a36d2e6b7\GTP_LUT6'.
Parameter \INIT = 64'0110100110011001101001010101010111000011001100110000111111111111
Found cached RTLIL representation for module `$paramod$12ac32869a3b0344482a06de893b1c422a497c6b\GTP_LUT6'.
Parameter \INIT = 64'1001011001100110010110101010101000111100110011001111000000000000
Found cached RTLIL representation for module `$paramod$6467decad80f9f1fe527a343c1088f0670b6a372\GTP_LUT6'.
Parameter \INIT = 64'0001011101110111010111111111111100111111111111111111111111111111
Found cached RTLIL representation for module `$paramod$59d1e71730573726016523635ae12d9a36d2e6b7\GTP_LUT6'.
Parameter \INIT = 64'0001011101110111010111111111111100111111111111111111111111111111
Found cached RTLIL representation for module `$paramod$59d1e71730573726016523635ae12d9a36d2e6b7\GTP_LUT6'.
Parameter \INIT = 64'0001011101110111010111111111111100111111111111111111111111111111
Found cached RTLIL representation for module `$paramod$59d1e71730573726016523635ae12d9a36d2e6b7\GTP_LUT6'.
Parameter \INIT = 64'1001011001100110010110101010101000111100110011001111000000000000
Found cached RTLIL representation for module `$paramod$6467decad80f9f1fe527a343c1088f0670b6a372\GTP_LUT6'.
Parameter \INIT = 64'1001011001100110010110101010101000111100110011001111000000000000
Found cached RTLIL representation for module `$paramod$6467decad80f9f1fe527a343c1088f0670b6a372\GTP_LUT6'.
Parameter \INIT = 64'1001011001100110010110101010101000111100110011001111000000000000
Found cached RTLIL representation for module `$paramod$6467decad80f9f1fe527a343c1088f0670b6a372\GTP_LUT6'.
Parameter \INIT = 64'0001011101110111010111111111111100111111111111111111111111111111
Found cached RTLIL representation for module `$paramod$59d1e71730573726016523635ae12d9a36d2e6b7\GTP_LUT6'.
Parameter \INIT = 64'0001011101011111111111111111111100111111111111111111111111111111
Found cached RTLIL representation for module `$paramod$ac66e494c4be501c3d49c47fc7813e43a763fc64\GTP_LUT6'.
Parameter \INIT = 64'0001011101110111010111111111111100111111111111111111111111111111
Found cached RTLIL representation for module `$paramod$59d1e71730573726016523635ae12d9a36d2e6b7\GTP_LUT6'.
Parameter \INIT = 64'0001011101110111010111111111111100111111111111111111111111111111
Found cached RTLIL representation for module `$paramod$59d1e71730573726016523635ae12d9a36d2e6b7\GTP_LUT6'.
Parameter \INIT = 64'0001011101110111010111111111111100111111111111111111111111111111
Found cached RTLIL representation for module `$paramod$59d1e71730573726016523635ae12d9a36d2e6b7\GTP_LUT6'.
Parameter \INIT = 64'0001011101110111010111111111111100111111111111111111111111111111
Found cached RTLIL representation for module `$paramod$59d1e71730573726016523635ae12d9a36d2e6b7\GTP_LUT6'.
Parameter \INIT = 64'1001011001100110010110101010101000111100110011001111000000000000
Found cached RTLIL representation for module `$paramod$6467decad80f9f1fe527a343c1088f0670b6a372\GTP_LUT6'.
Parameter \INIT = 64'1001011001100110010110101010101000111100110011001111000000000000
Found cached RTLIL representation for module `$paramod$6467decad80f9f1fe527a343c1088f0670b6a372\GTP_LUT6'.
Parameter \INIT = 64'1001011001100110010110101010101000111100110011001111000000000000
Found cached RTLIL representation for module `$paramod$6467decad80f9f1fe527a343c1088f0670b6a372\GTP_LUT6'.
Parameter \INIT = 64'1001011001100110010110101010101000111100110011001111000000000000
Found cached RTLIL representation for module `$paramod$6467decad80f9f1fe527a343c1088f0670b6a372\GTP_LUT6'.
Parameter \INIT = 64'0110100110011001101001010101010111000011001100110000111111111111
Found cached RTLIL representation for module `$paramod$12ac32869a3b0344482a06de893b1c422a497c6b\GTP_LUT6'.
Parameter \INIT = 64'0110100110011001101001010101010111000011001100110000111111111111
Found cached RTLIL representation for module `$paramod$12ac32869a3b0344482a06de893b1c422a497c6b\GTP_LUT6'.
Parameter \INIT = 64'0110100110011001101001010101010111000011001100110000111111111111
Found cached RTLIL representation for module `$paramod$12ac32869a3b0344482a06de893b1c422a497c6b\GTP_LUT6'.
Parameter \INIT = 64'0110100110011001101001010101010111000011001100110000111111111111
Found cached RTLIL representation for module `$paramod$12ac32869a3b0344482a06de893b1c422a497c6b\GTP_LUT6'.
Parameter \INIT = 64'0001011101110111010111111111111100111111111111111111111111111111
Found cached RTLIL representation for module `$paramod$59d1e71730573726016523635ae12d9a36d2e6b7\GTP_LUT6'.
Parameter \INIT = 64'1001011001100110010110101010101000111100110011001111000000000000
Found cached RTLIL representation for module `$paramod$6467decad80f9f1fe527a343c1088f0670b6a372\GTP_LUT6'.
Parameter \INIT = 64'1001011001100110010110101010101000111100110011001111000000000000
Found cached RTLIL representation for module `$paramod$6467decad80f9f1fe527a343c1088f0670b6a372\GTP_LUT6'.
Parameter \INIT = 64'0110100110011001101001010101010111000011001100110000111111111111
Found cached RTLIL representation for module `$paramod$12ac32869a3b0344482a06de893b1c422a497c6b\GTP_LUT6'.
Parameter \INIT = 64'0110100110011001101001010101010111000011001100110000111111111111
Found cached RTLIL representation for module `$paramod$12ac32869a3b0344482a06de893b1c422a497c6b\GTP_LUT6'.
Parameter \INIT = 64'0110100110011001101001010101010111000011001100110000111111111111
Found cached RTLIL representation for module `$paramod$12ac32869a3b0344482a06de893b1c422a497c6b\GTP_LUT6'.
Parameter \INIT = 64'0110100110011001101001010101010111000011001100110000111111111111
Found cached RTLIL representation for module `$paramod$12ac32869a3b0344482a06de893b1c422a497c6b\GTP_LUT6'.
Parameter \INIT = 64'1001011001100110010110101010101000111100110011001111000000000000
Found cached RTLIL representation for module `$paramod$6467decad80f9f1fe527a343c1088f0670b6a372\GTP_LUT6'.
Parameter \INIT = 64'0110100110011001101001010101010111000011001100110000111111111111
Found cached RTLIL representation for module `$paramod$12ac32869a3b0344482a06de893b1c422a497c6b\GTP_LUT6'.
Parameter \INIT = 64'0001011101110111010111111111111100111111111111111111111111111111
Found cached RTLIL representation for module `$paramod$59d1e71730573726016523635ae12d9a36d2e6b7\GTP_LUT6'.
Parameter \INIT = 64'0001011101110111010111111111111100111111111111111111111111111111
Found cached RTLIL representation for module `$paramod$59d1e71730573726016523635ae12d9a36d2e6b7\GTP_LUT6'.
Parameter \INIT = 64'0110100110011001101001010101010111000011001100110000111111111111
Found cached RTLIL representation for module `$paramod$12ac32869a3b0344482a06de893b1c422a497c6b\GTP_LUT6'.
Parameter \INIT = 64'1001011001100110010110101010101000111100110011001111000000000000
Found cached RTLIL representation for module `$paramod$6467decad80f9f1fe527a343c1088f0670b6a372\GTP_LUT6'.
Parameter \INIT = 64'1001011001100110010110101010101000111100110011001111000000000000
Found cached RTLIL representation for module `$paramod$6467decad80f9f1fe527a343c1088f0670b6a372\GTP_LUT6'.
Parameter \INIT = 64'1001011001100110010110101010101000111100110011001111000000000000
Found cached RTLIL representation for module `$paramod$6467decad80f9f1fe527a343c1088f0670b6a372\GTP_LUT6'.
Parameter \INIT = 64'0110100110011001101001010101010111000011001100110000111111111111
Found cached RTLIL representation for module `$paramod$12ac32869a3b0344482a06de893b1c422a497c6b\GTP_LUT6'.
Parameter \INIT = 64'0110100110011001101001010101010111000011001100110000111111111111
Found cached RTLIL representation for module `$paramod$12ac32869a3b0344482a06de893b1c422a497c6b\GTP_LUT6'.
Parameter \INIT = 64'0001011101110111010111111111111100111111111111111111111111111111
Found cached RTLIL representation for module `$paramod$59d1e71730573726016523635ae12d9a36d2e6b7\GTP_LUT6'.
Parameter \INIT = 64'0001011101110111010111111111111100111111111111111111111111111111
Found cached RTLIL representation for module `$paramod$59d1e71730573726016523635ae12d9a36d2e6b7\GTP_LUT6'.
Parameter \INIT = 64'0001011101110111010111111111111100111111111111111111111111111111
Found cached RTLIL representation for module `$paramod$59d1e71730573726016523635ae12d9a36d2e6b7\GTP_LUT6'.
Parameter \INIT = 64'0110100110011001101001010101010111000011001100110000111111111111
Found cached RTLIL representation for module `$paramod$12ac32869a3b0344482a06de893b1c422a497c6b\GTP_LUT6'.
Parameter \INIT = 64'0001011101110111010111111111111100111111111111111111111111111111
Found cached RTLIL representation for module `$paramod$59d1e71730573726016523635ae12d9a36d2e6b7\GTP_LUT6'.
Parameter \INIT = 64'0110100110011001101001010101010111000011001100110000111111111111
Found cached RTLIL representation for module `$paramod$12ac32869a3b0344482a06de893b1c422a497c6b\GTP_LUT6'.
Parameter \INIT = 64'0110100110011001101001010101010111000011001100110000111111111111
Found cached RTLIL representation for module `$paramod$12ac32869a3b0344482a06de893b1c422a497c6b\GTP_LUT6'.
Parameter \INIT = 64'1001011001100110010110101010101000111100110011001111000000000000
Found cached RTLIL representation for module `$paramod$6467decad80f9f1fe527a343c1088f0670b6a372\GTP_LUT6'.
Parameter \INIT = 64'0110100110011001101001010101010111000011001100110000111111111111
Found cached RTLIL representation for module `$paramod$12ac32869a3b0344482a06de893b1c422a497c6b\GTP_LUT6'.
Parameter \INIT = 64'1001011001100110010110101010101000111100110011001111000000000000
Found cached RTLIL representation for module `$paramod$6467decad80f9f1fe527a343c1088f0670b6a372\GTP_LUT6'.
Parameter \INIT = 64'1001011001100110010110101010101000111100110011001111000000000000
Found cached RTLIL representation for module `$paramod$6467decad80f9f1fe527a343c1088f0670b6a372\GTP_LUT6'.
Parameter \INIT = 64'0001011101110111010111111111111100111111111111111111111111111111
Found cached RTLIL representation for module `$paramod$59d1e71730573726016523635ae12d9a36d2e6b7\GTP_LUT6'.
Parameter \INIT = 64'0001011101110111010111111111111100111111111111111111111111111111
Found cached RTLIL representation for module `$paramod$59d1e71730573726016523635ae12d9a36d2e6b7\GTP_LUT6'.
Parameter \INIT = 64'0001011101110111010111111111111100111111111111111111111111111111
Found cached RTLIL representation for module `$paramod$59d1e71730573726016523635ae12d9a36d2e6b7\GTP_LUT6'.
Parameter \INIT = 64'0001011101110111010111111111111100111111111111111111111111111111
Found cached RTLIL representation for module `$paramod$59d1e71730573726016523635ae12d9a36d2e6b7\GTP_LUT6'.
Parameter \INIT = 64'0001011101110111010111111111111100111111111111111111111111111111
Found cached RTLIL representation for module `$paramod$59d1e71730573726016523635ae12d9a36d2e6b7\GTP_LUT6'.
Parameter \INIT = 64'1001011001100110010110101010101000111100110011001111000000000000
Found cached RTLIL representation for module `$paramod$6467decad80f9f1fe527a343c1088f0670b6a372\GTP_LUT6'.
Parameter \INIT = 64'1001011001100110010110101010101000111100110011001111000000000000
Found cached RTLIL representation for module `$paramod$6467decad80f9f1fe527a343c1088f0670b6a372\GTP_LUT6'.
Parameter \INIT = 64'0110100110011001101001010101010111000011001100110000111111111111
Found cached RTLIL representation for module `$paramod$12ac32869a3b0344482a06de893b1c422a497c6b\GTP_LUT6'.
Parameter \INIT = 64'1001011001100110010110101010101000111100110011001111000000000000
Found cached RTLIL representation for module `$paramod$6467decad80f9f1fe527a343c1088f0670b6a372\GTP_LUT6'.
Parameter \INIT = 64'1001011001100110010110101010101000111100110011001111000000000000
Found cached RTLIL representation for module `$paramod$6467decad80f9f1fe527a343c1088f0670b6a372\GTP_LUT6'.
Parameter \INIT = 64'0110100110011001101001010101010111000011001100110000111111111111
Found cached RTLIL representation for module `$paramod$12ac32869a3b0344482a06de893b1c422a497c6b\GTP_LUT6'.
Parameter \INIT = 64'0110100110011001101001010101010111000011001100110000111111111111
Found cached RTLIL representation for module `$paramod$12ac32869a3b0344482a06de893b1c422a497c6b\GTP_LUT6'.
Parameter \INIT = 64'1001011001100110010110101010101000111100110011001111000000000000
Found cached RTLIL representation for module `$paramod$6467decad80f9f1fe527a343c1088f0670b6a372\GTP_LUT6'.
Parameter \INIT = 64'1001011001100110010110101010101000111100110011001111000000000000
Found cached RTLIL representation for module `$paramod$6467decad80f9f1fe527a343c1088f0670b6a372\GTP_LUT6'.
Parameter \INIT = 64'0110100110011001101001010101010111000011001100110000111111111111
Found cached RTLIL representation for module `$paramod$12ac32869a3b0344482a06de893b1c422a497c6b\GTP_LUT6'.
Parameter \INIT = 64'0001011101110111010111111111111100111111111111111111111111111111
Found cached RTLIL representation for module `$paramod$59d1e71730573726016523635ae12d9a36d2e6b7\GTP_LUT6'.
Parameter \INIT = 64'0001011101110111010111111111111100111111111111111111111111111111
Found cached RTLIL representation for module `$paramod$59d1e71730573726016523635ae12d9a36d2e6b7\GTP_LUT6'.
Parameter \INIT = 64'0110100110011001101001010101010111000011001100110000111111111111
Found cached RTLIL representation for module `$paramod$12ac32869a3b0344482a06de893b1c422a497c6b\GTP_LUT6'.
Parameter \INIT = 64'0001011101110111010111111111111100111111111111111111111111111111
Found cached RTLIL representation for module `$paramod$59d1e71730573726016523635ae12d9a36d2e6b7\GTP_LUT6'.
Parameter \INIT = 64'0001011101110111010111111111111100111111111111111111111111111111
Found cached RTLIL representation for module `$paramod$59d1e71730573726016523635ae12d9a36d2e6b7\GTP_LUT6'.
Parameter \INIT = 64'0001011101110111010111111111111100111111111111111111111111111111
Found cached RTLIL representation for module `$paramod$59d1e71730573726016523635ae12d9a36d2e6b7\GTP_LUT6'.
Parameter \INIT = 64'0001011101110111010111111111111100111111111111111111111111111111
Found cached RTLIL representation for module `$paramod$59d1e71730573726016523635ae12d9a36d2e6b7\GTP_LUT6'.
Parameter \INIT = 64'0001011101110111010111111111111100111111111111111111111111111111
Found cached RTLIL representation for module `$paramod$59d1e71730573726016523635ae12d9a36d2e6b7\GTP_LUT6'.
Parameter \INIT = 64'0110100110011001101001010101010111000011001100110000111111111111
Found cached RTLIL representation for module `$paramod$12ac32869a3b0344482a06de893b1c422a497c6b\GTP_LUT6'.
Parameter \INIT = 64'1001011001100110010110101010101000111100110011001111000000000000
Found cached RTLIL representation for module `$paramod$6467decad80f9f1fe527a343c1088f0670b6a372\GTP_LUT6'.
Parameter \INIT = 64'0110100110011001101001010101010111000011001100110000111111111111
Found cached RTLIL representation for module `$paramod$12ac32869a3b0344482a06de893b1c422a497c6b\GTP_LUT6'.
Parameter \INIT = 64'0110100110011001101001010101010111000011001100110000111111111111
Found cached RTLIL representation for module `$paramod$12ac32869a3b0344482a06de893b1c422a497c6b\GTP_LUT6'.
Parameter \INIT = 64'1001011001100110010110101010101000111100110011001111000000000000
Found cached RTLIL representation for module `$paramod$6467decad80f9f1fe527a343c1088f0670b6a372\GTP_LUT6'.
Parameter \INIT = 64'0110100110011001101001010101010111000011001100110000111111111111
Found cached RTLIL representation for module `$paramod$12ac32869a3b0344482a06de893b1c422a497c6b\GTP_LUT6'.
Parameter \INIT = 64'1001011001100110010110101010101000111100110011001111000000000000
Found cached RTLIL representation for module `$paramod$6467decad80f9f1fe527a343c1088f0670b6a372\GTP_LUT6'.
Parameter \INIT = 64'1001011001100110010110101010101000111100110011001111000000000000
Found cached RTLIL representation for module `$paramod$6467decad80f9f1fe527a343c1088f0670b6a372\GTP_LUT6'.
Parameter \INIT = 64'0110100110011001101001010101010111000011001100110000111111111111
Found cached RTLIL representation for module `$paramod$12ac32869a3b0344482a06de893b1c422a497c6b\GTP_LUT6'.
Parameter \INIT = 64'1001011001100110010110101010101000111100110011001111000000000000
Found cached RTLIL representation for module `$paramod$6467decad80f9f1fe527a343c1088f0670b6a372\GTP_LUT6'.
Parameter \INIT = 64'0110100110011001101001010101010111000011001100110000111111111111
Found cached RTLIL representation for module `$paramod$12ac32869a3b0344482a06de893b1c422a497c6b\GTP_LUT6'.
Parameter \INIT = 64'0110100110011001101001010101010111000011001100110000111111111111
Found cached RTLIL representation for module `$paramod$12ac32869a3b0344482a06de893b1c422a497c6b\GTP_LUT6'.
Parameter \INIT = 64'1001011001100110010110101010101000111100110011001111000000000000
Found cached RTLIL representation for module `$paramod$6467decad80f9f1fe527a343c1088f0670b6a372\GTP_LUT6'.
Parameter \INIT = 64'0110100110011001101001010101010111000011001100110000111111111111
Found cached RTLIL representation for module `$paramod$12ac32869a3b0344482a06de893b1c422a497c6b\GTP_LUT6'.
Parameter \INIT = 64'1001011001100110010110101010101000111100110011001111000000000000
Found cached RTLIL representation for module `$paramod$6467decad80f9f1fe527a343c1088f0670b6a372\GTP_LUT6'.
Parameter \INIT = 64'1001011001100110010110101010101000111100110011001111000000000000
Found cached RTLIL representation for module `$paramod$6467decad80f9f1fe527a343c1088f0670b6a372\GTP_LUT6'.
Parameter \INIT = 64'1001011001100110010110101010101000111100110011001111000000000000
Found cached RTLIL representation for module `$paramod$6467decad80f9f1fe527a343c1088f0670b6a372\GTP_LUT6'.
Parameter \INIT = 64'0001011101110111010111111111111100111111111111111111111111111111
Found cached RTLIL representation for module `$paramod$59d1e71730573726016523635ae12d9a36d2e6b7\GTP_LUT6'.
Parameter \INIT = 64'0001011101110111010111111111111100111111111111111111111111111111
Found cached RTLIL representation for module `$paramod$59d1e71730573726016523635ae12d9a36d2e6b7\GTP_LUT6'.
Parameter \INIT = 64'1001011001100110010110101010101000111100110011001111000000000000
Found cached RTLIL representation for module `$paramod$6467decad80f9f1fe527a343c1088f0670b6a372\GTP_LUT6'.
Parameter \INIT = 64'0001011101110111010111111111111100111111111111111111111111111111
Found cached RTLIL representation for module `$paramod$59d1e71730573726016523635ae12d9a36d2e6b7\GTP_LUT6'.
Parameter \INIT = 64'0001011101110111010111111111111100111111111111111111111111111111
Found cached RTLIL representation for module `$paramod$59d1e71730573726016523635ae12d9a36d2e6b7\GTP_LUT6'.
Parameter \INIT = 64'0001011101011111111111111111111100111111111111111111111111111111
Found cached RTLIL representation for module `$paramod$ac66e494c4be501c3d49c47fc7813e43a763fc64\GTP_LUT6'.
Parameter \INIT = 64'1001011001100110010110101010101000111100110011001111000000000000
Found cached RTLIL representation for module `$paramod$6467decad80f9f1fe527a343c1088f0670b6a372\GTP_LUT6'.
Parameter \INIT = 64'0001011101110111010111111111111100111111111111111111111111111111
Found cached RTLIL representation for module `$paramod$59d1e71730573726016523635ae12d9a36d2e6b7\GTP_LUT6'.
Parameter \INIT = 64'1001011001100110010110101010101000111100110011001111000000000000
Found cached RTLIL representation for module `$paramod$6467decad80f9f1fe527a343c1088f0670b6a372\GTP_LUT6'.
Parameter \INIT = 64'0110100110011001101001010101010111000011001100110000111111111111
Found cached RTLIL representation for module `$paramod$12ac32869a3b0344482a06de893b1c422a497c6b\GTP_LUT6'.
Parameter \INIT = 64'1001011001100110010110101010101000111100110011001111000000000000
Found cached RTLIL representation for module `$paramod$6467decad80f9f1fe527a343c1088f0670b6a372\GTP_LUT6'.
Parameter \INIT = 64'0110100110011001101001010101010111000011001100110000111111111111
Found cached RTLIL representation for module `$paramod$12ac32869a3b0344482a06de893b1c422a497c6b\GTP_LUT6'.
Parameter \INIT = 64'0110100110011001101001010101010111000011001100110000111111111111
Found cached RTLIL representation for module `$paramod$12ac32869a3b0344482a06de893b1c422a497c6b\GTP_LUT6'.
Parameter \INIT = 64'0110100110011001101001010101010111000011001100110000111111111111
Found cached RTLIL representation for module `$paramod$12ac32869a3b0344482a06de893b1c422a497c6b\GTP_LUT6'.
Parameter \INIT = 64'1001011001100110010110101010101000111100110011001111000000000000
Found cached RTLIL representation for module `$paramod$6467decad80f9f1fe527a343c1088f0670b6a372\GTP_LUT6'.
Parameter \INIT = 64'0001011101110111010111111111111100111111111111111111111111111111
Found cached RTLIL representation for module `$paramod$59d1e71730573726016523635ae12d9a36d2e6b7\GTP_LUT6'.
Parameter \INIT = 64'0001011101110111010111111111111100111111111111111111111111111111
Found cached RTLIL representation for module `$paramod$59d1e71730573726016523635ae12d9a36d2e6b7\GTP_LUT6'.
Parameter \INIT = 64'0001011101110111010111111111111100111111111111111111111111111111
Found cached RTLIL representation for module `$paramod$59d1e71730573726016523635ae12d9a36d2e6b7\GTP_LUT6'.
Parameter \INIT = 64'0110100110011001101001010101010111000011001100110000111111111111
Found cached RTLIL representation for module `$paramod$12ac32869a3b0344482a06de893b1c422a497c6b\GTP_LUT6'.
Parameter \INIT = 64'1001011001100110010110101010101000111100110011001111000000000000
Found cached RTLIL representation for module `$paramod$6467decad80f9f1fe527a343c1088f0670b6a372\GTP_LUT6'.
Parameter \INIT = 64'1001011001100110010110101010101000111100110011001111000000000000
Found cached RTLIL representation for module `$paramod$6467decad80f9f1fe527a343c1088f0670b6a372\GTP_LUT6'.
Parameter \INIT = 64'0110100110011001101001010101010111000011001100110000111111111111
Found cached RTLIL representation for module `$paramod$12ac32869a3b0344482a06de893b1c422a497c6b\GTP_LUT6'.
Parameter \INIT = 64'0110100110011001101001010101010111000011001100110000111111111111
Found cached RTLIL representation for module `$paramod$12ac32869a3b0344482a06de893b1c422a497c6b\GTP_LUT6'.
Parameter \INIT = 64'0110100110011001101001010101010111000011001100110000111111111111
Found cached RTLIL representation for module `$paramod$12ac32869a3b0344482a06de893b1c422a497c6b\GTP_LUT6'.
Parameter \INIT = 64'1001011001100110010110101010101000111100110011001111000000000000
Found cached RTLIL representation for module `$paramod$6467decad80f9f1fe527a343c1088f0670b6a372\GTP_LUT6'.
Parameter \INIT = 64'0110100110011001101001010101010111000011001100110000111111111111
Found cached RTLIL representation for module `$paramod$12ac32869a3b0344482a06de893b1c422a497c6b\GTP_LUT6'.
Parameter \INIT = 64'1001011001100110010110101010101000111100110011001111000000000000
Found cached RTLIL representation for module `$paramod$6467decad80f9f1fe527a343c1088f0670b6a372\GTP_LUT6'.
Parameter \INIT = 64'0001011101110111010111111111111100111111111111111111111111111111
Found cached RTLIL representation for module `$paramod$59d1e71730573726016523635ae12d9a36d2e6b7\GTP_LUT6'.
Parameter \INIT = 64'0110100110011001101001010101010111000011001100110000111111111111
Found cached RTLIL representation for module `$paramod$12ac32869a3b0344482a06de893b1c422a497c6b\GTP_LUT6'.
Parameter \INIT = 64'0001011101110111010111111111111100111111111111111111111111111111
Found cached RTLIL representation for module `$paramod$59d1e71730573726016523635ae12d9a36d2e6b7\GTP_LUT6'.
Parameter \INIT = 64'0001011101110111010111111111111100111111111111111111111111111111
Found cached RTLIL representation for module `$paramod$59d1e71730573726016523635ae12d9a36d2e6b7\GTP_LUT6'.
Parameter \INIT = 64'0001011101110111010111111111111100111111111111111111111111111111
Found cached RTLIL representation for module `$paramod$59d1e71730573726016523635ae12d9a36d2e6b7\GTP_LUT6'.
Parameter \INIT = 64'0001011101110111010111111111111100111111111111111111111111111111
Found cached RTLIL representation for module `$paramod$59d1e71730573726016523635ae12d9a36d2e6b7\GTP_LUT6'.
Parameter \INIT = 64'0001011101110111010111111111111100111111111111111111111111111111
Found cached RTLIL representation for module `$paramod$59d1e71730573726016523635ae12d9a36d2e6b7\GTP_LUT6'.
Parameter \INIT = 64'1001011001100110010110101010101000111100110011001111000000000000
Found cached RTLIL representation for module `$paramod$6467decad80f9f1fe527a343c1088f0670b6a372\GTP_LUT6'.
Parameter \INIT = 64'0110100110011001101001010101010111000011001100110000111111111111
Found cached RTLIL representation for module `$paramod$12ac32869a3b0344482a06de893b1c422a497c6b\GTP_LUT6'.
Parameter \INIT = 64'0001011101110111010111111111111100111111111111111111111111111111
Found cached RTLIL representation for module `$paramod$59d1e71730573726016523635ae12d9a36d2e6b7\GTP_LUT6'.
Parameter \INIT = 64'0110100110011001101001010101010111000011001100110000111111111111
Found cached RTLIL representation for module `$paramod$12ac32869a3b0344482a06de893b1c422a497c6b\GTP_LUT6'.
Parameter \INIT = 64'0110100110011001101001010101010111000011001100110000111111111111
Found cached RTLIL representation for module `$paramod$12ac32869a3b0344482a06de893b1c422a497c6b\GTP_LUT6'.
Parameter \INIT = 64'1001011001100110010110101010101000111100110011001111000000000000
Found cached RTLIL representation for module `$paramod$6467decad80f9f1fe527a343c1088f0670b6a372\GTP_LUT6'.
Parameter \INIT = 64'0110100110011001101001010101010111000011001100110000111111111111
Found cached RTLIL representation for module `$paramod$12ac32869a3b0344482a06de893b1c422a497c6b\GTP_LUT6'.
Parameter \INIT = 64'1001011001100110010110101010101000111100110011001111000000000000
Found cached RTLIL representation for module `$paramod$6467decad80f9f1fe527a343c1088f0670b6a372\GTP_LUT6'.
Parameter \INIT = 64'0001011101110111010111111111111100111111111111111111111111111111
Found cached RTLIL representation for module `$paramod$59d1e71730573726016523635ae12d9a36d2e6b7\GTP_LUT6'.
Parameter \INIT = 64'0001011101110111010111111111111100111111111111111111111111111111
Found cached RTLIL representation for module `$paramod$59d1e71730573726016523635ae12d9a36d2e6b7\GTP_LUT6'.
Parameter \INIT = 64'0110100110011001101001010101010111000011001100110000111111111111
Found cached RTLIL representation for module `$paramod$12ac32869a3b0344482a06de893b1c422a497c6b\GTP_LUT6'.
Parameter \INIT = 64'1001011001100110010110101010101000111100110011001111000000000000
Found cached RTLIL representation for module `$paramod$6467decad80f9f1fe527a343c1088f0670b6a372\GTP_LUT6'.
Parameter \INIT = 64'1001011001100110010110101010101000111100110011001111000000000000
Found cached RTLIL representation for module `$paramod$6467decad80f9f1fe527a343c1088f0670b6a372\GTP_LUT6'.
Parameter \INIT = 64'0110100110011001101001010101010111000011001100110000111111111111
Found cached RTLIL representation for module `$paramod$12ac32869a3b0344482a06de893b1c422a497c6b\GTP_LUT6'.
Parameter \INIT = 64'0110100110011001101001010101010111000011001100110000111111111111
Found cached RTLIL representation for module `$paramod$12ac32869a3b0344482a06de893b1c422a497c6b\GTP_LUT6'.
Parameter \INIT = 64'1001011001100110010110101010101000111100110011001111000000000000
Found cached RTLIL representation for module `$paramod$6467decad80f9f1fe527a343c1088f0670b6a372\GTP_LUT6'.
Parameter \INIT = 64'1001011001100110010110101010101000111100110011001111000000000000
Found cached RTLIL representation for module `$paramod$6467decad80f9f1fe527a343c1088f0670b6a372\GTP_LUT6'.
Parameter \INIT = 64'1001011001100110010110101010101000111100110011001111000000000000
Found cached RTLIL representation for module `$paramod$6467decad80f9f1fe527a343c1088f0670b6a372\GTP_LUT6'.
Parameter \INIT = 64'0110100110011001101001010101010111000011001100110000111111111111
Found cached RTLIL representation for module `$paramod$12ac32869a3b0344482a06de893b1c422a497c6b\GTP_LUT6'.
Parameter \INIT = 64'0110100110011001101001010101010111000011001100110000111111111111
Found cached RTLIL representation for module `$paramod$12ac32869a3b0344482a06de893b1c422a497c6b\GTP_LUT6'.
Parameter \INIT = 64'1001011001100110010110101010101000111100110011001111000000000000
Found cached RTLIL representation for module `$paramod$6467decad80f9f1fe527a343c1088f0670b6a372\GTP_LUT6'.
Parameter \INIT = 64'0110100110011001101001010101010111000011001100110000111111111111
Found cached RTLIL representation for module `$paramod$12ac32869a3b0344482a06de893b1c422a497c6b\GTP_LUT6'.
Parameter \INIT = 64'0110100110011001101001010101010111000011001100110000111111111111
Found cached RTLIL representation for module `$paramod$12ac32869a3b0344482a06de893b1c422a497c6b\GTP_LUT6'.
Parameter \INIT = 64'1001011001100110010110101010101000111100110011001111000000000000
Found cached RTLIL representation for module `$paramod$6467decad80f9f1fe527a343c1088f0670b6a372\GTP_LUT6'.
Parameter \INIT = 64'0001011101110111010111111111111100111111111111111111111111111111
Found cached RTLIL representation for module `$paramod$59d1e71730573726016523635ae12d9a36d2e6b7\GTP_LUT6'.
Parameter \INIT = 64'0110100110011001101001010101010111000011001100110000111111111111
Found cached RTLIL representation for module `$paramod$12ac32869a3b0344482a06de893b1c422a497c6b\GTP_LUT6'.
Parameter \INIT = 64'0110100110011001101001010101010111000011001100110000111111111111
Found cached RTLIL representation for module `$paramod$12ac32869a3b0344482a06de893b1c422a497c6b\GTP_LUT6'.
Parameter \INIT = 64'1001011001100110010110101010101000111100110011001111000000000000
Found cached RTLIL representation for module `$paramod$6467decad80f9f1fe527a343c1088f0670b6a372\GTP_LUT6'.
Parameter \INIT = 64'0110100110011001101001010101010111000011001100110000111111111111
Found cached RTLIL representation for module `$paramod$12ac32869a3b0344482a06de893b1c422a497c6b\GTP_LUT6'.
Parameter \INIT = 64'0110100110011001101001010101010111000011001100110000111111111111
Found cached RTLIL representation for module `$paramod$12ac32869a3b0344482a06de893b1c422a497c6b\GTP_LUT6'.
Parameter \INIT = 64'1001011001100110010110101010101000111100110011001111000000000000
Found cached RTLIL representation for module `$paramod$6467decad80f9f1fe527a343c1088f0670b6a372\GTP_LUT6'.
Parameter \INIT = 64'0001011101110111010111111111111100111111111111111111111111111111
Found cached RTLIL representation for module `$paramod$59d1e71730573726016523635ae12d9a36d2e6b7\GTP_LUT6'.
Parameter \INIT = 64'0001011101110111010111111111111100111111111111111111111111111111
Found cached RTLIL representation for module `$paramod$59d1e71730573726016523635ae12d9a36d2e6b7\GTP_LUT6'.
Parameter \INIT = 64'0001011101110111010111111111111100111111111111111111111111111111
Found cached RTLIL representation for module `$paramod$59d1e71730573726016523635ae12d9a36d2e6b7\GTP_LUT6'.
Parameter \INIT = 64'0001011101110111010111111111111100111111111111111111111111111111
Found cached RTLIL representation for module `$paramod$59d1e71730573726016523635ae12d9a36d2e6b7\GTP_LUT6'.
Parameter \INIT = 64'1001011001100110010110101010101000111100110011001111000000000000
Found cached RTLIL representation for module `$paramod$6467decad80f9f1fe527a343c1088f0670b6a372\GTP_LUT6'.
Parameter \INIT = 64'1001011001100110010110101010101000111100110011001111000000000000
Found cached RTLIL representation for module `$paramod$6467decad80f9f1fe527a343c1088f0670b6a372\GTP_LUT6'.
Parameter \INIT = 64'1001011001100110010110101010101000111100110011001111000000000000
Found cached RTLIL representation for module `$paramod$6467decad80f9f1fe527a343c1088f0670b6a372\GTP_LUT6'.
Parameter \INIT = 64'0110100110011001101001010101010111000011001100110000111111111111
Found cached RTLIL representation for module `$paramod$12ac32869a3b0344482a06de893b1c422a497c6b\GTP_LUT6'.
Parameter \INIT = 64'0110100110011001101001010101010111000011001100110000111111111111
Found cached RTLIL representation for module `$paramod$12ac32869a3b0344482a06de893b1c422a497c6b\GTP_LUT6'.
Parameter \INIT = 64'1001011001100110010110101010101000111100110011001111000000000000
Found cached RTLIL representation for module `$paramod$6467decad80f9f1fe527a343c1088f0670b6a372\GTP_LUT6'.
Parameter \INIT = 64'1001011001100110010110101010101000111100110011001111000000000000
Found cached RTLIL representation for module `$paramod$6467decad80f9f1fe527a343c1088f0670b6a372\GTP_LUT6'.
Parameter \INIT = 64'1001011001100110010110101010101000111100110011001111000000000000
Found cached RTLIL representation for module `$paramod$6467decad80f9f1fe527a343c1088f0670b6a372\GTP_LUT6'.
Parameter \INIT = 64'0001011101110111010111111111111100111111111111111111111111111111
Found cached RTLIL representation for module `$paramod$59d1e71730573726016523635ae12d9a36d2e6b7\GTP_LUT6'.
Parameter \INIT = 64'0110100110011001101001010101010111000011001100110000111111111111
Found cached RTLIL representation for module `$paramod$12ac32869a3b0344482a06de893b1c422a497c6b\GTP_LUT6'.
Parameter \INIT = 64'0110100110011001101001010101010111000011001100110000111111111111
Found cached RTLIL representation for module `$paramod$12ac32869a3b0344482a06de893b1c422a497c6b\GTP_LUT6'.
Parameter \INIT = 64'1001011001100110010110101010101000111100110011001111000000000000
Found cached RTLIL representation for module `$paramod$6467decad80f9f1fe527a343c1088f0670b6a372\GTP_LUT6'.
Parameter \INIT = 64'0001011101110111010111111111111100111111111111111111111111111111
Found cached RTLIL representation for module `$paramod$59d1e71730573726016523635ae12d9a36d2e6b7\GTP_LUT6'.
Parameter \INIT = 64'0001011101110111010111111111111100111111111111111111111111111111
Found cached RTLIL representation for module `$paramod$59d1e71730573726016523635ae12d9a36d2e6b7\GTP_LUT6'.
Parameter \INIT = 64'0001011101110111010111111111111100111111111111111111111111111111
Found cached RTLIL representation for module `$paramod$59d1e71730573726016523635ae12d9a36d2e6b7\GTP_LUT6'.
Parameter \INIT = 64'0110100110011001101001010101010111000011001100110000111111111111
Found cached RTLIL representation for module `$paramod$12ac32869a3b0344482a06de893b1c422a497c6b\GTP_LUT6'.
Parameter \INIT = 64'0110100110011001101001010101010111000011001100110000111111111111
Found cached RTLIL representation for module `$paramod$12ac32869a3b0344482a06de893b1c422a497c6b\GTP_LUT6'.
Parameter \INIT = 64'1001011001100110010110101010101000111100110011001111000000000000
Found cached RTLIL representation for module `$paramod$6467decad80f9f1fe527a343c1088f0670b6a372\GTP_LUT6'.
Parameter \INIT = 64'0001011101110111010111111111111100111111111111111111111111111111
Found cached RTLIL representation for module `$paramod$59d1e71730573726016523635ae12d9a36d2e6b7\GTP_LUT6'.
Parameter \INIT = 64'1001011001100110010110101010101000111100110011001111000000000000
Found cached RTLIL representation for module `$paramod$6467decad80f9f1fe527a343c1088f0670b6a372\GTP_LUT6'.
Parameter \INIT = 64'0001011101110111010111111111111100111111111111111111111111111111
Found cached RTLIL representation for module `$paramod$59d1e71730573726016523635ae12d9a36d2e6b7\GTP_LUT6'.
Parameter \INIT = 64'1001011001100110010110101010101000111100110011001111000000000000
Found cached RTLIL representation for module `$paramod$6467decad80f9f1fe527a343c1088f0670b6a372\GTP_LUT6'.
Parameter \INIT = 64'1001011001100110010110101010101000111100110011001111000000000000
Found cached RTLIL representation for module `$paramod$6467decad80f9f1fe527a343c1088f0670b6a372\GTP_LUT6'.
Parameter \INIT = 64'1001011001100110010110101010101000111100110011001111000000000000
Found cached RTLIL representation for module `$paramod$6467decad80f9f1fe527a343c1088f0670b6a372\GTP_LUT6'.
Parameter \INIT = 64'1001011001100110010110101010101000111100110011001111000000000000
Found cached RTLIL representation for module `$paramod$6467decad80f9f1fe527a343c1088f0670b6a372\GTP_LUT6'.
Parameter \INIT = 64'1001011001100110010110101010101000111100110011001111000000000000
Found cached RTLIL representation for module `$paramod$6467decad80f9f1fe527a343c1088f0670b6a372\GTP_LUT6'.
Parameter \INIT = 64'1001011001100110010110101010101000111100110011001111000000000000
Found cached RTLIL representation for module `$paramod$6467decad80f9f1fe527a343c1088f0670b6a372\GTP_LUT6'.
Parameter \INIT = 64'0110100110011001101001010101010111000011001100110000111111111111
Found cached RTLIL representation for module `$paramod$12ac32869a3b0344482a06de893b1c422a497c6b\GTP_LUT6'.
Parameter \INIT = 64'1001011001100110010110101010101000111100110011001111000000000000
Found cached RTLIL representation for module `$paramod$6467decad80f9f1fe527a343c1088f0670b6a372\GTP_LUT6'.
Parameter \INIT = 64'0110100110011001101001010101010111000011001100110000111111111111
Found cached RTLIL representation for module `$paramod$12ac32869a3b0344482a06de893b1c422a497c6b\GTP_LUT6'.
Parameter \INIT = 64'1001011001100110010110101010101000111100110011001111000000000000
Found cached RTLIL representation for module `$paramod$6467decad80f9f1fe527a343c1088f0670b6a372\GTP_LUT6'.
Parameter \INIT = 64'1001011001100110010110101010101000111100110011001111000000000000
Found cached RTLIL representation for module `$paramod$6467decad80f9f1fe527a343c1088f0670b6a372\GTP_LUT6'.
Parameter \INIT = 64'0110100110011001101001010101010111000011001100110000111111111111
Found cached RTLIL representation for module `$paramod$12ac32869a3b0344482a06de893b1c422a497c6b\GTP_LUT6'.
Parameter \INIT = 64'1001011001100110010110101010101000111100110011001111000000000000
Found cached RTLIL representation for module `$paramod$6467decad80f9f1fe527a343c1088f0670b6a372\GTP_LUT6'.
Parameter \INIT = 64'0110100110011001101001010101010111000011001100110000111111111111
Found cached RTLIL representation for module `$paramod$12ac32869a3b0344482a06de893b1c422a497c6b\GTP_LUT6'.
Parameter \INIT = 64'0110100110011001101001010101010111000011001100110000111111111111
Found cached RTLIL representation for module `$paramod$12ac32869a3b0344482a06de893b1c422a497c6b\GTP_LUT6'.
Parameter \INIT = 64'0110100110011001101001010101010111000011001100110000111111111111
Found cached RTLIL representation for module `$paramod$12ac32869a3b0344482a06de893b1c422a497c6b\GTP_LUT6'.
Parameter \INIT = 64'0001011101110111010111111111111100111111111111111111111111111111
Found cached RTLIL representation for module `$paramod$59d1e71730573726016523635ae12d9a36d2e6b7\GTP_LUT6'.
Parameter \INIT = 64'1001011001100110010110101010101000111100110011001111000000000000
Found cached RTLIL representation for module `$paramod$6467decad80f9f1fe527a343c1088f0670b6a372\GTP_LUT6'.
Parameter \INIT = 64'1001110001100110010110101010101000110110110011001111000000000000

3.96. Executing AST frontend in derive mode using pre-parsed AST for module `\GTP_LUT6'.
Parameter \INIT = 64'1001110001100110010110101010101000110110110011001111000000000000
Generating RTLIL representation for module `$paramod$29ed4a338ac22fc5e8ee67904c699e7f572c14da\GTP_LUT6'.
Parameter \INIT = 64'0001011101110111010111111111111100111111111111111111111111111111
Found cached RTLIL representation for module `$paramod$59d1e71730573726016523635ae12d9a36d2e6b7\GTP_LUT6'.
Parameter \INIT = 64'0001011101110111010111111111111100111111111111111111111111111111
Found cached RTLIL representation for module `$paramod$59d1e71730573726016523635ae12d9a36d2e6b7\GTP_LUT6'.
Parameter \INIT = 64'0110100110011001101001010101010111000011001100110000111111111111
Found cached RTLIL representation for module `$paramod$12ac32869a3b0344482a06de893b1c422a497c6b\GTP_LUT6'.
Parameter \INIT = 64'0110100110011001101001010101010111000011001100110000111111111111
Found cached RTLIL representation for module `$paramod$12ac32869a3b0344482a06de893b1c422a497c6b\GTP_LUT6'.
Parameter \INIT = 64'1001011001100110010110101010101000111100110011001111000000000000
Found cached RTLIL representation for module `$paramod$6467decad80f9f1fe527a343c1088f0670b6a372\GTP_LUT6'.
Parameter \INIT = 64'0110100110011001101001010101010111000011001100110000111111111111
Found cached RTLIL representation for module `$paramod$12ac32869a3b0344482a06de893b1c422a497c6b\GTP_LUT6'.
Parameter \INIT = 64'0110100110011001101001010101010111000011001100110000111111111111
Found cached RTLIL representation for module `$paramod$12ac32869a3b0344482a06de893b1c422a497c6b\GTP_LUT6'.
Parameter \INIT = 64'0001010101110111010111111111111100110111111111111111111111111111

3.97. Executing AST frontend in derive mode using pre-parsed AST for module `\GTP_LUT6'.
Parameter \INIT = 64'0001010101110111010111111111111100110111111111111111111111111111
Generating RTLIL representation for module `$paramod$f2b8da729649a8d2feb523ab9a0b10d65898f949\GTP_LUT6'.
Parameter \INIT = 64'0001011101110111010111111111111100111111111111111111111111111111
Found cached RTLIL representation for module `$paramod$59d1e71730573726016523635ae12d9a36d2e6b7\GTP_LUT6'.
Parameter \INIT = 64'0001011101110111010111111111111100111111111111111111111111111111
Found cached RTLIL representation for module `$paramod$59d1e71730573726016523635ae12d9a36d2e6b7\GTP_LUT6'.
Parameter \INIT = 64'0001011101110111010111111111111100111111111111111111111111111111
Found cached RTLIL representation for module `$paramod$59d1e71730573726016523635ae12d9a36d2e6b7\GTP_LUT6'.
Parameter \INIT = 64'0110100110011001101001010101010111000011001100110000111111111111
Found cached RTLIL representation for module `$paramod$12ac32869a3b0344482a06de893b1c422a497c6b\GTP_LUT6'.
Parameter \INIT = 64'0110100110011001101001010101010111000011001100110000111111111111
Found cached RTLIL representation for module `$paramod$12ac32869a3b0344482a06de893b1c422a497c6b\GTP_LUT6'.
Parameter \INIT = 64'0001011101110111010111111111111100111111111111111111111111111111
Found cached RTLIL representation for module `$paramod$59d1e71730573726016523635ae12d9a36d2e6b7\GTP_LUT6'.
Parameter \INIT = 64'0110100110011001101001010101010111000011001100110000111111111111
Found cached RTLIL representation for module `$paramod$12ac32869a3b0344482a06de893b1c422a497c6b\GTP_LUT6'.
Parameter \INIT = 64'0001011101110111010111111111111100111111111111111111111111111111
Found cached RTLIL representation for module `$paramod$59d1e71730573726016523635ae12d9a36d2e6b7\GTP_LUT6'.
Parameter \INIT = 64'0001011101110111010111111111111100111111111111111111111111111111
Found cached RTLIL representation for module `$paramod$59d1e71730573726016523635ae12d9a36d2e6b7\GTP_LUT6'.
Parameter \INIT = 64'0110100110011001101001010101010111000011001100110000111111111111
Found cached RTLIL representation for module `$paramod$12ac32869a3b0344482a06de893b1c422a497c6b\GTP_LUT6'.
Parameter \INIT = 64'0001011101110111010111111111111100111111111111111111111111111111
Found cached RTLIL representation for module `$paramod$59d1e71730573726016523635ae12d9a36d2e6b7\GTP_LUT6'.
Parameter \INIT = 64'0001011101110111010111111111111100111111111111111111111111111111
Found cached RTLIL representation for module `$paramod$59d1e71730573726016523635ae12d9a36d2e6b7\GTP_LUT6'.
Parameter \INIT = 64'0110100110011001101001010101010111000011001100110000111111111111
Found cached RTLIL representation for module `$paramod$12ac32869a3b0344482a06de893b1c422a497c6b\GTP_LUT6'.
Parameter \INIT = 64'0110100110011001101001010101010111000011001100110000111111111111
Found cached RTLIL representation for module `$paramod$12ac32869a3b0344482a06de893b1c422a497c6b\GTP_LUT6'.
Parameter \INIT = 64'0110100110011001101001010101010111000011001100110000111111111111
Found cached RTLIL representation for module `$paramod$12ac32869a3b0344482a06de893b1c422a497c6b\GTP_LUT6'.
Parameter \INIT = 64'0001011101110111010111111111111100111111111111111111111111111111
Found cached RTLIL representation for module `$paramod$59d1e71730573726016523635ae12d9a36d2e6b7\GTP_LUT6'.
Parameter \INIT = 64'0001011101110111010111111111111100111111111111111111111111111111
Found cached RTLIL representation for module `$paramod$59d1e71730573726016523635ae12d9a36d2e6b7\GTP_LUT6'.
Parameter \INIT = 64'0001011101110111010111111111111100111111111111111111111111111111
Found cached RTLIL representation for module `$paramod$59d1e71730573726016523635ae12d9a36d2e6b7\GTP_LUT6'.
Parameter \INIT = 64'0110100110011001101001010101010111000011001100110000111111111111
Found cached RTLIL representation for module `$paramod$12ac32869a3b0344482a06de893b1c422a497c6b\GTP_LUT6'.
Parameter \INIT = 64'0001011101110111010111111111111100111111111111111111111111111111
Found cached RTLIL representation for module `$paramod$59d1e71730573726016523635ae12d9a36d2e6b7\GTP_LUT6'.
Parameter \INIT = 64'1001011001100110010110101010101000111100110011001111000000000000
Found cached RTLIL representation for module `$paramod$6467decad80f9f1fe527a343c1088f0670b6a372\GTP_LUT6'.
Parameter \INIT = 2147450880

3.98. Executing AST frontend in derive mode using pre-parsed AST for module `\GTP_LUT5'.
Parameter \INIT = 2147450880
Generating RTLIL representation for module `$paramod\GTP_LUT5\INIT=32'01111111111111111000000000000000'.
Parameter \INIT = 327114751

3.99. Executing AST frontend in derive mode using pre-parsed AST for module `\GTP_LUT5'.
Parameter \INIT = 327114751
Generating RTLIL representation for module `$paramod\GTP_LUT5\INIT=32'00010011011111110101111111111111'.
Parameter \INIT = 1789575168
Found cached RTLIL representation for module `$paramod\GTP_LUT5\INIT=32'01101010101010101100000000000000'.
Parameter \INIT = 919400448

3.100. Executing AST frontend in derive mode using pre-parsed AST for module `\GTP_LUT5'.
Parameter \INIT = 919400448
Generating RTLIL representation for module `$paramod\GTP_LUT5\INIT=32'00110110110011001111000000000000'.
Parameter \INIT = 8'11101000

3.101. Executing AST frontend in derive mode using pre-parsed AST for module `\GTP_LUT3'.
Parameter \INIT = 8'11101000
Generating RTLIL representation for module `$paramod\GTP_LUT3\INIT=8'11101000'.
Parameter \INIT = 8'01110001

3.102. Executing AST frontend in derive mode using pre-parsed AST for module `\GTP_LUT3'.
Parameter \INIT = 8'01110001
Generating RTLIL representation for module `$paramod\GTP_LUT3\INIT=8'01110001'.
Parameter \INIT = 8'11101000
Found cached RTLIL representation for module `$paramod\GTP_LUT3\INIT=8'11101000'.
Parameter \INIT = 8'10010110
Found cached RTLIL representation for module `$paramod\GTP_LUT3\INIT=8'10010110'.
Parameter \INIT = 8'01101001
Found cached RTLIL representation for module `$paramod\GTP_LUT3\INIT=8'01101001'.
Parameter \INIT = 8'01101001
Found cached RTLIL representation for module `$paramod\GTP_LUT3\INIT=8'01101001'.
Parameter \INIT = 8'01101001
Found cached RTLIL representation for module `$paramod\GTP_LUT3\INIT=8'01101001'.
Parameter \INIT = 8'10010110
Found cached RTLIL representation for module `$paramod\GTP_LUT3\INIT=8'10010110'.
Parameter \INIT = 8'01101001
Found cached RTLIL representation for module `$paramod\GTP_LUT3\INIT=8'01101001'.
Parameter \INIT = 8'01101001
Found cached RTLIL representation for module `$paramod\GTP_LUT3\INIT=8'01101001'.
Parameter \INIT = 8'10010110
Found cached RTLIL representation for module `$paramod\GTP_LUT3\INIT=8'10010110'.
Parameter \INIT = 8'01101001
Found cached RTLIL representation for module `$paramod\GTP_LUT3\INIT=8'01101001'.
Parameter \INIT = 8'01101001
Found cached RTLIL representation for module `$paramod\GTP_LUT3\INIT=8'01101001'.
Parameter \INIT = 8'01101001
Found cached RTLIL representation for module `$paramod\GTP_LUT3\INIT=8'01101001'.
Parameter \INIT = 8'01101001
Found cached RTLIL representation for module `$paramod\GTP_LUT3\INIT=8'01101001'.
Parameter \INIT = 8'01101001
Found cached RTLIL representation for module `$paramod\GTP_LUT3\INIT=8'01101001'.
Parameter \INIT = 8'01101001
Found cached RTLIL representation for module `$paramod\GTP_LUT3\INIT=8'01101001'.
Parameter \INIT = 8'10010110
Found cached RTLIL representation for module `$paramod\GTP_LUT3\INIT=8'10010110'.
Parameter \INIT = 8'10010110
Found cached RTLIL representation for module `$paramod\GTP_LUT3\INIT=8'10010110'.
Parameter \INIT = 8'01101001
Found cached RTLIL representation for module `$paramod\GTP_LUT3\INIT=8'01101001'.
Parameter \INIT = 8'01101001
Found cached RTLIL representation for module `$paramod\GTP_LUT3\INIT=8'01101001'.
Parameter \INIT = 8'01101001
Found cached RTLIL representation for module `$paramod\GTP_LUT3\INIT=8'01101001'.
Parameter \INIT = 64'1011010001001011010010111011010001001011101101001011010001001011

3.103. Executing AST frontend in derive mode using pre-parsed AST for module `\GTP_LUT6'.
Parameter \INIT = 64'1011010001001011010010111011010001001011101101001011010001001011
Generating RTLIL representation for module `$paramod$e349a9cb49987b51edb9b18c45e133b59172192d\GTP_LUT6'.
Parameter \INIT = 64'1011010011111111010010111111111100000000101101000000000001001011

3.104. Executing AST frontend in derive mode using pre-parsed AST for module `\GTP_LUT6'.
Parameter \INIT = 64'1011010011111111010010111111111100000000101101000000000001001011
Generating RTLIL representation for module `$paramod$7f310c031abf6ea28da3f20c3ba498c92be5ad72\GTP_LUT6'.
Parameter \INIT = 64'0111100010000111100001110111100010000111011110000111100010000111
Found cached RTLIL representation for module `$paramod$88ecfd519a593b02863949e357d92dadc8620ded\GTP_LUT6'.
Parameter \INIT = 64'0010101100010111000101110010101100010111001010110010101100010111

3.105. Executing AST frontend in derive mode using pre-parsed AST for module `\GTP_LUT6'.
Parameter \INIT = 64'0010101100010111000101110010101100010111001010110010101100010111
Generating RTLIL representation for module `$paramod$6950509d3d2e3f206decccbf10860df5aaa64e11\GTP_LUT6'.
Parameter \INIT = 64'1001001101101100011011001001001101101100100100111001001101101100
Found cached RTLIL representation for module `$paramod$3280820811b65f473700fc399314a7b8be580ecb\GTP_LUT6'.
Parameter \INIT = 64'1000011101111000011110001000011101111000100001111000011101111000
Found cached RTLIL representation for module `$paramod$64b8335b011477a280d097ee50de23d0145fcc23\GTP_LUT6'.
Parameter \INIT = 64'1111111111111111011110001000011101111000100001110000000000000000

3.106. Executing AST frontend in derive mode using pre-parsed AST for module `\GTP_LUT6'.
Parameter \INIT = 64'1111111111111111011110001000011101111000100001110000000000000000
Generating RTLIL representation for module `$paramod$d7c1b3ffb162b310754e6884a5ab5950fa3b1d9e\GTP_LUT6'.
Parameter \INIT = 64'0111100010000111100001110111100010000111011110000111100010000111
Found cached RTLIL representation for module `$paramod$88ecfd519a593b02863949e357d92dadc8620ded\GTP_LUT6'.
Parameter \INIT = 64'0010101100100010101110110010101100100010001010110010101110111011

3.107. Executing AST frontend in derive mode using pre-parsed AST for module `\GTP_LUT6'.
Parameter \INIT = 64'0010101100100010101110110010101100100010001010110010101110111011
Generating RTLIL representation for module `$paramod$53f99ec2f205572e230561fb7f42f46fb4b2cc28\GTP_LUT6'.
Parameter \INIT = 64'0111100010000111100001110111100010000111011110000111100010000111
Found cached RTLIL representation for module `$paramod$88ecfd519a593b02863949e357d92dadc8620ded\GTP_LUT6'.
Parameter \INIT = 64'0000000000000000011110001000011101111000100001111111111111111111

3.108. Executing AST frontend in derive mode using pre-parsed AST for module `\GTP_LUT6'.
Parameter \INIT = 64'0000000000000000011110001000011101111000100001111111111111111111
Generating RTLIL representation for module `$paramod$624c1ae8784051b17d1951180958cf023a63dc4e\GTP_LUT6'.
Parameter \INIT = 64'1001101000110000011001011100111101100101110011111001101000110000
Found cached RTLIL representation for module `$paramod$8878fdbd9d1bbd8f72548b104ef61a9c839441d2\GTP_LUT6'.
Parameter \INIT = 64'1111111111111111011001011100111101100101110011110000000000000000
Found cached RTLIL representation for module `$paramod$94feb00ebd250758b5e63fe40f44940c6e7beef7\GTP_LUT6'.
Parameter \INIT = 64'1111111111111111011110001000011101111000100001110000000000000000
Found cached RTLIL representation for module `$paramod$d7c1b3ffb162b310754e6884a5ab5950fa3b1d9e\GTP_LUT6'.
Parameter \INIT = 64'1111111111111111011001011100111101100101110011110000000000000000
Found cached RTLIL representation for module `$paramod$94feb00ebd250758b5e63fe40f44940c6e7beef7\GTP_LUT6'.
Parameter \INIT = 64'1000011101111000011110001000011101111000100001111000011101111000
Found cached RTLIL representation for module `$paramod$64b8335b011477a280d097ee50de23d0145fcc23\GTP_LUT6'.
Parameter \INIT = 64'1111000000001111011110001000011101111000100001110000111111110000
Found cached RTLIL representation for module `$paramod$a337bf0720f062fe2d1eaaefb7cd288c26633345\GTP_LUT6'.
Parameter \INIT = 64'1111111100001111011111110000011101111111000001110000111100000000
Found cached RTLIL representation for module `$paramod$78eccde7a79bd52d879f036e873d4c48515a8778\GTP_LUT6'.
Parameter \INIT = 64'1111111101101100011011000000000011111111100100111001001100000000
Found cached RTLIL representation for module `$paramod$cba11352ba53629a69e702b21269efbb2cb8e9ad\GTP_LUT6'.
Parameter \INIT = 64'0111111110001111000001110000100010001111011111110000100000000111

3.109. Executing AST frontend in derive mode using pre-parsed AST for module `\GTP_LUT6'.
Parameter \INIT = 64'0111111110001111000001110000100010001111011111110000100000000111
Generating RTLIL representation for module `$paramod$449e76a3f162b4994ae70121d92f978485a88eda\GTP_LUT6'.
Parameter \INIT = 64'0000111111110000011110001000011101111000100001111111000000001111
Found cached RTLIL representation for module `$paramod$19f927d2f6a920ba04d2bfc4c6cb54ef65ddfede\GTP_LUT6'.
Parameter \INIT = 64'0111100010000111100001110111100010000111011110000111100010000111
Found cached RTLIL representation for module `$paramod$88ecfd519a593b02863949e357d92dadc8620ded\GTP_LUT6'.
Parameter \INIT = 64'1001101000110000011001011100111101100101110011111001101000110000
Found cached RTLIL representation for module `$paramod$8878fdbd9d1bbd8f72548b104ef61a9c839441d2\GTP_LUT6'.
Parameter \INIT = 64'1111111111111111011001011100111101100101110011110000000000000000
Found cached RTLIL representation for module `$paramod$94feb00ebd250758b5e63fe40f44940c6e7beef7\GTP_LUT6'.
Parameter \INIT = 64'0110010111001111100110100011000010011010001100000110010111001111
Found cached RTLIL representation for module `$paramod$64af08bf0355334b280973211717b33f130d98c6\GTP_LUT6'.
Parameter \INIT = 64'0111100010000111100001110111100010000111011110000111100010000111
Found cached RTLIL representation for module `$paramod$88ecfd519a593b02863949e357d92dadc8620ded\GTP_LUT6'.
Parameter \INIT = 64'1111011111111000111110001111011101110000100000001000000001110000

3.110. Executing AST frontend in derive mode using pre-parsed AST for module `\GTP_LUT6'.
Parameter \INIT = 64'1111011111111000111110001111011101110000100000001000000001110000
Generating RTLIL representation for module `$paramod$f9d6ba46b5e7e0c319fb105ca079b159c4cf13a0\GTP_LUT6'.
Parameter \INIT = 64'0110010111001111100110100011000010011010001100000110010111001111
Found cached RTLIL representation for module `$paramod$64af08bf0355334b280973211717b33f130d98c6\GTP_LUT6'.
Parameter \INIT = 64'0110010111001111000000000000000011111111111111110110010111001111
Found cached RTLIL representation for module `$paramod$84a9d4eb5398a9002dc529ace70de9010f3200e5\GTP_LUT6'.
Parameter \INIT = 64'0111111110001111100011110111111100000111000010000000100000000111
Found cached RTLIL representation for module `$paramod$482dc977fd7e8b4ab09a1188870acf311062c5ed\GTP_LUT6'.
Parameter \INIT = 64'1000011101111000011110001000011101111000100001111000011101111000
Found cached RTLIL representation for module `$paramod$64b8335b011477a280d097ee50de23d0145fcc23\GTP_LUT6'.
Parameter \INIT = 64'1000011101111000011110001000011101111000100001111000011101111000
Found cached RTLIL representation for module `$paramod$64b8335b011477a280d097ee50de23d0145fcc23\GTP_LUT6'.
Parameter \INIT = 64'1111011111111000011100001000000011111000111101111000000001110000
Found cached RTLIL representation for module `$paramod$a8b1afe13ee8622579e13242c41d8e298d56d78b\GTP_LUT6'.
Parameter \INIT = 64'1111000000001111100001110111100010000111011110000000111111110000
Found cached RTLIL representation for module `$paramod$5a413251865d8e1bc32ebedd8698d5af28e12c77\GTP_LUT6'.
Parameter \INIT = 64'1111000000000000111101110111000011110111011100001111111111110000
Found cached RTLIL representation for module `$paramod$a1511ba38539040212dedd60949334e4bf9b6581\GTP_LUT6'.
Parameter \INIT = 64'1111000000000000111101110111000011110111011100001111111111110000
Found cached RTLIL representation for module `$paramod$a1511ba38539040212dedd60949334e4bf9b6581\GTP_LUT6'.
Parameter \INIT = 64'1111000000001111100001110111100010000111011110000000111111110000
Found cached RTLIL representation for module `$paramod$5a413251865d8e1bc32ebedd8698d5af28e12c77\GTP_LUT6'.
Parameter \INIT = 64'1111000000001111100001110111100010000111011110000000111111110000
Found cached RTLIL representation for module `$paramod$5a413251865d8e1bc32ebedd8698d5af28e12c77\GTP_LUT6'.
Parameter \INIT = 64'1000011101111000000011111111000011110000000011111000011101111000

3.111. Executing AST frontend in derive mode using pre-parsed AST for module `\GTP_LUT6'.
Parameter \INIT = 64'1000011101111000000011111111000011110000000011111000011101111000
Generating RTLIL representation for module `$paramod$690ba2cb64cbec03df638ccb222aee90e38c0510\GTP_LUT6'.
Parameter \INIT = 64'1111011101110000111111111111000011110000000000001111011101110000

3.112. Executing AST frontend in derive mode using pre-parsed AST for module `\GTP_LUT6'.
Parameter \INIT = 64'1111011101110000111111111111000011110000000000001111011101110000
Generating RTLIL representation for module `$paramod$658b75cdf0c4cccb5d263cb64b3d409e538de9c0\GTP_LUT6'.
Parameter \INIT = 64'1001101000110000011001011100111101100101110011111001101000110000
Found cached RTLIL representation for module `$paramod$8878fdbd9d1bbd8f72548b104ef61a9c839441d2\GTP_LUT6'.
Parameter \INIT = 64'0000111111110000011110001000011101111000100001111111000000001111
Found cached RTLIL representation for module `$paramod$19f927d2f6a920ba04d2bfc4c6cb54ef65ddfede\GTP_LUT6'.
Parameter \INIT = 64'1111111111111111000111110011111100011111001111110000000000000000
Found cached RTLIL representation for module `$paramod$57d4540bed4400ca4c15cd32673b185984fcd923\GTP_LUT6'.
Parameter \INIT = 64'0000111111110000011110001000011101111000100001111111000000001111
Found cached RTLIL representation for module `$paramod$19f927d2f6a920ba04d2bfc4c6cb54ef65ddfede\GTP_LUT6'.
Parameter \INIT = 64'0110101011000000100101010011111110010101001111110110101011000000
Found cached RTLIL representation for module `$paramod$3c52d5d39ec61cc6d8a4dd6cb7e7fdff347d903a\GTP_LUT6'.
Parameter \INIT = 64'1111111111111111100101010011111110010101001111110000000000000000
Found cached RTLIL representation for module `$paramod$0132707043af44768e7194e3705eadec9c3fb24a\GTP_LUT6'.
Parameter \INIT = 64'1000011101111000011110001000011101111000100001111000011101111000
Found cached RTLIL representation for module `$paramod$64b8335b011477a280d097ee50de23d0145fcc23\GTP_LUT6'.
Parameter \INIT = 64'1111011101110000111110001000000011111000100000001111011101110000
Found cached RTLIL representation for module `$paramod$74f4573eca16316e285c79669f651197afc10679\GTP_LUT6'.
Parameter \INIT = 64'1000011101111000011110001000011101111000100001111000011101111000
Found cached RTLIL representation for module `$paramod$64b8335b011477a280d097ee50de23d0145fcc23\GTP_LUT6'.
Parameter \INIT = 64'1111011101110000111110001000000011111000100000001111011101110000
Found cached RTLIL representation for module `$paramod$74f4573eca16316e285c79669f651197afc10679\GTP_LUT6'.
Parameter \INIT = 64'1111000000001111100001110111100010000111011110000000111111110000
Found cached RTLIL representation for module `$paramod$5a413251865d8e1bc32ebedd8698d5af28e12c77\GTP_LUT6'.
Parameter \INIT = 64'0111100010000111100001110111100010000111011110000111100010000111
Found cached RTLIL representation for module `$paramod$88ecfd519a593b02863949e357d92dadc8620ded\GTP_LUT6'.
Parameter \INIT = 64'0111100010000111100001110111100010000111011110000111100010000111
Found cached RTLIL representation for module `$paramod$88ecfd519a593b02863949e357d92dadc8620ded\GTP_LUT6'.
Parameter \INIT = 64'1000011101111000011110001000011101111000100001111000011101111000
Found cached RTLIL representation for module `$paramod$64b8335b011477a280d097ee50de23d0145fcc23\GTP_LUT6'.
Parameter \INIT = 64'1000011101111000011110001000011101111000100001111000011101111000
Found cached RTLIL representation for module `$paramod$64b8335b011477a280d097ee50de23d0145fcc23\GTP_LUT6'.
Parameter \INIT = 64'1111011101110000111110001000000011111000100000001111011101110000
Found cached RTLIL representation for module `$paramod$74f4573eca16316e285c79669f651197afc10679\GTP_LUT6'.
Parameter \INIT = 64'0000111111110000011110001000011101111000100001111111000000001111
Found cached RTLIL representation for module `$paramod$19f927d2f6a920ba04d2bfc4c6cb54ef65ddfede\GTP_LUT6'.
Parameter \INIT = 64'1000011101111000011110001000011101111000100001111000011101111000
Found cached RTLIL representation for module `$paramod$64b8335b011477a280d097ee50de23d0145fcc23\GTP_LUT6'.
Parameter \INIT = 64'1001101000110000011001011100111101100101110011111001101000110000
Found cached RTLIL representation for module `$paramod$8878fdbd9d1bbd8f72548b104ef61a9c839441d2\GTP_LUT6'.
Parameter \INIT = 64'1111111111111111011001011100111101100101110011110000000000000000
Found cached RTLIL representation for module `$paramod$94feb00ebd250758b5e63fe40f44940c6e7beef7\GTP_LUT6'.
Parameter \INIT = 64'1000011101111000011110001000011101111000100001111000011101111000
Found cached RTLIL representation for module `$paramod$64b8335b011477a280d097ee50de23d0145fcc23\GTP_LUT6'.
Parameter \INIT = 64'1111000000001111100001110111100010000111011110000000111111110000
Found cached RTLIL representation for module `$paramod$5a413251865d8e1bc32ebedd8698d5af28e12c77\GTP_LUT6'.
Parameter \INIT = 64'1111011101110000111110001000000011111000100000001111011101110000
Found cached RTLIL representation for module `$paramod$74f4573eca16316e285c79669f651197afc10679\GTP_LUT6'.
Parameter \INIT = 64'1111000000000000111101110111000011110111011100001111111111110000
Found cached RTLIL representation for module `$paramod$a1511ba38539040212dedd60949334e4bf9b6581\GTP_LUT6'.
Parameter \INIT = 64'1000011101111000011110001000011101111000100001111000011101111000
Found cached RTLIL representation for module `$paramod$64b8335b011477a280d097ee50de23d0145fcc23\GTP_LUT6'.
Parameter \INIT = 64'1111011111111000011100001000000011111000111101111000000001110000
Found cached RTLIL representation for module `$paramod$a8b1afe13ee8622579e13242c41d8e298d56d78b\GTP_LUT6'.
Parameter \INIT = 64'0000111111110000011110001000011101111000100001111111000000001111
Found cached RTLIL representation for module `$paramod$19f927d2f6a920ba04d2bfc4c6cb54ef65ddfede\GTP_LUT6'.
Parameter \INIT = 64'0000111100000000011111110000011101111111000001111111111100001111
Found cached RTLIL representation for module `$paramod$1bf5f01e89e88db1b71cf1bf591a780e8e647546\GTP_LUT6'.
Parameter \INIT = 64'1111000000001111100001110111100010000111011110000000111111110000
Found cached RTLIL representation for module `$paramod$5a413251865d8e1bc32ebedd8698d5af28e12c77\GTP_LUT6'.
Parameter \INIT = 64'1111000000000000111101110111000011110111011100001111111111110000
Found cached RTLIL representation for module `$paramod$a1511ba38539040212dedd60949334e4bf9b6581\GTP_LUT6'.
Parameter \INIT = 64'1111000000001111100001110111100010000111011110000000111111110000
Found cached RTLIL representation for module `$paramod$5a413251865d8e1bc32ebedd8698d5af28e12c77\GTP_LUT6'.
Parameter \INIT = 64'0110101011000000100101010011111110010101001111110110101011000000
Found cached RTLIL representation for module `$paramod$3c52d5d39ec61cc6d8a4dd6cb7e7fdff347d903a\GTP_LUT6'.
Parameter \INIT = 64'1111111111111111100101010011111110010101001111110000000000000000
Found cached RTLIL representation for module `$paramod$0132707043af44768e7194e3705eadec9c3fb24a\GTP_LUT6'.
Parameter \INIT = 64'0110101011000000100101010011111110010101001111110110101011000000
Found cached RTLIL representation for module `$paramod$3c52d5d39ec61cc6d8a4dd6cb7e7fdff347d903a\GTP_LUT6'.
Parameter \INIT = 64'1111111111111111100101010011111110010101001111110000000000000000
Found cached RTLIL representation for module `$paramod$0132707043af44768e7194e3705eadec9c3fb24a\GTP_LUT6'.
Parameter \INIT = 64'0110101011000000100101010011111110010101001111110110101011000000
Found cached RTLIL representation for module `$paramod$3c52d5d39ec61cc6d8a4dd6cb7e7fdff347d903a\GTP_LUT6'.
Parameter \INIT = 64'1111111111111111100101010011111110010101001111110000000000000000
Found cached RTLIL representation for module `$paramod$0132707043af44768e7194e3705eadec9c3fb24a\GTP_LUT6'.
Parameter \INIT = 64'0110010111001111100110100011000010011010001100000110010111001111
Found cached RTLIL representation for module `$paramod$64af08bf0355334b280973211717b33f130d98c6\GTP_LUT6'.
Parameter \INIT = 64'1111111101111111001010100000000001111111111111110101010101111111
Found cached RTLIL representation for module `$paramod$438c5599d40ac7f13269490792bf4709efe76cdc\GTP_LUT6'.
Parameter \INIT = 64'1101010101111111001010101000000000101010100000001101010101111111
Found cached RTLIL representation for module `$paramod$287b2fdafa267d96c99a6988580a3c071105ef90\GTP_LUT6'.
Parameter \INIT = 64'1101010101111111000101010001010111111111111111111001010100111111
Found cached RTLIL representation for module `$paramod$b712cf90160771eaf7e5acf4c07c8301b78b00fc\GTP_LUT6'.
Parameter \INIT = 64'1111111111111111011111111111111100100101101001010000111100001111
Found cached RTLIL representation for module `$paramod$bd76311fcf844849a61e905d019ffc7a3406029e\GTP_LUT6'.
Parameter \INIT = 64'0010010110100101000011110000111111111111111111110111111111111111
Found cached RTLIL representation for module `$paramod$be66b92a3fea7b9f986926c398c1c6396ec4a30e\GTP_LUT6'.
Parameter \INIT = 64'1111111111111111011111111111111100100101101001010000111100001111
Found cached RTLIL representation for module `$paramod$bd76311fcf844849a61e905d019ffc7a3406029e\GTP_LUT6'.
Parameter \INIT = 64'1101101001011010011100001111000000100101101001011000111100001111
Found cached RTLIL representation for module `$paramod$a1bcbcca366820977776540231deb961d9afe78f\GTP_LUT6'.
Parameter \INIT = 64'1101101001011010011100001111000000100101101001011000111100001111
Found cached RTLIL representation for module `$paramod$a1bcbcca366820977776540231deb961d9afe78f\GTP_LUT6'.
Parameter \INIT = 64'0100101001101010111000001100000010110101100101010001111100111111
Found cached RTLIL representation for module `$paramod$0215b9386c9fcb2322798053b908b4a664f2619a\GTP_LUT6'.
Parameter \INIT = 64'0100101001101010111000001100000010110101100101010001111100111111
Found cached RTLIL representation for module `$paramod$0215b9386c9fcb2322798053b908b4a664f2619a\GTP_LUT6'.
Parameter \INIT = 64'0101111101111111111111111111111100010101000101010001111100111111
Found cached RTLIL representation for module `$paramod$b7023907727181d9521d6870be862a56953b99f4\GTP_LUT6'.
Parameter \INIT = 64'0001001101011111001100111111111101111111111111111111111111111111

3.113. Executing AST frontend in derive mode using pre-parsed AST for module `\GTP_LUT6'.
Parameter \INIT = 64'0001001101011111001100111111111101111111111111111111111111111111
Generating RTLIL representation for module `$paramod$896a1ea03261249c174be69826e523550df27e60\GTP_LUT6'.
Parameter \INIT = 64'0001011101110111001111111111111101011111111111111111111111111111

3.114. Executing AST frontend in derive mode using pre-parsed AST for module `\GTP_LUT6'.
Parameter \INIT = 64'0001011101110111001111111111111101011111111111111111111111111111
Generating RTLIL representation for module `$paramod$d00530ea8be1cb230b47551c619abb9f8db6711f\GTP_LUT6'.
Parameter \INIT = 64'1100011000001010011001101010101001101100101000001100110000000000

3.115. Executing AST frontend in derive mode using pre-parsed AST for module `\GTP_LUT6'.
Parameter \INIT = 64'1100011000001010011001101010101001101100101000001100110000000000
Generating RTLIL representation for module `$paramod$2c498106e179a2fa865dadfc0d4062f2fc7444db\GTP_LUT6'.
Parameter \INIT = 64'0001011101110111010111111111111100111111111111111111111111111111
Found cached RTLIL representation for module `$paramod$59d1e71730573726016523635ae12d9a36d2e6b7\GTP_LUT6'.
Parameter \INIT = 64'0001011101110111010111111111111100111111111111111111111111111111
Found cached RTLIL representation for module `$paramod$59d1e71730573726016523635ae12d9a36d2e6b7\GTP_LUT6'.
Parameter \INIT = 64'0001011101110111010111111111111100111111111111111111111111111111
Found cached RTLIL representation for module `$paramod$59d1e71730573726016523635ae12d9a36d2e6b7\GTP_LUT6'.
Parameter \INIT = 64'0001011101110111010111111111111100111111111111111111111111111111
Found cached RTLIL representation for module `$paramod$59d1e71730573726016523635ae12d9a36d2e6b7\GTP_LUT6'.
Parameter \INIT = 64'0110100110011001101001010101010111000011001100110000111111111111
Found cached RTLIL representation for module `$paramod$12ac32869a3b0344482a06de893b1c422a497c6b\GTP_LUT6'.
Parameter \INIT = 64'0001011101110111010111111111111100111111111111111111111111111111
Found cached RTLIL representation for module `$paramod$59d1e71730573726016523635ae12d9a36d2e6b7\GTP_LUT6'.
Parameter \INIT = 64'0001011101110111010111111111111100111111111111111111111111111111
Found cached RTLIL representation for module `$paramod$59d1e71730573726016523635ae12d9a36d2e6b7\GTP_LUT6'.
Parameter \INIT = 64'0001011101110111010111111111111100111111111111111111111111111111
Found cached RTLIL representation for module `$paramod$59d1e71730573726016523635ae12d9a36d2e6b7\GTP_LUT6'.
Parameter \INIT = 64'0001011101110111010111111111111100111111111111111111111111111111
Found cached RTLIL representation for module `$paramod$59d1e71730573726016523635ae12d9a36d2e6b7\GTP_LUT6'.
Parameter \INIT = 64'1110100010001000101000000000000011000000000000000000000000000000
Found cached RTLIL representation for module `$paramod$6bfd9d45ef108fbad97b24bc286ca5f3d8b7f79e\GTP_LUT6'.
Parameter \INIT = 64'0001011101110111010111111111111100111111111111111111111111111111
Found cached RTLIL representation for module `$paramod$59d1e71730573726016523635ae12d9a36d2e6b7\GTP_LUT6'.
Parameter \INIT = 64'0001011101110111010111111111111100111111111111111111111111111111
Found cached RTLIL representation for module `$paramod$59d1e71730573726016523635ae12d9a36d2e6b7\GTP_LUT6'.
Parameter \INIT = 64'1001011001100110010110101010101000111100110011001111000000000000
Found cached RTLIL representation for module `$paramod$6467decad80f9f1fe527a343c1088f0670b6a372\GTP_LUT6'.
Parameter \INIT = 64'1001011001100110010110101010101000111100110011001111000000000000
Found cached RTLIL representation for module `$paramod$6467decad80f9f1fe527a343c1088f0670b6a372\GTP_LUT6'.
Parameter \INIT = 64'0110100110011001101001010101010111000011001100110000111111111111
Found cached RTLIL representation for module `$paramod$12ac32869a3b0344482a06de893b1c422a497c6b\GTP_LUT6'.
Parameter \INIT = 64'0001011101110111010111111111111100111111111111111111111111111111
Found cached RTLIL representation for module `$paramod$59d1e71730573726016523635ae12d9a36d2e6b7\GTP_LUT6'.
Parameter \INIT = 64'0110100110011001101001010101010111000011001100110000111111111111
Found cached RTLIL representation for module `$paramod$12ac32869a3b0344482a06de893b1c422a497c6b\GTP_LUT6'.
Parameter \INIT = 64'1001011001100110010110101010101000111100110011001111000000000000
Found cached RTLIL representation for module `$paramod$6467decad80f9f1fe527a343c1088f0670b6a372\GTP_LUT6'.
Parameter \INIT = 64'0001011101110111010111111111111100111111111111111111111111111111
Found cached RTLIL representation for module `$paramod$59d1e71730573726016523635ae12d9a36d2e6b7\GTP_LUT6'.
Parameter \INIT = 64'0001011101110111010111111111111100111111111111111111111111111111
Found cached RTLIL representation for module `$paramod$59d1e71730573726016523635ae12d9a36d2e6b7\GTP_LUT6'.
Parameter \INIT = 64'0110100110011001101001010101010111000011001100110000111111111111
Found cached RTLIL representation for module `$paramod$12ac32869a3b0344482a06de893b1c422a497c6b\GTP_LUT6'.
Parameter \INIT = 64'1001011001100110010110101010101000111100110011001111000000000000
Found cached RTLIL representation for module `$paramod$6467decad80f9f1fe527a343c1088f0670b6a372\GTP_LUT6'.
Parameter \INIT = 64'0001011101110111010111111111111100111111111111111111111111111111
Found cached RTLIL representation for module `$paramod$59d1e71730573726016523635ae12d9a36d2e6b7\GTP_LUT6'.
Parameter \INIT = 64'0001011101110111010111111111111100111111111111111111111111111111
Found cached RTLIL representation for module `$paramod$59d1e71730573726016523635ae12d9a36d2e6b7\GTP_LUT6'.
Parameter \INIT = 64'0001011101110111010111111111111100111111111111111111111111111111
Found cached RTLIL representation for module `$paramod$59d1e71730573726016523635ae12d9a36d2e6b7\GTP_LUT6'.
Parameter \INIT = 64'0110100110011001101001010101010111000011001100110000111111111111
Found cached RTLIL representation for module `$paramod$12ac32869a3b0344482a06de893b1c422a497c6b\GTP_LUT6'.
Parameter \INIT = 64'1001011001100110010110101010101000111100110011001111000000000000
Found cached RTLIL representation for module `$paramod$6467decad80f9f1fe527a343c1088f0670b6a372\GTP_LUT6'.
Parameter \INIT = 64'0110100110011001101001010101010111000011001100110000111111111111
Found cached RTLIL representation for module `$paramod$12ac32869a3b0344482a06de893b1c422a497c6b\GTP_LUT6'.
Parameter \INIT = 64'1001011001100110010110101010101000111100110011001111000000000000
Found cached RTLIL representation for module `$paramod$6467decad80f9f1fe527a343c1088f0670b6a372\GTP_LUT6'.
Parameter \INIT = 64'1001011001100110010110101010101000111100110011001111000000000000
Found cached RTLIL representation for module `$paramod$6467decad80f9f1fe527a343c1088f0670b6a372\GTP_LUT6'.
Parameter \INIT = 64'0001011101110111010111111111111100111111111111111111111111111111
Found cached RTLIL representation for module `$paramod$59d1e71730573726016523635ae12d9a36d2e6b7\GTP_LUT6'.
Parameter \INIT = 64'0001011101110111010111111111111100111111111111111111111111111111
Found cached RTLIL representation for module `$paramod$59d1e71730573726016523635ae12d9a36d2e6b7\GTP_LUT6'.
Parameter \INIT = 64'0001011101110111010111111111111100111111111111111111111111111111
Found cached RTLIL representation for module `$paramod$59d1e71730573726016523635ae12d9a36d2e6b7\GTP_LUT6'.
Parameter \INIT = 64'1001011001100110010110101010101000111100110011001111000000000000
Found cached RTLIL representation for module `$paramod$6467decad80f9f1fe527a343c1088f0670b6a372\GTP_LUT6'.
Parameter \INIT = 64'0110100110011001101001010101010111000011001100110000111111111111
Found cached RTLIL representation for module `$paramod$12ac32869a3b0344482a06de893b1c422a497c6b\GTP_LUT6'.
Parameter \INIT = 64'1001011001100110010110101010101000111100110011001111000000000000
Found cached RTLIL representation for module `$paramod$6467decad80f9f1fe527a343c1088f0670b6a372\GTP_LUT6'.
Parameter \INIT = 64'0001011101110111010111111111111100111111111111111111111111111111
Found cached RTLIL representation for module `$paramod$59d1e71730573726016523635ae12d9a36d2e6b7\GTP_LUT6'.
Parameter \INIT = 64'0001011101110111010111111111111100111111111111111111111111111111
Found cached RTLIL representation for module `$paramod$59d1e71730573726016523635ae12d9a36d2e6b7\GTP_LUT6'.
Parameter \INIT = 64'0001011101110111010111111111111100111111111111111111111111111111
Found cached RTLIL representation for module `$paramod$59d1e71730573726016523635ae12d9a36d2e6b7\GTP_LUT6'.
Parameter \INIT = 64'0001011101110111010111111111111100111111111111111111111111111111
Found cached RTLIL representation for module `$paramod$59d1e71730573726016523635ae12d9a36d2e6b7\GTP_LUT6'.
Parameter \INIT = 64'0001011101110111010111111111111100111111111111111111111111111111
Found cached RTLIL representation for module `$paramod$59d1e71730573726016523635ae12d9a36d2e6b7\GTP_LUT6'.
Parameter \INIT = 64'0001011101110111010111111111111100111111111111111111111111111111
Found cached RTLIL representation for module `$paramod$59d1e71730573726016523635ae12d9a36d2e6b7\GTP_LUT6'.
Parameter \INIT = 64'0001011101110111010111111111111100111111111111111111111111111111
Found cached RTLIL representation for module `$paramod$59d1e71730573726016523635ae12d9a36d2e6b7\GTP_LUT6'.
Parameter \INIT = 64'0110100110011001101001010101010111000011001100110000111111111111
Found cached RTLIL representation for module `$paramod$12ac32869a3b0344482a06de893b1c422a497c6b\GTP_LUT6'.
Parameter \INIT = 64'1001011001100110010110101010101000111100110011001111000000000000
Found cached RTLIL representation for module `$paramod$6467decad80f9f1fe527a343c1088f0670b6a372\GTP_LUT6'.
Parameter \INIT = 64'1001011001100110010110101010101000111100110011001111000000000000
Found cached RTLIL representation for module `$paramod$6467decad80f9f1fe527a343c1088f0670b6a372\GTP_LUT6'.
Parameter \INIT = 64'0001011101110111010111111111111100111111111111111111111111111111
Found cached RTLIL representation for module `$paramod$59d1e71730573726016523635ae12d9a36d2e6b7\GTP_LUT6'.
Parameter \INIT = 64'0001011101110111010111111111111100111111111111111111111111111111
Found cached RTLIL representation for module `$paramod$59d1e71730573726016523635ae12d9a36d2e6b7\GTP_LUT6'.
Parameter \INIT = 64'1001011001100110010110101010101000111100110011001111000000000000
Found cached RTLIL representation for module `$paramod$6467decad80f9f1fe527a343c1088f0670b6a372\GTP_LUT6'.
Parameter \INIT = 64'0110100110011001101001010101010111000011001100110000111111111111
Found cached RTLIL representation for module `$paramod$12ac32869a3b0344482a06de893b1c422a497c6b\GTP_LUT6'.
Parameter \INIT = 64'1001011001100110010110101010101000111100110011001111000000000000
Found cached RTLIL representation for module `$paramod$6467decad80f9f1fe527a343c1088f0670b6a372\GTP_LUT6'.
Parameter \INIT = 64'1001011001100110010110101010101000111100110011001111000000000000
Found cached RTLIL representation for module `$paramod$6467decad80f9f1fe527a343c1088f0670b6a372\GTP_LUT6'.
Parameter \INIT = 64'1001011001100110010110101010101000111100110011001111000000000000
Found cached RTLIL representation for module `$paramod$6467decad80f9f1fe527a343c1088f0670b6a372\GTP_LUT6'.
Parameter \INIT = 64'0001011101110111010111111111111100111111111111111111111111111111
Found cached RTLIL representation for module `$paramod$59d1e71730573726016523635ae12d9a36d2e6b7\GTP_LUT6'.
Parameter \INIT = 64'1001011001011010101010101010101000111100111100000000000000000000
Found cached RTLIL representation for module `$paramod$92432f548d7ca0e4c4185505e90b3fa0b62d6924\GTP_LUT6'.
Parameter \INIT = 64'1001011001100110010110101010101000111100110011001111000000000000
Found cached RTLIL representation for module `$paramod$6467decad80f9f1fe527a343c1088f0670b6a372\GTP_LUT6'.
Parameter \INIT = 64'1001011001100110010110101010101000111100110011001111000000000000
Found cached RTLIL representation for module `$paramod$6467decad80f9f1fe527a343c1088f0670b6a372\GTP_LUT6'.
Parameter \INIT = 64'1001011001100110010110101010101000111100110011001111000000000000
Found cached RTLIL representation for module `$paramod$6467decad80f9f1fe527a343c1088f0670b6a372\GTP_LUT6'.
Parameter \INIT = 64'1001011001100110010110101010101000111100110011001111000000000000
Found cached RTLIL representation for module `$paramod$6467decad80f9f1fe527a343c1088f0670b6a372\GTP_LUT6'.
Parameter \INIT = 64'0001011101110111010111111111111100111111111111111111111111111111
Found cached RTLIL representation for module `$paramod$59d1e71730573726016523635ae12d9a36d2e6b7\GTP_LUT6'.
Parameter \INIT = 64'0001011101110111010111111111111100111111111111111111111111111111
Found cached RTLIL representation for module `$paramod$59d1e71730573726016523635ae12d9a36d2e6b7\GTP_LUT6'.
Parameter \INIT = 64'0001011101110111010111111111111100111111111111111111111111111111
Found cached RTLIL representation for module `$paramod$59d1e71730573726016523635ae12d9a36d2e6b7\GTP_LUT6'.
Parameter \INIT = 64'0001011101110111010111111111111100111111111111111111111111111111
Found cached RTLIL representation for module `$paramod$59d1e71730573726016523635ae12d9a36d2e6b7\GTP_LUT6'.
Parameter \INIT = 64'1001011001100110010110101010101000111100110011001111000000000000
Found cached RTLIL representation for module `$paramod$6467decad80f9f1fe527a343c1088f0670b6a372\GTP_LUT6'.
Parameter \INIT = 64'1001011001100110010110101010101000111100110011001111000000000000
Found cached RTLIL representation for module `$paramod$6467decad80f9f1fe527a343c1088f0670b6a372\GTP_LUT6'.
Parameter \INIT = 64'0001011101110111010111111111111100111111111111111111111111111111
Found cached RTLIL representation for module `$paramod$59d1e71730573726016523635ae12d9a36d2e6b7\GTP_LUT6'.
Parameter \INIT = 64'0001011101110111010111111111111100111111111111111111111111111111
Found cached RTLIL representation for module `$paramod$59d1e71730573726016523635ae12d9a36d2e6b7\GTP_LUT6'.
Parameter \INIT = 64'0001011101110111010111111111111100111111111111111111111111111111
Found cached RTLIL representation for module `$paramod$59d1e71730573726016523635ae12d9a36d2e6b7\GTP_LUT6'.
Parameter \INIT = 64'0001011101110111010111111111111100111111111111111111111111111111
Found cached RTLIL representation for module `$paramod$59d1e71730573726016523635ae12d9a36d2e6b7\GTP_LUT6'.
Parameter \INIT = 64'0001011101110111010111111111111100111111111111111111111111111111
Found cached RTLIL representation for module `$paramod$59d1e71730573726016523635ae12d9a36d2e6b7\GTP_LUT6'.
Parameter \INIT = 64'0110100110011001101001010101010111000011001100110000111111111111
Found cached RTLIL representation for module `$paramod$12ac32869a3b0344482a06de893b1c422a497c6b\GTP_LUT6'.
Parameter \INIT = 64'0001011101110111010111111111111100111111111111111111111111111111
Found cached RTLIL representation for module `$paramod$59d1e71730573726016523635ae12d9a36d2e6b7\GTP_LUT6'.
Parameter \INIT = 64'0001011101110111010111111111111100111111111111111111111111111111
Found cached RTLIL representation for module `$paramod$59d1e71730573726016523635ae12d9a36d2e6b7\GTP_LUT6'.
Parameter \INIT = 64'1001110001100110010110101010101000110110110011001111000000000000
Found cached RTLIL representation for module `$paramod$29ed4a338ac22fc5e8ee67904c699e7f572c14da\GTP_LUT6'.
Parameter \INIT = 64'0001011101110111010111111111111100111111111111111111111111111111
Found cached RTLIL representation for module `$paramod$59d1e71730573726016523635ae12d9a36d2e6b7\GTP_LUT6'.
Parameter \INIT = 64'0001010101110111010111111111111100110111111111111111111111111111
Found cached RTLIL representation for module `$paramod$f2b8da729649a8d2feb523ab9a0b10d65898f949\GTP_LUT6'.
Parameter \INIT = 64'0110100110011001101001010101010111000011001100110000111111111111
Found cached RTLIL representation for module `$paramod$12ac32869a3b0344482a06de893b1c422a497c6b\GTP_LUT6'.
Parameter \INIT = 64'0110100110011001101001010101010111000011001100110000111111111111
Found cached RTLIL representation for module `$paramod$12ac32869a3b0344482a06de893b1c422a497c6b\GTP_LUT6'.
Parameter \INIT = 64'0001011101110111010111111111111100111111111111111111111111111111
Found cached RTLIL representation for module `$paramod$59d1e71730573726016523635ae12d9a36d2e6b7\GTP_LUT6'.
Parameter \INIT = 64'0001011101110111010111111111111100111111111111111111111111111111
Found cached RTLIL representation for module `$paramod$59d1e71730573726016523635ae12d9a36d2e6b7\GTP_LUT6'.
Parameter \INIT = 64'1001011001100110010110101010101000111100110011001111000000000000
Found cached RTLIL representation for module `$paramod$6467decad80f9f1fe527a343c1088f0670b6a372\GTP_LUT6'.
Parameter \INIT = 64'0110100110011001101001010101010111000011001100110000111111111111
Found cached RTLIL representation for module `$paramod$12ac32869a3b0344482a06de893b1c422a497c6b\GTP_LUT6'.
Parameter \INIT = 2147450880
Found cached RTLIL representation for module `$paramod\GTP_LUT5\INIT=32'01111111111111111000000000000000'.
Parameter \INIT = 1822477312

3.116. Executing AST frontend in derive mode using pre-parsed AST for module `\GTP_LUT5'.
Parameter \INIT = 1822477312
Generating RTLIL representation for module `$paramod\GTP_LUT5\INIT=32'01101100101000001100110000000000'.
Parameter \INIT = 16'0110100110010110

3.117. Executing AST frontend in derive mode using pre-parsed AST for module `\GTP_LUT4'.
Parameter \INIT = 16'0110100110010110
Generating RTLIL representation for module `$paramod\GTP_LUT4\INIT=16'0110100110010110'.
Parameter \INIT = 8'10110010

3.118. Executing AST frontend in derive mode using pre-parsed AST for module `\GTP_LUT3'.
Parameter \INIT = 8'10110010
Generating RTLIL representation for module `$paramod\GTP_LUT3\INIT=8'10110010'.
Parameter \INIT = 8'10110010
Found cached RTLIL representation for module `$paramod\GTP_LUT3\INIT=8'10110010'.
Parameter \INIT = 8'11101000
Found cached RTLIL representation for module `$paramod\GTP_LUT3\INIT=8'11101000'.
Parameter \INIT = 8'11101000
Found cached RTLIL representation for module `$paramod\GTP_LUT3\INIT=8'11101000'.
Parameter \INIT = 8'01101001
Found cached RTLIL representation for module `$paramod\GTP_LUT3\INIT=8'01101001'.
Parameter \INIT = 8'10010110
Found cached RTLIL representation for module `$paramod\GTP_LUT3\INIT=8'10010110'.
Parameter \INIT = 8'01101001
Found cached RTLIL representation for module `$paramod\GTP_LUT3\INIT=8'01101001'.
Parameter \INIT = 8'01101001
Found cached RTLIL representation for module `$paramod\GTP_LUT3\INIT=8'01101001'.
Parameter \INIT = 8'10010110
Found cached RTLIL representation for module `$paramod\GTP_LUT3\INIT=8'10010110'.
Parameter \INIT = 8'01101001
Found cached RTLIL representation for module `$paramod\GTP_LUT3\INIT=8'01101001'.
Parameter \INIT = 8'01101001
Found cached RTLIL representation for module `$paramod\GTP_LUT3\INIT=8'01101001'.
Parameter \INIT = 64'0111100010000111100001110111100010000111011110000111100010000111
Found cached RTLIL representation for module `$paramod$88ecfd519a593b02863949e357d92dadc8620ded\GTP_LUT6'.
Parameter \INIT = 64'0111100010000111111111111111111100000000000000000111100010000111
Found cached RTLIL representation for module `$paramod$2beb185c22887f268a50528d32c1cb92ccd76cd9\GTP_LUT6'.
Parameter \INIT = 64'1001001101101100011011001001001101101100100100111001001101101100
Found cached RTLIL representation for module `$paramod$3280820811b65f473700fc399314a7b8be580ecb\GTP_LUT6'.
Parameter \INIT = 64'1111111101101100111111111001001101101100000000001001001100000000

3.119. Executing AST frontend in derive mode using pre-parsed AST for module `\GTP_LUT6'.
Parameter \INIT = 64'1111111101101100111111111001001101101100000000001001001100000000
Generating RTLIL representation for module `$paramod$00acfbe07a2e01f5bfd3c7b34b96e6b91caedef9\GTP_LUT6'.
Parameter \INIT = 64'0110100101100110100110010110100101100110011010010110100110011001

3.120. Executing AST frontend in derive mode using pre-parsed AST for module `\GTP_LUT6'.
Parameter \INIT = 64'0110100101100110100110010110100101100110011010010110100110011001
Generating RTLIL representation for module `$paramod$86c3bfa17e6be7cc0c1dbea535b77f1b4110409d\GTP_LUT6'.
Parameter \INIT = 64'1001001101101100011011001001001101101100100100111001001101101100
Found cached RTLIL representation for module `$paramod$3280820811b65f473700fc399314a7b8be580ecb\GTP_LUT6'.
Parameter \INIT = 64'1000011101111000011110001000011101111000100001111000011101111000
Found cached RTLIL representation for module `$paramod$64b8335b011477a280d097ee50de23d0145fcc23\GTP_LUT6'.
Parameter \INIT = 64'1000011101111000011110001000011101111000100001111000011101111000
Found cached RTLIL representation for module `$paramod$64b8335b011477a280d097ee50de23d0145fcc23\GTP_LUT6'.
Parameter \INIT = 64'1001101000110000011001011100111101100101110011111001101000110000
Found cached RTLIL representation for module `$paramod$8878fdbd9d1bbd8f72548b104ef61a9c839441d2\GTP_LUT6'.
Parameter \INIT = 64'1001001101101100011011001001001101101100100100111001001101101100
Found cached RTLIL representation for module `$paramod$3280820811b65f473700fc399314a7b8be580ecb\GTP_LUT6'.
Parameter \INIT = 64'1001000010110001101100011011000110010000111110011111100111111001

3.121. Executing AST frontend in derive mode using pre-parsed AST for module `\GTP_LUT6'.
Parameter \INIT = 64'1001000010110001101100011011000110010000111110011111100111111001
Generating RTLIL representation for module `$paramod$36d275c52c0e84d1e9bf55f690c48925690bb44a\GTP_LUT6'.
Parameter \INIT = 64'1111111111111111011110001000011101111000100001110000000000000000
Found cached RTLIL representation for module `$paramod$d7c1b3ffb162b310754e6884a5ab5950fa3b1d9e\GTP_LUT6'.
Parameter \INIT = 64'0111100010000111100001110111100010000111011110000111100010000111
Found cached RTLIL representation for module `$paramod$88ecfd519a593b02863949e357d92dadc8620ded\GTP_LUT6'.
Parameter \INIT = 64'1001001101101100011011001001001101101100100100111001001101101100
Found cached RTLIL representation for module `$paramod$3280820811b65f473700fc399314a7b8be580ecb\GTP_LUT6'.
Parameter \INIT = 64'0000000001101100011011001111111100000000100100111001001111111111

3.122. Executing AST frontend in derive mode using pre-parsed AST for module `\GTP_LUT6'.
Parameter \INIT = 64'0000000001101100011011001111111100000000100100111001001111111111
Generating RTLIL representation for module `$paramod$6c77681810c9c67d7588e3607e96c123e936f4c3\GTP_LUT6'.
Parameter \INIT = 64'1001101000110000011001011100111101100101110011111001101000110000
Found cached RTLIL representation for module `$paramod$8878fdbd9d1bbd8f72548b104ef61a9c839441d2\GTP_LUT6'.
Parameter \INIT = 64'1111111111111111011001011100111101100101110011110000000000000000
Found cached RTLIL representation for module `$paramod$94feb00ebd250758b5e63fe40f44940c6e7beef7\GTP_LUT6'.
Parameter \INIT = 64'1000011101111000011110001000011101111000100001111000011101111000
Found cached RTLIL representation for module `$paramod$64b8335b011477a280d097ee50de23d0145fcc23\GTP_LUT6'.
Parameter \INIT = 64'0111100010000111100001110111100010000111011110000111100010000111
Found cached RTLIL representation for module `$paramod$88ecfd519a593b02863949e357d92dadc8620ded\GTP_LUT6'.
Parameter \INIT = 64'0000111111110000011110001000011101111000100001111111000000001111
Found cached RTLIL representation for module `$paramod$19f927d2f6a920ba04d2bfc4c6cb54ef65ddfede\GTP_LUT6'.
Parameter \INIT = 64'0000000011110000011100001111011101110000111101111111000011111111
Found cached RTLIL representation for module `$paramod$94072227f91099d47075184142f7eba0504e4c27\GTP_LUT6'.
Parameter \INIT = 64'0111100010000111100001110111100010000111011110000111100010000111
Found cached RTLIL representation for module `$paramod$88ecfd519a593b02863949e357d92dadc8620ded\GTP_LUT6'.
Parameter \INIT = 64'0111111110001111000001110000100010001111011111110000100000000111
Found cached RTLIL representation for module `$paramod$449e76a3f162b4994ae70121d92f978485a88eda\GTP_LUT6'.
Parameter \INIT = 64'0000111111110000011110001000011101111000100001111111000000001111
Found cached RTLIL representation for module `$paramod$19f927d2f6a920ba04d2bfc4c6cb54ef65ddfede\GTP_LUT6'.
Parameter \INIT = 64'0000000011110000011100001111011101110000111101111111000011111111
Found cached RTLIL representation for module `$paramod$94072227f91099d47075184142f7eba0504e4c27\GTP_LUT6'.
Parameter \INIT = 64'1111000000000000111101110111000011110111011100001111111111110000
Found cached RTLIL representation for module `$paramod$a1511ba38539040212dedd60949334e4bf9b6581\GTP_LUT6'.
Parameter \INIT = 64'1111111111111111100101010011111110010101001111110000000000000000
Found cached RTLIL representation for module `$paramod$0132707043af44768e7194e3705eadec9c3fb24a\GTP_LUT6'.
Parameter \INIT = 64'0110101011000000100101010011111110010101001111110110101011000000
Found cached RTLIL representation for module `$paramod$3c52d5d39ec61cc6d8a4dd6cb7e7fdff347d903a\GTP_LUT6'.
Parameter \INIT = 64'1001101000110000011001011100111101100101110011111001101000110000
Found cached RTLIL representation for module `$paramod$8878fdbd9d1bbd8f72548b104ef61a9c839441d2\GTP_LUT6'.
Parameter \INIT = 64'1111111111111111011001011100111101100101110011110000000000000000
Found cached RTLIL representation for module `$paramod$94feb00ebd250758b5e63fe40f44940c6e7beef7\GTP_LUT6'.
Parameter \INIT = 64'0110010111001111111111111111111100000000000000000110010111001111
Found cached RTLIL representation for module `$paramod$e5afda3d2dd044cda91dbb2e31584a70e4804492\GTP_LUT6'.
Parameter \INIT = 64'1110101011000000100000000000000000010101001111110111111111111111

3.123. Executing AST frontend in derive mode using pre-parsed AST for module `\GTP_LUT6'.
Parameter \INIT = 64'1110101011000000100000000000000000010101001111110111111111111111
Generating RTLIL representation for module `$paramod$4b3fbf1d2fddb58b60179f3e83d0d784a176bd45\GTP_LUT6'.
Parameter \INIT = 64'1101010101111111001010101000000000101010100000001101010101111111
Found cached RTLIL representation for module `$paramod$287b2fdafa267d96c99a6988580a3c071105ef90\GTP_LUT6'.
Parameter \INIT = 64'1100000001101010001111111001010101101010110000001001010100111111
Found cached RTLIL representation for module `$paramod$c0c31601edfb16d56bbe244b473a5784c1f34d05\GTP_LUT6'.
Parameter \INIT = 64'0010010110100101000011110000111111111111111111110111111111111111
Found cached RTLIL representation for module `$paramod$be66b92a3fea7b9f986926c398c1c6396ec4a30e\GTP_LUT6'.
Parameter \INIT = 64'1111111111111111011111111111111100100101101001010000111100001111
Found cached RTLIL representation for module `$paramod$bd76311fcf844849a61e905d019ffc7a3406029e\GTP_LUT6'.
Parameter \INIT = 64'1101101001011010011100001111000000100101101001011000111100001111
Found cached RTLIL representation for module `$paramod$a1bcbcca366820977776540231deb961d9afe78f\GTP_LUT6'.
Parameter \INIT = 64'0010010110100101000011110000111111111111111111110111111111111111
Found cached RTLIL representation for module `$paramod$be66b92a3fea7b9f986926c398c1c6396ec4a30e\GTP_LUT6'.
Parameter \INIT = 64'0011011011001100111100000000000011001001001100110000111111111111
Found cached RTLIL representation for module `$paramod$74df0c059e368f19eecb85dfb15cf0d0809369bb\GTP_LUT6'.
Parameter \INIT = 64'0011011111111111111111111111111100000001001100110000111111111111
Found cached RTLIL representation for module `$paramod$4fe3c47d34a6cba089d23c9e6612e7500e1f39a2\GTP_LUT6'.
Parameter \INIT = 64'0001011101110111010111111111111100111111111111111111111111111111
Found cached RTLIL representation for module `$paramod$59d1e71730573726016523635ae12d9a36d2e6b7\GTP_LUT6'.
Parameter \INIT = 64'0110100110011001101001010101010111000011001100110000111111111111
Found cached RTLIL representation for module `$paramod$12ac32869a3b0344482a06de893b1c422a497c6b\GTP_LUT6'.
Parameter \INIT = 64'1001011001100110010110101010101000111100110011001111000000000000
Found cached RTLIL representation for module `$paramod$6467decad80f9f1fe527a343c1088f0670b6a372\GTP_LUT6'.
Parameter \INIT = 64'0001011101110111010111111111111100111111111111111111111111111111
Found cached RTLIL representation for module `$paramod$59d1e71730573726016523635ae12d9a36d2e6b7\GTP_LUT6'.
Parameter \INIT = 64'0110100110011001101001010101010111000011001100110000111111111111
Found cached RTLIL representation for module `$paramod$12ac32869a3b0344482a06de893b1c422a497c6b\GTP_LUT6'.
Parameter \INIT = 64'0001011101110111010111111111111100111111111111111111111111111111
Found cached RTLIL representation for module `$paramod$59d1e71730573726016523635ae12d9a36d2e6b7\GTP_LUT6'.
Parameter \INIT = 64'0110100110011001101001010101010111000011001100110000111111111111
Found cached RTLIL representation for module `$paramod$12ac32869a3b0344482a06de893b1c422a497c6b\GTP_LUT6'.
Parameter \INIT = 64'0001011101110111010111111111111100111111111111111111111111111111
Found cached RTLIL representation for module `$paramod$59d1e71730573726016523635ae12d9a36d2e6b7\GTP_LUT6'.
Parameter \INIT = 64'0001011101110111010111111111111100111111111111111111111111111111
Found cached RTLIL representation for module `$paramod$59d1e71730573726016523635ae12d9a36d2e6b7\GTP_LUT6'.
Parameter \INIT = 64'1001011001100110010110101010101000111100110011001111000000000000
Found cached RTLIL representation for module `$paramod$6467decad80f9f1fe527a343c1088f0670b6a372\GTP_LUT6'.
Parameter \INIT = 64'1100011000001010011001101010101001101100101000001100110000000000
Found cached RTLIL representation for module `$paramod$2c498106e179a2fa865dadfc0d4062f2fc7444db\GTP_LUT6'.
Parameter \INIT = 64'0110100110011001101001010101010111000011001100110000111111111111
Found cached RTLIL representation for module `$paramod$12ac32869a3b0344482a06de893b1c422a497c6b\GTP_LUT6'.
Parameter \INIT = 64'0110100110011001101001010101010111000011001100110000111111111111
Found cached RTLIL representation for module `$paramod$12ac32869a3b0344482a06de893b1c422a497c6b\GTP_LUT6'.
Parameter \INIT = 64'0001011101011111111111111111111100111111111111111111111111111111
Found cached RTLIL representation for module `$paramod$ac66e494c4be501c3d49c47fc7813e43a763fc64\GTP_LUT6'.
Parameter \INIT = 64'1001011001100110010110101010101000111100110011001111000000000000
Found cached RTLIL representation for module `$paramod$6467decad80f9f1fe527a343c1088f0670b6a372\GTP_LUT6'.
Parameter \INIT = 64'1001011001100110010110101010101000111100110011001111000000000000
Found cached RTLIL representation for module `$paramod$6467decad80f9f1fe527a343c1088f0670b6a372\GTP_LUT6'.
Parameter \INIT = 64'1001011001100110010110101010101000111100110011001111000000000000
Found cached RTLIL representation for module `$paramod$6467decad80f9f1fe527a343c1088f0670b6a372\GTP_LUT6'.
Parameter \INIT = 64'1001011001100110010110101010101000111100110011001111000000000000
Found cached RTLIL representation for module `$paramod$6467decad80f9f1fe527a343c1088f0670b6a372\GTP_LUT6'.
Parameter \INIT = 64'1001011001100110010110101010101000111100110011001111000000000000
Found cached RTLIL representation for module `$paramod$6467decad80f9f1fe527a343c1088f0670b6a372\GTP_LUT6'.
Parameter \INIT = 64'1001011001100110010110101010101000111100110011001111000000000000
Found cached RTLIL representation for module `$paramod$6467decad80f9f1fe527a343c1088f0670b6a372\GTP_LUT6'.
Parameter \INIT = 64'0001011101110111010111111111111100111111111111111111111111111111
Found cached RTLIL representation for module `$paramod$59d1e71730573726016523635ae12d9a36d2e6b7\GTP_LUT6'.
Parameter \INIT = 64'1001011001100110010110101010101000111100110011001111000000000000
Found cached RTLIL representation for module `$paramod$6467decad80f9f1fe527a343c1088f0670b6a372\GTP_LUT6'.
Parameter \INIT = 64'1001011001100110010110101010101000111100110011001111000000000000
Found cached RTLIL representation for module `$paramod$6467decad80f9f1fe527a343c1088f0670b6a372\GTP_LUT6'.
Parameter \INIT = 64'1001011001100110010110101010101000111100110011001111000000000000
Found cached RTLIL representation for module `$paramod$6467decad80f9f1fe527a343c1088f0670b6a372\GTP_LUT6'.
Parameter \INIT = 64'0110100110011001101001010101010111000011001100110000111111111111
Found cached RTLIL representation for module `$paramod$12ac32869a3b0344482a06de893b1c422a497c6b\GTP_LUT6'.
Parameter \INIT = 64'0001011101110111010111111111111100111111111111111111111111111111
Found cached RTLIL representation for module `$paramod$59d1e71730573726016523635ae12d9a36d2e6b7\GTP_LUT6'.
Parameter \INIT = 64'0001011101110111010111111111111100111111111111111111111111111111
Found cached RTLIL representation for module `$paramod$59d1e71730573726016523635ae12d9a36d2e6b7\GTP_LUT6'.
Parameter \INIT = 64'0001011101110111010111111111111100111111111111111111111111111111
Found cached RTLIL representation for module `$paramod$59d1e71730573726016523635ae12d9a36d2e6b7\GTP_LUT6'.
Parameter \INIT = 64'1001011001100110010110101010101000111100110011001111000000000000
Found cached RTLIL representation for module `$paramod$6467decad80f9f1fe527a343c1088f0670b6a372\GTP_LUT6'.
Parameter \INIT = 64'0001011101110111010111111111111100111111111111111111111111111111
Found cached RTLIL representation for module `$paramod$59d1e71730573726016523635ae12d9a36d2e6b7\GTP_LUT6'.
Parameter \INIT = 64'0110100110011001101001010101010111000011001100110000111111111111
Found cached RTLIL representation for module `$paramod$12ac32869a3b0344482a06de893b1c422a497c6b\GTP_LUT6'.
Parameter \INIT = 64'0110100110011001101001010101010111000011001100110000111111111111
Found cached RTLIL representation for module `$paramod$12ac32869a3b0344482a06de893b1c422a497c6b\GTP_LUT6'.
Parameter \INIT = 64'0001011101110111010111111111111100111111111111111111111111111111
Found cached RTLIL representation for module `$paramod$59d1e71730573726016523635ae12d9a36d2e6b7\GTP_LUT6'.
Parameter \INIT = 64'0001011101110111010111111111111100111111111111111111111111111111
Found cached RTLIL representation for module `$paramod$59d1e71730573726016523635ae12d9a36d2e6b7\GTP_LUT6'.
Parameter \INIT = 64'0001011101110111010111111111111100111111111111111111111111111111
Found cached RTLIL representation for module `$paramod$59d1e71730573726016523635ae12d9a36d2e6b7\GTP_LUT6'.
Parameter \INIT = 64'1001110001100110010110101010101000110110110011001111000000000000
Found cached RTLIL representation for module `$paramod$29ed4a338ac22fc5e8ee67904c699e7f572c14da\GTP_LUT6'.
Parameter \INIT = 64'0110100110011001101001010101010111000011001100110000111111111111
Found cached RTLIL representation for module `$paramod$12ac32869a3b0344482a06de893b1c422a497c6b\GTP_LUT6'.
Parameter \INIT = 64'0001011101110111010111111111111100111111111111111111111111111111
Found cached RTLIL representation for module `$paramod$59d1e71730573726016523635ae12d9a36d2e6b7\GTP_LUT6'.
Parameter \INIT = 64'0001010101110111010111111111111100110111111111111111111111111111
Found cached RTLIL representation for module `$paramod$f2b8da729649a8d2feb523ab9a0b10d65898f949\GTP_LUT6'.
Parameter \INIT = 64'0001011101110111010111111111111100111111111111111111111111111111
Found cached RTLIL representation for module `$paramod$59d1e71730573726016523635ae12d9a36d2e6b7\GTP_LUT6'.
Parameter \INIT = 64'0001011101110111010111111111111100111111111111111111111111111111
Found cached RTLIL representation for module `$paramod$59d1e71730573726016523635ae12d9a36d2e6b7\GTP_LUT6'.
Parameter \INIT = 8'10000100

3.124. Executing AST frontend in derive mode using pre-parsed AST for module `\GTP_LUT3'.
Parameter \INIT = 8'10000100
Generating RTLIL representation for module `$paramod\GTP_LUT3\INIT=8'10000100'.
Parameter \INIT = 32'10000111011110000111011110001000

3.125. Executing AST frontend in derive mode using pre-parsed AST for module `\GTP_LUT5'.
Parameter \INIT = 32'10000111011110000111011110001000
Generating RTLIL representation for module `$paramod\GTP_LUT5\INIT=32'10000111011110000111011110001000'.
Parameter \INIT = 8'10010110
Found cached RTLIL representation for module `$paramod\GTP_LUT3\INIT=8'10010110'.
Parameter \INIT = 64'0001000001010001000100000001000001010001010100010001000001010001

3.126. Executing AST frontend in derive mode using pre-parsed AST for module `\GTP_LUT6'.
Parameter \INIT = 64'0001000001010001000100000001000001010001010100010001000001010001
Generating RTLIL representation for module `$paramod$3eeda1f05e29e62640389e4b594c3e4acefb3b8a\GTP_LUT6'.
Parameter \INIT = 64'0000000000000000111111110000000000000000000000001111111110101011

3.127. Executing AST frontend in derive mode using pre-parsed AST for module `\GTP_LUT6'.
Parameter \INIT = 64'0000000000000000111111110000000000000000000000001111111110101011
Generating RTLIL representation for module `$paramod$545d8b0c68aa9eef7d5fdbc0a8cfd3c5977ed058\GTP_LUT6'.
Parameter \INIT = 64'0101000101010000010100010101000001010001010100010101000101010000

3.128. Executing AST frontend in derive mode using pre-parsed AST for module `\GTP_LUT6'.
Parameter \INIT = 64'0101000101010000010100010101000001010001010100010101000101010000
Generating RTLIL representation for module `$paramod$466e63a211eb8f97be13400ebafd4b0931ce514b\GTP_LUT6'.
Parameter \INIT = 64'0001000001010001000100000001000001010001010100010001000001010001
Found cached RTLIL representation for module `$paramod$3eeda1f05e29e62640389e4b594c3e4acefb3b8a\GTP_LUT6'.
Parameter \INIT = 64'0100010101000101010001000100010001000101010001010100010001000101

3.129. Executing AST frontend in derive mode using pre-parsed AST for module `\GTP_LUT6'.
Parameter \INIT = 64'0100010101000101010001000100010001000101010001010100010001000101
Generating RTLIL representation for module `$paramod$972112a20b5472094a0cc3542b63f32ab0dfc5cc\GTP_LUT6'.
Parameter \INIT = 64'0100000001010000010101000101010100000000010000000101000001010100

3.130. Executing AST frontend in derive mode using pre-parsed AST for module `\GTP_LUT6'.
Parameter \INIT = 64'0100000001010000010101000101010100000000010000000101000001010100
Generating RTLIL representation for module `$paramod$7ca2a7afbe87be73ca7343f5aa69f615c6bb9318\GTP_LUT6'.
Parameter \INIT = 64'0000001000000010000010110000001000001011000000100000101100001011

3.131. Executing AST frontend in derive mode using pre-parsed AST for module `\GTP_LUT6'.
Parameter \INIT = 64'0000001000000010000010110000001000001011000000100000101100001011
Generating RTLIL representation for module `$paramod$498d4458e0cc14fd993b6044999ec4b5905d71fb\GTP_LUT6'.
Parameter \INIT = 64'0100010101000101010001000100010001000101010001010100010001000101
Found cached RTLIL representation for module `$paramod$972112a20b5472094a0cc3542b63f32ab0dfc5cc\GTP_LUT6'.
Parameter \INIT = 64'0100010101010101000000000100010100000100010101010000000000000100

3.132. Executing AST frontend in derive mode using pre-parsed AST for module `\GTP_LUT6'.
Parameter \INIT = 64'0100010101010101000000000100010100000100010101010000000000000100
Generating RTLIL representation for module `$paramod$7f53fefbdb95d928d57b2a52f54d0e24414c0507\GTP_LUT6'.
Parameter \INIT = 64'0100000001010000010101000101010100000000010000000101000001010100
Found cached RTLIL representation for module `$paramod$7ca2a7afbe87be73ca7343f5aa69f615c6bb9318\GTP_LUT6'.
Parameter \INIT = 64'0101010100000001010101010000000101010101000000010101010100000000

3.133. Executing AST frontend in derive mode using pre-parsed AST for module `\GTP_LUT6'.
Parameter \INIT = 64'0101010100000001010101010000000101010101000000010101010100000000
Generating RTLIL representation for module `$paramod$2a67350ca240a316ffd07b0e35788d12ec9eafdc\GTP_LUT6'.
Parameter \INIT = 64'0001000000010000010100010001000001010001000100000101000101010001

3.134. Executing AST frontend in derive mode using pre-parsed AST for module `\GTP_LUT6'.
Parameter \INIT = 64'0001000000010000010100010001000001010001000100000101000101010001
Generating RTLIL representation for module `$paramod$ce4c43c670a7dce17baa8b138f06d312637dfa1d\GTP_LUT6'.
Parameter \INIT = 64'0101010100000001010101010000000101010101000000000101010100000001

3.135. Executing AST frontend in derive mode using pre-parsed AST for module `\GTP_LUT6'.
Parameter \INIT = 64'0101010100000001010101010000000101010101000000000101010100000001
Generating RTLIL representation for module `$paramod$378dd0d0ba808ff0984abf7c537191041eba26ae\GTP_LUT6'.
Parameter \INIT = 64'0101000101010001000100000001000001010001010100010001000001010001

3.136. Executing AST frontend in derive mode using pre-parsed AST for module `\GTP_LUT6'.
Parameter \INIT = 64'0101000101010001000100000001000001010001010100010001000001010001
Generating RTLIL representation for module `$paramod$6222f9e28f0faf5cfe01b7f1bf9e1a2568222e5e\GTP_LUT6'.
Parameter \INIT = 64'0100010101000101010001010100010100000100000001000000010001000101

3.137. Executing AST frontend in derive mode using pre-parsed AST for module `\GTP_LUT6'.
Parameter \INIT = 64'0100010101000101010001010100010100000100000001000000010001000101
Generating RTLIL representation for module `$paramod$863410447d6752341c4394e2ea68df4d55f9f555\GTP_LUT6'.
Parameter \INIT = 64'0101000101010001010100000101000001010001010100010101000001010001

3.138. Executing AST frontend in derive mode using pre-parsed AST for module `\GTP_LUT6'.
Parameter \INIT = 64'0101000101010001010100000101000001010001010100010101000001010001
Generating RTLIL representation for module `$paramod$6dd7cfecae4e453deeac25f937bea7d1ae1ad3b9\GTP_LUT6'.
Parameter \INIT = 64'0001000000010000010100010001000001010001000100000101000101010001
Found cached RTLIL representation for module `$paramod$ce4c43c670a7dce17baa8b138f06d312637dfa1d\GTP_LUT6'.
Parameter \INIT = 64'0100010101010101000000000100010100000100010101010000000000000100
Found cached RTLIL representation for module `$paramod$7f53fefbdb95d928d57b2a52f54d0e24414c0507\GTP_LUT6'.
Parameter \INIT = 64'0101000101010001000100000101000100010000010100010001000000010000

3.139. Executing AST frontend in derive mode using pre-parsed AST for module `\GTP_LUT6'.
Parameter \INIT = 64'0101000101010001000100000101000100010000010100010001000000010000
Generating RTLIL representation for module `$paramod$720b88ffb77f6aef7d1ff2223e67106ea77a052a\GTP_LUT6'.
Parameter \INIT = 64'0000011001100110000000000000011001101111111111110110011001101111

3.140. Executing AST frontend in derive mode using pre-parsed AST for module `\GTP_LUT6'.
Parameter \INIT = 64'0000011001100110000000000000011001101111111111110110011001101111
Generating RTLIL representation for module `$paramod$a8ece0b410c4a86760c985a5ff6aabb529230a69\GTP_LUT6'.
Parameter \INIT = 64'1001011001100110100110011001011001101001100110010110011001101001

3.141. Executing AST frontend in derive mode using pre-parsed AST for module `\GTP_LUT6'.
Parameter \INIT = 64'1001011001100110100110011001011001101001100110010110011001101001
Generating RTLIL representation for module `$paramod$5f2c97c1622ecb1dc65c5028c0d836b8ad453609\GTP_LUT6'.
Parameter \INIT = 64'0001000100010001000100010001000100000000000100000001000000010001

3.142. Executing AST frontend in derive mode using pre-parsed AST for module `\GTP_LUT6'.
Parameter \INIT = 64'0001000100010001000100010001000100000000000100000001000000010001
Generating RTLIL representation for module `$paramod$13673008ed6f5a820840637ae1727994affe63b4\GTP_LUT6'.
Parameter \INIT = 64'0001000100010000000100010001000000010001000100000001000100010001

3.143. Executing AST frontend in derive mode using pre-parsed AST for module `\GTP_LUT6'.
Parameter \INIT = 64'0001000100010000000100010001000000010001000100000001000100010001
Generating RTLIL representation for module `$paramod$9a34bef127112b01c94062c59de5f288c07e0f4f\GTP_LUT6'.
Parameter \INIT = 64'0110100110010110100101100110100110010110011010010110100110010110

3.144. Executing AST frontend in derive mode using pre-parsed AST for module `\GTP_LUT6'.
Parameter \INIT = 64'0110100110010110100101100110100110010110011010010110100110010110
Generating RTLIL representation for module `$paramod$02374f4a65d3b5609cc7b0641a42ea302923c6c2\GTP_LUT6'.
Parameter \INIT = 64'0110100101100110011001100110100110011001011010010110100110011001

3.145. Executing AST frontend in derive mode using pre-parsed AST for module `\GTP_LUT6'.
Parameter \INIT = 64'0110100101100110011001100110100110011001011010010110100110011001
Generating RTLIL representation for module `$paramod$f3c0a4b7dd5f2f3c43e1ec3e1678778539f3fcd2\GTP_LUT6'.
Parameter \INIT = 64'0010101100100010001000100010101110111011001010110010101110111011

3.146. Executing AST frontend in derive mode using pre-parsed AST for module `\GTP_LUT6'.
Parameter \INIT = 64'0010101100100010001000100010101110111011001010110010101110111011
Generating RTLIL representation for module `$paramod$50a884ab3ddd18687c8b7a80b03766c3410d0e36\GTP_LUT6'.
Parameter \INIT = 64'0111100010000111100001110111100010000111011110000111100010000111
Found cached RTLIL representation for module `$paramod$88ecfd519a593b02863949e357d92dadc8620ded\GTP_LUT6'.
Parameter \INIT = 64'0111100010000111000000000000000011111111111111110111100010000111
Found cached RTLIL representation for module `$paramod$7e8ecca2bd2c9fda89b7ba83f498fbd173b64e0b\GTP_LUT6'.
Parameter \INIT = 64'1111000000001111011110001000011101111000100001110000111111110000
Found cached RTLIL representation for module `$paramod$a337bf0720f062fe2d1eaaefb7cd288c26633345\GTP_LUT6'.
Parameter \INIT = 64'1111111100001111011111110000011101111111000001110000111100000000
Found cached RTLIL representation for module `$paramod$78eccde7a79bd52d879f036e873d4c48515a8778\GTP_LUT6'.
Parameter \INIT = 64'0000000000101011001010111111111100101011111111110000000000101011

3.147. Executing AST frontend in derive mode using pre-parsed AST for module `\GTP_LUT6'.
Parameter \INIT = 64'0000000000101011001010111111111100101011111111110000000000101011
Generating RTLIL representation for module `$paramod$701bf4c3a4d10d60e0e45ab02637a46118e0b77c\GTP_LUT6'.
Parameter \INIT = 64'1101010000101011001010111101010000101011110101001101010000101011

3.148. Executing AST frontend in derive mode using pre-parsed AST for module `\GTP_LUT6'.
Parameter \INIT = 64'1101010000101011001010111101010000101011110101001101010000101011
Generating RTLIL representation for module `$paramod$083e02367a9b486f9a5fe907fbc96b21dfe4020c\GTP_LUT6'.
Parameter \INIT = 64'0110110010010011000000000000000011111111111111110110110010010011

3.149. Executing AST frontend in derive mode using pre-parsed AST for module `\GTP_LUT6'.
Parameter \INIT = 64'0110110010010011000000000000000011111111111111110110110010010011
Generating RTLIL representation for module `$paramod$89a4099056da44912103a78bfb33ea9812de148a\GTP_LUT6'.
Parameter \INIT = 64'0110110010010011100100110110110010010011011011000110110010010011
Found cached RTLIL representation for module `$paramod$8440634061c2441cf479cde1e76adfe36d754c4a\GTP_LUT6'.
Parameter \INIT = 64'0110010111001111100110100011000010011010001100000110010111001111
Found cached RTLIL representation for module `$paramod$64af08bf0355334b280973211717b33f130d98c6\GTP_LUT6'.
Parameter \INIT = 64'0101011101111111000000010001010110101011101111110000001000101010

3.150. Executing AST frontend in derive mode using pre-parsed AST for module `\GTP_LUT6'.
Parameter \INIT = 64'0101011101111111000000010001010110101011101111110000001000101010
Generating RTLIL representation for module `$paramod$e783d5a768f55ca56da7f1653c7e3f232c6a9d6e\GTP_LUT6'.
Parameter \INIT = 64'0101011001101010101010011001010110101001100101010101011001101010

3.151. Executing AST frontend in derive mode using pre-parsed AST for module `\GTP_LUT6'.
Parameter \INIT = 64'0101011001101010101010011001010110101001100101010101011001101010
Generating RTLIL representation for module `$paramod$b43a7e0ec80a203a2d0a6f330a15d15d148158df\GTP_LUT6'.
Parameter \INIT = 64'1001011010100101101001011010010110010110011010010110100101101001

3.152. Executing AST frontend in derive mode using pre-parsed AST for module `\GTP_LUT6'.
Parameter \INIT = 64'1001011010100101101001011010010110010110011010010110100101101001
Generating RTLIL representation for module `$paramod$65df2eb63d0fb78f4b7d7b1a2981e6c393a98f6b\GTP_LUT6'.
Parameter \INIT = 64'1101000001110101001011111000101011111000111101110000011100001000

3.153. Executing AST frontend in derive mode using pre-parsed AST for module `\GTP_LUT6'.
Parameter \INIT = 64'1101000001110101001011111000101011111000111101110000011100001000
Generating RTLIL representation for module `$paramod$68b2fd58e3d43fd00b3d39eed98662d593eabe16\GTP_LUT6'.
Parameter \INIT = 64'1000011101111000011110001000011101111000100001111000011101111000
Found cached RTLIL representation for module `$paramod$64b8335b011477a280d097ee50de23d0145fcc23\GTP_LUT6'.
Parameter \INIT = 64'1111011101110000111110001000000011111000100000001111011101110000
Found cached RTLIL representation for module `$paramod$74f4573eca16316e285c79669f651197afc10679\GTP_LUT6'.
Parameter \INIT = 64'1110000011000000000111110011111100011111001111111110000011000000
Found cached RTLIL representation for module `$paramod$36c467f04866d0857a7616ea014a57428f8c597e\GTP_LUT6'.
Parameter \INIT = 64'0001111100111111111111111111111100000000000000000001111100111111

3.154. Executing AST frontend in derive mode using pre-parsed AST for module `\GTP_LUT6'.
Parameter \INIT = 64'0001111100111111111111111111111100000000000000000001111100111111
Generating RTLIL representation for module `$paramod$4adcd1876a269811694e958bf6596635d8061f5e\GTP_LUT6'.
Parameter \INIT = 64'1001010100111111111111111111111100000000000000001001010100111111

3.155. Executing AST frontend in derive mode using pre-parsed AST for module `\GTP_LUT6'.
Parameter \INIT = 64'1001010100111111111111111111111100000000000000001001010100111111
Generating RTLIL representation for module `$paramod$45ef40a1792c1e17548c8e2a9aa9d3dba0ce40b1\GTP_LUT6'.
Parameter \INIT = 64'0110010111001111100110100011000010011010001100000110010111001111
Found cached RTLIL representation for module `$paramod$64af08bf0355334b280973211717b33f130d98c6\GTP_LUT6'.
Parameter \INIT = 64'0100101001101010111000001100000010110101100101010001111100111111
Found cached RTLIL representation for module `$paramod$0215b9386c9fcb2322798053b908b4a664f2619a\GTP_LUT6'.
Parameter \INIT = 64'0101111101111111111111111111111100010101000101010001111100111111
Found cached RTLIL representation for module `$paramod$b7023907727181d9521d6870be862a56953b99f4\GTP_LUT6'.
Parameter \INIT = 64'0111010111111111000100000011000011011111111111110100010111001111

3.156. Executing AST frontend in derive mode using pre-parsed AST for module `\GTP_LUT6'.
Parameter \INIT = 64'0111010111111111000100000011000011011111111111110100010111001111
Generating RTLIL representation for module `$paramod$28f67a43c0359762428216162537090a6be97fb7\GTP_LUT6'.
Parameter \INIT = 64'1101101001011010011100001111000000100101101001011000111100001111
Found cached RTLIL representation for module `$paramod$a1bcbcca366820977776540231deb961d9afe78f\GTP_LUT6'.
Parameter \INIT = 8'01101001
Found cached RTLIL representation for module `$paramod\GTP_LUT3\INIT=8'01101001'.
Parameter \INIT = 2022147960

3.157. Executing AST frontend in derive mode using pre-parsed AST for module `\GTP_LUT5'.
Parameter \INIT = 2022147960
Generating RTLIL representation for module `$paramod\GTP_LUT5\INIT=32'01111000100001111000011101111000'.
Parameter \INIT = 64'0110100110011001101001010101010111000011001100110000111111111111
Found cached RTLIL representation for module `$paramod$12ac32869a3b0344482a06de893b1c422a497c6b\GTP_LUT6'.
Parameter \INIT = 64'0001011101110111010111111111111100111111111111111111111111111111
Found cached RTLIL representation for module `$paramod$59d1e71730573726016523635ae12d9a36d2e6b7\GTP_LUT6'.
Parameter \INIT = 64'1001011001011010101010101010101000111100111100000000000000000000
Found cached RTLIL representation for module `$paramod$92432f548d7ca0e4c4185505e90b3fa0b62d6924\GTP_LUT6'.
Parameter \INIT = 64'0110100110011001101001010101010111000011001100110000111111111111
Found cached RTLIL representation for module `$paramod$12ac32869a3b0344482a06de893b1c422a497c6b\GTP_LUT6'.
Parameter \INIT = 64'1001011001100110010110101010101000111100110011001111000000000000
Found cached RTLIL representation for module `$paramod$6467decad80f9f1fe527a343c1088f0670b6a372\GTP_LUT6'.
Parameter \INIT = 8'01101001
Found cached RTLIL representation for module `$paramod\GTP_LUT3\INIT=8'01101001'.
Parameter \INIT = 16'0110100110010110
Found cached RTLIL representation for module `$paramod\GTP_LUT4\INIT=16'0110100110010110'.
Parameter \INIT = 8'11010100

3.158. Executing AST frontend in derive mode using pre-parsed AST for module `\GTP_LUT3'.
Parameter \INIT = 8'11010100
Generating RTLIL representation for module `$paramod\GTP_LUT3\INIT=8'11010100'.
Parameter \INIT = 8'11100100

3.159. Executing AST frontend in derive mode using pre-parsed AST for module `\GTP_LUT3'.
Parameter \INIT = 8'11100100
Generating RTLIL representation for module `$paramod\GTP_LUT3\INIT=8'11100100'.
Parameter \INIT = 64'0100010011011101010001001101110101000100110111010100010011010100

3.160. Executing AST frontend in derive mode using pre-parsed AST for module `\GTP_LUT6'.
Parameter \INIT = 64'0100010011011101010001001101110101000100110111010100010011010100
Generating RTLIL representation for module `$paramod$d0a0894eaf84dfd1b838a18763ae0766ed689a90\GTP_LUT6'.
Parameter \INIT = 64'0010001000100010101110111011101100100010001000100010001000101011

3.161. Executing AST frontend in derive mode using pre-parsed AST for module `\GTP_LUT6'.
Parameter \INIT = 64'0010001000100010101110111011101100100010001000100010001000101011
Generating RTLIL representation for module `$paramod$f34182c923e55107854cf6f9e837941d1e788ccf\GTP_LUT6'.
Parameter \INIT = 64'0000000000000000000000000000000011111111111110111011101110111010

3.162. Executing AST frontend in derive mode using pre-parsed AST for module `\GTP_LUT6'.
Parameter \INIT = 64'0000000000000000000000000000000011111111111110111011101110111010
Generating RTLIL representation for module `$paramod$2682816559f905ccaf80be70e1bebe31afa6ed29\GTP_LUT6'.
Parameter \INIT = 64'0010001010111011001000100010001000100010101110110010001000101011

3.163. Executing AST frontend in derive mode using pre-parsed AST for module `\GTP_LUT6'.
Parameter \INIT = 64'0010001010111011001000100010001000100010101110110010001000101011
Generating RTLIL representation for module `$paramod$a0e638ed2b98d14b6e3496c507f435232b266ed3\GTP_LUT6'.
Parameter \INIT = 64'0100010011010100010001001101010001000100110101001101010011011101

3.164. Executing AST frontend in derive mode using pre-parsed AST for module `\GTP_LUT6'.
Parameter \INIT = 64'0100010011010100010001001101010001000100110101001101010011011101
Generating RTLIL representation for module `$paramod$e8740bdee71f5ad9e3ec22bb9e152aa81ac0f7c3\GTP_LUT6'.
Parameter \INIT = 64'1011001010110010101100101011001011110011111100111111001110110010

3.165. Executing AST frontend in derive mode using pre-parsed AST for module `\GTP_LUT6'.
Parameter \INIT = 64'1011001010110010101100101011001011110011111100111111001110110010
Generating RTLIL representation for module `$paramod$7da7bb8d70aa694811df0ec2128556c73088bc2c\GTP_LUT6'.
Parameter \INIT = 64'0100010001000100010001000100010011011101110111011101110111010100

3.166. Executing AST frontend in derive mode using pre-parsed AST for module `\GTP_LUT6'.
Parameter \INIT = 64'0100010001000100010001000100010011011101110111011101110111010100
Generating RTLIL representation for module `$paramod$8a7ee3a8ac6edb58a63467beb041fa403c691363\GTP_LUT6'.
Parameter \INIT = 64'0000110000001111000011000000110000001100000011110000110000001101

3.167. Executing AST frontend in derive mode using pre-parsed AST for module `\GTP_LUT6'.
Parameter \INIT = 64'0000110000001111000011000000110000001100000011110000110000001101
Generating RTLIL representation for module `$paramod$c79624e77cce1c2d2afe3d539f9259a3a31e71fd\GTP_LUT6'.
Parameter \INIT = 64'0100010001000100010101010101010101000100010001000100010001000101

3.168. Executing AST frontend in derive mode using pre-parsed AST for module `\GTP_LUT6'.
Parameter \INIT = 64'0100010001000100010101010101010101000100010001000100010001000101
Generating RTLIL representation for module `$paramod$a3150a4b5d0c3ddde8dfb8a72b1fe52f5a91c09c\GTP_LUT6'.
Parameter \INIT = 64'1111110101010101010101000000000011111111111111010101010101010100

3.169. Executing AST frontend in derive mode using pre-parsed AST for module `\GTP_LUT6'.
Parameter \INIT = 64'1111110101010101010101000000000011111111111111010101010101010100
Generating RTLIL representation for module `$paramod$7fe4e5f595ef699cb797f050d41f9fea9d16cf75\GTP_LUT6'.
Parameter \INIT = 64'0111000101110001011100010111000100110000001100000011000001110001

3.170. Executing AST frontend in derive mode using pre-parsed AST for module `\GTP_LUT6'.
Parameter \INIT = 64'0111000101110001011100010111000100110000001100000011000001110001
Generating RTLIL representation for module `$paramod$b25a96f090086eccde3c615b2aeb5f029eaefb82\GTP_LUT6'.
Parameter \INIT = 64'0000110000001111000011000000110000001100000011110000110000001101
Found cached RTLIL representation for module `$paramod$c79624e77cce1c2d2afe3d539f9259a3a31e71fd\GTP_LUT6'.
Parameter \INIT = 64'0000000000001000100010001000101010101010101011101110111011101111

3.171. Executing AST frontend in derive mode using pre-parsed AST for module `\GTP_LUT6'.
Parameter \INIT = 64'0000000000001000100010001000101010101010101011101110111011101111
Generating RTLIL representation for module `$paramod$5a502b913ccc3d596cb2ca6e40b8814fba761ded\GTP_LUT6'.
Parameter \INIT = 64'0100010001000100010101010101010101000100010001000100010001000101
Found cached RTLIL representation for module `$paramod$a3150a4b5d0c3ddde8dfb8a72b1fe52f5a91c09c\GTP_LUT6'.
Parameter \INIT = 64'0101000101010000010100010101000001010001010100000101000101010001

3.172. Executing AST frontend in derive mode using pre-parsed AST for module `\GTP_LUT6'.
Parameter \INIT = 64'0101000101010000010100010101000001010001010100000101000101010001
Generating RTLIL representation for module `$paramod$d91852a0950cafd75f5ed00c6b0afddde4206362\GTP_LUT6'.
Parameter \INIT = 64'0011000000110011001100000011000000110000001100110011000000110001

3.173. Executing AST frontend in derive mode using pre-parsed AST for module `\GTP_LUT6'.
Parameter \INIT = 64'0011000000110011001100000011000000110000001100110011000000110001
Generating RTLIL representation for module `$paramod$89b381a9a0f5c0a39f55985ab7be721540ca1b36\GTP_LUT6'.
Parameter \INIT = 64'0001011100010111000101110001011100000011000000110000001100010111

3.174. Executing AST frontend in derive mode using pre-parsed AST for module `\GTP_LUT6'.
Parameter \INIT = 64'0001011100010111000101110001011100000011000000110000001100010111
Generating RTLIL representation for module `$paramod$0ce858d7f4edd6b15605d911866f45f6ee759d3e\GTP_LUT6'.
Parameter \INIT = 64'0100010001000100010101010101010101000100010001000100010001000101
Found cached RTLIL representation for module `$paramod$a3150a4b5d0c3ddde8dfb8a72b1fe52f5a91c09c\GTP_LUT6'.
Parameter \INIT = 64'1111111111110111011101110111010101010101010100010001000100010000

3.175. Executing AST frontend in derive mode using pre-parsed AST for module `\GTP_LUT6'.
Parameter \INIT = 64'1111111111110111011101110111010101010101010100010001000100010000
Generating RTLIL representation for module `$paramod$c6b2821ac13c3affad728c37b238cbedb707bbd3\GTP_LUT6'.
Parameter \INIT = 64'1101110111010100110111011101110101000100010001001101110111010100

3.176. Executing AST frontend in derive mode using pre-parsed AST for module `\GTP_LUT6'.
Parameter \INIT = 64'1101110111010100110111011101110101000100010001001101110111010100
Generating RTLIL representation for module `$paramod$ad51114504007efb9dfce151e45cc8c84d1f2230\GTP_LUT6'.
Parameter \INIT = 64'0000110011001111000011000000110000001100110011110000110001001101

3.177. Executing AST frontend in derive mode using pre-parsed AST for module `\GTP_LUT6'.
Parameter \INIT = 64'0000110011001111000011000000110000001100110011110000110001001101
Generating RTLIL representation for module `$paramod$e9dcee75cec4632edba7eeb1bc213028fb169d9f\GTP_LUT6'.
Parameter \INIT = 64'0101010001010100010101000101010001010100010101000101010001010101

3.178. Executing AST frontend in derive mode using pre-parsed AST for module `\GTP_LUT6'.
Parameter \INIT = 64'0101010001010100010101000101010001010100010101000101010001010101
Generating RTLIL representation for module `$paramod$ad30a2f777cea0b04e4a8841fb9de427ab3402bf\GTP_LUT6'.
Parameter \INIT = 64'0000101100001011000010100000101000001011000010110000101000001011

3.179. Executing AST frontend in derive mode using pre-parsed AST for module `\GTP_LUT6'.
Parameter \INIT = 64'0000101100001011000010100000101000001011000010110000101000001011
Generating RTLIL representation for module `$paramod$c1d4e033a2f2e62d94466c00803847a20b9f5614\GTP_LUT6'.
Parameter \INIT = 1145328980

3.180. Executing AST frontend in derive mode using pre-parsed AST for module `\GTP_LUT5'.
Parameter \INIT = 1145328980
Generating RTLIL representation for module `$paramod\GTP_LUT5\INIT=32'01000100010001000101010101010100'.
Parameter \INIT = 64'0110010111001111111111111111111100000000000000000110010111001111
Found cached RTLIL representation for module `$paramod$e5afda3d2dd044cda91dbb2e31584a70e4804492\GTP_LUT6'.
Parameter \INIT = 64'0110010111001111100110100011000010011010001100000110010111001111
Found cached RTLIL representation for module `$paramod$64af08bf0355334b280973211717b33f130d98c6\GTP_LUT6'.
Parameter \INIT = 64'0110010111001111111111111111111100000000000000000110010111001111
Found cached RTLIL representation for module `$paramod$e5afda3d2dd044cda91dbb2e31584a70e4804492\GTP_LUT6'.
Parameter \INIT = 143306479

3.181. Executing AST frontend in derive mode using pre-parsed AST for module `\GTP_LUT5'.
Parameter \INIT = 143306479
Generating RTLIL representation for module `$paramod\GTP_LUT5\INIT=32'00001000100010101010111011101111'.
Parameter \INIT = 64'1000000011111000011100001111011101110000111101111000000011111000

3.182. Executing AST frontend in derive mode using pre-parsed AST for module `\GTP_LUT6'.
Parameter \INIT = 64'1000000011111000011100001111011101110000111101111000000011111000
Generating RTLIL representation for module `$paramod$dcfa9fcb1ee52fe55381440f807d08900746d5ff\GTP_LUT6'.
Parameter \INIT = 64'0001111100111111111000001100000011100000110000000001111100111111

3.183. Executing AST frontend in derive mode using pre-parsed AST for module `\GTP_LUT6'.
Parameter \INIT = 64'0001111100111111111000001100000011100000110000000001111100111111
Generating RTLIL representation for module `$paramod$b5147093475f556008a6df7af93b957ab27646ca\GTP_LUT6'.
Parameter \INIT = 64'1001010100111111011010101100000001101010110000001001010100111111

3.184. Executing AST frontend in derive mode using pre-parsed AST for module `\GTP_LUT6'.
Parameter \INIT = 64'1001010100111111011010101100000001101010110000001001010100111111
Generating RTLIL representation for module `$paramod$dd67c07ec6dbc0d6076981e03596e24ed6165c59\GTP_LUT6'.
Parameter \INIT = 64'0111100110010101110100110011111100000000000000000000000000000000

3.185. Executing AST frontend in derive mode using pre-parsed AST for module `\GTP_LUT6'.
Parameter \INIT = 64'0111100110010101110100110011111100000000000000000000000000000000
Generating RTLIL representation for module `$paramod$16fceda44832702febc7994c20b21088f6f33ae3\GTP_LUT6'.
Parameter \INIT = 64'0000000000000000000000000000000010000110011010100010110011000000

3.186. Executing AST frontend in derive mode using pre-parsed AST for module `\GTP_LUT6'.
Parameter \INIT = 64'0000000000000000000000000000000010000110011010100010110011000000
Generating RTLIL representation for module `$paramod$1db71f7f0dccedd60f67883d711aa9779cb86696\GTP_LUT6'.
Parameter \INIT = 64'0000000011111111010100111111001101011111111111111111111111110011

3.187. Executing AST frontend in derive mode using pre-parsed AST for module `\GTP_LUT6'.
Parameter \INIT = 64'0000000011111111010100111111001101011111111111111111111111110011
Generating RTLIL representation for module `$paramod$6c7e0c236158d4faaa74469ea246f31a4fb7750f\GTP_LUT6'.
Parameter \INIT = 64'1110111000000000100010100000000001000100100000000000000000000000

3.188. Executing AST frontend in derive mode using pre-parsed AST for module `\GTP_LUT6'.
Parameter \INIT = 64'1110111000000000100010100000000001000100100000000000000000000000
Generating RTLIL representation for module `$paramod$b403c3635bd03bc2b9c58d3e8fecbe43eed888d5\GTP_LUT6'.
Parameter \INIT = 64'0110100110011001101001010101010111000011001100110000111111111111
Found cached RTLIL representation for module `$paramod$12ac32869a3b0344482a06de893b1c422a497c6b\GTP_LUT6'.
Parameter \INIT = 259553520

3.189. Executing AST frontend in derive mode using pre-parsed AST for module `\GTP_LUT5'.
Parameter \INIT = 259553520
Generating RTLIL representation for module `$paramod\GTP_LUT5\INIT=32'00001111011110000111100011110000'.
Parameter \INIT = 2013233151

3.190. Executing AST frontend in derive mode using pre-parsed AST for module `\GTP_LUT5'.
Parameter \INIT = 2013233151
Generating RTLIL representation for module `$paramod\GTP_LUT5\INIT=32'01110111111111110111111111111111'.
Parameter \INIT = 64'0010101101001100110011110000000011010100101100110011000011111111

3.191. Executing AST frontend in derive mode using pre-parsed AST for module `\GTP_LUT6'.
Parameter \INIT = 64'0010101101001100110011110000000011010100101100110011000011111111
Generating RTLIL representation for module `$paramod$b8d73a74d0dbd175317167bbbfc832f2bffe2a6e\GTP_LUT6'.
Parameter \INIT = 64'1100110001110000111100000000000011100111001111000011111100000000

3.192. Executing AST frontend in derive mode using pre-parsed AST for module `\GTP_LUT6'.
Parameter \INIT = 64'1100110001110000111100000000000011100111001111000011111100000000
Generating RTLIL representation for module `$paramod$50f271df700185531e36c1a06bf8119c566ff282\GTP_LUT6'.
Parameter \INIT = 64'1111000001111111000000000000000011111000001111111100000000000000

3.193. Executing AST frontend in derive mode using pre-parsed AST for module `\GTP_LUT6'.
Parameter \INIT = 64'1111000001111111000000000000000011111000001111111100000000000000
Generating RTLIL representation for module `$paramod$01a45e7502db9d14a2bf7ebe6e7bddb9a35a55ef\GTP_LUT6'.
Parameter \INIT = 64'1111111110000000000000000000000011111111110000001100000000000000

3.194. Executing AST frontend in derive mode using pre-parsed AST for module `\GTP_LUT6'.
Parameter \INIT = 64'1111111110000000000000000000000011111111110000001100000000000000
Generating RTLIL representation for module `$paramod$ec3fab463e0064e29817e63da1a086c690502da3\GTP_LUT6'.
Parameter \INIT = 64'0111100010000111100001110111100010000111011110000111100010000111
Found cached RTLIL representation for module `$paramod$88ecfd519a593b02863949e357d92dadc8620ded\GTP_LUT6'.
Parameter \INIT = 64'0000000111100110011001011010101010101011010011001100111100000000

3.195. Executing AST frontend in derive mode using pre-parsed AST for module `\GTP_LUT6'.
Parameter \INIT = 64'0000000111100110011001011010101010101011010011001100111100000000
Generating RTLIL representation for module `$paramod$9494c7749024882b6143231ebfad33c0f83710a5\GTP_LUT6'.
Parameter \INIT = 64'1000100010001000100010001000100011110000000011110000111111110000

3.196. Executing AST frontend in derive mode using pre-parsed AST for module `\GTP_LUT6D'.
Parameter \INIT = 64'1000100010001000100010001000100011110000000011110000111111110000
Generating RTLIL representation for module `$paramod$f5766d85f68b62f93851b5e5d16f49c8098e89fc\GTP_LUT6D'.
Parameter \INIT = 16'1000100011000000

3.197. Executing AST frontend in derive mode using pre-parsed AST for module `\GTP_LUT4D'.
Parameter \INIT = 16'1000100011000000
Generating RTLIL representation for module `$paramod\GTP_LUT4D\INIT=16'1000100011000000'.
Parameter \INIT = 32'10001000100010001111000000000000

3.198. Executing AST frontend in derive mode using pre-parsed AST for module `\GTP_LUT5D'.
Parameter \INIT = 32'10001000100010001111000000000000
Generating RTLIL representation for module `$paramod\GTP_LUT5D\INIT=32'10001000100010001111000000000000'.
Parameter \INIT = 1017992

3.199. Executing AST frontend in derive mode using pre-parsed AST for module `\GTP_LUT5D'.
Parameter \INIT = 1017992
Generating RTLIL representation for module `$paramod\GTP_LUT5D\INIT=32'00000000000011111000100010001000'.
Parameter \INIT = 286326799

3.200. Executing AST frontend in derive mode using pre-parsed AST for module `\GTP_LUT5D'.
Parameter \INIT = 286326799
Generating RTLIL representation for module `$paramod\GTP_LUT5D\INIT=32'00010001000100010000000000001111'.
Parameter \INIT = 64'0110101001101010110000001100000010101010000000001010101000000000

3.201. Executing AST frontend in derive mode using pre-parsed AST for module `\GTP_LUT6D'.
Parameter \INIT = 64'0110101001101010110000001100000010101010000000001010101000000000
Generating RTLIL representation for module `$paramod$82fd09ec4a857adc943c881689d1dc38b2865766\GTP_LUT6D'.
Parameter \INIT = 64'1111000000000000111100000000000001101010011010101100000011000000

3.202. Executing AST frontend in derive mode using pre-parsed AST for module `\GTP_LUT6D'.
Parameter \INIT = 64'1111000000000000111100000000000001101010011010101100000011000000
Generating RTLIL representation for module `$paramod$bc0fbea881818c64425bb00960eacfe1f6b95c91\GTP_LUT6D'.
Parameter \INIT = 64'0001000100110011011101111111111110100000101000001010000010100000

3.203. Executing AST frontend in derive mode using pre-parsed AST for module `\GTP_LUT6D'.
Parameter \INIT = 64'0001000100110011011101111111111110100000101000001010000010100000
Generating RTLIL representation for module `$paramod$e0d39b478ad95b296dd3f847743428e3eda1e32c\GTP_LUT6D'.
Parameter \INIT = 255828128

3.204. Executing AST frontend in derive mode using pre-parsed AST for module `\GTP_LUT5D'.
Parameter \INIT = 255828128
Generating RTLIL representation for module `$paramod\GTP_LUT5D\INIT=32'00001111001111111010000010100000'.
Parameter \INIT = 16'1010000010001000

3.205. Executing AST frontend in derive mode using pre-parsed AST for module `\GTP_LUT4D'.
Parameter \INIT = 16'1010000010001000
Generating RTLIL representation for module `$paramod\GTP_LUT4D\INIT=16'1010000010001000'.
Parameter \INIT = 32'10101010000000000110101011000000

3.206. Executing AST frontend in derive mode using pre-parsed AST for module `\GTP_LUT5D'.
Parameter \INIT = 32'10101010000000000110101011000000
Generating RTLIL representation for module `$paramod\GTP_LUT5D\INIT=32'10101010000000000110101011000000'.
Parameter \INIT = 64'1000100010001000100010001000100011111111111100001111000000000000

3.207. Executing AST frontend in derive mode using pre-parsed AST for module `\GTP_LUT6D'.
Parameter \INIT = 64'1000100010001000100010001000100011111111111100001111000000000000
Generating RTLIL representation for module `$paramod$079d7f106020a41058c92a84c1a209594c205d93\GTP_LUT6D'.
Parameter \INIT = 64'1000100010001000100010001000100011111111111100001111000000000000
Found cached RTLIL representation for module `$paramod$079d7f106020a41058c92a84c1a209594c205d93\GTP_LUT6D'.
Parameter \INIT = 64'1000100010001000100010001000100011111111111100001111000000000000
Found cached RTLIL representation for module `$paramod$079d7f106020a41058c92a84c1a209594c205d93\GTP_LUT6D'.
Parameter \INIT = 64'1000000010000000000000000000000011110000000000001111000000000000

3.208. Executing AST frontend in derive mode using pre-parsed AST for module `\GTP_LUT6D'.
Parameter \INIT = 64'1000000010000000000000000000000011110000000000001111000000000000
Generating RTLIL representation for module `$paramod$792c1b04b9fb0ceb1a263f284c5297ae4a2cd6be\GTP_LUT6D'.
Parameter \INIT = 64'0110011010101010110011000000000011110000000000001111000000000000

3.209. Executing AST frontend in derive mode using pre-parsed AST for module `\GTP_LUT6D'.
Parameter \INIT = 64'0110011010101010110011000000000011110000000000001111000000000000
Generating RTLIL representation for module `$paramod$45a27bc51efbc019d097b4738884e9e24f158292\GTP_LUT6D'.
Parameter \INIT = 64'0110011010101010110011000000000011110000000000001111000000000000
Found cached RTLIL representation for module `$paramod$45a27bc51efbc019d097b4738884e9e24f158292\GTP_LUT6D'.
Parameter \INIT = 64'0110101011000000011010101100000011111111000000000000000000000000

3.210. Executing AST frontend in derive mode using pre-parsed AST for module `\GTP_LUT6D'.
Parameter \INIT = 64'0110101011000000011010101100000011111111000000000000000000000000
Generating RTLIL representation for module `$paramod$65b8e9ccbf31a6052b42a41b984bbb28cc09881c\GTP_LUT6D'.
Parameter \INIT = 64'1001100100110011011001101100110011000000110000001100000011000000

3.211. Executing AST frontend in derive mode using pre-parsed AST for module `\GTP_LUT6D'.
Parameter \INIT = 64'1001100100110011011001101100110011000000110000001100000011000000
Generating RTLIL representation for module `$paramod$5616e8c6647888a2a0a1a4cb968843643cd7f7de\GTP_LUT6D'.
Parameter \INIT = 64'1000100001110111011101111000100010100000101000001010000010100000

3.212. Executing AST frontend in derive mode using pre-parsed AST for module `\GTP_LUT6D'.
Parameter \INIT = 64'1000100001110111011101111000100010100000101000001010000010100000
Generating RTLIL representation for module `$paramod$4ce288b07d69340bec87c2fc392d6fc16325ddcc\GTP_LUT6D'.
Parameter \INIT = 16'1000100010100000

3.213. Executing AST frontend in derive mode using pre-parsed AST for module `\GTP_LUT4D'.
Parameter \INIT = 16'1000100010100000
Generating RTLIL representation for module `$paramod\GTP_LUT4D\INIT=16'1000100010100000'.
Parameter \INIT = 32'11100000110000001010000010100000

3.214. Executing AST frontend in derive mode using pre-parsed AST for module `\GTP_LUT5D'.
Parameter \INIT = 32'11100000110000001010000010100000
Generating RTLIL representation for module `$paramod\GTP_LUT5D\INIT=32'11100000110000001010000010100000'.
Parameter \INIT = 64'1001010100111111011010101100000000010101001111110111111111111111

3.215. Executing AST frontend in derive mode using pre-parsed AST for module `\GTP_LUT6D'.
Parameter \INIT = 64'1001010100111111011010101100000000010101001111110111111111111111
Generating RTLIL representation for module `$paramod$d3f159cf0373ef6711fc8766cf52f2ac4bf9af84\GTP_LUT6D'.
Parameter \INIT = 64'1001010100111111011010101100000000010101001111110111111111111111
Found cached RTLIL representation for module `$paramod$d3f159cf0373ef6711fc8766cf52f2ac4bf9af84\GTP_LUT6D'.
Parameter \INIT = 64'1100110011001100000000000000000001101010110000000110101011000000

3.216. Executing AST frontend in derive mode using pre-parsed AST for module `\GTP_LUT6D'.
Parameter \INIT = 64'1100110011001100000000000000000001101010110000000110101011000000
Generating RTLIL representation for module `$paramod$51ae4d7dd0143a8b538c33f2f5f6fa9241089db4\GTP_LUT6D'.
Parameter \INIT = 64'0101101010101010111100000000000011001100000000001100110000000000

3.217. Executing AST frontend in derive mode using pre-parsed AST for module `\GTP_LUT6D'.
Parameter \INIT = 64'0101101010101010111100000000000011001100000000001100110000000000
Generating RTLIL representation for module `$paramod$accc60f34cd029a6c547efdebaab1dc286dd4f33\GTP_LUT6D'.
Parameter \INIT = 64'0011110011001100111100000000000010101010101010100000000000000000

3.218. Executing AST frontend in derive mode using pre-parsed AST for module `\GTP_LUT6D'.
Parameter \INIT = 64'0011110011001100111100000000000010101010101010100000000000000000
Generating RTLIL representation for module `$paramod$566893ffd303b33ffbd173cc2eaffc66d9f94941\GTP_LUT6D'.
Parameter \INIT = 64'0011110011001100111100000000000010101010101010100000000000000000
Found cached RTLIL representation for module `$paramod$566893ffd303b33ffbd173cc2eaffc66d9f94941\GTP_LUT6D'.
Parameter \INIT = 64'0000111111110000111100000000111110001000100010001000100010001000

3.219. Executing AST frontend in derive mode using pre-parsed AST for module `\GTP_LUT6D'.
Parameter \INIT = 64'0000111111110000111100000000111110001000100010001000100010001000
Generating RTLIL representation for module `$paramod$14425f3d821efef51dbe5c5f0b596f30e385f326\GTP_LUT6D'.
Parameter \INIT = 32'10100000101000000111011110001000

3.220. Executing AST frontend in derive mode using pre-parsed AST for module `\GTP_LUT5D'.
Parameter \INIT = 32'10100000101000000111011110001000
Generating RTLIL representation for module `$paramod\GTP_LUT5D\INIT=32'10100000101000000111011110001000'.
Parameter \INIT = 16'1100000010001000

3.221. Executing AST frontend in derive mode using pre-parsed AST for module `\GTP_LUT4D'.
Parameter \INIT = 16'1100000010001000
Generating RTLIL representation for module `$paramod\GTP_LUT4D\INIT=16'1100000010001000'.
Parameter \INIT = 16'1000100010100000
Found cached RTLIL representation for module `$paramod\GTP_LUT4D\INIT=16'1000100010100000'.
Parameter \INIT = 16'1000100010100000
Found cached RTLIL representation for module `$paramod\GTP_LUT4D\INIT=16'1000100010100000'.
Parameter \INIT = 16'1010000010001000
Found cached RTLIL representation for module `$paramod\GTP_LUT4D\INIT=16'1010000010001000'.
Parameter \INIT = 16'1010000010001000
Found cached RTLIL representation for module `$paramod\GTP_LUT4D\INIT=16'1010000010001000'.
Parameter \INIT = 16'1010000010001000
Found cached RTLIL representation for module `$paramod\GTP_LUT4D\INIT=16'1010000010001000'.
Parameter \INIT = 16'1010000010001000
Found cached RTLIL representation for module `$paramod\GTP_LUT4D\INIT=16'1010000010001000'.
Parameter \INIT = 16'1010000010001000
Found cached RTLIL representation for module `$paramod\GTP_LUT4D\INIT=16'1010000010001000'.
Parameter \INIT = 16'1100000010100000

3.222. Executing AST frontend in derive mode using pre-parsed AST for module `\GTP_LUT4D'.
Parameter \INIT = 16'1100000010100000
Generating RTLIL representation for module `$paramod\GTP_LUT4D\INIT=16'1100000010100000'.
Parameter \INIT = 16'1100000010100000
Found cached RTLIL representation for module `$paramod\GTP_LUT4D\INIT=16'1100000010100000'.
Parameter \INIT = 16'1100000010100000
Found cached RTLIL representation for module `$paramod\GTP_LUT4D\INIT=16'1100000010100000'.
Parameter \INIT = 16'1010000010001000
Found cached RTLIL representation for module `$paramod\GTP_LUT4D\INIT=16'1010000010001000'.
Parameter \INIT = 16'1100000010100000
Found cached RTLIL representation for module `$paramod\GTP_LUT4D\INIT=16'1100000010100000'.
Parameter \INIT = 16'1100000010100000
Found cached RTLIL representation for module `$paramod\GTP_LUT4D\INIT=16'1100000010100000'.
Parameter \INIT = 16'1100000010001000
Found cached RTLIL representation for module `$paramod\GTP_LUT4D\INIT=16'1100000010001000'.
Parameter \INIT = 16'1010000010001000
Found cached RTLIL representation for module `$paramod\GTP_LUT4D\INIT=16'1010000010001000'.
Parameter \INIT = 16'1100000010100000
Found cached RTLIL representation for module `$paramod\GTP_LUT4D\INIT=16'1100000010100000'.
Parameter \INIT = 16'1010000010001000
Found cached RTLIL representation for module `$paramod\GTP_LUT4D\INIT=16'1010000010001000'.
Parameter \INIT = 1604370624

3.223. Executing AST frontend in derive mode using pre-parsed AST for module `\GTP_LUT5D'.
Parameter \INIT = 1604370624
Generating RTLIL representation for module `$paramod\GTP_LUT5D\INIT=32'01011111101000001100000011000000'.
Parameter \INIT = 32'11000000110000000101111110100000

3.224. Executing AST frontend in derive mode using pre-parsed AST for module `\GTP_LUT5D'.
Parameter \INIT = 32'11000000110000000101111110100000
Generating RTLIL representation for module `$paramod\GTP_LUT5D\INIT=32'11000000110000000101111110100000'.
Parameter \INIT = 32'11000000110000000101111110100000
Found cached RTLIL representation for module `$paramod\GTP_LUT5D\INIT=32'11000000110000000101111110100000'.
Parameter \INIT = 1604356232

3.225. Executing AST frontend in derive mode using pre-parsed AST for module `\GTP_LUT5D'.
Parameter \INIT = 1604356232
Generating RTLIL representation for module `$paramod\GTP_LUT5D\INIT=32'01011111101000001000100010001000'.
Parameter \INIT = 32'11000000110000000101111110100000
Found cached RTLIL representation for module `$paramod\GTP_LUT5D\INIT=32'11000000110000000101111110100000'.
Parameter \INIT = 32'11000000110000000101111110100000
Found cached RTLIL representation for module `$paramod\GTP_LUT5D\INIT=32'11000000110000000101111110100000'.
Parameter \INIT = 1069588640

3.226. Executing AST frontend in derive mode using pre-parsed AST for module `\GTP_LUT5D'.
Parameter \INIT = 1069588640
Generating RTLIL representation for module `$paramod\GTP_LUT5D\INIT=32'00111111110000001010000010100000'.
Parameter \INIT = 32'11000000110000000101111110100000
Found cached RTLIL representation for module `$paramod\GTP_LUT5D\INIT=32'11000000110000000101111110100000'.
Parameter \INIT = 64'0011111111000000110000000011111110100000101000001010000010100000

3.227. Executing AST frontend in derive mode using pre-parsed AST for module `\GTP_LUT6D'.
Parameter \INIT = 64'0011111111000000110000000011111110100000101000001010000010100000
Generating RTLIL representation for module `$paramod$bcacf4e0ae6c246cb4e28093d01ae766be197551\GTP_LUT6D'.
Parameter \INIT = 64'1100000011000000110000001100000000000000010111110101111111111111

3.228. Executing AST frontend in derive mode using pre-parsed AST for module `\GTP_LUT6D'.
Parameter \INIT = 64'1100000011000000110000001100000000000000010111110101111111111111
Generating RTLIL representation for module `$paramod$52b265922192e34ebc1f8c83462738d67505fae7\GTP_LUT6D'.
Parameter \INIT = 64'1010000001011111010111111010000010001000100010001000100010001000

3.229. Executing AST frontend in derive mode using pre-parsed AST for module `\GTP_LUT6D'.
Parameter \INIT = 64'1010000001011111010111111010000010001000100010001000100010001000
Generating RTLIL representation for module `$paramod$587b6858a01e06b4518604aa84fe3073761b9252\GTP_LUT6D'.
Parameter \INIT = 64'1010000010100000101000001010000000000000011101110111011111111111

3.230. Executing AST frontend in derive mode using pre-parsed AST for module `\GTP_LUT6D'.
Parameter \INIT = 64'1010000010100000101000001010000000000000011101110111011111111111
Generating RTLIL representation for module `$paramod$f9253f84daf1a7143ef06701fafa6a2391c25969\GTP_LUT6D'.
Parameter \INIT = 64'1100000011000000110000001100000000000000011101110111011111111111

3.231. Executing AST frontend in derive mode using pre-parsed AST for module `\GTP_LUT6D'.
Parameter \INIT = 64'1100000011000000110000001100000000000000011101110111011111111111
Generating RTLIL representation for module `$paramod$bac7d1518d7313693c8fc0f911762b35b8841097\GTP_LUT6D'.
Parameter \INIT = 64'1010000001011111010111111010000010001000100010001000100010001000
Found cached RTLIL representation for module `$paramod$587b6858a01e06b4518604aa84fe3073761b9252\GTP_LUT6D'.
Parameter \INIT = 64'1010000001011111010111111010000010001000100010001000100010001000
Found cached RTLIL representation for module `$paramod$587b6858a01e06b4518604aa84fe3073761b9252\GTP_LUT6D'.
Parameter \INIT = 64'1010000010100000101000001010000010001000011101110111011110001000

3.232. Executing AST frontend in derive mode using pre-parsed AST for module `\GTP_LUT6D'.
Parameter \INIT = 64'1010000010100000101000001010000010001000011101110111011110001000
Generating RTLIL representation for module `$paramod$eb79400a6cc3008f9dd77c7e29d7b94b7e6a8b09\GTP_LUT6D'.
Parameter \INIT = 64'0011111111000000001111111100000001011111010111111010000010100000

3.233. Executing AST frontend in derive mode using pre-parsed AST for module `\GTP_LUT6D'.
Parameter \INIT = 64'0011111111000000001111111100000001011111010111111010000010100000
Generating RTLIL representation for module `$paramod$461eaa86925925867c7891a8b1d576a5f57f5c80\GTP_LUT6D'.
Parameter \INIT = 64'1010000001011111010111111010000010001000100010001000100010001000
Found cached RTLIL representation for module `$paramod$587b6858a01e06b4518604aa84fe3073761b9252\GTP_LUT6D'.
Parameter \INIT = 64'0011111111000000001111111100000001011111010111111010000010100000
Found cached RTLIL representation for module `$paramod$461eaa86925925867c7891a8b1d576a5f57f5c80\GTP_LUT6D'.
Parameter \INIT = 64'0000000000111111001111111111111110001000100010001000100010001000

3.234. Executing AST frontend in derive mode using pre-parsed AST for module `\GTP_LUT6D'.
Parameter \INIT = 64'0000000000111111001111111111111110001000100010001000100010001000
Generating RTLIL representation for module `$paramod$ad0bc15c73056a926b9ad13428fbed471776b274\GTP_LUT6D'.
Parameter \INIT = 32'11000000110000000110101011000000

3.235. Executing AST frontend in derive mode using pre-parsed AST for module `\GTP_LUT5D'.
Parameter \INIT = 32'11000000110000000110101011000000
Generating RTLIL representation for module `$paramod\GTP_LUT5D\INIT=32'11000000110000000110101011000000'.
Parameter \INIT = 32'11000000110000000110101011000000
Found cached RTLIL representation for module `$paramod\GTP_LUT5D\INIT=32'11000000110000000110101011000000'.
Parameter \INIT = 32'11000000110000000110101011000000
Found cached RTLIL representation for module `$paramod\GTP_LUT5D\INIT=32'11000000110000000110101011000000'.
Parameter \INIT = 32'11001100000000000110101011000000

3.236. Executing AST frontend in derive mode using pre-parsed AST for module `\GTP_LUT5D'.
Parameter \INIT = 32'11001100000000000110101011000000
Generating RTLIL representation for module `$paramod\GTP_LUT5D\INIT=32'11001100000000000110101011000000'.
Parameter \INIT = 32'11110000000000000110101011000000

3.237. Executing AST frontend in derive mode using pre-parsed AST for module `\GTP_LUT5D'.
Parameter \INIT = 32'11110000000000000110101011000000
Generating RTLIL representation for module `$paramod\GTP_LUT5D\INIT=32'11110000000000000110101011000000'.
Parameter \INIT = 1791008928

3.238. Executing AST frontend in derive mode using pre-parsed AST for module `\GTP_LUT5D'.
Parameter \INIT = 1791008928
Generating RTLIL representation for module `$paramod\GTP_LUT5D\INIT=32'01101010110000001010000010100000'.
Parameter \INIT = 1791008928
Found cached RTLIL representation for module `$paramod\GTP_LUT5D\INIT=32'01101010110000001010000010100000'.
Parameter \INIT = 64'0011001111111111110011000000000001101010110000000110101011000000

3.239. Executing AST frontend in derive mode using pre-parsed AST for module `\GTP_LUT6D'.
Parameter \INIT = 64'0011001111111111110011000000000001101010110000000110101011000000
Generating RTLIL representation for module `$paramod$a5842511a65ac0d6b27b796c307bbb63b792ba88\GTP_LUT6D'.
Parameter \INIT = 32'11000000110000000101111110100000
Found cached RTLIL representation for module `$paramod\GTP_LUT5D\INIT=32'11000000110000000101111110100000'.
Parameter \INIT = 64'0111011110001000111111110000000011000000110000001100000011000000

3.240. Executing AST frontend in derive mode using pre-parsed AST for module `\GTP_LUT6D'.
Parameter \INIT = 64'0111011110001000111111110000000011000000110000001100000011000000
Generating RTLIL representation for module `$paramod$ccc687fc22bfed5eb7dc629c50fd1de4561204ee\GTP_LUT6D'.
Parameter \INIT = 64'0110101011000000011010101100000000010101001111110111111111111111

3.241. Executing AST frontend in derive mode using pre-parsed AST for module `\GTP_LUT6D'.
Parameter \INIT = 64'0110101011000000011010101100000000010101001111110111111111111111
Generating RTLIL representation for module `$paramod$8b95486dd31309f669b1b73886d3ef23068773a8\GTP_LUT6D'.
Parameter \INIT = 64'0110101011000000011010101100000000010101001111110111111111111111
Found cached RTLIL representation for module `$paramod$8b95486dd31309f669b1b73886d3ef23068773a8\GTP_LUT6D'.
Parameter \INIT = 64'0000111111110000111100000000111110001000100010001000100010001000
Found cached RTLIL representation for module `$paramod$14425f3d821efef51dbe5c5f0b596f30e385f326\GTP_LUT6D'.
Parameter \INIT = 64'0000111111110000111100000000111110001000100010001000100010001000
Found cached RTLIL representation for module `$paramod$14425f3d821efef51dbe5c5f0b596f30e385f326\GTP_LUT6D'.
Parameter \INIT = 64'0000111111110000111100000000111110001000100010001000100010001000
Found cached RTLIL representation for module `$paramod$14425f3d821efef51dbe5c5f0b596f30e385f326\GTP_LUT6D'.
Parameter \INIT = 64'1111111111110000111100000000000010001000100010001000100010001000

3.242. Executing AST frontend in derive mode using pre-parsed AST for module `\GTP_LUT6D'.
Parameter \INIT = 64'1111111111110000111100000000000010001000100010001000100010001000
Generating RTLIL representation for module `$paramod$e4e5b67231108e709a187bcfb373463f5de7a246\GTP_LUT6D'.
Parameter \INIT = 64'1000100010001000100010001000100011111111111100001111000000000000
Found cached RTLIL representation for module `$paramod$079d7f106020a41058c92a84c1a209594c205d93\GTP_LUT6D'.
Parameter \INIT = 64'1000100010001000100010001000100011111111111100001111000000000000
Found cached RTLIL representation for module `$paramod$079d7f106020a41058c92a84c1a209594c205d93\GTP_LUT6D'.
Parameter \INIT = 64'0001010100111111011111111111111110010101001111110110101011000000

3.243. Executing AST frontend in derive mode using pre-parsed AST for module `\GTP_LUT6D'.
Parameter \INIT = 64'0001010100111111011111111111111110010101001111110110101011000000
Generating RTLIL representation for module `$paramod$1c3bee244a8aa89da65bc1079fc29e8efc2a0fd0\GTP_LUT6D'.
Parameter \INIT = 125794439

3.244. Executing AST frontend in derive mode using pre-parsed AST for module `\GTP_LUT5D'.
Parameter \INIT = 125794439
Generating RTLIL representation for module `$paramod\GTP_LUT5D\INIT=32'00000111011111110111100010000111'.
Parameter \INIT = 64'0111111111111111010101010111111100101010100000001101010101111111

3.245. Executing AST frontend in derive mode using pre-parsed AST for module `\GTP_LUT6D'.
Parameter \INIT = 64'0111111111111111010101010111111100101010100000001101010101111111
Generating RTLIL representation for module `$paramod$dc078186e60b10f31464b8740a6feaf1810490fd\GTP_LUT6D'.
Parameter \INIT = 64'0001010100111111011111111111111110010101001111110110101011000000
Found cached RTLIL representation for module `$paramod$1c3bee244a8aa89da65bc1079fc29e8efc2a0fd0\GTP_LUT6D'.
Parameter \INIT = 64'0001010100111111011111111111111110010101001111110110101011000000
Found cached RTLIL representation for module `$paramod$1c3bee244a8aa89da65bc1079fc29e8efc2a0fd0\GTP_LUT6D'.
Parameter \INIT = 64'0001010100111111011111111111111110010101001111110110101011000000
Found cached RTLIL representation for module `$paramod$1c3bee244a8aa89da65bc1079fc29e8efc2a0fd0\GTP_LUT6D'.
Parameter \INIT = 64'0001010100111111011111111111111101101010110000001001010100111111

3.246. Executing AST frontend in derive mode using pre-parsed AST for module `\GTP_LUT6D'.
Parameter \INIT = 64'0001010100111111011111111111111101101010110000001001010100111111
Generating RTLIL representation for module `$paramod$faacfb5595f64e17d7650cb234ef114b1ac80bbb\GTP_LUT6D'.
Parameter \INIT = 64'0001010100111111011111111111111110010101001111110110101011000000
Found cached RTLIL representation for module `$paramod$1c3bee244a8aa89da65bc1079fc29e8efc2a0fd0\GTP_LUT6D'.
Parameter \INIT = 64'0001010100111111011111111111111110010101001111110110101011000000
Found cached RTLIL representation for module `$paramod$1c3bee244a8aa89da65bc1079fc29e8efc2a0fd0\GTP_LUT6D'.
Parameter \INIT = 64'0111111111111111000101010011111101101010110000001001010100111111

3.247. Executing AST frontend in derive mode using pre-parsed AST for module `\GTP_LUT6D'.
Parameter \INIT = 64'0111111111111111000101010011111101101010110000001001010100111111
Generating RTLIL representation for module `$paramod$ca2e21474a4c028594c2444a9e1b94681ef0f12f\GTP_LUT6D'.
Parameter \INIT = 64'0001010100111111011111111111111101101010110000001001010100111111
Found cached RTLIL representation for module `$paramod$faacfb5595f64e17d7650cb234ef114b1ac80bbb\GTP_LUT6D'.
Parameter \INIT = 64'0111111111111111000101010011111101101010110000001001010100111111
Found cached RTLIL representation for module `$paramod$ca2e21474a4c028594c2444a9e1b94681ef0f12f\GTP_LUT6D'.
Parameter \INIT = 64'0111111111111111000101010011111101101010110000001001010100111111
Found cached RTLIL representation for module `$paramod$ca2e21474a4c028594c2444a9e1b94681ef0f12f\GTP_LUT6D'.
Parameter \INIT = 64'0111111111111111000101010011111101101010110000001001010100111111
Found cached RTLIL representation for module `$paramod$ca2e21474a4c028594c2444a9e1b94681ef0f12f\GTP_LUT6D'.
Parameter \INIT = 16'1110100001101001

3.248. Executing AST frontend in derive mode using pre-parsed AST for module `\GTP_LUT4D'.
Parameter \INIT = 16'1110100001101001
Generating RTLIL representation for module `$paramod\GTP_LUT4D\INIT=16'1110100001101001'.
Parameter \INIT = 16'1110100001101001
Found cached RTLIL representation for module `$paramod\GTP_LUT4D\INIT=16'1110100001101001'.
Parameter \INIT = 16'1101010010010110

3.249. Executing AST frontend in derive mode using pre-parsed AST for module `\GTP_LUT4D'.
Parameter \INIT = 16'1101010010010110
Generating RTLIL representation for module `$paramod\GTP_LUT4D\INIT=16'1101010010010110'.
Parameter \INIT = 16'1011001010010110

3.250. Executing AST frontend in derive mode using pre-parsed AST for module `\GTP_LUT4D'.
Parameter \INIT = 16'1011001010010110
Generating RTLIL representation for module `$paramod\GTP_LUT4D\INIT=16'1011001010010110'.
Parameter \INIT = 16'1110100001101001
Found cached RTLIL representation for module `$paramod\GTP_LUT4D\INIT=16'1110100001101001'.
Parameter \INIT = 16'0111000101101001

3.251. Executing AST frontend in derive mode using pre-parsed AST for module `\GTP_LUT4D'.
Parameter \INIT = 16'0111000101101001
Generating RTLIL representation for module `$paramod\GTP_LUT4D\INIT=16'0111000101101001'.
Parameter \INIT = 16'0111000101101001
Found cached RTLIL representation for module `$paramod\GTP_LUT4D\INIT=16'0111000101101001'.
Parameter \INIT = 16'0111000101101001
Found cached RTLIL representation for module `$paramod\GTP_LUT4D\INIT=16'0111000101101001'.
Parameter \INIT = 16'1101010010010110
Found cached RTLIL representation for module `$paramod\GTP_LUT4D\INIT=16'1101010010010110'.
Parameter \INIT = 16'1110100001101001
Found cached RTLIL representation for module `$paramod\GTP_LUT4D\INIT=16'1110100001101001'.
Parameter \INIT = 16'1101010010010110
Found cached RTLIL representation for module `$paramod\GTP_LUT4D\INIT=16'1101010010010110'.
Parameter \INIT = 16'1101010010010110
Found cached RTLIL representation for module `$paramod\GTP_LUT4D\INIT=16'1101010010010110'.
Parameter \INIT = 16'1110100001101001
Found cached RTLIL representation for module `$paramod\GTP_LUT4D\INIT=16'1110100001101001'.
Parameter \INIT = 16'1110100001101001
Found cached RTLIL representation for module `$paramod\GTP_LUT4D\INIT=16'1110100001101001'.
Parameter \INIT = 16'1000111010010110

3.252. Executing AST frontend in derive mode using pre-parsed AST for module `\GTP_LUT4D'.
Parameter \INIT = 16'1000111010010110
Generating RTLIL representation for module `$paramod\GTP_LUT4D\INIT=16'1000111010010110'.
Parameter \INIT = 16'0001011110010110

3.253. Executing AST frontend in derive mode using pre-parsed AST for module `\GTP_LUT4D'.
Parameter \INIT = 16'0001011110010110
Generating RTLIL representation for module `$paramod\GTP_LUT4D\INIT=16'0001011110010110'.
Parameter \INIT = 16'1110100001101001
Found cached RTLIL representation for module `$paramod\GTP_LUT4D\INIT=16'1110100001101001'.
Parameter \INIT = 16'1110100001101001
Found cached RTLIL representation for module `$paramod\GTP_LUT4D\INIT=16'1110100001101001'.
Parameter \INIT = 16'1101010010010110
Found cached RTLIL representation for module `$paramod\GTP_LUT4D\INIT=16'1101010010010110'.
Parameter \INIT = 64'1111111110000111100001110000000001111000100001111000011101111000

3.254. Executing AST frontend in derive mode using pre-parsed AST for module `\GTP_LUT6D'.
Parameter \INIT = 64'1111111110000111100001110000000001111000100001111000011101111000
Generating RTLIL representation for module `$paramod$e5317fe5e4c687f8256f96c40ff52d44222ab61c\GTP_LUT6D'.
Parameter \INIT = 64'0000100000000111100011110111111101111000100001111000011101111000

3.255. Executing AST frontend in derive mode using pre-parsed AST for module `\GTP_LUT6D'.
Parameter \INIT = 64'0000100000000111100011110111111101111000100001111000011101111000
Generating RTLIL representation for module `$paramod$192a66e747e1cddc719bfff2046a71fe2a0ddca7\GTP_LUT6D'.
Parameter \INIT = 16'1110100001101001
Found cached RTLIL representation for module `$paramod\GTP_LUT4D\INIT=16'1110100001101001'.
Parameter \INIT = 16'1110100001101001
Found cached RTLIL representation for module `$paramod\GTP_LUT4D\INIT=16'1110100001101001'.
Parameter \INIT = 16'1110100001101001
Found cached RTLIL representation for module `$paramod\GTP_LUT4D\INIT=16'1110100001101001'.
Parameter \INIT = 16'1110100001101001
Found cached RTLIL representation for module `$paramod\GTP_LUT4D\INIT=16'1110100001101001'.
Parameter \INIT = 32'11010111010000011001011001101001

3.256. Executing AST frontend in derive mode using pre-parsed AST for module `\GTP_LUT5D'.
Parameter \INIT = 32'11010111010000011001011001101001
Generating RTLIL representation for module `$paramod\GTP_LUT5D\INIT=32'11010111010000011001011001101001'.
Parameter \INIT = 32'11101011100000100110100110010110

3.257. Executing AST frontend in derive mode using pre-parsed AST for module `\GTP_LUT5D'.
Parameter \INIT = 32'11101011100000100110100110010110
Generating RTLIL representation for module `$paramod\GTP_LUT5D\INIT=32'11101011100000100110100110010110'.
Parameter \INIT = 16'1110100001101001
Found cached RTLIL representation for module `$paramod\GTP_LUT4D\INIT=16'1110100001101001'.
Parameter \INIT = 64'0110101011000000011010101100000011111111000000000000000000000000
Found cached RTLIL representation for module `$paramod$65b8e9ccbf31a6052b42a41b984bbb28cc09881c\GTP_LUT6D'.
Parameter \INIT = 64'0110101011000000011010101100000011110000111100000000000000000000

3.258. Executing AST frontend in derive mode using pre-parsed AST for module `\GTP_LUT6D'.
Parameter \INIT = 64'0110101011000000011010101100000011110000111100000000000000000000
Generating RTLIL representation for module `$paramod$af22ef23bab0aa788c207964bf3e77f8e1bb7b4f\GTP_LUT6D'.
Parameter \INIT = 64'0110101001101010110000001100000011001100000000001100110000000000

3.259. Executing AST frontend in derive mode using pre-parsed AST for module `\GTP_LUT6D'.
Parameter \INIT = 64'0110101001101010110000001100000011001100000000001100110000000000
Generating RTLIL representation for module `$paramod$72bbb44e66ac88fce706e610717fd13b5e9f8b58\GTP_LUT6D'.
Parameter \INIT = 64'0110110001101100101000001010000011110000000000001111000000000000

3.260. Executing AST frontend in derive mode using pre-parsed AST for module `\GTP_LUT6D'.
Parameter \INIT = 64'0110110001101100101000001010000011110000000000001111000000000000
Generating RTLIL representation for module `$paramod$0a5359d8a9413a398f9ab1c367897cba56909767\GTP_LUT6D'.
Parameter \INIT = 64'0110011011001100101010100000000011110000000000001111000000000000

3.261. Executing AST frontend in derive mode using pre-parsed AST for module `\GTP_LUT6D'.
Parameter \INIT = 64'0110011011001100101010100000000011110000000000001111000000000000
Generating RTLIL representation for module `$paramod$b45d3f8c6e2d3a308bab435dcd436e23c9301a6f\GTP_LUT6D'.
Parameter \INIT = 16'1000100011000000
Found cached RTLIL representation for module `$paramod\GTP_LUT4D\INIT=16'1000100011000000'.
Parameter \INIT = 16'1010000011000000

3.262. Executing AST frontend in derive mode using pre-parsed AST for module `\GTP_LUT4D'.
Parameter \INIT = 16'1010000011000000
Generating RTLIL representation for module `$paramod\GTP_LUT4D\INIT=16'1010000011000000'.
Parameter \INIT = 64'0110101011000000011010101100000000010101001111110111111111111111
Found cached RTLIL representation for module `$paramod$8b95486dd31309f669b1b73886d3ef23068773a8\GTP_LUT6D'.
Parameter \INIT = 64'0001011101011111001111111111111110010110010110100011110011110000

3.263. Executing AST frontend in derive mode using pre-parsed AST for module `\GTP_LUT6D'.
Parameter \INIT = 64'0001011101011111001111111111111110010110010110100011110011110000
Generating RTLIL representation for module `$paramod$b43935aaff2c26680a2a08950e44a911f5f05957\GTP_LUT6D'.
Parameter \INIT = 64'1001010100111111011010101100000000010101001111110111111111111111
Found cached RTLIL representation for module `$paramod$d3f159cf0373ef6711fc8766cf52f2ac4bf9af84\GTP_LUT6D'.
Parameter \INIT = 64'1001010100111111011010101100000000010101001111110111111111111111
Found cached RTLIL representation for module `$paramod$d3f159cf0373ef6711fc8766cf52f2ac4bf9af84\GTP_LUT6D'.
Parameter \INIT = 64'1001010100111111011010101100000000010101001111110111111111111111
Found cached RTLIL representation for module `$paramod$d3f159cf0373ef6711fc8766cf52f2ac4bf9af84\GTP_LUT6D'.
Parameter \INIT = 64'0001010100111111011111111111111110010101001111110110101011000000
Found cached RTLIL representation for module `$paramod$1c3bee244a8aa89da65bc1079fc29e8efc2a0fd0\GTP_LUT6D'.
Parameter \INIT = 64'0110101011000000100101010011111101111111111111110001010100111111

3.264. Executing AST frontend in derive mode using pre-parsed AST for module `\GTP_LUT6D'.
Parameter \INIT = 64'0110101011000000100101010011111101111111111111110001010100111111
Generating RTLIL representation for module `$paramod$9b95dd04831d812a8f2f6fca1e0e9502f68d32bd\GTP_LUT6D'.
Parameter \INIT = 64'1110010000011011011011001001001111110111000100111111111110010011

3.265. Executing AST frontend in derive mode using pre-parsed AST for module `\GTP_LUT6D'.
Parameter \INIT = 64'1110010000011011011011001001001111110111000100111111111110010011
Generating RTLIL representation for module `$paramod$84756def7600d81113587707db7cba0d2d2fde38\GTP_LUT6D'.
Parameter \INIT = 64'0110101011000000100101010011111101111111111111110001010100111111
Found cached RTLIL representation for module `$paramod$9b95dd04831d812a8f2f6fca1e0e9502f68d32bd\GTP_LUT6D'.
Parameter \INIT = 64'0110110010010011100100110110110011111111100100111001001100000000

3.266. Executing AST frontend in derive mode using pre-parsed AST for module `\GTP_LUT6D'.
Parameter \INIT = 64'0110110010010011100100110110110011111111100100111001001100000000
Generating RTLIL representation for module `$paramod$6396d0107fe3b706ad37341f5caa5a154867ec28\GTP_LUT6D'.
Parameter \INIT = 64'0101101010101010111100000000000011001100000000001100110000000000
Found cached RTLIL representation for module `$paramod$accc60f34cd029a6c547efdebaab1dc286dd4f33\GTP_LUT6D'.
Parameter \INIT = 64'0110011010101010110011000000000011110000000000001111000000000000
Found cached RTLIL representation for module `$paramod$45a27bc51efbc019d097b4738884e9e24f158292\GTP_LUT6D'.
Parameter \INIT = 64'0011110011001100111100000000000010101010101010100000000000000000
Found cached RTLIL representation for module `$paramod$566893ffd303b33ffbd173cc2eaffc66d9f94941\GTP_LUT6D'.
Parameter \INIT = 16'1010000011000000
Found cached RTLIL representation for module `$paramod\GTP_LUT4D\INIT=16'1010000011000000'.
Parameter \INIT = 16'1000100011000000
Found cached RTLIL representation for module `$paramod\GTP_LUT4D\INIT=16'1000100011000000'.
Parameter \INIT = 16'1100000010100000
Found cached RTLIL representation for module `$paramod\GTP_LUT4D\INIT=16'1100000010100000'.
Parameter \INIT = 16'1100000010001000
Found cached RTLIL representation for module `$paramod\GTP_LUT4D\INIT=16'1100000010001000'.
Parameter \INIT = 16'1010000010001000
Found cached RTLIL representation for module `$paramod\GTP_LUT4D\INIT=16'1010000010001000'.
Parameter \INIT = 16'1010000010001000
Found cached RTLIL representation for module `$paramod\GTP_LUT4D\INIT=16'1010000010001000'.
Parameter \INIT = 16'1100000010100000
Found cached RTLIL representation for module `$paramod\GTP_LUT4D\INIT=16'1100000010100000'.
Parameter \INIT = 16'1100000010100000
Found cached RTLIL representation for module `$paramod\GTP_LUT4D\INIT=16'1100000010100000'.
Parameter \INIT = 16'1010000010001000
Found cached RTLIL representation for module `$paramod\GTP_LUT4D\INIT=16'1010000010001000'.
Parameter \INIT = 16'1100000010001000
Found cached RTLIL representation for module `$paramod\GTP_LUT4D\INIT=16'1100000010001000'.
Parameter \INIT = 16'1100000010100000
Found cached RTLIL representation for module `$paramod\GTP_LUT4D\INIT=16'1100000010100000'.
Parameter \INIT = 16'1100000010001000
Found cached RTLIL representation for module `$paramod\GTP_LUT4D\INIT=16'1100000010001000'.
Parameter \INIT = 16'1100000010001000
Found cached RTLIL representation for module `$paramod\GTP_LUT4D\INIT=16'1100000010001000'.
Parameter \INIT = 16'1010000010001000
Found cached RTLIL representation for module `$paramod\GTP_LUT4D\INIT=16'1010000010001000'.
Parameter \INIT = 32'10100000000000001100000011000000

3.267. Executing AST frontend in derive mode using pre-parsed AST for module `\GTP_LUT5D'.
Parameter \INIT = 32'10100000000000001100000011000000
Generating RTLIL representation for module `$paramod\GTP_LUT5D\INIT=32'10100000000000001100000011000000'.
Parameter \INIT = 1604370624
Found cached RTLIL representation for module `$paramod\GTP_LUT5D\INIT=32'01011111101000001100000011000000'.
Parameter \INIT = 32'10100000101000000111011110001000
Found cached RTLIL representation for module `$paramod\GTP_LUT5D\INIT=32'10100000101000000111011110001000'.
Parameter \INIT = 2005442720

3.268. Executing AST frontend in derive mode using pre-parsed AST for module `\GTP_LUT5D'.
Parameter \INIT = 2005442720
Generating RTLIL representation for module `$paramod\GTP_LUT5D\INIT=32'01110111100010001010000010100000'.
Parameter \INIT = 64'1010000010100000101000001010000000000000011101110111011111111111
Found cached RTLIL representation for module `$paramod$f9253f84daf1a7143ef06701fafa6a2391c25969\GTP_LUT6D'.
Parameter \INIT = 64'1000100001110111011101111000100011000000110000001100000011000000

3.269. Executing AST frontend in derive mode using pre-parsed AST for module `\GTP_LUT6D'.
Parameter \INIT = 64'1000100001110111011101111000100011000000110000001100000011000000
Generating RTLIL representation for module `$paramod$a5a677ff7916f9fc6c86f4d55ecd506fcbea36f3\GTP_LUT6D'.
Parameter \INIT = 64'0000000001110111011101111111111110100000101000001010000010100000

3.270. Executing AST frontend in derive mode using pre-parsed AST for module `\GTP_LUT6D'.
Parameter \INIT = 64'0000000001110111011101111111111110100000101000001010000010100000
Generating RTLIL representation for module `$paramod$46ca8a96938e7e7795e877135c17a8c16e5feea4\GTP_LUT6D'.
Parameter \INIT = 64'1100000011000000110000001100000010001000011101110111011110001000

3.271. Executing AST frontend in derive mode using pre-parsed AST for module `\GTP_LUT6D'.
Parameter \INIT = 64'1100000011000000110000001100000010001000011101110111011110001000
Generating RTLIL representation for module `$paramod$a277588585edbac64b995fd345158f0a1624dc21\GTP_LUT6D'.
Parameter \INIT = 64'1000100001110111011101111000100010100000101000001010000010100000
Found cached RTLIL representation for module `$paramod$4ce288b07d69340bec87c2fc392d6fc16325ddcc\GTP_LUT6D'.
Parameter \INIT = 64'0011111111000000001111111100000001110111011101111000100010001000

3.272. Executing AST frontend in derive mode using pre-parsed AST for module `\GTP_LUT6D'.
Parameter \INIT = 64'0011111111000000001111111100000001110111011101111000100010001000
Generating RTLIL representation for module `$paramod$75d57a964b545076477f5a13045cea383965a713\GTP_LUT6D'.
Parameter \INIT = 64'0011111111000000110000000011111110100000101000001010000010100000
Found cached RTLIL representation for module `$paramod$bcacf4e0ae6c246cb4e28093d01ae766be197551\GTP_LUT6D'.
Parameter \INIT = 64'0011111111000000110000000011111110100000101000001010000010100000
Found cached RTLIL representation for module `$paramod$bcacf4e0ae6c246cb4e28093d01ae766be197551\GTP_LUT6D'.
Parameter \INIT = 64'1111000011110000000000000000000010010110010110100011110011110000

3.273. Executing AST frontend in derive mode using pre-parsed AST for module `\GTP_LUT6D'.
Parameter \INIT = 64'1111000011110000000000000000000010010110010110100011110011110000
Generating RTLIL representation for module `$paramod$f342709df73084c29c0dbb4ec24f8a320ac49dd8\GTP_LUT6D'.
Parameter \INIT = 64'1000100010001000100010001000100011111111101001011010010100000000

3.274. Executing AST frontend in derive mode using pre-parsed AST for module `\GTP_LUT6D'.
Parameter \INIT = 64'1000100010001000100010001000100011111111101001011010010100000000
Generating RTLIL representation for module `$paramod$e849469a07e9834c012e6dee1d652db35b80a896\GTP_LUT6D'.
Parameter \INIT = 16'1001011011010100

3.275. Executing AST frontend in derive mode using pre-parsed AST for module `\GTP_LUT4D'.
Parameter \INIT = 16'1001011011010100
Generating RTLIL representation for module `$paramod\GTP_LUT4D\INIT=16'1001011011010100'.
Parameter \INIT = 16'0110100111101000

3.276. Executing AST frontend in derive mode using pre-parsed AST for module `\GTP_LUT4D'.
Parameter \INIT = 16'0110100111101000
Generating RTLIL representation for module `$paramod\GTP_LUT4D\INIT=16'0110100111101000'.
Parameter \INIT = 16'0110100111101000
Found cached RTLIL representation for module `$paramod\GTP_LUT4D\INIT=16'0110100111101000'.
Parameter \INIT = 16'0110100111101000
Found cached RTLIL representation for module `$paramod\GTP_LUT4D\INIT=16'0110100111101000'.
Parameter \INIT = 16'1110100001101001
Found cached RTLIL representation for module `$paramod\GTP_LUT4D\INIT=16'1110100001101001'.
Parameter \INIT = 16'1001011010110010

3.277. Executing AST frontend in derive mode using pre-parsed AST for module `\GTP_LUT4D'.
Parameter \INIT = 16'1001011010110010
Generating RTLIL representation for module `$paramod\GTP_LUT4D\INIT=16'1001011010110010'.
Parameter \INIT = 16'1001011010110010
Found cached RTLIL representation for module `$paramod\GTP_LUT4D\INIT=16'1001011010110010'.
Parameter \INIT = 16'1110100001101001
Found cached RTLIL representation for module `$paramod\GTP_LUT4D\INIT=16'1110100001101001'.
Parameter \INIT = 16'0110100111101000
Found cached RTLIL representation for module `$paramod\GTP_LUT4D\INIT=16'0110100111101000'.
Parameter \INIT = 16'0110100111101000
Found cached RTLIL representation for module `$paramod\GTP_LUT4D\INIT=16'0110100111101000'.
Parameter \INIT = 16'0110100111101000
Found cached RTLIL representation for module `$paramod\GTP_LUT4D\INIT=16'0110100111101000'.
Parameter \INIT = 16'0110100101110001

3.278. Executing AST frontend in derive mode using pre-parsed AST for module `\GTP_LUT4D'.
Parameter \INIT = 16'0110100101110001
Generating RTLIL representation for module `$paramod\GTP_LUT4D\INIT=16'0110100101110001'.
Parameter \INIT = 16'0110100111101000
Found cached RTLIL representation for module `$paramod\GTP_LUT4D\INIT=16'0110100111101000'.
Parameter \INIT = 16'1001011011010100
Found cached RTLIL representation for module `$paramod\GTP_LUT4D\INIT=16'1001011011010100'.
Parameter \INIT = 16'1110100001101001
Found cached RTLIL representation for module `$paramod\GTP_LUT4D\INIT=16'1110100001101001'.
Parameter \INIT = 16'0110100111101000
Found cached RTLIL representation for module `$paramod\GTP_LUT4D\INIT=16'0110100111101000'.
Parameter \INIT = 16'0110100111101000
Found cached RTLIL representation for module `$paramod\GTP_LUT4D\INIT=16'0110100111101000'.
Parameter \INIT = 16'0110100111101000
Found cached RTLIL representation for module `$paramod\GTP_LUT4D\INIT=16'0110100111101000'.
Parameter \INIT = 16'1110100001101001
Found cached RTLIL representation for module `$paramod\GTP_LUT4D\INIT=16'1110100001101001'.
Parameter \INIT = 16'0110100111101000
Found cached RTLIL representation for module `$paramod\GTP_LUT4D\INIT=16'0110100111101000'.
Parameter \INIT = 16'0110100111101000
Found cached RTLIL representation for module `$paramod\GTP_LUT4D\INIT=16'0110100111101000'.
Parameter \INIT = 64'1111000000000000111100000000000000010101001111110111111111111111

3.279. Executing AST frontend in derive mode using pre-parsed AST for module `\GTP_LUT6D'.
Parameter \INIT = 64'1111000000000000111100000000000000010101001111110111111111111111
Generating RTLIL representation for module `$paramod$424408f7b0d92f135e0661a1ea3326f85625477b\GTP_LUT6D'.
Parameter \INIT = 16'0110100101001101

3.280. Executing AST frontend in derive mode using pre-parsed AST for module `\GTP_LUT4D'.
Parameter \INIT = 16'0110100101001101
Generating RTLIL representation for module `$paramod\GTP_LUT4D\INIT=16'0110100101001101'.
Parameter \INIT = 64'1000011101111000011110001000011110001111011111110000100000000111

3.281. Executing AST frontend in derive mode using pre-parsed AST for module `\GTP_LUT6D'.
Parameter \INIT = 64'1000011101111000011110001000011110001111011111110000100000000111
Generating RTLIL representation for module `$paramod$646d9452934ff1f4403689ac922e6573fff130b9\GTP_LUT6D'.
Parameter \INIT = 64'1100110000000000110011000000000001101010110000001001010100111111

3.282. Executing AST frontend in derive mode using pre-parsed AST for module `\GTP_LUT6D'.
Parameter \INIT = 64'1100110000000000110011000000000001101010110000001001010100111111
Generating RTLIL representation for module `$paramod$c227beee7d0b6633681a12c732f53d75f7406f49\GTP_LUT6D'.
Parameter \INIT = 16'1101010010010110
Found cached RTLIL representation for module `$paramod\GTP_LUT4D\INIT=16'1101010010010110'.
Parameter \INIT = 16'0110100111101000
Found cached RTLIL representation for module `$paramod\GTP_LUT4D\INIT=16'0110100111101000'.
Parameter \INIT = 64'1000100010001000100010001000100000001111111100001111000000001111

3.283. Executing AST frontend in derive mode using pre-parsed AST for module `\GTP_LUT6D'.
Parameter \INIT = 64'1000100010001000100010001000100000001111111100001111000000001111
Generating RTLIL representation for module `$paramod$4c337400648cfc8a183a0f64a1495365d6a01c48\GTP_LUT6D'.
Parameter \INIT = 64'1000100010001000100010001000100000001111111100001111000000001111
Found cached RTLIL representation for module `$paramod$4c337400648cfc8a183a0f64a1495365d6a01c48\GTP_LUT6D'.
Parameter \INIT = 64'1000100010001000100010001000100000001111111100001111000000001111
Found cached RTLIL representation for module `$paramod$4c337400648cfc8a183a0f64a1495365d6a01c48\GTP_LUT6D'.
Parameter \INIT = 16'1001011010110010
Found cached RTLIL representation for module `$paramod\GTP_LUT4D\INIT=16'1001011010110010'.
Parameter \INIT = 16'1001011000010111

3.284. Executing AST frontend in derive mode using pre-parsed AST for module `\GTP_LUT4D'.
Parameter \INIT = 16'1001011000010111
Generating RTLIL representation for module `$paramod\GTP_LUT4D\INIT=16'1001011000010111'.
Parameter \INIT = 16'0110100101110001
Found cached RTLIL representation for module `$paramod\GTP_LUT4D\INIT=16'0110100101110001'.
Parameter \INIT = 16'1110100001101001
Found cached RTLIL representation for module `$paramod\GTP_LUT4D\INIT=16'1110100001101001'.
Parameter \INIT = 32'10010110011010011101010001001101

3.285. Executing AST frontend in derive mode using pre-parsed AST for module `\GTP_LUT5D'.
Parameter \INIT = 32'10010110011010011101010001001101
Generating RTLIL representation for module `$paramod\GTP_LUT5D\INIT=32'10010110011010011101010001001101'.
Parameter \INIT = 1897359766

3.286. Executing AST frontend in derive mode using pre-parsed AST for module `\GTP_LUT5D'.
Parameter \INIT = 1897359766
Generating RTLIL representation for module `$paramod\GTP_LUT5D\INIT=32'01110001000101110110100110010110'.
Parameter \INIT = 1771467031

3.287. Executing AST frontend in derive mode using pre-parsed AST for module `\GTP_LUT5D'.
Parameter \INIT = 1771467031
Generating RTLIL representation for module `$paramod\GTP_LUT5D\INIT=32'01101001100101100111000100010111'.
Parameter \INIT = 64'0001111100111111011111111111111110011010001100000110101011000000

3.288. Executing AST frontend in derive mode using pre-parsed AST for module `\GTP_LUT6D'.
Parameter \INIT = 64'0001111100111111011111111111111110011010001100000110101011000000
Generating RTLIL representation for module `$paramod$2bee4e81ca119ce4b021d0554500fe8a2638da72\GTP_LUT6D'.
Parameter \INIT = 32'10010110011010011011011100100001

3.289. Executing AST frontend in derive mode using pre-parsed AST for module `\GTP_LUT5D'.
Parameter \INIT = 32'10010110011010011011011100100001
Generating RTLIL representation for module `$paramod\GTP_LUT5D\INIT=32'10010110011010011011011100100001'.
Parameter \INIT = 16'0110100101001101
Found cached RTLIL representation for module `$paramod\GTP_LUT4D\INIT=16'0110100101001101'.
Parameter \INIT = 64'1001100110010110100101100110011011011101110101001101010001000100

3.290. Executing AST frontend in derive mode using pre-parsed AST for module `\GTP_LUT6D'.
Parameter \INIT = 64'1001100110010110100101100110011011011101110101001101010001000100
Generating RTLIL representation for module `$paramod$afd702b370dad90986d74142999e9939237fd44c\GTP_LUT6D'.
Parameter \INIT = 64'0111111111111111000101010011111101101010110000001001010100111111
Found cached RTLIL representation for module `$paramod$ca2e21474a4c028594c2444a9e1b94681ef0f12f\GTP_LUT6D'.
Parameter \INIT = 64'0001001101111111010111111111111110010011011011000101111110100000

3.291. Executing AST frontend in derive mode using pre-parsed AST for module `\GTP_LUT6D'.
Parameter \INIT = 64'0001001101111111010111111111111110010011011011000101111110100000
Generating RTLIL representation for module `$paramod$bda2b488a734dbae464f550d08bd83aa5c3897c5\GTP_LUT6D'.
Parameter \INIT = 64'0111111111111111000101010011111101101010110000001001010100111111
Found cached RTLIL representation for module `$paramod$ca2e21474a4c028594c2444a9e1b94681ef0f12f\GTP_LUT6D'.
Parameter \INIT = 64'0110011001101001011010011001100111101110111010001110100010001000

3.292. Executing AST frontend in derive mode using pre-parsed AST for module `\GTP_LUT6D'.
Parameter \INIT = 64'0110011001101001011010011001100111101110111010001110100010001000
Generating RTLIL representation for module `$paramod$f9cb7f213667efa119b8ddbb82e8309daa46ee87\GTP_LUT6D'.
Parameter \INIT = 16'0110100111101000
Found cached RTLIL representation for module `$paramod\GTP_LUT4D\INIT=16'0110100111101000'.
Parameter \INIT = 32'11110111011100001000011101111000

3.293. Executing AST frontend in derive mode using pre-parsed AST for module `\GTP_LUT5D'.
Parameter \INIT = 32'11110111011100001000011101111000
Generating RTLIL representation for module `$paramod\GTP_LUT5D\INIT=32'11110111011100001000011101111000'.
Parameter \INIT = 32'11110111011100001000011101111000
Found cached RTLIL representation for module `$paramod\GTP_LUT5D\INIT=32'11110111011100001000011101111000'.
Parameter \INIT = 64'0000010001001111000010111011111100001111111100000000111111110000

3.294. Executing AST frontend in derive mode using pre-parsed AST for module `\GTP_LUT6D'.
Parameter \INIT = 64'0000010001001111000010111011111100001111111100000000111111110000
Generating RTLIL representation for module `$paramod$3ee347b8eb17027bdc1c5d9cf8d60309eda24d51\GTP_LUT6D'.
Parameter \INIT = 64'1111111110010011100100110000000001101100100100111001001101101100

3.295. Executing AST frontend in derive mode using pre-parsed AST for module `\GTP_LUT6D'.
Parameter \INIT = 64'1111111110010011100100110000000001101100100100111001001101101100
Generating RTLIL representation for module `$paramod$f5013d9c3e7a0b480e544a5c4736bd034ec28e09\GTP_LUT6D'.
Parameter \INIT = 64'1111111110010011100100110000000001101100100100111001001101101100
Found cached RTLIL representation for module `$paramod$f5013d9c3e7a0b480e544a5c4736bd034ec28e09\GTP_LUT6D'.
Parameter \INIT = 64'1111111110010011100100110000000001101100100100111001001101101100
Found cached RTLIL representation for module `$paramod$f5013d9c3e7a0b480e544a5c4736bd034ec28e09\GTP_LUT6D'.
Parameter \INIT = 16'1001011010110010
Found cached RTLIL representation for module `$paramod\GTP_LUT4D\INIT=16'1001011010110010'.
Parameter \INIT = 16'0110100111101000
Found cached RTLIL representation for module `$paramod\GTP_LUT4D\INIT=16'0110100111101000'.
Parameter \INIT = 32'11110111011100001000011101111000
Found cached RTLIL representation for module `$paramod\GTP_LUT5D\INIT=32'11110111011100001000011101111000'.
Parameter \INIT = 16'0110100101110001
Found cached RTLIL representation for module `$paramod\GTP_LUT4D\INIT=16'0110100101110001'.
Parameter \INIT = 16'1001011010001110

3.296. Executing AST frontend in derive mode using pre-parsed AST for module `\GTP_LUT4D'.
Parameter \INIT = 16'1001011010001110
Generating RTLIL representation for module `$paramod\GTP_LUT4D\INIT=16'1001011010001110'.
Parameter \INIT = 16'1110100001101001
Found cached RTLIL representation for module `$paramod\GTP_LUT4D\INIT=16'1110100001101001'.
Parameter \INIT = 16'0010101101101001

3.297. Executing AST frontend in derive mode using pre-parsed AST for module `\GTP_LUT4D'.
Parameter \INIT = 16'0010101101101001
Generating RTLIL representation for module `$paramod\GTP_LUT4D\INIT=16'0010101101101001'.
Parameter \INIT = 16'1011001010010110
Found cached RTLIL representation for module `$paramod\GTP_LUT4D\INIT=16'1011001010010110'.
Parameter \INIT = 16'1101010010010110
Found cached RTLIL representation for module `$paramod\GTP_LUT4D\INIT=16'1101010010010110'.
Parameter \INIT = 16'1101010010010110
Found cached RTLIL representation for module `$paramod\GTP_LUT4D\INIT=16'1101010010010110'.
Parameter \INIT = 16'1110100001101001
Found cached RTLIL representation for module `$paramod\GTP_LUT4D\INIT=16'1110100001101001'.
Parameter \INIT = 16'1101010010010110
Found cached RTLIL representation for module `$paramod\GTP_LUT4D\INIT=16'1101010010010110'.
Parameter \INIT = 16'1110100001101001
Found cached RTLIL representation for module `$paramod\GTP_LUT4D\INIT=16'1110100001101001'.
Parameter \INIT = 16'0110100100101011

3.298. Executing AST frontend in derive mode using pre-parsed AST for module `\GTP_LUT4D'.
Parameter \INIT = 16'0110100100101011
Generating RTLIL representation for module `$paramod\GTP_LUT4D\INIT=16'0110100100101011'.
Parameter \INIT = 16'1110100001101001
Found cached RTLIL representation for module `$paramod\GTP_LUT4D\INIT=16'1110100001101001'.
Parameter \INIT = 16'1110100001101001
Found cached RTLIL representation for module `$paramod\GTP_LUT4D\INIT=16'1110100001101001'.
Parameter \INIT = 16'1110100001101001
Found cached RTLIL representation for module `$paramod\GTP_LUT4D\INIT=16'1110100001101001'.
Parameter \INIT = 16'1110100001101001
Found cached RTLIL representation for module `$paramod\GTP_LUT4D\INIT=16'1110100001101001'.
Parameter \INIT = 16'0001011110010110
Found cached RTLIL representation for module `$paramod\GTP_LUT4D\INIT=16'0001011110010110'.
Parameter \INIT = 16'1011001010010110
Found cached RTLIL representation for module `$paramod\GTP_LUT4D\INIT=16'1011001010010110'.
Parameter \INIT = 16'0111000101101001
Found cached RTLIL representation for module `$paramod\GTP_LUT4D\INIT=16'0111000101101001'.
Parameter \INIT = 16'1011001010010110
Found cached RTLIL representation for module `$paramod\GTP_LUT4D\INIT=16'1011001010010110'.
Parameter \INIT = 16'1110100001101001
Found cached RTLIL representation for module `$paramod\GTP_LUT4D\INIT=16'1110100001101001'.
Parameter \INIT = 16'1011001010010110
Found cached RTLIL representation for module `$paramod\GTP_LUT4D\INIT=16'1011001010010110'.
Parameter \INIT = 16'0001011110010110
Found cached RTLIL representation for module `$paramod\GTP_LUT4D\INIT=16'0001011110010110'.
Parameter \INIT = 16'1110100001101001
Found cached RTLIL representation for module `$paramod\GTP_LUT4D\INIT=16'1110100001101001'.
Parameter \INIT = 16'1110100001101001
Found cached RTLIL representation for module `$paramod\GTP_LUT4D\INIT=16'1110100001101001'.
Parameter \INIT = 16'0111000101101001
Found cached RTLIL representation for module `$paramod\GTP_LUT4D\INIT=16'0111000101101001'.
Parameter \INIT = 16'0001011110010110
Found cached RTLIL representation for module `$paramod\GTP_LUT4D\INIT=16'0001011110010110'.
Parameter \INIT = 16'1101010010010110
Found cached RTLIL representation for module `$paramod\GTP_LUT4D\INIT=16'1101010010010110'.
Parameter \INIT = 16'1110100001101001
Found cached RTLIL representation for module `$paramod\GTP_LUT4D\INIT=16'1110100001101001'.
Parameter \INIT = 16'1000111010010110
Found cached RTLIL representation for module `$paramod\GTP_LUT4D\INIT=16'1000111010010110'.
Parameter \INIT = 16'0111000101101001
Found cached RTLIL representation for module `$paramod\GTP_LUT4D\INIT=16'0111000101101001'.
Parameter \INIT = 16'1110100001101001
Found cached RTLIL representation for module `$paramod\GTP_LUT4D\INIT=16'1110100001101001'.
Parameter \INIT = 16'0111000101101001
Found cached RTLIL representation for module `$paramod\GTP_LUT4D\INIT=16'0111000101101001'.
Parameter \INIT = 16'1110100001101001
Found cached RTLIL representation for module `$paramod\GTP_LUT4D\INIT=16'1110100001101001'.
Parameter \INIT = 16'1101010010010110
Found cached RTLIL representation for module `$paramod\GTP_LUT4D\INIT=16'1101010010010110'.
Parameter \INIT = 16'0111000101101001
Found cached RTLIL representation for module `$paramod\GTP_LUT4D\INIT=16'0111000101101001'.
Parameter \INIT = 16'1110100001101001
Found cached RTLIL representation for module `$paramod\GTP_LUT4D\INIT=16'1110100001101001'.
Parameter \INIT = 16'1110100001101001
Found cached RTLIL representation for module `$paramod\GTP_LUT4D\INIT=16'1110100001101001'.
Parameter \INIT = 16'1101010010010110
Found cached RTLIL representation for module `$paramod\GTP_LUT4D\INIT=16'1101010010010110'.
Parameter \INIT = 16'1110100001101001
Found cached RTLIL representation for module `$paramod\GTP_LUT4D\INIT=16'1110100001101001'.
Parameter \INIT = 16'1110100001101001
Found cached RTLIL representation for module `$paramod\GTP_LUT4D\INIT=16'1110100001101001'.
Parameter \INIT = 16'0111000101101001
Found cached RTLIL representation for module `$paramod\GTP_LUT4D\INIT=16'0111000101101001'.
Parameter \INIT = 16'0111000101101001
Found cached RTLIL representation for module `$paramod\GTP_LUT4D\INIT=16'0111000101101001'.
Parameter \INIT = 16'1110100001101001
Found cached RTLIL representation for module `$paramod\GTP_LUT4D\INIT=16'1110100001101001'.
Parameter \INIT = 16'1110100001101001
Found cached RTLIL representation for module `$paramod\GTP_LUT4D\INIT=16'1110100001101001'.
Parameter \INIT = 16'1110100001101001
Found cached RTLIL representation for module `$paramod\GTP_LUT4D\INIT=16'1110100001101001'.
Parameter \INIT = 64'1000111101111111000010000000011110000111011110000111100010000111

3.299. Executing AST frontend in derive mode using pre-parsed AST for module `\GTP_LUT6D'.
Parameter \INIT = 64'1000111101111111000010000000011110000111011110000111100010000111
Generating RTLIL representation for module `$paramod$9bfe1fc7e662ed4b2422775b1593ebc46b7acd7f\GTP_LUT6D'.
Parameter \INIT = 64'0000100000000111100011110111111101111000100001111000011101111000
Found cached RTLIL representation for module `$paramod$192a66e747e1cddc719bfff2046a71fe2a0ddca7\GTP_LUT6D'.
Parameter \INIT = 64'0000100000000111100011110111111101111000100001111000011101111000
Found cached RTLIL representation for module `$paramod$192a66e747e1cddc719bfff2046a71fe2a0ddca7\GTP_LUT6D'.
Parameter \INIT = 16'0001011110010110
Found cached RTLIL representation for module `$paramod\GTP_LUT4D\INIT=16'0001011110010110'.
Parameter \INIT = 16'1110100001101001
Found cached RTLIL representation for module `$paramod\GTP_LUT4D\INIT=16'1110100001101001'.
Parameter \INIT = 16'1110100001101001
Found cached RTLIL representation for module `$paramod\GTP_LUT4D\INIT=16'1110100001101001'.
Parameter \INIT = 16'1110100001101001
Found cached RTLIL representation for module `$paramod\GTP_LUT4D\INIT=16'1110100001101001'.
Parameter \INIT = 16'1110100001101001
Found cached RTLIL representation for module `$paramod\GTP_LUT4D\INIT=16'1110100001101001'.
Parameter \INIT = 16'1101010010010110
Found cached RTLIL representation for module `$paramod\GTP_LUT4D\INIT=16'1101010010010110'.
Parameter \INIT = 16'1110100001101001
Found cached RTLIL representation for module `$paramod\GTP_LUT4D\INIT=16'1110100001101001'.
Parameter \INIT = 16'1110100001101001
Found cached RTLIL representation for module `$paramod\GTP_LUT4D\INIT=16'1110100001101001'.
Parameter \INIT = 64'1011001000100010101110111011001010010110011001101001100110010110

3.300. Executing AST frontend in derive mode using pre-parsed AST for module `\GTP_LUT6D'.
Parameter \INIT = 64'1011001000100010101110111011001010010110011001101001100110010110
Generating RTLIL representation for module `$paramod$e5468bc1998948aab1f109c48abb89fc9285fa6f\GTP_LUT6D'.
Parameter \INIT = 16'1110100001101001
Found cached RTLIL representation for module `$paramod\GTP_LUT4D\INIT=16'1110100001101001'.
Parameter \INIT = 16'1101010010010110
Found cached RTLIL representation for module `$paramod\GTP_LUT4D\INIT=16'1101010010010110'.
Parameter \INIT = 16'1110100001101001
Found cached RTLIL representation for module `$paramod\GTP_LUT4D\INIT=16'1110100001101001'.
Parameter \INIT = 16'0001011110010110
Found cached RTLIL representation for module `$paramod\GTP_LUT4D\INIT=16'0001011110010110'.
Parameter \INIT = 16'1110100001101001
Found cached RTLIL representation for module `$paramod\GTP_LUT4D\INIT=16'1110100001101001'.
Parameter \INIT = 16'1110100001101001
Found cached RTLIL representation for module `$paramod\GTP_LUT4D\INIT=16'1110100001101001'.
Parameter \INIT = 1293379990

3.301. Executing AST frontend in derive mode using pre-parsed AST for module `\GTP_LUT5D'.
Parameter \INIT = 1293379990
Generating RTLIL representation for module `$paramod\GTP_LUT5D\INIT=32'01001101000101110110100110010110'.
Parameter \INIT = 32'10110010011100011001011001101001

3.302. Executing AST frontend in derive mode using pre-parsed AST for module `\GTP_LUT5D'.
Parameter \INIT = 32'10110010011100011001011001101001
Generating RTLIL representation for module `$paramod\GTP_LUT5D\INIT=32'10110010011100011001011001101001'.
Parameter \INIT = 32'10110010011100011001011001101001
Found cached RTLIL representation for module `$paramod\GTP_LUT5D\INIT=32'10110010011100011001011001101001'.
Parameter \INIT = 32'11010100010011011001011001101001

3.303. Executing AST frontend in derive mode using pre-parsed AST for module `\GTP_LUT5D'.
Parameter \INIT = 32'11010100010011011001011001101001
Generating RTLIL representation for module `$paramod\GTP_LUT5D\INIT=32'11010100010011011001011001101001'.
Parameter \INIT = 32'11101000100011100110100110010110

3.304. Executing AST frontend in derive mode using pre-parsed AST for module `\GTP_LUT5D'.
Parameter \INIT = 32'11101000100011100110100110010110
Generating RTLIL representation for module `$paramod\GTP_LUT5D\INIT=32'11101000100011100110100110010110'.
Parameter \INIT = 64'0100101111111111000000000100101101001011101101001011010001001011

3.305. Executing AST frontend in derive mode using pre-parsed AST for module `\GTP_LUT6D'.
Parameter \INIT = 64'0100101111111111000000000100101101001011101101001011010001001011
Generating RTLIL representation for module `$paramod$045503028675733ff521ef9bb26ab9711360a7e0\GTP_LUT6D'.
Parameter \INIT = 64'1000011111111111000000001000011110000111011110000111100010000111

3.306. Executing AST frontend in derive mode using pre-parsed AST for module `\GTP_LUT6D'.
Parameter \INIT = 64'1000011111111111000000001000011110000111011110000111100010000111
Generating RTLIL representation for module `$paramod$041eeb8ca027beea9e7089c315ad1121279e684b\GTP_LUT6D'.
Parameter \INIT = 64'1101110111010100110101000100010010011001100101101001011001100110

3.307. Executing AST frontend in derive mode using pre-parsed AST for module `\GTP_LUT6D'.
Parameter \INIT = 64'1101110111010100110101000100010010011001100101101001011001100110
Generating RTLIL representation for module `$paramod$7dba0df27b713e1ade7e04386f48f97b1b78f612\GTP_LUT6D'.
Parameter \INIT = 1104636310

3.308. Executing AST frontend in derive mode using pre-parsed AST for module `\GTP_LUT5D'.
Parameter \INIT = 1104636310
Generating RTLIL representation for module `$paramod\GTP_LUT5D\INIT=32'01000001110101110110100110010110'.
Parameter \INIT = 16'1110100001101001
Found cached RTLIL representation for module `$paramod\GTP_LUT4D\INIT=16'1110100001101001'.
Parameter \INIT = 1104636310
Found cached RTLIL representation for module `$paramod\GTP_LUT5D\INIT=32'01000001110101110110100110010110'.
Parameter \INIT = 32'11101011100000100110100110010110
Found cached RTLIL representation for module `$paramod\GTP_LUT5D\INIT=32'11101011100000100110100110010110'.
Parameter \INIT = 32'10000010111010111001011001101001

3.309. Executing AST frontend in derive mode using pre-parsed AST for module `\GTP_LUT5D'.
Parameter \INIT = 32'10000010111010111001011001101001
Generating RTLIL representation for module `$paramod\GTP_LUT5D\INIT=32'10000010111010111001011001101001'.
Parameter \INIT = 722954646

3.310. Executing AST frontend in derive mode using pre-parsed AST for module `\GTP_LUT5D'.
Parameter \INIT = 722954646
Generating RTLIL representation for module `$paramod\GTP_LUT5D\INIT=32'00101011000101110110100110010110'.
Parameter \INIT = 64'1111111110000111100001110000000001111000100001111000011101111000
Found cached RTLIL representation for module `$paramod$e5317fe5e4c687f8256f96c40ff52d44222ab61c\GTP_LUT6D'.
Parameter \INIT = 32'11010100011100011001011001101001

3.311. Executing AST frontend in derive mode using pre-parsed AST for module `\GTP_LUT5D'.
Parameter \INIT = 32'11010100011100011001011001101001
Generating RTLIL representation for module `$paramod\GTP_LUT5D\INIT=32'11010100011100011001011001101001'.
Parameter \INIT = 16'1101010010010110
Found cached RTLIL representation for module `$paramod\GTP_LUT4D\INIT=16'1101010010010110'.
Parameter \INIT = 32'11101101100001000110100110010110

3.312. Executing AST frontend in derive mode using pre-parsed AST for module `\GTP_LUT5D'.
Parameter \INIT = 32'11101101100001000110100110010110
Generating RTLIL representation for module `$paramod\GTP_LUT5D\INIT=32'11101101100001000110100110010110'.
Parameter \INIT = 64'1011101110110010101100100010001010011001100101101001011001100110

3.313. Executing AST frontend in derive mode using pre-parsed AST for module `\GTP_LUT6D'.
Parameter \INIT = 64'1011101110110010101100100010001010011001100101101001011001100110
Generating RTLIL representation for module `$paramod$8b81b0340b58145395b36109b3cfa5f2194a1940\GTP_LUT6D'.
Parameter \INIT = 64'1101110111010100110101000100010010011001100101101001011001100110
Found cached RTLIL representation for module `$paramod$7dba0df27b713e1ade7e04386f48f97b1b78f612\GTP_LUT6D'.
Parameter \INIT = 16'1110100001101001
Found cached RTLIL representation for module `$paramod\GTP_LUT4D\INIT=16'1110100001101001'.
Parameter \INIT = 64'1000011111111111000000001000011110000111011110000111100010000111
Found cached RTLIL representation for module `$paramod$041eeb8ca027beea9e7089c315ad1121279e684b\GTP_LUT6D'.
Parameter \INIT = 16'1110100001101001
Found cached RTLIL representation for module `$paramod\GTP_LUT4D\INIT=16'1110100001101001'.
Parameter \INIT = 64'1101110111010100110101000100010010011001100101101001011001100110
Found cached RTLIL representation for module `$paramod$7dba0df27b713e1ade7e04386f48f97b1b78f612\GTP_LUT6D'.
Parameter \INIT = 64'0001000100010111000101110111011110011001100101101001011001100110

3.314. Executing AST frontend in derive mode using pre-parsed AST for module `\GTP_LUT6D'.
Parameter \INIT = 64'0001000100010111000101110111011110011001100101101001011001100110
Generating RTLIL representation for module `$paramod$7b43697e6515e4863f7c0521b280df4f1a0c2bd5\GTP_LUT6D'.
Parameter \INIT = 64'1110111011101000111010001000100001100110011010010110100110011001

3.315. Executing AST frontend in derive mode using pre-parsed AST for module `\GTP_LUT6D'.
Parameter \INIT = 64'1110111011101000111010001000100001100110011010010110100110011001
Generating RTLIL representation for module `$paramod$b3bca92b941b3d50f7e0e81cda24110640603ffc\GTP_LUT6D'.
Parameter \INIT = 16'1001011000010111
Found cached RTLIL representation for module `$paramod\GTP_LUT4D\INIT=16'1001011000010111'.
Parameter \INIT = 16'1110100001101001
Found cached RTLIL representation for module `$paramod\GTP_LUT4D\INIT=16'1110100001101001'.
Parameter \INIT = 16'1110100001101001
Found cached RTLIL representation for module `$paramod\GTP_LUT4D\INIT=16'1110100001101001'.
Parameter \INIT = 16'1011001010010110
Found cached RTLIL representation for module `$paramod\GTP_LUT4D\INIT=16'1011001010010110'.
Parameter \INIT = 16'0001011110010110
Found cached RTLIL representation for module `$paramod\GTP_LUT4D\INIT=16'0001011110010110'.
Parameter \INIT = 16'1101010010010110
Found cached RTLIL representation for module `$paramod\GTP_LUT4D\INIT=16'1101010010010110'.
Parameter \INIT = 16'0010101101101001
Found cached RTLIL representation for module `$paramod\GTP_LUT4D\INIT=16'0010101101101001'.
Parameter \INIT = 16'0001011110010110
Found cached RTLIL representation for module `$paramod\GTP_LUT4D\INIT=16'0001011110010110'.
Parameter \INIT = 16'1110100001101001
Found cached RTLIL representation for module `$paramod\GTP_LUT4D\INIT=16'1110100001101001'.
Parameter \INIT = 16'1110100001101001
Found cached RTLIL representation for module `$paramod\GTP_LUT4D\INIT=16'1110100001101001'.
Parameter \INIT = 16'1110100001101001
Found cached RTLIL representation for module `$paramod\GTP_LUT4D\INIT=16'1110100001101001'.
Parameter \INIT = 16'0111000101101001
Found cached RTLIL representation for module `$paramod\GTP_LUT4D\INIT=16'0111000101101001'.
Parameter \INIT = 16'1101010010010110
Found cached RTLIL representation for module `$paramod\GTP_LUT4D\INIT=16'1101010010010110'.
Parameter \INIT = 16'0110100111101000
Found cached RTLIL representation for module `$paramod\GTP_LUT4D\INIT=16'0110100111101000'.
Parameter \INIT = 16'1101010010010110
Found cached RTLIL representation for module `$paramod\GTP_LUT4D\INIT=16'1101010010010110'.
Parameter \INIT = 16'0001011110010110
Found cached RTLIL representation for module `$paramod\GTP_LUT4D\INIT=16'0001011110010110'.
Parameter \INIT = 16'1101010010010110
Found cached RTLIL representation for module `$paramod\GTP_LUT4D\INIT=16'1101010010010110'.
Parameter \INIT = 16'0100110101101001

3.316. Executing AST frontend in derive mode using pre-parsed AST for module `\GTP_LUT4D'.
Parameter \INIT = 16'0100110101101001
Generating RTLIL representation for module `$paramod\GTP_LUT4D\INIT=16'0100110101101001'.
Parameter \INIT = 16'0111000101101001
Found cached RTLIL representation for module `$paramod\GTP_LUT4D\INIT=16'0111000101101001'.
Parameter \INIT = 16'0111000101101001
Found cached RTLIL representation for module `$paramod\GTP_LUT4D\INIT=16'0111000101101001'.
Parameter \INIT = 16'1110100001101001
Found cached RTLIL representation for module `$paramod\GTP_LUT4D\INIT=16'1110100001101001'.
Parameter \INIT = 16'1101010010010110
Found cached RTLIL representation for module `$paramod\GTP_LUT4D\INIT=16'1101010010010110'.
Parameter \INIT = 16'0111000101101001
Found cached RTLIL representation for module `$paramod\GTP_LUT4D\INIT=16'0111000101101001'.
Parameter \INIT = 16'1011001010010110
Found cached RTLIL representation for module `$paramod\GTP_LUT4D\INIT=16'1011001010010110'.
Parameter \INIT = 16'1101010010010110
Found cached RTLIL representation for module `$paramod\GTP_LUT4D\INIT=16'1101010010010110'.
Parameter \INIT = 64'0100110111011101010001000100110101101001100110010110011001101001

3.317. Executing AST frontend in derive mode using pre-parsed AST for module `\GTP_LUT6D'.
Parameter \INIT = 64'0100110111011101010001000100110101101001100110010110011001101001
Generating RTLIL representation for module `$paramod$e5e88c39be3c3fb561da7de1ef83c269f7e362a0\GTP_LUT6D'.
Parameter \INIT = 16'1101010010010110
Found cached RTLIL representation for module `$paramod\GTP_LUT4D\INIT=16'1101010010010110'.
Parameter \INIT = 16'1011001010010110
Found cached RTLIL representation for module `$paramod\GTP_LUT4D\INIT=16'1011001010010110'.
Parameter \INIT = 16'1110100001101001
Found cached RTLIL representation for module `$paramod\GTP_LUT4D\INIT=16'1110100001101001'.
Parameter \INIT = 16'0111000101101001
Found cached RTLIL representation for module `$paramod\GTP_LUT4D\INIT=16'0111000101101001'.
Parameter \INIT = 16'0100110101101001
Found cached RTLIL representation for module `$paramod\GTP_LUT4D\INIT=16'0100110101101001'.
Parameter \INIT = 16'0111000101101001
Found cached RTLIL representation for module `$paramod\GTP_LUT4D\INIT=16'0111000101101001'.
Parameter \INIT = 16'0111000101101001
Found cached RTLIL representation for module `$paramod\GTP_LUT4D\INIT=16'0111000101101001'.
Parameter \INIT = 16'0100110101101001
Found cached RTLIL representation for module `$paramod\GTP_LUT4D\INIT=16'0100110101101001'.
Parameter \INIT = 16'0111000101101001
Found cached RTLIL representation for module `$paramod\GTP_LUT4D\INIT=16'0111000101101001'.
Parameter \INIT = 16'1000111010010110
Found cached RTLIL representation for module `$paramod\GTP_LUT4D\INIT=16'1000111010010110'.
Parameter \INIT = 16'0111000101101001
Found cached RTLIL representation for module `$paramod\GTP_LUT4D\INIT=16'0111000101101001'.
Parameter \INIT = 16'1011001010010110
Found cached RTLIL representation for module `$paramod\GTP_LUT4D\INIT=16'1011001010010110'.
Parameter \INIT = 64'0110101011000000011010101100000011111111000000000000000000000000
Found cached RTLIL representation for module `$paramod$65b8e9ccbf31a6052b42a41b984bbb28cc09881c\GTP_LUT6D'.
Parameter \INIT = 64'1000100010001000000000000000000000111111110000000011111111000000

3.318. Executing AST frontend in derive mode using pre-parsed AST for module `\GTP_LUT6D'.
Parameter \INIT = 64'1000100010001000000000000000000000111111110000000011111111000000
Generating RTLIL representation for module `$paramod$f6c484a0be2fd4be04d76996c560c15665b7b796\GTP_LUT6D'.
Parameter \INIT = 64'1000100010001000100010001000100000000000001111110011111111111111

3.319. Executing AST frontend in derive mode using pre-parsed AST for module `\GTP_LUT6D'.
Parameter \INIT = 64'1000100010001000100010001000100000000000001111110011111111111111
Generating RTLIL representation for module `$paramod$e4278326aba8f2dd1db70844d2bad8de5b64e03c\GTP_LUT6D'.
Parameter \INIT = 64'1111111101011111010111110000000010001000100010001000100010001000

3.320. Executing AST frontend in derive mode using pre-parsed AST for module `\GTP_LUT6D'.
Parameter \INIT = 64'1111111101011111010111110000000010001000100010001000100010001000
Generating RTLIL representation for module `$paramod$f48316f994bd232a17e7c3e28e4c6655b36b3108\GTP_LUT6D'.
Parameter \INIT = 64'0110110010010011100100110110110011111111100100111001001100000000
Found cached RTLIL representation for module `$paramod$6396d0107fe3b706ad37341f5caa5a154867ec28\GTP_LUT6D'.
Parameter \INIT = 64'0110101001101010110000001100000011110000000000001111000000000000

3.321. Executing AST frontend in derive mode using pre-parsed AST for module `\GTP_LUT6D'.
Parameter \INIT = 64'0110101001101010110000001100000011110000000000001111000000000000
Generating RTLIL representation for module `$paramod$caa0b9947decf319d9604d7cd0bbf5e953fa2ff0\GTP_LUT6D'.
Parameter \INIT = 64'1010101000000000101010100000000001101100011011001010000010100000

3.322. Executing AST frontend in derive mode using pre-parsed AST for module `\GTP_LUT6D'.
Parameter \INIT = 64'1010101000000000101010100000000001101100011011001010000010100000
Generating RTLIL representation for module `$paramod$6ee9493966bcdfeed2dc567584aafba3dcd570a1\GTP_LUT6D'.
Parameter \INIT = 16'1010000010001000
Found cached RTLIL representation for module `$paramod\GTP_LUT4D\INIT=16'1010000010001000'.
Parameter \INIT = 16'1100000010001000
Found cached RTLIL representation for module `$paramod\GTP_LUT4D\INIT=16'1100000010001000'.
Parameter \INIT = 16'1010000011000000
Found cached RTLIL representation for module `$paramod\GTP_LUT4D\INIT=16'1010000011000000'.
Parameter \INIT = 16'1100000010001000
Found cached RTLIL representation for module `$paramod\GTP_LUT4D\INIT=16'1100000010001000'.
Parameter \INIT = 64'0000000001011111010111111111111110001000100010001000100010001000

3.323. Executing AST frontend in derive mode using pre-parsed AST for module `\GTP_LUT6D'.
Parameter \INIT = 64'0000000001011111010111111111111110001000100010001000100010001000
Generating RTLIL representation for module `$paramod$9430417ab359a9039892304443ef406f18cd01a1\GTP_LUT6D'.
Parameter \INIT = 64'0011110011001100111100000000000010100000101000000000000000000000

3.324. Executing AST frontend in derive mode using pre-parsed AST for module `\GTP_LUT6D'.
Parameter \INIT = 64'0011110011001100111100000000000010100000101000000000000000000000
Generating RTLIL representation for module `$paramod$b9dd3aaa281b66977aecb88969c7af2bdec62ccc\GTP_LUT6D'.
Parameter \INIT = 16'0110100100101011
Found cached RTLIL representation for module `$paramod\GTP_LUT4D\INIT=16'0110100100101011'.
Parameter \INIT = 16'1001011010110010
Found cached RTLIL representation for module `$paramod\GTP_LUT4D\INIT=16'1001011010110010'.
Parameter \INIT = 16'0110100111101000
Found cached RTLIL representation for module `$paramod\GTP_LUT4D\INIT=16'0110100111101000'.
Parameter \INIT = 16'0110100111101000
Found cached RTLIL representation for module `$paramod\GTP_LUT4D\INIT=16'0110100111101000'.
Parameter \INIT = 16'1001011011010100
Found cached RTLIL representation for module `$paramod\GTP_LUT4D\INIT=16'1001011011010100'.
Parameter \INIT = 16'0110100101110001
Found cached RTLIL representation for module `$paramod\GTP_LUT4D\INIT=16'0110100101110001'.
Parameter \INIT = 16'1001011010110010
Found cached RTLIL representation for module `$paramod\GTP_LUT4D\INIT=16'1001011010110010'.
Parameter \INIT = 16'0110100100101011
Found cached RTLIL representation for module `$paramod\GTP_LUT4D\INIT=16'0110100100101011'.
Parameter \INIT = 16'1001011010110010
Found cached RTLIL representation for module `$paramod\GTP_LUT4D\INIT=16'1001011010110010'.
Parameter \INIT = 16'1001011010110010
Found cached RTLIL representation for module `$paramod\GTP_LUT4D\INIT=16'1001011010110010'.
Parameter \INIT = 16'1001011011010100
Found cached RTLIL representation for module `$paramod\GTP_LUT4D\INIT=16'1001011011010100'.
Parameter \INIT = 16'1001011011010100
Found cached RTLIL representation for module `$paramod\GTP_LUT4D\INIT=16'1001011011010100'.
Parameter \INIT = 16'0110100101110001
Found cached RTLIL representation for module `$paramod\GTP_LUT4D\INIT=16'0110100101110001'.
Parameter \INIT = 16'1001011011010100
Found cached RTLIL representation for module `$paramod\GTP_LUT4D\INIT=16'1001011011010100'.
Parameter \INIT = 16'1001011011010100
Found cached RTLIL representation for module `$paramod\GTP_LUT4D\INIT=16'1001011011010100'.
Parameter \INIT = 16'1001011011010100
Found cached RTLIL representation for module `$paramod\GTP_LUT4D\INIT=16'1001011011010100'.
Parameter \INIT = 16'0110100111101000
Found cached RTLIL representation for module `$paramod\GTP_LUT4D\INIT=16'0110100111101000'.
Parameter \INIT = 16'1001011011010100
Found cached RTLIL representation for module `$paramod\GTP_LUT4D\INIT=16'1001011011010100'.
Parameter \INIT = 16'0110100101110001
Found cached RTLIL representation for module `$paramod\GTP_LUT4D\INIT=16'0110100101110001'.
Parameter \INIT = 16'0110100111101000
Found cached RTLIL representation for module `$paramod\GTP_LUT4D\INIT=16'0110100111101000'.
Parameter \INIT = 1791008928
Found cached RTLIL representation for module `$paramod\GTP_LUT5D\INIT=32'01101010110000001010000010100000'.
Parameter \INIT = 64'0101111110100000111111110000000010001000100010001000100010001000

3.325. Executing AST frontend in derive mode using pre-parsed AST for module `\GTP_LUT6D'.
Parameter \INIT = 64'0101111110100000111111110000000010001000100010001000100010001000
Generating RTLIL representation for module `$paramod$37de09523644bd4786ba6a65702fc6620f3d0387\GTP_LUT6D'.
Parameter \INIT = 16'1001011011010100
Found cached RTLIL representation for module `$paramod\GTP_LUT4D\INIT=16'1001011011010100'.
Parameter \INIT = 64'1000011101111000011110001000011110000000011100001111100011110111

3.326. Executing AST frontend in derive mode using pre-parsed AST for module `\GTP_LUT6D'.
Parameter \INIT = 64'1000011101111000011110001000011110000000011100001111100011110111
Generating RTLIL representation for module `$paramod$dd648868ea6ba38ed25f185e0539aa602d5bb959\GTP_LUT6D'.
Parameter \INIT = 64'0111100010000111100001110111100000001000000001111000111101111111

3.327. Executing AST frontend in derive mode using pre-parsed AST for module `\GTP_LUT6D'.
Parameter \INIT = 64'0111100010000111100001110111100000001000000001111000111101111111
Generating RTLIL representation for module `$paramod$192f0f92f03c10a98d9b857dbe8d00dc234d70d6\GTP_LUT6D'.
Parameter \INIT = 16'0110100111101000
Found cached RTLIL representation for module `$paramod\GTP_LUT4D\INIT=16'0110100111101000'.
Parameter \INIT = 16'0110100100101011
Found cached RTLIL representation for module `$paramod\GTP_LUT4D\INIT=16'0110100100101011'.
Parameter \INIT = 64'1100110000000000110011000000000001111111111111111000000000000000

3.328. Executing AST frontend in derive mode using pre-parsed AST for module `\GTP_LUT6D'.
Parameter \INIT = 64'1100110000000000110011000000000001111111111111111000000000000000
Generating RTLIL representation for module `$paramod$674140076e09b99a17045ac315d541717543bf04\GTP_LUT6D'.
Parameter \INIT = 16'1001011010110010
Found cached RTLIL representation for module `$paramod\GTP_LUT4D\INIT=16'1001011010110010'.
Parameter \INIT = 64'1000100010001000100010001000100000001111111100001111000000001111
Found cached RTLIL representation for module `$paramod$4c337400648cfc8a183a0f64a1495365d6a01c48\GTP_LUT6D'.
Parameter \INIT = 16'0001011110010110
Found cached RTLIL representation for module `$paramod\GTP_LUT4D\INIT=16'0001011110010110'.
Parameter \INIT = 16'1001011010110010
Found cached RTLIL representation for module `$paramod\GTP_LUT4D\INIT=16'1001011010110010'.
Parameter \INIT = 32'10010110011010011101010001001101
Found cached RTLIL representation for module `$paramod\GTP_LUT5D\INIT=32'10010110011010011101010001001101'.
Parameter \INIT = 32'10010110011010011011001001110001

3.329. Executing AST frontend in derive mode using pre-parsed AST for module `\GTP_LUT5D'.
Parameter \INIT = 32'10010110011010011011001001110001
Generating RTLIL representation for module `$paramod\GTP_LUT5D\INIT=32'10010110011010011011001001110001'.
Parameter \INIT = 32'10010110011010011101010001001101
Found cached RTLIL representation for module `$paramod\GTP_LUT5D\INIT=32'10010110011010011101010001001101'.
Parameter \INIT = 32'10010110011010011101010001001101
Found cached RTLIL representation for module `$paramod\GTP_LUT5D\INIT=32'10010110011010011101010001001101'.
Parameter \INIT = 32'10010110011010011101010001110001

3.330. Executing AST frontend in derive mode using pre-parsed AST for module `\GTP_LUT5D'.
Parameter \INIT = 32'10010110011010011101010001110001
Generating RTLIL representation for module `$paramod\GTP_LUT5D\INIT=32'10010110011010011101010001110001'.
Parameter \INIT = 1771497614

3.331. Executing AST frontend in derive mode using pre-parsed AST for module `\GTP_LUT5D'.
Parameter \INIT = 1771497614
Generating RTLIL representation for module `$paramod\GTP_LUT5D\INIT=32'01101001100101101110100010001110'.
Parameter \INIT = 64'1000011101111000011110001000011110000111000000001111111110000111

3.332. Executing AST frontend in derive mode using pre-parsed AST for module `\GTP_LUT6D'.
Parameter \INIT = 64'1000011101111000011110001000011110000111000000001111111110000111
Generating RTLIL representation for module `$paramod$51534d2ba4f07583e098a0bc643f50c58bbc8740\GTP_LUT6D'.
Parameter \INIT = 32'10010110011010011000111001001101

3.333. Executing AST frontend in derive mode using pre-parsed AST for module `\GTP_LUT5D'.
Parameter \INIT = 32'10010110011010011000111001001101
Generating RTLIL representation for module `$paramod\GTP_LUT5D\INIT=32'10010110011010011000111001001101'.
Parameter \INIT = 64'0110011001101001011010011001100111101110111010001110100010001000
Found cached RTLIL representation for module `$paramod$f9cb7f213667efa119b8ddbb82e8309daa46ee87\GTP_LUT6D'.
Parameter \INIT = 16'1001011011010100
Found cached RTLIL representation for module `$paramod\GTP_LUT4D\INIT=16'1001011011010100'.
Parameter \INIT = 64'0110011001101001011010011001100111101110111010001110100010001000
Found cached RTLIL representation for module `$paramod$f9cb7f213667efa119b8ddbb82e8309daa46ee87\GTP_LUT6D'.
Parameter \INIT = 64'0110011001101001011010011001100111101110111010001110100010001000
Found cached RTLIL representation for module `$paramod$f9cb7f213667efa119b8ddbb82e8309daa46ee87\GTP_LUT6D'.
Parameter \INIT = 16'1001011010110010
Found cached RTLIL representation for module `$paramod\GTP_LUT4D\INIT=16'1001011010110010'.
Parameter \INIT = 16'1001011011010100
Found cached RTLIL representation for module `$paramod\GTP_LUT4D\INIT=16'1001011011010100'.
Parameter \INIT = 64'0000111111110000111100000000111110011001100101101001011001100110

3.334. Executing AST frontend in derive mode using pre-parsed AST for module `\GTP_LUT6D'.
Parameter \INIT = 64'0000111111110000111100000000111110011001100101101001011001100110
Generating RTLIL representation for module `$paramod$ca7d537f3e0cf5248174d82ceab1a434a4747e0a\GTP_LUT6D'.
Parameter \INIT = 64'0110100110011001011001100110100111101000100010001110111011101000

3.335. Executing AST frontend in derive mode using pre-parsed AST for module `\GTP_LUT6D'.
Parameter \INIT = 64'0110100110011001011001100110100111101000100010001110111011101000
Generating RTLIL representation for module `$paramod$77d2ce02e515de40efb3ab14dfa747f81dd4e833\GTP_LUT6D'.
Parameter \INIT = 16'1001011011010100
Found cached RTLIL representation for module `$paramod\GTP_LUT4D\INIT=16'1001011011010100'.
Parameter \INIT = 64'0110100101100110100110010110100111110000000011110000111111110000

3.336. Executing AST frontend in derive mode using pre-parsed AST for module `\GTP_LUT6D'.
Parameter \INIT = 64'0110100101100110100110010110100111110000000011110000111111110000
Generating RTLIL representation for module `$paramod$0100bdbfe743b8306a52009e3c439c5178859b14\GTP_LUT6D'.
Parameter \INIT = 16'0110100111101000
Found cached RTLIL representation for module `$paramod\GTP_LUT4D\INIT=16'0110100111101000'.
Parameter \INIT = 16'1101010010010110
Found cached RTLIL representation for module `$paramod\GTP_LUT4D\INIT=16'1101010010010110'.
Parameter \INIT = 16'0110100111101000
Found cached RTLIL representation for module `$paramod\GTP_LUT4D\INIT=16'0110100111101000'.
Parameter \INIT = 16'0110100111101000
Found cached RTLIL representation for module `$paramod\GTP_LUT4D\INIT=16'0110100111101000'.
Parameter \INIT = 64'0110011001101001011010011001100111101110111010001110100010001000
Found cached RTLIL representation for module `$paramod$f9cb7f213667efa119b8ddbb82e8309daa46ee87\GTP_LUT6D'.
Parameter \INIT = 16'1001011011010100
Found cached RTLIL representation for module `$paramod\GTP_LUT4D\INIT=16'1001011011010100'.
Parameter \INIT = 16'0110100111101000
Found cached RTLIL representation for module `$paramod\GTP_LUT4D\INIT=16'0110100111101000'.
Parameter \INIT = 16'1001011010001110
Found cached RTLIL representation for module `$paramod\GTP_LUT4D\INIT=16'1001011010001110'.
Parameter \INIT = 16'1001011000010111
Found cached RTLIL representation for module `$paramod\GTP_LUT4D\INIT=16'1001011000010111'.
Parameter \INIT = 64'0110011001101001011010011001100111101110111010001110100010001000
Found cached RTLIL representation for module `$paramod$f9cb7f213667efa119b8ddbb82e8309daa46ee87\GTP_LUT6D'.
Parameter \INIT = 16'1101010010010110
Found cached RTLIL representation for module `$paramod\GTP_LUT4D\INIT=16'1101010010010110'.
Parameter \INIT = 64'0110011001101001011010011001100111101110111010001110100010001000
Found cached RTLIL representation for module `$paramod$f9cb7f213667efa119b8ddbb82e8309daa46ee87\GTP_LUT6D'.
Parameter \INIT = 16'0110100111101000
Found cached RTLIL representation for module `$paramod\GTP_LUT4D\INIT=16'0110100111101000'.
Parameter \INIT = 64'1001011001101001011010011001011011011110010010001110110110000100

3.337. Executing AST frontend in derive mode using pre-parsed AST for module `\GTP_LUT6D'.
Parameter \INIT = 64'1001011001101001011010011001011011011110010010001110110110000100
Generating RTLIL representation for module `$paramod$7d378b8f9a24eacb488b7ef453385629c2f4e98f\GTP_LUT6D'.
Parameter \INIT = 16'1001011010110010
Found cached RTLIL representation for module `$paramod\GTP_LUT4D\INIT=16'1001011010110010'.
Parameter \INIT = 64'1111001100110000111101110111000011000011001111001000011101111000

3.338. Executing AST frontend in derive mode using pre-parsed AST for module `\GTP_LUT6D'.
Parameter \INIT = 64'1111001100110000111101110111000011000011001111001000011101111000
Generating RTLIL representation for module `$paramod$a4e773bdb86d5407d3775a4e627de8c60e9a7700\GTP_LUT6D'.
Parameter \INIT = 16'1101010010010110
Found cached RTLIL representation for module `$paramod\GTP_LUT4D\INIT=16'1101010010010110'.
Parameter \INIT = 16'0110100111101000
Found cached RTLIL representation for module `$paramod\GTP_LUT4D\INIT=16'0110100111101000'.
Parameter \INIT = 16'0110100101110001
Found cached RTLIL representation for module `$paramod\GTP_LUT4D\INIT=16'0110100101110001'.
Parameter \INIT = 16'1001011011010100
Found cached RTLIL representation for module `$paramod\GTP_LUT4D\INIT=16'1001011011010100'.
Parameter \INIT = 16'0110100101110001
Found cached RTLIL representation for module `$paramod\GTP_LUT4D\INIT=16'0110100101110001'.
Parameter \INIT = 16'1001011010110010
Found cached RTLIL representation for module `$paramod\GTP_LUT4D\INIT=16'1001011010110010'.
Parameter \INIT = 16'0110100111101000
Found cached RTLIL representation for module `$paramod\GTP_LUT4D\INIT=16'0110100111101000'.
Parameter \INIT = 16'0110100111101000
Found cached RTLIL representation for module `$paramod\GTP_LUT4D\INIT=16'0110100111101000'.
Parameter \INIT = 16'1001011000010111
Found cached RTLIL representation for module `$paramod\GTP_LUT4D\INIT=16'1001011000010111'.
Parameter \INIT = 16'0110100111101000
Found cached RTLIL representation for module `$paramod\GTP_LUT4D\INIT=16'0110100111101000'.
Parameter \INIT = 16'1101010010010110
Found cached RTLIL representation for module `$paramod\GTP_LUT4D\INIT=16'1101010010010110'.
Parameter \INIT = 16'0110100111101000
Found cached RTLIL representation for module `$paramod\GTP_LUT4D\INIT=16'0110100111101000'.
Parameter \INIT = 16'1001011011010100
Found cached RTLIL representation for module `$paramod\GTP_LUT4D\INIT=16'1001011011010100'.
Parameter \INIT = 16'0110100111101000
Found cached RTLIL representation for module `$paramod\GTP_LUT4D\INIT=16'0110100111101000'.
Parameter \INIT = 16'0110100111101000
Found cached RTLIL representation for module `$paramod\GTP_LUT4D\INIT=16'0110100111101000'.
Parameter \INIT = 16'0111000101101001
Found cached RTLIL representation for module `$paramod\GTP_LUT4D\INIT=16'0111000101101001'.
Parameter \INIT = 16'0111000101101001
Found cached RTLIL representation for module `$paramod\GTP_LUT4D\INIT=16'0111000101101001'.
Parameter \INIT = 16'1110100001101001
Found cached RTLIL representation for module `$paramod\GTP_LUT4D\INIT=16'1110100001101001'.
Parameter \INIT = 16'1101010010010110
Found cached RTLIL representation for module `$paramod\GTP_LUT4D\INIT=16'1101010010010110'.
Parameter \INIT = 16'1110100001101001
Found cached RTLIL representation for module `$paramod\GTP_LUT4D\INIT=16'1110100001101001'.
Parameter \INIT = 16'0001011110010110
Found cached RTLIL representation for module `$paramod\GTP_LUT4D\INIT=16'0001011110010110'.
Parameter \INIT = 16'1110100001101001
Found cached RTLIL representation for module `$paramod\GTP_LUT4D\INIT=16'1110100001101001'.
Parameter \INIT = 16'1011001010010110
Found cached RTLIL representation for module `$paramod\GTP_LUT4D\INIT=16'1011001010010110'.
Parameter \INIT = 16'0001011110010110
Found cached RTLIL representation for module `$paramod\GTP_LUT4D\INIT=16'0001011110010110'.
Parameter \INIT = 16'1101010010010110
Found cached RTLIL representation for module `$paramod\GTP_LUT4D\INIT=16'1101010010010110'.
Parameter \INIT = 16'1101010010010110
Found cached RTLIL representation for module `$paramod\GTP_LUT4D\INIT=16'1101010010010110'.
Parameter \INIT = 16'1110100001101001
Found cached RTLIL representation for module `$paramod\GTP_LUT4D\INIT=16'1110100001101001'.
Parameter \INIT = 64'0100000010110000111101001111101101001011101101001011010001001011

3.339. Executing AST frontend in derive mode using pre-parsed AST for module `\GTP_LUT6D'.
Parameter \INIT = 64'0100000010110000111101001111101101001011101101001011010001001011
Generating RTLIL representation for module `$paramod$cd0b11397aa8ea9a8f03a4b44328ec6b3fc03a2e\GTP_LUT6D'.
Parameter \INIT = 16'1001011011010100
Found cached RTLIL representation for module `$paramod\GTP_LUT4D\INIT=16'1001011011010100'.
Parameter \INIT = 16'0110100111101000
Found cached RTLIL representation for module `$paramod\GTP_LUT4D\INIT=16'0110100111101000'.
Parameter \INIT = 16'0110100111101000
Found cached RTLIL representation for module `$paramod\GTP_LUT4D\INIT=16'0110100111101000'.
Parameter \INIT = 16'1001011000010111
Found cached RTLIL representation for module `$paramod\GTP_LUT4D\INIT=16'1001011000010111'.
Parameter \INIT = 64'1000111101111111000010000000011110000111011110000111100010000111
Found cached RTLIL representation for module `$paramod$9bfe1fc7e662ed4b2422775b1593ebc46b7acd7f\GTP_LUT6D'.
Parameter \INIT = 16'0100110101101001
Found cached RTLIL representation for module `$paramod\GTP_LUT4D\INIT=16'0100110101101001'.
Parameter \INIT = 16'0110100111101000
Found cached RTLIL representation for module `$paramod\GTP_LUT4D\INIT=16'0110100111101000'.
Parameter \INIT = 16'0110100101110001
Found cached RTLIL representation for module `$paramod\GTP_LUT4D\INIT=16'0110100101110001'.
Parameter \INIT = 16'0110100111101000
Found cached RTLIL representation for module `$paramod\GTP_LUT4D\INIT=16'0110100111101000'.
Parameter \INIT = 16'0111000101101001
Found cached RTLIL representation for module `$paramod\GTP_LUT4D\INIT=16'0111000101101001'.
Parameter \INIT = 16'0111000101101001
Found cached RTLIL representation for module `$paramod\GTP_LUT4D\INIT=16'0111000101101001'.
Parameter \INIT = 16'0111000101101001
Found cached RTLIL representation for module `$paramod\GTP_LUT4D\INIT=16'0111000101101001'.
Parameter \INIT = 64'1011011100100001001111110000001110010110011010010011110011000011

3.340. Executing AST frontend in derive mode using pre-parsed AST for module `\GTP_LUT6D'.
Parameter \INIT = 64'1011011100100001001111110000001110010110011010010011110011000011
Generating RTLIL representation for module `$paramod$ef3cedfffb1cc58c2914b8414f62964cbcaed6f2\GTP_LUT6D'.
Parameter \INIT = 16'0110100101110001
Found cached RTLIL representation for module `$paramod\GTP_LUT4D\INIT=16'0110100101110001'.
Parameter \INIT = 16'1110100001101001
Found cached RTLIL representation for module `$paramod\GTP_LUT4D\INIT=16'1110100001101001'.
Parameter \INIT = 32'11101000100011100110100110010110
Found cached RTLIL representation for module `$paramod\GTP_LUT5D\INIT=32'11101000100011100110100110010110'.
Parameter \INIT = 16'1001011011010100
Found cached RTLIL representation for module `$paramod\GTP_LUT4D\INIT=16'1001011011010100'.
Parameter \INIT = 64'1101110111010100110101000100010010011001100101101001011001100110
Found cached RTLIL representation for module `$paramod$7dba0df27b713e1ade7e04386f48f97b1b78f612\GTP_LUT6D'.
Parameter \INIT = 16'1001011010110010
Found cached RTLIL representation for module `$paramod\GTP_LUT4D\INIT=16'1001011010110010'.
Parameter \INIT = 16'0110100111101000
Found cached RTLIL representation for module `$paramod\GTP_LUT4D\INIT=16'0110100111101000'.
Parameter \INIT = 16'1001011000010111
Found cached RTLIL representation for module `$paramod\GTP_LUT4D\INIT=16'1001011000010111'.
Parameter \INIT = 16'0110100101110001
Found cached RTLIL representation for module `$paramod\GTP_LUT4D\INIT=16'0110100101110001'.
Parameter \INIT = 16'0111000101101001
Found cached RTLIL representation for module `$paramod\GTP_LUT4D\INIT=16'0111000101101001'.
Parameter \INIT = 16'1011001010010110
Found cached RTLIL representation for module `$paramod\GTP_LUT4D\INIT=16'1011001010010110'.
Parameter \INIT = 16'0111000101101001
Found cached RTLIL representation for module `$paramod\GTP_LUT4D\INIT=16'0111000101101001'.
Parameter \INIT = 16'0110100100101011
Found cached RTLIL representation for module `$paramod\GTP_LUT4D\INIT=16'0110100100101011'.
Parameter \INIT = 16'1001011000010111
Found cached RTLIL representation for module `$paramod\GTP_LUT4D\INIT=16'1001011000010111'.
Parameter \INIT = 16'0110100100101011
Found cached RTLIL representation for module `$paramod\GTP_LUT4D\INIT=16'0110100100101011'.
Parameter \INIT = 16'1110100001101001
Found cached RTLIL representation for module `$paramod\GTP_LUT4D\INIT=16'1110100001101001'.
Parameter \INIT = 16'0110100101001101
Found cached RTLIL representation for module `$paramod\GTP_LUT4D\INIT=16'0110100101001101'.
Parameter \INIT = 16'1101010010010110
Found cached RTLIL representation for module `$paramod\GTP_LUT4D\INIT=16'1101010010010110'.
Parameter \INIT = 64'1110111011101000111010001000100001100110011010010110100110011001
Found cached RTLIL representation for module `$paramod$b3bca92b941b3d50f7e0e81cda24110640603ffc\GTP_LUT6D'.
Parameter \INIT = 16'0111000101101001
Found cached RTLIL representation for module `$paramod\GTP_LUT4D\INIT=16'0111000101101001'.
Parameter \INIT = 16'0111000101101001
Found cached RTLIL representation for module `$paramod\GTP_LUT4D\INIT=16'0111000101101001'.
Parameter \INIT = 16'0110100101110001
Found cached RTLIL representation for module `$paramod\GTP_LUT4D\INIT=16'0110100101110001'.
Parameter \INIT = 16'1110100001101001
Found cached RTLIL representation for module `$paramod\GTP_LUT4D\INIT=16'1110100001101001'.
Parameter \INIT = 16'0110100101110001
Found cached RTLIL representation for module `$paramod\GTP_LUT4D\INIT=16'0110100101110001'.
Parameter \INIT = 16'1001011011010100
Found cached RTLIL representation for module `$paramod\GTP_LUT4D\INIT=16'1001011011010100'.
Parameter \INIT = 64'1101110111010100110101000100010010011001100101101001011001100110
Found cached RTLIL representation for module `$paramod$7dba0df27b713e1ade7e04386f48f97b1b78f612\GTP_LUT6D'.
Parameter \INIT = 64'1101110111010100110101000100010010011001100101101001011001100110
Found cached RTLIL representation for module `$paramod$7dba0df27b713e1ade7e04386f48f97b1b78f612\GTP_LUT6D'.
Parameter \INIT = 64'1011101100101011001010110010001010011001011010010110100101100110

3.341. Executing AST frontend in derive mode using pre-parsed AST for module `\GTP_LUT6D'.
Parameter \INIT = 64'1011101100101011001010110010001010011001011010010110100101100110
Generating RTLIL representation for module `$paramod$16db2107d645ca722e86e2a2ae8922798eba9f0d\GTP_LUT6D'.
Parameter \INIT = 16'0111000101101001
Found cached RTLIL representation for module `$paramod\GTP_LUT4D\INIT=16'0111000101101001'.
Parameter \INIT = 64'1110111011101000111010001000100001100110011010010110100110011001
Found cached RTLIL representation for module `$paramod$b3bca92b941b3d50f7e0e81cda24110640603ffc\GTP_LUT6D'.
Parameter \INIT = 16'1101010010010110
Found cached RTLIL representation for module `$paramod\GTP_LUT4D\INIT=16'1101010010010110'.
Parameter \INIT = 16'1110100001101001
Found cached RTLIL representation for module `$paramod\GTP_LUT4D\INIT=16'1110100001101001'.
Parameter \INIT = 16'0111000101101001
Found cached RTLIL representation for module `$paramod\GTP_LUT4D\INIT=16'0111000101101001'.
Parameter \INIT = 64'0001000100010111000101110111011110011001100101101001011001100110
Found cached RTLIL representation for module `$paramod$7b43697e6515e4863f7c0521b280df4f1a0c2bd5\GTP_LUT6D'.
Parameter \INIT = 16'0100110101101001
Found cached RTLIL representation for module `$paramod\GTP_LUT4D\INIT=16'0100110101101001'.
Parameter \INIT = 16'1101010010010110
Found cached RTLIL representation for module `$paramod\GTP_LUT4D\INIT=16'1101010010010110'.
Parameter \INIT = 64'1101110101001101010011010100010010011001011010010110100101100110

3.342. Executing AST frontend in derive mode using pre-parsed AST for module `\GTP_LUT6D'.
Parameter \INIT = 64'1101110101001101010011010100010010011001011010010110100101100110
Generating RTLIL representation for module `$paramod$41203a1cf9cc8ad1c6d32e100a89bf8100953857\GTP_LUT6D'.
Parameter \INIT = 16'0111000101101001
Found cached RTLIL representation for module `$paramod\GTP_LUT4D\INIT=16'0111000101101001'.
Parameter \INIT = 16'1101010010010110
Found cached RTLIL representation for module `$paramod\GTP_LUT4D\INIT=16'1101010010010110'.
Parameter \INIT = 16'1001011011010100
Found cached RTLIL representation for module `$paramod\GTP_LUT4D\INIT=16'1001011011010100'.
Parameter \INIT = 16'1000111010010110
Found cached RTLIL representation for module `$paramod\GTP_LUT4D\INIT=16'1000111010010110'.
Parameter \INIT = 16'1101010010010110
Found cached RTLIL representation for module `$paramod\GTP_LUT4D\INIT=16'1101010010010110'.
Parameter \INIT = 16'0100110101101001
Found cached RTLIL representation for module `$paramod\GTP_LUT4D\INIT=16'0100110101101001'.
Parameter \INIT = 16'0100110101101001
Found cached RTLIL representation for module `$paramod\GTP_LUT4D\INIT=16'0100110101101001'.
Parameter \INIT = 16'0100110101101001
Found cached RTLIL representation for module `$paramod\GTP_LUT4D\INIT=16'0100110101101001'.
Parameter \INIT = 64'1000100010001110100011101110111010011001100101101001011001100110

3.343. Executing AST frontend in derive mode using pre-parsed AST for module `\GTP_LUT6D'.
Parameter \INIT = 64'1000100010001110100011101110111010011001100101101001011001100110
Generating RTLIL representation for module `$paramod$566b422e6d23417fe042c25ac5d8fe7d4d40e651\GTP_LUT6D'.
Parameter \INIT = 16'1110100001101001
Found cached RTLIL representation for module `$paramod\GTP_LUT4D\INIT=16'1110100001101001'.
Parameter \INIT = 16'1110100001101001
Found cached RTLIL representation for module `$paramod\GTP_LUT4D\INIT=16'1110100001101001'.
Parameter \INIT = 16'1101010010010110
Found cached RTLIL representation for module `$paramod\GTP_LUT4D\INIT=16'1101010010010110'.
Parameter \INIT = 16'1101010010010110
Found cached RTLIL representation for module `$paramod\GTP_LUT4D\INIT=16'1101010010010110'.
Parameter \INIT = 16'0111000101101001
Found cached RTLIL representation for module `$paramod\GTP_LUT4D\INIT=16'0111000101101001'.
Parameter \INIT = 16'0001011110010110
Found cached RTLIL representation for module `$paramod\GTP_LUT4D\INIT=16'0001011110010110'.
Parameter \INIT = 16'0010101101101001
Found cached RTLIL representation for module `$paramod\GTP_LUT4D\INIT=16'0010101101101001'.
Parameter \INIT = 16'0010101101101001
Found cached RTLIL representation for module `$paramod\GTP_LUT4D\INIT=16'0010101101101001'.
Parameter \INIT = 16'1101010010010110
Found cached RTLIL representation for module `$paramod\GTP_LUT4D\INIT=16'1101010010010110'.
Parameter \INIT = 16'0111000101101001
Found cached RTLIL representation for module `$paramod\GTP_LUT4D\INIT=16'0111000101101001'.
Parameter \INIT = 16'1101010010010110
Found cached RTLIL representation for module `$paramod\GTP_LUT4D\INIT=16'1101010010010110'.
Parameter \INIT = 16'0111000101101001
Found cached RTLIL representation for module `$paramod\GTP_LUT4D\INIT=16'0111000101101001'.
Parameter \INIT = 16'0110100100101011
Found cached RTLIL representation for module `$paramod\GTP_LUT4D\INIT=16'0110100100101011'.
Parameter \INIT = 16'0001011110010110
Found cached RTLIL representation for module `$paramod\GTP_LUT4D\INIT=16'0001011110010110'.
Parameter \INIT = 16'0111000101101001
Found cached RTLIL representation for module `$paramod\GTP_LUT4D\INIT=16'0111000101101001'.
Parameter \INIT = 16'0010101101101001
Found cached RTLIL representation for module `$paramod\GTP_LUT4D\INIT=16'0010101101101001'.
Parameter \INIT = 16'1101010010010110
Found cached RTLIL representation for module `$paramod\GTP_LUT4D\INIT=16'1101010010010110'.
Parameter \INIT = 16'1000111010010110
Found cached RTLIL representation for module `$paramod\GTP_LUT4D\INIT=16'1000111010010110'.
Parameter \INIT = 16'1110100001101001
Found cached RTLIL representation for module `$paramod\GTP_LUT4D\INIT=16'1110100001101001'.
Parameter \INIT = 16'0111000101101001
Found cached RTLIL representation for module `$paramod\GTP_LUT4D\INIT=16'0111000101101001'.
Parameter \INIT = 1626761622

3.344. Executing AST frontend in derive mode using pre-parsed AST for module `\GTP_LUT5D'.
Parameter \INIT = 1626761622
Generating RTLIL representation for module `$paramod\GTP_LUT5D\INIT=32'01100000111101100110100110010110'.
Parameter \INIT = 16'1110100001101001
Found cached RTLIL representation for module `$paramod\GTP_LUT4D\INIT=16'1110100001101001'.
Parameter \INIT = 16'1110100001101001
Found cached RTLIL representation for module `$paramod\GTP_LUT4D\INIT=16'1110100001101001'.
Parameter \INIT = 16'1110100001101001
Found cached RTLIL representation for module `$paramod\GTP_LUT4D\INIT=16'1110100001101001'.
Parameter \INIT = 16'1101010010010110
Found cached RTLIL representation for module `$paramod\GTP_LUT4D\INIT=16'1101010010010110'.
Parameter \INIT = 16'1110100001101001
Found cached RTLIL representation for module `$paramod\GTP_LUT4D\INIT=16'1110100001101001'.
Parameter \INIT = 16'0111000101101001
Found cached RTLIL representation for module `$paramod\GTP_LUT4D\INIT=16'0111000101101001'.
Parameter \INIT = 16'0111000101101001
Found cached RTLIL representation for module `$paramod\GTP_LUT4D\INIT=16'0111000101101001'.
Parameter \INIT = 64'0100110111011101010001000100110101101001100110010110011001101001
Found cached RTLIL representation for module `$paramod$e5e88c39be3c3fb561da7de1ef83c269f7e362a0\GTP_LUT6D'.
Parameter \INIT = 16'1101010010010110
Found cached RTLIL representation for module `$paramod\GTP_LUT4D\INIT=16'1101010010010110'.
Parameter \INIT = 16'0111000101101001
Found cached RTLIL representation for module `$paramod\GTP_LUT4D\INIT=16'0111000101101001'.
Parameter \INIT = 16'1110100001101001
Found cached RTLIL representation for module `$paramod\GTP_LUT4D\INIT=16'1110100001101001'.
Parameter \INIT = 16'1110100001101001
Found cached RTLIL representation for module `$paramod\GTP_LUT4D\INIT=16'1110100001101001'.
Parameter \INIT = 16'0111000101101001
Found cached RTLIL representation for module `$paramod\GTP_LUT4D\INIT=16'0111000101101001'.
Parameter \INIT = 16'0001011110010110
Found cached RTLIL representation for module `$paramod\GTP_LUT4D\INIT=16'0001011110010110'.
Parameter \INIT = 16'0001011110010110
Found cached RTLIL representation for module `$paramod\GTP_LUT4D\INIT=16'0001011110010110'.
Parameter \INIT = 16'0100110101101001
Found cached RTLIL representation for module `$paramod\GTP_LUT4D\INIT=16'0100110101101001'.
Parameter \INIT = 16'0100110101101001
Found cached RTLIL representation for module `$paramod\GTP_LUT4D\INIT=16'0100110101101001'.
Parameter \INIT = 16'0001011110010110
Found cached RTLIL representation for module `$paramod\GTP_LUT4D\INIT=16'0001011110010110'.
Parameter \INIT = 16'0110100101110001
Found cached RTLIL representation for module `$paramod\GTP_LUT4D\INIT=16'0110100101110001'.
Parameter \INIT = 16'0111000101101001
Found cached RTLIL representation for module `$paramod\GTP_LUT4D\INIT=16'0111000101101001'.
Parameter \INIT = 16'1101010010010110
Found cached RTLIL representation for module `$paramod\GTP_LUT4D\INIT=16'1101010010010110'.
Parameter \INIT = 16'0111000101101001
Found cached RTLIL representation for module `$paramod\GTP_LUT4D\INIT=16'0111000101101001'.
Parameter \INIT = 16'0111000101101001
Found cached RTLIL representation for module `$paramod\GTP_LUT4D\INIT=16'0111000101101001'.
Parameter \INIT = 16'0110100101001101
Found cached RTLIL representation for module `$paramod\GTP_LUT4D\INIT=16'0110100101001101'.
Parameter \INIT = 16'0111000101101001
Found cached RTLIL representation for module `$paramod\GTP_LUT4D\INIT=16'0111000101101001'.
Parameter \INIT = 16'0100110101101001
Found cached RTLIL representation for module `$paramod\GTP_LUT4D\INIT=16'0100110101101001'.
Parameter \INIT = 16'0111000101101001
Found cached RTLIL representation for module `$paramod\GTP_LUT4D\INIT=16'0111000101101001'.
Parameter \INIT = 16'0111000101101001
Found cached RTLIL representation for module `$paramod\GTP_LUT4D\INIT=16'0111000101101001'.
Parameter \INIT = 16'0110100111101000
Found cached RTLIL representation for module `$paramod\GTP_LUT4D\INIT=16'0110100111101000'.
Parameter \INIT = 16'0001011110010110
Found cached RTLIL representation for module `$paramod\GTP_LUT4D\INIT=16'0001011110010110'.
Parameter \INIT = 16'0111000101101001
Found cached RTLIL representation for module `$paramod\GTP_LUT4D\INIT=16'0111000101101001'.
Parameter \INIT = 16'0111000101101001
Found cached RTLIL representation for module `$paramod\GTP_LUT4D\INIT=16'0111000101101001'.
Parameter \INIT = 16'0111000101101001
Found cached RTLIL representation for module `$paramod\GTP_LUT4D\INIT=16'0111000101101001'.
Parameter \INIT = 16'0111000101101001
Found cached RTLIL representation for module `$paramod\GTP_LUT4D\INIT=16'0111000101101001'.
Parameter \INIT = 16'0111000101101001
Found cached RTLIL representation for module `$paramod\GTP_LUT4D\INIT=16'0111000101101001'.
Parameter \INIT = 16'0110100111101000
Found cached RTLIL representation for module `$paramod\GTP_LUT4D\INIT=16'0110100111101000'.
Parameter \INIT = 16'0111000101101001
Found cached RTLIL representation for module `$paramod\GTP_LUT4D\INIT=16'0111000101101001'.
Parameter \INIT = 16'0111000101101001
Found cached RTLIL representation for module `$paramod\GTP_LUT4D\INIT=16'0111000101101001'.
Parameter \INIT = 16'0111000101101001
Found cached RTLIL representation for module `$paramod\GTP_LUT4D\INIT=16'0111000101101001'.
Parameter \INIT = 16'0111000101101001
Found cached RTLIL representation for module `$paramod\GTP_LUT4D\INIT=16'0111000101101001'.
Parameter \INIT = 16'0111000101101001
Found cached RTLIL representation for module `$paramod\GTP_LUT4D\INIT=16'0111000101101001'.
Parameter \INIT = 16'0111000101101001
Found cached RTLIL representation for module `$paramod\GTP_LUT4D\INIT=16'0111000101101001'.
Parameter \INIT = 16'0111000101101001
Found cached RTLIL representation for module `$paramod\GTP_LUT4D\INIT=16'0111000101101001'.
Parameter \INIT = 16'0111000101101001
Found cached RTLIL representation for module `$paramod\GTP_LUT4D\INIT=16'0111000101101001'.
Parameter \INIT = 16'0111000101101001
Found cached RTLIL representation for module `$paramod\GTP_LUT4D\INIT=16'0111000101101001'.
Parameter \INIT = 16'0111000101101001
Found cached RTLIL representation for module `$paramod\GTP_LUT4D\INIT=16'0111000101101001'.
Parameter \INIT = 16'0111000101101001
Found cached RTLIL representation for module `$paramod\GTP_LUT4D\INIT=16'0111000101101001'.
Parameter \INIT = 16'1101010010010110
Found cached RTLIL representation for module `$paramod\GTP_LUT4D\INIT=16'1101010010010110'.
Parameter \INIT = 16'0111000101101001
Found cached RTLIL representation for module `$paramod\GTP_LUT4D\INIT=16'0111000101101001'.
Parameter \INIT = 16'0111000101101001
Found cached RTLIL representation for module `$paramod\GTP_LUT4D\INIT=16'0111000101101001'.
Parameter \INIT = 16'0110100101001101
Found cached RTLIL representation for module `$paramod\GTP_LUT4D\INIT=16'0110100101001101'.
Parameter \INIT = 16'0111000101101001
Found cached RTLIL representation for module `$paramod\GTP_LUT4D\INIT=16'0111000101101001'.
Parameter \INIT = 16'0111000101101001
Found cached RTLIL representation for module `$paramod\GTP_LUT4D\INIT=16'0111000101101001'.
Parameter \INIT = 16'0100110101101001
Found cached RTLIL representation for module `$paramod\GTP_LUT4D\INIT=16'0100110101101001'.
Parameter \INIT = 16'0111000101101001
Found cached RTLIL representation for module `$paramod\GTP_LUT4D\INIT=16'0111000101101001'.
Parameter \INIT = 16'1001011010001110
Found cached RTLIL representation for module `$paramod\GTP_LUT4D\INIT=16'1001011010001110'.
Parameter \INIT = 16'0111000101101001
Found cached RTLIL representation for module `$paramod\GTP_LUT4D\INIT=16'0111000101101001'.
Parameter \INIT = 16'0110100101110001
Found cached RTLIL representation for module `$paramod\GTP_LUT4D\INIT=16'0110100101110001'.
Parameter \INIT = 16'0111000101101001
Found cached RTLIL representation for module `$paramod\GTP_LUT4D\INIT=16'0111000101101001'.
Parameter \INIT = 16'1011001010010110
Found cached RTLIL representation for module `$paramod\GTP_LUT4D\INIT=16'1011001010010110'.
Parameter \INIT = 16'1101010010010110
Found cached RTLIL representation for module `$paramod\GTP_LUT4D\INIT=16'1101010010010110'.
Parameter \INIT = 16'0100110101101001
Found cached RTLIL representation for module `$paramod\GTP_LUT4D\INIT=16'0100110101101001'.
Parameter \INIT = 16'0111000101101001
Found cached RTLIL representation for module `$paramod\GTP_LUT4D\INIT=16'0111000101101001'.
Parameter \INIT = 16'0010101101101001
Found cached RTLIL representation for module `$paramod\GTP_LUT4D\INIT=16'0010101101101001'.
Parameter \INIT = 16'0110100101110001
Found cached RTLIL representation for module `$paramod\GTP_LUT4D\INIT=16'0110100101110001'.
Parameter \INIT = 16'0110100101001101
Found cached RTLIL representation for module `$paramod\GTP_LUT4D\INIT=16'0110100101001101'.
Parameter \INIT = 16'1001011010110010
Found cached RTLIL representation for module `$paramod\GTP_LUT4D\INIT=16'1001011010110010'.
Parameter \INIT = 16'0111000101101001
Found cached RTLIL representation for module `$paramod\GTP_LUT4D\INIT=16'0111000101101001'.
Parameter \INIT = 16'0111000101101001
Found cached RTLIL representation for module `$paramod\GTP_LUT4D\INIT=16'0111000101101001'.
Parameter \INIT = 16'1011001010010110
Found cached RTLIL representation for module `$paramod\GTP_LUT4D\INIT=16'1011001010010110'.
Parameter \INIT = 16'0110100111101000
Found cached RTLIL representation for module `$paramod\GTP_LUT4D\INIT=16'0110100111101000'.
Parameter \INIT = 16'0111000101101001
Found cached RTLIL representation for module `$paramod\GTP_LUT4D\INIT=16'0111000101101001'.
Parameter \INIT = 16'0111000101101001
Found cached RTLIL representation for module `$paramod\GTP_LUT4D\INIT=16'0111000101101001'.
Parameter \INIT = 16'1011001010010110
Found cached RTLIL representation for module `$paramod\GTP_LUT4D\INIT=16'1011001010010110'.
Parameter \INIT = 16'1101010010010110
Found cached RTLIL representation for module `$paramod\GTP_LUT4D\INIT=16'1101010010010110'.
Parameter \INIT = 16'1101010010010110
Found cached RTLIL representation for module `$paramod\GTP_LUT4D\INIT=16'1101010010010110'.
Parameter \INIT = 16'1101010010010110
Found cached RTLIL representation for module `$paramod\GTP_LUT4D\INIT=16'1101010010010110'.
Parameter \INIT = 16'1011001010010110
Found cached RTLIL representation for module `$paramod\GTP_LUT4D\INIT=16'1011001010010110'.
Parameter \INIT = 16'1001011010110010
Found cached RTLIL representation for module `$paramod\GTP_LUT4D\INIT=16'1001011010110010'.
Parameter \INIT = 16'0111000101101001
Found cached RTLIL representation for module `$paramod\GTP_LUT4D\INIT=16'0111000101101001'.
Parameter \INIT = 16'1101010010010110
Found cached RTLIL representation for module `$paramod\GTP_LUT4D\INIT=16'1101010010010110'.
Parameter \INIT = 16'1000111010010110
Found cached RTLIL representation for module `$paramod\GTP_LUT4D\INIT=16'1000111010010110'.
Parameter \INIT = 16'1011001010010110
Found cached RTLIL representation for module `$paramod\GTP_LUT4D\INIT=16'1011001010010110'.
Parameter \INIT = 16'1101010010010110
Found cached RTLIL representation for module `$paramod\GTP_LUT4D\INIT=16'1101010010010110'.
Parameter \INIT = 16'0111000101101001
Found cached RTLIL representation for module `$paramod\GTP_LUT4D\INIT=16'0111000101101001'.
Parameter \INIT = 16'0110100100101011
Found cached RTLIL representation for module `$paramod\GTP_LUT4D\INIT=16'0110100100101011'.
Parameter \INIT = 16'1101010010010110
Found cached RTLIL representation for module `$paramod\GTP_LUT4D\INIT=16'1101010010010110'.
Parameter \INIT = 16'1101010010010110
Found cached RTLIL representation for module `$paramod\GTP_LUT4D\INIT=16'1101010010010110'.
Parameter \INIT = 16'1101010010010110
Found cached RTLIL representation for module `$paramod\GTP_LUT4D\INIT=16'1101010010010110'.
Parameter \INIT = 16'0111000101101001
Found cached RTLIL representation for module `$paramod\GTP_LUT4D\INIT=16'0111000101101001'.
Parameter \INIT = 16'0100110101101001
Found cached RTLIL representation for module `$paramod\GTP_LUT4D\INIT=16'0100110101101001'.
Parameter \INIT = 16'1101010010010110
Found cached RTLIL representation for module `$paramod\GTP_LUT4D\INIT=16'1101010010010110'.
Parameter \INIT = 16'1101010010010110
Found cached RTLIL representation for module `$paramod\GTP_LUT4D\INIT=16'1101010010010110'.
Parameter \INIT = 16'1011001010010110
Found cached RTLIL representation for module `$paramod\GTP_LUT4D\INIT=16'1011001010010110'.
Parameter \INIT = 16'0111000101101001
Found cached RTLIL representation for module `$paramod\GTP_LUT4D\INIT=16'0111000101101001'.
Parameter \INIT = 16'0010101101101001
Found cached RTLIL representation for module `$paramod\GTP_LUT4D\INIT=16'0010101101101001'.
Parameter \INIT = 16'0100110101101001
Found cached RTLIL representation for module `$paramod\GTP_LUT4D\INIT=16'0100110101101001'.
Parameter \INIT = 16'0111000101101001
Found cached RTLIL representation for module `$paramod\GTP_LUT4D\INIT=16'0111000101101001'.
Parameter \INIT = 16'0111000101101001
Found cached RTLIL representation for module `$paramod\GTP_LUT4D\INIT=16'0111000101101001'.
Parameter \INIT = 16'0111000101101001
Found cached RTLIL representation for module `$paramod\GTP_LUT4D\INIT=16'0111000101101001'.
Parameter \INIT = 16'0111000101101001
Found cached RTLIL representation for module `$paramod\GTP_LUT4D\INIT=16'0111000101101001'.
Parameter \INIT = 16'0100110101101001
Found cached RTLIL representation for module `$paramod\GTP_LUT4D\INIT=16'0100110101101001'.
Parameter \INIT = 16'0111000101101001
Found cached RTLIL representation for module `$paramod\GTP_LUT4D\INIT=16'0111000101101001'.
Parameter \INIT = 16'0111000101101001
Found cached RTLIL representation for module `$paramod\GTP_LUT4D\INIT=16'0111000101101001'.
Parameter \INIT = 16'1101010010010110
Found cached RTLIL representation for module `$paramod\GTP_LUT4D\INIT=16'1101010010010110'.
Parameter \INIT = 16'0111000101101001
Found cached RTLIL representation for module `$paramod\GTP_LUT4D\INIT=16'0111000101101001'.
Parameter \INIT = 16'1101010010010110
Found cached RTLIL representation for module `$paramod\GTP_LUT4D\INIT=16'1101010010010110'.
Parameter \INIT = 16'1000111010010110
Found cached RTLIL representation for module `$paramod\GTP_LUT4D\INIT=16'1000111010010110'.
Parameter \INIT = 64'0110101011000000011010101100000011110000111100000000000000000000
Found cached RTLIL representation for module `$paramod$af22ef23bab0aa788c207964bf3e77f8e1bb7b4f\GTP_LUT6D'.
Parameter \INIT = 64'1000100001110111011101111000100011000000110000001100000011000000
Found cached RTLIL representation for module `$paramod$a5a677ff7916f9fc6c86f4d55ecd506fcbea36f3\GTP_LUT6D'.
Parameter \INIT = 64'0000000001011111010111111111111110001000100010001000100010001000
Found cached RTLIL representation for module `$paramod$9430417ab359a9039892304443ef406f18cd01a1\GTP_LUT6D'.
Parameter \INIT = 64'0110110010100000110011000000000010101010000000001010101000000000

3.345. Executing AST frontend in derive mode using pre-parsed AST for module `\GTP_LUT6D'.
Parameter \INIT = 64'0110110010100000110011000000000010101010000000001010101000000000
Generating RTLIL representation for module `$paramod$561864b2a1657646751c30c1591a22a6f6c15c99\GTP_LUT6D'.
Parameter \INIT = 64'0111011111111111100010000000000011000000110000001100000011000000

3.346. Executing AST frontend in derive mode using pre-parsed AST for module `\GTP_LUT6D'.
Parameter \INIT = 64'0111011111111111100010000000000011000000110000001100000011000000
Generating RTLIL representation for module `$paramod$beea3bfbba2712cedeaa818584f241f2d2d9b563\GTP_LUT6D'.
Parameter \INIT = 64'0110101011000000011010101100000011101010110000001000000000000000

3.347. Executing AST frontend in derive mode using pre-parsed AST for module `\GTP_LUT6D'.
Parameter \INIT = 64'0110101011000000011010101100000011101010110000001000000000000000
Generating RTLIL representation for module `$paramod$6a368736056b4ce04ae6c2fc9294f58ee131124f\GTP_LUT6D'.
Parameter \INIT = 64'1111100010000000100010000000000000000111011111110111011111111111

3.348. Executing AST frontend in derive mode using pre-parsed AST for module `\GTP_LUT6D'.
Parameter \INIT = 64'1111100010000000100010000000000000000111011111110111011111111111
Generating RTLIL representation for module `$paramod$5335c1dc0b95d0eb75a29f0a65ca642575fd6f6b\GTP_LUT6D'.
Parameter \INIT = 64'1001010100111111011010101100000000010101001111110111111111111111
Found cached RTLIL representation for module `$paramod$d3f159cf0373ef6711fc8766cf52f2ac4bf9af84\GTP_LUT6D'.
Parameter \INIT = 64'1001010100111111011010101100000000010101001111110111111111111111
Found cached RTLIL representation for module `$paramod$d3f159cf0373ef6711fc8766cf52f2ac4bf9af84\GTP_LUT6D'.
Parameter \INIT = 64'0110110010010011100100110110110011111111100100111001001100000000
Found cached RTLIL representation for module `$paramod$6396d0107fe3b706ad37341f5caa5a154867ec28\GTP_LUT6D'.
Parameter \INIT = 64'0011110011001100111100000000000010101010101010100000000000000000
Found cached RTLIL representation for module `$paramod$566893ffd303b33ffbd173cc2eaffc66d9f94941\GTP_LUT6D'.
Parameter \INIT = 32'10101010000000000110110001101100

3.349. Executing AST frontend in derive mode using pre-parsed AST for module `\GTP_LUT5D'.
Parameter \INIT = 32'10101010000000000110110001101100
Generating RTLIL representation for module `$paramod\GTP_LUT5D\INIT=32'10101010000000000110110001101100'.
Parameter \INIT = 64'1000000010000000000000000000000010001000000000001000100000000000

3.350. Executing AST frontend in derive mode using pre-parsed AST for module `\GTP_LUT6D'.
Parameter \INIT = 64'1000000010000000000000000000000010001000000000001000100000000000
Generating RTLIL representation for module `$paramod$e17f264fb540b58f01e85780e3b1191022ce5373\GTP_LUT6D'.
Parameter \INIT = 64'0101101010101010111100000000000001101100011011000110110001101100

3.351. Executing AST frontend in derive mode using pre-parsed AST for module `\GTP_LUT6D'.
Parameter \INIT = 64'0101101010101010111100000000000001101100011011000110110001101100
Generating RTLIL representation for module `$paramod$235d75f93174a80de048cce9d43f7f7fd8c8aa26\GTP_LUT6D'.
Parameter \INIT = 1791020032

3.352. Executing AST frontend in derive mode using pre-parsed AST for module `\GTP_LUT5D'.
Parameter \INIT = 1791020032
Generating RTLIL representation for module `$paramod\GTP_LUT5D\INIT=32'01101010110000001100110000000000'.
Parameter \INIT = 32'10000000000000001100110000000000

3.353. Executing AST frontend in derive mode using pre-parsed AST for module `\GTP_LUT5D'.
Parameter \INIT = 32'10000000000000001100110000000000
Generating RTLIL representation for module `$paramod\GTP_LUT5D\INIT=32'10000000000000001100110000000000'.
Parameter \INIT = 64'0111111111111111100000000000000010000000000000001000000000000000

3.354. Executing AST frontend in derive mode using pre-parsed AST for module `\GTP_LUT6D'.
Parameter \INIT = 64'0111111111111111100000000000000010000000000000001000000000000000
Generating RTLIL representation for module `$paramod$4bcbb3ff94202bff8b7376bf018df708a5f24318\GTP_LUT6D'.
Parameter \INIT = 64'1111111111110000111100000000000010001000100010001000100010001000
Found cached RTLIL representation for module `$paramod$e4e5b67231108e709a187bcfb373463f5de7a246\GTP_LUT6D'.
Parameter \INIT = 64'0110101011000000011010101100000000010101001111110111111111111111
Found cached RTLIL representation for module `$paramod$8b95486dd31309f669b1b73886d3ef23068773a8\GTP_LUT6D'.
Parameter \INIT = 64'0000111111110000111100000000111110001000100010001000100010001000
Found cached RTLIL representation for module `$paramod$14425f3d821efef51dbe5c5f0b596f30e385f326\GTP_LUT6D'.
Parameter \INIT = 64'1111000000001111000011111111000010001000100010001000100010001000

3.355. Executing AST frontend in derive mode using pre-parsed AST for module `\GTP_LUT6D'.
Parameter \INIT = 64'1111000000001111000011111111000010001000100010001000100010001000
Generating RTLIL representation for module `$paramod$f9f00afb02a2e5c11ef330efdbc5df728bc85de2\GTP_LUT6D'.
Parameter \INIT = 64'0000111111110000111100000000111110001000100010001000100010001000
Found cached RTLIL representation for module `$paramod$14425f3d821efef51dbe5c5f0b596f30e385f326\GTP_LUT6D'.
Parameter \INIT = 64'0000111111110000111100000000111110001000100010001000100010001000
Found cached RTLIL representation for module `$paramod$14425f3d821efef51dbe5c5f0b596f30e385f326\GTP_LUT6D'.
Parameter \INIT = 64'0110100101101001011010010110100111111111000000000000000011111111

3.356. Executing AST frontend in derive mode using pre-parsed AST for module `\GTP_LUT6D'.
Parameter \INIT = 64'0110100101101001011010010110100111111111000000000000000011111111
Generating RTLIL representation for module `$paramod$a82c0463d02540e0a7f9784e5ed52a4e3e5a5699\GTP_LUT6D'.
Parameter \INIT = 64'1001011010010110100101101001011000000000111111111111111100000000

3.357. Executing AST frontend in derive mode using pre-parsed AST for module `\GTP_LUT6D'.
Parameter \INIT = 64'1001011010010110100101101001011000000000111111111111111100000000
Generating RTLIL representation for module `$paramod$5dddb8a83a7958c91cd8b8f4cb13a2876beffa27\GTP_LUT6D'.
Parameter \INIT = 32'10010110011010011101010001110001
Found cached RTLIL representation for module `$paramod\GTP_LUT5D\INIT=32'10010110011010011101010001110001'.
Parameter \INIT = 64'1001100101101001011010010110011011011101010011010100110101000100

3.358. Executing AST frontend in derive mode using pre-parsed AST for module `\GTP_LUT6D'.
Parameter \INIT = 64'1001100101101001011010010110011011011101010011010100110101000100
Generating RTLIL representation for module `$paramod$11ea9539faeab8ad6397592aa229b4fd37b37e9c\GTP_LUT6D'.
Parameter \INIT = 64'0110100110011001011001100110100100101011101110110010001000101011

3.359. Executing AST frontend in derive mode using pre-parsed AST for module `\GTP_LUT6D'.
Parameter \INIT = 64'0110100110011001011001100110100100101011101110110010001000101011
Generating RTLIL representation for module `$paramod$2fb6dc72bc766eb954a0f7f1e34ff4c3b27d631e\GTP_LUT6D'.
Parameter \INIT = 16'0110100111101000
Found cached RTLIL representation for module `$paramod\GTP_LUT4D\INIT=16'0110100111101000'.
Parameter \INIT = 64'0111111111111111000101010011111101101010110000001001010100111111
Found cached RTLIL representation for module `$paramod$ca2e21474a4c028594c2444a9e1b94681ef0f12f\GTP_LUT6D'.
Parameter \INIT = 64'0110011001101001011010011001100101000100010011010100110111011101

3.360. Executing AST frontend in derive mode using pre-parsed AST for module `\GTP_LUT6D'.
Parameter \INIT = 64'0110011001101001011010011001100101000100010011010100110111011101
Generating RTLIL representation for module `$paramod$617a130b4f226e4fce22bd8bfec7b9f988b7dd0c\GTP_LUT6D'.
Parameter \INIT = 64'1111111101111111000000000111111111111111000000000000000011111111

3.361. Executing AST frontend in derive mode using pre-parsed AST for module `\GTP_LUT6D'.
Parameter \INIT = 64'1111111101111111000000000111111111111111000000000000000011111111
Generating RTLIL representation for module `$paramod$f4ed46341bbc5250de7c79a96d24ab98122da13f\GTP_LUT6D'.
Parameter \INIT = 64'1001100110010110100101100110011011011101110101001101010001000100
Found cached RTLIL representation for module `$paramod$afd702b370dad90986d74142999e9939237fd44c\GTP_LUT6D'.
Parameter \INIT = 16'0110100101001101
Found cached RTLIL representation for module `$paramod\GTP_LUT4D\INIT=16'0110100101001101'.
Parameter \INIT = 64'0110100110011001011001100110100101001101110111010100010001001101

3.362. Executing AST frontend in derive mode using pre-parsed AST for module `\GTP_LUT6D'.
Parameter \INIT = 64'0110100110011001011001100110100101001101110111010100010001001101
Generating RTLIL representation for module `$paramod$2fc747a06aa02c9c0e31445ea2ca6f13df4d8df1\GTP_LUT6D'.
Parameter \INIT = 64'0110011001101001011010011001100111101110111010001110100010001000
Found cached RTLIL representation for module `$paramod$f9cb7f213667efa119b8ddbb82e8309daa46ee87\GTP_LUT6D'.
Parameter \INIT = 16'1001011011010100
Found cached RTLIL representation for module `$paramod\GTP_LUT4D\INIT=16'1001011011010100'.
Parameter \INIT = 64'1111111110010011100100110000000001101100100100111001001101101100
Found cached RTLIL representation for module `$paramod$f5013d9c3e7a0b480e544a5c4736bd034ec28e09\GTP_LUT6D'.
Parameter \INIT = 16'1001011000010111
Found cached RTLIL representation for module `$paramod\GTP_LUT4D\INIT=16'1001011000010111'.
Parameter \INIT = 16'0110100111101000
Found cached RTLIL representation for module `$paramod\GTP_LUT4D\INIT=16'0110100111101000'.
Parameter \INIT = 16'0110100101110001
Found cached RTLIL representation for module `$paramod\GTP_LUT4D\INIT=16'0110100101110001'.
Parameter \INIT = 16'1001011000010111
Found cached RTLIL representation for module `$paramod\GTP_LUT4D\INIT=16'1001011000010111'.
Parameter \INIT = 16'1001011011010100
Found cached RTLIL representation for module `$paramod\GTP_LUT4D\INIT=16'1001011011010100'.
Parameter \INIT = 16'1001011000010111
Found cached RTLIL representation for module `$paramod\GTP_LUT4D\INIT=16'1001011000010111'.
Parameter \INIT = 16'0110100111101000
Found cached RTLIL representation for module `$paramod\GTP_LUT4D\INIT=16'0110100111101000'.
Parameter \INIT = 16'0110100101110001
Found cached RTLIL representation for module `$paramod\GTP_LUT4D\INIT=16'0110100101110001'.
Parameter \INIT = 16'0010101101101001
Found cached RTLIL representation for module `$paramod\GTP_LUT4D\INIT=16'0010101101101001'.
Parameter \INIT = 16'0110100101110001
Found cached RTLIL representation for module `$paramod\GTP_LUT4D\INIT=16'0110100101110001'.
Parameter \INIT = 16'0110100101110001
Found cached RTLIL representation for module `$paramod\GTP_LUT4D\INIT=16'0110100101110001'.
Parameter \INIT = 16'1101010010010110
Found cached RTLIL representation for module `$paramod\GTP_LUT4D\INIT=16'1101010010010110'.
Parameter \INIT = 16'1001011011010100
Found cached RTLIL representation for module `$paramod\GTP_LUT4D\INIT=16'1001011011010100'.
Parameter \INIT = 16'0110100101110001
Found cached RTLIL representation for module `$paramod\GTP_LUT4D\INIT=16'0110100101110001'.
Parameter \INIT = 16'0110100101110001
Found cached RTLIL representation for module `$paramod\GTP_LUT4D\INIT=16'0110100101110001'.
Parameter \INIT = 16'1001011011010100
Found cached RTLIL representation for module `$paramod\GTP_LUT4D\INIT=16'1001011011010100'.
Parameter \INIT = 16'1001011010110010
Found cached RTLIL representation for module `$paramod\GTP_LUT4D\INIT=16'1001011010110010'.
Parameter \INIT = 16'1110100001101001
Found cached RTLIL representation for module `$paramod\GTP_LUT4D\INIT=16'1110100001101001'.
Parameter \INIT = 16'0110100101110001
Found cached RTLIL representation for module `$paramod\GTP_LUT4D\INIT=16'0110100101110001'.
Parameter \INIT = 16'1101010010010110
Found cached RTLIL representation for module `$paramod\GTP_LUT4D\INIT=16'1101010010010110'.
Parameter \INIT = 16'0110100101110001
Found cached RTLIL representation for module `$paramod\GTP_LUT4D\INIT=16'0110100101110001'.
Parameter \INIT = 16'0110100101110001
Found cached RTLIL representation for module `$paramod\GTP_LUT4D\INIT=16'0110100101110001'.
Parameter \INIT = 16'0110100101110001
Found cached RTLIL representation for module `$paramod\GTP_LUT4D\INIT=16'0110100101110001'.
Parameter \INIT = 16'0110100101001101
Found cached RTLIL representation for module `$paramod\GTP_LUT4D\INIT=16'0110100101001101'.
Parameter \INIT = 16'1001011000010111
Found cached RTLIL representation for module `$paramod\GTP_LUT4D\INIT=16'1001011000010111'.
Parameter \INIT = 16'0110100101001101
Found cached RTLIL representation for module `$paramod\GTP_LUT4D\INIT=16'0110100101001101'.
Parameter \INIT = 16'0110100101110001
Found cached RTLIL representation for module `$paramod\GTP_LUT4D\INIT=16'0110100101110001'.
Parameter \INIT = 16'0110100101110001
Found cached RTLIL representation for module `$paramod\GTP_LUT4D\INIT=16'0110100101110001'.
Parameter \INIT = 16'0110100101110001
Found cached RTLIL representation for module `$paramod\GTP_LUT4D\INIT=16'0110100101110001'.
Parameter \INIT = 16'1001011011010100
Found cached RTLIL representation for module `$paramod\GTP_LUT4D\INIT=16'1001011011010100'.
Parameter \INIT = 64'1111111110000111100001110000000001111000100001111000011101111000
Found cached RTLIL representation for module `$paramod$e5317fe5e4c687f8256f96c40ff52d44222ab61c\GTP_LUT6D'.
Parameter \INIT = 16'1001011011010100
Found cached RTLIL representation for module `$paramod\GTP_LUT4D\INIT=16'1001011011010100'.
Parameter \INIT = 16'1001011010110010
Found cached RTLIL representation for module `$paramod\GTP_LUT4D\INIT=16'1001011010110010'.
Parameter \INIT = 16'1001011011010100
Found cached RTLIL representation for module `$paramod\GTP_LUT4D\INIT=16'1001011011010100'.
Parameter \INIT = 16'1101010010010110
Found cached RTLIL representation for module `$paramod\GTP_LUT4D\INIT=16'1101010010010110'.
Parameter \INIT = 16'1001011010110010
Found cached RTLIL representation for module `$paramod\GTP_LUT4D\INIT=16'1001011010110010'.
Parameter \INIT = 16'1110100001101001
Found cached RTLIL representation for module `$paramod\GTP_LUT4D\INIT=16'1110100001101001'.
Parameter \INIT = 64'1110111011101000111010001000100001100110011010010110100110011001
Found cached RTLIL representation for module `$paramod$b3bca92b941b3d50f7e0e81cda24110640603ffc\GTP_LUT6D'.
Parameter \INIT = 16'0001011110010110
Found cached RTLIL representation for module `$paramod\GTP_LUT4D\INIT=16'0001011110010110'.
Parameter \INIT = 16'0001011110010110
Found cached RTLIL representation for module `$paramod\GTP_LUT4D\INIT=16'0001011110010110'.
Parameter \INIT = 16'1001011011010100
Found cached RTLIL representation for module `$paramod\GTP_LUT4D\INIT=16'1001011011010100'.
Parameter \INIT = 16'1001011010110010
Found cached RTLIL representation for module `$paramod\GTP_LUT4D\INIT=16'1001011010110010'.
Parameter \INIT = 16'1001011011010100
Found cached RTLIL representation for module `$paramod\GTP_LUT4D\INIT=16'1001011011010100'.
Parameter \INIT = 16'1001011011010100
Found cached RTLIL representation for module `$paramod\GTP_LUT4D\INIT=16'1001011011010100'.
Parameter \INIT = 16'1110100001101001
Found cached RTLIL representation for module `$paramod\GTP_LUT4D\INIT=16'1110100001101001'.
Parameter \INIT = 16'1011001010010110
Found cached RTLIL representation for module `$paramod\GTP_LUT4D\INIT=16'1011001010010110'.
Parameter \INIT = 16'0001011110010110
Found cached RTLIL representation for module `$paramod\GTP_LUT4D\INIT=16'0001011110010110'.
Parameter \INIT = 16'0111000101101001
Found cached RTLIL representation for module `$paramod\GTP_LUT4D\INIT=16'0111000101101001'.
Parameter \INIT = 16'1001100111010100

3.363. Executing AST frontend in derive mode using pre-parsed AST for module `\GTP_LUT4D'.
Parameter \INIT = 16'1001100111010100
Generating RTLIL representation for module `$paramod\GTP_LUT4D\INIT=16'1001100111010100'.
Parameter \INIT = 64'1011001000100010101110111011001010010110011001101001100110010110
Found cached RTLIL representation for module `$paramod$e5468bc1998948aab1f109c48abb89fc9285fa6f\GTP_LUT6D'.
Parameter \INIT = 16'1001011011010100
Found cached RTLIL representation for module `$paramod\GTP_LUT4D\INIT=16'1001011011010100'.
Parameter \INIT = 16'0010101101101001
Found cached RTLIL representation for module `$paramod\GTP_LUT4D\INIT=16'0010101101101001'.
Parameter \INIT = 16'1101010010010110
Found cached RTLIL representation for module `$paramod\GTP_LUT4D\INIT=16'1101010010010110'.
Parameter \INIT = 16'0111000101101001
Found cached RTLIL representation for module `$paramod\GTP_LUT4D\INIT=16'0111000101101001'.
Parameter \INIT = 16'1101010010010110
Found cached RTLIL representation for module `$paramod\GTP_LUT4D\INIT=16'1101010010010110'.
Parameter \INIT = 16'0110100101110001
Found cached RTLIL representation for module `$paramod\GTP_LUT4D\INIT=16'0110100101110001'.
Parameter \INIT = 16'1001011010110010
Found cached RTLIL representation for module `$paramod\GTP_LUT4D\INIT=16'1001011010110010'.
Parameter \INIT = 16'0111000101101001
Found cached RTLIL representation for module `$paramod\GTP_LUT4D\INIT=16'0111000101101001'.
Parameter \INIT = 16'1001011011010100
Found cached RTLIL representation for module `$paramod\GTP_LUT4D\INIT=16'1001011011010100'.
Parameter \INIT = 16'1001011010110010
Found cached RTLIL representation for module `$paramod\GTP_LUT4D\INIT=16'1001011010110010'.
Parameter \INIT = 16'1001011011010100
Found cached RTLIL representation for module `$paramod\GTP_LUT4D\INIT=16'1001011011010100'.
Parameter \INIT = 16'0110100100101011
Found cached RTLIL representation for module `$paramod\GTP_LUT4D\INIT=16'0110100100101011'.
Parameter \INIT = 16'1001011011010100
Found cached RTLIL representation for module `$paramod\GTP_LUT4D\INIT=16'1001011011010100'.
Parameter \INIT = 16'1001011011010100
Found cached RTLIL representation for module `$paramod\GTP_LUT4D\INIT=16'1001011011010100'.
Parameter \INIT = 16'0110100101110001
Found cached RTLIL representation for module `$paramod\GTP_LUT4D\INIT=16'0110100101110001'.
Parameter \INIT = 16'1001011011010100
Found cached RTLIL representation for module `$paramod\GTP_LUT4D\INIT=16'1001011011010100'.
Parameter \INIT = 16'0110100101001101
Found cached RTLIL representation for module `$paramod\GTP_LUT4D\INIT=16'0110100101001101'.
Parameter \INIT = 16'0110100101110001
Found cached RTLIL representation for module `$paramod\GTP_LUT4D\INIT=16'0110100101110001'.
Parameter \INIT = 16'0111000101101001
Found cached RTLIL representation for module `$paramod\GTP_LUT4D\INIT=16'0111000101101001'.
Parameter \INIT = 16'0110100101110001
Found cached RTLIL representation for module `$paramod\GTP_LUT4D\INIT=16'0110100101110001'.
Parameter \INIT = 16'0111000101101001
Found cached RTLIL representation for module `$paramod\GTP_LUT4D\INIT=16'0111000101101001'.
Parameter \INIT = 16'0111000101101001
Found cached RTLIL representation for module `$paramod\GTP_LUT4D\INIT=16'0111000101101001'.
Parameter \INIT = 16'1001011010110010
Found cached RTLIL representation for module `$paramod\GTP_LUT4D\INIT=16'1001011010110010'.
Parameter \INIT = 16'1001011010001110
Found cached RTLIL representation for module `$paramod\GTP_LUT4D\INIT=16'1001011010001110'.
Parameter \INIT = 16'0111000101101001
Found cached RTLIL representation for module `$paramod\GTP_LUT4D\INIT=16'0111000101101001'.
Parameter \INIT = 16'0111000101101001
Found cached RTLIL representation for module `$paramod\GTP_LUT4D\INIT=16'0111000101101001'.
Parameter \INIT = 16'0111000101101001
Found cached RTLIL representation for module `$paramod\GTP_LUT4D\INIT=16'0111000101101001'.
Parameter \INIT = 16'1001011011010100
Found cached RTLIL representation for module `$paramod\GTP_LUT4D\INIT=16'1001011011010100'.
Parameter \INIT = 16'0111000101101001
Found cached RTLIL representation for module `$paramod\GTP_LUT4D\INIT=16'0111000101101001'.
Parameter \INIT = 16'0111000101101001
Found cached RTLIL representation for module `$paramod\GTP_LUT4D\INIT=16'0111000101101001'.
Parameter \INIT = 16'0111000101101001
Found cached RTLIL representation for module `$paramod\GTP_LUT4D\INIT=16'0111000101101001'.
Parameter \INIT = 16'0110100101001101
Found cached RTLIL representation for module `$paramod\GTP_LUT4D\INIT=16'0110100101001101'.
Parameter \INIT = 16'0110100101110001
Found cached RTLIL representation for module `$paramod\GTP_LUT4D\INIT=16'0110100101110001'.
Parameter \INIT = 16'0100110101101001
Found cached RTLIL representation for module `$paramod\GTP_LUT4D\INIT=16'0100110101101001'.
Parameter \INIT = 16'1001011000010111
Found cached RTLIL representation for module `$paramod\GTP_LUT4D\INIT=16'1001011000010111'.
Parameter \INIT = 16'0110100101001101
Found cached RTLIL representation for module `$paramod\GTP_LUT4D\INIT=16'0110100101001101'.
Parameter \INIT = 16'1001011011010100
Found cached RTLIL representation for module `$paramod\GTP_LUT4D\INIT=16'1001011011010100'.
Parameter \INIT = 16'0110100100101011
Found cached RTLIL representation for module `$paramod\GTP_LUT4D\INIT=16'0110100100101011'.
Parameter \INIT = 16'0111000101101001
Found cached RTLIL representation for module `$paramod\GTP_LUT4D\INIT=16'0111000101101001'.
Parameter \INIT = 16'1001011010110010
Found cached RTLIL representation for module `$paramod\GTP_LUT4D\INIT=16'1001011010110010'.
Parameter \INIT = 16'0111000101101001
Found cached RTLIL representation for module `$paramod\GTP_LUT4D\INIT=16'0111000101101001'.
Parameter \INIT = 16'1001011010001110
Found cached RTLIL representation for module `$paramod\GTP_LUT4D\INIT=16'1001011010001110'.
Parameter \INIT = 16'0110100100101011
Found cached RTLIL representation for module `$paramod\GTP_LUT4D\INIT=16'0110100100101011'.
Parameter \INIT = 16'1001011010001110
Found cached RTLIL representation for module `$paramod\GTP_LUT4D\INIT=16'1001011010001110'.
Parameter \INIT = 16'1001011010110010
Found cached RTLIL representation for module `$paramod\GTP_LUT4D\INIT=16'1001011010110010'.
Parameter \INIT = 16'0100110101101001
Found cached RTLIL representation for module `$paramod\GTP_LUT4D\INIT=16'0100110101101001'.
Parameter \INIT = 16'0111000101101001
Found cached RTLIL representation for module `$paramod\GTP_LUT4D\INIT=16'0111000101101001'.
Parameter \INIT = 16'0100110101101001
Found cached RTLIL representation for module `$paramod\GTP_LUT4D\INIT=16'0100110101101001'.
Parameter \INIT = 16'1101010010010110
Found cached RTLIL representation for module `$paramod\GTP_LUT4D\INIT=16'1101010010010110'.
Parameter \INIT = 16'1001011011010100
Found cached RTLIL representation for module `$paramod\GTP_LUT4D\INIT=16'1001011011010100'.
Parameter \INIT = 16'1101010010010110
Found cached RTLIL representation for module `$paramod\GTP_LUT4D\INIT=16'1101010010010110'.
Parameter \INIT = 16'1001011010110010
Found cached RTLIL representation for module `$paramod\GTP_LUT4D\INIT=16'1001011010110010'.
Parameter \INIT = 16'0110100101110001
Found cached RTLIL representation for module `$paramod\GTP_LUT4D\INIT=16'0110100101110001'.
Parameter \INIT = 16'0111000101101001
Found cached RTLIL representation for module `$paramod\GTP_LUT4D\INIT=16'0111000101101001'.
Parameter \INIT = 16'1000111010010110
Found cached RTLIL representation for module `$paramod\GTP_LUT4D\INIT=16'1000111010010110'.
Parameter \INIT = 16'0110100101110001
Found cached RTLIL representation for module `$paramod\GTP_LUT4D\INIT=16'0110100101110001'.
Parameter \INIT = 16'0111000101101001
Found cached RTLIL representation for module `$paramod\GTP_LUT4D\INIT=16'0111000101101001'.
Parameter \INIT = 16'1011001010010110
Found cached RTLIL representation for module `$paramod\GTP_LUT4D\INIT=16'1011001010010110'.
Parameter \INIT = 16'0100110101101001
Found cached RTLIL representation for module `$paramod\GTP_LUT4D\INIT=16'0100110101101001'.
Parameter \INIT = 16'0100110101101001
Found cached RTLIL representation for module `$paramod\GTP_LUT4D\INIT=16'0100110101101001'.
Parameter \INIT = 16'1101010010010110
Found cached RTLIL representation for module `$paramod\GTP_LUT4D\INIT=16'1101010010010110'.
Parameter \INIT = 16'0111000101101001
Found cached RTLIL representation for module `$paramod\GTP_LUT4D\INIT=16'0111000101101001'.
Parameter \INIT = 16'0110100101001101
Found cached RTLIL representation for module `$paramod\GTP_LUT4D\INIT=16'0110100101001101'.
Parameter \INIT = 16'0110100101110001
Found cached RTLIL representation for module `$paramod\GTP_LUT4D\INIT=16'0110100101110001'.
Parameter \INIT = 16'1000111010010110
Found cached RTLIL representation for module `$paramod\GTP_LUT4D\INIT=16'1000111010010110'.
Parameter \INIT = 16'0100110101101001
Found cached RTLIL representation for module `$paramod\GTP_LUT4D\INIT=16'0100110101101001'.
Parameter \INIT = 16'0111000101101001
Found cached RTLIL representation for module `$paramod\GTP_LUT4D\INIT=16'0111000101101001'.
Parameter \INIT = 16'0100110101101001
Found cached RTLIL representation for module `$paramod\GTP_LUT4D\INIT=16'0100110101101001'.
Parameter \INIT = 16'1101010010010110
Found cached RTLIL representation for module `$paramod\GTP_LUT4D\INIT=16'1101010010010110'.
Parameter \INIT = 16'0111000101101001
Found cached RTLIL representation for module `$paramod\GTP_LUT4D\INIT=16'0111000101101001'.
Parameter \INIT = 16'1011001010010110
Found cached RTLIL representation for module `$paramod\GTP_LUT4D\INIT=16'1011001010010110'.
Parameter \INIT = 16'0111000101101001
Found cached RTLIL representation for module `$paramod\GTP_LUT4D\INIT=16'0111000101101001'.
Parameter \INIT = 16'1000111010010110
Found cached RTLIL representation for module `$paramod\GTP_LUT4D\INIT=16'1000111010010110'.
Parameter \INIT = 16'1011001010010110
Found cached RTLIL representation for module `$paramod\GTP_LUT4D\INIT=16'1011001010010110'.
Parameter \INIT = 16'0111000101101001
Found cached RTLIL representation for module `$paramod\GTP_LUT4D\INIT=16'0111000101101001'.
Parameter \INIT = 16'0100110101101001
Found cached RTLIL representation for module `$paramod\GTP_LUT4D\INIT=16'0100110101101001'.
Parameter \INIT = 16'0111000101101001
Found cached RTLIL representation for module `$paramod\GTP_LUT4D\INIT=16'0111000101101001'.
Parameter \INIT = 16'1011001010010110
Found cached RTLIL representation for module `$paramod\GTP_LUT4D\INIT=16'1011001010010110'.
Parameter \INIT = 16'1011001010010110
Found cached RTLIL representation for module `$paramod\GTP_LUT4D\INIT=16'1011001010010110'.
Parameter \INIT = 16'1101010010010110
Found cached RTLIL representation for module `$paramod\GTP_LUT4D\INIT=16'1101010010010110'.
Parameter \INIT = 16'0111000101101001
Found cached RTLIL representation for module `$paramod\GTP_LUT4D\INIT=16'0111000101101001'.
Parameter \INIT = 16'1101010010010110
Found cached RTLIL representation for module `$paramod\GTP_LUT4D\INIT=16'1101010010010110'.
Parameter \INIT = 16'0100110101101001
Found cached RTLIL representation for module `$paramod\GTP_LUT4D\INIT=16'0100110101101001'.
Parameter \INIT = 16'0111000101101001
Found cached RTLIL representation for module `$paramod\GTP_LUT4D\INIT=16'0111000101101001'.
Parameter \INIT = 16'1101010010010110
Found cached RTLIL representation for module `$paramod\GTP_LUT4D\INIT=16'1101010010010110'.
Parameter \INIT = 16'0111000101101001
Found cached RTLIL representation for module `$paramod\GTP_LUT4D\INIT=16'0111000101101001'.
Parameter \INIT = 16'0111000101101001
Found cached RTLIL representation for module `$paramod\GTP_LUT4D\INIT=16'0111000101101001'.
Parameter \INIT = 16'1011001010010110
Found cached RTLIL representation for module `$paramod\GTP_LUT4D\INIT=16'1011001010010110'.
Parameter \INIT = 16'0111000101101001
Found cached RTLIL representation for module `$paramod\GTP_LUT4D\INIT=16'0111000101101001'.
Parameter \INIT = 16'0111000101101001
Found cached RTLIL representation for module `$paramod\GTP_LUT4D\INIT=16'0111000101101001'.
Parameter \INIT = 16'0111000101101001
Found cached RTLIL representation for module `$paramod\GTP_LUT4D\INIT=16'0111000101101001'.
Parameter \INIT = 16'0100110101101001
Found cached RTLIL representation for module `$paramod\GTP_LUT4D\INIT=16'0100110101101001'.
Parameter \INIT = 16'0111000101101001
Found cached RTLIL representation for module `$paramod\GTP_LUT4D\INIT=16'0111000101101001'.
Parameter \INIT = 16'0001011110010110
Found cached RTLIL representation for module `$paramod\GTP_LUT4D\INIT=16'0001011110010110'.
Parameter \INIT = 16'1101010010010110
Found cached RTLIL representation for module `$paramod\GTP_LUT4D\INIT=16'1101010010010110'.
Parameter \INIT = 16'0111000101101001
Found cached RTLIL representation for module `$paramod\GTP_LUT4D\INIT=16'0111000101101001'.
Parameter \INIT = 16'0111000101101001
Found cached RTLIL representation for module `$paramod\GTP_LUT4D\INIT=16'0111000101101001'.
Parameter \INIT = 16'0110100101110001
Found cached RTLIL representation for module `$paramod\GTP_LUT4D\INIT=16'0110100101110001'.
Parameter \INIT = 16'0111000101101001
Found cached RTLIL representation for module `$paramod\GTP_LUT4D\INIT=16'0111000101101001'.
Parameter \INIT = 16'0111000101101001
Found cached RTLIL representation for module `$paramod\GTP_LUT4D\INIT=16'0111000101101001'.
Parameter \INIT = 16'0111000101101001
Found cached RTLIL representation for module `$paramod\GTP_LUT4D\INIT=16'0111000101101001'.
Parameter \INIT = 16'0111000101101001
Found cached RTLIL representation for module `$paramod\GTP_LUT4D\INIT=16'0111000101101001'.
Parameter \INIT = 16'0010101101101001
Found cached RTLIL representation for module `$paramod\GTP_LUT4D\INIT=16'0010101101101001'.
Parameter \INIT = 16'0111000101101001
Found cached RTLIL representation for module `$paramod\GTP_LUT4D\INIT=16'0111000101101001'.
Parameter \INIT = 16'0110100101001101
Found cached RTLIL representation for module `$paramod\GTP_LUT4D\INIT=16'0110100101001101'.
Parameter \INIT = 16'1011001010010110
Found cached RTLIL representation for module `$paramod\GTP_LUT4D\INIT=16'1011001010010110'.
Parameter \INIT = 16'1011001010010110
Found cached RTLIL representation for module `$paramod\GTP_LUT4D\INIT=16'1011001010010110'.
Parameter \INIT = 16'1011001010010110
Found cached RTLIL representation for module `$paramod\GTP_LUT4D\INIT=16'1011001010010110'.
Parameter \INIT = 16'0111000101101001
Found cached RTLIL representation for module `$paramod\GTP_LUT4D\INIT=16'0111000101101001'.
Parameter \INIT = 16'0111000101101001
Found cached RTLIL representation for module `$paramod\GTP_LUT4D\INIT=16'0111000101101001'.
Parameter \INIT = 16'0111000101101001
Found cached RTLIL representation for module `$paramod\GTP_LUT4D\INIT=16'0111000101101001'.
Parameter \INIT = 16'1101010010010110
Found cached RTLIL representation for module `$paramod\GTP_LUT4D\INIT=16'1101010010010110'.
Parameter \INIT = 16'0110100101110001
Found cached RTLIL representation for module `$paramod\GTP_LUT4D\INIT=16'0110100101110001'.
Parameter \INIT = 16'0111000101101001
Found cached RTLIL representation for module `$paramod\GTP_LUT4D\INIT=16'0111000101101001'.
Parameter \INIT = 16'0110100101001101
Found cached RTLIL representation for module `$paramod\GTP_LUT4D\INIT=16'0110100101001101'.
Parameter \INIT = 16'1001011010110010
Found cached RTLIL representation for module `$paramod\GTP_LUT4D\INIT=16'1001011010110010'.
Parameter \INIT = 16'1011001010010110
Found cached RTLIL representation for module `$paramod\GTP_LUT4D\INIT=16'1011001010010110'.
Parameter \INIT = 16'0111000101101001
Found cached RTLIL representation for module `$paramod\GTP_LUT4D\INIT=16'0111000101101001'.
Parameter \INIT = 16'0111000101101001
Found cached RTLIL representation for module `$paramod\GTP_LUT4D\INIT=16'0111000101101001'.
Parameter \INIT = 16'1101010010010110
Found cached RTLIL representation for module `$paramod\GTP_LUT4D\INIT=16'1101010010010110'.
Parameter \INIT = 16'0111000101101001
Found cached RTLIL representation for module `$paramod\GTP_LUT4D\INIT=16'0111000101101001'.
Parameter \INIT = 16'1000111010010110
Found cached RTLIL representation for module `$paramod\GTP_LUT4D\INIT=16'1000111010010110'.
Parameter \INIT = 16'0110100101110001
Found cached RTLIL representation for module `$paramod\GTP_LUT4D\INIT=16'0110100101110001'.
Parameter \INIT = 16'1001011010110010
Found cached RTLIL representation for module `$paramod\GTP_LUT4D\INIT=16'1001011010110010'.
Parameter \INIT = 16'0111000101101001
Found cached RTLIL representation for module `$paramod\GTP_LUT4D\INIT=16'0111000101101001'.
Parameter \INIT = 16'1101010010010110
Found cached RTLIL representation for module `$paramod\GTP_LUT4D\INIT=16'1101010010010110'.
Parameter \INIT = 16'1101010010010110
Found cached RTLIL representation for module `$paramod\GTP_LUT4D\INIT=16'1101010010010110'.
Parameter \INIT = 16'0111000101101001
Found cached RTLIL representation for module `$paramod\GTP_LUT4D\INIT=16'0111000101101001'.
Parameter \INIT = 16'0111000101101001
Found cached RTLIL representation for module `$paramod\GTP_LUT4D\INIT=16'0111000101101001'.
Parameter \INIT = 16'0110100101110001
Found cached RTLIL representation for module `$paramod\GTP_LUT4D\INIT=16'0110100101110001'.
Parameter \INIT = 16'1001011010001110
Found cached RTLIL representation for module `$paramod\GTP_LUT4D\INIT=16'1001011010001110'.
Parameter \INIT = 16'1011001010010110
Found cached RTLIL representation for module `$paramod\GTP_LUT4D\INIT=16'1011001010010110'.
Parameter \INIT = 16'1001011010110010
Found cached RTLIL representation for module `$paramod\GTP_LUT4D\INIT=16'1001011010110010'.
Parameter \INIT = 16'0110100100101011
Found cached RTLIL representation for module `$paramod\GTP_LUT4D\INIT=16'0110100100101011'.
Parameter \INIT = 16'1011001010010110
Found cached RTLIL representation for module `$paramod\GTP_LUT4D\INIT=16'1011001010010110'.
Parameter \INIT = 16'1101010010010110
Found cached RTLIL representation for module `$paramod\GTP_LUT4D\INIT=16'1101010010010110'.
Parameter \INIT = 16'1000111010010110
Found cached RTLIL representation for module `$paramod\GTP_LUT4D\INIT=16'1000111010010110'.
Parameter \INIT = 16'0110100101110001
Found cached RTLIL representation for module `$paramod\GTP_LUT4D\INIT=16'0110100101110001'.
Parameter \INIT = 16'1000111010010110
Found cached RTLIL representation for module `$paramod\GTP_LUT4D\INIT=16'1000111010010110'.
Parameter \INIT = 16'1101010010010110
Found cached RTLIL representation for module `$paramod\GTP_LUT4D\INIT=16'1101010010010110'.
Parameter \INIT = 16'1101010010010110
Found cached RTLIL representation for module `$paramod\GTP_LUT4D\INIT=16'1101010010010110'.
Parameter \INIT = 16'0111000101101001
Found cached RTLIL representation for module `$paramod\GTP_LUT4D\INIT=16'0111000101101001'.
Parameter \INIT = 16'0010101101101001
Found cached RTLIL representation for module `$paramod\GTP_LUT4D\INIT=16'0010101101101001'.
Parameter \INIT = 16'0110100101110001
Found cached RTLIL representation for module `$paramod\GTP_LUT4D\INIT=16'0110100101110001'.
Parameter \INIT = 16'1101010010010110
Found cached RTLIL representation for module `$paramod\GTP_LUT4D\INIT=16'1101010010010110'.
Parameter \INIT = 16'0110100101110001
Found cached RTLIL representation for module `$paramod\GTP_LUT4D\INIT=16'0110100101110001'.
Parameter \INIT = 16'0111000101101001
Found cached RTLIL representation for module `$paramod\GTP_LUT4D\INIT=16'0111000101101001'.
Parameter \INIT = 16'0110100101110001
Found cached RTLIL representation for module `$paramod\GTP_LUT4D\INIT=16'0110100101110001'.
Parameter \INIT = 16'0111000101101001
Found cached RTLIL representation for module `$paramod\GTP_LUT4D\INIT=16'0111000101101001'.
Parameter \INIT = 16'0111000101101001
Found cached RTLIL representation for module `$paramod\GTP_LUT4D\INIT=16'0111000101101001'.
Parameter \INIT = 16'0111000101101001
Found cached RTLIL representation for module `$paramod\GTP_LUT4D\INIT=16'0111000101101001'.
Parameter \INIT = 16'0111000101101001
Found cached RTLIL representation for module `$paramod\GTP_LUT4D\INIT=16'0111000101101001'.
Parameter \INIT = 16'0111000101101001
Found cached RTLIL representation for module `$paramod\GTP_LUT4D\INIT=16'0111000101101001'.
Parameter \INIT = 16'1101010010010110
Found cached RTLIL representation for module `$paramod\GTP_LUT4D\INIT=16'1101010010010110'.
Parameter \INIT = 32'11000000001111111000100010001000

3.364. Executing AST frontend in derive mode using pre-parsed AST for module `\GTP_LUT5D'.
Parameter \INIT = 32'11000000001111111000100010001000
Generating RTLIL representation for module `$paramod\GTP_LUT5D\INIT=32'11000000001111111000100010001000'.
Parameter \INIT = 32'10010110011010010101010110101010

3.365. Executing AST frontend in derive mode using pre-parsed AST for module `\GTP_LUT5D'.
Parameter \INIT = 32'10010110011010010101010110101010
Generating RTLIL representation for module `$paramod\GTP_LUT5D\INIT=32'10010110011010010101010110101010'.
Parameter \INIT = 64'0000000000001111111100001111111101100110011001100110011001100110

3.366. Executing AST frontend in derive mode using pre-parsed AST for module `\GTP_LUT6D'.
Parameter \INIT = 64'0000000000001111111100001111111101100110011001100110011001100110
Generating RTLIL representation for module `$paramod$ae2ac0e88ea2a877797ca01d513a61348a58193f\GTP_LUT6D'.
Parameter \INIT = 32'11101000100011100110100110010110
Found cached RTLIL representation for module `$paramod\GTP_LUT5D\INIT=32'11101000100011100110100110010110'.
Parameter \INIT = 64'1111000000001111000011111111000010001000100010001000100010001000
Found cached RTLIL representation for module `$paramod$f9f00afb02a2e5c11ef330efdbc5df728bc85de2\GTP_LUT6D'.
Parameter \INIT = 1771440543

3.367. Executing AST frontend in derive mode using pre-parsed AST for module `\GTP_LUT5D'.
Parameter \INIT = 1771440543
Generating RTLIL representation for module `$paramod\GTP_LUT5D\INIT=32'01101001100101100000100110011111'.
Parameter \INIT = 16'0110100111101000
Found cached RTLIL representation for module `$paramod\GTP_LUT4D\INIT=16'0110100111101000'.
Parameter \INIT = 64'1011001010110010101100101011001000000000000000001111111100000000

3.368. Executing AST frontend in derive mode using pre-parsed AST for module `\GTP_LUT6D'.
Parameter \INIT = 64'1011001010110010101100101011001000000000000000001111111100000000
Generating RTLIL representation for module `$paramod$2e3d7cb72f95cc27d216817ef36382d14e859b7f\GTP_LUT6D'.
Parameter \INIT = 64'1000011101111000011110001000011110000111111111110000000010000111

3.369. Executing AST frontend in derive mode using pre-parsed AST for module `\GTP_LUT6D'.
Parameter \INIT = 64'1000011101111000011110001000011110000111111111110000000010000111
Generating RTLIL representation for module `$paramod$f4d4a5713a4fcb2fbfa0d857d1e4a9fb3626d76f\GTP_LUT6D'.
Parameter \INIT = 64'0111111111111111000101010011111101101010110000001001010100111111
Found cached RTLIL representation for module `$paramod$ca2e21474a4c028594c2444a9e1b94681ef0f12f\GTP_LUT6D'.
Parameter \INIT = 64'0110011001101001011010011001100101000100010011010100110111011101
Found cached RTLIL representation for module `$paramod$617a130b4f226e4fce22bd8bfec7b9f988b7dd0c\GTP_LUT6D'.
Parameter \INIT = 16'1101010010010110
Found cached RTLIL representation for module `$paramod\GTP_LUT4D\INIT=16'1101010010010110'.
Parameter \INIT = 267413910

3.370. Executing AST frontend in derive mode using pre-parsed AST for module `\GTP_LUT5D'.
Parameter \INIT = 267413910
Generating RTLIL representation for module `$paramod\GTP_LUT5D\INIT=32'00001111111100000110100110010110'.
Parameter \INIT = 64'0110011010010110100101101001100101000100110101001101010011011101

3.371. Executing AST frontend in derive mode using pre-parsed AST for module `\GTP_LUT6D'.
Parameter \INIT = 64'0110011010010110100101101001100101000100110101001101010011011101
Generating RTLIL representation for module `$paramod$ee5df6e3da3e83e569d700d82fa2d99327d94809\GTP_LUT6D'.
Parameter \INIT = 16'1001011011010100
Found cached RTLIL representation for module `$paramod\GTP_LUT4D\INIT=16'1001011011010100'.
Parameter \INIT = 16'1001011010110010
Found cached RTLIL representation for module `$paramod\GTP_LUT4D\INIT=16'1001011010110010'.
Parameter \INIT = 16'0110100100101011
Found cached RTLIL representation for module `$paramod\GTP_LUT4D\INIT=16'0110100100101011'.
Parameter \INIT = 16'0111000101101001
Found cached RTLIL representation for module `$paramod\GTP_LUT4D\INIT=16'0111000101101001'.
Parameter \INIT = 1771497684

3.372. Executing AST frontend in derive mode using pre-parsed AST for module `\GTP_LUT5D'.
Parameter \INIT = 1771497684
Generating RTLIL representation for module `$paramod\GTP_LUT5D\INIT=32'01101001100101101110100011010100'.
Parameter \INIT = 16'0110100101110001
Found cached RTLIL representation for module `$paramod\GTP_LUT4D\INIT=16'0110100101110001'.
Parameter \INIT = 32'10010110011010011001111100001001

3.373. Executing AST frontend in derive mode using pre-parsed AST for module `\GTP_LUT5D'.
Parameter \INIT = 32'10010110011010011001111100001001
Generating RTLIL representation for module `$paramod\GTP_LUT5D\INIT=32'10010110011010011001111100001001'.
Parameter \INIT = 16'1000111010010110
Found cached RTLIL representation for module `$paramod\GTP_LUT4D\INIT=16'1000111010010110'.
Parameter \INIT = 16'1001011010001110
Found cached RTLIL representation for module `$paramod\GTP_LUT4D\INIT=16'1001011010001110'.
Parameter \INIT = 16'1101010010010110
Found cached RTLIL representation for module `$paramod\GTP_LUT4D\INIT=16'1101010010010110'.
Parameter \INIT = 16'0111000101101001
Found cached RTLIL representation for module `$paramod\GTP_LUT4D\INIT=16'0111000101101001'.
Parameter \INIT = 16'1001011011010100
Found cached RTLIL representation for module `$paramod\GTP_LUT4D\INIT=16'1001011011010100'.
Parameter \INIT = 16'0110100101110001
Found cached RTLIL representation for module `$paramod\GTP_LUT4D\INIT=16'0110100101110001'.
Parameter \INIT = 16'0110100101110001
Found cached RTLIL representation for module `$paramod\GTP_LUT4D\INIT=16'0110100101110001'.
Parameter \INIT = 16'0111000101101001
Found cached RTLIL representation for module `$paramod\GTP_LUT4D\INIT=16'0111000101101001'.
Parameter \INIT = 16'0110100101110001
Found cached RTLIL representation for module `$paramod\GTP_LUT4D\INIT=16'0110100101110001'.
Parameter \INIT = 16'1001011010110010
Found cached RTLIL representation for module `$paramod\GTP_LUT4D\INIT=16'1001011010110010'.
Parameter \INIT = 32'10110010011100011001011001101001
Found cached RTLIL representation for module `$paramod\GTP_LUT5D\INIT=32'10110010011100011001011001101001'.
Parameter \INIT = 16'1001011010110010
Found cached RTLIL representation for module `$paramod\GTP_LUT4D\INIT=16'1001011010110010'.
Parameter \INIT = 16'1001011011010100
Found cached RTLIL representation for module `$paramod\GTP_LUT4D\INIT=16'1001011011010100'.
Parameter \INIT = 16'0111000101101001
Found cached RTLIL representation for module `$paramod\GTP_LUT4D\INIT=16'0111000101101001'.
Parameter \INIT = 16'1001011000010111
Found cached RTLIL representation for module `$paramod\GTP_LUT4D\INIT=16'1001011000010111'.
Parameter \INIT = 16'0111000101101001
Found cached RTLIL representation for module `$paramod\GTP_LUT4D\INIT=16'0111000101101001'.
Parameter \INIT = 16'1001011011010100
Found cached RTLIL representation for module `$paramod\GTP_LUT4D\INIT=16'1001011011010100'.
Parameter \INIT = 16'0111000101101001
Found cached RTLIL representation for module `$paramod\GTP_LUT4D\INIT=16'0111000101101001'.
Parameter \INIT = 16'0111000101101001
Found cached RTLIL representation for module `$paramod\GTP_LUT4D\INIT=16'0111000101101001'.
Parameter \INIT = 16'1001011011010100
Found cached RTLIL representation for module `$paramod\GTP_LUT4D\INIT=16'1001011011010100'.
Parameter \INIT = 16'0111000101101001
Found cached RTLIL representation for module `$paramod\GTP_LUT4D\INIT=16'0111000101101001'.
Parameter \INIT = 16'1001011010110010
Found cached RTLIL representation for module `$paramod\GTP_LUT4D\INIT=16'1001011010110010'.
Parameter \INIT = 16'1001011010110010
Found cached RTLIL representation for module `$paramod\GTP_LUT4D\INIT=16'1001011010110010'.
Parameter \INIT = 16'1101010010010110
Found cached RTLIL representation for module `$paramod\GTP_LUT4D\INIT=16'1101010010010110'.
Parameter \INIT = 16'0111000101101001
Found cached RTLIL representation for module `$paramod\GTP_LUT4D\INIT=16'0111000101101001'.
Parameter \INIT = 16'0100110101101001
Found cached RTLIL representation for module `$paramod\GTP_LUT4D\INIT=16'0100110101101001'.
Parameter \INIT = 16'1001011011010100
Found cached RTLIL representation for module `$paramod\GTP_LUT4D\INIT=16'1001011011010100'.
Parameter \INIT = 16'0110100101110001
Found cached RTLIL representation for module `$paramod\GTP_LUT4D\INIT=16'0110100101110001'.
Parameter \INIT = 16'0111000101101001
Found cached RTLIL representation for module `$paramod\GTP_LUT4D\INIT=16'0111000101101001'.
Parameter \INIT = 16'0111000101101001
Found cached RTLIL representation for module `$paramod\GTP_LUT4D\INIT=16'0111000101101001'.
Parameter \INIT = 16'1001011010110010
Found cached RTLIL representation for module `$paramod\GTP_LUT4D\INIT=16'1001011010110010'.
Parameter \INIT = 16'0111000101101001
Found cached RTLIL representation for module `$paramod\GTP_LUT4D\INIT=16'0111000101101001'.
Parameter \INIT = 16'0111000101101001
Found cached RTLIL representation for module `$paramod\GTP_LUT4D\INIT=16'0111000101101001'.
Parameter \INIT = 16'0110100101110001
Found cached RTLIL representation for module `$paramod\GTP_LUT4D\INIT=16'0110100101110001'.
Parameter \INIT = 16'1001011011010100
Found cached RTLIL representation for module `$paramod\GTP_LUT4D\INIT=16'1001011011010100'.
Parameter \INIT = 16'1001011011010100
Found cached RTLIL representation for module `$paramod\GTP_LUT4D\INIT=16'1001011011010100'.
Parameter \INIT = 16'0110100101110001
Found cached RTLIL representation for module `$paramod\GTP_LUT4D\INIT=16'0110100101110001'.
Parameter \INIT = 16'0111000101101001
Found cached RTLIL representation for module `$paramod\GTP_LUT4D\INIT=16'0111000101101001'.
Parameter \INIT = 16'1001011011010100
Found cached RTLIL representation for module `$paramod\GTP_LUT4D\INIT=16'1001011011010100'.
Parameter \INIT = 16'1001100101001101

3.374. Executing AST frontend in derive mode using pre-parsed AST for module `\GTP_LUT4D'.
Parameter \INIT = 16'1001100101001101
Generating RTLIL representation for module `$paramod\GTP_LUT4D\INIT=16'1001100101001101'.
Parameter \INIT = 16'0110100101110001
Found cached RTLIL representation for module `$paramod\GTP_LUT4D\INIT=16'0110100101110001'.
Parameter \INIT = 16'0110100101001101
Found cached RTLIL representation for module `$paramod\GTP_LUT4D\INIT=16'0110100101001101'.
Parameter \INIT = 16'1001011011010100
Found cached RTLIL representation for module `$paramod\GTP_LUT4D\INIT=16'1001011011010100'.
Parameter \INIT = 16'0110100101110001
Found cached RTLIL representation for module `$paramod\GTP_LUT4D\INIT=16'0110100101110001'.
Parameter \INIT = 16'0110100101110001
Found cached RTLIL representation for module `$paramod\GTP_LUT4D\INIT=16'0110100101110001'.
Parameter \INIT = 16'0111000101101001
Found cached RTLIL representation for module `$paramod\GTP_LUT4D\INIT=16'0111000101101001'.
Parameter \INIT = 16'0111000101101001
Found cached RTLIL representation for module `$paramod\GTP_LUT4D\INIT=16'0111000101101001'.
Parameter \INIT = 16'0111000101101001
Found cached RTLIL representation for module `$paramod\GTP_LUT4D\INIT=16'0111000101101001'.
Parameter \INIT = 16'0111000101101001
Found cached RTLIL representation for module `$paramod\GTP_LUT4D\INIT=16'0111000101101001'.
Parameter \INIT = 16'0110100101110001
Found cached RTLIL representation for module `$paramod\GTP_LUT4D\INIT=16'0110100101110001'.
Parameter \INIT = 16'1001011011010100
Found cached RTLIL representation for module `$paramod\GTP_LUT4D\INIT=16'1001011011010100'.
Parameter \INIT = 16'1001011010110010
Found cached RTLIL representation for module `$paramod\GTP_LUT4D\INIT=16'1001011010110010'.
Parameter \INIT = 16'0100110101101001
Found cached RTLIL representation for module `$paramod\GTP_LUT4D\INIT=16'0100110101101001'.
Parameter \INIT = 16'1001011010110010
Found cached RTLIL representation for module `$paramod\GTP_LUT4D\INIT=16'1001011010110010'.
Parameter \INIT = 16'1001011011010100
Found cached RTLIL representation for module `$paramod\GTP_LUT4D\INIT=16'1001011011010100'.
Parameter \INIT = 16'0111000101101001
Found cached RTLIL representation for module `$paramod\GTP_LUT4D\INIT=16'0111000101101001'.
Parameter \INIT = 16'1001011010110010
Found cached RTLIL representation for module `$paramod\GTP_LUT4D\INIT=16'1001011010110010'.
Parameter \INIT = 16'0111000101101001
Found cached RTLIL representation for module `$paramod\GTP_LUT4D\INIT=16'0111000101101001'.
Parameter \INIT = 16'0111000101101001
Found cached RTLIL representation for module `$paramod\GTP_LUT4D\INIT=16'0111000101101001'.
Parameter \INIT = 64'0001011101110111000100010001011110010110011001101001100110010110

3.375. Executing AST frontend in derive mode using pre-parsed AST for module `\GTP_LUT6D'.
Parameter \INIT = 64'0001011101110111000100010001011110010110011001101001100110010110
Generating RTLIL representation for module `$paramod$547805a2fd0fc1765a0bde8c8fd6439ce19fea24\GTP_LUT6D'.
Parameter \INIT = 16'0010101101101001
Found cached RTLIL representation for module `$paramod\GTP_LUT4D\INIT=16'0010101101101001'.
Parameter \INIT = 16'1001011010110010
Found cached RTLIL representation for module `$paramod\GTP_LUT4D\INIT=16'1001011010110010'.
Parameter \INIT = 16'1001011011010100
Found cached RTLIL representation for module `$paramod\GTP_LUT4D\INIT=16'1001011011010100'.
Parameter \INIT = 16'0110100100101011
Found cached RTLIL representation for module `$paramod\GTP_LUT4D\INIT=16'0110100100101011'.
Parameter \INIT = 16'0100110101101001
Found cached RTLIL representation for module `$paramod\GTP_LUT4D\INIT=16'0100110101101001'.
Parameter \INIT = 16'0111000101101001
Found cached RTLIL representation for module `$paramod\GTP_LUT4D\INIT=16'0111000101101001'.
Parameter \INIT = 16'0110100100101011
Found cached RTLIL representation for module `$paramod\GTP_LUT4D\INIT=16'0110100100101011'.
Parameter \INIT = 16'0111000101101001
Found cached RTLIL representation for module `$paramod\GTP_LUT4D\INIT=16'0111000101101001'.
Parameter \INIT = 16'1001011010110010
Found cached RTLIL representation for module `$paramod\GTP_LUT4D\INIT=16'1001011010110010'.
Parameter \INIT = 16'1001011011010100
Found cached RTLIL representation for module `$paramod\GTP_LUT4D\INIT=16'1001011011010100'.
Parameter \INIT = 16'0111000101101001
Found cached RTLIL representation for module `$paramod\GTP_LUT4D\INIT=16'0111000101101001'.
Parameter \INIT = 16'0110100101110001
Found cached RTLIL representation for module `$paramod\GTP_LUT4D\INIT=16'0110100101110001'.
Parameter \INIT = 16'0110100101001101
Found cached RTLIL representation for module `$paramod\GTP_LUT4D\INIT=16'0110100101001101'.
Parameter \INIT = 16'0110100100101011
Found cached RTLIL representation for module `$paramod\GTP_LUT4D\INIT=16'0110100100101011'.
Parameter \INIT = 16'0111000101101001
Found cached RTLIL representation for module `$paramod\GTP_LUT4D\INIT=16'0111000101101001'.
Parameter \INIT = 16'1001011011010100
Found cached RTLIL representation for module `$paramod\GTP_LUT4D\INIT=16'1001011011010100'.
Parameter \INIT = 16'0111000101101001
Found cached RTLIL representation for module `$paramod\GTP_LUT4D\INIT=16'0111000101101001'.
Parameter \INIT = 16'0111000101101001
Found cached RTLIL representation for module `$paramod\GTP_LUT4D\INIT=16'0111000101101001'.
Parameter \INIT = 16'0111000101101001
Found cached RTLIL representation for module `$paramod\GTP_LUT4D\INIT=16'0111000101101001'.
Parameter \INIT = 16'0111000101101001
Found cached RTLIL representation for module `$paramod\GTP_LUT4D\INIT=16'0111000101101001'.
Parameter \INIT = 16'0110100100101011
Found cached RTLIL representation for module `$paramod\GTP_LUT4D\INIT=16'0110100100101011'.
Parameter \INIT = 16'0100110101101001
Found cached RTLIL representation for module `$paramod\GTP_LUT4D\INIT=16'0100110101101001'.
Parameter \INIT = 16'0111000101101001
Found cached RTLIL representation for module `$paramod\GTP_LUT4D\INIT=16'0111000101101001'.
Parameter \INIT = 16'0111000101101001
Found cached RTLIL representation for module `$paramod\GTP_LUT4D\INIT=16'0111000101101001'.
Parameter \INIT = 16'0110100100101011
Found cached RTLIL representation for module `$paramod\GTP_LUT4D\INIT=16'0110100100101011'.
Parameter \INIT = 16'1001011010110010
Found cached RTLIL representation for module `$paramod\GTP_LUT4D\INIT=16'1001011010110010'.
Parameter \INIT = 16'0110100101110001
Found cached RTLIL representation for module `$paramod\GTP_LUT4D\INIT=16'0110100101110001'.
Parameter \INIT = 16'0111000101101001
Found cached RTLIL representation for module `$paramod\GTP_LUT4D\INIT=16'0111000101101001'.
Parameter \INIT = 16'0111000101101001
Found cached RTLIL representation for module `$paramod\GTP_LUT4D\INIT=16'0111000101101001'.
Parameter \INIT = 16'0111000101101001
Found cached RTLIL representation for module `$paramod\GTP_LUT4D\INIT=16'0111000101101001'.
Parameter \INIT = 16'0111000101101001
Found cached RTLIL representation for module `$paramod\GTP_LUT4D\INIT=16'0111000101101001'.
Parameter \INIT = 16'1001011010110010
Found cached RTLIL representation for module `$paramod\GTP_LUT4D\INIT=16'1001011010110010'.
Parameter \INIT = 16'0111000101101001
Found cached RTLIL representation for module `$paramod\GTP_LUT4D\INIT=16'0111000101101001'.
Parameter \INIT = 16'0111000101101001
Found cached RTLIL representation for module `$paramod\GTP_LUT4D\INIT=16'0111000101101001'.
Parameter \INIT = 16'0111000101101001
Found cached RTLIL representation for module `$paramod\GTP_LUT4D\INIT=16'0111000101101001'.
Parameter \INIT = 16'0110100101110001
Found cached RTLIL representation for module `$paramod\GTP_LUT4D\INIT=16'0110100101110001'.
Parameter \INIT = 16'0111000101101001
Found cached RTLIL representation for module `$paramod\GTP_LUT4D\INIT=16'0111000101101001'.
Parameter \INIT = 16'0110100101110001
Found cached RTLIL representation for module `$paramod\GTP_LUT4D\INIT=16'0110100101110001'.
Parameter \INIT = 16'0111000101101001
Found cached RTLIL representation for module `$paramod\GTP_LUT4D\INIT=16'0111000101101001'.
Parameter \INIT = 16'0111000101101001
Found cached RTLIL representation for module `$paramod\GTP_LUT4D\INIT=16'0111000101101001'.
Parameter \INIT = 16'0111000101101001
Found cached RTLIL representation for module `$paramod\GTP_LUT4D\INIT=16'0111000101101001'.
Parameter \INIT = 16'0111000101101001
Found cached RTLIL representation for module `$paramod\GTP_LUT4D\INIT=16'0111000101101001'.
Parameter \INIT = 16'0111000101101001
Found cached RTLIL representation for module `$paramod\GTP_LUT4D\INIT=16'0111000101101001'.
Parameter \INIT = 16'0111000101101001
Found cached RTLIL representation for module `$paramod\GTP_LUT4D\INIT=16'0111000101101001'.
Parameter \INIT = 16'0111000101101001
Found cached RTLIL representation for module `$paramod\GTP_LUT4D\INIT=16'0111000101101001'.
Parameter \INIT = 16'0111000101101001
Found cached RTLIL representation for module `$paramod\GTP_LUT4D\INIT=16'0111000101101001'.
Parameter \INIT = 16'0111000101101001
Found cached RTLIL representation for module `$paramod\GTP_LUT4D\INIT=16'0111000101101001'.
Parameter \INIT = 16'1101010010010110
Found cached RTLIL representation for module `$paramod\GTP_LUT4D\INIT=16'1101010010010110'.
Parameter \INIT = 16'0111000101101001
Found cached RTLIL representation for module `$paramod\GTP_LUT4D\INIT=16'0111000101101001'.
Parameter \INIT = 16'0111000101101001
Found cached RTLIL representation for module `$paramod\GTP_LUT4D\INIT=16'0111000101101001'.
Parameter \INIT = 16'0111000101101001
Found cached RTLIL representation for module `$paramod\GTP_LUT4D\INIT=16'0111000101101001'.
Parameter \INIT = 16'1001011010001110
Found cached RTLIL representation for module `$paramod\GTP_LUT4D\INIT=16'1001011010001110'.
Parameter \INIT = 16'0110100101110001
Found cached RTLIL representation for module `$paramod\GTP_LUT4D\INIT=16'0110100101110001'.
Parameter \INIT = 16'0100110101101001
Found cached RTLIL representation for module `$paramod\GTP_LUT4D\INIT=16'0100110101101001'.
Parameter \INIT = 16'0111000101101001
Found cached RTLIL representation for module `$paramod\GTP_LUT4D\INIT=16'0111000101101001'.
Parameter \INIT = 16'1000111010010110
Found cached RTLIL representation for module `$paramod\GTP_LUT4D\INIT=16'1000111010010110'.
Parameter \INIT = 16'0110100100101011
Found cached RTLIL representation for module `$paramod\GTP_LUT4D\INIT=16'0110100100101011'.
Parameter \INIT = 16'0100110101101001
Found cached RTLIL representation for module `$paramod\GTP_LUT4D\INIT=16'0100110101101001'.
Parameter \INIT = 16'1101010010010110
Found cached RTLIL representation for module `$paramod\GTP_LUT4D\INIT=16'1101010010010110'.
Parameter \INIT = 16'0100110101101001
Found cached RTLIL representation for module `$paramod\GTP_LUT4D\INIT=16'0100110101101001'.
Parameter \INIT = 16'0110100100101011
Found cached RTLIL representation for module `$paramod\GTP_LUT4D\INIT=16'0110100100101011'.
Parameter \INIT = 16'0111000101101001
Found cached RTLIL representation for module `$paramod\GTP_LUT4D\INIT=16'0111000101101001'.
Parameter \INIT = 16'0111000101101001
Found cached RTLIL representation for module `$paramod\GTP_LUT4D\INIT=16'0111000101101001'.
Parameter \INIT = 16'0111000101101001
Found cached RTLIL representation for module `$paramod\GTP_LUT4D\INIT=16'0111000101101001'.
Parameter \INIT = 16'0110100101110001
Found cached RTLIL representation for module `$paramod\GTP_LUT4D\INIT=16'0110100101110001'.
Parameter \INIT = 16'0111000101101001
Found cached RTLIL representation for module `$paramod\GTP_LUT4D\INIT=16'0111000101101001'.
Parameter \INIT = 16'0111000101101001
Found cached RTLIL representation for module `$paramod\GTP_LUT4D\INIT=16'0111000101101001'.
Parameter \INIT = 16'0111000101101001
Found cached RTLIL representation for module `$paramod\GTP_LUT4D\INIT=16'0111000101101001'.
Parameter \INIT = 16'0110100101110001
Found cached RTLIL representation for module `$paramod\GTP_LUT4D\INIT=16'0110100101110001'.
Parameter \INIT = 16'0111000101101001
Found cached RTLIL representation for module `$paramod\GTP_LUT4D\INIT=16'0111000101101001'.
Parameter \INIT = 16'0110100101110001
Found cached RTLIL representation for module `$paramod\GTP_LUT4D\INIT=16'0110100101110001'.
Parameter \INIT = 16'0100110101101001
Found cached RTLIL representation for module `$paramod\GTP_LUT4D\INIT=16'0100110101101001'.
Parameter \INIT = 16'0100110101101001
Found cached RTLIL representation for module `$paramod\GTP_LUT4D\INIT=16'0100110101101001'.
Parameter \INIT = 16'0111000101101001
Found cached RTLIL representation for module `$paramod\GTP_LUT4D\INIT=16'0111000101101001'.
Parameter \INIT = 16'0100110101101001
Found cached RTLIL representation for module `$paramod\GTP_LUT4D\INIT=16'0100110101101001'.
Parameter \INIT = 64'0110101011000000011010101100000011011010010110100111000011110000

3.376. Executing AST frontend in derive mode using pre-parsed AST for module `\GTP_LUT6D'.
Parameter \INIT = 64'0110101011000000011010101100000011011010010110100111000011110000
Generating RTLIL representation for module `$paramod$664cacc35d1c9ea56773ae7351fa0da8a2667fb5\GTP_LUT6D'.
Parameter \INIT = 32'10001000100010000000000000001111

3.377. Executing AST frontend in derive mode using pre-parsed AST for module `\GTP_LUT5D'.
Parameter \INIT = 32'10001000100010000000000000001111
Generating RTLIL representation for module `$paramod\GTP_LUT5D\INIT=32'10001000100010000000000000001111'.
Parameter \INIT = 16'0111000110100101

3.378. Executing AST frontend in derive mode using pre-parsed AST for module `\GTP_LUT4D'.
Parameter \INIT = 16'0111000110100101
Generating RTLIL representation for module `$paramod\GTP_LUT4D\INIT=16'0111000110100101'.
Parameter \INIT = 64'0101010110101010010101011010101000110000111100111100000011111100

3.379. Executing AST frontend in derive mode using pre-parsed AST for module `\GTP_LUT6D'.
Parameter \INIT = 64'0101010110101010010101011010101000110000111100111100000011111100
Generating RTLIL representation for module `$paramod$b27203028ec8c6d237d1e75af9ad331d19af119a\GTP_LUT6D'.
Parameter \INIT = 16'0010001001000100

3.380. Executing AST frontend in derive mode using pre-parsed AST for module `\GTP_LUT4D'.
Parameter \INIT = 16'0010001001000100
Generating RTLIL representation for module `$paramod\GTP_LUT4D\INIT=16'0010001001000100'.
Parameter \INIT = 991778

3.381. Executing AST frontend in derive mode using pre-parsed AST for module `\GTP_LUT5D'.
Parameter \INIT = 991778
Generating RTLIL representation for module `$paramod\GTP_LUT5D\INIT=32'00000000000011110010001000100010'.
Parameter \INIT = 286326799
Found cached RTLIL representation for module `$paramod\GTP_LUT5D\INIT=32'00010001000100010000000000001111'.
Parameter \INIT = 16'0100010000100010

3.382. Executing AST frontend in derive mode using pre-parsed AST for module `\GTP_LUT4D'.
Parameter \INIT = 16'0100010000100010
Generating RTLIL representation for module `$paramod\GTP_LUT4D\INIT=16'0100010000100010'.
Parameter \INIT = 16'0100010000100010
Found cached RTLIL representation for module `$paramod\GTP_LUT4D\INIT=16'0100010000100010'.
Parameter \INIT = 64'1011010001001011000000000000000000000000000000000000101010100101

3.383. Executing AST frontend in derive mode using pre-parsed AST for module `\GTP_LUT6D'.
Parameter \INIT = 64'1011010001001011000000000000000000000000000000000000101010100101
Generating RTLIL representation for module `$paramod$107ffcb12250428395ca905a84eaaa2c758e705e\GTP_LUT6D'.
Parameter \INIT = 16'0100010000100010
Found cached RTLIL representation for module `$paramod\GTP_LUT4D\INIT=16'0100010000100010'.
Parameter \INIT = 16'0110100101110001
Found cached RTLIL representation for module `$paramod\GTP_LUT4D\INIT=16'0110100101110001'.
Parameter \INIT = 16'0100010000100010
Found cached RTLIL representation for module `$paramod\GTP_LUT4D\INIT=16'0100010000100010'.
Parameter \INIT = 16'0100010000100010
Found cached RTLIL representation for module `$paramod\GTP_LUT4D\INIT=16'0100010000100010'.
Parameter \INIT = 16'0100110101101001
Found cached RTLIL representation for module `$paramod\GTP_LUT4D\INIT=16'0100110101101001'.
Parameter \INIT = 16'0010001001000100
Found cached RTLIL representation for module `$paramod\GTP_LUT4D\INIT=16'0010001001000100'.
Parameter \INIT = 16'1000111010010110
Found cached RTLIL representation for module `$paramod\GTP_LUT4D\INIT=16'1000111010010110'.
Parameter \INIT = 16'0001010010000010

3.384. Executing AST frontend in derive mode using pre-parsed AST for module `\GTP_LUT4D'.
Parameter \INIT = 16'0001010010000010
Generating RTLIL representation for module `$paramod\GTP_LUT4D\INIT=16'0001010010000010'.
Parameter \INIT = 16'0100010000100010
Found cached RTLIL representation for module `$paramod\GTP_LUT4D\INIT=16'0100010000100010'.
Parameter \INIT = 286326799
Found cached RTLIL representation for module `$paramod\GTP_LUT5D\INIT=32'00010001000100010000000000001111'.
Parameter \INIT = 16'0100010000100010
Found cached RTLIL representation for module `$paramod\GTP_LUT4D\INIT=16'0100010000100010'.
Parameter \INIT = 16'0100010000100010
Found cached RTLIL representation for module `$paramod\GTP_LUT4D\INIT=16'0100010000100010'.
Parameter \INIT = 286326799
Found cached RTLIL representation for module `$paramod\GTP_LUT5D\INIT=32'00010001000100010000000000001111'.
Parameter \INIT = 16'0100010000100010
Found cached RTLIL representation for module `$paramod\GTP_LUT4D\INIT=16'0100010000100010'.
Parameter \INIT = 16'0100010000100010
Found cached RTLIL representation for module `$paramod\GTP_LUT4D\INIT=16'0100010000100010'.
Parameter \INIT = 16'0100010000100010
Found cached RTLIL representation for module `$paramod\GTP_LUT4D\INIT=16'0100010000100010'.
Parameter \INIT = 16'0110100101110001
Found cached RTLIL representation for module `$paramod\GTP_LUT4D\INIT=16'0110100101110001'.
Parameter \INIT = 16'0110100101110001
Found cached RTLIL representation for module `$paramod\GTP_LUT4D\INIT=16'0110100101110001'.
Parameter \INIT = 16'0100010000100010
Found cached RTLIL representation for module `$paramod\GTP_LUT4D\INIT=16'0100010000100010'.
Parameter \INIT = 16'0100010000100010
Found cached RTLIL representation for module `$paramod\GTP_LUT4D\INIT=16'0100010000100010'.
Parameter \INIT = 339837480

3.385. Executing AST frontend in derive mode using pre-parsed AST for module `\GTP_LUT5D'.
Parameter \INIT = 339837480
Generating RTLIL representation for module `$paramod\GTP_LUT5D\INIT=32'00010100010000011000001000101000'.
Parameter \INIT = 16'0100010000100010
Found cached RTLIL representation for module `$paramod\GTP_LUT4D\INIT=16'0100010000100010'.
Parameter \INIT = 16'0010001001000100
Found cached RTLIL representation for module `$paramod\GTP_LUT4D\INIT=16'0010001001000100'.
Parameter \INIT = 16'0100010000100010
Found cached RTLIL representation for module `$paramod\GTP_LUT4D\INIT=16'0100010000100010'.
Parameter \INIT = 16'0100010000100010
Found cached RTLIL representation for module `$paramod\GTP_LUT4D\INIT=16'0100010000100010'.
Parameter \INIT = 16'0100010000100010
Found cached RTLIL representation for module `$paramod\GTP_LUT4D\INIT=16'0100010000100010'.
Parameter \INIT = 286326799
Found cached RTLIL representation for module `$paramod\GTP_LUT5D\INIT=32'00010001000100010000000000001111'.
Parameter \INIT = 16'0111000101101001
Found cached RTLIL representation for module `$paramod\GTP_LUT4D\INIT=16'0111000101101001'.
Parameter \INIT = 16'0001010010000010
Found cached RTLIL representation for module `$paramod\GTP_LUT4D\INIT=16'0001010010000010'.
Parameter \INIT = 16'0100010000100010
Found cached RTLIL representation for module `$paramod\GTP_LUT4D\INIT=16'0100010000100010'.
Parameter \INIT = 16'0100010000100010
Found cached RTLIL representation for module `$paramod\GTP_LUT4D\INIT=16'0100010000100010'.
Parameter \INIT = 286326799
Found cached RTLIL representation for module `$paramod\GTP_LUT5D\INIT=32'00010001000100010000000000001111'.
Parameter \INIT = 16'0111000101101001
Found cached RTLIL representation for module `$paramod\GTP_LUT4D\INIT=16'0111000101101001'.
Parameter \INIT = 16'0110100101110001
Found cached RTLIL representation for module `$paramod\GTP_LUT4D\INIT=16'0110100101110001'.
Parameter \INIT = 16'0100010000100010
Found cached RTLIL representation for module `$paramod\GTP_LUT4D\INIT=16'0100010000100010'.
Parameter \INIT = 16'0100010000100010
Found cached RTLIL representation for module `$paramod\GTP_LUT4D\INIT=16'0100010000100010'.
Parameter \INIT = 16'0100010000100010
Found cached RTLIL representation for module `$paramod\GTP_LUT4D\INIT=16'0100010000100010'.
Parameter \INIT = 16'0100010000100010
Found cached RTLIL representation for module `$paramod\GTP_LUT4D\INIT=16'0100010000100010'.
Parameter \INIT = 16'0111000101101001
Found cached RTLIL representation for module `$paramod\GTP_LUT4D\INIT=16'0111000101101001'.
Parameter \INIT = 286326799
Found cached RTLIL representation for module `$paramod\GTP_LUT5D\INIT=32'00010001000100010000000000001111'.
Parameter \INIT = 16'0100010000100010
Found cached RTLIL representation for module `$paramod\GTP_LUT4D\INIT=16'0100010000100010'.
Parameter \INIT = 16'0100010000100010
Found cached RTLIL representation for module `$paramod\GTP_LUT4D\INIT=16'0100010000100010'.
Parameter \INIT = 16'0100010000100010
Found cached RTLIL representation for module `$paramod\GTP_LUT4D\INIT=16'0100010000100010'.
Parameter \INIT = 16'0100010000100010
Found cached RTLIL representation for module `$paramod\GTP_LUT4D\INIT=16'0100010000100010'.
Parameter \INIT = 16'0100010000100010
Found cached RTLIL representation for module `$paramod\GTP_LUT4D\INIT=16'0100010000100010'.
Parameter \INIT = 16'0100010000100010
Found cached RTLIL representation for module `$paramod\GTP_LUT4D\INIT=16'0100010000100010'.
Parameter \INIT = 16'0100010000100010
Found cached RTLIL representation for module `$paramod\GTP_LUT4D\INIT=16'0100010000100010'.
Parameter \INIT = 16'0100010000100010
Found cached RTLIL representation for module `$paramod\GTP_LUT4D\INIT=16'0100010000100010'.
Parameter \INIT = 16'0111000101101001
Found cached RTLIL representation for module `$paramod\GTP_LUT4D\INIT=16'0111000101101001'.
Parameter \INIT = 16'0100010000100010
Found cached RTLIL representation for module `$paramod\GTP_LUT4D\INIT=16'0100010000100010'.
Parameter \INIT = 16'0110100101110001
Found cached RTLIL representation for module `$paramod\GTP_LUT4D\INIT=16'0110100101110001'.
Parameter \INIT = 286326799
Found cached RTLIL representation for module `$paramod\GTP_LUT5D\INIT=32'00010001000100010000000000001111'.
Parameter \INIT = 16'0100010000100010
Found cached RTLIL representation for module `$paramod\GTP_LUT4D\INIT=16'0100010000100010'.
Parameter \INIT = 1771466502

3.386. Executing AST frontend in derive mode using pre-parsed AST for module `\GTP_LUT5D'.
Parameter \INIT = 1771466502
Generating RTLIL representation for module `$paramod\GTP_LUT5D\INIT=32'01101001100101100110111100000110'.
Parameter \INIT = 16'0100010000100010
Found cached RTLIL representation for module `$paramod\GTP_LUT4D\INIT=16'0100010000100010'.
Parameter \INIT = 16'0100010000100010
Found cached RTLIL representation for module `$paramod\GTP_LUT4D\INIT=16'0100010000100010'.
Parameter \INIT = 16'0100010000100010
Found cached RTLIL representation for module `$paramod\GTP_LUT4D\INIT=16'0100010000100010'.
Parameter \INIT = 16'0100010000100010
Found cached RTLIL representation for module `$paramod\GTP_LUT4D\INIT=16'0100010000100010'.
Parameter \INIT = 16'0100010000100010
Found cached RTLIL representation for module `$paramod\GTP_LUT4D\INIT=16'0100010000100010'.
Parameter \INIT = 286326799
Found cached RTLIL representation for module `$paramod\GTP_LUT5D\INIT=32'00010001000100010000000000001111'.
Parameter \INIT = 16'0100010000100010
Found cached RTLIL representation for module `$paramod\GTP_LUT4D\INIT=16'0100010000100010'.
Parameter \INIT = 16'0100110101101001
Found cached RTLIL representation for module `$paramod\GTP_LUT4D\INIT=16'0100110101101001'.
Parameter \INIT = 64'0100110101000100110111010100110101101001011001101001100101101001

3.387. Executing AST frontend in derive mode using pre-parsed AST for module `\GTP_LUT6D'.
Parameter \INIT = 64'0100110101000100110111010100110101101001011001101001100101101001
Generating RTLIL representation for module `$paramod$a6d744d7a333dd8443a7b9f8082f86a9aef030b4\GTP_LUT6D'.
Parameter \INIT = 16'0100010000100010
Found cached RTLIL representation for module `$paramod\GTP_LUT4D\INIT=16'0100010000100010'.
Parameter \INIT = 16'0100010000100010
Found cached RTLIL representation for module `$paramod\GTP_LUT4D\INIT=16'0100010000100010'.
Parameter \INIT = 16'0110100101110001
Found cached RTLIL representation for module `$paramod\GTP_LUT4D\INIT=16'0110100101110001'.
Parameter \INIT = 16'0100010000100010
Found cached RTLIL representation for module `$paramod\GTP_LUT4D\INIT=16'0100010000100010'.
Parameter \INIT = 16'0010101101101001
Found cached RTLIL representation for module `$paramod\GTP_LUT4D\INIT=16'0010101101101001'.
Parameter \INIT = 16'0100010000100010
Found cached RTLIL representation for module `$paramod\GTP_LUT4D\INIT=16'0100010000100010'.
Parameter \INIT = 16'0100010000100010
Found cached RTLIL representation for module `$paramod\GTP_LUT4D\INIT=16'0100010000100010'.
Parameter \INIT = 16'0100010000100010
Found cached RTLIL representation for module `$paramod\GTP_LUT4D\INIT=16'0100010000100010'.
Parameter \INIT = 16'0100010000100010
Found cached RTLIL representation for module `$paramod\GTP_LUT4D\INIT=16'0100010000100010'.
Parameter \INIT = 16'0100010000100010
Found cached RTLIL representation for module `$paramod\GTP_LUT4D\INIT=16'0100010000100010'.
Parameter \INIT = 16'0100010000100010
Found cached RTLIL representation for module `$paramod\GTP_LUT4D\INIT=16'0100010000100010'.
Parameter \INIT = 16'0111000101101001
Found cached RTLIL representation for module `$paramod\GTP_LUT4D\INIT=16'0111000101101001'.
Parameter \INIT = 16'0100010000100010
Found cached RTLIL representation for module `$paramod\GTP_LUT4D\INIT=16'0100010000100010'.
Parameter \INIT = 16'0100010000100010
Found cached RTLIL representation for module `$paramod\GTP_LUT4D\INIT=16'0100010000100010'.
Parameter \INIT = 16'0100010000100010
Found cached RTLIL representation for module `$paramod\GTP_LUT4D\INIT=16'0100010000100010'.
Parameter \INIT = 16'0100110101101001
Found cached RTLIL representation for module `$paramod\GTP_LUT4D\INIT=16'0100110101101001'.
Parameter \INIT = 16'0110100101110001
Found cached RTLIL representation for module `$paramod\GTP_LUT4D\INIT=16'0110100101110001'.
Parameter \INIT = 16'0100010000100010
Found cached RTLIL representation for module `$paramod\GTP_LUT4D\INIT=16'0100010000100010'.
Parameter \INIT = 16'0100010000100010
Found cached RTLIL representation for module `$paramod\GTP_LUT4D\INIT=16'0100010000100010'.
Parameter \INIT = 16'0110100101001101
Found cached RTLIL representation for module `$paramod\GTP_LUT4D\INIT=16'0110100101001101'.
Parameter \INIT = 16'0100110101101001
Found cached RTLIL representation for module `$paramod\GTP_LUT4D\INIT=16'0100110101101001'.
Parameter \INIT = 16'0111000101101001
Found cached RTLIL representation for module `$paramod\GTP_LUT4D\INIT=16'0111000101101001'.
Parameter \INIT = 16'0100010000100010
Found cached RTLIL representation for module `$paramod\GTP_LUT4D\INIT=16'0100010000100010'.
Parameter \INIT = 16'0010101101101001
Found cached RTLIL representation for module `$paramod\GTP_LUT4D\INIT=16'0010101101101001'.
Parameter \INIT = 16'0100010000100010
Found cached RTLIL representation for module `$paramod\GTP_LUT4D\INIT=16'0100010000100010'.
Parameter \INIT = 16'0110100100101011
Found cached RTLIL representation for module `$paramod\GTP_LUT4D\INIT=16'0110100100101011'.
Parameter \INIT = 16'0100010000100010
Found cached RTLIL representation for module `$paramod\GTP_LUT4D\INIT=16'0100010000100010'.
Parameter \INIT = 16'0100010000100010
Found cached RTLIL representation for module `$paramod\GTP_LUT4D\INIT=16'0100010000100010'.
Parameter \INIT = 16'1000100000010001

3.388. Executing AST frontend in derive mode using pre-parsed AST for module `\GTP_LUT4D'.
Parameter \INIT = 16'1000100000010001
Generating RTLIL representation for module `$paramod\GTP_LUT4D\INIT=16'1000100000010001'.
Parameter \INIT = 16'0100010000100010
Found cached RTLIL representation for module `$paramod\GTP_LUT4D\INIT=16'0100010000100010'.
Parameter \INIT = 16'1001000000000110

3.389. Executing AST frontend in derive mode using pre-parsed AST for module `\GTP_LUT4D'.
Parameter \INIT = 16'1001000000000110
Generating RTLIL representation for module `$paramod\GTP_LUT4D\INIT=16'1001000000000110'.
Parameter \INIT = 16'0110100101110001
Found cached RTLIL representation for module `$paramod\GTP_LUT4D\INIT=16'0110100101110001'.
Parameter \INIT = 16'0100010000100010
Found cached RTLIL representation for module `$paramod\GTP_LUT4D\INIT=16'0100010000100010'.
Parameter \INIT = 16'0100110101101001
Found cached RTLIL representation for module `$paramod\GTP_LUT4D\INIT=16'0100110101101001'.
Parameter \INIT = 16'0100010000100010
Found cached RTLIL representation for module `$paramod\GTP_LUT4D\INIT=16'0100010000100010'.
Parameter \INIT = 16'0111000101101001
Found cached RTLIL representation for module `$paramod\GTP_LUT4D\INIT=16'0111000101101001'.
Parameter \INIT = 16'0100010000100010
Found cached RTLIL representation for module `$paramod\GTP_LUT4D\INIT=16'0100010000100010'.
Parameter \INIT = 16'0110100101110001
Found cached RTLIL representation for module `$paramod\GTP_LUT4D\INIT=16'0110100101110001'.
Parameter \INIT = 16'0111000101101001
Found cached RTLIL representation for module `$paramod\GTP_LUT4D\INIT=16'0111000101101001'.
Parameter \INIT = 16'0100010000100010
Found cached RTLIL representation for module `$paramod\GTP_LUT4D\INIT=16'0100010000100010'.
Parameter \INIT = 16'0110100101001101
Found cached RTLIL representation for module `$paramod\GTP_LUT4D\INIT=16'0110100101001101'.
Parameter \INIT = 16'0111000101101001
Found cached RTLIL representation for module `$paramod\GTP_LUT4D\INIT=16'0111000101101001'.
Parameter \INIT = 16'0100110101101001
Found cached RTLIL representation for module `$paramod\GTP_LUT4D\INIT=16'0100110101101001'.
Parameter \INIT = 16'0100010000100010
Found cached RTLIL representation for module `$paramod\GTP_LUT4D\INIT=16'0100010000100010'.
Parameter \INIT = 16'0111000101101001
Found cached RTLIL representation for module `$paramod\GTP_LUT4D\INIT=16'0111000101101001'.
Parameter \INIT = 16'0100010000100010
Found cached RTLIL representation for module `$paramod\GTP_LUT4D\INIT=16'0100010000100010'.
Parameter \INIT = 16'0100110101101001
Found cached RTLIL representation for module `$paramod\GTP_LUT4D\INIT=16'0100110101101001'.
Parameter \INIT = 16'0110100101110001
Found cached RTLIL representation for module `$paramod\GTP_LUT4D\INIT=16'0110100101110001'.
Parameter \INIT = 16'0100010000100010
Found cached RTLIL representation for module `$paramod\GTP_LUT4D\INIT=16'0100010000100010'.
Parameter \INIT = 16'0110100101110001
Found cached RTLIL representation for module `$paramod\GTP_LUT4D\INIT=16'0110100101110001'.
Parameter \INIT = 16'0100010000100010
Found cached RTLIL representation for module `$paramod\GTP_LUT4D\INIT=16'0100010000100010'.
Parameter \INIT = 16'0100010000100010
Found cached RTLIL representation for module `$paramod\GTP_LUT4D\INIT=16'0100010000100010'.
Parameter \INIT = 16'0010101101101001
Found cached RTLIL representation for module `$paramod\GTP_LUT4D\INIT=16'0010101101101001'.
Parameter \INIT = 16'0100110101101001
Found cached RTLIL representation for module `$paramod\GTP_LUT4D\INIT=16'0100110101101001'.
Parameter \INIT = 16'0100010000100010
Found cached RTLIL representation for module `$paramod\GTP_LUT4D\INIT=16'0100010000100010'.
Parameter \INIT = 16'0111000101101001
Found cached RTLIL representation for module `$paramod\GTP_LUT4D\INIT=16'0111000101101001'.
Parameter \INIT = 16'0100010000100010
Found cached RTLIL representation for module `$paramod\GTP_LUT4D\INIT=16'0100010000100010'.
Parameter \INIT = 16'0100010000100010
Found cached RTLIL representation for module `$paramod\GTP_LUT4D\INIT=16'0100010000100010'.
Parameter \INIT = 16'0100010000100010
Found cached RTLIL representation for module `$paramod\GTP_LUT4D\INIT=16'0100010000100010'.
Parameter \INIT = 16'0100010000100010
Found cached RTLIL representation for module `$paramod\GTP_LUT4D\INIT=16'0100010000100010'.
Parameter \INIT = 16'0111000101101001
Found cached RTLIL representation for module `$paramod\GTP_LUT4D\INIT=16'0111000101101001'.
Parameter \INIT = 16'0111000101101001
Found cached RTLIL representation for module `$paramod\GTP_LUT4D\INIT=16'0111000101101001'.
Parameter \INIT = 16'0110100101001101
Found cached RTLIL representation for module `$paramod\GTP_LUT4D\INIT=16'0110100101001101'.
Parameter \INIT = 16'0100010000100010
Found cached RTLIL representation for module `$paramod\GTP_LUT4D\INIT=16'0100010000100010'.
Parameter \INIT = 16'0100010000100010
Found cached RTLIL representation for module `$paramod\GTP_LUT4D\INIT=16'0100010000100010'.
Parameter \INIT = 16'0100010000100010
Found cached RTLIL representation for module `$paramod\GTP_LUT4D\INIT=16'0100010000100010'.
Parameter \INIT = 16'0100010000100010
Found cached RTLIL representation for module `$paramod\GTP_LUT4D\INIT=16'0100010000100010'.
Parameter \INIT = 16'0100010000100010
Found cached RTLIL representation for module `$paramod\GTP_LUT4D\INIT=16'0100010000100010'.
Parameter \INIT = 16'0100010000100010
Found cached RTLIL representation for module `$paramod\GTP_LUT4D\INIT=16'0100010000100010'.
Parameter \INIT = 16'0100010000100010
Found cached RTLIL representation for module `$paramod\GTP_LUT4D\INIT=16'0100010000100010'.
Parameter \INIT = 64'0001111000010001111011100001111000001111000000000000111100000000

3.390. Executing AST frontend in derive mode using pre-parsed AST for module `\GTP_LUT6D'.
Parameter \INIT = 64'0001111000010001111011100001111000001111000000000000111100000000
Generating RTLIL representation for module `$paramod$1d2c572f3c9322bb031065c6fb74b408b9d7716f\GTP_LUT6D'.
Parameter \INIT = 859571461

3.391. Executing AST frontend in derive mode using pre-parsed AST for module `\GTP_LUT5D'.
Parameter \INIT = 859571461
Generating RTLIL representation for module `$paramod\GTP_LUT5D\INIT=32'00110011001111000000010100000101'.
Parameter \INIT = 16'0100010000101000

3.392. Executing AST frontend in derive mode using pre-parsed AST for module `\GTP_LUT4D'.
Parameter \INIT = 16'0100010000101000
Generating RTLIL representation for module `$paramod\GTP_LUT4D\INIT=16'0100010000101000'.
Parameter \INIT = 16'0011011001010100

3.393. Executing AST frontend in derive mode using pre-parsed AST for module `\GTP_LUT4D'.
Parameter \INIT = 16'0011011001010100
Generating RTLIL representation for module `$paramod\GTP_LUT4D\INIT=16'0011011001010100'.
Parameter \INIT = 64'0001101010110000000110101011000000000110011010101010110011000000

3.394. Executing AST frontend in derive mode using pre-parsed AST for module `\GTP_LUT6D'.
Parameter \INIT = 64'0001101010110000000110101011000000000110011010101010110011000000
Generating RTLIL representation for module `$paramod$e88e242c8171f36ad19df6e29f6731396a486e96\GTP_LUT6D'.
Parameter \INIT = 64'0011110011000011001111001100001101011001100110101010011001100101

3.395. Executing AST frontend in derive mode using pre-parsed AST for module `\GTP_LUT6D'.
Parameter \INIT = 64'0011110011000011001111001100001101011001100110101010011001100101
Generating RTLIL representation for module `$paramod$cc52148866adc872e7a6d00d89893e14b340ed53\GTP_LUT6D'.
Parameter \INIT = 64'0000111100001111000011111111000001000100010101010100010001010100

3.396. Executing AST frontend in derive mode using pre-parsed AST for module `\GTP_LUT6D'.
Parameter \INIT = 64'0000111100001111000011111111000001000100010101010100010001010100
Generating RTLIL representation for module `$paramod$c9987373dd15509c123b457dd735e6b40ac5b00e\GTP_LUT6D'.
Parameter \INIT = 16'0110100100101011
Found cached RTLIL representation for module `$paramod\GTP_LUT4D\INIT=16'0110100100101011'.
Parameter \INIT = 64'1110111011101110000100010001111000001111000011110000111111110000

3.397. Executing AST frontend in derive mode using pre-parsed AST for module `\GTP_LUT6D'.
Parameter \INIT = 64'1110111011101110000100010001111000001111000011110000111111110000
Generating RTLIL representation for module `$paramod$33ef243cc94d718e3b74ba2ae9f6c57fab095419\GTP_LUT6D'.
Parameter \INIT = 64'0000000011111111000011111111000011011101010001001101110101000100

3.398. Executing AST frontend in derive mode using pre-parsed AST for module `\GTP_LUT6D'.
Parameter \INIT = 64'0000000011111111000011111111000011011101010001001101110101000100
Generating RTLIL representation for module `$paramod$b26a358d5094fc85753a7b56df2aefdfacb213bd\GTP_LUT6D'.
Parameter \INIT = 64'0101010101100110010101010110011000110011000100010011110000011110

3.399. Executing AST frontend in derive mode using pre-parsed AST for module `\GTP_LUT6D'.
Parameter \INIT = 64'0101010101100110010101010110011000110011000100010011110000011110
Generating RTLIL representation for module `$paramod$6851f118375e52ffe03852163d66194c639cd5f8\GTP_LUT6D'.
Parameter \INIT = 64'1001100101101001011010010110011011011101010011010100110101000100
Found cached RTLIL representation for module `$paramod$11ea9539faeab8ad6397592aa229b4fd37b37e9c\GTP_LUT6D'.
Parameter \INIT = 16'0001111000100011

3.400. Executing AST frontend in derive mode using pre-parsed AST for module `\GTP_LUT4D'.
Parameter \INIT = 16'0001111000100011
Generating RTLIL representation for module `$paramod\GTP_LUT4D\INIT=16'0001111000100011'.
Parameter \INIT = 64'0000000011111111000011111111000001000100110111010100010011011101

3.401. Executing AST frontend in derive mode using pre-parsed AST for module `\GTP_LUT6D'.
Parameter \INIT = 64'0000000011111111000011111111000001000100110111010100010011011101
Generating RTLIL representation for module `$paramod$937d6e65e472cef121409fad194809bf21478f12\GTP_LUT6D'.
Parameter \INIT = 16'0110100110110010

3.402. Executing AST frontend in derive mode using pre-parsed AST for module `\GTP_LUT4D'.
Parameter \INIT = 16'0110100110110010
Generating RTLIL representation for module `$paramod\GTP_LUT4D\INIT=16'0110100110110010'.
Parameter \INIT = 64'0101010101010101010101011010101000000011111111000000001101010110

3.403. Executing AST frontend in derive mode using pre-parsed AST for module `\GTP_LUT6D'.
Parameter \INIT = 64'0101010101010101010101011010101000000011111111000000001101010110
Generating RTLIL representation for module `$paramod$0a082a4c1835455736568e17370787d55961d414\GTP_LUT6D'.
Parameter \INIT = 64'0000000011111111000011111111000011011101010001001101110101000100
Found cached RTLIL representation for module `$paramod$b26a358d5094fc85753a7b56df2aefdfacb213bd\GTP_LUT6D'.
Parameter \INIT = 64'0000000000001111111111111111000001101001011010010110100101100110

3.404. Executing AST frontend in derive mode using pre-parsed AST for module `\GTP_LUT6D'.
Parameter \INIT = 64'0000000000001111111111111111000001101001011010010110100101100110
Generating RTLIL representation for module `$paramod$d979843314c28984398c30e844526a7598c91fdc\GTP_LUT6D'.
Parameter \INIT = 64'1010100110101001101010011010100111001101001100100011001011001101

3.405. Executing AST frontend in derive mode using pre-parsed AST for module `\GTP_LUT6D'.
Parameter \INIT = 64'1010100110101001101010011010100111001101001100100011001011001101
Generating RTLIL representation for module `$paramod$a618cdd847eeebac70a87ea330d0c8e7023b3f0b\GTP_LUT6D'.
Parameter \INIT = 64'1001011000111100110000111001011010101010010101010101010110101010

3.406. Executing AST frontend in derive mode using pre-parsed AST for module `\GTP_LUT6D'.
Parameter \INIT = 64'1001011000111100110000111001011010101010010101010101010110101010
Generating RTLIL representation for module `$paramod$49b153e595ad6ecceee4914ab112d225ef386740\GTP_LUT6D'.
Parameter \INIT = 64'0000111100001111000011111111000010110010101100101011001010110010

3.407. Executing AST frontend in derive mode using pre-parsed AST for module `\GTP_LUT6D'.
Parameter \INIT = 64'0000111100001111000011111111000010110010101100101011001010110010
Generating RTLIL representation for module `$paramod$257439f0e7fdb3e2c97d433ae476b2df81088dbd\GTP_LUT6D'.
Parameter \INIT = 16'0101011000110010

3.408. Executing AST frontend in derive mode using pre-parsed AST for module `\GTP_LUT4D'.
Parameter \INIT = 16'0101011000110010
Generating RTLIL representation for module `$paramod\GTP_LUT4D\INIT=16'0101011000110010'.
Parameter \INIT = 64'1111111100000000111100000000111101000100110111010100010011011101

3.409. Executing AST frontend in derive mode using pre-parsed AST for module `\GTP_LUT6D'.
Parameter \INIT = 64'1111111100000000111100000000111101000100110111010100010011011101
Generating RTLIL representation for module `$paramod$d274786acba9c069bbb18377efcbc5a6b93ce709\GTP_LUT6D'.
Parameter \INIT = 64'1110111000010001111011100001111000001111000011110000111111110000

3.410. Executing AST frontend in derive mode using pre-parsed AST for module `\GTP_LUT6D'.
Parameter \INIT = 64'1110111000010001111011100001111000001111000011110000111111110000
Generating RTLIL representation for module `$paramod$ef013e761c398df4aac1719d80aaad8fe000d2d3\GTP_LUT6D'.
Parameter \INIT = 16'0011011001010100
Found cached RTLIL representation for module `$paramod\GTP_LUT4D\INIT=16'0011011001010100'.
Parameter \INIT = 16'0101011000110010
Found cached RTLIL representation for module `$paramod\GTP_LUT4D\INIT=16'0101011000110010'.
Parameter \INIT = 64'0000111100001111000011111111000010110010101100101011001010110010
Found cached RTLIL representation for module `$paramod$257439f0e7fdb3e2c97d433ae476b2df81088dbd\GTP_LUT6D'.
Parameter \INIT = 64'1100001100111100110100100010110101010101010101010110011001100110

3.411. Executing AST frontend in derive mode using pre-parsed AST for module `\GTP_LUT6D'.
Parameter \INIT = 64'1100001100111100110100100010110101010101010101010110011001100110
Generating RTLIL representation for module `$paramod$45d4b31aab992879dfac4f7dd9dde8378484016c\GTP_LUT6D'.
Parameter \INIT = 16'0110100101001101
Found cached RTLIL representation for module `$paramod\GTP_LUT4D\INIT=16'0110100101001101'.
Parameter \INIT = 64'1110111000010001111011100001111000001111000011110000111111110000
Found cached RTLIL representation for module `$paramod$ef013e761c398df4aac1719d80aaad8fe000d2d3\GTP_LUT6D'.
Parameter \INIT = 64'0000000000001111111111111111000011100001111000011110000111101110

3.412. Executing AST frontend in derive mode using pre-parsed AST for module `\GTP_LUT6D'.
Parameter \INIT = 64'0000000000001111111111111111000011100001111000011110000111101110
Generating RTLIL representation for module `$paramod$18e3c49cac96ff1ec183512663f2ae5fd36b7ee3\GTP_LUT6D'.
Parameter \INIT = 64'1111001000001101000011011111001001010110010101100101011001010110

3.413. Executing AST frontend in derive mode using pre-parsed AST for module `\GTP_LUT6D'.
Parameter \INIT = 64'1111001000001101000011011111001001010110010101100101011001010110
Generating RTLIL representation for module `$paramod$7f437595a506b2f6d865cf5749cd850c6c92c004\GTP_LUT6D'.
Parameter \INIT = 64'1111000011000011111101011100011001010101010101010101101001011010

3.414. Executing AST frontend in derive mode using pre-parsed AST for module `\GTP_LUT6D'.
Parameter \INIT = 64'1111000011000011111101011100011001010101010101010101101001011010
Generating RTLIL representation for module `$paramod$c7b8484bba2b144f1b36df6d7fd070ea9e93e3f7\GTP_LUT6D'.
Parameter \INIT = 16'0110100110110010
Found cached RTLIL representation for module `$paramod\GTP_LUT4D\INIT=16'0110100110110010'.
Parameter \INIT = 64'1111001011110010111100100000110110101001101010011010100110101001

3.415. Executing AST frontend in derive mode using pre-parsed AST for module `\GTP_LUT6D'.
Parameter \INIT = 64'1111001011110010111100100000110110101001101010011010100110101001
Generating RTLIL representation for module `$paramod$aad629be944731f342bdb82c223c6c1bfdd5ac3d\GTP_LUT6D'.
Parameter \INIT = 16'0110100110110010
Found cached RTLIL representation for module `$paramod\GTP_LUT4D\INIT=16'0110100110110010'.
Parameter \INIT = 64'1010101010100101101010101010010111111111000010101100110000111001

3.416. Executing AST frontend in derive mode using pre-parsed AST for module `\GTP_LUT6D'.
Parameter \INIT = 64'1010101010100101101010101010010111111111000010101100110000111001
Generating RTLIL representation for module `$paramod$36efcc05bc710ba5213d576ade66aa54de6a1796\GTP_LUT6D'.
Parameter \INIT = 64'1110111011101110000100010001111000001111000011110000111111110000
Found cached RTLIL representation for module `$paramod$33ef243cc94d718e3b74ba2ae9f6c57fab095419\GTP_LUT6D'.
Parameter \INIT = 64'1110111000010001111011100001111000001111000011110000111111110000
Found cached RTLIL representation for module `$paramod$ef013e761c398df4aac1719d80aaad8fe000d2d3\GTP_LUT6D'.
Parameter \INIT = 64'1110111000010001111011100001111000001111000011110000111111110000
Found cached RTLIL representation for module `$paramod$ef013e761c398df4aac1719d80aaad8fe000d2d3\GTP_LUT6D'.
Parameter \INIT = 16'1001011011010100
Found cached RTLIL representation for module `$paramod\GTP_LUT4D\INIT=16'1001011011010100'.
Parameter \INIT = 64'0000000000001111111111111111000011100001111000011110000111101110
Found cached RTLIL representation for module `$paramod$18e3c49cac96ff1ec183512663f2ae5fd36b7ee3\GTP_LUT6D'.
Parameter \INIT = 64'0000000011110101001100111100011001010101010110100101010101011010

3.417. Executing AST frontend in derive mode using pre-parsed AST for module `\GTP_LUT6D'.
Parameter \INIT = 64'0000000011110101001100111100011001010101010110100101010101011010
Generating RTLIL representation for module `$paramod$ac0111cc9627f0d4c529823a3f0d63c33d9156ad\GTP_LUT6D'.
Parameter \INIT = 64'1100001100111100110100100010110110101010101010101001100110011001

3.418. Executing AST frontend in derive mode using pre-parsed AST for module `\GTP_LUT6D'.
Parameter \INIT = 64'1100001100111100110100100010110110101010101010101001100110011001
Generating RTLIL representation for module `$paramod$e22123ead373f3b4fb73efc7cfaf1e39a8523770\GTP_LUT6D'.
Parameter \INIT = 64'1111000111110001111100010000111001010110010101100101011001010110

3.419. Executing AST frontend in derive mode using pre-parsed AST for module `\GTP_LUT6D'.
Parameter \INIT = 64'1111000111110001111100010000111001010110010101100101011001010110
Generating RTLIL representation for module `$paramod$ff20b28215c786502f6d8f553706ed9cd1c0163a\GTP_LUT6D'.
Parameter \INIT = 16'1100100101010100

3.420. Executing AST frontend in derive mode using pre-parsed AST for module `\GTP_LUT4D'.
Parameter \INIT = 16'1100100101010100
Generating RTLIL representation for module `$paramod\GTP_LUT4D\INIT=16'1100100101010100'.
Parameter \INIT = 16'1001011010110010
Found cached RTLIL representation for module `$paramod\GTP_LUT4D\INIT=16'1001011010110010'.
Parameter \INIT = 16'0101011000001110

3.421. Executing AST frontend in derive mode using pre-parsed AST for module `\GTP_LUT4D'.
Parameter \INIT = 16'0101011000001110
Generating RTLIL representation for module `$paramod\GTP_LUT4D\INIT=16'0101011000001110'.
Parameter \INIT = 64'1110111000010001111011100001111000001111000011110000111111110000
Found cached RTLIL representation for module `$paramod$ef013e761c398df4aac1719d80aaad8fe000d2d3\GTP_LUT6D'.
Parameter \INIT = 64'1100001111000011001111001001011001010101010101010101010110101010

3.422. Executing AST frontend in derive mode using pre-parsed AST for module `\GTP_LUT6D'.
Parameter \INIT = 64'1100001111000011001111001001011001010101010101010101010110101010
Generating RTLIL representation for module `$paramod$a6de089f080598be21baca8a1b64257ee2edc06a\GTP_LUT6D'.
Parameter \INIT = 64'0000000000001111111111111111000011100001111000011110000111101110
Found cached RTLIL representation for module `$paramod$18e3c49cac96ff1ec183512663f2ae5fd36b7ee3\GTP_LUT6D'.
Parameter \INIT = 64'0000111011110001111100010000111001010110010101100101011001010110

3.423. Executing AST frontend in derive mode using pre-parsed AST for module `\GTP_LUT6D'.
Parameter \INIT = 64'0000111011110001111100010000111001010110010101100101011001010110
Generating RTLIL representation for module `$paramod$2fd717183e4fe70bb846e0fe1042a449f29c7496\GTP_LUT6D'.
Parameter \INIT = 64'1110111000010001111011100001111000001111000011110000111111110000
Found cached RTLIL representation for module `$paramod$ef013e761c398df4aac1719d80aaad8fe000d2d3\GTP_LUT6D'.
Parameter \INIT = 64'0011110011000011001011011101001001010101010101010110011001100110

3.424. Executing AST frontend in derive mode using pre-parsed AST for module `\GTP_LUT6D'.
Parameter \INIT = 64'0011110011000011001011011101001001010101010101010110011001100110
Generating RTLIL representation for module `$paramod$5e432a97eda176f9ba612b069e5e66326ecc54ba\GTP_LUT6D'.
Parameter \INIT = 64'1110111000010001111011100001111000001111000011110000111111110000
Found cached RTLIL representation for module `$paramod$ef013e761c398df4aac1719d80aaad8fe000d2d3\GTP_LUT6D'.
Parameter \INIT = 64'1110111000010001111011100001111000001111000011110000111111110000
Found cached RTLIL representation for module `$paramod$ef013e761c398df4aac1719d80aaad8fe000d2d3\GTP_LUT6D'.
Parameter \INIT = 64'1111111100000101110011000011011001010101010110100101010101011010

3.425. Executing AST frontend in derive mode using pre-parsed AST for module `\GTP_LUT6D'.
Parameter \INIT = 64'1111111100000101110011000011011001010101010110100101010101011010
Generating RTLIL representation for module `$paramod$94b5ade23d86fd79cf32c8d87cc3e527f3e8cda1\GTP_LUT6D'.
Parameter \INIT = 64'0110011010011001011001101001011000001111000011110000111111110000

3.426. Executing AST frontend in derive mode using pre-parsed AST for module `\GTP_LUT6D'.
Parameter \INIT = 64'0110011010011001011001101001011000001111000011110000111111110000
Generating RTLIL representation for module `$paramod$f9f6234ce3a3e1f3ab418b73b86f0f7989b66363\GTP_LUT6D'.
Parameter \INIT = 64'1111000111110001111100010000111001010110010101100101011001010110
Found cached RTLIL representation for module `$paramod$ff20b28215c786502f6d8f553706ed9cd1c0163a\GTP_LUT6D'.
Parameter \INIT = 64'1110111000010001111011100001111000001111000011110000111111110000
Found cached RTLIL representation for module `$paramod$ef013e761c398df4aac1719d80aaad8fe000d2d3\GTP_LUT6D'.
Parameter \INIT = 64'0000111011110001111100010000111001010110010101100101011001010110
Found cached RTLIL representation for module `$paramod$2fd717183e4fe70bb846e0fe1042a449f29c7496\GTP_LUT6D'.
Parameter \INIT = 64'0110011010011001011001100110100111110000111100001111000000001111

3.427. Executing AST frontend in derive mode using pre-parsed AST for module `\GTP_LUT6D'.
Parameter \INIT = 64'0110011010011001011001100110100111110000111100001111000000001111
Generating RTLIL representation for module `$paramod$ed8f9e63e69cf57268f82d403c715a6a32c6ec55\GTP_LUT6D'.
Parameter \INIT = 64'0110011010011001011001101001011000001111000011110000111111110000
Found cached RTLIL representation for module `$paramod$f9f6234ce3a3e1f3ab418b73b86f0f7989b66363\GTP_LUT6D'.
Parameter \INIT = 64'1111111110101010000000000101010101010110010101100101011000000011

3.428. Executing AST frontend in derive mode using pre-parsed AST for module `\GTP_LUT6D'.
Parameter \INIT = 64'1111111110101010000000000101010101010110010101100101011000000011
Generating RTLIL representation for module `$paramod$6af2ed1b693fea7facb300baf239feb23fc3234e\GTP_LUT6D'.
Parameter \INIT = 64'0000111000001110000011101111000110101001101010011010100110101001

3.429. Executing AST frontend in derive mode using pre-parsed AST for module `\GTP_LUT6D'.
Parameter \INIT = 64'0000111000001110000011101111000110101001101010011010100110101001
Generating RTLIL representation for module `$paramod$689b59e48d656491df354bee71832baf96404025\GTP_LUT6D'.
Parameter \INIT = 16'0101011000110010
Found cached RTLIL representation for module `$paramod\GTP_LUT4D\INIT=16'0101011000110010'.
Parameter \INIT = 64'0000000000001111111111111111000011100001111000011110000111101110
Found cached RTLIL representation for module `$paramod$18e3c49cac96ff1ec183512663f2ae5fd36b7ee3\GTP_LUT6D'.
Parameter \INIT = 64'1111001011110010111100100000110110101001101010011010100110101001
Found cached RTLIL representation for module `$paramod$aad629be944731f342bdb82c223c6c1bfdd5ac3d\GTP_LUT6D'.
Parameter \INIT = 64'0110011010011001011001101001011000001111000011110000111111110000
Found cached RTLIL representation for module `$paramod$f9f6234ce3a3e1f3ab418b73b86f0f7989b66363\GTP_LUT6D'.
Parameter \INIT = 64'0000110100001101000011011111001001010110010101100101011001010110

3.430. Executing AST frontend in derive mode using pre-parsed AST for module `\GTP_LUT6D'.
Parameter \INIT = 64'0000110100001101000011011111001001010110010101100101011001010110
Generating RTLIL representation for module `$paramod$28d685373500be36f8ce26df9588658b8b625e63\GTP_LUT6D'.
Parameter \INIT = 64'1110111000010001111011100001111000001111000011110000111111110000
Found cached RTLIL representation for module `$paramod$ef013e761c398df4aac1719d80aaad8fe000d2d3\GTP_LUT6D'.
Parameter \INIT = 64'1110111000010001111011100001111000001111000011110000111111110000
Found cached RTLIL representation for module `$paramod$ef013e761c398df4aac1719d80aaad8fe000d2d3\GTP_LUT6D'.

3.431. Analyzing design hierarchy..
Top module:  \/Users/yoyowang/Desktop/benchmark/square.aig
Used module:     $paramod$48a85bb5e949702506db52bcf7757d6246ae6613\GTP_LUT6
Used module:     $paramod$7fd492bf0a0f3afa506da4ca0d6c7d40a5331ef3\GTP_LUT6
Used module:     $paramod$b55fd927845dbd6ffb3fa8f3c2d896dab9514d97\GTP_LUT6
Used module:     $paramod$59d1e71730573726016523635ae12d9a36d2e6b7\GTP_LUT6
Used module:     $paramod$12ac32869a3b0344482a06de893b1c422a497c6b\GTP_LUT6
Used module:     $paramod$6467decad80f9f1fe527a343c1088f0670b6a372\GTP_LUT6
Used module:     $paramod$6bfd9d45ef108fbad97b24bc286ca5f3d8b7f79e\GTP_LUT6
Used module:     $paramod$92432f548d7ca0e4c4185505e90b3fa0b62d6924\GTP_LUT6
Used module:     $paramod$ac66e494c4be501c3d49c47fc7813e43a763fc64\GTP_LUT6
Used module:     $paramod\GTP_LUT5\INIT=32'01101010110000001010101000000000
Used module:     $paramod\GTP_LUT5\INIT=32'01101010101010101100000000000000
Used module:     $paramod\GTP_LUT5\INIT=32'00010111010111110011111111111111
Used module:     $paramod\GTP_LUT4\INIT=16'0000011101111111
Used module:     $paramod\GTP_LUT4\INIT=16'0110101011000000
Used module:     $paramod$3a6e9495d5afb08ad962fec0ebf5994add62776c\GTP_LUT6
Used module:     $paramod$88ecfd519a593b02863949e357d92dadc8620ded\GTP_LUT6
Used module:     $paramod$e5e6f7e2ab96be144dbe833de97381db82a1fa1d\GTP_LUT6
Used module:     $paramod$94f20f7d0c9aae7c47ecc41a547a65f9ef39d378\GTP_LUT6
Used module:     $paramod$a1511ba38539040212dedd60949334e4bf9b6581\GTP_LUT6
Used module:     $paramod$5a413251865d8e1bc32ebedd8698d5af28e12c77\GTP_LUT6
Used module:     $paramod$8440634061c2441cf479cde1e76adfe36d754c4a\GTP_LUT6
Used module:     $paramod$1aed1bd51084353e2ff3ae0ccd5cf26011f5be2f\GTP_LUT6
Used module:     $paramod$726f6e6b8eb65559506f6484e457a3e611fabfae\GTP_LUT6
Used module:     $paramod$64b8335b011477a280d097ee50de23d0145fcc23\GTP_LUT6
Used module:     $paramod$dae4bafca685724005edcc627102ec72e7ebc31d\GTP_LUT6
Used module:     $paramod$764bfef1fa975c5f081ca07d2a9b85c1530a2c71\GTP_LUT6
Used module:     $paramod$49a9ae3d8ab882e44adc77bbd7027b7065492957\GTP_LUT6
Used module:     $paramod$867086545fcaa2e16e01d416e759193b8e333a73\GTP_LUT6
Used module:     $paramod$1bf5f01e89e88db1b71cf1bf591a780e8e647546\GTP_LUT6
Used module:     $paramod$0132707043af44768e7194e3705eadec9c3fb24a\GTP_LUT6
Used module:     $paramod$b712cf90160771eaf7e5acf4c07c8301b78b00fc\GTP_LUT6
Used module:     $paramod$3c52d5d39ec61cc6d8a4dd6cb7e7fdff347d903a\GTP_LUT6
Used module:     $paramod$8878fdbd9d1bbd8f72548b104ef61a9c839441d2\GTP_LUT6
Used module:     $paramod$94feb00ebd250758b5e63fe40f44940c6e7beef7\GTP_LUT6
Used module:     $paramod$57d4540bed4400ca4c15cd32673b185984fcd923\GTP_LUT6
Used module:     $paramod$2f489a486f5a06ef3bd6e0eacd3934f6e108b72b\GTP_LUT6
Used module:     $paramod$5c8f5a1e895625da662ffbd7439a045d67b57581\GTP_LUT6
Used module:     $paramod$be66b92a3fea7b9f986926c398c1c6396ec4a30e\GTP_LUT6
Used module:     $paramod$a1bcbcca366820977776540231deb961d9afe78f\GTP_LUT6
Used module:     $paramod$bd76311fcf844849a61e905d019ffc7a3406029e\GTP_LUT6
Used module:     $paramod$74df0c059e368f19eecb85dfb15cf0d0809369bb\GTP_LUT6
Used module:     $paramod$4fe3c47d34a6cba089d23c9e6612e7500e1f39a2\GTP_LUT6
Used module:     $paramod$adf3dd5018d998ae37ead9a4500aee8ff03c91c2\GTP_LUT6
Used module:     $paramod$f8a3dd51288903ceed8abaeb186afc29b5acdb54\GTP_LUT6
Used module:     $paramod$4266998066c7ad651b87ae34280e91df756dca68\GTP_LUT6
Used module:     $paramod$a0cf5aacf0a5b797b10571b7047ba989362d24ae\GTP_LUT6
Used module:     $paramod\GTP_LUT5\INIT=32'01111111111111110001010100111111
Used module:     $paramod\GTP_LUT3\INIT=8'10010110
Used module:     $paramod\GTP_LUT3\INIT=8'01101001
Used module:     $paramod\GTP_LUT3\INIT=8'01111000
Used module:     $paramod$7e8ecca2bd2c9fda89b7ba83f498fbd173b64e0b\GTP_LUT6
Used module:     $paramod$cba11352ba53629a69e702b21269efbb2cb8e9ad\GTP_LUT6
Used module:     $paramod$2beb185c22887f268a50528d32c1cb92ccd76cd9\GTP_LUT6
Used module:     $paramod$3d12581d3b6769b173f1a7cfc3f1a3c7da76fefa\GTP_LUT6
Used module:     $paramod$766b74ed0a23643dd9f0a6fedba5c1ced1709ce1\GTP_LUT6
Used module:     $paramod$a8b1afe13ee8622579e13242c41d8e298d56d78b\GTP_LUT6
Used module:     $paramod$a337bf0720f062fe2d1eaaefb7cd288c26633345\GTP_LUT6
Used module:     $paramod$78eccde7a79bd52d879f036e873d4c48515a8778\GTP_LUT6
Used module:     $paramod$482dc977fd7e8b4ab09a1188870acf311062c5ed\GTP_LUT6
Used module:     $paramod$5ea42884caf04ae3b01befd0cb51bbb80b32d0a8\GTP_LUT6
Used module:     $paramod$b917d2b761d381d92b9eb18a23412ef1f861ec4d\GTP_LUT6
Used module:     $paramod$19f927d2f6a920ba04d2bfc4c6cb54ef65ddfede\GTP_LUT6
Used module:     $paramod$d7d407888f59647f64fa496cea469ac2e17f8f9a\GTP_LUT6
Used module:     $paramod$e5afda3d2dd044cda91dbb2e31584a70e4804492\GTP_LUT6
Used module:     $paramod$d0cf47df126b9a12683e41fad27274f46975429e\GTP_LUT6
Used module:     $paramod$b184ec6658a6b2c5d1a59071c7bfeecaa360583b\GTP_LUT6
Used module:     $paramod$4077707f010ef703530072299fda9f3e8d6ffc71\GTP_LUT6
Used module:     $paramod$5fda04d5d57b9ccbb0ac45f827652a74642e681f\GTP_LUT6
Used module:     $paramod$e0fd915e88d0b7058285d06b71e3afeb12d6298a\GTP_LUT6
Used module:     $paramod$74f4573eca16316e285c79669f651197afc10679\GTP_LUT6
Used module:     $paramod$4c4744fc4302f0212b5667a415623e634b8ed269\GTP_LUT6
Used module:     $paramod$b4d4f8fdface0caed4044d8d8861d9edace8c0da\GTP_LUT6
Used module:     $paramod$94072227f91099d47075184142f7eba0504e4c27\GTP_LUT6
Used module:     $paramod$7549ab39c5834d291d308c5e669e587cbb8395a9\GTP_LUT6
Used module:     $paramod$cc4968eeaaac61ecfa13ac52d930a4c5e53952e7\GTP_LUT6
Used module:     $paramod$4cfc4f285e31c93403c29df665f7a45b57632146\GTP_LUT6
Used module:     $paramod$64af08bf0355334b280973211717b33f130d98c6\GTP_LUT6
Used module:     $paramod$84a9d4eb5398a9002dc529ace70de9010f3200e5\GTP_LUT6
Used module:     $paramod$3280820811b65f473700fc399314a7b8be580ecb\GTP_LUT6
Used module:     $paramod$a462b396dd5357198b1eeb934be2587d893688d7\GTP_LUT6
Used module:     $paramod\GTP_LUT5\INIT=32'11011101110101001101010001000100
Used module:     $paramod$c0c31601edfb16d56bbe244b473a5784c1f34d05\GTP_LUT6
Used module:     $paramod$36c467f04866d0857a7616ea014a57428f8c597e\GTP_LUT6
Used module:     $paramod\GTP_LUT5\INIT=32'01110001011101110001000101110001
Used module:     $paramod$0215b9386c9fcb2322798053b908b4a664f2619a\GTP_LUT6
Used module:     $paramod$b7023907727181d9521d6870be862a56953b99f4\GTP_LUT6
Used module:     $paramod$438c5599d40ac7f13269490792bf4709efe76cdc\GTP_LUT6
Used module:     $paramod$287b2fdafa267d96c99a6988580a3c071105ef90\GTP_LUT6
Used module:     $paramod$2457e1475f23d6be9cda081bd9f7443a3b41af10\GTP_LUT6
Used module:     $paramod$896521207469e938a1da1f22d2d4e85a67fa681d\GTP_LUT6
Used module:     $paramod$d2e424404acf8b0c7fa86135cfea8babbba53f74\GTP_LUT6
Used module:     $paramod$ce63b3a4457701f807af6f01a24d02778bb4456d\GTP_LUT6
Used module:     $paramod$499c014a86cd269ed67edfffde8a2b77ee3ce201\GTP_LUT6
Used module:     $paramod$ab40e838bedd6a423fab36e2d5a5eec38d2d34e1\GTP_LUT6
Used module:     $paramod$29ed4a338ac22fc5e8ee67904c699e7f572c14da\GTP_LUT6
Used module:     $paramod$f2b8da729649a8d2feb523ab9a0b10d65898f949\GTP_LUT6
Used module:     $paramod\GTP_LUT5\INIT=32'01111111111111111000000000000000
Used module:     $paramod\GTP_LUT5\INIT=32'00010011011111110101111111111111
Used module:     $paramod\GTP_LUT5\INIT=32'00110110110011001111000000000000
Used module:     $paramod\GTP_LUT3\INIT=8'11101000
Used module:     $paramod\GTP_LUT3\INIT=8'01110001
Used module:     $paramod$e349a9cb49987b51edb9b18c45e133b59172192d\GTP_LUT6
Used module:     $paramod$7f310c031abf6ea28da3f20c3ba498c92be5ad72\GTP_LUT6
Used module:     $paramod$6950509d3d2e3f206decccbf10860df5aaa64e11\GTP_LUT6
Used module:     $paramod$d7c1b3ffb162b310754e6884a5ab5950fa3b1d9e\GTP_LUT6
Used module:     $paramod$53f99ec2f205572e230561fb7f42f46fb4b2cc28\GTP_LUT6
Used module:     $paramod$624c1ae8784051b17d1951180958cf023a63dc4e\GTP_LUT6
Used module:     $paramod$449e76a3f162b4994ae70121d92f978485a88eda\GTP_LUT6
Used module:     $paramod$f9d6ba46b5e7e0c319fb105ca079b159c4cf13a0\GTP_LUT6
Used module:     $paramod$690ba2cb64cbec03df638ccb222aee90e38c0510\GTP_LUT6
Used module:     $paramod$658b75cdf0c4cccb5d263cb64b3d409e538de9c0\GTP_LUT6
Used module:     $paramod$896a1ea03261249c174be69826e523550df27e60\GTP_LUT6
Used module:     $paramod$d00530ea8be1cb230b47551c619abb9f8db6711f\GTP_LUT6
Used module:     $paramod$2c498106e179a2fa865dadfc0d4062f2fc7444db\GTP_LUT6
Used module:     $paramod\GTP_LUT5\INIT=32'01101100101000001100110000000000
Used module:     $paramod\GTP_LUT4\INIT=16'0110100110010110
Used module:     $paramod\GTP_LUT3\INIT=8'10110010
Used module:     $paramod$00acfbe07a2e01f5bfd3c7b34b96e6b91caedef9\GTP_LUT6
Used module:     $paramod$86c3bfa17e6be7cc0c1dbea535b77f1b4110409d\GTP_LUT6
Used module:     $paramod$36d275c52c0e84d1e9bf55f690c48925690bb44a\GTP_LUT6
Used module:     $paramod$6c77681810c9c67d7588e3607e96c123e936f4c3\GTP_LUT6
Used module:     $paramod$4b3fbf1d2fddb58b60179f3e83d0d784a176bd45\GTP_LUT6
Used module:     $paramod\GTP_LUT3\INIT=8'10000100
Used module:     $paramod\GTP_LUT5\INIT=32'10000111011110000111011110001000
Used module:     $paramod$3eeda1f05e29e62640389e4b594c3e4acefb3b8a\GTP_LUT6
Used module:     $paramod$545d8b0c68aa9eef7d5fdbc0a8cfd3c5977ed058\GTP_LUT6
Used module:     $paramod$466e63a211eb8f97be13400ebafd4b0931ce514b\GTP_LUT6
Used module:     $paramod$972112a20b5472094a0cc3542b63f32ab0dfc5cc\GTP_LUT6
Used module:     $paramod$7ca2a7afbe87be73ca7343f5aa69f615c6bb9318\GTP_LUT6
Used module:     $paramod$498d4458e0cc14fd993b6044999ec4b5905d71fb\GTP_LUT6
Used module:     $paramod$7f53fefbdb95d928d57b2a52f54d0e24414c0507\GTP_LUT6
Used module:     $paramod$2a67350ca240a316ffd07b0e35788d12ec9eafdc\GTP_LUT6
Used module:     $paramod$ce4c43c670a7dce17baa8b138f06d312637dfa1d\GTP_LUT6
Used module:     $paramod$378dd0d0ba808ff0984abf7c537191041eba26ae\GTP_LUT6
Used module:     $paramod$6222f9e28f0faf5cfe01b7f1bf9e1a2568222e5e\GTP_LUT6
Used module:     $paramod$863410447d6752341c4394e2ea68df4d55f9f555\GTP_LUT6
Used module:     $paramod$6dd7cfecae4e453deeac25f937bea7d1ae1ad3b9\GTP_LUT6
Used module:     $paramod$720b88ffb77f6aef7d1ff2223e67106ea77a052a\GTP_LUT6
Used module:     $paramod$a8ece0b410c4a86760c985a5ff6aabb529230a69\GTP_LUT6
Used module:     $paramod$5f2c97c1622ecb1dc65c5028c0d836b8ad453609\GTP_LUT6
Used module:     $paramod$13673008ed6f5a820840637ae1727994affe63b4\GTP_LUT6
Used module:     $paramod$9a34bef127112b01c94062c59de5f288c07e0f4f\GTP_LUT6
Used module:     $paramod$02374f4a65d3b5609cc7b0641a42ea302923c6c2\GTP_LUT6
Used module:     $paramod$f3c0a4b7dd5f2f3c43e1ec3e1678778539f3fcd2\GTP_LUT6
Used module:     $paramod$50a884ab3ddd18687c8b7a80b03766c3410d0e36\GTP_LUT6
Used module:     $paramod$701bf4c3a4d10d60e0e45ab02637a46118e0b77c\GTP_LUT6
Used module:     $paramod$083e02367a9b486f9a5fe907fbc96b21dfe4020c\GTP_LUT6
Used module:     $paramod$89a4099056da44912103a78bfb33ea9812de148a\GTP_LUT6
Used module:     $paramod$e783d5a768f55ca56da7f1653c7e3f232c6a9d6e\GTP_LUT6
Used module:     $paramod$b43a7e0ec80a203a2d0a6f330a15d15d148158df\GTP_LUT6
Used module:     $paramod$65df2eb63d0fb78f4b7d7b1a2981e6c393a98f6b\GTP_LUT6
Used module:     $paramod$68b2fd58e3d43fd00b3d39eed98662d593eabe16\GTP_LUT6
Used module:     $paramod$4adcd1876a269811694e958bf6596635d8061f5e\GTP_LUT6
Used module:     $paramod$45ef40a1792c1e17548c8e2a9aa9d3dba0ce40b1\GTP_LUT6
Used module:     $paramod$28f67a43c0359762428216162537090a6be97fb7\GTP_LUT6
Used module:     $paramod\GTP_LUT5\INIT=32'01111000100001111000011101111000
Used module:     $paramod\GTP_LUT3\INIT=8'11010100
Used module:     $paramod\GTP_LUT3\INIT=8'11100100
Used module:     $paramod$d0a0894eaf84dfd1b838a18763ae0766ed689a90\GTP_LUT6
Used module:     $paramod$f34182c923e55107854cf6f9e837941d1e788ccf\GTP_LUT6
Used module:     $paramod$2682816559f905ccaf80be70e1bebe31afa6ed29\GTP_LUT6
Used module:     $paramod$a0e638ed2b98d14b6e3496c507f435232b266ed3\GTP_LUT6
Used module:     $paramod$e8740bdee71f5ad9e3ec22bb9e152aa81ac0f7c3\GTP_LUT6
Used module:     $paramod$7da7bb8d70aa694811df0ec2128556c73088bc2c\GTP_LUT6
Used module:     $paramod$8a7ee3a8ac6edb58a63467beb041fa403c691363\GTP_LUT6
Used module:     $paramod$c79624e77cce1c2d2afe3d539f9259a3a31e71fd\GTP_LUT6
Used module:     $paramod$a3150a4b5d0c3ddde8dfb8a72b1fe52f5a91c09c\GTP_LUT6
Used module:     $paramod$7fe4e5f595ef699cb797f050d41f9fea9d16cf75\GTP_LUT6
Used module:     $paramod$b25a96f090086eccde3c615b2aeb5f029eaefb82\GTP_LUT6
Used module:     $paramod$5a502b913ccc3d596cb2ca6e40b8814fba761ded\GTP_LUT6
Used module:     $paramod$d91852a0950cafd75f5ed00c6b0afddde4206362\GTP_LUT6
Used module:     $paramod$89b381a9a0f5c0a39f55985ab7be721540ca1b36\GTP_LUT6
Used module:     $paramod$0ce858d7f4edd6b15605d911866f45f6ee759d3e\GTP_LUT6
Used module:     $paramod$c6b2821ac13c3affad728c37b238cbedb707bbd3\GTP_LUT6
Used module:     $paramod$ad51114504007efb9dfce151e45cc8c84d1f2230\GTP_LUT6
Used module:     $paramod$e9dcee75cec4632edba7eeb1bc213028fb169d9f\GTP_LUT6
Used module:     $paramod$ad30a2f777cea0b04e4a8841fb9de427ab3402bf\GTP_LUT6
Used module:     $paramod$c1d4e033a2f2e62d94466c00803847a20b9f5614\GTP_LUT6
Used module:     $paramod\GTP_LUT5\INIT=32'01000100010001000101010101010100
Used module:     $paramod\GTP_LUT5\INIT=32'00001000100010101010111011101111
Used module:     $paramod$dcfa9fcb1ee52fe55381440f807d08900746d5ff\GTP_LUT6
Used module:     $paramod$b5147093475f556008a6df7af93b957ab27646ca\GTP_LUT6
Used module:     $paramod$dd67c07ec6dbc0d6076981e03596e24ed6165c59\GTP_LUT6
Used module:     $paramod$16fceda44832702febc7994c20b21088f6f33ae3\GTP_LUT6
Used module:     $paramod$1db71f7f0dccedd60f67883d711aa9779cb86696\GTP_LUT6
Used module:     $paramod$6c7e0c236158d4faaa74469ea246f31a4fb7750f\GTP_LUT6
Used module:     $paramod$b403c3635bd03bc2b9c58d3e8fecbe43eed888d5\GTP_LUT6
Used module:     $paramod\GTP_LUT5\INIT=32'00001111011110000111100011110000
Used module:     $paramod\GTP_LUT5\INIT=32'01110111111111110111111111111111
Used module:     $paramod$b8d73a74d0dbd175317167bbbfc832f2bffe2a6e\GTP_LUT6
Used module:     $paramod$50f271df700185531e36c1a06bf8119c566ff282\GTP_LUT6
Used module:     $paramod$01a45e7502db9d14a2bf7ebe6e7bddb9a35a55ef\GTP_LUT6
Used module:     $paramod$ec3fab463e0064e29817e63da1a086c690502da3\GTP_LUT6
Used module:     $paramod$9494c7749024882b6143231ebfad33c0f83710a5\GTP_LUT6
Used module:     $paramod$f5766d85f68b62f93851b5e5d16f49c8098e89fc\GTP_LUT6D
Used module:     $paramod\GTP_LUT4D\INIT=16'1000100011000000
Used module:     $paramod\GTP_LUT5D\INIT=32'10001000100010001111000000000000
Used module:     $paramod\GTP_LUT5D\INIT=32'00000000000011111000100010001000
Used module:     $paramod\GTP_LUT5D\INIT=32'00010001000100010000000000001111
Used module:     $paramod$82fd09ec4a857adc943c881689d1dc38b2865766\GTP_LUT6D
Used module:     $paramod$bc0fbea881818c64425bb00960eacfe1f6b95c91\GTP_LUT6D
Used module:     $paramod$e0d39b478ad95b296dd3f847743428e3eda1e32c\GTP_LUT6D
Used module:     $paramod\GTP_LUT5D\INIT=32'00001111001111111010000010100000
Used module:     $paramod\GTP_LUT4D\INIT=16'1010000010001000
Used module:     $paramod\GTP_LUT5D\INIT=32'10101010000000000110101011000000
Used module:     $paramod$079d7f106020a41058c92a84c1a209594c205d93\GTP_LUT6D
Used module:     $paramod$792c1b04b9fb0ceb1a263f284c5297ae4a2cd6be\GTP_LUT6D
Used module:     $paramod$45a27bc51efbc019d097b4738884e9e24f158292\GTP_LUT6D
Used module:     $paramod$65b8e9ccbf31a6052b42a41b984bbb28cc09881c\GTP_LUT6D
Used module:     $paramod$5616e8c6647888a2a0a1a4cb968843643cd7f7de\GTP_LUT6D
Used module:     $paramod$4ce288b07d69340bec87c2fc392d6fc16325ddcc\GTP_LUT6D
Used module:     $paramod\GTP_LUT4D\INIT=16'1000100010100000
Used module:     $paramod\GTP_LUT5D\INIT=32'11100000110000001010000010100000
Used module:     $paramod$d3f159cf0373ef6711fc8766cf52f2ac4bf9af84\GTP_LUT6D
Used module:     $paramod$51ae4d7dd0143a8b538c33f2f5f6fa9241089db4\GTP_LUT6D
Used module:     $paramod$accc60f34cd029a6c547efdebaab1dc286dd4f33\GTP_LUT6D
Used module:     $paramod$566893ffd303b33ffbd173cc2eaffc66d9f94941\GTP_LUT6D
Used module:     $paramod$14425f3d821efef51dbe5c5f0b596f30e385f326\GTP_LUT6D
Used module:     $paramod\GTP_LUT5D\INIT=32'10100000101000000111011110001000
Used module:     $paramod\GTP_LUT4D\INIT=16'1100000010001000
Used module:     $paramod\GTP_LUT4D\INIT=16'1100000010100000
Used module:     $paramod\GTP_LUT5D\INIT=32'01011111101000001100000011000000
Used module:     $paramod\GTP_LUT5D\INIT=32'11000000110000000101111110100000
Used module:     $paramod\GTP_LUT5D\INIT=32'01011111101000001000100010001000
Used module:     $paramod\GTP_LUT5D\INIT=32'00111111110000001010000010100000
Used module:     $paramod$bcacf4e0ae6c246cb4e28093d01ae766be197551\GTP_LUT6D
Used module:     $paramod$52b265922192e34ebc1f8c83462738d67505fae7\GTP_LUT6D
Used module:     $paramod$587b6858a01e06b4518604aa84fe3073761b9252\GTP_LUT6D
Used module:     $paramod$f9253f84daf1a7143ef06701fafa6a2391c25969\GTP_LUT6D
Used module:     $paramod$bac7d1518d7313693c8fc0f911762b35b8841097\GTP_LUT6D
Used module:     $paramod$eb79400a6cc3008f9dd77c7e29d7b94b7e6a8b09\GTP_LUT6D
Used module:     $paramod$461eaa86925925867c7891a8b1d576a5f57f5c80\GTP_LUT6D
Used module:     $paramod$ad0bc15c73056a926b9ad13428fbed471776b274\GTP_LUT6D
Used module:     $paramod\GTP_LUT5D\INIT=32'11000000110000000110101011000000
Used module:     $paramod\GTP_LUT5D\INIT=32'11001100000000000110101011000000
Used module:     $paramod\GTP_LUT5D\INIT=32'11110000000000000110101011000000
Used module:     $paramod\GTP_LUT5D\INIT=32'01101010110000001010000010100000
Used module:     $paramod$a5842511a65ac0d6b27b796c307bbb63b792ba88\GTP_LUT6D
Used module:     $paramod$ccc687fc22bfed5eb7dc629c50fd1de4561204ee\GTP_LUT6D
Used module:     $paramod$8b95486dd31309f669b1b73886d3ef23068773a8\GTP_LUT6D
Used module:     $paramod$e4e5b67231108e709a187bcfb373463f5de7a246\GTP_LUT6D
Used module:     $paramod$1c3bee244a8aa89da65bc1079fc29e8efc2a0fd0\GTP_LUT6D
Used module:     $paramod\GTP_LUT5D\INIT=32'00000111011111110111100010000111
Used module:     $paramod$dc078186e60b10f31464b8740a6feaf1810490fd\GTP_LUT6D
Used module:     $paramod$faacfb5595f64e17d7650cb234ef114b1ac80bbb\GTP_LUT6D
Used module:     $paramod$ca2e21474a4c028594c2444a9e1b94681ef0f12f\GTP_LUT6D
Used module:     $paramod\GTP_LUT4D\INIT=16'1110100001101001
Used module:     $paramod\GTP_LUT4D\INIT=16'1101010010010110
Used module:     $paramod\GTP_LUT4D\INIT=16'1011001010010110
Used module:     $paramod\GTP_LUT4D\INIT=16'0111000101101001
Used module:     $paramod\GTP_LUT4D\INIT=16'1000111010010110
Used module:     $paramod\GTP_LUT4D\INIT=16'0001011110010110
Used module:     $paramod$e5317fe5e4c687f8256f96c40ff52d44222ab61c\GTP_LUT6D
Used module:     $paramod$192a66e747e1cddc719bfff2046a71fe2a0ddca7\GTP_LUT6D
Used module:     $paramod\GTP_LUT5D\INIT=32'11010111010000011001011001101001
Used module:     $paramod\GTP_LUT5D\INIT=32'11101011100000100110100110010110
Used module:     $paramod$af22ef23bab0aa788c207964bf3e77f8e1bb7b4f\GTP_LUT6D
Used module:     $paramod$72bbb44e66ac88fce706e610717fd13b5e9f8b58\GTP_LUT6D
Used module:     $paramod$0a5359d8a9413a398f9ab1c367897cba56909767\GTP_LUT6D
Used module:     $paramod$b45d3f8c6e2d3a308bab435dcd436e23c9301a6f\GTP_LUT6D
Used module:     $paramod\GTP_LUT4D\INIT=16'1010000011000000
Used module:     $paramod$b43935aaff2c26680a2a08950e44a911f5f05957\GTP_LUT6D
Used module:     $paramod$9b95dd04831d812a8f2f6fca1e0e9502f68d32bd\GTP_LUT6D
Used module:     $paramod$84756def7600d81113587707db7cba0d2d2fde38\GTP_LUT6D
Used module:     $paramod$6396d0107fe3b706ad37341f5caa5a154867ec28\GTP_LUT6D
Used module:     $paramod\GTP_LUT5D\INIT=32'10100000000000001100000011000000
Used module:     $paramod\GTP_LUT5D\INIT=32'01110111100010001010000010100000
Used module:     $paramod$a5a677ff7916f9fc6c86f4d55ecd506fcbea36f3\GTP_LUT6D
Used module:     $paramod$46ca8a96938e7e7795e877135c17a8c16e5feea4\GTP_LUT6D
Used module:     $paramod$a277588585edbac64b995fd345158f0a1624dc21\GTP_LUT6D
Used module:     $paramod$75d57a964b545076477f5a13045cea383965a713\GTP_LUT6D
Used module:     $paramod$f342709df73084c29c0dbb4ec24f8a320ac49dd8\GTP_LUT6D
Used module:     $paramod$e849469a07e9834c012e6dee1d652db35b80a896\GTP_LUT6D
Used module:     $paramod\GTP_LUT4D\INIT=16'1001011011010100
Used module:     $paramod\GTP_LUT4D\INIT=16'0110100111101000
Used module:     $paramod\GTP_LUT4D\INIT=16'1001011010110010
Used module:     $paramod\GTP_LUT4D\INIT=16'0110100101110001
Used module:     $paramod$424408f7b0d92f135e0661a1ea3326f85625477b\GTP_LUT6D
Used module:     $paramod\GTP_LUT4D\INIT=16'0110100101001101
Used module:     $paramod$646d9452934ff1f4403689ac922e6573fff130b9\GTP_LUT6D
Used module:     $paramod$c227beee7d0b6633681a12c732f53d75f7406f49\GTP_LUT6D
Used module:     $paramod$4c337400648cfc8a183a0f64a1495365d6a01c48\GTP_LUT6D
Used module:     $paramod\GTP_LUT4D\INIT=16'1001011000010111
Used module:     $paramod\GTP_LUT5D\INIT=32'10010110011010011101010001001101
Used module:     $paramod\GTP_LUT5D\INIT=32'01110001000101110110100110010110
Used module:     $paramod\GTP_LUT5D\INIT=32'01101001100101100111000100010111
Used module:     $paramod$2bee4e81ca119ce4b021d0554500fe8a2638da72\GTP_LUT6D
Used module:     $paramod\GTP_LUT5D\INIT=32'10010110011010011011011100100001
Used module:     $paramod$afd702b370dad90986d74142999e9939237fd44c\GTP_LUT6D
Used module:     $paramod$bda2b488a734dbae464f550d08bd83aa5c3897c5\GTP_LUT6D
Used module:     $paramod$f9cb7f213667efa119b8ddbb82e8309daa46ee87\GTP_LUT6D
Used module:     $paramod\GTP_LUT5D\INIT=32'11110111011100001000011101111000
Used module:     $paramod$3ee347b8eb17027bdc1c5d9cf8d60309eda24d51\GTP_LUT6D
Used module:     $paramod$f5013d9c3e7a0b480e544a5c4736bd034ec28e09\GTP_LUT6D
Used module:     $paramod\GTP_LUT4D\INIT=16'1001011010001110
Used module:     $paramod\GTP_LUT4D\INIT=16'0010101101101001
Used module:     $paramod\GTP_LUT4D\INIT=16'0110100100101011
Used module:     $paramod$9bfe1fc7e662ed4b2422775b1593ebc46b7acd7f\GTP_LUT6D
Used module:     $paramod$e5468bc1998948aab1f109c48abb89fc9285fa6f\GTP_LUT6D
Used module:     $paramod\GTP_LUT5D\INIT=32'01001101000101110110100110010110
Used module:     $paramod\GTP_LUT5D\INIT=32'10110010011100011001011001101001
Used module:     $paramod\GTP_LUT5D\INIT=32'11010100010011011001011001101001
Used module:     $paramod\GTP_LUT5D\INIT=32'11101000100011100110100110010110
Used module:     $paramod$045503028675733ff521ef9bb26ab9711360a7e0\GTP_LUT6D
Used module:     $paramod$041eeb8ca027beea9e7089c315ad1121279e684b\GTP_LUT6D
Used module:     $paramod$7dba0df27b713e1ade7e04386f48f97b1b78f612\GTP_LUT6D
Used module:     $paramod\GTP_LUT5D\INIT=32'01000001110101110110100110010110
Used module:     $paramod\GTP_LUT5D\INIT=32'10000010111010111001011001101001
Used module:     $paramod\GTP_LUT5D\INIT=32'00101011000101110110100110010110
Used module:     $paramod\GTP_LUT5D\INIT=32'11010100011100011001011001101001
Used module:     $paramod\GTP_LUT5D\INIT=32'11101101100001000110100110010110
Used module:     $paramod$8b81b0340b58145395b36109b3cfa5f2194a1940\GTP_LUT6D
Used module:     $paramod$7b43697e6515e4863f7c0521b280df4f1a0c2bd5\GTP_LUT6D
Used module:     $paramod$b3bca92b941b3d50f7e0e81cda24110640603ffc\GTP_LUT6D
Used module:     $paramod\GTP_LUT4D\INIT=16'0100110101101001
Used module:     $paramod$e5e88c39be3c3fb561da7de1ef83c269f7e362a0\GTP_LUT6D
Used module:     $paramod$f6c484a0be2fd4be04d76996c560c15665b7b796\GTP_LUT6D
Used module:     $paramod$e4278326aba8f2dd1db70844d2bad8de5b64e03c\GTP_LUT6D
Used module:     $paramod$f48316f994bd232a17e7c3e28e4c6655b36b3108\GTP_LUT6D
Used module:     $paramod$caa0b9947decf319d9604d7cd0bbf5e953fa2ff0\GTP_LUT6D
Used module:     $paramod$6ee9493966bcdfeed2dc567584aafba3dcd570a1\GTP_LUT6D
Used module:     $paramod$9430417ab359a9039892304443ef406f18cd01a1\GTP_LUT6D
Used module:     $paramod$b9dd3aaa281b66977aecb88969c7af2bdec62ccc\GTP_LUT6D
Used module:     $paramod$37de09523644bd4786ba6a65702fc6620f3d0387\GTP_LUT6D
Used module:     $paramod$dd648868ea6ba38ed25f185e0539aa602d5bb959\GTP_LUT6D
Used module:     $paramod$192f0f92f03c10a98d9b857dbe8d00dc234d70d6\GTP_LUT6D
Used module:     $paramod$674140076e09b99a17045ac315d541717543bf04\GTP_LUT6D
Used module:     $paramod\GTP_LUT5D\INIT=32'10010110011010011011001001110001
Used module:     $paramod\GTP_LUT5D\INIT=32'10010110011010011101010001110001
Used module:     $paramod\GTP_LUT5D\INIT=32'01101001100101101110100010001110
Used module:     $paramod$51534d2ba4f07583e098a0bc643f50c58bbc8740\GTP_LUT6D
Used module:     $paramod\GTP_LUT5D\INIT=32'10010110011010011000111001001101
Used module:     $paramod$ca7d537f3e0cf5248174d82ceab1a434a4747e0a\GTP_LUT6D
Used module:     $paramod$77d2ce02e515de40efb3ab14dfa747f81dd4e833\GTP_LUT6D
Used module:     $paramod$0100bdbfe743b8306a52009e3c439c5178859b14\GTP_LUT6D
Used module:     $paramod$7d378b8f9a24eacb488b7ef453385629c2f4e98f\GTP_LUT6D
Used module:     $paramod$a4e773bdb86d5407d3775a4e627de8c60e9a7700\GTP_LUT6D
Used module:     $paramod$cd0b11397aa8ea9a8f03a4b44328ec6b3fc03a2e\GTP_LUT6D
Used module:     $paramod$ef3cedfffb1cc58c2914b8414f62964cbcaed6f2\GTP_LUT6D
Used module:     $paramod$16db2107d645ca722e86e2a2ae8922798eba9f0d\GTP_LUT6D
Used module:     $paramod$41203a1cf9cc8ad1c6d32e100a89bf8100953857\GTP_LUT6D
Used module:     $paramod$566b422e6d23417fe042c25ac5d8fe7d4d40e651\GTP_LUT6D
Used module:     $paramod\GTP_LUT5D\INIT=32'01100000111101100110100110010110
Used module:     $paramod$561864b2a1657646751c30c1591a22a6f6c15c99\GTP_LUT6D
Used module:     $paramod$beea3bfbba2712cedeaa818584f241f2d2d9b563\GTP_LUT6D
Used module:     $paramod$6a368736056b4ce04ae6c2fc9294f58ee131124f\GTP_LUT6D
Used module:     $paramod$5335c1dc0b95d0eb75a29f0a65ca642575fd6f6b\GTP_LUT6D
Used module:     $paramod\GTP_LUT5D\INIT=32'10101010000000000110110001101100
Used module:     $paramod$e17f264fb540b58f01e85780e3b1191022ce5373\GTP_LUT6D
Used module:     $paramod$235d75f93174a80de048cce9d43f7f7fd8c8aa26\GTP_LUT6D
Used module:     $paramod\GTP_LUT5D\INIT=32'01101010110000001100110000000000
Used module:     $paramod\GTP_LUT5D\INIT=32'10000000000000001100110000000000
Used module:     $paramod$4bcbb3ff94202bff8b7376bf018df708a5f24318\GTP_LUT6D
Used module:     $paramod$f9f00afb02a2e5c11ef330efdbc5df728bc85de2\GTP_LUT6D
Used module:     $paramod$a82c0463d02540e0a7f9784e5ed52a4e3e5a5699\GTP_LUT6D
Used module:     $paramod$5dddb8a83a7958c91cd8b8f4cb13a2876beffa27\GTP_LUT6D
Used module:     $paramod$11ea9539faeab8ad6397592aa229b4fd37b37e9c\GTP_LUT6D
Used module:     $paramod$2fb6dc72bc766eb954a0f7f1e34ff4c3b27d631e\GTP_LUT6D
Used module:     $paramod$617a130b4f226e4fce22bd8bfec7b9f988b7dd0c\GTP_LUT6D
Used module:     $paramod$f4ed46341bbc5250de7c79a96d24ab98122da13f\GTP_LUT6D
Used module:     $paramod$2fc747a06aa02c9c0e31445ea2ca6f13df4d8df1\GTP_LUT6D
Used module:     $paramod\GTP_LUT4D\INIT=16'1001100111010100
Used module:     $paramod\GTP_LUT5D\INIT=32'11000000001111111000100010001000
Used module:     $paramod\GTP_LUT5D\INIT=32'10010110011010010101010110101010
Used module:     $paramod$ae2ac0e88ea2a877797ca01d513a61348a58193f\GTP_LUT6D
Used module:     $paramod\GTP_LUT5D\INIT=32'01101001100101100000100110011111
Used module:     $paramod$2e3d7cb72f95cc27d216817ef36382d14e859b7f\GTP_LUT6D
Used module:     $paramod$f4d4a5713a4fcb2fbfa0d857d1e4a9fb3626d76f\GTP_LUT6D
Used module:     $paramod\GTP_LUT5D\INIT=32'00001111111100000110100110010110
Used module:     $paramod$ee5df6e3da3e83e569d700d82fa2d99327d94809\GTP_LUT6D
Used module:     $paramod\GTP_LUT5D\INIT=32'01101001100101101110100011010100
Used module:     $paramod\GTP_LUT5D\INIT=32'10010110011010011001111100001001
Used module:     $paramod\GTP_LUT4D\INIT=16'1001100101001101
Used module:     $paramod$547805a2fd0fc1765a0bde8c8fd6439ce19fea24\GTP_LUT6D
Used module:     $paramod$664cacc35d1c9ea56773ae7351fa0da8a2667fb5\GTP_LUT6D
Used module:     $paramod\GTP_LUT5D\INIT=32'10001000100010000000000000001111
Used module:     $paramod\GTP_LUT4D\INIT=16'0111000110100101
Used module:     $paramod$b27203028ec8c6d237d1e75af9ad331d19af119a\GTP_LUT6D
Used module:     $paramod\GTP_LUT4D\INIT=16'0010001001000100
Used module:     $paramod\GTP_LUT5D\INIT=32'00000000000011110010001000100010
Used module:     $paramod\GTP_LUT4D\INIT=16'0100010000100010
Used module:     $paramod$107ffcb12250428395ca905a84eaaa2c758e705e\GTP_LUT6D
Used module:     $paramod\GTP_LUT4D\INIT=16'0001010010000010
Used module:     $paramod\GTP_LUT5D\INIT=32'00010100010000011000001000101000
Used module:     $paramod\GTP_LUT5D\INIT=32'01101001100101100110111100000110
Used module:     $paramod$a6d744d7a333dd8443a7b9f8082f86a9aef030b4\GTP_LUT6D
Used module:     $paramod\GTP_LUT4D\INIT=16'1000100000010001
Used module:     $paramod\GTP_LUT4D\INIT=16'1001000000000110
Used module:     $paramod$1d2c572f3c9322bb031065c6fb74b408b9d7716f\GTP_LUT6D
Used module:     $paramod\GTP_LUT5D\INIT=32'00110011001111000000010100000101
Used module:     $paramod\GTP_LUT4D\INIT=16'0100010000101000
Used module:     $paramod\GTP_LUT4D\INIT=16'0011011001010100
Used module:     $paramod$e88e242c8171f36ad19df6e29f6731396a486e96\GTP_LUT6D
Used module:     $paramod$cc52148866adc872e7a6d00d89893e14b340ed53\GTP_LUT6D
Used module:     $paramod$c9987373dd15509c123b457dd735e6b40ac5b00e\GTP_LUT6D
Used module:     $paramod$33ef243cc94d718e3b74ba2ae9f6c57fab095419\GTP_LUT6D
Used module:     $paramod$b26a358d5094fc85753a7b56df2aefdfacb213bd\GTP_LUT6D
Used module:     $paramod$6851f118375e52ffe03852163d66194c639cd5f8\GTP_LUT6D
Used module:     $paramod\GTP_LUT4D\INIT=16'0001111000100011
Used module:     $paramod$937d6e65e472cef121409fad194809bf21478f12\GTP_LUT6D
Used module:     $paramod\GTP_LUT4D\INIT=16'0110100110110010
Used module:     $paramod$0a082a4c1835455736568e17370787d55961d414\GTP_LUT6D
Used module:     $paramod$d979843314c28984398c30e844526a7598c91fdc\GTP_LUT6D
Used module:     $paramod$a618cdd847eeebac70a87ea330d0c8e7023b3f0b\GTP_LUT6D
Used module:     $paramod$49b153e595ad6ecceee4914ab112d225ef386740\GTP_LUT6D
Used module:     $paramod$257439f0e7fdb3e2c97d433ae476b2df81088dbd\GTP_LUT6D
Used module:     $paramod\GTP_LUT4D\INIT=16'0101011000110010
Used module:     $paramod$d274786acba9c069bbb18377efcbc5a6b93ce709\GTP_LUT6D
Used module:     $paramod$ef013e761c398df4aac1719d80aaad8fe000d2d3\GTP_LUT6D
Used module:     $paramod$45d4b31aab992879dfac4f7dd9dde8378484016c\GTP_LUT6D
Used module:     $paramod$18e3c49cac96ff1ec183512663f2ae5fd36b7ee3\GTP_LUT6D
Used module:     $paramod$7f437595a506b2f6d865cf5749cd850c6c92c004\GTP_LUT6D
Used module:     $paramod$c7b8484bba2b144f1b36df6d7fd070ea9e93e3f7\GTP_LUT6D
Used module:     $paramod$aad629be944731f342bdb82c223c6c1bfdd5ac3d\GTP_LUT6D
Used module:     $paramod$36efcc05bc710ba5213d576ade66aa54de6a1796\GTP_LUT6D
Used module:     $paramod$ac0111cc9627f0d4c529823a3f0d63c33d9156ad\GTP_LUT6D
Used module:     $paramod$e22123ead373f3b4fb73efc7cfaf1e39a8523770\GTP_LUT6D
Used module:     $paramod$ff20b28215c786502f6d8f553706ed9cd1c0163a\GTP_LUT6D
Used module:     $paramod\GTP_LUT4D\INIT=16'1100100101010100
Used module:     $paramod\GTP_LUT4D\INIT=16'0101011000001110
Used module:     $paramod$a6de089f080598be21baca8a1b64257ee2edc06a\GTP_LUT6D
Used module:     $paramod$2fd717183e4fe70bb846e0fe1042a449f29c7496\GTP_LUT6D
Used module:     $paramod$5e432a97eda176f9ba612b069e5e66326ecc54ba\GTP_LUT6D
Used module:     $paramod$94b5ade23d86fd79cf32c8d87cc3e527f3e8cda1\GTP_LUT6D
Used module:     $paramod$f9f6234ce3a3e1f3ab418b73b86f0f7989b66363\GTP_LUT6D
Used module:     $paramod$ed8f9e63e69cf57268f82d403c715a6a32c6ec55\GTP_LUT6D
Used module:     $paramod$6af2ed1b693fea7facb300baf239feb23fc3234e\GTP_LUT6D
Used module:     $paramod$689b59e48d656491df354bee71832baf96404025\GTP_LUT6D
Used module:     $paramod$28d685373500be36f8ce26df9588658b8b625e63\GTP_LUT6D

3.432. Analyzing design hierarchy..
Top module:  \/Users/yoyowang/Desktop/benchmark/square.aig
Used module:     $paramod$48a85bb5e949702506db52bcf7757d6246ae6613\GTP_LUT6
Used module:     $paramod$7fd492bf0a0f3afa506da4ca0d6c7d40a5331ef3\GTP_LUT6
Used module:     $paramod$b55fd927845dbd6ffb3fa8f3c2d896dab9514d97\GTP_LUT6
Used module:     $paramod$59d1e71730573726016523635ae12d9a36d2e6b7\GTP_LUT6
Used module:     $paramod$12ac32869a3b0344482a06de893b1c422a497c6b\GTP_LUT6
Used module:     $paramod$6467decad80f9f1fe527a343c1088f0670b6a372\GTP_LUT6
Used module:     $paramod$6bfd9d45ef108fbad97b24bc286ca5f3d8b7f79e\GTP_LUT6
Used module:     $paramod$92432f548d7ca0e4c4185505e90b3fa0b62d6924\GTP_LUT6
Used module:     $paramod$ac66e494c4be501c3d49c47fc7813e43a763fc64\GTP_LUT6
Used module:     $paramod\GTP_LUT5\INIT=32'01101010110000001010101000000000
Used module:     $paramod\GTP_LUT5\INIT=32'01101010101010101100000000000000
Used module:     $paramod\GTP_LUT5\INIT=32'00010111010111110011111111111111
Used module:     $paramod\GTP_LUT4\INIT=16'0000011101111111
Used module:     $paramod\GTP_LUT4\INIT=16'0110101011000000
Used module:     $paramod$3a6e9495d5afb08ad962fec0ebf5994add62776c\GTP_LUT6
Used module:     $paramod$88ecfd519a593b02863949e357d92dadc8620ded\GTP_LUT6
Used module:     $paramod$e5e6f7e2ab96be144dbe833de97381db82a1fa1d\GTP_LUT6
Used module:     $paramod$94f20f7d0c9aae7c47ecc41a547a65f9ef39d378\GTP_LUT6
Used module:     $paramod$a1511ba38539040212dedd60949334e4bf9b6581\GTP_LUT6
Used module:     $paramod$5a413251865d8e1bc32ebedd8698d5af28e12c77\GTP_LUT6
Used module:     $paramod$8440634061c2441cf479cde1e76adfe36d754c4a\GTP_LUT6
Used module:     $paramod$1aed1bd51084353e2ff3ae0ccd5cf26011f5be2f\GTP_LUT6
Used module:     $paramod$726f6e6b8eb65559506f6484e457a3e611fabfae\GTP_LUT6
Used module:     $paramod$64b8335b011477a280d097ee50de23d0145fcc23\GTP_LUT6
Used module:     $paramod$dae4bafca685724005edcc627102ec72e7ebc31d\GTP_LUT6
Used module:     $paramod$764bfef1fa975c5f081ca07d2a9b85c1530a2c71\GTP_LUT6
Used module:     $paramod$49a9ae3d8ab882e44adc77bbd7027b7065492957\GTP_LUT6
Used module:     $paramod$867086545fcaa2e16e01d416e759193b8e333a73\GTP_LUT6
Used module:     $paramod$1bf5f01e89e88db1b71cf1bf591a780e8e647546\GTP_LUT6
Used module:     $paramod$0132707043af44768e7194e3705eadec9c3fb24a\GTP_LUT6
Used module:     $paramod$b712cf90160771eaf7e5acf4c07c8301b78b00fc\GTP_LUT6
Used module:     $paramod$3c52d5d39ec61cc6d8a4dd6cb7e7fdff347d903a\GTP_LUT6
Used module:     $paramod$8878fdbd9d1bbd8f72548b104ef61a9c839441d2\GTP_LUT6
Used module:     $paramod$94feb00ebd250758b5e63fe40f44940c6e7beef7\GTP_LUT6
Used module:     $paramod$57d4540bed4400ca4c15cd32673b185984fcd923\GTP_LUT6
Used module:     $paramod$2f489a486f5a06ef3bd6e0eacd3934f6e108b72b\GTP_LUT6
Used module:     $paramod$5c8f5a1e895625da662ffbd7439a045d67b57581\GTP_LUT6
Used module:     $paramod$be66b92a3fea7b9f986926c398c1c6396ec4a30e\GTP_LUT6
Used module:     $paramod$a1bcbcca366820977776540231deb961d9afe78f\GTP_LUT6
Used module:     $paramod$bd76311fcf844849a61e905d019ffc7a3406029e\GTP_LUT6
Used module:     $paramod$74df0c059e368f19eecb85dfb15cf0d0809369bb\GTP_LUT6
Used module:     $paramod$4fe3c47d34a6cba089d23c9e6612e7500e1f39a2\GTP_LUT6
Used module:     $paramod$adf3dd5018d998ae37ead9a4500aee8ff03c91c2\GTP_LUT6
Used module:     $paramod$f8a3dd51288903ceed8abaeb186afc29b5acdb54\GTP_LUT6
Used module:     $paramod$4266998066c7ad651b87ae34280e91df756dca68\GTP_LUT6
Used module:     $paramod$a0cf5aacf0a5b797b10571b7047ba989362d24ae\GTP_LUT6
Used module:     $paramod\GTP_LUT5\INIT=32'01111111111111110001010100111111
Used module:     $paramod\GTP_LUT3\INIT=8'10010110
Used module:     $paramod\GTP_LUT3\INIT=8'01101001
Used module:     $paramod\GTP_LUT3\INIT=8'01111000
Used module:     $paramod$7e8ecca2bd2c9fda89b7ba83f498fbd173b64e0b\GTP_LUT6
Used module:     $paramod$cba11352ba53629a69e702b21269efbb2cb8e9ad\GTP_LUT6
Used module:     $paramod$2beb185c22887f268a50528d32c1cb92ccd76cd9\GTP_LUT6
Used module:     $paramod$3d12581d3b6769b173f1a7cfc3f1a3c7da76fefa\GTP_LUT6
Used module:     $paramod$766b74ed0a23643dd9f0a6fedba5c1ced1709ce1\GTP_LUT6
Used module:     $paramod$a8b1afe13ee8622579e13242c41d8e298d56d78b\GTP_LUT6
Used module:     $paramod$a337bf0720f062fe2d1eaaefb7cd288c26633345\GTP_LUT6
Used module:     $paramod$78eccde7a79bd52d879f036e873d4c48515a8778\GTP_LUT6
Used module:     $paramod$482dc977fd7e8b4ab09a1188870acf311062c5ed\GTP_LUT6
Used module:     $paramod$5ea42884caf04ae3b01befd0cb51bbb80b32d0a8\GTP_LUT6
Used module:     $paramod$b917d2b761d381d92b9eb18a23412ef1f861ec4d\GTP_LUT6
Used module:     $paramod$19f927d2f6a920ba04d2bfc4c6cb54ef65ddfede\GTP_LUT6
Used module:     $paramod$d7d407888f59647f64fa496cea469ac2e17f8f9a\GTP_LUT6
Used module:     $paramod$e5afda3d2dd044cda91dbb2e31584a70e4804492\GTP_LUT6
Used module:     $paramod$d0cf47df126b9a12683e41fad27274f46975429e\GTP_LUT6
Used module:     $paramod$b184ec6658a6b2c5d1a59071c7bfeecaa360583b\GTP_LUT6
Used module:     $paramod$4077707f010ef703530072299fda9f3e8d6ffc71\GTP_LUT6
Used module:     $paramod$5fda04d5d57b9ccbb0ac45f827652a74642e681f\GTP_LUT6
Used module:     $paramod$e0fd915e88d0b7058285d06b71e3afeb12d6298a\GTP_LUT6
Used module:     $paramod$74f4573eca16316e285c79669f651197afc10679\GTP_LUT6
Used module:     $paramod$4c4744fc4302f0212b5667a415623e634b8ed269\GTP_LUT6
Used module:     $paramod$b4d4f8fdface0caed4044d8d8861d9edace8c0da\GTP_LUT6
Used module:     $paramod$94072227f91099d47075184142f7eba0504e4c27\GTP_LUT6
Used module:     $paramod$7549ab39c5834d291d308c5e669e587cbb8395a9\GTP_LUT6
Used module:     $paramod$cc4968eeaaac61ecfa13ac52d930a4c5e53952e7\GTP_LUT6
Used module:     $paramod$4cfc4f285e31c93403c29df665f7a45b57632146\GTP_LUT6
Used module:     $paramod$64af08bf0355334b280973211717b33f130d98c6\GTP_LUT6
Used module:     $paramod$84a9d4eb5398a9002dc529ace70de9010f3200e5\GTP_LUT6
Used module:     $paramod$3280820811b65f473700fc399314a7b8be580ecb\GTP_LUT6
Used module:     $paramod$a462b396dd5357198b1eeb934be2587d893688d7\GTP_LUT6
Used module:     $paramod\GTP_LUT5\INIT=32'11011101110101001101010001000100
Used module:     $paramod$c0c31601edfb16d56bbe244b473a5784c1f34d05\GTP_LUT6
Used module:     $paramod$36c467f04866d0857a7616ea014a57428f8c597e\GTP_LUT6
Used module:     $paramod\GTP_LUT5\INIT=32'01110001011101110001000101110001
Used module:     $paramod$0215b9386c9fcb2322798053b908b4a664f2619a\GTP_LUT6
Used module:     $paramod$b7023907727181d9521d6870be862a56953b99f4\GTP_LUT6
Used module:     $paramod$438c5599d40ac7f13269490792bf4709efe76cdc\GTP_LUT6
Used module:     $paramod$287b2fdafa267d96c99a6988580a3c071105ef90\GTP_LUT6
Used module:     $paramod$2457e1475f23d6be9cda081bd9f7443a3b41af10\GTP_LUT6
Used module:     $paramod$896521207469e938a1da1f22d2d4e85a67fa681d\GTP_LUT6
Used module:     $paramod$d2e424404acf8b0c7fa86135cfea8babbba53f74\GTP_LUT6
Used module:     $paramod$ce63b3a4457701f807af6f01a24d02778bb4456d\GTP_LUT6
Used module:     $paramod$499c014a86cd269ed67edfffde8a2b77ee3ce201\GTP_LUT6
Used module:     $paramod$ab40e838bedd6a423fab36e2d5a5eec38d2d34e1\GTP_LUT6
Used module:     $paramod$29ed4a338ac22fc5e8ee67904c699e7f572c14da\GTP_LUT6
Used module:     $paramod$f2b8da729649a8d2feb523ab9a0b10d65898f949\GTP_LUT6
Used module:     $paramod\GTP_LUT5\INIT=32'01111111111111111000000000000000
Used module:     $paramod\GTP_LUT5\INIT=32'00010011011111110101111111111111
Used module:     $paramod\GTP_LUT5\INIT=32'00110110110011001111000000000000
Used module:     $paramod\GTP_LUT3\INIT=8'11101000
Used module:     $paramod\GTP_LUT3\INIT=8'01110001
Used module:     $paramod$e349a9cb49987b51edb9b18c45e133b59172192d\GTP_LUT6
Used module:     $paramod$7f310c031abf6ea28da3f20c3ba498c92be5ad72\GTP_LUT6
Used module:     $paramod$6950509d3d2e3f206decccbf10860df5aaa64e11\GTP_LUT6
Used module:     $paramod$d7c1b3ffb162b310754e6884a5ab5950fa3b1d9e\GTP_LUT6
Used module:     $paramod$53f99ec2f205572e230561fb7f42f46fb4b2cc28\GTP_LUT6
Used module:     $paramod$624c1ae8784051b17d1951180958cf023a63dc4e\GTP_LUT6
Used module:     $paramod$449e76a3f162b4994ae70121d92f978485a88eda\GTP_LUT6
Used module:     $paramod$f9d6ba46b5e7e0c319fb105ca079b159c4cf13a0\GTP_LUT6
Used module:     $paramod$690ba2cb64cbec03df638ccb222aee90e38c0510\GTP_LUT6
Used module:     $paramod$658b75cdf0c4cccb5d263cb64b3d409e538de9c0\GTP_LUT6
Used module:     $paramod$896a1ea03261249c174be69826e523550df27e60\GTP_LUT6
Used module:     $paramod$d00530ea8be1cb230b47551c619abb9f8db6711f\GTP_LUT6
Used module:     $paramod$2c498106e179a2fa865dadfc0d4062f2fc7444db\GTP_LUT6
Used module:     $paramod\GTP_LUT5\INIT=32'01101100101000001100110000000000
Used module:     $paramod\GTP_LUT4\INIT=16'0110100110010110
Used module:     $paramod\GTP_LUT3\INIT=8'10110010
Used module:     $paramod$00acfbe07a2e01f5bfd3c7b34b96e6b91caedef9\GTP_LUT6
Used module:     $paramod$86c3bfa17e6be7cc0c1dbea535b77f1b4110409d\GTP_LUT6
Used module:     $paramod$36d275c52c0e84d1e9bf55f690c48925690bb44a\GTP_LUT6
Used module:     $paramod$6c77681810c9c67d7588e3607e96c123e936f4c3\GTP_LUT6
Used module:     $paramod$4b3fbf1d2fddb58b60179f3e83d0d784a176bd45\GTP_LUT6
Used module:     $paramod\GTP_LUT3\INIT=8'10000100
Used module:     $paramod\GTP_LUT5\INIT=32'10000111011110000111011110001000
Used module:     $paramod$3eeda1f05e29e62640389e4b594c3e4acefb3b8a\GTP_LUT6
Used module:     $paramod$545d8b0c68aa9eef7d5fdbc0a8cfd3c5977ed058\GTP_LUT6
Used module:     $paramod$466e63a211eb8f97be13400ebafd4b0931ce514b\GTP_LUT6
Used module:     $paramod$972112a20b5472094a0cc3542b63f32ab0dfc5cc\GTP_LUT6
Used module:     $paramod$7ca2a7afbe87be73ca7343f5aa69f615c6bb9318\GTP_LUT6
Used module:     $paramod$498d4458e0cc14fd993b6044999ec4b5905d71fb\GTP_LUT6
Used module:     $paramod$7f53fefbdb95d928d57b2a52f54d0e24414c0507\GTP_LUT6
Used module:     $paramod$2a67350ca240a316ffd07b0e35788d12ec9eafdc\GTP_LUT6
Used module:     $paramod$ce4c43c670a7dce17baa8b138f06d312637dfa1d\GTP_LUT6
Used module:     $paramod$378dd0d0ba808ff0984abf7c537191041eba26ae\GTP_LUT6
Used module:     $paramod$6222f9e28f0faf5cfe01b7f1bf9e1a2568222e5e\GTP_LUT6
Used module:     $paramod$863410447d6752341c4394e2ea68df4d55f9f555\GTP_LUT6
Used module:     $paramod$6dd7cfecae4e453deeac25f937bea7d1ae1ad3b9\GTP_LUT6
Used module:     $paramod$720b88ffb77f6aef7d1ff2223e67106ea77a052a\GTP_LUT6
Used module:     $paramod$a8ece0b410c4a86760c985a5ff6aabb529230a69\GTP_LUT6
Used module:     $paramod$5f2c97c1622ecb1dc65c5028c0d836b8ad453609\GTP_LUT6
Used module:     $paramod$13673008ed6f5a820840637ae1727994affe63b4\GTP_LUT6
Used module:     $paramod$9a34bef127112b01c94062c59de5f288c07e0f4f\GTP_LUT6
Used module:     $paramod$02374f4a65d3b5609cc7b0641a42ea302923c6c2\GTP_LUT6
Used module:     $paramod$f3c0a4b7dd5f2f3c43e1ec3e1678778539f3fcd2\GTP_LUT6
Used module:     $paramod$50a884ab3ddd18687c8b7a80b03766c3410d0e36\GTP_LUT6
Used module:     $paramod$701bf4c3a4d10d60e0e45ab02637a46118e0b77c\GTP_LUT6
Used module:     $paramod$083e02367a9b486f9a5fe907fbc96b21dfe4020c\GTP_LUT6
Used module:     $paramod$89a4099056da44912103a78bfb33ea9812de148a\GTP_LUT6
Used module:     $paramod$e783d5a768f55ca56da7f1653c7e3f232c6a9d6e\GTP_LUT6
Used module:     $paramod$b43a7e0ec80a203a2d0a6f330a15d15d148158df\GTP_LUT6
Used module:     $paramod$65df2eb63d0fb78f4b7d7b1a2981e6c393a98f6b\GTP_LUT6
Used module:     $paramod$68b2fd58e3d43fd00b3d39eed98662d593eabe16\GTP_LUT6
Used module:     $paramod$4adcd1876a269811694e958bf6596635d8061f5e\GTP_LUT6
Used module:     $paramod$45ef40a1792c1e17548c8e2a9aa9d3dba0ce40b1\GTP_LUT6
Used module:     $paramod$28f67a43c0359762428216162537090a6be97fb7\GTP_LUT6
Used module:     $paramod\GTP_LUT5\INIT=32'01111000100001111000011101111000
Used module:     $paramod\GTP_LUT3\INIT=8'11010100
Used module:     $paramod\GTP_LUT3\INIT=8'11100100
Used module:     $paramod$d0a0894eaf84dfd1b838a18763ae0766ed689a90\GTP_LUT6
Used module:     $paramod$f34182c923e55107854cf6f9e837941d1e788ccf\GTP_LUT6
Used module:     $paramod$2682816559f905ccaf80be70e1bebe31afa6ed29\GTP_LUT6
Used module:     $paramod$a0e638ed2b98d14b6e3496c507f435232b266ed3\GTP_LUT6
Used module:     $paramod$e8740bdee71f5ad9e3ec22bb9e152aa81ac0f7c3\GTP_LUT6
Used module:     $paramod$7da7bb8d70aa694811df0ec2128556c73088bc2c\GTP_LUT6
Used module:     $paramod$8a7ee3a8ac6edb58a63467beb041fa403c691363\GTP_LUT6
Used module:     $paramod$c79624e77cce1c2d2afe3d539f9259a3a31e71fd\GTP_LUT6
Used module:     $paramod$a3150a4b5d0c3ddde8dfb8a72b1fe52f5a91c09c\GTP_LUT6
Used module:     $paramod$7fe4e5f595ef699cb797f050d41f9fea9d16cf75\GTP_LUT6
Used module:     $paramod$b25a96f090086eccde3c615b2aeb5f029eaefb82\GTP_LUT6
Used module:     $paramod$5a502b913ccc3d596cb2ca6e40b8814fba761ded\GTP_LUT6
Used module:     $paramod$d91852a0950cafd75f5ed00c6b0afddde4206362\GTP_LUT6
Used module:     $paramod$89b381a9a0f5c0a39f55985ab7be721540ca1b36\GTP_LUT6
Used module:     $paramod$0ce858d7f4edd6b15605d911866f45f6ee759d3e\GTP_LUT6
Used module:     $paramod$c6b2821ac13c3affad728c37b238cbedb707bbd3\GTP_LUT6
Used module:     $paramod$ad51114504007efb9dfce151e45cc8c84d1f2230\GTP_LUT6
Used module:     $paramod$e9dcee75cec4632edba7eeb1bc213028fb169d9f\GTP_LUT6
Used module:     $paramod$ad30a2f777cea0b04e4a8841fb9de427ab3402bf\GTP_LUT6
Used module:     $paramod$c1d4e033a2f2e62d94466c00803847a20b9f5614\GTP_LUT6
Used module:     $paramod\GTP_LUT5\INIT=32'01000100010001000101010101010100
Used module:     $paramod\GTP_LUT5\INIT=32'00001000100010101010111011101111
Used module:     $paramod$dcfa9fcb1ee52fe55381440f807d08900746d5ff\GTP_LUT6
Used module:     $paramod$b5147093475f556008a6df7af93b957ab27646ca\GTP_LUT6
Used module:     $paramod$dd67c07ec6dbc0d6076981e03596e24ed6165c59\GTP_LUT6
Used module:     $paramod$16fceda44832702febc7994c20b21088f6f33ae3\GTP_LUT6
Used module:     $paramod$1db71f7f0dccedd60f67883d711aa9779cb86696\GTP_LUT6
Used module:     $paramod$6c7e0c236158d4faaa74469ea246f31a4fb7750f\GTP_LUT6
Used module:     $paramod$b403c3635bd03bc2b9c58d3e8fecbe43eed888d5\GTP_LUT6
Used module:     $paramod\GTP_LUT5\INIT=32'00001111011110000111100011110000
Used module:     $paramod\GTP_LUT5\INIT=32'01110111111111110111111111111111
Used module:     $paramod$b8d73a74d0dbd175317167bbbfc832f2bffe2a6e\GTP_LUT6
Used module:     $paramod$50f271df700185531e36c1a06bf8119c566ff282\GTP_LUT6
Used module:     $paramod$01a45e7502db9d14a2bf7ebe6e7bddb9a35a55ef\GTP_LUT6
Used module:     $paramod$ec3fab463e0064e29817e63da1a086c690502da3\GTP_LUT6
Used module:     $paramod$9494c7749024882b6143231ebfad33c0f83710a5\GTP_LUT6
Used module:     $paramod$f5766d85f68b62f93851b5e5d16f49c8098e89fc\GTP_LUT6D
Used module:     $paramod\GTP_LUT4D\INIT=16'1000100011000000
Used module:     $paramod\GTP_LUT5D\INIT=32'10001000100010001111000000000000
Used module:     $paramod\GTP_LUT5D\INIT=32'00000000000011111000100010001000
Used module:     $paramod\GTP_LUT5D\INIT=32'00010001000100010000000000001111
Used module:     $paramod$82fd09ec4a857adc943c881689d1dc38b2865766\GTP_LUT6D
Used module:     $paramod$bc0fbea881818c64425bb00960eacfe1f6b95c91\GTP_LUT6D
Used module:     $paramod$e0d39b478ad95b296dd3f847743428e3eda1e32c\GTP_LUT6D
Used module:     $paramod\GTP_LUT5D\INIT=32'00001111001111111010000010100000
Used module:     $paramod\GTP_LUT4D\INIT=16'1010000010001000
Used module:     $paramod\GTP_LUT5D\INIT=32'10101010000000000110101011000000
Used module:     $paramod$079d7f106020a41058c92a84c1a209594c205d93\GTP_LUT6D
Used module:     $paramod$792c1b04b9fb0ceb1a263f284c5297ae4a2cd6be\GTP_LUT6D
Used module:     $paramod$45a27bc51efbc019d097b4738884e9e24f158292\GTP_LUT6D
Used module:     $paramod$65b8e9ccbf31a6052b42a41b984bbb28cc09881c\GTP_LUT6D
Used module:     $paramod$5616e8c6647888a2a0a1a4cb968843643cd7f7de\GTP_LUT6D
Used module:     $paramod$4ce288b07d69340bec87c2fc392d6fc16325ddcc\GTP_LUT6D
Used module:     $paramod\GTP_LUT4D\INIT=16'1000100010100000
Used module:     $paramod\GTP_LUT5D\INIT=32'11100000110000001010000010100000
Used module:     $paramod$d3f159cf0373ef6711fc8766cf52f2ac4bf9af84\GTP_LUT6D
Used module:     $paramod$51ae4d7dd0143a8b538c33f2f5f6fa9241089db4\GTP_LUT6D
Used module:     $paramod$accc60f34cd029a6c547efdebaab1dc286dd4f33\GTP_LUT6D
Used module:     $paramod$566893ffd303b33ffbd173cc2eaffc66d9f94941\GTP_LUT6D
Used module:     $paramod$14425f3d821efef51dbe5c5f0b596f30e385f326\GTP_LUT6D
Used module:     $paramod\GTP_LUT5D\INIT=32'10100000101000000111011110001000
Used module:     $paramod\GTP_LUT4D\INIT=16'1100000010001000
Used module:     $paramod\GTP_LUT4D\INIT=16'1100000010100000
Used module:     $paramod\GTP_LUT5D\INIT=32'01011111101000001100000011000000
Used module:     $paramod\GTP_LUT5D\INIT=32'11000000110000000101111110100000
Used module:     $paramod\GTP_LUT5D\INIT=32'01011111101000001000100010001000
Used module:     $paramod\GTP_LUT5D\INIT=32'00111111110000001010000010100000
Used module:     $paramod$bcacf4e0ae6c246cb4e28093d01ae766be197551\GTP_LUT6D
Used module:     $paramod$52b265922192e34ebc1f8c83462738d67505fae7\GTP_LUT6D
Used module:     $paramod$587b6858a01e06b4518604aa84fe3073761b9252\GTP_LUT6D
Used module:     $paramod$f9253f84daf1a7143ef06701fafa6a2391c25969\GTP_LUT6D
Used module:     $paramod$bac7d1518d7313693c8fc0f911762b35b8841097\GTP_LUT6D
Used module:     $paramod$eb79400a6cc3008f9dd77c7e29d7b94b7e6a8b09\GTP_LUT6D
Used module:     $paramod$461eaa86925925867c7891a8b1d576a5f57f5c80\GTP_LUT6D
Used module:     $paramod$ad0bc15c73056a926b9ad13428fbed471776b274\GTP_LUT6D
Used module:     $paramod\GTP_LUT5D\INIT=32'11000000110000000110101011000000
Used module:     $paramod\GTP_LUT5D\INIT=32'11001100000000000110101011000000
Used module:     $paramod\GTP_LUT5D\INIT=32'11110000000000000110101011000000
Used module:     $paramod\GTP_LUT5D\INIT=32'01101010110000001010000010100000
Used module:     $paramod$a5842511a65ac0d6b27b796c307bbb63b792ba88\GTP_LUT6D
Used module:     $paramod$ccc687fc22bfed5eb7dc629c50fd1de4561204ee\GTP_LUT6D
Used module:     $paramod$8b95486dd31309f669b1b73886d3ef23068773a8\GTP_LUT6D
Used module:     $paramod$e4e5b67231108e709a187bcfb373463f5de7a246\GTP_LUT6D
Used module:     $paramod$1c3bee244a8aa89da65bc1079fc29e8efc2a0fd0\GTP_LUT6D
Used module:     $paramod\GTP_LUT5D\INIT=32'00000111011111110111100010000111
Used module:     $paramod$dc078186e60b10f31464b8740a6feaf1810490fd\GTP_LUT6D
Used module:     $paramod$faacfb5595f64e17d7650cb234ef114b1ac80bbb\GTP_LUT6D
Used module:     $paramod$ca2e21474a4c028594c2444a9e1b94681ef0f12f\GTP_LUT6D
Used module:     $paramod\GTP_LUT4D\INIT=16'1110100001101001
Used module:     $paramod\GTP_LUT4D\INIT=16'1101010010010110
Used module:     $paramod\GTP_LUT4D\INIT=16'1011001010010110
Used module:     $paramod\GTP_LUT4D\INIT=16'0111000101101001
Used module:     $paramod\GTP_LUT4D\INIT=16'1000111010010110
Used module:     $paramod\GTP_LUT4D\INIT=16'0001011110010110
Used module:     $paramod$e5317fe5e4c687f8256f96c40ff52d44222ab61c\GTP_LUT6D
Used module:     $paramod$192a66e747e1cddc719bfff2046a71fe2a0ddca7\GTP_LUT6D
Used module:     $paramod\GTP_LUT5D\INIT=32'11010111010000011001011001101001
Used module:     $paramod\GTP_LUT5D\INIT=32'11101011100000100110100110010110
Used module:     $paramod$af22ef23bab0aa788c207964bf3e77f8e1bb7b4f\GTP_LUT6D
Used module:     $paramod$72bbb44e66ac88fce706e610717fd13b5e9f8b58\GTP_LUT6D
Used module:     $paramod$0a5359d8a9413a398f9ab1c367897cba56909767\GTP_LUT6D
Used module:     $paramod$b45d3f8c6e2d3a308bab435dcd436e23c9301a6f\GTP_LUT6D
Used module:     $paramod\GTP_LUT4D\INIT=16'1010000011000000
Used module:     $paramod$b43935aaff2c26680a2a08950e44a911f5f05957\GTP_LUT6D
Used module:     $paramod$9b95dd04831d812a8f2f6fca1e0e9502f68d32bd\GTP_LUT6D
Used module:     $paramod$84756def7600d81113587707db7cba0d2d2fde38\GTP_LUT6D
Used module:     $paramod$6396d0107fe3b706ad37341f5caa5a154867ec28\GTP_LUT6D
Used module:     $paramod\GTP_LUT5D\INIT=32'10100000000000001100000011000000
Used module:     $paramod\GTP_LUT5D\INIT=32'01110111100010001010000010100000
Used module:     $paramod$a5a677ff7916f9fc6c86f4d55ecd506fcbea36f3\GTP_LUT6D
Used module:     $paramod$46ca8a96938e7e7795e877135c17a8c16e5feea4\GTP_LUT6D
Used module:     $paramod$a277588585edbac64b995fd345158f0a1624dc21\GTP_LUT6D
Used module:     $paramod$75d57a964b545076477f5a13045cea383965a713\GTP_LUT6D
Used module:     $paramod$f342709df73084c29c0dbb4ec24f8a320ac49dd8\GTP_LUT6D
Used module:     $paramod$e849469a07e9834c012e6dee1d652db35b80a896\GTP_LUT6D
Used module:     $paramod\GTP_LUT4D\INIT=16'1001011011010100
Used module:     $paramod\GTP_LUT4D\INIT=16'0110100111101000
Used module:     $paramod\GTP_LUT4D\INIT=16'1001011010110010
Used module:     $paramod\GTP_LUT4D\INIT=16'0110100101110001
Used module:     $paramod$424408f7b0d92f135e0661a1ea3326f85625477b\GTP_LUT6D
Used module:     $paramod\GTP_LUT4D\INIT=16'0110100101001101
Used module:     $paramod$646d9452934ff1f4403689ac922e6573fff130b9\GTP_LUT6D
Used module:     $paramod$c227beee7d0b6633681a12c732f53d75f7406f49\GTP_LUT6D
Used module:     $paramod$4c337400648cfc8a183a0f64a1495365d6a01c48\GTP_LUT6D
Used module:     $paramod\GTP_LUT4D\INIT=16'1001011000010111
Used module:     $paramod\GTP_LUT5D\INIT=32'10010110011010011101010001001101
Used module:     $paramod\GTP_LUT5D\INIT=32'01110001000101110110100110010110
Used module:     $paramod\GTP_LUT5D\INIT=32'01101001100101100111000100010111
Used module:     $paramod$2bee4e81ca119ce4b021d0554500fe8a2638da72\GTP_LUT6D
Used module:     $paramod\GTP_LUT5D\INIT=32'10010110011010011011011100100001
Used module:     $paramod$afd702b370dad90986d74142999e9939237fd44c\GTP_LUT6D
Used module:     $paramod$bda2b488a734dbae464f550d08bd83aa5c3897c5\GTP_LUT6D
Used module:     $paramod$f9cb7f213667efa119b8ddbb82e8309daa46ee87\GTP_LUT6D
Used module:     $paramod\GTP_LUT5D\INIT=32'11110111011100001000011101111000
Used module:     $paramod$3ee347b8eb17027bdc1c5d9cf8d60309eda24d51\GTP_LUT6D
Used module:     $paramod$f5013d9c3e7a0b480e544a5c4736bd034ec28e09\GTP_LUT6D
Used module:     $paramod\GTP_LUT4D\INIT=16'1001011010001110
Used module:     $paramod\GTP_LUT4D\INIT=16'0010101101101001
Used module:     $paramod\GTP_LUT4D\INIT=16'0110100100101011
Used module:     $paramod$9bfe1fc7e662ed4b2422775b1593ebc46b7acd7f\GTP_LUT6D
Used module:     $paramod$e5468bc1998948aab1f109c48abb89fc9285fa6f\GTP_LUT6D
Used module:     $paramod\GTP_LUT5D\INIT=32'01001101000101110110100110010110
Used module:     $paramod\GTP_LUT5D\INIT=32'10110010011100011001011001101001
Used module:     $paramod\GTP_LUT5D\INIT=32'11010100010011011001011001101001
Used module:     $paramod\GTP_LUT5D\INIT=32'11101000100011100110100110010110
Used module:     $paramod$045503028675733ff521ef9bb26ab9711360a7e0\GTP_LUT6D
Used module:     $paramod$041eeb8ca027beea9e7089c315ad1121279e684b\GTP_LUT6D
Used module:     $paramod$7dba0df27b713e1ade7e04386f48f97b1b78f612\GTP_LUT6D
Used module:     $paramod\GTP_LUT5D\INIT=32'01000001110101110110100110010110
Used module:     $paramod\GTP_LUT5D\INIT=32'10000010111010111001011001101001
Used module:     $paramod\GTP_LUT5D\INIT=32'00101011000101110110100110010110
Used module:     $paramod\GTP_LUT5D\INIT=32'11010100011100011001011001101001
Used module:     $paramod\GTP_LUT5D\INIT=32'11101101100001000110100110010110
Used module:     $paramod$8b81b0340b58145395b36109b3cfa5f2194a1940\GTP_LUT6D
Used module:     $paramod$7b43697e6515e4863f7c0521b280df4f1a0c2bd5\GTP_LUT6D
Used module:     $paramod$b3bca92b941b3d50f7e0e81cda24110640603ffc\GTP_LUT6D
Used module:     $paramod\GTP_LUT4D\INIT=16'0100110101101001
Used module:     $paramod$e5e88c39be3c3fb561da7de1ef83c269f7e362a0\GTP_LUT6D
Used module:     $paramod$f6c484a0be2fd4be04d76996c560c15665b7b796\GTP_LUT6D
Used module:     $paramod$e4278326aba8f2dd1db70844d2bad8de5b64e03c\GTP_LUT6D
Used module:     $paramod$f48316f994bd232a17e7c3e28e4c6655b36b3108\GTP_LUT6D
Used module:     $paramod$caa0b9947decf319d9604d7cd0bbf5e953fa2ff0\GTP_LUT6D
Used module:     $paramod$6ee9493966bcdfeed2dc567584aafba3dcd570a1\GTP_LUT6D
Used module:     $paramod$9430417ab359a9039892304443ef406f18cd01a1\GTP_LUT6D
Used module:     $paramod$b9dd3aaa281b66977aecb88969c7af2bdec62ccc\GTP_LUT6D
Used module:     $paramod$37de09523644bd4786ba6a65702fc6620f3d0387\GTP_LUT6D
Used module:     $paramod$dd648868ea6ba38ed25f185e0539aa602d5bb959\GTP_LUT6D
Used module:     $paramod$192f0f92f03c10a98d9b857dbe8d00dc234d70d6\GTP_LUT6D
Used module:     $paramod$674140076e09b99a17045ac315d541717543bf04\GTP_LUT6D
Used module:     $paramod\GTP_LUT5D\INIT=32'10010110011010011011001001110001
Used module:     $paramod\GTP_LUT5D\INIT=32'10010110011010011101010001110001
Used module:     $paramod\GTP_LUT5D\INIT=32'01101001100101101110100010001110
Used module:     $paramod$51534d2ba4f07583e098a0bc643f50c58bbc8740\GTP_LUT6D
Used module:     $paramod\GTP_LUT5D\INIT=32'10010110011010011000111001001101
Used module:     $paramod$ca7d537f3e0cf5248174d82ceab1a434a4747e0a\GTP_LUT6D
Used module:     $paramod$77d2ce02e515de40efb3ab14dfa747f81dd4e833\GTP_LUT6D
Used module:     $paramod$0100bdbfe743b8306a52009e3c439c5178859b14\GTP_LUT6D
Used module:     $paramod$7d378b8f9a24eacb488b7ef453385629c2f4e98f\GTP_LUT6D
Used module:     $paramod$a4e773bdb86d5407d3775a4e627de8c60e9a7700\GTP_LUT6D
Used module:     $paramod$cd0b11397aa8ea9a8f03a4b44328ec6b3fc03a2e\GTP_LUT6D
Used module:     $paramod$ef3cedfffb1cc58c2914b8414f62964cbcaed6f2\GTP_LUT6D
Used module:     $paramod$16db2107d645ca722e86e2a2ae8922798eba9f0d\GTP_LUT6D
Used module:     $paramod$41203a1cf9cc8ad1c6d32e100a89bf8100953857\GTP_LUT6D
Used module:     $paramod$566b422e6d23417fe042c25ac5d8fe7d4d40e651\GTP_LUT6D
Used module:     $paramod\GTP_LUT5D\INIT=32'01100000111101100110100110010110
Used module:     $paramod$561864b2a1657646751c30c1591a22a6f6c15c99\GTP_LUT6D
Used module:     $paramod$beea3bfbba2712cedeaa818584f241f2d2d9b563\GTP_LUT6D
Used module:     $paramod$6a368736056b4ce04ae6c2fc9294f58ee131124f\GTP_LUT6D
Used module:     $paramod$5335c1dc0b95d0eb75a29f0a65ca642575fd6f6b\GTP_LUT6D
Used module:     $paramod\GTP_LUT5D\INIT=32'10101010000000000110110001101100
Used module:     $paramod$e17f264fb540b58f01e85780e3b1191022ce5373\GTP_LUT6D
Used module:     $paramod$235d75f93174a80de048cce9d43f7f7fd8c8aa26\GTP_LUT6D
Used module:     $paramod\GTP_LUT5D\INIT=32'01101010110000001100110000000000
Used module:     $paramod\GTP_LUT5D\INIT=32'10000000000000001100110000000000
Used module:     $paramod$4bcbb3ff94202bff8b7376bf018df708a5f24318\GTP_LUT6D
Used module:     $paramod$f9f00afb02a2e5c11ef330efdbc5df728bc85de2\GTP_LUT6D
Used module:     $paramod$a82c0463d02540e0a7f9784e5ed52a4e3e5a5699\GTP_LUT6D
Used module:     $paramod$5dddb8a83a7958c91cd8b8f4cb13a2876beffa27\GTP_LUT6D
Used module:     $paramod$11ea9539faeab8ad6397592aa229b4fd37b37e9c\GTP_LUT6D
Used module:     $paramod$2fb6dc72bc766eb954a0f7f1e34ff4c3b27d631e\GTP_LUT6D
Used module:     $paramod$617a130b4f226e4fce22bd8bfec7b9f988b7dd0c\GTP_LUT6D
Used module:     $paramod$f4ed46341bbc5250de7c79a96d24ab98122da13f\GTP_LUT6D
Used module:     $paramod$2fc747a06aa02c9c0e31445ea2ca6f13df4d8df1\GTP_LUT6D
Used module:     $paramod\GTP_LUT4D\INIT=16'1001100111010100
Used module:     $paramod\GTP_LUT5D\INIT=32'11000000001111111000100010001000
Used module:     $paramod\GTP_LUT5D\INIT=32'10010110011010010101010110101010
Used module:     $paramod$ae2ac0e88ea2a877797ca01d513a61348a58193f\GTP_LUT6D
Used module:     $paramod\GTP_LUT5D\INIT=32'01101001100101100000100110011111
Used module:     $paramod$2e3d7cb72f95cc27d216817ef36382d14e859b7f\GTP_LUT6D
Used module:     $paramod$f4d4a5713a4fcb2fbfa0d857d1e4a9fb3626d76f\GTP_LUT6D
Used module:     $paramod\GTP_LUT5D\INIT=32'00001111111100000110100110010110
Used module:     $paramod$ee5df6e3da3e83e569d700d82fa2d99327d94809\GTP_LUT6D
Used module:     $paramod\GTP_LUT5D\INIT=32'01101001100101101110100011010100
Used module:     $paramod\GTP_LUT5D\INIT=32'10010110011010011001111100001001
Used module:     $paramod\GTP_LUT4D\INIT=16'1001100101001101
Used module:     $paramod$547805a2fd0fc1765a0bde8c8fd6439ce19fea24\GTP_LUT6D
Used module:     $paramod$664cacc35d1c9ea56773ae7351fa0da8a2667fb5\GTP_LUT6D
Used module:     $paramod\GTP_LUT5D\INIT=32'10001000100010000000000000001111
Used module:     $paramod\GTP_LUT4D\INIT=16'0111000110100101
Used module:     $paramod$b27203028ec8c6d237d1e75af9ad331d19af119a\GTP_LUT6D
Used module:     $paramod\GTP_LUT4D\INIT=16'0010001001000100
Used module:     $paramod\GTP_LUT5D\INIT=32'00000000000011110010001000100010
Used module:     $paramod\GTP_LUT4D\INIT=16'0100010000100010
Used module:     $paramod$107ffcb12250428395ca905a84eaaa2c758e705e\GTP_LUT6D
Used module:     $paramod\GTP_LUT4D\INIT=16'0001010010000010
Used module:     $paramod\GTP_LUT5D\INIT=32'00010100010000011000001000101000
Used module:     $paramod\GTP_LUT5D\INIT=32'01101001100101100110111100000110
Used module:     $paramod$a6d744d7a333dd8443a7b9f8082f86a9aef030b4\GTP_LUT6D
Used module:     $paramod\GTP_LUT4D\INIT=16'1000100000010001
Used module:     $paramod\GTP_LUT4D\INIT=16'1001000000000110
Used module:     $paramod$1d2c572f3c9322bb031065c6fb74b408b9d7716f\GTP_LUT6D
Used module:     $paramod\GTP_LUT5D\INIT=32'00110011001111000000010100000101
Used module:     $paramod\GTP_LUT4D\INIT=16'0100010000101000
Used module:     $paramod\GTP_LUT4D\INIT=16'0011011001010100
Used module:     $paramod$e88e242c8171f36ad19df6e29f6731396a486e96\GTP_LUT6D
Used module:     $paramod$cc52148866adc872e7a6d00d89893e14b340ed53\GTP_LUT6D
Used module:     $paramod$c9987373dd15509c123b457dd735e6b40ac5b00e\GTP_LUT6D
Used module:     $paramod$33ef243cc94d718e3b74ba2ae9f6c57fab095419\GTP_LUT6D
Used module:     $paramod$b26a358d5094fc85753a7b56df2aefdfacb213bd\GTP_LUT6D
Used module:     $paramod$6851f118375e52ffe03852163d66194c639cd5f8\GTP_LUT6D
Used module:     $paramod\GTP_LUT4D\INIT=16'0001111000100011
Used module:     $paramod$937d6e65e472cef121409fad194809bf21478f12\GTP_LUT6D
Used module:     $paramod\GTP_LUT4D\INIT=16'0110100110110010
Used module:     $paramod$0a082a4c1835455736568e17370787d55961d414\GTP_LUT6D
Used module:     $paramod$d979843314c28984398c30e844526a7598c91fdc\GTP_LUT6D
Used module:     $paramod$a618cdd847eeebac70a87ea330d0c8e7023b3f0b\GTP_LUT6D
Used module:     $paramod$49b153e595ad6ecceee4914ab112d225ef386740\GTP_LUT6D
Used module:     $paramod$257439f0e7fdb3e2c97d433ae476b2df81088dbd\GTP_LUT6D
Used module:     $paramod\GTP_LUT4D\INIT=16'0101011000110010
Used module:     $paramod$d274786acba9c069bbb18377efcbc5a6b93ce709\GTP_LUT6D
Used module:     $paramod$ef013e761c398df4aac1719d80aaad8fe000d2d3\GTP_LUT6D
Used module:     $paramod$45d4b31aab992879dfac4f7dd9dde8378484016c\GTP_LUT6D
Used module:     $paramod$18e3c49cac96ff1ec183512663f2ae5fd36b7ee3\GTP_LUT6D
Used module:     $paramod$7f437595a506b2f6d865cf5749cd850c6c92c004\GTP_LUT6D
Used module:     $paramod$c7b8484bba2b144f1b36df6d7fd070ea9e93e3f7\GTP_LUT6D
Used module:     $paramod$aad629be944731f342bdb82c223c6c1bfdd5ac3d\GTP_LUT6D
Used module:     $paramod$36efcc05bc710ba5213d576ade66aa54de6a1796\GTP_LUT6D
Used module:     $paramod$ac0111cc9627f0d4c529823a3f0d63c33d9156ad\GTP_LUT6D
Used module:     $paramod$e22123ead373f3b4fb73efc7cfaf1e39a8523770\GTP_LUT6D
Used module:     $paramod$ff20b28215c786502f6d8f553706ed9cd1c0163a\GTP_LUT6D
Used module:     $paramod\GTP_LUT4D\INIT=16'1100100101010100
Used module:     $paramod\GTP_LUT4D\INIT=16'0101011000001110
Used module:     $paramod$a6de089f080598be21baca8a1b64257ee2edc06a\GTP_LUT6D
Used module:     $paramod$2fd717183e4fe70bb846e0fe1042a449f29c7496\GTP_LUT6D
Used module:     $paramod$5e432a97eda176f9ba612b069e5e66326ecc54ba\GTP_LUT6D
Used module:     $paramod$94b5ade23d86fd79cf32c8d87cc3e527f3e8cda1\GTP_LUT6D
Used module:     $paramod$f9f6234ce3a3e1f3ab418b73b86f0f7989b66363\GTP_LUT6D
Used module:     $paramod$ed8f9e63e69cf57268f82d403c715a6a32c6ec55\GTP_LUT6D
Used module:     $paramod$6af2ed1b693fea7facb300baf239feb23fc3234e\GTP_LUT6D
Used module:     $paramod$689b59e48d656491df354bee71832baf96404025\GTP_LUT6D
Used module:     $paramod$28d685373500be36f8ce26df9588658b8b625e63\GTP_LUT6D
Removing unused module `\GTP_LUT4D'.
Removing unused module `\GTP_LUT5D'.
Removing unused module `\GTP_LUT6D'.
Removing unused module `\GTP_LUT6'.
Removing unused module `\GTP_LUT5'.
Removing unused module `\GTP_LUT4'.
Removing unused module `\GTP_LUT3'.
Removing unused module `\GTP_LUT2'.
Removing unused module `\GTP_LUT1'.
Removed 9 unused modules.

4. Executing FLATTEN pass (flatten design).
Deleting now unused module $paramod\GTP_LUT4D\INIT=16'0101011000001110.
Deleting now unused module $paramod\GTP_LUT4D\INIT=16'1100100101010100.
Deleting now unused module $paramod$ff20b28215c786502f6d8f553706ed9cd1c0163a\GTP_LUT6D.
Deleting now unused module $paramod$e22123ead373f3b4fb73efc7cfaf1e39a8523770\GTP_LUT6D.
Deleting now unused module $paramod$ac0111cc9627f0d4c529823a3f0d63c33d9156ad\GTP_LUT6D.
Deleting now unused module $paramod$36efcc05bc710ba5213d576ade66aa54de6a1796\GTP_LUT6D.
Deleting now unused module $paramod$aad629be944731f342bdb82c223c6c1bfdd5ac3d\GTP_LUT6D.
Deleting now unused module $paramod$c7b8484bba2b144f1b36df6d7fd070ea9e93e3f7\GTP_LUT6D.
Deleting now unused module $paramod$7f437595a506b2f6d865cf5749cd850c6c92c004\GTP_LUT6D.
Deleting now unused module $paramod$18e3c49cac96ff1ec183512663f2ae5fd36b7ee3\GTP_LUT6D.
Deleting now unused module $paramod$45d4b31aab992879dfac4f7dd9dde8378484016c\GTP_LUT6D.
Deleting now unused module $paramod$ef013e761c398df4aac1719d80aaad8fe000d2d3\GTP_LUT6D.
Deleting now unused module $paramod$d274786acba9c069bbb18377efcbc5a6b93ce709\GTP_LUT6D.
Deleting now unused module $paramod\GTP_LUT4D\INIT=16'0101011000110010.
Deleting now unused module $paramod$257439f0e7fdb3e2c97d433ae476b2df81088dbd\GTP_LUT6D.
Deleting now unused module $paramod$49b153e595ad6ecceee4914ab112d225ef386740\GTP_LUT6D.
Deleting now unused module $paramod$a618cdd847eeebac70a87ea330d0c8e7023b3f0b\GTP_LUT6D.
Deleting now unused module $paramod$d979843314c28984398c30e844526a7598c91fdc\GTP_LUT6D.
Deleting now unused module $paramod$0a082a4c1835455736568e17370787d55961d414\GTP_LUT6D.
Deleting now unused module $paramod\GTP_LUT4D\INIT=16'0110100110110010.
Deleting now unused module $paramod$937d6e65e472cef121409fad194809bf21478f12\GTP_LUT6D.
Deleting now unused module $paramod\GTP_LUT4D\INIT=16'0001111000100011.
Deleting now unused module $paramod$6851f118375e52ffe03852163d66194c639cd5f8\GTP_LUT6D.
Deleting now unused module $paramod$b26a358d5094fc85753a7b56df2aefdfacb213bd\GTP_LUT6D.
Deleting now unused module $paramod$33ef243cc94d718e3b74ba2ae9f6c57fab095419\GTP_LUT6D.
Deleting now unused module $paramod$c9987373dd15509c123b457dd735e6b40ac5b00e\GTP_LUT6D.
Deleting now unused module $paramod$cc52148866adc872e7a6d00d89893e14b340ed53\GTP_LUT6D.
Deleting now unused module $paramod$e88e242c8171f36ad19df6e29f6731396a486e96\GTP_LUT6D.
Deleting now unused module $paramod\GTP_LUT4D\INIT=16'0011011001010100.
Deleting now unused module $paramod\GTP_LUT4D\INIT=16'0100010000101000.
Deleting now unused module $paramod\GTP_LUT5D\INIT=32'00110011001111000000010100000101.
Deleting now unused module $paramod$1d2c572f3c9322bb031065c6fb74b408b9d7716f\GTP_LUT6D.
Deleting now unused module $paramod\GTP_LUT4D\INIT=16'1001000000000110.
Deleting now unused module $paramod\GTP_LUT4D\INIT=16'1000100000010001.
Deleting now unused module $paramod$a6d744d7a333dd8443a7b9f8082f86a9aef030b4\GTP_LUT6D.
Deleting now unused module $paramod\GTP_LUT5D\INIT=32'01101001100101100110111100000110.
Deleting now unused module $paramod\GTP_LUT5D\INIT=32'00010100010000011000001000101000.
Deleting now unused module $paramod\GTP_LUT4D\INIT=16'0001010010000010.
Deleting now unused module $paramod$107ffcb12250428395ca905a84eaaa2c758e705e\GTP_LUT6D.
Deleting now unused module $paramod\GTP_LUT4D\INIT=16'0100010000100010.
Deleting now unused module $paramod\GTP_LUT5D\INIT=32'00000000000011110010001000100010.
Deleting now unused module $paramod\GTP_LUT4D\INIT=16'0010001001000100.
Deleting now unused module $paramod$b27203028ec8c6d237d1e75af9ad331d19af119a\GTP_LUT6D.
Deleting now unused module $paramod\GTP_LUT4D\INIT=16'0111000110100101.
Deleting now unused module $paramod\GTP_LUT5D\INIT=32'10001000100010000000000000001111.
Deleting now unused module $paramod$664cacc35d1c9ea56773ae7351fa0da8a2667fb5\GTP_LUT6D.
Deleting now unused module $paramod$547805a2fd0fc1765a0bde8c8fd6439ce19fea24\GTP_LUT6D.
Deleting now unused module $paramod\GTP_LUT4D\INIT=16'1001100101001101.
Deleting now unused module $paramod\GTP_LUT5D\INIT=32'10010110011010011001111100001001.
Deleting now unused module $paramod\GTP_LUT5D\INIT=32'01101001100101101110100011010100.
Deleting now unused module $paramod$ee5df6e3da3e83e569d700d82fa2d99327d94809\GTP_LUT6D.
Deleting now unused module $paramod\GTP_LUT5D\INIT=32'00001111111100000110100110010110.
Deleting now unused module $paramod$f4d4a5713a4fcb2fbfa0d857d1e4a9fb3626d76f\GTP_LUT6D.
Deleting now unused module $paramod$2e3d7cb72f95cc27d216817ef36382d14e859b7f\GTP_LUT6D.
Deleting now unused module $paramod\GTP_LUT5D\INIT=32'01101001100101100000100110011111.
Deleting now unused module $paramod$ae2ac0e88ea2a877797ca01d513a61348a58193f\GTP_LUT6D.
Deleting now unused module $paramod\GTP_LUT5D\INIT=32'10010110011010010101010110101010.
Deleting now unused module $paramod\GTP_LUT5D\INIT=32'11000000001111111000100010001000.
Deleting now unused module $paramod\GTP_LUT4D\INIT=16'1001100111010100.
Deleting now unused module $paramod$2fc747a06aa02c9c0e31445ea2ca6f13df4d8df1\GTP_LUT6D.
Deleting now unused module $paramod$f4ed46341bbc5250de7c79a96d24ab98122da13f\GTP_LUT6D.
Deleting now unused module $paramod$617a130b4f226e4fce22bd8bfec7b9f988b7dd0c\GTP_LUT6D.
Deleting now unused module $paramod$2fb6dc72bc766eb954a0f7f1e34ff4c3b27d631e\GTP_LUT6D.
Deleting now unused module $paramod$11ea9539faeab8ad6397592aa229b4fd37b37e9c\GTP_LUT6D.
Deleting now unused module $paramod$5dddb8a83a7958c91cd8b8f4cb13a2876beffa27\GTP_LUT6D.
Deleting now unused module $paramod$a82c0463d02540e0a7f9784e5ed52a4e3e5a5699\GTP_LUT6D.
Deleting now unused module $paramod$f9f00afb02a2e5c11ef330efdbc5df728bc85de2\GTP_LUT6D.
Deleting now unused module $paramod$4bcbb3ff94202bff8b7376bf018df708a5f24318\GTP_LUT6D.
Deleting now unused module $paramod\GTP_LUT5D\INIT=32'10000000000000001100110000000000.
Deleting now unused module $paramod\GTP_LUT5D\INIT=32'01101010110000001100110000000000.
Deleting now unused module $paramod$235d75f93174a80de048cce9d43f7f7fd8c8aa26\GTP_LUT6D.
Deleting now unused module $paramod$e17f264fb540b58f01e85780e3b1191022ce5373\GTP_LUT6D.
Deleting now unused module $paramod\GTP_LUT5D\INIT=32'10101010000000000110110001101100.
Deleting now unused module $paramod$5335c1dc0b95d0eb75a29f0a65ca642575fd6f6b\GTP_LUT6D.
Deleting now unused module $paramod$6a368736056b4ce04ae6c2fc9294f58ee131124f\GTP_LUT6D.
Deleting now unused module $paramod$beea3bfbba2712cedeaa818584f241f2d2d9b563\GTP_LUT6D.
Deleting now unused module $paramod$561864b2a1657646751c30c1591a22a6f6c15c99\GTP_LUT6D.
Deleting now unused module $paramod\GTP_LUT5D\INIT=32'01100000111101100110100110010110.
Deleting now unused module $paramod$566b422e6d23417fe042c25ac5d8fe7d4d40e651\GTP_LUT6D.
Deleting now unused module $paramod$41203a1cf9cc8ad1c6d32e100a89bf8100953857\GTP_LUT6D.
Deleting now unused module $paramod$16db2107d645ca722e86e2a2ae8922798eba9f0d\GTP_LUT6D.
Deleting now unused module $paramod$ef3cedfffb1cc58c2914b8414f62964cbcaed6f2\GTP_LUT6D.
Deleting now unused module $paramod$cd0b11397aa8ea9a8f03a4b44328ec6b3fc03a2e\GTP_LUT6D.
Deleting now unused module $paramod$a4e773bdb86d5407d3775a4e627de8c60e9a7700\GTP_LUT6D.
Deleting now unused module $paramod$7d378b8f9a24eacb488b7ef453385629c2f4e98f\GTP_LUT6D.
Deleting now unused module $paramod$0100bdbfe743b8306a52009e3c439c5178859b14\GTP_LUT6D.
Deleting now unused module $paramod$77d2ce02e515de40efb3ab14dfa747f81dd4e833\GTP_LUT6D.
Deleting now unused module $paramod$ca7d537f3e0cf5248174d82ceab1a434a4747e0a\GTP_LUT6D.
Deleting now unused module $paramod\GTP_LUT5D\INIT=32'10010110011010011000111001001101.
Deleting now unused module $paramod$51534d2ba4f07583e098a0bc643f50c58bbc8740\GTP_LUT6D.
Deleting now unused module $paramod\GTP_LUT5D\INIT=32'01101001100101101110100010001110.
Deleting now unused module $paramod\GTP_LUT5D\INIT=32'10010110011010011101010001110001.
Deleting now unused module $paramod\GTP_LUT5D\INIT=32'10010110011010011011001001110001.
Deleting now unused module $paramod$674140076e09b99a17045ac315d541717543bf04\GTP_LUT6D.
Deleting now unused module $paramod$192f0f92f03c10a98d9b857dbe8d00dc234d70d6\GTP_LUT6D.
Deleting now unused module $paramod$dd648868ea6ba38ed25f185e0539aa602d5bb959\GTP_LUT6D.
Deleting now unused module $paramod$37de09523644bd4786ba6a65702fc6620f3d0387\GTP_LUT6D.
Deleting now unused module $paramod$b9dd3aaa281b66977aecb88969c7af2bdec62ccc\GTP_LUT6D.
Deleting now unused module $paramod$9430417ab359a9039892304443ef406f18cd01a1\GTP_LUT6D.
Deleting now unused module $paramod$6ee9493966bcdfeed2dc567584aafba3dcd570a1\GTP_LUT6D.
Deleting now unused module $paramod$caa0b9947decf319d9604d7cd0bbf5e953fa2ff0\GTP_LUT6D.
Deleting now unused module $paramod$f48316f994bd232a17e7c3e28e4c6655b36b3108\GTP_LUT6D.
Deleting now unused module $paramod$e4278326aba8f2dd1db70844d2bad8de5b64e03c\GTP_LUT6D.
Deleting now unused module $paramod$f6c484a0be2fd4be04d76996c560c15665b7b796\GTP_LUT6D.
Deleting now unused module $paramod$e5e88c39be3c3fb561da7de1ef83c269f7e362a0\GTP_LUT6D.
Deleting now unused module $paramod\GTP_LUT4D\INIT=16'0100110101101001.
Deleting now unused module $paramod$b3bca92b941b3d50f7e0e81cda24110640603ffc\GTP_LUT6D.
Deleting now unused module $paramod$7b43697e6515e4863f7c0521b280df4f1a0c2bd5\GTP_LUT6D.
Deleting now unused module $paramod$8b81b0340b58145395b36109b3cfa5f2194a1940\GTP_LUT6D.
Deleting now unused module $paramod\GTP_LUT5D\INIT=32'11101101100001000110100110010110.
Deleting now unused module $paramod\GTP_LUT5D\INIT=32'11010100011100011001011001101001.
Deleting now unused module $paramod\GTP_LUT5D\INIT=32'00101011000101110110100110010110.
Deleting now unused module $paramod\GTP_LUT5D\INIT=32'10000010111010111001011001101001.
Deleting now unused module $paramod\GTP_LUT5D\INIT=32'01000001110101110110100110010110.
Deleting now unused module $paramod$7dba0df27b713e1ade7e04386f48f97b1b78f612\GTP_LUT6D.
Deleting now unused module $paramod$041eeb8ca027beea9e7089c315ad1121279e684b\GTP_LUT6D.
Deleting now unused module $paramod$045503028675733ff521ef9bb26ab9711360a7e0\GTP_LUT6D.
Deleting now unused module $paramod\GTP_LUT5D\INIT=32'11101000100011100110100110010110.
Deleting now unused module $paramod\GTP_LUT5D\INIT=32'11010100010011011001011001101001.
Deleting now unused module $paramod\GTP_LUT5D\INIT=32'10110010011100011001011001101001.
Deleting now unused module $paramod\GTP_LUT5D\INIT=32'01001101000101110110100110010110.
Deleting now unused module $paramod$e5468bc1998948aab1f109c48abb89fc9285fa6f\GTP_LUT6D.
Deleting now unused module $paramod$9bfe1fc7e662ed4b2422775b1593ebc46b7acd7f\GTP_LUT6D.
Deleting now unused module $paramod\GTP_LUT4D\INIT=16'0110100100101011.
Deleting now unused module $paramod\GTP_LUT4D\INIT=16'0010101101101001.
Deleting now unused module $paramod\GTP_LUT4D\INIT=16'1001011010001110.
Deleting now unused module $paramod$f5013d9c3e7a0b480e544a5c4736bd034ec28e09\GTP_LUT6D.
Deleting now unused module $paramod$3ee347b8eb17027bdc1c5d9cf8d60309eda24d51\GTP_LUT6D.
Deleting now unused module $paramod\GTP_LUT5D\INIT=32'11110111011100001000011101111000.
Deleting now unused module $paramod$f9cb7f213667efa119b8ddbb82e8309daa46ee87\GTP_LUT6D.
Deleting now unused module $paramod$bda2b488a734dbae464f550d08bd83aa5c3897c5\GTP_LUT6D.
Deleting now unused module $paramod$afd702b370dad90986d74142999e9939237fd44c\GTP_LUT6D.
Deleting now unused module $paramod\GTP_LUT5D\INIT=32'10010110011010011011011100100001.
Deleting now unused module $paramod$2bee4e81ca119ce4b021d0554500fe8a2638da72\GTP_LUT6D.
Deleting now unused module $paramod\GTP_LUT5D\INIT=32'01101001100101100111000100010111.
Deleting now unused module $paramod\GTP_LUT5D\INIT=32'01110001000101110110100110010110.
Deleting now unused module $paramod\GTP_LUT5D\INIT=32'10010110011010011101010001001101.
Deleting now unused module $paramod\GTP_LUT4D\INIT=16'1001011000010111.
Deleting now unused module $paramod$4c337400648cfc8a183a0f64a1495365d6a01c48\GTP_LUT6D.
Deleting now unused module $paramod$c227beee7d0b6633681a12c732f53d75f7406f49\GTP_LUT6D.
Deleting now unused module $paramod$646d9452934ff1f4403689ac922e6573fff130b9\GTP_LUT6D.
Deleting now unused module $paramod\GTP_LUT4D\INIT=16'0110100101001101.
Deleting now unused module $paramod$424408f7b0d92f135e0661a1ea3326f85625477b\GTP_LUT6D.
Deleting now unused module $paramod\GTP_LUT4D\INIT=16'0110100101110001.
Deleting now unused module $paramod\GTP_LUT4D\INIT=16'1001011010110010.
Deleting now unused module $paramod\GTP_LUT4D\INIT=16'0110100111101000.
Deleting now unused module $paramod\GTP_LUT4D\INIT=16'1001011011010100.
Deleting now unused module $paramod$e849469a07e9834c012e6dee1d652db35b80a896\GTP_LUT6D.
Deleting now unused module $paramod$f342709df73084c29c0dbb4ec24f8a320ac49dd8\GTP_LUT6D.
Deleting now unused module $paramod$75d57a964b545076477f5a13045cea383965a713\GTP_LUT6D.
Deleting now unused module $paramod$a277588585edbac64b995fd345158f0a1624dc21\GTP_LUT6D.
Deleting now unused module $paramod$46ca8a96938e7e7795e877135c17a8c16e5feea4\GTP_LUT6D.
Deleting now unused module $paramod$a5a677ff7916f9fc6c86f4d55ecd506fcbea36f3\GTP_LUT6D.
Deleting now unused module $paramod\GTP_LUT5D\INIT=32'01110111100010001010000010100000.
Deleting now unused module $paramod\GTP_LUT5D\INIT=32'10100000000000001100000011000000.
Deleting now unused module $paramod$6396d0107fe3b706ad37341f5caa5a154867ec28\GTP_LUT6D.
Deleting now unused module $paramod$84756def7600d81113587707db7cba0d2d2fde38\GTP_LUT6D.
Deleting now unused module $paramod$9b95dd04831d812a8f2f6fca1e0e9502f68d32bd\GTP_LUT6D.
Deleting now unused module $paramod$b43935aaff2c26680a2a08950e44a911f5f05957\GTP_LUT6D.
Deleting now unused module $paramod\GTP_LUT4D\INIT=16'1010000011000000.
Deleting now unused module $paramod$b45d3f8c6e2d3a308bab435dcd436e23c9301a6f\GTP_LUT6D.
Deleting now unused module $paramod$0a5359d8a9413a398f9ab1c367897cba56909767\GTP_LUT6D.
Deleting now unused module $paramod$72bbb44e66ac88fce706e610717fd13b5e9f8b58\GTP_LUT6D.
Deleting now unused module $paramod$af22ef23bab0aa788c207964bf3e77f8e1bb7b4f\GTP_LUT6D.
Deleting now unused module $paramod\GTP_LUT5D\INIT=32'11101011100000100110100110010110.
Deleting now unused module $paramod\GTP_LUT5D\INIT=32'11010111010000011001011001101001.
Deleting now unused module $paramod$192a66e747e1cddc719bfff2046a71fe2a0ddca7\GTP_LUT6D.
Deleting now unused module $paramod$e5317fe5e4c687f8256f96c40ff52d44222ab61c\GTP_LUT6D.
Deleting now unused module $paramod\GTP_LUT4D\INIT=16'0001011110010110.
Deleting now unused module $paramod\GTP_LUT4D\INIT=16'1000111010010110.
Deleting now unused module $paramod\GTP_LUT4D\INIT=16'0111000101101001.
Deleting now unused module $paramod\GTP_LUT4D\INIT=16'1011001010010110.
Deleting now unused module $paramod\GTP_LUT4D\INIT=16'1101010010010110.
Deleting now unused module $paramod\GTP_LUT4D\INIT=16'1110100001101001.
Deleting now unused module $paramod$ca2e21474a4c028594c2444a9e1b94681ef0f12f\GTP_LUT6D.
Deleting now unused module $paramod$faacfb5595f64e17d7650cb234ef114b1ac80bbb\GTP_LUT6D.
Deleting now unused module $paramod$dc078186e60b10f31464b8740a6feaf1810490fd\GTP_LUT6D.
Deleting now unused module $paramod\GTP_LUT5D\INIT=32'00000111011111110111100010000111.
Deleting now unused module $paramod$1c3bee244a8aa89da65bc1079fc29e8efc2a0fd0\GTP_LUT6D.
Deleting now unused module $paramod$e4e5b67231108e709a187bcfb373463f5de7a246\GTP_LUT6D.
Deleting now unused module $paramod$8b95486dd31309f669b1b73886d3ef23068773a8\GTP_LUT6D.
Deleting now unused module $paramod$ccc687fc22bfed5eb7dc629c50fd1de4561204ee\GTP_LUT6D.
Deleting now unused module $paramod$a5842511a65ac0d6b27b796c307bbb63b792ba88\GTP_LUT6D.
Deleting now unused module $paramod\GTP_LUT5D\INIT=32'01101010110000001010000010100000.
Deleting now unused module $paramod\GTP_LUT5D\INIT=32'11110000000000000110101011000000.
Deleting now unused module $paramod\GTP_LUT5D\INIT=32'11001100000000000110101011000000.
Deleting now unused module $paramod\GTP_LUT5D\INIT=32'11000000110000000110101011000000.
Deleting now unused module $paramod$ad0bc15c73056a926b9ad13428fbed471776b274\GTP_LUT6D.
Deleting now unused module $paramod$461eaa86925925867c7891a8b1d576a5f57f5c80\GTP_LUT6D.
Deleting now unused module $paramod$eb79400a6cc3008f9dd77c7e29d7b94b7e6a8b09\GTP_LUT6D.
Deleting now unused module $paramod$bac7d1518d7313693c8fc0f911762b35b8841097\GTP_LUT6D.
Deleting now unused module $paramod$f9253f84daf1a7143ef06701fafa6a2391c25969\GTP_LUT6D.
Deleting now unused module $paramod$587b6858a01e06b4518604aa84fe3073761b9252\GTP_LUT6D.
Deleting now unused module $paramod$52b265922192e34ebc1f8c83462738d67505fae7\GTP_LUT6D.
Deleting now unused module $paramod$bcacf4e0ae6c246cb4e28093d01ae766be197551\GTP_LUT6D.
Deleting now unused module $paramod\GTP_LUT5D\INIT=32'00111111110000001010000010100000.
Deleting now unused module $paramod\GTP_LUT5D\INIT=32'01011111101000001000100010001000.
Deleting now unused module $paramod\GTP_LUT5D\INIT=32'11000000110000000101111110100000.
Deleting now unused module $paramod\GTP_LUT5D\INIT=32'01011111101000001100000011000000.
Deleting now unused module $paramod\GTP_LUT4D\INIT=16'1100000010100000.
Deleting now unused module $paramod\GTP_LUT4D\INIT=16'1100000010001000.
Deleting now unused module $paramod\GTP_LUT5D\INIT=32'10100000101000000111011110001000.
Deleting now unused module $paramod$14425f3d821efef51dbe5c5f0b596f30e385f326\GTP_LUT6D.
Deleting now unused module $paramod$566893ffd303b33ffbd173cc2eaffc66d9f94941\GTP_LUT6D.
Deleting now unused module $paramod$accc60f34cd029a6c547efdebaab1dc286dd4f33\GTP_LUT6D.
Deleting now unused module $paramod$51ae4d7dd0143a8b538c33f2f5f6fa9241089db4\GTP_LUT6D.
Deleting now unused module $paramod$d3f159cf0373ef6711fc8766cf52f2ac4bf9af84\GTP_LUT6D.
Deleting now unused module $paramod\GTP_LUT5D\INIT=32'11100000110000001010000010100000.
Deleting now unused module $paramod\GTP_LUT4D\INIT=16'1000100010100000.
Deleting now unused module $paramod$4ce288b07d69340bec87c2fc392d6fc16325ddcc\GTP_LUT6D.
Deleting now unused module $paramod$5616e8c6647888a2a0a1a4cb968843643cd7f7de\GTP_LUT6D.
Deleting now unused module $paramod$65b8e9ccbf31a6052b42a41b984bbb28cc09881c\GTP_LUT6D.
Deleting now unused module $paramod$45a27bc51efbc019d097b4738884e9e24f158292\GTP_LUT6D.
Deleting now unused module $paramod$792c1b04b9fb0ceb1a263f284c5297ae4a2cd6be\GTP_LUT6D.
Deleting now unused module $paramod$079d7f106020a41058c92a84c1a209594c205d93\GTP_LUT6D.
Deleting now unused module $paramod\GTP_LUT5D\INIT=32'10101010000000000110101011000000.
Deleting now unused module $paramod\GTP_LUT4D\INIT=16'1010000010001000.
Deleting now unused module $paramod\GTP_LUT5D\INIT=32'00001111001111111010000010100000.
Deleting now unused module $paramod$e0d39b478ad95b296dd3f847743428e3eda1e32c\GTP_LUT6D.
Deleting now unused module $paramod$bc0fbea881818c64425bb00960eacfe1f6b95c91\GTP_LUT6D.
Deleting now unused module $paramod$82fd09ec4a857adc943c881689d1dc38b2865766\GTP_LUT6D.
Deleting now unused module $paramod\GTP_LUT5D\INIT=32'00010001000100010000000000001111.
Deleting now unused module $paramod\GTP_LUT5D\INIT=32'00000000000011111000100010001000.
Deleting now unused module $paramod\GTP_LUT5D\INIT=32'10001000100010001111000000000000.
Deleting now unused module $paramod\GTP_LUT4D\INIT=16'1000100011000000.
Deleting now unused module $paramod$f5766d85f68b62f93851b5e5d16f49c8098e89fc\GTP_LUT6D.
Deleting now unused module $paramod$9494c7749024882b6143231ebfad33c0f83710a5\GTP_LUT6.
Deleting now unused module $paramod$ec3fab463e0064e29817e63da1a086c690502da3\GTP_LUT6.
Deleting now unused module $paramod$01a45e7502db9d14a2bf7ebe6e7bddb9a35a55ef\GTP_LUT6.
Deleting now unused module $paramod$50f271df700185531e36c1a06bf8119c566ff282\GTP_LUT6.
Deleting now unused module $paramod$b8d73a74d0dbd175317167bbbfc832f2bffe2a6e\GTP_LUT6.
Deleting now unused module $paramod\GTP_LUT5\INIT=32'01110111111111110111111111111111.
Deleting now unused module $paramod\GTP_LUT5\INIT=32'00001111011110000111100011110000.
Deleting now unused module $paramod$b403c3635bd03bc2b9c58d3e8fecbe43eed888d5\GTP_LUT6.
Deleting now unused module $paramod$6c7e0c236158d4faaa74469ea246f31a4fb7750f\GTP_LUT6.
Deleting now unused module $paramod$1db71f7f0dccedd60f67883d711aa9779cb86696\GTP_LUT6.
Deleting now unused module $paramod$16fceda44832702febc7994c20b21088f6f33ae3\GTP_LUT6.
Deleting now unused module $paramod$dd67c07ec6dbc0d6076981e03596e24ed6165c59\GTP_LUT6.
Deleting now unused module $paramod$b5147093475f556008a6df7af93b957ab27646ca\GTP_LUT6.
Deleting now unused module $paramod$dcfa9fcb1ee52fe55381440f807d08900746d5ff\GTP_LUT6.
Deleting now unused module $paramod\GTP_LUT5\INIT=32'00001000100010101010111011101111.
Deleting now unused module $paramod\GTP_LUT5\INIT=32'01000100010001000101010101010100.
Deleting now unused module $paramod$c1d4e033a2f2e62d94466c00803847a20b9f5614\GTP_LUT6.
Deleting now unused module $paramod$ad30a2f777cea0b04e4a8841fb9de427ab3402bf\GTP_LUT6.
Deleting now unused module $paramod$e9dcee75cec4632edba7eeb1bc213028fb169d9f\GTP_LUT6.
Deleting now unused module $paramod$ad51114504007efb9dfce151e45cc8c84d1f2230\GTP_LUT6.
Deleting now unused module $paramod$c6b2821ac13c3affad728c37b238cbedb707bbd3\GTP_LUT6.
Deleting now unused module $paramod$0ce858d7f4edd6b15605d911866f45f6ee759d3e\GTP_LUT6.
Deleting now unused module $paramod$89b381a9a0f5c0a39f55985ab7be721540ca1b36\GTP_LUT6.
Deleting now unused module $paramod$d91852a0950cafd75f5ed00c6b0afddde4206362\GTP_LUT6.
Deleting now unused module $paramod$5a502b913ccc3d596cb2ca6e40b8814fba761ded\GTP_LUT6.
Deleting now unused module $paramod$b25a96f090086eccde3c615b2aeb5f029eaefb82\GTP_LUT6.
Deleting now unused module $paramod$7fe4e5f595ef699cb797f050d41f9fea9d16cf75\GTP_LUT6.
Deleting now unused module $paramod$a3150a4b5d0c3ddde8dfb8a72b1fe52f5a91c09c\GTP_LUT6.
Deleting now unused module $paramod$c79624e77cce1c2d2afe3d539f9259a3a31e71fd\GTP_LUT6.
Deleting now unused module $paramod$8a7ee3a8ac6edb58a63467beb041fa403c691363\GTP_LUT6.
Deleting now unused module $paramod$7da7bb8d70aa694811df0ec2128556c73088bc2c\GTP_LUT6.
Deleting now unused module $paramod$e8740bdee71f5ad9e3ec22bb9e152aa81ac0f7c3\GTP_LUT6.
Deleting now unused module $paramod$a0e638ed2b98d14b6e3496c507f435232b266ed3\GTP_LUT6.
Deleting now unused module $paramod$2682816559f905ccaf80be70e1bebe31afa6ed29\GTP_LUT6.
Deleting now unused module $paramod$f34182c923e55107854cf6f9e837941d1e788ccf\GTP_LUT6.
Deleting now unused module $paramod$d0a0894eaf84dfd1b838a18763ae0766ed689a90\GTP_LUT6.
Deleting now unused module $paramod\GTP_LUT3\INIT=8'11100100.
Deleting now unused module $paramod\GTP_LUT3\INIT=8'11010100.
Deleting now unused module $paramod\GTP_LUT5\INIT=32'01111000100001111000011101111000.
Deleting now unused module $paramod$28f67a43c0359762428216162537090a6be97fb7\GTP_LUT6.
Deleting now unused module $paramod$45ef40a1792c1e17548c8e2a9aa9d3dba0ce40b1\GTP_LUT6.
Deleting now unused module $paramod$4adcd1876a269811694e958bf6596635d8061f5e\GTP_LUT6.
Deleting now unused module $paramod$68b2fd58e3d43fd00b3d39eed98662d593eabe16\GTP_LUT6.
Deleting now unused module $paramod$65df2eb63d0fb78f4b7d7b1a2981e6c393a98f6b\GTP_LUT6.
Deleting now unused module $paramod$b43a7e0ec80a203a2d0a6f330a15d15d148158df\GTP_LUT6.
Deleting now unused module $paramod$e783d5a768f55ca56da7f1653c7e3f232c6a9d6e\GTP_LUT6.
Deleting now unused module $paramod$89a4099056da44912103a78bfb33ea9812de148a\GTP_LUT6.
Deleting now unused module $paramod$083e02367a9b486f9a5fe907fbc96b21dfe4020c\GTP_LUT6.
Deleting now unused module $paramod$701bf4c3a4d10d60e0e45ab02637a46118e0b77c\GTP_LUT6.
Deleting now unused module $paramod$50a884ab3ddd18687c8b7a80b03766c3410d0e36\GTP_LUT6.
Deleting now unused module $paramod$f3c0a4b7dd5f2f3c43e1ec3e1678778539f3fcd2\GTP_LUT6.
Deleting now unused module $paramod$02374f4a65d3b5609cc7b0641a42ea302923c6c2\GTP_LUT6.
Deleting now unused module $paramod$9a34bef127112b01c94062c59de5f288c07e0f4f\GTP_LUT6.
Deleting now unused module $paramod$13673008ed6f5a820840637ae1727994affe63b4\GTP_LUT6.
Deleting now unused module $paramod$5f2c97c1622ecb1dc65c5028c0d836b8ad453609\GTP_LUT6.
Deleting now unused module $paramod$a8ece0b410c4a86760c985a5ff6aabb529230a69\GTP_LUT6.
Deleting now unused module $paramod$720b88ffb77f6aef7d1ff2223e67106ea77a052a\GTP_LUT6.
Deleting now unused module $paramod$6dd7cfecae4e453deeac25f937bea7d1ae1ad3b9\GTP_LUT6.
Deleting now unused module $paramod$863410447d6752341c4394e2ea68df4d55f9f555\GTP_LUT6.
Deleting now unused module $paramod$6222f9e28f0faf5cfe01b7f1bf9e1a2568222e5e\GTP_LUT6.
Deleting now unused module $paramod$378dd0d0ba808ff0984abf7c537191041eba26ae\GTP_LUT6.
Deleting now unused module $paramod$ce4c43c670a7dce17baa8b138f06d312637dfa1d\GTP_LUT6.
Deleting now unused module $paramod$2a67350ca240a316ffd07b0e35788d12ec9eafdc\GTP_LUT6.
Deleting now unused module $paramod$7f53fefbdb95d928d57b2a52f54d0e24414c0507\GTP_LUT6.
Deleting now unused module $paramod$498d4458e0cc14fd993b6044999ec4b5905d71fb\GTP_LUT6.
Deleting now unused module $paramod$7ca2a7afbe87be73ca7343f5aa69f615c6bb9318\GTP_LUT6.
Deleting now unused module $paramod$972112a20b5472094a0cc3542b63f32ab0dfc5cc\GTP_LUT6.
Deleting now unused module $paramod$466e63a211eb8f97be13400ebafd4b0931ce514b\GTP_LUT6.
Deleting now unused module $paramod$545d8b0c68aa9eef7d5fdbc0a8cfd3c5977ed058\GTP_LUT6.
Deleting now unused module $paramod$3eeda1f05e29e62640389e4b594c3e4acefb3b8a\GTP_LUT6.
Deleting now unused module $paramod\GTP_LUT5\INIT=32'10000111011110000111011110001000.
Deleting now unused module $paramod\GTP_LUT3\INIT=8'10000100.
Deleting now unused module $paramod$4b3fbf1d2fddb58b60179f3e83d0d784a176bd45\GTP_LUT6.
Deleting now unused module $paramod$6c77681810c9c67d7588e3607e96c123e936f4c3\GTP_LUT6.
Deleting now unused module $paramod$36d275c52c0e84d1e9bf55f690c48925690bb44a\GTP_LUT6.
Deleting now unused module $paramod$86c3bfa17e6be7cc0c1dbea535b77f1b4110409d\GTP_LUT6.
Deleting now unused module $paramod$00acfbe07a2e01f5bfd3c7b34b96e6b91caedef9\GTP_LUT6.
Deleting now unused module $paramod\GTP_LUT3\INIT=8'10110010.
Deleting now unused module $paramod\GTP_LUT4\INIT=16'0110100110010110.
Deleting now unused module $paramod\GTP_LUT5\INIT=32'01101100101000001100110000000000.
Deleting now unused module $paramod$2c498106e179a2fa865dadfc0d4062f2fc7444db\GTP_LUT6.
Deleting now unused module $paramod$d00530ea8be1cb230b47551c619abb9f8db6711f\GTP_LUT6.
Deleting now unused module $paramod$896a1ea03261249c174be69826e523550df27e60\GTP_LUT6.
Deleting now unused module $paramod$658b75cdf0c4cccb5d263cb64b3d409e538de9c0\GTP_LUT6.
Deleting now unused module $paramod$690ba2cb64cbec03df638ccb222aee90e38c0510\GTP_LUT6.
Deleting now unused module $paramod$f9d6ba46b5e7e0c319fb105ca079b159c4cf13a0\GTP_LUT6.
Deleting now unused module $paramod$449e76a3f162b4994ae70121d92f978485a88eda\GTP_LUT6.
Deleting now unused module $paramod$624c1ae8784051b17d1951180958cf023a63dc4e\GTP_LUT6.
Deleting now unused module $paramod$53f99ec2f205572e230561fb7f42f46fb4b2cc28\GTP_LUT6.
Deleting now unused module $paramod$d7c1b3ffb162b310754e6884a5ab5950fa3b1d9e\GTP_LUT6.
Deleting now unused module $paramod$6950509d3d2e3f206decccbf10860df5aaa64e11\GTP_LUT6.
Deleting now unused module $paramod$7f310c031abf6ea28da3f20c3ba498c92be5ad72\GTP_LUT6.
Deleting now unused module $paramod$e349a9cb49987b51edb9b18c45e133b59172192d\GTP_LUT6.
Deleting now unused module $paramod\GTP_LUT3\INIT=8'01110001.
Deleting now unused module $paramod\GTP_LUT3\INIT=8'11101000.
Deleting now unused module $paramod\GTP_LUT5\INIT=32'00110110110011001111000000000000.
Deleting now unused module $paramod\GTP_LUT5\INIT=32'00010011011111110101111111111111.
Deleting now unused module $paramod\GTP_LUT5\INIT=32'01111111111111111000000000000000.
Deleting now unused module $paramod$f2b8da729649a8d2feb523ab9a0b10d65898f949\GTP_LUT6.
Deleting now unused module $paramod$29ed4a338ac22fc5e8ee67904c699e7f572c14da\GTP_LUT6.
Deleting now unused module $paramod$ab40e838bedd6a423fab36e2d5a5eec38d2d34e1\GTP_LUT6.
Deleting now unused module $paramod$499c014a86cd269ed67edfffde8a2b77ee3ce201\GTP_LUT6.
Deleting now unused module $paramod$ce63b3a4457701f807af6f01a24d02778bb4456d\GTP_LUT6.
Deleting now unused module $paramod$d2e424404acf8b0c7fa86135cfea8babbba53f74\GTP_LUT6.
Deleting now unused module $paramod$896521207469e938a1da1f22d2d4e85a67fa681d\GTP_LUT6.
Deleting now unused module $paramod$2457e1475f23d6be9cda081bd9f7443a3b41af10\GTP_LUT6.
Deleting now unused module $paramod$287b2fdafa267d96c99a6988580a3c071105ef90\GTP_LUT6.
Deleting now unused module $paramod$438c5599d40ac7f13269490792bf4709efe76cdc\GTP_LUT6.
Deleting now unused module $paramod$b7023907727181d9521d6870be862a56953b99f4\GTP_LUT6.
Deleting now unused module $paramod$0215b9386c9fcb2322798053b908b4a664f2619a\GTP_LUT6.
Deleting now unused module $paramod\GTP_LUT5\INIT=32'01110001011101110001000101110001.
Deleting now unused module $paramod$36c467f04866d0857a7616ea014a57428f8c597e\GTP_LUT6.
Deleting now unused module $paramod$c0c31601edfb16d56bbe244b473a5784c1f34d05\GTP_LUT6.
Deleting now unused module $paramod\GTP_LUT5\INIT=32'11011101110101001101010001000100.
Deleting now unused module $paramod$a462b396dd5357198b1eeb934be2587d893688d7\GTP_LUT6.
Deleting now unused module $paramod$3280820811b65f473700fc399314a7b8be580ecb\GTP_LUT6.
Deleting now unused module $paramod$84a9d4eb5398a9002dc529ace70de9010f3200e5\GTP_LUT6.
Deleting now unused module $paramod$64af08bf0355334b280973211717b33f130d98c6\GTP_LUT6.
Deleting now unused module $paramod$4cfc4f285e31c93403c29df665f7a45b57632146\GTP_LUT6.
Deleting now unused module $paramod$cc4968eeaaac61ecfa13ac52d930a4c5e53952e7\GTP_LUT6.
Deleting now unused module $paramod$7549ab39c5834d291d308c5e669e587cbb8395a9\GTP_LUT6.
Deleting now unused module $paramod$94072227f91099d47075184142f7eba0504e4c27\GTP_LUT6.
Deleting now unused module $paramod$b4d4f8fdface0caed4044d8d8861d9edace8c0da\GTP_LUT6.
Deleting now unused module $paramod$4c4744fc4302f0212b5667a415623e634b8ed269\GTP_LUT6.
Deleting now unused module $paramod$74f4573eca16316e285c79669f651197afc10679\GTP_LUT6.
Deleting now unused module $paramod$e0fd915e88d0b7058285d06b71e3afeb12d6298a\GTP_LUT6.
Deleting now unused module $paramod$5fda04d5d57b9ccbb0ac45f827652a74642e681f\GTP_LUT6.
Deleting now unused module $paramod$4077707f010ef703530072299fda9f3e8d6ffc71\GTP_LUT6.
Deleting now unused module $paramod$b184ec6658a6b2c5d1a59071c7bfeecaa360583b\GTP_LUT6.
Deleting now unused module $paramod$d0cf47df126b9a12683e41fad27274f46975429e\GTP_LUT6.
Deleting now unused module $paramod$e5afda3d2dd044cda91dbb2e31584a70e4804492\GTP_LUT6.
Deleting now unused module $paramod$d7d407888f59647f64fa496cea469ac2e17f8f9a\GTP_LUT6.
Deleting now unused module $paramod$19f927d2f6a920ba04d2bfc4c6cb54ef65ddfede\GTP_LUT6.
Deleting now unused module $paramod$b917d2b761d381d92b9eb18a23412ef1f861ec4d\GTP_LUT6.
Deleting now unused module $paramod$5ea42884caf04ae3b01befd0cb51bbb80b32d0a8\GTP_LUT6.
Deleting now unused module $paramod$482dc977fd7e8b4ab09a1188870acf311062c5ed\GTP_LUT6.
Deleting now unused module $paramod$78eccde7a79bd52d879f036e873d4c48515a8778\GTP_LUT6.
Deleting now unused module $paramod$a337bf0720f062fe2d1eaaefb7cd288c26633345\GTP_LUT6.
Deleting now unused module $paramod$a8b1afe13ee8622579e13242c41d8e298d56d78b\GTP_LUT6.
Deleting now unused module $paramod$766b74ed0a23643dd9f0a6fedba5c1ced1709ce1\GTP_LUT6.
Deleting now unused module $paramod$3d12581d3b6769b173f1a7cfc3f1a3c7da76fefa\GTP_LUT6.
Deleting now unused module $paramod$2beb185c22887f268a50528d32c1cb92ccd76cd9\GTP_LUT6.
Deleting now unused module $paramod$cba11352ba53629a69e702b21269efbb2cb8e9ad\GTP_LUT6.
Deleting now unused module $paramod$7e8ecca2bd2c9fda89b7ba83f498fbd173b64e0b\GTP_LUT6.
Deleting now unused module $paramod\GTP_LUT3\INIT=8'01111000.
Deleting now unused module $paramod\GTP_LUT3\INIT=8'01101001.
Deleting now unused module $paramod\GTP_LUT3\INIT=8'10010110.
Deleting now unused module $paramod\GTP_LUT5\INIT=32'01111111111111110001010100111111.
Deleting now unused module $paramod$a0cf5aacf0a5b797b10571b7047ba989362d24ae\GTP_LUT6.
Deleting now unused module $paramod$4266998066c7ad651b87ae34280e91df756dca68\GTP_LUT6.
Deleting now unused module $paramod$f8a3dd51288903ceed8abaeb186afc29b5acdb54\GTP_LUT6.
Deleting now unused module $paramod$adf3dd5018d998ae37ead9a4500aee8ff03c91c2\GTP_LUT6.
Deleting now unused module $paramod$4fe3c47d34a6cba089d23c9e6612e7500e1f39a2\GTP_LUT6.
Deleting now unused module $paramod$74df0c059e368f19eecb85dfb15cf0d0809369bb\GTP_LUT6.
Deleting now unused module $paramod$bd76311fcf844849a61e905d019ffc7a3406029e\GTP_LUT6.
Deleting now unused module $paramod$a1bcbcca366820977776540231deb961d9afe78f\GTP_LUT6.
Deleting now unused module $paramod$be66b92a3fea7b9f986926c398c1c6396ec4a30e\GTP_LUT6.
Deleting now unused module $paramod$5c8f5a1e895625da662ffbd7439a045d67b57581\GTP_LUT6.
Deleting now unused module $paramod$2f489a486f5a06ef3bd6e0eacd3934f6e108b72b\GTP_LUT6.
Deleting now unused module $paramod$57d4540bed4400ca4c15cd32673b185984fcd923\GTP_LUT6.
Deleting now unused module $paramod$94feb00ebd250758b5e63fe40f44940c6e7beef7\GTP_LUT6.
Deleting now unused module $paramod$8878fdbd9d1bbd8f72548b104ef61a9c839441d2\GTP_LUT6.
Deleting now unused module $paramod$3c52d5d39ec61cc6d8a4dd6cb7e7fdff347d903a\GTP_LUT6.
Deleting now unused module $paramod$b712cf90160771eaf7e5acf4c07c8301b78b00fc\GTP_LUT6.
Deleting now unused module $paramod$0132707043af44768e7194e3705eadec9c3fb24a\GTP_LUT6.
Deleting now unused module $paramod$1bf5f01e89e88db1b71cf1bf591a780e8e647546\GTP_LUT6.
Deleting now unused module $paramod$867086545fcaa2e16e01d416e759193b8e333a73\GTP_LUT6.
Deleting now unused module $paramod$49a9ae3d8ab882e44adc77bbd7027b7065492957\GTP_LUT6.
Deleting now unused module $paramod$764bfef1fa975c5f081ca07d2a9b85c1530a2c71\GTP_LUT6.
Deleting now unused module $paramod$dae4bafca685724005edcc627102ec72e7ebc31d\GTP_LUT6.
Deleting now unused module $paramod$64b8335b011477a280d097ee50de23d0145fcc23\GTP_LUT6.
Deleting now unused module $paramod$726f6e6b8eb65559506f6484e457a3e611fabfae\GTP_LUT6.
Deleting now unused module $paramod$1aed1bd51084353e2ff3ae0ccd5cf26011f5be2f\GTP_LUT6.
Deleting now unused module $paramod$8440634061c2441cf479cde1e76adfe36d754c4a\GTP_LUT6.
Deleting now unused module $paramod$5a413251865d8e1bc32ebedd8698d5af28e12c77\GTP_LUT6.
Deleting now unused module $paramod$a1511ba38539040212dedd60949334e4bf9b6581\GTP_LUT6.
Deleting now unused module $paramod$94f20f7d0c9aae7c47ecc41a547a65f9ef39d378\GTP_LUT6.
Deleting now unused module $paramod$e5e6f7e2ab96be144dbe833de97381db82a1fa1d\GTP_LUT6.
Deleting now unused module $paramod$88ecfd519a593b02863949e357d92dadc8620ded\GTP_LUT6.
Deleting now unused module $paramod$3a6e9495d5afb08ad962fec0ebf5994add62776c\GTP_LUT6.
Deleting now unused module $paramod\GTP_LUT4\INIT=16'0110101011000000.
Deleting now unused module $paramod\GTP_LUT4\INIT=16'0000011101111111.
Deleting now unused module $paramod\GTP_LUT5\INIT=32'00010111010111110011111111111111.
Deleting now unused module $paramod\GTP_LUT5\INIT=32'01101010101010101100000000000000.
Deleting now unused module $paramod\GTP_LUT5\INIT=32'01101010110000001010101000000000.
Deleting now unused module $paramod$ac66e494c4be501c3d49c47fc7813e43a763fc64\GTP_LUT6.
Deleting now unused module $paramod$92432f548d7ca0e4c4185505e90b3fa0b62d6924\GTP_LUT6.
Deleting now unused module $paramod$6bfd9d45ef108fbad97b24bc286ca5f3d8b7f79e\GTP_LUT6.
Deleting now unused module $paramod$6467decad80f9f1fe527a343c1088f0670b6a372\GTP_LUT6.
Deleting now unused module $paramod$12ac32869a3b0344482a06de893b1c422a497c6b\GTP_LUT6.
Deleting now unused module $paramod$59d1e71730573726016523635ae12d9a36d2e6b7\GTP_LUT6.
Deleting now unused module $paramod$b55fd927845dbd6ffb3fa8f3c2d896dab9514d97\GTP_LUT6.
Deleting now unused module $paramod$7fd492bf0a0f3afa506da4ca0d6c7d40a5331ef3\GTP_LUT6.
Deleting now unused module $paramod$48a85bb5e949702506db52bcf7757d6246ae6613\GTP_LUT6.
Deleting now unused module $paramod$28d685373500be36f8ce26df9588658b8b625e63\GTP_LUT6D.
Deleting now unused module $paramod$689b59e48d656491df354bee71832baf96404025\GTP_LUT6D.
Deleting now unused module $paramod$6af2ed1b693fea7facb300baf239feb23fc3234e\GTP_LUT6D.
Deleting now unused module $paramod$ed8f9e63e69cf57268f82d403c715a6a32c6ec55\GTP_LUT6D.
Deleting now unused module $paramod$f9f6234ce3a3e1f3ab418b73b86f0f7989b66363\GTP_LUT6D.
Deleting now unused module $paramod$94b5ade23d86fd79cf32c8d87cc3e527f3e8cda1\GTP_LUT6D.
Deleting now unused module $paramod$5e432a97eda176f9ba612b069e5e66326ecc54ba\GTP_LUT6D.
Deleting now unused module $paramod$2fd717183e4fe70bb846e0fe1042a449f29c7496\GTP_LUT6D.
Deleting now unused module $paramod$a6de089f080598be21baca8a1b64257ee2edc06a\GTP_LUT6D.
<suppressed ~2795 debug messages>

5. Executing TECHMAP pass (map to technology primitives).

5.1. Executing Verilog-2005 frontend: /Users/yoyowang/Desktop/yosysDualOutputLUT/share/techmap.v
Parsing Verilog input from `/Users/yoyowang/Desktop/yosysDualOutputLUT/share/techmap.v' to AST representation.
verilog frontend filename /Users/yoyowang/Desktop/yosysDualOutputLUT/share/techmap.v
Generating RTLIL representation for module `\_90_simplemap_bool_ops'.
Generating RTLIL representation for module `\_90_simplemap_reduce_ops'.
Generating RTLIL representation for module `\_90_simplemap_logic_ops'.
Generating RTLIL representation for module `\_90_simplemap_compare_ops'.
Generating RTLIL representation for module `\_90_simplemap_various'.
Generating RTLIL representation for module `\_90_simplemap_registers'.
Generating RTLIL representation for module `\_90_shift_ops_shr_shl_sshl_sshr'.
Generating RTLIL representation for module `\_90_shift_shiftx'.
Generating RTLIL representation for module `\_90_fa'.
Generating RTLIL representation for module `\_90_lcu_brent_kung'.
Generating RTLIL representation for module `\_90_alu'.
Generating RTLIL representation for module `\_90_macc'.
Generating RTLIL representation for module `\_90_alumacc'.
Generating RTLIL representation for module `\$__div_mod_u'.
Generating RTLIL representation for module `\$__div_mod_trunc'.
Generating RTLIL representation for module `\_90_div'.
Generating RTLIL representation for module `\_90_mod'.
Generating RTLIL representation for module `\$__div_mod_floor'.
Generating RTLIL representation for module `\_90_divfloor'.
Generating RTLIL representation for module `\_90_modfloor'.
Generating RTLIL representation for module `\_90_pow'.
Generating RTLIL representation for module `\_90_pmux'.
Generating RTLIL representation for module `\_90_demux'.
Generating RTLIL representation for module `\_90_lut'.
Generating RTLIL representation for module `\$connect'.
Generating RTLIL representation for module `\$input_port'.
Successfully finished Verilog frontend.

5.2. Continuing TECHMAP pass.
Using extmapper simplemap for cells of type $mux.
Using extmapper simplemap for cells of type $lut.
No more expansions possible.
<suppressed ~11660 debug messages>

6. Executing OPT pass (performing simple optimizations).

6.1. Executing OPT_EXPR pass (perform const folding).
Optimizing module /Users/yoyowang/Desktop/benchmark/square.aig.
Couldn't topologically sort cells, optimizing module /Users/yoyowang/Desktop/benchmark/square.aig may take a longer time.
<suppressed ~88077 debug messages>

6.2. Executing OPT_MERGE pass (detect identical cells).
Finding identical cells in module `\/Users/yoyowang/Desktop/benchmark/square.aig'.
<suppressed ~87051 debug messages>
Removed a total of 29017 cells.

6.3. Executing OPT_MUXTREE pass (detect dead branches in mux trees).
Running muxtree optimizer on module \/Users/yoyowang/Desktop/benchmark/square.aig..
  Creating internal representation of mux trees.
  No muxes found in this module.
Removed 0 multiplexer ports.

6.4. Executing OPT_REDUCE pass (consolidate $*mux and $reduce_* inputs).
  Optimizing cells in module \/Users/yoyowang/Desktop/benchmark/square.aig.
Performed a total of 0 changes.

6.5. Executing OPT_MERGE pass (detect identical cells).
Finding identical cells in module `\/Users/yoyowang/Desktop/benchmark/square.aig'.
Removed a total of 0 cells.

6.6. Executing OPT_DFF pass (perform DFF optimizations).

6.7. Executing OPT_CLEAN pass (remove unused cells and wires).
Finding unused cells or wires in module \/Users/yoyowang/Desktop/benchmark/square.aig..
Removed 0 unused cells and 17173 unused wires.
<suppressed ~1 debug messages>

6.8. Executing OPT_EXPR pass (perform const folding).
Optimizing module /Users/yoyowang/Desktop/benchmark/square.aig.
<suppressed ~1891 debug messages>

6.9. Rerunning OPT passes. (Maybe there is more to do..)

6.10. Executing OPT_MUXTREE pass (detect dead branches in mux trees).
Running muxtree optimizer on module \/Users/yoyowang/Desktop/benchmark/square.aig..
  Creating internal representation of mux trees.
  No muxes found in this module.
Removed 0 multiplexer ports.

6.11. Executing OPT_REDUCE pass (consolidate $*mux and $reduce_* inputs).
  Optimizing cells in module \/Users/yoyowang/Desktop/benchmark/square.aig.
Performed a total of 0 changes.

6.12. Executing OPT_MERGE pass (detect identical cells).
Finding identical cells in module `\/Users/yoyowang/Desktop/benchmark/square.aig'.
<suppressed ~1152 debug messages>
Removed a total of 384 cells.

6.13. Executing OPT_DFF pass (perform DFF optimizations).

6.14. Executing OPT_CLEAN pass (remove unused cells and wires).
Finding unused cells or wires in module \/Users/yoyowang/Desktop/benchmark/square.aig..
Removed 0 unused cells and 25 unused wires.
<suppressed ~1 debug messages>

6.15. Executing OPT_EXPR pass (perform const folding).
Optimizing module /Users/yoyowang/Desktop/benchmark/square.aig.

6.16. Rerunning OPT passes. (Maybe there is more to do..)

6.17. Executing OPT_MUXTREE pass (detect dead branches in mux trees).
Running muxtree optimizer on module \/Users/yoyowang/Desktop/benchmark/square.aig..
  Creating internal representation of mux trees.
  No muxes found in this module.
Removed 0 multiplexer ports.

6.18. Executing OPT_REDUCE pass (consolidate $*mux and $reduce_* inputs).
  Optimizing cells in module \/Users/yoyowang/Desktop/benchmark/square.aig.
Performed a total of 0 changes.

6.19. Executing OPT_MERGE pass (detect identical cells).
Finding identical cells in module `\/Users/yoyowang/Desktop/benchmark/square.aig'.
Removed a total of 0 cells.

6.20. Executing OPT_DFF pass (perform DFF optimizations).

6.21. Executing OPT_CLEAN pass (remove unused cells and wires).
Finding unused cells or wires in module \/Users/yoyowang/Desktop/benchmark/square.aig..

6.22. Executing OPT_EXPR pass (perform const folding).
Optimizing module /Users/yoyowang/Desktop/benchmark/square.aig.

6.23. Finished fast OPT passes. (There is nothing left to do.)

7. Executing AIGMAP pass (map logic to AIG).
Module /Users/yoyowang/Desktop/benchmark/square.aig: replaced 20367 cells with 142569 new cells, skipped 4246 cells.
  replaced 1 cell types:
   20367 $_MUX_
  not replaced 2 cell types:
    1451 $_NOT_
    2795 $scopeinfo

8. Executing AIGER backend.
Warning: Treating undriven bit /Users/yoyowang/Desktop/benchmark/square.aig.\a[0] like $anyseq.
Warning: Treating undriven bit /Users/yoyowang/Desktop/benchmark/square.aig.\a[1] like $anyseq.
Warning: Treating undriven bit /Users/yoyowang/Desktop/benchmark/square.aig.\a[2] like $anyseq.
Warning: Treating undriven bit /Users/yoyowang/Desktop/benchmark/square.aig.\a[3] like $anyseq.
Warning: Treating undriven bit /Users/yoyowang/Desktop/benchmark/square.aig.\a[4] like $anyseq.
Warning: Treating undriven bit /Users/yoyowang/Desktop/benchmark/square.aig.\a[5] like $anyseq.
Warning: Treating undriven bit /Users/yoyowang/Desktop/benchmark/square.aig.\a[6] like $anyseq.
Warning: Treating undriven bit /Users/yoyowang/Desktop/benchmark/square.aig.\a[7] like $anyseq.
Warning: Treating undriven bit /Users/yoyowang/Desktop/benchmark/square.aig.\a[8] like $anyseq.
Warning: Treating undriven bit /Users/yoyowang/Desktop/benchmark/square.aig.\a[9] like $anyseq.
Warning: Treating undriven bit /Users/yoyowang/Desktop/benchmark/square.aig.\a[10] like $anyseq.
Warning: Treating undriven bit /Users/yoyowang/Desktop/benchmark/square.aig.\a[11] like $anyseq.
Warning: Treating undriven bit /Users/yoyowang/Desktop/benchmark/square.aig.\a[12] like $anyseq.
Warning: Treating undriven bit /Users/yoyowang/Desktop/benchmark/square.aig.\a[13] like $anyseq.
Warning: Treating undriven bit /Users/yoyowang/Desktop/benchmark/square.aig.\a[14] like $anyseq.
Warning: Treating undriven bit /Users/yoyowang/Desktop/benchmark/square.aig.\a[15] like $anyseq.
Warning: Treating undriven bit /Users/yoyowang/Desktop/benchmark/square.aig.\a[16] like $anyseq.
Warning: Treating undriven bit /Users/yoyowang/Desktop/benchmark/square.aig.\a[17] like $anyseq.
Warning: Treating undriven bit /Users/yoyowang/Desktop/benchmark/square.aig.\a[18] like $anyseq.
Warning: Treating undriven bit /Users/yoyowang/Desktop/benchmark/square.aig.\a[19] like $anyseq.
Warning: Treating undriven bit /Users/yoyowang/Desktop/benchmark/square.aig.\a[20] like $anyseq.
Warning: Treating undriven bit /Users/yoyowang/Desktop/benchmark/square.aig.\a[21] like $anyseq.
Warning: Treating undriven bit /Users/yoyowang/Desktop/benchmark/square.aig.\a[22] like $anyseq.
Warning: Treating undriven bit /Users/yoyowang/Desktop/benchmark/square.aig.\a[23] like $anyseq.
Warning: Treating undriven bit /Users/yoyowang/Desktop/benchmark/square.aig.\a[24] like $anyseq.
Warning: Treating undriven bit /Users/yoyowang/Desktop/benchmark/square.aig.\a[25] like $anyseq.
Warning: Treating undriven bit /Users/yoyowang/Desktop/benchmark/square.aig.\a[26] like $anyseq.
Warning: Treating undriven bit /Users/yoyowang/Desktop/benchmark/square.aig.\a[27] like $anyseq.
Warning: Treating undriven bit /Users/yoyowang/Desktop/benchmark/square.aig.\a[28] like $anyseq.
Warning: Treating undriven bit /Users/yoyowang/Desktop/benchmark/square.aig.\a[29] like $anyseq.
Warning: Treating undriven bit /Users/yoyowang/Desktop/benchmark/square.aig.\a[30] like $anyseq.
Warning: Treating undriven bit /Users/yoyowang/Desktop/benchmark/square.aig.\a[31] like $anyseq.
Warning: Treating undriven bit /Users/yoyowang/Desktop/benchmark/square.aig.\a[32] like $anyseq.
Warning: Treating undriven bit /Users/yoyowang/Desktop/benchmark/square.aig.\a[33] like $anyseq.
Warning: Treating undriven bit /Users/yoyowang/Desktop/benchmark/square.aig.\a[34] like $anyseq.
Warning: Treating undriven bit /Users/yoyowang/Desktop/benchmark/square.aig.\a[35] like $anyseq.
Warning: Treating undriven bit /Users/yoyowang/Desktop/benchmark/square.aig.\a[36] like $anyseq.
Warning: Treating undriven bit /Users/yoyowang/Desktop/benchmark/square.aig.\a[37] like $anyseq.
Warning: Treating undriven bit /Users/yoyowang/Desktop/benchmark/square.aig.\a[38] like $anyseq.
Warning: Treating undriven bit /Users/yoyowang/Desktop/benchmark/square.aig.\a[39] like $anyseq.
Warning: Treating undriven bit /Users/yoyowang/Desktop/benchmark/square.aig.\a[40] like $anyseq.
Warning: Treating undriven bit /Users/yoyowang/Desktop/benchmark/square.aig.\a[41] like $anyseq.
Warning: Treating undriven bit /Users/yoyowang/Desktop/benchmark/square.aig.\a[42] like $anyseq.
Warning: Treating undriven bit /Users/yoyowang/Desktop/benchmark/square.aig.\a[43] like $anyseq.
Warning: Treating undriven bit /Users/yoyowang/Desktop/benchmark/square.aig.\a[44] like $anyseq.
Warning: Treating undriven bit /Users/yoyowang/Desktop/benchmark/square.aig.\a[45] like $anyseq.
Warning: Treating undriven bit /Users/yoyowang/Desktop/benchmark/square.aig.\a[46] like $anyseq.
Warning: Treating undriven bit /Users/yoyowang/Desktop/benchmark/square.aig.\a[47] like $anyseq.
Warning: Treating undriven bit /Users/yoyowang/Desktop/benchmark/square.aig.\a[48] like $anyseq.
Warning: Treating undriven bit /Users/yoyowang/Desktop/benchmark/square.aig.\a[49] like $anyseq.
Warning: Treating undriven bit /Users/yoyowang/Desktop/benchmark/square.aig.\a[50] like $anyseq.
Warning: Treating undriven bit /Users/yoyowang/Desktop/benchmark/square.aig.\a[51] like $anyseq.
Warning: Treating undriven bit /Users/yoyowang/Desktop/benchmark/square.aig.\a[52] like $anyseq.
Warning: Treating undriven bit /Users/yoyowang/Desktop/benchmark/square.aig.\a[53] like $anyseq.
Warning: Treating undriven bit /Users/yoyowang/Desktop/benchmark/square.aig.\a[54] like $anyseq.
Warning: Treating undriven bit /Users/yoyowang/Desktop/benchmark/square.aig.\a[55] like $anyseq.
Warning: Treating undriven bit /Users/yoyowang/Desktop/benchmark/square.aig.\a[56] like $anyseq.
Warning: Treating undriven bit /Users/yoyowang/Desktop/benchmark/square.aig.\a[57] like $anyseq.
Warning: Treating undriven bit /Users/yoyowang/Desktop/benchmark/square.aig.\a[58] like $anyseq.
Warning: Treating undriven bit /Users/yoyowang/Desktop/benchmark/square.aig.\a[59] like $anyseq.
Warning: Treating undriven bit /Users/yoyowang/Desktop/benchmark/square.aig.\a[60] like $anyseq.
Warning: Treating undriven bit /Users/yoyowang/Desktop/benchmark/square.aig.\a[61] like $anyseq.
Warning: Treating undriven bit /Users/yoyowang/Desktop/benchmark/square.aig.\a[62] like $anyseq.
Warning: Treating undriven bit /Users/yoyowang/Desktop/benchmark/square.aig.\a[63] like $anyseq.
Warning: Treating a total of 64 undriven bits in /Users/yoyowang/Desktop/benchmark/square.aig like $anyseq.

Warnings: 65 unique messages, 65 total
End of script. Logfile hash: 127695a693, CPU: user 1.82s system 0.07s, MEM: 394.62 MB peak
Yosys 0.60+64 (git sha1 e3af261e1-dirty, clang++ 17.0.0 -fPIC -O3)
Time spent: 32% 4x opt_expr (0 sec), 20% 3x opt_clean (0 sec), ...
